config,member,step,lead_time_hours,variable,min_value,max_value,n_bad_points,n_total_points,violating_fraction
bred_vector_winter,0,0,0.0,u10m,-35.03399658203125,31.426002502441406,0,1038240,0.0
bred_vector_winter,0,0,0.0,v10m,-33.25571823120117,37.394283294677734,0,1038240,0.0
bred_vector_winter,0,0,0.0,u100m,-44.15428161621094,36.775718688964844,0,1038240,0.0
bred_vector_winter,0,0,0.0,v100m,-40.04812240600586,46.321876525878906,0,1038240,0.0
bred_vector_winter,0,0,0.0,t2m,221.86669921875,313.66668701171875,0,1038240,0.0
bred_vector_winter,0,0,0.0,sp,48610.13671875,106746.140625,0,1038240,0.0
bred_vector_winter,0,0,0.0,msl,96488.5546875,107628.359375,0,1038240,0.0
bred_vector_winter,0,0,0.0,tcwv,0.11696913093328476,74.92176818847656,0,1038240,0.0
bred_vector_winter,0,0,0.0,u50,-29.48366928100586,49.16633224487305,0,1038240,0.0
bred_vector_winter,0,0,0.0,u100,-39.93034744262695,63.729652404785156,0,1038240,0.0
bred_vector_winter,0,0,0.0,u150,-42.99842834472656,82.30157470703125,0,1038240,0.0
bred_vector_winter,0,0,0.0,u200,-30.253942489624023,87.44606018066406,0,1038240,0.0
bred_vector_winter,0,0,0.0,u250,-47.61703109741211,93.58296966552734,0,1038240,0.0
bred_vector_winter,0,0,0.0,u300,-51.88785934448242,88.81214141845703,0,1038240,0.0
bred_vector_winter,0,0,0.0,u400,-48.20042037963867,77.39958190917969,0,1038240,0.0
bred_vector_winter,0,0,0.0,u500,-42.262569427490234,59.397430419921875,0,1038240,0.0
bred_vector_winter,0,0,0.0,u600,-45.362884521484375,48.99711608886719,0,1038240,0.0
bred_vector_winter,0,0,0.0,u700,-49.548072814941406,48.291927337646484,0,1038240,0.0
bred_vector_winter,0,0,0.0,u850,-48.85525894165039,40.014739990234375,0,1038240,0.0
bred_vector_winter,0,0,0.0,u925,-49.38679504394531,38.62320327758789,0,1038240,0.0
bred_vector_winter,0,0,0.0,u1000,-33.993568420410156,29.816431045532227,0,1038240,0.0
bred_vector_winter,0,0,0.0,v50,-46.57731628417969,38.66268539428711,0,1038240,0.0
bred_vector_winter,0,0,0.0,v100,-37.793304443359375,28.136693954467773,0,1038240,0.0
bred_vector_winter,0,0,0.0,v150,-52.11835861206055,46.88164138793945,0,1038240,0.0
bred_vector_winter,0,0,0.0,v200,-68.65480041503906,61.545204162597656,0,1038240,0.0
bred_vector_winter,0,0,0.0,v250,-77.2505111694336,73.8494873046875,0,1038240,0.0
bred_vector_winter,0,0,0.0,v300,-77.50389099121094,74.29610443115234,0,1038240,0.0
bred_vector_winter,0,0,0.0,v400,-62.1110954284668,61.8889045715332,0,1038240,0.0
bred_vector_winter,0,0,0.0,v500,-49.71723937988281,47.142757415771484,0,1038240,0.0
bred_vector_winter,0,0,0.0,v600,-38.08123779296875,42.478763580322266,0,1038240,0.0
bred_vector_winter,0,0,0.0,v700,-37.81047439575195,48.519527435302734,0,1038240,0.0
bred_vector_winter,0,0,0.0,v850,-39.03687286376953,50.31312561035156,0,1038240,0.0
bred_vector_winter,0,0,0.0,v925,-42.48823547363281,52.27176284790039,0,1038240,0.0
bred_vector_winter,0,0,0.0,v1000,-31.4504451751709,35.80955505371094,0,1038240,0.0
bred_vector_winter,0,0,0.0,z50,189526.15625,203482.25,0,1038240,0.0
bred_vector_winter,0,0,0.0,z100,149289.46875,163929.125,0,1038240,0.0
bred_vector_winter,0,0,0.0,z150,124658.2578125,140777.65625,0,1038240,0.0
bred_vector_winter,0,0,0.0,z200,106876.125,122991.2109375,0,1038240,0.0
bred_vector_winter,0,0,0.0,z250,92773.4296875,108166.890625,0,1038240,0.0
bred_vector_winter,0,0,0.0,z300,81074.1171875,95517.1796875,0,1038240,0.0
bred_vector_winter,0,0,0.0,z400,62452.49609375,74919.4375,0,1038240,0.0
bred_vector_winter,0,0,0.0,z500,47772.33984375,58230.9765625,0,1038240,0.0
bred_vector_winter,0,0,0.0,z600,35557.88671875,43972.51171875,0,1038240,0.0
bred_vector_winter,0,0,0.0,z700,24846.048828125,32252.677734375,0,1038240,0.0
bred_vector_winter,0,0,0.0,z850,9988.0244140625,18028.45703125,0,1038240,0.0
bred_vector_winter,0,0,0.0,z925,3345.27783203125,11660.0771484375,0,1038240,0.0
bred_vector_winter,0,0,0.0,z1000,-2842.6943359375,5691.69189453125,0,1038240,0.0
bred_vector_winter,0,0,0.0,t50,191.5208740234375,237.05087280273438,0,1038240,0.0
bred_vector_winter,0,0,0.0,t100,184.2730712890625,233.7730712890625,0,1038240,0.0
bred_vector_winter,0,0,0.0,t150,200.4562530517578,236.71624755859375,0,1038240,0.0
bred_vector_winter,0,0,0.0,t200,200.34913635253906,238.43914794921875,0,1038240,0.0
bred_vector_winter,0,0,0.0,t250,203.25350952148438,239.9835205078125,0,1038240,0.0
bred_vector_winter,0,0,0.0,t300,208.6635284423828,251.7035369873047,0,1038240,0.0
bred_vector_winter,0,0,0.0,t400,217.93939208984375,266.5194091796875,0,1038240,0.0
bred_vector_winter,0,0,0.0,t500,224.60665893554688,273.75665283203125,0,1038240,0.0
bred_vector_winter,0,0,0.0,t600,230.11798095703125,286.8479919433594,0,1038240,0.0
bred_vector_winter,0,0,0.0,t700,236.52935791015625,296.8193664550781,0,1038240,0.0
bred_vector_winter,0,0,0.0,t850,232.56668090820312,307.6766662597656,0,1038240,0.0
bred_vector_winter,0,0,0.0,t925,230.27081298828125,312.3708190917969,0,1038240,0.0
bred_vector_winter,0,0,0.0,t1000,222.4696807861328,316.6796875,0,1038240,0.0
bred_vector_winter,0,0,0.0,q50,1.0959999574566837e-09,2.004712087000371e-06,0,1038240,0.0
bred_vector_winter,0,0,0.0,q100,9.999995276288587e-10,3.658087962321588e-06,0,1038240,0.0
bred_vector_winter,0,0,0.0,q150,1.4511825074947637e-09,2.8038572054356337e-05,0,1038240,0.0
bred_vector_winter,0,0,0.0,q200,2.186980818663642e-09,0.00018025818280875683,0,1038240,0.0
bred_vector_winter,0,0,0.0,q250,9.999991945619513e-10,0.0006431370275095105,0,1038240,0.0
bred_vector_winter,0,0,0.0,q300,9.999979733166242e-10,0.0015253450255841017,0,1038240,0.0
bred_vector_winter,0,0,0.0,q400,1.000000082740371e-09,0.0039212810806930065,0,1038240,0.0
bred_vector_winter,0,0,0.0,q500,1.00000274727563e-09,0.006797696929425001,0,1038240,0.0
bred_vector_winter,0,0,0.0,q600,1.0000069661231237e-09,0.009504768997430801,0,1038240,0.0
bred_vector_winter,0,0,0.0,q700,1.2722093378769728e-09,0.01329376082867384,0,1038240,0.0
bred_vector_winter,0,0,0.0,q850,2.1053311627383664e-07,0.021198930218815804,0,1038240,0.0
bred_vector_winter,0,0,0.0,q925,1.3943050589659833e-06,0.02564811520278454,0,1038240,0.0
bred_vector_winter,0,0,0.0,q1000,2.2144220565678552e-05,0.030377984046936035,0,1038240,0.0
bred_vector_winter,0,1,6.0,u10m,-23.852760314941406,19.116558074951172,0,1038240,0.0
bred_vector_winter,0,1,6.0,v10m,-21.522748947143555,22.114362716674805,0,1038240,0.0
bred_vector_winter,0,1,6.0,u100m,-29.95946502685547,23.509334564208984,0,1038240,0.0
bred_vector_winter,0,1,6.0,v100m,-25.50950050354004,30.304546356201172,0,1038240,0.0
bred_vector_winter,0,1,6.0,t2m,222.45547485351562,319.0262145996094,0,1038240,0.0
bred_vector_winter,0,1,6.0,sp,48698.8359375,106243.8125,0,1038240,0.0
bred_vector_winter,0,1,6.0,msl,96688.0390625,105963.1875,0,1038240,0.0
bred_vector_winter,0,1,6.0,tcwv,-1.9442710876464844,72.76850891113281,26891,1038240,0.025900562490368314
bred_vector_winter,0,1,6.0,u50,-27.227676391601562,48.58617401123047,0,1038240,0.0
bred_vector_winter,0,1,6.0,u100,-33.74956512451172,59.00997543334961,0,1038240,0.0
bred_vector_winter,0,1,6.0,u150,-37.288246154785156,76.7491683959961,0,1038240,0.0
bred_vector_winter,0,1,6.0,u200,-27.9757137298584,84.82457733154297,0,1038240,0.0
bred_vector_winter,0,1,6.0,u250,-33.086483001708984,86.26991271972656,0,1038240,0.0
bred_vector_winter,0,1,6.0,u300,-44.6750373840332,81.60375213623047,0,1038240,0.0
bred_vector_winter,0,1,6.0,u400,-46.899993896484375,67.61332702636719,0,1038240,0.0
bred_vector_winter,0,1,6.0,u500,-41.471832275390625,54.866424560546875,0,1038240,0.0
bred_vector_winter,0,1,6.0,u600,-33.14420700073242,42.988861083984375,0,1038240,0.0
bred_vector_winter,0,1,6.0,u700,-33.27956008911133,36.94197082519531,0,1038240,0.0
bred_vector_winter,0,1,6.0,u850,-35.66191101074219,32.16071701049805,0,1038240,0.0
bred_vector_winter,0,1,6.0,u925,-37.09034729003906,28.5949764251709,0,1038240,0.0
bred_vector_winter,0,1,6.0,u1000,-24.790790557861328,21.461193084716797,0,1038240,0.0
bred_vector_winter,0,1,6.0,v50,-43.79454040527344,32.31233215332031,0,1038240,0.0
bred_vector_winter,0,1,6.0,v100,-28.917734146118164,28.078908920288086,0,1038240,0.0
bred_vector_winter,0,1,6.0,v150,-48.199405670166016,42.48044204711914,0,1038240,0.0
bred_vector_winter,0,1,6.0,v200,-62.099586486816406,63.461368560791016,0,1038240,0.0
bred_vector_winter,0,1,6.0,v250,-68.20677185058594,74.95508575439453,0,1038240,0.0
bred_vector_winter,0,1,6.0,v300,-66.10848236083984,72.19579315185547,0,1038240,0.0
bred_vector_winter,0,1,6.0,v400,-61.42426300048828,60.71519088745117,0,1038240,0.0
bred_vector_winter,0,1,6.0,v500,-47.39190673828125,46.71322250366211,0,1038240,0.0
bred_vector_winter,0,1,6.0,v600,-40.64255905151367,40.10873031616211,0,1038240,0.0
bred_vector_winter,0,1,6.0,v700,-30.102453231811523,41.288726806640625,0,1038240,0.0
bred_vector_winter,0,1,6.0,v850,-29.73394775390625,46.13533020019531,0,1038240,0.0
bred_vector_winter,0,1,6.0,v925,-29.218053817749023,39.13988494873047,0,1038240,0.0
bred_vector_winter,0,1,6.0,v1000,-20.945178985595703,22.954416275024414,0,1038240,0.0
bred_vector_winter,0,1,6.0,z50,189629.9375,203498.578125,0,1038240,0.0
bred_vector_winter,0,1,6.0,z100,149319.984375,163817.953125,0,1038240,0.0
bred_vector_winter,0,1,6.0,z150,124665.3671875,140656.359375,0,1038240,0.0
bred_vector_winter,0,1,6.0,z200,106821.828125,122809.4765625,0,1038240,0.0
bred_vector_winter,0,1,6.0,z250,92675.8984375,107986.2734375,0,1038240,0.0
bred_vector_winter,0,1,6.0,z300,81001.8671875,95382.2578125,0,1038240,0.0
bred_vector_winter,0,1,6.0,z400,62396.6796875,75064.578125,0,1038240,0.0
bred_vector_winter,0,1,6.0,z500,47742.375,58366.7734375,0,1038240,0.0
bred_vector_winter,0,1,6.0,z600,35567.1015625,44105.82421875,0,1038240,0.0
bred_vector_winter,0,1,6.0,z700,24857.490234375,31794.8671875,0,1038240,0.0
bred_vector_winter,0,1,6.0,z850,10136.115234375,17165.8046875,0,1038240,0.0
bred_vector_winter,0,1,6.0,z925,3516.556396484375,10592.9921875,0,1038240,0.0
bred_vector_winter,0,1,6.0,z1000,-2660.88134765625,4487.326171875,0,1038240,0.0
bred_vector_winter,0,1,6.0,t50,192.77088928222656,237.4964599609375,0,1038240,0.0
bred_vector_winter,0,1,6.0,t100,184.708740234375,233.45846557617188,0,1038240,0.0
bred_vector_winter,0,1,6.0,t150,201.344482421875,233.9042510986328,0,1038240,0.0
bred_vector_winter,0,1,6.0,t200,200.91197204589844,236.13694763183594,0,1038240,0.0
bred_vector_winter,0,1,6.0,t250,203.60867309570312,238.8605194091797,0,1038240,0.0
bred_vector_winter,0,1,6.0,t300,209.52255249023438,248.64773559570312,0,1038240,0.0
bred_vector_winter,0,1,6.0,t400,218.37960815429688,262.3763732910156,0,1038240,0.0
bred_vector_winter,0,1,6.0,t500,224.69386291503906,272.43829345703125,0,1038240,0.0
bred_vector_winter,0,1,6.0,t600,230.47923278808594,281.9159851074219,0,1038240,0.0
bred_vector_winter,0,1,6.0,t700,235.63706970214844,290.748291015625,0,1038240,0.0
bred_vector_winter,0,1,6.0,t850,236.1398162841797,306.0839538574219,0,1038240,0.0
bred_vector_winter,0,1,6.0,t925,233.80111694335938,313.99322509765625,0,1038240,0.0
bred_vector_winter,0,1,6.0,t1000,226.11094665527344,319.4554138183594,0,1038240,0.0
bred_vector_winter,0,1,6.0,q50,3.988475327787455e-08,2.022809894697275e-06,0,1038240,0.0
bred_vector_winter,0,1,6.0,q100,9.057498573383782e-08,3.565003453331883e-06,0,1038240,0.0
bred_vector_winter,0,1,6.0,q150,-6.13154043094255e-07,2.5184577680192888e-05,53,1038240,5.1047927261519495e-05
bred_vector_winter,0,1,6.0,q200,-2.4814216885715723e-06,0.00015944420010782778,1931,1038240,0.0018598782555093235
bred_vector_winter,0,1,6.0,q250,-3.7117897591087967e-06,0.0005295561859384179,1305,1038240,0.0012569348127600556
bred_vector_winter,0,1,6.0,q300,-7.688504410907626e-06,0.0012539266608655453,75,1038240,7.223763291724457e-05
bred_vector_winter,0,1,6.0,q400,-6.19149359408766e-05,0.0034428751096129417,798,1038240,0.0007686084142394822
bred_vector_winter,0,1,6.0,q500,-0.00012777198571711779,0.006304583046585321,598,1038240,0.0005759747264601633
bred_vector_winter,0,1,6.0,q600,-0.0006275222403928638,0.008759436197578907,1414,1038240,0.0013619201725997843
bred_vector_winter,0,1,6.0,q700,-0.00038642226718366146,0.011748388409614563,899,1038240,0.0008658884265680383
bred_vector_winter,0,1,6.0,q850,-0.0003132931888103485,0.016577716916799545,1497,1038240,0.0014418631530282015
bred_vector_winter,0,1,6.0,q925,-0.0006272862665355206,0.018611086532473564,1004,1038240,0.0009670211126521806
bred_vector_winter,0,1,6.0,q1000,-0.000716768205165863,0.021747589111328125,1039,1038240,0.0010007320080135614
bred_vector_winter,0,2,12.0,u10m,-21.267702102661133,19.118019104003906,0,1038240,0.0
bred_vector_winter,0,2,12.0,v10m,-18.321605682373047,19.780742645263672,0,1038240,0.0
bred_vector_winter,0,2,12.0,u100m,-27.494564056396484,23.65203094482422,0,1038240,0.0
bred_vector_winter,0,2,12.0,v100m,-22.213897705078125,25.8089599609375,0,1038240,0.0
bred_vector_winter,0,2,12.0,t2m,221.62704467773438,314.06298828125,0,1038240,0.0
bred_vector_winter,0,2,12.0,sp,48493.546875,105525.765625,0,1038240,0.0
bred_vector_winter,0,2,12.0,msl,96674.65625,105423.7734375,0,1038240,0.0
bred_vector_winter,0,2,12.0,tcwv,-2.3955917358398438,72.17984008789062,32845,1038240,0.031635267375558634
bred_vector_winter,0,2,12.0,u50,-26.103836059570312,47.8194580078125,0,1038240,0.0
bred_vector_winter,0,2,12.0,u100,-36.103580474853516,53.549537658691406,0,1038240,0.0
bred_vector_winter,0,2,12.0,u150,-36.07368469238281,71.49468231201172,0,1038240,0.0
bred_vector_winter,0,2,12.0,u200,-26.02122688293457,81.95902252197266,0,1038240,0.0
bred_vector_winter,0,2,12.0,u250,-32.848243713378906,90.18379211425781,0,1038240,0.0
bred_vector_winter,0,2,12.0,u300,-44.38100814819336,82.98511505126953,0,1038240,0.0
bred_vector_winter,0,2,12.0,u400,-47.708160400390625,66.61668395996094,0,1038240,0.0
bred_vector_winter,0,2,12.0,u500,-39.803897857666016,53.1121826171875,0,1038240,0.0
bred_vector_winter,0,2,12.0,u600,-31.73780632019043,43.184391021728516,0,1038240,0.0
bred_vector_winter,0,2,12.0,u700,-30.2510986328125,38.688167572021484,0,1038240,0.0
bred_vector_winter,0,2,12.0,u850,-31.084928512573242,32.55653762817383,0,1038240,0.0
bred_vector_winter,0,2,12.0,u925,-32.506256103515625,28.71786880493164,0,1038240,0.0
bred_vector_winter,0,2,12.0,u1000,-21.588918685913086,23.53866195678711,0,1038240,0.0
bred_vector_winter,0,2,12.0,v50,-42.520103454589844,31.149927139282227,0,1038240,0.0
bred_vector_winter,0,2,12.0,v100,-28.8044376373291,27.45166778564453,0,1038240,0.0
bred_vector_winter,0,2,12.0,v150,-42.75851821899414,43.634185791015625,0,1038240,0.0
bred_vector_winter,0,2,12.0,v200,-51.68790054321289,61.86993408203125,0,1038240,0.0
bred_vector_winter,0,2,12.0,v250,-57.200111389160156,75.5230712890625,0,1038240,0.0
bred_vector_winter,0,2,12.0,v300,-58.48027801513672,75.23582458496094,0,1038240,0.0
bred_vector_winter,0,2,12.0,v400,-60.912086486816406,59.80101013183594,0,1038240,0.0
bred_vector_winter,0,2,12.0,v500,-49.57483673095703,49.35196304321289,0,1038240,0.0
bred_vector_winter,0,2,12.0,v600,-37.03913497924805,42.78759765625,0,1038240,0.0
bred_vector_winter,0,2,12.0,v700,-31.34574317932129,40.49557113647461,0,1038240,0.0
bred_vector_winter,0,2,12.0,v850,-25.806663513183594,40.83869552612305,0,1038240,0.0
bred_vector_winter,0,2,12.0,v925,-29.6118106842041,34.79921340942383,0,1038240,0.0
bred_vector_winter,0,2,12.0,v1000,-21.561899185180664,20.45310401916504,0,1038240,0.0
bred_vector_winter,0,2,12.0,z50,189761.4375,203595.703125,0,1038240,0.0
bred_vector_winter,0,2,12.0,z100,149241.515625,163923.859375,0,1038240,0.0
bred_vector_winter,0,2,12.0,z150,124602.6953125,140790.15625,0,1038240,0.0
bred_vector_winter,0,2,12.0,z200,106804.921875,122884.4453125,0,1038240,0.0
bred_vector_winter,0,2,12.0,z250,92641.671875,108089.9609375,0,1038240,0.0
bred_vector_winter,0,2,12.0,z300,81016.921875,95412.46875,0,1038240,0.0
bred_vector_winter,0,2,12.0,z400,62449.4765625,75043.609375,0,1038240,0.0
bred_vector_winter,0,2,12.0,z500,47812.0703125,58330.34375,0,1038240,0.0
bred_vector_winter,0,2,12.0,z600,35637.3046875,44071.9609375,0,1038240,0.0
bred_vector_winter,0,2,12.0,z700,24938.267578125,31632.611328125,0,1038240,0.0
bred_vector_winter,0,2,12.0,z850,10121.6640625,16359.537109375,0,1038240,0.0
bred_vector_winter,0,2,12.0,z925,3498.681884765625,9745.1796875,0,1038240,0.0
bred_vector_winter,0,2,12.0,z1000,-2664.4287109375,3684.91748046875,0,1038240,0.0
bred_vector_winter,0,2,12.0,t50,192.86856079101562,237.61441040039062,0,1038240,0.0
bred_vector_winter,0,2,12.0,t100,184.37127685546875,233.507080078125,0,1038240,0.0
bred_vector_winter,0,2,12.0,t150,202.10223388671875,233.865966796875,0,1038240,0.0
bred_vector_winter,0,2,12.0,t200,201.4027099609375,235.4676971435547,0,1038240,0.0
bred_vector_winter,0,2,12.0,t250,203.854736328125,238.2325897216797,0,1038240,0.0
bred_vector_winter,0,2,12.0,t300,209.84762573242188,247.88497924804688,0,1038240,0.0
bred_vector_winter,0,2,12.0,t400,218.8491973876953,261.7682800292969,0,1038240,0.0
bred_vector_winter,0,2,12.0,t500,224.7446746826172,272.5996398925781,0,1038240,0.0
bred_vector_winter,0,2,12.0,t600,230.70057678222656,281.13916015625,0,1038240,0.0
bred_vector_winter,0,2,12.0,t700,234.8589324951172,289.6352844238281,0,1038240,0.0
bred_vector_winter,0,2,12.0,t850,237.1673583984375,305.9818115234375,0,1038240,0.0
bred_vector_winter,0,2,12.0,t925,233.55039978027344,313.354736328125,0,1038240,0.0
bred_vector_winter,0,2,12.0,t1000,226.58432006835938,318.40728759765625,0,1038240,0.0
bred_vector_winter,0,2,12.0,q50,8.703591447556391e-08,2.0418651729414705e-06,0,1038240,0.0
bred_vector_winter,0,2,12.0,q100,1.8681703295442276e-07,3.499725835354184e-06,0,1038240,0.0
bred_vector_winter,0,2,12.0,q150,-6.690265763609204e-07,2.2665466531179845e-05,145,1038240,0.00013965942364000617
bred_vector_winter,0,2,12.0,q200,-2.2977092157816514e-06,0.00014591158833354712,2712,1038240,0.0026121128062875634
bred_vector_winter,0,2,12.0,q250,-4.255238309269771e-06,0.00048839021474123,1806,1038240,0.0017394822006472491
bred_vector_winter,0,2,12.0,q300,-3.3930264180526137e-06,0.0011215816484764218,26,1038240,2.504237941131145e-05
bred_vector_winter,0,2,12.0,q400,-2.155161928385496e-05,0.0032230112701654434,433,1038240,0.0004170519340422253
bred_vector_winter,0,2,12.0,q500,-8.259201422333717e-05,0.0061615584418177605,291,1038240,0.00028028201571890895
bred_vector_winter,0,2,12.0,q600,-0.00012127112131565809,0.008698061108589172,792,1038240,0.0007628294036061027
bred_vector_winter,0,2,12.0,q700,-0.00021044700406491756,0.011683173477649689,256,1038240,0.00024657112035752815
bred_vector_winter,0,2,12.0,q850,-0.0005121398717164993,0.016522372141480446,4421,1038240,0.0042581676683618435
bred_vector_winter,0,2,12.0,q925,-0.0007242104038596153,0.01843484677374363,4496,1038240,0.0043304053012790875
bred_vector_winter,0,2,12.0,q1000,-0.0008334568701684475,0.02193620428442955,5859,1038240,0.005643203883495145
bred_vector_winter,0,3,18.0,u10m,-21.195430755615234,19.03226089477539,0,1038240,0.0
bred_vector_winter,0,3,18.0,v10m,-18.602153778076172,18.741647720336914,0,1038240,0.0
bred_vector_winter,0,3,18.0,u100m,-26.76531982421875,23.978870391845703,0,1038240,0.0
bred_vector_winter,0,3,18.0,v100m,-23.09614372253418,24.480226516723633,0,1038240,0.0
bred_vector_winter,0,3,18.0,t2m,220.34378051757812,314.4422912597656,0,1038240,0.0
bred_vector_winter,0,3,18.0,sp,48478.91796875,105117.8671875,0,1038240,0.0
bred_vector_winter,0,3,18.0,msl,96688.4453125,105474.453125,0,1038240,0.0
bred_vector_winter,0,3,18.0,tcwv,-2.7356605529785156,72.54933166503906,29283,1038240,0.02820446139620897
bred_vector_winter,0,3,18.0,u50,-27.278423309326172,47.16661071777344,0,1038240,0.0
bred_vector_winter,0,3,18.0,u100,-35.31316375732422,50.63205337524414,0,1038240,0.0
bred_vector_winter,0,3,18.0,u150,-35.76160430908203,72.85044860839844,0,1038240,0.0
bred_vector_winter,0,3,18.0,u200,-24.375173568725586,80.0384292602539,0,1038240,0.0
bred_vector_winter,0,3,18.0,u250,-32.06328201293945,89.65609741210938,0,1038240,0.0
bred_vector_winter,0,3,18.0,u300,-42.79695510864258,81.74185943603516,0,1038240,0.0
bred_vector_winter,0,3,18.0,u400,-42.53697204589844,64.2118148803711,0,1038240,0.0
bred_vector_winter,0,3,18.0,u500,-37.429237365722656,51.05491638183594,0,1038240,0.0
bred_vector_winter,0,3,18.0,u600,-30.366804122924805,43.049137115478516,0,1038240,0.0
bred_vector_winter,0,3,18.0,u700,-28.44788360595703,39.441566467285156,0,1038240,0.0
bred_vector_winter,0,3,18.0,u850,-31.95716667175293,35.794403076171875,0,1038240,0.0
bred_vector_winter,0,3,18.0,u925,-34.1353759765625,32.91889190673828,0,1038240,0.0
bred_vector_winter,0,3,18.0,u1000,-22.49030876159668,23.05318260192871,0,1038240,0.0
bred_vector_winter,0,3,18.0,v50,-40.678802490234375,32.89352035522461,0,1038240,0.0
bred_vector_winter,0,3,18.0,v100,-26.362457275390625,26.394559860229492,0,1038240,0.0
bred_vector_winter,0,3,18.0,v150,-31.745023727416992,47.23625183105469,0,1038240,0.0
bred_vector_winter,0,3,18.0,v200,-44.32674026489258,66.66439819335938,0,1038240,0.0
bred_vector_winter,0,3,18.0,v250,-59.50360107421875,81.03290557861328,0,1038240,0.0
bred_vector_winter,0,3,18.0,v300,-59.303855895996094,82.02484893798828,0,1038240,0.0
bred_vector_winter,0,3,18.0,v400,-58.41210174560547,62.321964263916016,0,1038240,0.0
bred_vector_winter,0,3,18.0,v500,-47.267425537109375,50.99409866333008,0,1038240,0.0
bred_vector_winter,0,3,18.0,v600,-36.73698043823242,41.941627502441406,0,1038240,0.0
bred_vector_winter,0,3,18.0,v700,-31.462108612060547,40.0545768737793,0,1038240,0.0
bred_vector_winter,0,3,18.0,v850,-28.63052749633789,37.411949157714844,0,1038240,0.0
bred_vector_winter,0,3,18.0,v925,-30.939157485961914,34.989315032958984,0,1038240,0.0
bred_vector_winter,0,3,18.0,v1000,-23.191205978393555,21.19246482849121,0,1038240,0.0
bred_vector_winter,0,3,18.0,z50,189894.96875,203677.53125,0,1038240,0.0
bred_vector_winter,0,3,18.0,z100,149137.09375,163482.015625,0,1038240,0.0
bred_vector_winter,0,3,18.0,z150,124464.1484375,140413.4375,0,1038240,0.0
bred_vector_winter,0,3,18.0,z200,106669.9140625,122542.140625,0,1038240,0.0
bred_vector_winter,0,3,18.0,z250,92593.5,107800.546875,0,1038240,0.0
bred_vector_winter,0,3,18.0,z300,80976.6640625,95525.4375,0,1038240,0.0
bred_vector_winter,0,3,18.0,z400,62440.65234375,75146.03125,0,1038240,0.0
bred_vector_winter,0,3,18.0,z500,47828.30859375,58428.98828125,0,1038240,0.0
bred_vector_winter,0,3,18.0,z600,35676.4765625,44173.1015625,0,1038240,0.0
bred_vector_winter,0,3,18.0,z700,25030.58984375,31722.09765625,0,1038240,0.0
bred_vector_winter,0,3,18.0,z850,10129.7841796875,16203.630859375,0,1038240,0.0
bred_vector_winter,0,3,18.0,z925,3516.043212890625,9556.6533203125,0,1038240,0.0
bred_vector_winter,0,3,18.0,z1000,-2642.0048828125,3740.33203125,0,1038240,0.0
bred_vector_winter,0,3,18.0,t50,193.35491943359375,237.81936645507812,0,1038240,0.0
bred_vector_winter,0,3,18.0,t100,184.33042907714844,233.708251953125,0,1038240,0.0
bred_vector_winter,0,3,18.0,t150,201.78189086914062,234.12161254882812,0,1038240,0.0
bred_vector_winter,0,3,18.0,t200,202.20895385742188,235.06649780273438,0,1038240,0.0
bred_vector_winter,0,3,18.0,t250,204.08694458007812,237.4456787109375,0,1038240,0.0
bred_vector_winter,0,3,18.0,t300,210.1226806640625,247.19439697265625,0,1038240,0.0
bred_vector_winter,0,3,18.0,t400,218.87509155273438,261.436767578125,0,1038240,0.0
bred_vector_winter,0,3,18.0,t500,224.49717712402344,272.37469482421875,0,1038240,0.0
bred_vector_winter,0,3,18.0,t600,229.85972595214844,287.1890869140625,0,1038240,0.0
bred_vector_winter,0,3,18.0,t700,234.64651489257812,293.5804138183594,0,1038240,0.0
bred_vector_winter,0,3,18.0,t850,236.41014099121094,304.3157043457031,0,1038240,0.0
bred_vector_winter,0,3,18.0,t925,233.98199462890625,310.1758728027344,0,1038240,0.0
bred_vector_winter,0,3,18.0,t1000,227.46597290039062,314.3777160644531,0,1038240,0.0
bred_vector_winter,0,3,18.0,q50,1.3113640306983143e-07,2.0610464162018616e-06,0,1038240,0.0
bred_vector_winter,0,3,18.0,q100,2.7943679015152156e-07,3.4081399462593254e-06,0,1038240,0.0
bred_vector_winter,0,3,18.0,q150,-9.008031156554352e-07,2.142152879969217e-05,158,1038240,0.00015218061334566188
bred_vector_winter,0,3,18.0,q200,-2.741355274338275e-06,0.00013675916125066578,3658,1038240,0.0035232701494837416
bred_vector_winter,0,3,18.0,q250,-3.664234100142494e-06,0.0004561245150398463,1910,1038240,0.001839651718292495
bred_vector_winter,0,3,18.0,q300,-4.697081749327481e-06,0.0010664497967809439,154,1038240,0.00014832793959007552
bred_vector_winter,0,3,18.0,q400,-1.6772770322859287e-05,0.0032831740099936724,1104,1038240,0.00106333795654184
bred_vector_winter,0,3,18.0,q500,-4.258815897628665e-05,0.0061637116596102715,578,1038240,0.0005567113576822315
bred_vector_winter,0,3,18.0,q600,-0.00011112680658698082,0.009129529818892479,1289,1038240,0.00124152411773771
bred_vector_winter,0,3,18.0,q700,-0.00010262429714202881,0.011900870129466057,1007,1038240,0.0009699106179688703
bred_vector_winter,0,3,18.0,q850,-0.0005876780487596989,0.016417987644672394,7916,1038240,0.00762444136230544
bred_vector_winter,0,3,18.0,q925,-0.000684340950101614,0.018996914848685265,9098,1038240,0.008762906457081214
bred_vector_winter,0,3,18.0,q1000,-0.0007400880567729473,0.020999154075980186,13291,1038240,0.012801471721374634
bred_vector_winter,0,4,24.0,u10m,-20.17823600769043,21.604257583618164,0,1038240,0.0
bred_vector_winter,0,4,24.0,v10m,-19.062889099121094,18.716249465942383,0,1038240,0.0
bred_vector_winter,0,4,24.0,u100m,-26.25585174560547,27.074565887451172,0,1038240,0.0
bred_vector_winter,0,4,24.0,v100m,-23.962217330932617,24.325475692749023,0,1038240,0.0
bred_vector_winter,0,4,24.0,t2m,219.14279174804688,311.131103515625,0,1038240,0.0
bred_vector_winter,0,4,24.0,sp,48298.18359375,105096.875,0,1038240,0.0
bred_vector_winter,0,4,24.0,msl,96758.71875,105534.390625,0,1038240,0.0
bred_vector_winter,0,4,24.0,tcwv,-2.8370494842529297,72.77071380615234,29772,1038240,0.028675450762829402
bred_vector_winter,0,4,24.0,u50,-28.77325439453125,46.75778579711914,0,1038240,0.0
bred_vector_winter,0,4,24.0,u100,-35.38507080078125,50.60850524902344,0,1038240,0.0
bred_vector_winter,0,4,24.0,u150,-33.07665252685547,71.56826782226562,0,1038240,0.0
bred_vector_winter,0,4,24.0,u200,-24.391408920288086,78.16463470458984,0,1038240,0.0
bred_vector_winter,0,4,24.0,u250,-33.78158187866211,87.7469482421875,0,1038240,0.0
bred_vector_winter,0,4,24.0,u300,-43.628257751464844,87.28044128417969,0,1038240,0.0
bred_vector_winter,0,4,24.0,u400,-42.06584930419922,70.03518676757812,0,1038240,0.0
bred_vector_winter,0,4,24.0,u500,-35.31642150878906,58.75393295288086,0,1038240,0.0
bred_vector_winter,0,4,24.0,u600,-28.944284439086914,48.676212310791016,0,1038240,0.0
bred_vector_winter,0,4,24.0,u700,-27.819530487060547,44.28925704956055,0,1038240,0.0
bred_vector_winter,0,4,24.0,u850,-33.05409240722656,36.09583282470703,0,1038240,0.0
bred_vector_winter,0,4,24.0,u925,-33.42047882080078,33.81037521362305,0,1038240,0.0
bred_vector_winter,0,4,24.0,u1000,-22.79403305053711,21.417896270751953,0,1038240,0.0
bred_vector_winter,0,4,24.0,v50,-40.27816390991211,34.50886917114258,0,1038240,0.0
bred_vector_winter,0,4,24.0,v100,-24.3576602935791,28.475961685180664,0,1038240,0.0
bred_vector_winter,0,4,24.0,v150,-30.677204132080078,47.02785873413086,0,1038240,0.0
bred_vector_winter,0,4,24.0,v200,-45.97332000732422,68.17738342285156,0,1038240,0.0
bred_vector_winter,0,4,24.0,v250,-62.863563537597656,84.45536804199219,0,1038240,0.0
bred_vector_winter,0,4,24.0,v300,-66.84553527832031,85.17308044433594,0,1038240,0.0
bred_vector_winter,0,4,24.0,v400,-63.519203186035156,70.62444305419922,0,1038240,0.0
bred_vector_winter,0,4,24.0,v500,-50.99991226196289,54.16069030761719,0,1038240,0.0
bred_vector_winter,0,4,24.0,v600,-36.43439483642578,41.904727935791016,0,1038240,0.0
bred_vector_winter,0,4,24.0,v700,-36.710689544677734,39.33637237548828,0,1038240,0.0
bred_vector_winter,0,4,24.0,v850,-27.470373153686523,37.37400436401367,0,1038240,0.0
bred_vector_winter,0,4,24.0,v925,-30.757326126098633,33.88344192504883,0,1038240,0.0
bred_vector_winter,0,4,24.0,v1000,-23.267234802246094,22.222490310668945,0,1038240,0.0
bred_vector_winter,0,4,24.0,z50,190029.0625,203516.6875,0,1038240,0.0
bred_vector_winter,0,4,24.0,z100,149049.203125,163626.109375,0,1038240,0.0
bred_vector_winter,0,4,24.0,z150,124328.4921875,140576.140625,0,1038240,0.0
bred_vector_winter,0,4,24.0,z200,106510.3125,122720.03125,0,1038240,0.0
bred_vector_winter,0,4,24.0,z250,92646.1796875,107985.5625,0,1038240,0.0
bred_vector_winter,0,4,24.0,z300,81003.375,95385.765625,0,1038240,0.0
bred_vector_winter,0,4,24.0,z400,62452.44140625,74992.671875,0,1038240,0.0
bred_vector_winter,0,4,24.0,z500,47846.44921875,58280.48828125,0,1038240,0.0
bred_vector_winter,0,4,24.0,z600,35720.96484375,44039.484375,0,1038240,0.0
bred_vector_winter,0,4,24.0,z700,25031.966796875,31696.158203125,0,1038240,0.0
bred_vector_winter,0,4,24.0,z850,10178.208984375,16131.7080078125,0,1038240,0.0
bred_vector_winter,0,4,24.0,z925,3582.20947265625,9551.810546875,0,1038240,0.0
bred_vector_winter,0,4,24.0,z1000,-2571.87548828125,3796.666015625,0,1038240,0.0
bred_vector_winter,0,4,24.0,t50,193.9112091064453,238.01239013671875,0,1038240,0.0
bred_vector_winter,0,4,24.0,t100,184.0419464111328,233.6875457763672,0,1038240,0.0
bred_vector_winter,0,4,24.0,t150,200.1598663330078,234.40414428710938,0,1038240,0.0
bred_vector_winter,0,4,24.0,t200,202.06263732910156,234.81349182128906,0,1038240,0.0
bred_vector_winter,0,4,24.0,t250,204.40538024902344,237.97866821289062,0,1038240,0.0
bred_vector_winter,0,4,24.0,t300,210.2884063720703,246.84848022460938,0,1038240,0.0
bred_vector_winter,0,4,24.0,t400,218.49246215820312,261.2964782714844,0,1038240,0.0
bred_vector_winter,0,4,24.0,t500,224.24244689941406,272.7043762207031,0,1038240,0.0
bred_vector_winter,0,4,24.0,t600,229.1847686767578,286.774658203125,0,1038240,0.0
bred_vector_winter,0,4,24.0,t700,234.90960693359375,291.8423156738281,0,1038240,0.0
bred_vector_winter,0,4,24.0,t850,236.92098999023438,302.8960266113281,0,1038240,0.0
bred_vector_winter,0,4,24.0,t925,234.49911499023438,307.2847900390625,0,1038240,0.0
bred_vector_winter,0,4,24.0,t1000,227.3886260986328,312.7470397949219,0,1038240,0.0
bred_vector_winter,0,4,24.0,q50,1.760786290105898e-07,2.0816034975723596e-06,0,1038240,0.0
bred_vector_winter,0,4,24.0,q100,3.938919235224603e-07,3.378237124707084e-06,0,1038240,0.0
bred_vector_winter,0,4,24.0,q150,-5.426632014859933e-07,2.0505311113083735e-05,122,1038240,0.0001175065495453845
bred_vector_winter,0,4,24.0,q200,-2.899545506807044e-06,0.00013492006110027432,5420,1038240,0.00522037293881954
bred_vector_winter,0,4,24.0,q250,-4.721539880847558e-06,0.00047389540122821927,5764,1038240,0.005551702881799969
bred_vector_winter,0,4,24.0,q300,-1.315808913204819e-05,0.0010669317562133074,388,1038240,0.00037370935429187856
bred_vector_winter,0,4,24.0,q400,-4.0916784200817347e-05,0.003233168972656131,1519,1038240,0.0014630528586839265
bred_vector_winter,0,4,24.0,q500,-6.644666427746415e-05,0.00613747350871563,884,1038240,0.0008514408999845893
bred_vector_winter,0,4,24.0,q600,-0.0002008378505706787,0.008626188151538372,1799,1038240,0.0017327400215749731
bred_vector_winter,0,4,24.0,q700,-0.0002799138892441988,0.01175207830965519,817,1038240,0.0007869086145785175
bred_vector_winter,0,4,24.0,q850,-0.0005740993656218052,0.016205227002501488,5742,1038240,0.005530513176144244
bred_vector_winter,0,4,24.0,q925,-0.0005856752395629883,0.018658678978681564,11816,1038240,0.011380798274002157
bred_vector_winter,0,4,24.0,q1000,-0.0006163869984447956,0.020742902532219887,14335,1038240,0.013807019571582679
bred_vector_winter,0,5,30.0,u10m,-20.215784072875977,22.167551040649414,0,1038240,0.0
bred_vector_winter,0,5,30.0,v10m,-20.365446090698242,21.704561233520508,0,1038240,0.0
bred_vector_winter,0,5,30.0,u100m,-26.89958381652832,27.770347595214844,0,1038240,0.0
bred_vector_winter,0,5,30.0,v100m,-25.029993057250977,28.12773895263672,0,1038240,0.0
bred_vector_winter,0,5,30.0,t2m,222.1775360107422,318.77374267578125,0,1038240,0.0
bred_vector_winter,0,5,30.0,sp,48374.33984375,105024.703125,0,1038240,0.0
bred_vector_winter,0,5,30.0,msl,96655.6328125,105582.25,0,1038240,0.0
bred_vector_winter,0,5,30.0,tcwv,-2.4277515411376953,72.53305053710938,19576,1038240,0.01885498535983973
bred_vector_winter,0,5,30.0,u50,-28.498027801513672,45.84943771362305,0,1038240,0.0
bred_vector_winter,0,5,30.0,u100,-34.958030700683594,50.99232482910156,0,1038240,0.0
bred_vector_winter,0,5,30.0,u150,-31.498449325561523,72.27449798583984,0,1038240,0.0
bred_vector_winter,0,5,30.0,u200,-23.382787704467773,80.28803253173828,0,1038240,0.0
bred_vector_winter,0,5,30.0,u250,-31.593883514404297,90.4927978515625,0,1038240,0.0
bred_vector_winter,0,5,30.0,u300,-43.43656921386719,90.44155883789062,0,1038240,0.0
bred_vector_winter,0,5,30.0,u400,-38.99622344970703,75.6361083984375,0,1038240,0.0
bred_vector_winter,0,5,30.0,u500,-31.365581512451172,64.28190612792969,0,1038240,0.0
bred_vector_winter,0,5,30.0,u600,-26.560749053955078,54.250404357910156,0,1038240,0.0
bred_vector_winter,0,5,30.0,u700,-27.958744049072266,48.732872009277344,0,1038240,0.0
bred_vector_winter,0,5,30.0,u850,-31.69879722595215,37.7518424987793,0,1038240,0.0
bred_vector_winter,0,5,30.0,u925,-34.616310119628906,33.559814453125,0,1038240,0.0
bred_vector_winter,0,5,30.0,u1000,-25.271209716796875,22.14528465270996,0,1038240,0.0
bred_vector_winter,0,5,30.0,v50,-37.414180755615234,36.32421875,0,1038240,0.0
bred_vector_winter,0,5,30.0,v100,-20.184513092041016,27.07828140258789,0,1038240,0.0
bred_vector_winter,0,5,30.0,v150,-33.2269172668457,43.67947769165039,0,1038240,0.0
bred_vector_winter,0,5,30.0,v200,-50.998382568359375,70.33598327636719,0,1038240,0.0
bred_vector_winter,0,5,30.0,v250,-65.4792709350586,81.53504943847656,0,1038240,0.0
bred_vector_winter,0,5,30.0,v300,-68.76052856445312,83.0738296508789,0,1038240,0.0
bred_vector_winter,0,5,30.0,v400,-61.80998229980469,71.45649719238281,0,1038240,0.0
bred_vector_winter,0,5,30.0,v500,-49.56303787231445,58.21882629394531,0,1038240,0.0
bred_vector_winter,0,5,30.0,v600,-36.258270263671875,45.02505111694336,0,1038240,0.0
bred_vector_winter,0,5,30.0,v700,-34.005592346191406,41.593318939208984,0,1038240,0.0
bred_vector_winter,0,5,30.0,v850,-28.155858993530273,39.691619873046875,0,1038240,0.0
bred_vector_winter,0,5,30.0,v925,-28.81476402282715,36.96505355834961,0,1038240,0.0
bred_vector_winter,0,5,30.0,v1000,-21.27350616455078,21.3726749420166,0,1038240,0.0
bred_vector_winter,0,5,30.0,z50,190039.734375,203658.5625,0,1038240,0.0
bred_vector_winter,0,5,30.0,z100,148928.359375,163561.21875,0,1038240,0.0
bred_vector_winter,0,5,30.0,z150,124152.546875,140490.125,0,1038240,0.0
bred_vector_winter,0,5,30.0,z200,106262.8828125,122636.46875,0,1038240,0.0
bred_vector_winter,0,5,30.0,z250,92414.78125,107902.125,0,1038240,0.0
bred_vector_winter,0,5,30.0,z300,80996.71875,95471.6796875,0,1038240,0.0
bred_vector_winter,0,5,30.0,z400,62436.453125,75043.3046875,0,1038240,0.0
bred_vector_winter,0,5,30.0,z500,47836.9921875,58321.125,0,1038240,0.0
bred_vector_winter,0,5,30.0,z600,35661.07421875,44080.3984375,0,1038240,0.0
bred_vector_winter,0,5,30.0,z700,24914.654296875,31649.501953125,0,1038240,0.0
bred_vector_winter,0,5,30.0,z850,10090.875,16092.595703125,0,1038240,0.0
bred_vector_winter,0,5,30.0,z925,3482.59912109375,9572.197265625,0,1038240,0.0
bred_vector_winter,0,5,30.0,z1000,-2680.23974609375,3858.6337890625,0,1038240,0.0
bred_vector_winter,0,5,30.0,t50,194.09381103515625,238.19398498535156,0,1038240,0.0
bred_vector_winter,0,5,30.0,t100,184.14991760253906,233.87655639648438,0,1038240,0.0
bred_vector_winter,0,5,30.0,t150,198.7392120361328,234.7169647216797,0,1038240,0.0
bred_vector_winter,0,5,30.0,t200,201.87208557128906,234.34059143066406,0,1038240,0.0
bred_vector_winter,0,5,30.0,t250,204.76416015625,237.88995361328125,0,1038240,0.0
bred_vector_winter,0,5,30.0,t300,210.20594787597656,246.89540100097656,0,1038240,0.0
bred_vector_winter,0,5,30.0,t400,218.36769104003906,261.3940734863281,0,1038240,0.0
bred_vector_winter,0,5,30.0,t500,224.23379516601562,272.0640869140625,0,1038240,0.0
bred_vector_winter,0,5,30.0,t600,228.83189392089844,281.0762634277344,0,1038240,0.0
bred_vector_winter,0,5,30.0,t700,234.80604553222656,288.79376220703125,0,1038240,0.0
bred_vector_winter,0,5,30.0,t850,236.63723754882812,305.6293029785156,0,1038240,0.0
bred_vector_winter,0,5,30.0,t925,234.82150268554688,313.36993408203125,0,1038240,0.0
bred_vector_winter,0,5,30.0,t1000,228.13885498046875,318.8585510253906,0,1038240,0.0
bred_vector_winter,0,5,30.0,q50,2.1891582946409471e-07,2.10290045288275e-06,0,1038240,0.0
bred_vector_winter,0,5,30.0,q100,5.13433860760415e-07,3.3124570109066553e-06,0,1038240,0.0
bred_vector_winter,0,5,30.0,q150,-4.841504051000811e-07,2.3285614588530734e-05,16,1038240,1.541069502234551e-05
bred_vector_winter,0,5,30.0,q200,-4.1955772758228704e-06,0.0001437327009625733,9763,1038240,0.00940341346894745
bred_vector_winter,0,5,30.0,q250,-6.5696331148501486e-06,0.0004983702092431486,6579,1038240,0.006336685159500694
bred_vector_winter,0,5,30.0,q300,-1.1071533663198352e-05,0.0011168380733579397,780,1038240,0.0007512713823393435
bred_vector_winter,0,5,30.0,q400,-5.0281116273254156e-05,0.003320919116958976,2156,1038240,0.002076591154261057
bred_vector_winter,0,5,30.0,q500,-7.641618140041828e-05,0.006295916624367237,936,1038240,0.0009015256588072122
bred_vector_winter,0,5,30.0,q600,-0.0001969863660633564,0.008671341463923454,1669,1038240,0.0016075281245184158
bred_vector_winter,0,5,30.0,q700,-0.00015352503396570683,0.011752728372812271,433,1038240,0.0004170519340422253
bred_vector_winter,0,5,30.0,q850,-0.00046153319999575615,0.01639489457011223,2187,1038240,0.002106449375866852
bred_vector_winter,0,5,30.0,q925,-0.0004694797098636627,0.018794231116771698,8278,1038240,0.007973108337186008
bred_vector_winter,0,5,30.0,q1000,-0.0004406385123729706,0.02088985964655876,10534,1038240,0.010146016335336724
bred_vector_winter,0,6,36.0,u10m,-19.680904388427734,21.329627990722656,0,1038240,0.0
bred_vector_winter,0,6,36.0,v10m,-18.963573455810547,21.972362518310547,0,1038240,0.0
bred_vector_winter,0,6,36.0,u100m,-25.627239227294922,27.87615203857422,0,1038240,0.0
bred_vector_winter,0,6,36.0,v100m,-21.798357009887695,29.571773529052734,0,1038240,0.0
bred_vector_winter,0,6,36.0,t2m,223.28125,314.515625,0,1038240,0.0
bred_vector_winter,0,6,36.0,sp,48142.91796875,104966.546875,0,1038240,0.0
bred_vector_winter,0,6,36.0,msl,95424.703125,105656.5625,0,1038240,0.0
bred_vector_winter,0,6,36.0,tcwv,-2.568246841430664,71.0198974609375,17389,1038240,0.016748535983972877
bred_vector_winter,0,6,36.0,u50,-26.21041488647461,46.100223541259766,0,1038240,0.0
bred_vector_winter,0,6,36.0,u100,-36.495140075683594,51.660614013671875,0,1038240,0.0
bred_vector_winter,0,6,36.0,u150,-30.261613845825195,72.71345520019531,0,1038240,0.0
bred_vector_winter,0,6,36.0,u200,-23.278520584106445,82.17719268798828,0,1038240,0.0
bred_vector_winter,0,6,36.0,u250,-29.43509292602539,85.15480041503906,0,1038240,0.0
bred_vector_winter,0,6,36.0,u300,-40.92106628417969,88.5377197265625,0,1038240,0.0
bred_vector_winter,0,6,36.0,u400,-36.94859313964844,77.47830200195312,0,1038240,0.0
bred_vector_winter,0,6,36.0,u500,-29.641399383544922,64.14598083496094,0,1038240,0.0
bred_vector_winter,0,6,36.0,u600,-25.050155639648438,54.0152702331543,0,1038240,0.0
bred_vector_winter,0,6,36.0,u700,-25.855072021484375,47.5517692565918,0,1038240,0.0
bred_vector_winter,0,6,36.0,u850,-29.477773666381836,35.17858123779297,0,1038240,0.0
bred_vector_winter,0,6,36.0,u925,-31.36527442932129,33.97032928466797,0,1038240,0.0
bred_vector_winter,0,6,36.0,u1000,-25.202211380004883,21.156414031982422,0,1038240,0.0
bred_vector_winter,0,6,36.0,v50,-36.84788513183594,36.836769104003906,0,1038240,0.0
bred_vector_winter,0,6,36.0,v100,-23.76618766784668,24.709854125976562,0,1038240,0.0
bred_vector_winter,0,6,36.0,v150,-37.83697509765625,39.05047607421875,0,1038240,0.0
bred_vector_winter,0,6,36.0,v200,-54.51256561279297,66.77915954589844,0,1038240,0.0
bred_vector_winter,0,6,36.0,v250,-71.8425521850586,78.51985931396484,0,1038240,0.0
bred_vector_winter,0,6,36.0,v300,-76.0528564453125,78.88023376464844,0,1038240,0.0
bred_vector_winter,0,6,36.0,v400,-61.24127197265625,69.50303649902344,0,1038240,0.0
bred_vector_winter,0,6,36.0,v500,-48.5550537109375,60.41407012939453,0,1038240,0.0
bred_vector_winter,0,6,36.0,v600,-36.638004302978516,46.343841552734375,0,1038240,0.0
bred_vector_winter,0,6,36.0,v700,-35.97820281982422,43.98493576049805,0,1038240,0.0
bred_vector_winter,0,6,36.0,v850,-29.08154296875,44.14790344238281,0,1038240,0.0
bred_vector_winter,0,6,36.0,v925,-25.219722747802734,40.32823944091797,0,1038240,0.0
bred_vector_winter,0,6,36.0,v1000,-21.10780906677246,22.739795684814453,0,1038240,0.0
bred_vector_winter,0,6,36.0,z50,189915.828125,203605.953125,0,1038240,0.0
bred_vector_winter,0,6,36.0,z100,148776.375,163711.890625,0,1038240,0.0
bred_vector_winter,0,6,36.0,z150,123948.0546875,140568.5625,0,1038240,0.0
bred_vector_winter,0,6,36.0,z200,105989.7265625,122717.2578125,0,1038240,0.0
bred_vector_winter,0,6,36.0,z250,92069.9453125,108006.6796875,0,1038240,0.0
bred_vector_winter,0,6,36.0,z300,80774.0,95359.1171875,0,1038240,0.0
bred_vector_winter,0,6,36.0,z400,62438.39453125,74889.265625,0,1038240,0.0
bred_vector_winter,0,6,36.0,z500,47819.4921875,58167.91796875,0,1038240,0.0
bred_vector_winter,0,6,36.0,z600,35567.8359375,43931.69140625,0,1038240,0.0
bred_vector_winter,0,6,36.0,z700,24010.29296875,31848.119140625,0,1038240,0.0
bred_vector_winter,0,6,36.0,z850,9053.6025390625,16249.349609375,0,1038240,0.0
bred_vector_winter,0,6,36.0,z925,2447.34033203125,9603.9140625,0,1038240,0.0
bred_vector_winter,0,6,36.0,z1000,-3713.47265625,3919.0048828125,0,1038240,0.0
bred_vector_winter,0,6,36.0,t50,193.72483825683594,238.5531005859375,0,1038240,0.0
bred_vector_winter,0,6,36.0,t100,183.9066925048828,233.98492431640625,0,1038240,0.0
bred_vector_winter,0,6,36.0,t150,197.1982879638672,234.7886962890625,0,1038240,0.0
bred_vector_winter,0,6,36.0,t200,201.7919464111328,235.03823852539062,0,1038240,0.0
bred_vector_winter,0,6,36.0,t250,204.85595703125,238.06222534179688,0,1038240,0.0
bred_vector_winter,0,6,36.0,t300,209.2357177734375,246.76084899902344,0,1038240,0.0
bred_vector_winter,0,6,36.0,t400,218.49642944335938,261.29803466796875,0,1038240,0.0
bred_vector_winter,0,6,36.0,t500,224.44802856445312,271.79144287109375,0,1038240,0.0
bred_vector_winter,0,6,36.0,t600,228.66531372070312,281.2510681152344,0,1038240,0.0
bred_vector_winter,0,6,36.0,t700,234.68771362304688,289.53973388671875,0,1038240,0.0
bred_vector_winter,0,6,36.0,t850,236.29739379882812,305.83837890625,0,1038240,0.0
bred_vector_winter,0,6,36.0,t925,234.35935974121094,313.28863525390625,0,1038240,0.0
bred_vector_winter,0,6,36.0,t1000,228.6595001220703,318.4056396484375,0,1038240,0.0
bred_vector_winter,0,6,36.0,q50,2.6021848498203326e-07,2.1243386072455905e-06,0,1038240,0.0
bred_vector_winter,0,6,36.0,q100,5.888305167900398e-07,3.2563943932473194e-06,0,1038240,0.0
bred_vector_winter,0,6,36.0,q150,-7.06545961293159e-07,2.4672564904903993e-05,55,1038240,5.297426413931268e-05
bred_vector_winter,0,6,36.0,q200,-4.712364898296073e-06,0.00014142053260002285,9763,1038240,0.00940341346894745
bred_vector_winter,0,6,36.0,q250,-6.715916242683306e-06,0.00048299742047674954,7099,1038240,0.006837532747726922
bred_vector_winter,0,6,36.0,q300,-1.333709224127233e-05,0.0011096687521785498,3312,1038240,0.0031900138696255203
bred_vector_winter,0,6,36.0,q400,-4.209164762869477e-05,0.003321418073028326,2669,1038240,0.00257069656341501
bred_vector_winter,0,6,36.0,q500,-7.9768942669034e-05,0.006383005529642105,1794,1038240,0.00172792417938049
bred_vector_winter,0,6,36.0,q600,-0.0005143791204318404,0.00877444539219141,1259,1038240,0.0012126290645708122
bred_vector_winter,0,6,36.0,q700,-0.000908230897039175,0.011611318215727806,379,1038240,0.00036504083834180924
bred_vector_winter,0,6,36.0,q850,-0.0004311194643378258,0.016362296417355537,2320,1038240,0.0022345507782400987
bred_vector_winter,0,6,36.0,q925,-0.00042946962639689445,0.01859826222062111,7781,1038240,0.0074944136230544
bred_vector_winter,0,6,36.0,q1000,-0.0005103973671793938,0.021652210503816605,10718,1038240,0.010323239328093698
bred_vector_winter,0,7,42.0,u10m,-19.250381469726562,23.275026321411133,0,1038240,0.0
bred_vector_winter,0,7,42.0,v10m,-20.881589889526367,20.600189208984375,0,1038240,0.0
bred_vector_winter,0,7,42.0,u100m,-25.80301284790039,30.73853302001953,0,1038240,0.0
bred_vector_winter,0,7,42.0,v100m,-26.691625595092773,28.522598266601562,0,1038240,0.0
bred_vector_winter,0,7,42.0,t2m,223.66371154785156,312.9329833984375,0,1038240,0.0
bred_vector_winter,0,7,42.0,sp,48170.80859375,104899.671875,0,1038240,0.0
bred_vector_winter,0,7,42.0,msl,94780.828125,105698.0078125,0,1038240,0.0
bred_vector_winter,0,7,42.0,tcwv,-2.3988571166992188,70.99812316894531,10190,1038240,0.009814686392356295
bred_vector_winter,0,7,42.0,u50,-26.604618072509766,45.718570709228516,0,1038240,0.0
bred_vector_winter,0,7,42.0,u100,-35.93392562866211,51.015869140625,0,1038240,0.0
bred_vector_winter,0,7,42.0,u150,-28.501482009887695,74.09980773925781,0,1038240,0.0
bred_vector_winter,0,7,42.0,u200,-22.187097549438477,85.29155731201172,0,1038240,0.0
bred_vector_winter,0,7,42.0,u250,-28.573638916015625,83.03022766113281,0,1038240,0.0
bred_vector_winter,0,7,42.0,u300,-41.3189697265625,85.11505889892578,0,1038240,0.0
bred_vector_winter,0,7,42.0,u400,-36.03314971923828,74.1063232421875,0,1038240,0.0
bred_vector_winter,0,7,42.0,u500,-29.697540283203125,65.39178466796875,0,1038240,0.0
bred_vector_winter,0,7,42.0,u600,-24.514909744262695,55.56919860839844,0,1038240,0.0
bred_vector_winter,0,7,42.0,u700,-26.902130126953125,44.57405090332031,0,1038240,0.0
bred_vector_winter,0,7,42.0,u850,-30.270349502563477,41.189422607421875,0,1038240,0.0
bred_vector_winter,0,7,42.0,u925,-34.6075553894043,37.44750213623047,0,1038240,0.0
bred_vector_winter,0,7,42.0,u1000,-21.286815643310547,22.797388076782227,0,1038240,0.0
bred_vector_winter,0,7,42.0,v50,-36.09842300415039,38.77312088012695,0,1038240,0.0
bred_vector_winter,0,7,42.0,v100,-28.328033447265625,24.18514060974121,0,1038240,0.0
bred_vector_winter,0,7,42.0,v150,-44.8594856262207,35.920597076416016,0,1038240,0.0
bred_vector_winter,0,7,42.0,v200,-68.9441146850586,67.25054931640625,0,1038240,0.0
bred_vector_winter,0,7,42.0,v250,-76.23578643798828,79.34098815917969,0,1038240,0.0
bred_vector_winter,0,7,42.0,v300,-77.51342010498047,81.25165557861328,0,1038240,0.0
bred_vector_winter,0,7,42.0,v400,-67.10977935791016,75.2077865600586,0,1038240,0.0
bred_vector_winter,0,7,42.0,v500,-51.48628616333008,64.89403533935547,0,1038240,0.0
bred_vector_winter,0,7,42.0,v600,-39.61701965332031,50.70455551147461,0,1038240,0.0
bred_vector_winter,0,7,42.0,v700,-33.15412902832031,41.27884292602539,0,1038240,0.0
bred_vector_winter,0,7,42.0,v850,-29.207029342651367,40.480430603027344,0,1038240,0.0
bred_vector_winter,0,7,42.0,v925,-32.51251220703125,39.16770935058594,0,1038240,0.0
bred_vector_winter,0,7,42.0,v1000,-21.75364875793457,23.835599899291992,0,1038240,0.0
bred_vector_winter,0,7,42.0,z50,189784.53125,203575.90625,0,1038240,0.0
bred_vector_winter,0,7,42.0,z100,148614.109375,163355.546875,0,1038240,0.0
bred_vector_winter,0,7,42.0,z150,123716.984375,140226.890625,0,1038240,0.0
bred_vector_winter,0,7,42.0,z200,105657.765625,122397.34375,0,1038240,0.0
bred_vector_winter,0,7,42.0,z250,91650.28125,107904.40625,0,1038240,0.0
bred_vector_winter,0,7,42.0,z300,80310.4375,95464.21875,0,1038240,0.0
bred_vector_winter,0,7,42.0,z400,62407.3359375,74852.4296875,0,1038240,0.0
bred_vector_winter,0,7,42.0,z500,47830.328125,58151.37109375,0,1038240,0.0
bred_vector_winter,0,7,42.0,z600,34950.1796875,43938.80078125,0,1038240,0.0
bred_vector_winter,0,7,42.0,z700,23431.2578125,31786.732421875,0,1038240,0.0
bred_vector_winter,0,7,42.0,z850,8515.552734375,16145.5830078125,0,1038240,0.0
bred_vector_winter,0,7,42.0,z925,1923.5048828125,9611.3486328125,0,1038240,0.0
bred_vector_winter,0,7,42.0,z1000,-4237.7890625,3956.236328125,0,1038240,0.0
bred_vector_winter,0,7,42.0,t50,193.55810546875,238.66561889648438,0,1038240,0.0
bred_vector_winter,0,7,42.0,t100,184.5809326171875,234.1855926513672,0,1038240,0.0
bred_vector_winter,0,7,42.0,t150,196.49383544921875,234.92840576171875,0,1038240,0.0
bred_vector_winter,0,7,42.0,t200,201.60043334960938,235.794921875,0,1038240,0.0
bred_vector_winter,0,7,42.0,t250,205.02952575683594,238.79859924316406,0,1038240,0.0
bred_vector_winter,0,7,42.0,t300,208.4119873046875,246.3970489501953,0,1038240,0.0
bred_vector_winter,0,7,42.0,t400,217.7699737548828,261.6153869628906,0,1038240,0.0
bred_vector_winter,0,7,42.0,t500,224.10092163085938,271.81512451171875,0,1038240,0.0
bred_vector_winter,0,7,42.0,t600,228.75906372070312,284.8133850097656,0,1038240,0.0
bred_vector_winter,0,7,42.0,t700,234.89559936523438,291.9068298339844,0,1038240,0.0
bred_vector_winter,0,7,42.0,t850,236.20144653320312,304.6080627441406,0,1038240,0.0
bred_vector_winter,0,7,42.0,t925,234.14865112304688,309.5477294921875,0,1038240,0.0
bred_vector_winter,0,7,42.0,t1000,228.3899688720703,314.2846984863281,0,1038240,0.0
bred_vector_winter,0,7,42.0,q50,3.026882495760219e-07,2.1463165467139333e-06,0,1038240,0.0
bred_vector_winter,0,7,42.0,q100,6.167720130179077e-07,3.2002647003537277e-06,0,1038240,0.0
bred_vector_winter,0,7,42.0,q150,-4.2802048483281396e-07,2.29602592298761e-05,36,1038240,3.467406380027739e-05
bred_vector_winter,0,7,42.0,q200,-4.7743415052536875e-06,0.00013476653839461505,11856,1038240,0.011419325011558021
bred_vector_winter,0,7,42.0,q250,-4.7357862058561295e-06,0.00046423327876254916,6750,1038240,0.006501386962552011
bred_vector_winter,0,7,42.0,q300,-1.742123276926577e-05,0.0010961430380120873,3369,1038240,0.003244914470642626
bred_vector_winter,0,7,42.0,q400,-3.95938113797456e-05,0.0034352105576545,2041,1038240,0.001965826783787949
bred_vector_winter,0,7,42.0,q500,-5.888537270948291e-05,0.006511314772069454,1649,1038240,0.001588264755740484
bred_vector_winter,0,7,42.0,q600,-0.00038709351792931557,0.009660904295742512,1102,1038240,0.0010614116196640468
bred_vector_winter,0,7,42.0,q700,-0.000823532696813345,0.011901382356882095,311,1038240,0.0002995453844968408
bred_vector_winter,0,7,42.0,q850,-0.0003951815888285637,0.016084464266896248,3122,1038240,0.0030070118662351673
bred_vector_winter,0,7,42.0,q925,-0.00041342852637171745,0.018741603940725327,7837,1038240,0.007548351055632609
bred_vector_winter,0,7,42.0,q1000,-0.0005760439671576023,0.021321255713701248,10607,1038240,0.010216327631376174
bred_vector_winter,0,8,48.0,u10m,-20.87786865234375,24.966894149780273,0,1038240,0.0
bred_vector_winter,0,8,48.0,v10m,-20.176151275634766,18.78058624267578,0,1038240,0.0
bred_vector_winter,0,8,48.0,u100m,-28.116262435913086,32.56174087524414,0,1038240,0.0
bred_vector_winter,0,8,48.0,v100m,-23.58052635192871,26.055740356445312,0,1038240,0.0
bred_vector_winter,0,8,48.0,t2m,224.4918670654297,310.1645202636719,0,1038240,0.0
bred_vector_winter,0,8,48.0,sp,48067.9453125,104773.171875,0,1038240,0.0
bred_vector_winter,0,8,48.0,msl,94711.1484375,105700.734375,0,1038240,0.0
bred_vector_winter,0,8,48.0,tcwv,-2.501190185546875,70.70466613769531,13884,1038240,0.013372630605640314
bred_vector_winter,0,8,48.0,u50,-26.701435089111328,44.81107711791992,0,1038240,0.0
bred_vector_winter,0,8,48.0,u100,-36.116554260253906,48.683834075927734,0,1038240,0.0
bred_vector_winter,0,8,48.0,u150,-29.52628517150879,70.30276489257812,0,1038240,0.0
bred_vector_winter,0,8,48.0,u200,-22.129697799682617,87.28258514404297,0,1038240,0.0
bred_vector_winter,0,8,48.0,u250,-28.8133544921875,84.80110168457031,0,1038240,0.0
bred_vector_winter,0,8,48.0,u300,-38.82228088378906,79.47383117675781,0,1038240,0.0
bred_vector_winter,0,8,48.0,u400,-34.561622619628906,72.28933715820312,0,1038240,0.0
bred_vector_winter,0,8,48.0,u500,-28.156532287597656,63.69536590576172,0,1038240,0.0
bred_vector_winter,0,8,48.0,u600,-23.158981323242188,54.06597137451172,0,1038240,0.0
bred_vector_winter,0,8,48.0,u700,-30.231685638427734,44.55796432495117,0,1038240,0.0
bred_vector_winter,0,8,48.0,u850,-29.525861740112305,40.73741912841797,0,1038240,0.0
bred_vector_winter,0,8,48.0,u925,-35.730220794677734,38.628662109375,0,1038240,0.0
bred_vector_winter,0,8,48.0,u1000,-21.15778350830078,24.43499755859375,0,1038240,0.0
bred_vector_winter,0,8,48.0,v50,-37.50077819824219,38.976985931396484,0,1038240,0.0
bred_vector_winter,0,8,48.0,v100,-30.47711944580078,22.424776077270508,0,1038240,0.0
bred_vector_winter,0,8,48.0,v150,-45.61775207519531,34.11115264892578,0,1038240,0.0
bred_vector_winter,0,8,48.0,v200,-76.93354797363281,61.51741027832031,0,1038240,0.0
bred_vector_winter,0,8,48.0,v250,-79.87601470947266,80.96359252929688,0,1038240,0.0
bred_vector_winter,0,8,48.0,v300,-79.83671569824219,82.72805786132812,0,1038240,0.0
bred_vector_winter,0,8,48.0,v400,-67.14911651611328,76.40412139892578,0,1038240,0.0
bred_vector_winter,0,8,48.0,v500,-50.47017288208008,66.3563003540039,0,1038240,0.0
bred_vector_winter,0,8,48.0,v600,-39.29259490966797,53.360687255859375,0,1038240,0.0
bred_vector_winter,0,8,48.0,v700,-33.0681037902832,41.62883758544922,0,1038240,0.0
bred_vector_winter,0,8,48.0,v850,-28.258607864379883,38.88298416137695,0,1038240,0.0
bred_vector_winter,0,8,48.0,v925,-30.482702255249023,36.48402786254883,0,1038240,0.0
bred_vector_winter,0,8,48.0,v1000,-20.995437622070312,23.258974075317383,0,1038240,0.0
bred_vector_winter,0,8,48.0,z50,189697.65625,203674.53125,0,1038240,0.0
bred_vector_winter,0,8,48.0,z100,148486.609375,163538.9375,0,1038240,0.0
bred_vector_winter,0,8,48.0,z150,123520.7265625,140408.0625,0,1038240,0.0
bred_vector_winter,0,8,48.0,z200,105388.2109375,122604.546875,0,1038240,0.0
bred_vector_winter,0,8,48.0,z250,91305.6171875,107915.3671875,0,1038240,0.0
bred_vector_winter,0,8,48.0,z300,79929.140625,95453.0078125,0,1038240,0.0
bred_vector_winter,0,8,48.0,z400,62059.74609375,74696.6640625,0,1038240,0.0
bred_vector_winter,0,8,48.0,z500,47696.17578125,57951.52734375,0,1038240,0.0
bred_vector_winter,0,8,48.0,z600,34745.0390625,44063.25390625,0,1038240,0.0
bred_vector_winter,0,8,48.0,z700,23321.369140625,31938.94140625,0,1038240,0.0
bred_vector_winter,0,8,48.0,z850,8480.15625,16286.0791015625,0,1038240,0.0
bred_vector_winter,0,8,48.0,z925,1888.08349609375,9586.900390625,0,1038240,0.0
bred_vector_winter,0,8,48.0,z1000,-4288.68359375,3943.61328125,0,1038240,0.0
bred_vector_winter,0,8,48.0,t50,193.17201232910156,238.77517700195312,0,1038240,0.0
bred_vector_winter,0,8,48.0,t100,185.27169799804688,234.27493286132812,0,1038240,0.0
bred_vector_winter,0,8,48.0,t150,196.4386444091797,234.88638305664062,0,1038240,0.0
bred_vector_winter,0,8,48.0,t200,201.46701049804688,235.99728393554688,0,1038240,0.0
bred_vector_winter,0,8,48.0,t250,205.41909790039062,238.9422607421875,0,1038240,0.0
bred_vector_winter,0,8,48.0,t300,207.75624084472656,246.8070068359375,0,1038240,0.0
bred_vector_winter,0,8,48.0,t400,217.10691833496094,261.8002624511719,0,1038240,0.0
bred_vector_winter,0,8,48.0,t500,223.91635131835938,271.33837890625,0,1038240,0.0
bred_vector_winter,0,8,48.0,t600,228.6624755859375,282.2400817871094,0,1038240,0.0
bred_vector_winter,0,8,48.0,t700,234.8868408203125,290.0723876953125,0,1038240,0.0
bred_vector_winter,0,8,48.0,t850,236.24591064453125,302.07489013671875,0,1038240,0.0
bred_vector_winter,0,8,48.0,t925,233.4954376220703,306.1055908203125,0,1038240,0.0
bred_vector_winter,0,8,48.0,t1000,228.1678924560547,310.8341064453125,0,1038240,0.0
bred_vector_winter,0,8,48.0,q50,3.416491836105706e-07,2.168711489503039e-06,0,1038240,0.0
bred_vector_winter,0,8,48.0,q100,6.572340680577327e-07,3.1870283692114754e-06,0,1038240,0.0
bred_vector_winter,0,8,48.0,q150,-5.473643795994576e-07,2.1223968360573053e-05,94,1038240,9.053783325627986e-05
bred_vector_winter,0,8,48.0,q200,-4.786299541592598e-06,0.00013428888632915914,11535,1038240,0.011110147942672215
bred_vector_winter,0,8,48.0,q250,-8.929371688282117e-06,0.0004735517140943557,9273,1038240,0.008931460933888118
bred_vector_winter,0,8,48.0,q300,-2.0861727534793317e-05,0.0011381350923329592,3566,1038240,0.003434658653105255
bred_vector_winter,0,8,48.0,q400,-8.340488420799375e-05,0.003493240103125572,1844,1038240,0.0017760826013253198
bred_vector_winter,0,8,48.0,q500,-0.00017465685959905386,0.006321328692138195,1734,1038240,0.0016701340730466943
bred_vector_winter,0,8,48.0,q600,-0.0002025481080636382,0.008489449508488178,1434,1038240,0.0013811835413777161
bred_vector_winter,0,8,48.0,q700,-0.0003576017916202545,0.011519093066453934,304,1038240,0.00029280320542456463
bred_vector_winter,0,8,48.0,q850,-0.000608405563980341,0.016046933829784393,4397,1038240,0.004235051625828325
bred_vector_winter,0,8,48.0,q925,-0.00041836732998490334,0.018137220293283463,10847,1038240,0.010447488056711357
bred_vector_winter,0,8,48.0,q1000,-0.0006461064331233501,0.020443402230739594,10882,1038240,0.010481198952072739
bred_vector_winter,0,9,54.0,u10m,-26.001970291137695,23.47998046875,0,1038240,0.0
bred_vector_winter,0,9,54.0,v10m,-18.793685913085938,18.606801986694336,0,1038240,0.0
bred_vector_winter,0,9,54.0,u100m,-34.383338928222656,30.14191246032715,0,1038240,0.0
bred_vector_winter,0,9,54.0,v100m,-24.700376510620117,25.252904891967773,0,1038240,0.0
bred_vector_winter,0,9,54.0,t2m,227.6278533935547,317.3572082519531,0,1038240,0.0
bred_vector_winter,0,9,54.0,sp,48141.21484375,104712.015625,0,1038240,0.0
bred_vector_winter,0,9,54.0,msl,94825.1875,105800.3046875,0,1038240,0.0
bred_vector_winter,0,9,54.0,tcwv,-2.3504810333251953,71.01409912109375,11022,1038240,0.010616042533518262
bred_vector_winter,0,9,54.0,u50,-26.90894317626953,44.069034576416016,0,1038240,0.0
bred_vector_winter,0,9,54.0,u100,-36.0783576965332,48.55695724487305,0,1038240,0.0
bred_vector_winter,0,9,54.0,u150,-29.560319900512695,73.44212341308594,0,1038240,0.0
bred_vector_winter,0,9,54.0,u200,-23.333036422729492,88.7834701538086,0,1038240,0.0
bred_vector_winter,0,9,54.0,u250,-24.70016098022461,87.39854431152344,0,1038240,0.0
bred_vector_winter,0,9,54.0,u300,-33.897830963134766,78.07369232177734,0,1038240,0.0
bred_vector_winter,0,9,54.0,u400,-32.532371520996094,68.43131256103516,0,1038240,0.0
bred_vector_winter,0,9,54.0,u500,-26.15976333618164,61.559967041015625,0,1038240,0.0
bred_vector_winter,0,9,54.0,u600,-24.060823440551758,52.321876525878906,0,1038240,0.0
bred_vector_winter,0,9,54.0,u700,-38.6135139465332,44.646583557128906,0,1038240,0.0
bred_vector_winter,0,9,54.0,u850,-42.11872100830078,39.522098541259766,0,1038240,0.0
bred_vector_winter,0,9,54.0,u925,-43.3862419128418,35.817955017089844,0,1038240,0.0
bred_vector_winter,0,9,54.0,u1000,-26.103042602539062,23.05419921875,0,1038240,0.0
bred_vector_winter,0,9,54.0,v50,-37.70600891113281,39.441001892089844,0,1038240,0.0
bred_vector_winter,0,9,54.0,v100,-31.302457809448242,20.334518432617188,0,1038240,0.0
bred_vector_winter,0,9,54.0,v150,-48.30731964111328,35.97092056274414,0,1038240,0.0
bred_vector_winter,0,9,54.0,v200,-74.87794494628906,56.00918960571289,0,1038240,0.0
bred_vector_winter,0,9,54.0,v250,-80.80278778076172,73.61044311523438,0,1038240,0.0
bred_vector_winter,0,9,54.0,v300,-80.82313537597656,78.65950012207031,0,1038240,0.0
bred_vector_winter,0,9,54.0,v400,-65.99108123779297,72.29581451416016,0,1038240,0.0
bred_vector_winter,0,9,54.0,v500,-50.4546012878418,61.44165802001953,0,1038240,0.0
bred_vector_winter,0,9,54.0,v600,-38.092437744140625,48.39043426513672,0,1038240,0.0
bred_vector_winter,0,9,54.0,v700,-30.102863311767578,41.12697982788086,0,1038240,0.0
bred_vector_winter,0,9,54.0,v850,-33.5214729309082,36.829490661621094,0,1038240,0.0
bred_vector_winter,0,9,54.0,v925,-30.59184455871582,31.185190200805664,0,1038240,0.0
bred_vector_winter,0,9,54.0,v1000,-20.71729278564453,19.405397415161133,0,1038240,0.0
bred_vector_winter,0,9,54.0,z50,189658.296875,203752.03125,0,1038240,0.0
bred_vector_winter,0,9,54.0,z100,148414.703125,163455.96875,0,1038240,0.0
bred_vector_winter,0,9,54.0,z150,123387.0703125,140327.265625,0,1038240,0.0
bred_vector_winter,0,9,54.0,z200,105193.4453125,122524.015625,0,1038240,0.0
bred_vector_winter,0,9,54.0,z250,91064.3515625,107899.671875,0,1038240,0.0
bred_vector_winter,0,9,54.0,z300,79671.5390625,95448.5546875,0,1038240,0.0
bred_vector_winter,0,9,54.0,z400,61821.87890625,74713.0,0,1038240,0.0
bred_vector_winter,0,9,54.0,z500,47567.7265625,57953.47265625,0,1038240,0.0
bred_vector_winter,0,9,54.0,z600,34769.3125,43971.35546875,0,1038240,0.0
bred_vector_winter,0,9,54.0,z700,23328.484375,31843.931640625,0,1038240,0.0
bred_vector_winter,0,9,54.0,z850,8530.412109375,16196.3564453125,0,1038240,0.0
bred_vector_winter,0,9,54.0,z925,1986.90771484375,9597.181640625,0,1038240,0.0
bred_vector_winter,0,9,54.0,z1000,-4125.93115234375,4039.77490234375,0,1038240,0.0
bred_vector_winter,0,9,54.0,t50,192.5366668701172,238.7555694580078,0,1038240,0.0
bred_vector_winter,0,9,54.0,t100,185.2653350830078,234.382568359375,0,1038240,0.0
bred_vector_winter,0,9,54.0,t150,196.77294921875,234.9012908935547,0,1038240,0.0
bred_vector_winter,0,9,54.0,t200,201.67759704589844,236.0172576904297,0,1038240,0.0
bred_vector_winter,0,9,54.0,t250,205.76339721679688,238.92819213867188,0,1038240,0.0
bred_vector_winter,0,9,54.0,t300,207.23529052734375,247.1200408935547,0,1038240,0.0
bred_vector_winter,0,9,54.0,t400,216.64634704589844,261.79248046875,0,1038240,0.0
bred_vector_winter,0,9,54.0,t500,224.60250854492188,271.5789794921875,0,1038240,0.0
bred_vector_winter,0,9,54.0,t600,229.1053009033203,280.6778259277344,0,1038240,0.0
bred_vector_winter,0,9,54.0,t700,235.01779174804688,288.3460693359375,0,1038240,0.0
bred_vector_winter,0,9,54.0,t850,236.82339477539062,305.223388671875,0,1038240,0.0
bred_vector_winter,0,9,54.0,t925,234.20773315429688,312.8894958496094,0,1038240,0.0
bred_vector_winter,0,9,54.0,t1000,228.84487915039062,317.66033935546875,0,1038240,0.0
bred_vector_winter,0,9,54.0,q50,3.8207667785172816e-07,2.191869270973257e-06,0,1038240,0.0
bred_vector_winter,0,9,54.0,q100,7.186370112322038e-07,3.1560782645101426e-06,0,1038240,0.0
bred_vector_winter,0,9,54.0,q150,5.591164153884165e-08,2.3205542674986646e-05,0,1038240,0.0
bred_vector_winter,0,9,54.0,q200,-5.945455995970406e-06,0.00014389195712283254,14036,1038240,0.013519032208352596
bred_vector_winter,0,9,54.0,q250,-1.2792541383532807e-05,0.0004919625353068113,8498,1038240,0.008185005393743257
bred_vector_winter,0,9,54.0,q300,-2.9980845283716917e-05,0.001180546823889017,2708,1038240,0.002608260132531977
bred_vector_winter,0,9,54.0,q400,-7.258870755322278e-05,0.0035223800223320723,2073,1038240,0.00199664817383264
bred_vector_winter,0,9,54.0,q500,-7.682194700464606e-05,0.006514945533126593,1577,1038240,0.001518916628139929
bred_vector_winter,0,9,54.0,q600,-0.00011873722542077303,0.008532065898180008,1224,1038240,0.0011789181692094313
bred_vector_winter,0,9,54.0,q700,-0.0001064743846654892,0.011645035818219185,363,1038240,0.0003496301433194637
bred_vector_winter,0,9,54.0,q850,-0.0006953389383852482,0.01623312570154667,4984,1038240,0.004800431499460626
bred_vector_winter,0,9,54.0,q925,-0.0005078930407762527,0.01874355971813202,10493,1038240,0.010106526429341964
bred_vector_winter,0,9,54.0,q1000,-0.00072878273203969,0.020732548087835312,10176,1038240,0.009801202034211743
bred_vector_winter,0,10,60.0,u10m,-33.906368255615234,22.09133529663086,0,1038240,0.0
bred_vector_winter,0,10,60.0,v10m,-19.912567138671875,18.4458065032959,0,1038240,0.0
bred_vector_winter,0,10,60.0,u100m,-43.603065490722656,28.421899795532227,0,1038240,0.0
bred_vector_winter,0,10,60.0,v100m,-25.592615127563477,24.44519805908203,0,1038240,0.0
bred_vector_winter,0,10,60.0,t2m,226.501220703125,314.2254943847656,0,1038240,0.0
bred_vector_winter,0,10,60.0,sp,47975.734375,104680.59375,0,1038240,0.0
bred_vector_winter,0,10,60.0,msl,94690.5234375,105958.1796875,0,1038240,0.0
bred_vector_winter,0,10,60.0,tcwv,-2.34503173828125,71.3512191772461,12625,1038240,0.012160001541069502
bred_vector_winter,0,10,60.0,u50,-26.589183807373047,44.022422790527344,0,1038240,0.0
bred_vector_winter,0,10,60.0,u100,-38.2013053894043,49.504329681396484,0,1038240,0.0
bred_vector_winter,0,10,60.0,u150,-30.85871696472168,75.80037689208984,0,1038240,0.0
bred_vector_winter,0,10,60.0,u200,-24.047746658325195,89.41111755371094,0,1038240,0.0
bred_vector_winter,0,10,60.0,u250,-28.735031127929688,85.718505859375,0,1038240,0.0
bred_vector_winter,0,10,60.0,u300,-39.205997467041016,80.435546875,0,1038240,0.0
bred_vector_winter,0,10,60.0,u400,-34.209075927734375,68.58157348632812,0,1038240,0.0
bred_vector_winter,0,10,60.0,u500,-29.29288101196289,61.13901901245117,0,1038240,0.0
bred_vector_winter,0,10,60.0,u600,-40.68293762207031,52.697776794433594,0,1038240,0.0
bred_vector_winter,0,10,60.0,u700,-50.39706802368164,42.22233581542969,0,1038240,0.0
bred_vector_winter,0,10,60.0,u850,-39.518245697021484,36.06007766723633,0,1038240,0.0
bred_vector_winter,0,10,60.0,u925,-34.71275329589844,34.80902099609375,0,1038240,0.0
bred_vector_winter,0,10,60.0,u1000,-33.329044342041016,21.943796157836914,0,1038240,0.0
bred_vector_winter,0,10,60.0,v50,-39.36716079711914,39.598548889160156,0,1038240,0.0
bred_vector_winter,0,10,60.0,v100,-33.32102584838867,20.823936462402344,0,1038240,0.0
bred_vector_winter,0,10,60.0,v150,-48.97540283203125,30.481952667236328,0,1038240,0.0
bred_vector_winter,0,10,60.0,v200,-70.8308334350586,52.12185287475586,0,1038240,0.0
bred_vector_winter,0,10,60.0,v250,-74.3559799194336,61.83831787109375,0,1038240,0.0
bred_vector_winter,0,10,60.0,v300,-77.79935455322266,64.05316162109375,0,1038240,0.0
bred_vector_winter,0,10,60.0,v400,-66.86679077148438,57.33366012573242,0,1038240,0.0
bred_vector_winter,0,10,60.0,v500,-50.665950775146484,50.34805679321289,0,1038240,0.0
bred_vector_winter,0,10,60.0,v600,-38.10157012939453,43.307525634765625,0,1038240,0.0
bred_vector_winter,0,10,60.0,v700,-31.86939239501953,36.125423431396484,0,1038240,0.0
bred_vector_winter,0,10,60.0,v850,-35.82978820800781,30.084684371948242,0,1038240,0.0
bred_vector_winter,0,10,60.0,v925,-32.08842468261719,28.060346603393555,0,1038240,0.0
bred_vector_winter,0,10,60.0,v1000,-20.022075653076172,18.76542091369629,0,1038240,0.0
bred_vector_winter,0,10,60.0,z50,189650.859375,203892.65625,0,1038240,0.0
bred_vector_winter,0,10,60.0,z100,148349.453125,163637.75,0,1038240,0.0
bred_vector_winter,0,10,60.0,z150,123270.6484375,140477.5,0,1038240,0.0
bred_vector_winter,0,10,60.0,z200,105053.671875,122650.625,0,1038240,0.0
bred_vector_winter,0,10,60.0,z250,90904.5859375,107961.34375,0,1038240,0.0
bred_vector_winter,0,10,60.0,z300,79504.6875,95340.453125,0,1038240,0.0
bred_vector_winter,0,10,60.0,z400,61680.046875,74642.671875,0,1038240,0.0
bred_vector_winter,0,10,60.0,z500,47462.19140625,58013.8203125,0,1038240,0.0
bred_vector_winter,0,10,60.0,z600,34597.83984375,44130.296875,0,1038240,0.0
bred_vector_winter,0,10,60.0,z700,23203.890625,31974.546875,0,1038240,0.0
bred_vector_winter,0,10,60.0,z850,8434.931640625,16291.0400390625,0,1038240,0.0
bred_vector_winter,0,10,60.0,z925,1896.873046875,9646.5400390625,0,1038240,0.0
bred_vector_winter,0,10,60.0,z1000,-4226.3076171875,4142.197265625,0,1038240,0.0
bred_vector_winter,0,10,60.0,t50,192.63259887695312,238.85052490234375,0,1038240,0.0
bred_vector_winter,0,10,60.0,t100,185.29302978515625,234.49209594726562,0,1038240,0.0
bred_vector_winter,0,10,60.0,t150,196.6318359375,235.04644775390625,0,1038240,0.0
bred_vector_winter,0,10,60.0,t200,201.7845916748047,236.1251983642578,0,1038240,0.0
bred_vector_winter,0,10,60.0,t250,205.92547607421875,238.8499755859375,0,1038240,0.0
bred_vector_winter,0,10,60.0,t300,207.05715942382812,247.48158264160156,0,1038240,0.0
bred_vector_winter,0,10,60.0,t400,216.30120849609375,261.671630859375,0,1038240,0.0
bred_vector_winter,0,10,60.0,t500,225.5998077392578,271.6629333496094,0,1038240,0.0
bred_vector_winter,0,10,60.0,t600,230.04263305664062,279.6647644042969,0,1038240,0.0
bred_vector_winter,0,10,60.0,t700,234.69412231445312,288.55902099609375,0,1038240,0.0
bred_vector_winter,0,10,60.0,t850,235.75173950195312,304.78271484375,0,1038240,0.0
bred_vector_winter,0,10,60.0,t925,233.94186401367188,312.1908874511719,0,1038240,0.0
bred_vector_winter,0,10,60.0,t1000,229.64718627929688,317.1830749511719,0,1038240,0.0
bred_vector_winter,0,10,60.0,q50,4.231746970617678e-07,2.213256038885447e-06,0,1038240,0.0
bred_vector_winter,0,10,60.0,q100,7.461073892045533e-07,3.1391414268000517e-06,0,1038240,0.0
bred_vector_winter,0,10,60.0,q150,1.277880983252544e-07,2.2623775294050574e-05,0,1038240,0.0
bred_vector_winter,0,10,60.0,q200,-4.765079211210832e-06,0.00013521550863515586,10070,1038240,0.009699106179688704
bred_vector_winter,0,10,60.0,q250,-1.0806481441250071e-05,0.00047383891069330275,10419,1038240,0.010035251964863615
bred_vector_winter,0,10,60.0,q300,-2.522063732612878e-05,0.0011325468076393008,3097,1038240,0.0029829326552627522
bred_vector_winter,0,10,60.0,q400,-8.180286386050284e-05,0.003492694115266204,2261,1038240,0.0021777238403451996
bred_vector_winter,0,10,60.0,q500,-9.51677211560309e-05,0.006406216416507959,1406,1038240,0.0013542148250886114
bred_vector_winter,0,10,60.0,q600,-0.0001329196384176612,0.008569070138037205,854,1038240,0.0008225458468176914
bred_vector_winter,0,10,60.0,q700,-0.00013302755542099476,0.011469552293419838,608,1038240,0.0005856064108491293
bred_vector_winter,0,10,60.0,q850,-0.0006197206676006317,0.016053151339292526,5742,1038240,0.005530513176144244
bred_vector_winter,0,10,60.0,q925,-0.000549140851944685,0.018338896334171295,10557,1038240,0.010168169209431345
bred_vector_winter,0,10,60.0,q1000,-0.0008391379378736019,0.021108370274305344,10956,1038240,0.010552473416551087
bred_vector_winter,0,11,66.0,u10m,-28.82014274597168,21.3426570892334,0,1038240,0.0
bred_vector_winter,0,11,66.0,v10m,-21.168521881103516,18.041908264160156,0,1038240,0.0
bred_vector_winter,0,11,66.0,u100m,-37.156394958496094,26.78536605834961,0,1038240,0.0
bred_vector_winter,0,11,66.0,v100m,-26.940465927124023,23.391511917114258,0,1038240,0.0
bred_vector_winter,0,11,66.0,t2m,225.37387084960938,314.1795349121094,0,1038240,0.0
bred_vector_winter,0,11,66.0,sp,48023.24609375,104543.671875,0,1038240,0.0
bred_vector_winter,0,11,66.0,msl,94804.140625,106127.71875,0,1038240,0.0
bred_vector_winter,0,11,66.0,tcwv,-2.6259193420410156,70.89568328857422,9149,1038240,0.008812028047464941
bred_vector_winter,0,11,66.0,u50,-28.521350860595703,44.674034118652344,0,1038240,0.0
bred_vector_winter,0,11,66.0,u100,-37.1036262512207,50.697269439697266,0,1038240,0.0
bred_vector_winter,0,11,66.0,u150,-30.276391983032227,78.7140121459961,0,1038240,0.0
bred_vector_winter,0,11,66.0,u200,-25.56833839416504,91.82250213623047,0,1038240,0.0
bred_vector_winter,0,11,66.0,u250,-37.61305236816406,87.15924072265625,0,1038240,0.0
bred_vector_winter,0,11,66.0,u300,-46.92362594604492,80.12278747558594,0,1038240,0.0
bred_vector_winter,0,11,66.0,u400,-41.573455810546875,69.7981948852539,0,1038240,0.0
bred_vector_winter,0,11,66.0,u500,-39.701568603515625,58.70362854003906,0,1038240,0.0
bred_vector_winter,0,11,66.0,u600,-43.86981964111328,49.68387222290039,0,1038240,0.0
bred_vector_winter,0,11,66.0,u700,-46.60939025878906,39.11775588989258,0,1038240,0.0
bred_vector_winter,0,11,66.0,u850,-40.23539733886719,38.037174224853516,0,1038240,0.0
bred_vector_winter,0,11,66.0,u925,-41.39627456665039,32.41428756713867,0,1038240,0.0
bred_vector_winter,0,11,66.0,u1000,-28.616153717041016,21.17980194091797,0,1038240,0.0
bred_vector_winter,0,11,66.0,v50,-39.61143112182617,41.86766052246094,0,1038240,0.0
bred_vector_winter,0,11,66.0,v100,-33.55548095703125,22.146358489990234,0,1038240,0.0
bred_vector_winter,0,11,66.0,v150,-52.14901351928711,28.738483428955078,0,1038240,0.0
bred_vector_winter,0,11,66.0,v200,-65.91484832763672,48.14935302734375,0,1038240,0.0
bred_vector_winter,0,11,66.0,v250,-72.06974792480469,60.76377868652344,0,1038240,0.0
bred_vector_winter,0,11,66.0,v300,-73.38427734375,63.497154235839844,0,1038240,0.0
bred_vector_winter,0,11,66.0,v400,-66.26860046386719,53.145057678222656,0,1038240,0.0
bred_vector_winter,0,11,66.0,v500,-49.271385192871094,41.62830352783203,0,1038240,0.0
bred_vector_winter,0,11,66.0,v600,-38.17333221435547,34.80384063720703,0,1038240,0.0
bred_vector_winter,0,11,66.0,v700,-32.74893569946289,32.01517105102539,0,1038240,0.0
bred_vector_winter,0,11,66.0,v850,-33.39756774902344,32.96622085571289,0,1038240,0.0
bred_vector_winter,0,11,66.0,v925,-35.17157745361328,29.36049461364746,0,1038240,0.0
bred_vector_winter,0,11,66.0,v1000,-21.340137481689453,18.90625762939453,0,1038240,0.0
bred_vector_winter,0,11,66.0,z50,189617.046875,203733.5625,0,1038240,0.0
bred_vector_winter,0,11,66.0,z100,148248.0,163283.21875,0,1038240,0.0
bred_vector_winter,0,11,66.0,z150,123116.140625,140147.296875,0,1038240,0.0
bred_vector_winter,0,11,66.0,z200,104865.328125,122364.3046875,0,1038240,0.0
bred_vector_winter,0,11,66.0,z250,90711.0,107915.1015625,0,1038240,0.0
bred_vector_winter,0,11,66.0,z300,79323.578125,95473.078125,0,1038240,0.0
bred_vector_winter,0,11,66.0,z400,61534.84765625,74738.515625,0,1038240,0.0
bred_vector_winter,0,11,66.0,z500,47243.77734375,57904.46875,0,1038240,0.0
bred_vector_winter,0,11,66.0,z600,34562.10546875,44009.51953125,0,1038240,0.0
bred_vector_winter,0,11,66.0,z700,23261.431640625,31843.962890625,0,1038240,0.0
bred_vector_winter,0,11,66.0,z850,8532.130859375,16168.06640625,0,1038240,0.0
bred_vector_winter,0,11,66.0,z925,1993.94580078125,9771.0341796875,0,1038240,0.0
bred_vector_winter,0,11,66.0,z1000,-4133.123046875,4212.3994140625,0,1038240,0.0
bred_vector_winter,0,11,66.0,t50,192.6439666748047,238.7521209716797,0,1038240,0.0
bred_vector_winter,0,11,66.0,t100,185.40298461914062,234.66590881347656,0,1038240,0.0
bred_vector_winter,0,11,66.0,t150,197.3345184326172,235.10296630859375,0,1038240,0.0
bred_vector_winter,0,11,66.0,t200,201.8572235107422,236.21165466308594,0,1038240,0.0
bred_vector_winter,0,11,66.0,t250,206.13201904296875,238.55853271484375,0,1038240,0.0
bred_vector_winter,0,11,66.0,t300,207.0739288330078,247.2701416015625,0,1038240,0.0
bred_vector_winter,0,11,66.0,t400,215.94921875,261.8760681152344,0,1038240,0.0
bred_vector_winter,0,11,66.0,t500,225.5342254638672,271.9215393066406,0,1038240,0.0
bred_vector_winter,0,11,66.0,t600,230.81607055664062,286.2844543457031,0,1038240,0.0
bred_vector_winter,0,11,66.0,t700,234.1356201171875,292.8887939453125,0,1038240,0.0
bred_vector_winter,0,11,66.0,t850,234.62030029296875,305.97802734375,0,1038240,0.0
bred_vector_winter,0,11,66.0,t925,233.83221435546875,310.97320556640625,0,1038240,0.0
bred_vector_winter,0,11,66.0,t1000,229.8739013671875,315.74249267578125,0,1038240,0.0
bred_vector_winter,0,11,66.0,q50,4.6288050725706853e-07,2.2369235921360087e-06,0,1038240,0.0
bred_vector_winter,0,11,66.0,q100,7.932798098408966e-07,3.1095967187866336e-06,0,1038240,0.0
bred_vector_winter,0,11,66.0,q150,2.1010464479331858e-07,2.1085405023768544e-05,0,1038240,0.0
bred_vector_winter,0,11,66.0,q200,-6.659531209152192e-06,0.00013057944306638092,12682,1038240,0.012214902142086608
bred_vector_winter,0,11,66.0,q250,-8.642538887215778e-06,0.0004572186153382063,9480,1038240,0.009130836800739714
bred_vector_winter,0,11,66.0,q300,-1.7785729141905904e-05,0.0011374501045793295,253,1038240,0.00024368161504083834
bred_vector_winter,0,11,66.0,q400,-4.4912914745509624e-05,0.0035040564835071564,1448,1038240,0.0013946678995222686
bred_vector_winter,0,11,66.0,q500,-3.94924427382648e-05,0.006454721093177795,716,1038240,0.0006896286022499615
bred_vector_winter,0,11,66.0,q600,-5.589413922280073e-05,0.010062932036817074,357,1038240,0.0003438511326860841
bred_vector_winter,0,11,66.0,q700,-0.0001307227648794651,0.011933840811252594,623,1038240,0.0006000539374325782
bred_vector_winter,0,11,66.0,q850,-0.0008324109949171543,0.016009634360671043,8650,1038240,0.008331406996455541
bred_vector_winter,0,11,66.0,q925,-0.0006148968823254108,0.01858174242079258,10843,1038240,0.010443635382955771
bred_vector_winter,0,11,66.0,q1000,-0.0009669116698205471,0.02127137966454029,10095,1038240,0.009723185390661119
bred_vector_winter,0,12,72.0,u10m,-25.984251022338867,21.043725967407227,0,1038240,0.0
bred_vector_winter,0,12,72.0,v10m,-19.77656364440918,18.223424911499023,0,1038240,0.0
bred_vector_winter,0,12,72.0,u100m,-33.96647262573242,25.59634017944336,0,1038240,0.0
bred_vector_winter,0,12,72.0,v100m,-25.213912963867188,25.030153274536133,0,1038240,0.0
bred_vector_winter,0,12,72.0,t2m,224.35858154296875,312.18072509765625,0,1038240,0.0
bred_vector_winter,0,12,72.0,sp,47881.85546875,104491.6640625,0,1038240,0.0
bred_vector_winter,0,12,72.0,msl,94942.421875,106227.2421875,0,1038240,0.0
bred_vector_winter,0,12,72.0,tcwv,-2.864826202392578,71.30567169189453,14285,1038240,0.013758861149637848
bred_vector_winter,0,12,72.0,u50,-28.042076110839844,47.28157043457031,0,1038240,0.0
bred_vector_winter,0,12,72.0,u100,-36.22194290161133,50.411991119384766,0,1038240,0.0
bred_vector_winter,0,12,72.0,u150,-31.1160831451416,77.46163940429688,0,1038240,0.0
bred_vector_winter,0,12,72.0,u200,-25.317506790161133,91.78009033203125,0,1038240,0.0
bred_vector_winter,0,12,72.0,u250,-40.62754440307617,87.63212585449219,0,1038240,0.0
bred_vector_winter,0,12,72.0,u300,-53.42809295654297,81.87671661376953,0,1038240,0.0
bred_vector_winter,0,12,72.0,u400,-46.63581848144531,70.5687255859375,0,1038240,0.0
bred_vector_winter,0,12,72.0,u500,-39.15365219116211,60.75443649291992,0,1038240,0.0
bred_vector_winter,0,12,72.0,u600,-40.70888137817383,51.3980827331543,0,1038240,0.0
bred_vector_winter,0,12,72.0,u700,-44.07973098754883,41.1723518371582,0,1038240,0.0
bred_vector_winter,0,12,72.0,u850,-39.43217086791992,34.022552490234375,0,1038240,0.0
bred_vector_winter,0,12,72.0,u925,-38.37699890136719,29.771564483642578,0,1038240,0.0
bred_vector_winter,0,12,72.0,u1000,-25.979053497314453,22.046306610107422,0,1038240,0.0
bred_vector_winter,0,12,72.0,v50,-42.174095153808594,43.089080810546875,0,1038240,0.0
bred_vector_winter,0,12,72.0,v100,-32.775020599365234,23.0128173828125,0,1038240,0.0
bred_vector_winter,0,12,72.0,v150,-52.25581359863281,27.86573028564453,0,1038240,0.0
bred_vector_winter,0,12,72.0,v200,-65.72560119628906,43.81632995605469,0,1038240,0.0
bred_vector_winter,0,12,72.0,v250,-72.70291900634766,59.72249221801758,0,1038240,0.0
bred_vector_winter,0,12,72.0,v300,-69.54668426513672,61.85491943359375,0,1038240,0.0
bred_vector_winter,0,12,72.0,v400,-64.2639389038086,50.948604583740234,0,1038240,0.0
bred_vector_winter,0,12,72.0,v500,-50.47238540649414,38.014095306396484,0,1038240,0.0
bred_vector_winter,0,12,72.0,v600,-38.092445373535156,33.835384368896484,0,1038240,0.0
bred_vector_winter,0,12,72.0,v700,-32.53622055053711,31.324054718017578,0,1038240,0.0
bred_vector_winter,0,12,72.0,v850,-30.90787124633789,36.02903366088867,0,1038240,0.0
bred_vector_winter,0,12,72.0,v925,-33.66923904418945,31.157320022583008,0,1038240,0.0
bred_vector_winter,0,12,72.0,v1000,-21.702119827270508,20.034425735473633,0,1038240,0.0
bred_vector_winter,0,12,72.0,z50,189591.171875,203849.484375,0,1038240,0.0
bred_vector_winter,0,12,72.0,z100,148126.890625,163450.671875,0,1038240,0.0
bred_vector_winter,0,12,72.0,z150,122933.4453125,140309.71875,0,1038240,0.0
bred_vector_winter,0,12,72.0,z200,104657.609375,122537.9453125,0,1038240,0.0
bred_vector_winter,0,12,72.0,z250,90505.9921875,107880.796875,0,1038240,0.0
bred_vector_winter,0,12,72.0,z300,79137.453125,95394.625,0,1038240,0.0
bred_vector_winter,0,12,72.0,z400,61389.8984375,74635.2578125,0,1038240,0.0
bred_vector_winter,0,12,72.0,z500,47016.98046875,57961.27734375,0,1038240,0.0
bred_vector_winter,0,12,72.0,z600,34455.828125,44081.19140625,0,1038240,0.0
bred_vector_winter,0,12,72.0,z700,23240.76171875,31933.416015625,0,1038240,0.0
bred_vector_winter,0,12,72.0,z850,8608.7578125,16282.171875,0,1038240,0.0
bred_vector_winter,0,12,72.0,z925,2092.76025390625,9863.951171875,0,1038240,0.0
bred_vector_winter,0,12,72.0,z1000,-4020.5126953125,4301.40478515625,0,1038240,0.0
bred_vector_winter,0,12,72.0,t50,192.6571044921875,238.89041137695312,0,1038240,0.0
bred_vector_winter,0,12,72.0,t100,185.63270568847656,234.8650665283203,0,1038240,0.0
bred_vector_winter,0,12,72.0,t150,199.10592651367188,235.52723693847656,0,1038240,0.0
bred_vector_winter,0,12,72.0,t200,202.0213165283203,236.4355010986328,0,1038240,0.0
bred_vector_winter,0,12,72.0,t250,206.4866485595703,238.48202514648438,0,1038240,0.0
bred_vector_winter,0,12,72.0,t300,207.15135192871094,247.2082977294922,0,1038240,0.0
bred_vector_winter,0,12,72.0,t400,215.58609008789062,262.0669250488281,0,1038240,0.0
bred_vector_winter,0,12,72.0,t500,225.0543212890625,272.2671203613281,0,1038240,0.0
bred_vector_winter,0,12,72.0,t600,231.68992614746094,284.706787109375,0,1038240,0.0
bred_vector_winter,0,12,72.0,t700,233.89602661132812,291.88775634765625,0,1038240,0.0
bred_vector_winter,0,12,72.0,t850,233.49623107910156,302.277099609375,0,1038240,0.0
bred_vector_winter,0,12,72.0,t925,233.41317749023438,307.3624267578125,0,1038240,0.0
bred_vector_winter,0,12,72.0,t1000,229.2082977294922,312.580322265625,0,1038240,0.0
bred_vector_winter,0,12,72.0,q50,4.991213700122898e-07,2.2616661681240657e-06,0,1038240,0.0
bred_vector_winter,0,12,72.0,q100,8.147208063746803e-07,3.103248218394583e-06,0,1038240,0.0
bred_vector_winter,0,12,72.0,q150,1.3492899597622454e-07,2.0911618776153773e-05,0,1038240,0.0
bred_vector_winter,0,12,72.0,q200,-5.670517566613853e-06,0.00013711937936022878,11154,1038240,0.010743180767452612
bred_vector_winter,0,12,72.0,q250,-1.178881575469859e-05,0.0004684322630055249,13089,1038240,0.012606911696717522
bred_vector_winter,0,12,72.0,q300,-4.582543624565005e-06,0.0011570544447749853,1950,1038240,0.0018781784558483587
bred_vector_winter,0,12,72.0,q400,-5.444302223622799e-05,0.0035282715689390898,2159,1038240,0.002079480659577747
bred_vector_winter,0,12,72.0,q500,-6.754370406270027e-05,0.0064721195958554745,468,1038240,0.0004507628294036061
bred_vector_winter,0,12,72.0,q600,-4.821515176445246e-05,0.008292288519442081,186,1038240,0.00017914932963476653
bred_vector_winter,0,12,72.0,q700,-0.00010967743583023548,0.011714285239577293,565,1038240,0.0005441901679765757
bred_vector_winter,0,12,72.0,q850,-0.0005453554913401604,0.015955079346895218,8426,1038240,0.008115657266142703
bred_vector_winter,0,12,72.0,q925,-0.0007661478593945503,0.0192289836704731,11993,1038240,0.011551279087686855
bred_vector_winter,0,12,72.0,q1000,-0.0011421828530728817,0.020869633182883263,10732,1038240,0.01033672368623825
bred_vector_winter,0,13,78.0,u10m,-24.8837833404541,21.775867462158203,0,1038240,0.0
bred_vector_winter,0,13,78.0,v10m,-19.647029876708984,17.877843856811523,0,1038240,0.0
bred_vector_winter,0,13,78.0,u100m,-32.16712188720703,27.147560119628906,0,1038240,0.0
bred_vector_winter,0,13,78.0,v100m,-24.439464569091797,23.458343505859375,0,1038240,0.0
bred_vector_winter,0,13,78.0,t2m,227.06541442871094,318.63226318359375,0,1038240,0.0
bred_vector_winter,0,13,78.0,sp,47950.9765625,104487.9921875,0,1038240,0.0
bred_vector_winter,0,13,78.0,msl,94991.21875,106218.0078125,0,1038240,0.0
bred_vector_winter,0,13,78.0,tcwv,-2.4144039154052734,71.84894561767578,12332,1038240,0.011877793188472801
bred_vector_winter,0,13,78.0,u50,-26.566051483154297,48.49775695800781,0,1038240,0.0
bred_vector_winter,0,13,78.0,u100,-36.85528564453125,50.01084899902344,0,1038240,0.0
bred_vector_winter,0,13,78.0,u150,-30.455190658569336,77.7896728515625,0,1038240,0.0
bred_vector_winter,0,13,78.0,u200,-26.745615005493164,90.13851928710938,0,1038240,0.0
bred_vector_winter,0,13,78.0,u250,-38.41939926147461,86.84257507324219,0,1038240,0.0
bred_vector_winter,0,13,78.0,u300,-38.128597259521484,83.791259765625,0,1038240,0.0
bred_vector_winter,0,13,78.0,u400,-33.217552185058594,71.12857055664062,0,1038240,0.0
bred_vector_winter,0,13,78.0,u500,-31.541549682617188,61.06282424926758,0,1038240,0.0
bred_vector_winter,0,13,78.0,u600,-35.40629577636719,52.661354064941406,0,1038240,0.0
bred_vector_winter,0,13,78.0,u700,-33.75653839111328,42.42391586303711,0,1038240,0.0
bred_vector_winter,0,13,78.0,u850,-40.82868957519531,32.96415710449219,0,1038240,0.0
bred_vector_winter,0,13,78.0,u925,-36.274269104003906,31.08075714111328,0,1038240,0.0
bred_vector_winter,0,13,78.0,u1000,-24.470760345458984,25.288110733032227,0,1038240,0.0
bred_vector_winter,0,13,78.0,v50,-42.57704162597656,43.286373138427734,0,1038240,0.0
bred_vector_winter,0,13,78.0,v100,-32.961612701416016,24.130464553833008,0,1038240,0.0
bred_vector_winter,0,13,78.0,v150,-48.584861755371094,31.098546981811523,0,1038240,0.0
bred_vector_winter,0,13,78.0,v200,-65.08633422851562,44.24221420288086,0,1038240,0.0
bred_vector_winter,0,13,78.0,v250,-71.06471252441406,57.01886749267578,0,1038240,0.0
bred_vector_winter,0,13,78.0,v300,-67.3425521850586,61.81696319580078,0,1038240,0.0
bred_vector_winter,0,13,78.0,v400,-55.88014602661133,51.01651382446289,0,1038240,0.0
bred_vector_winter,0,13,78.0,v500,-49.459964752197266,38.098262786865234,0,1038240,0.0
bred_vector_winter,0,13,78.0,v600,-40.76877975463867,33.941123962402344,0,1038240,0.0
bred_vector_winter,0,13,78.0,v700,-33.52923583984375,31.744848251342773,0,1038240,0.0
bred_vector_winter,0,13,78.0,v850,-27.07025718688965,36.31574630737305,0,1038240,0.0
bred_vector_winter,0,13,78.0,v925,-31.831012725830078,31.56612777709961,0,1038240,0.0
bred_vector_winter,0,13,78.0,v1000,-23.067955017089844,18.4299259185791,0,1038240,0.0
bred_vector_winter,0,13,78.0,z50,189556.640625,204049.0,0,1038240,0.0
bred_vector_winter,0,13,78.0,z100,147978.96875,163362.734375,0,1038240,0.0
bred_vector_winter,0,13,78.0,z150,122724.9921875,140227.21875,0,1038240,0.0
bred_vector_winter,0,13,78.0,z200,104406.21875,122429.9765625,0,1038240,0.0
bred_vector_winter,0,13,78.0,z250,90247.9765625,107914.109375,0,1038240,0.0
bred_vector_winter,0,13,78.0,z300,78901.15625,95452.03125,0,1038240,0.0
bred_vector_winter,0,13,78.0,z400,61190.97265625,74701.0859375,0,1038240,0.0
bred_vector_winter,0,13,78.0,z500,46817.8046875,57865.3515625,0,1038240,0.0
bred_vector_winter,0,13,78.0,z600,34418.98828125,43926.26953125,0,1038240,0.0
bred_vector_winter,0,13,78.0,z700,23241.361328125,31820.61328125,0,1038240,0.0
bred_vector_winter,0,13,78.0,z850,8639.55859375,16183.1015625,0,1038240,0.0
bred_vector_winter,0,13,78.0,z925,2125.51123046875,9888.0546875,0,1038240,0.0
bred_vector_winter,0,13,78.0,z1000,-3982.0302734375,4313.52783203125,0,1038240,0.0
bred_vector_winter,0,13,78.0,t50,192.43519592285156,238.790771484375,0,1038240,0.0
bred_vector_winter,0,13,78.0,t100,185.31405639648438,235.09912109375,0,1038240,0.0
bred_vector_winter,0,13,78.0,t150,200.85556030273438,236.1123809814453,0,1038240,0.0
bred_vector_winter,0,13,78.0,t200,202.24562072753906,236.8542022705078,0,1038240,0.0
bred_vector_winter,0,13,78.0,t250,206.37413024902344,239.2060089111328,0,1038240,0.0
bred_vector_winter,0,13,78.0,t300,207.2676239013672,247.38314819335938,0,1038240,0.0
bred_vector_winter,0,13,78.0,t400,215.3361053466797,262.27996826171875,0,1038240,0.0
bred_vector_winter,0,13,78.0,t500,224.5585479736328,272.2169494628906,0,1038240,0.0
bred_vector_winter,0,13,78.0,t600,230.58241271972656,279.821044921875,0,1038240,0.0
bred_vector_winter,0,13,78.0,t700,233.87722778320312,288.38916015625,0,1038240,0.0
bred_vector_winter,0,13,78.0,t850,235.7072296142578,305.23358154296875,0,1038240,0.0
bred_vector_winter,0,13,78.0,t925,233.22572326660156,313.1234130859375,0,1038240,0.0
bred_vector_winter,0,13,78.0,t1000,229.4138641357422,318.4930725097656,0,1038240,0.0
bred_vector_winter,0,13,78.0,q50,5.373960902943509e-07,2.2858341708342778e-06,0,1038240,0.0
bred_vector_winter,0,13,78.0,q100,8.548261121177347e-07,3.1019299058243632e-06,0,1038240,0.0
bred_vector_winter,0,13,78.0,q150,2.465581019350793e-07,2.2217784135136753e-05,0,1038240,0.0
bred_vector_winter,0,13,78.0,q200,-8.923963832785375e-06,0.0001500971120549366,15589,1038240,0.015014832793959007
bred_vector_winter,0,13,78.0,q250,-9.611107088858262e-06,0.0005104768788442016,14869,1038240,0.01432135151795346
bred_vector_winter,0,13,78.0,q300,-2.7901260182261467e-06,0.001249393681064248,1940,1038240,0.001868546771459393
bred_vector_winter,0,13,78.0,q400,-2.511899219825864e-05,0.0036404156126081944,2265,1038240,0.002181576514100786
bred_vector_winter,0,13,78.0,q500,-5.346769466996193e-05,0.00666241766884923,338,1038240,0.0003255509323470489
bred_vector_winter,0,13,78.0,q600,-4.485843237489462e-05,0.008490134961903095,134,1038240,0.00012906457081214361
bred_vector_winter,0,13,78.0,q700,-0.00012886407785117626,0.01180337555706501,420,1038240,0.0004045307443365696
bred_vector_winter,0,13,78.0,q850,-0.0005093859508633614,0.01648421585559845,9532,1038240,0.009180921559562336
bred_vector_winter,0,13,78.0,q925,-0.0009557921439409256,0.018718171864748,11200,1038240,0.010787486515641856
bred_vector_winter,0,13,78.0,q1000,-0.0013367352075874805,0.020473821088671684,10282,1038240,0.009903297888734782
bred_vector_winter,0,14,84.0,u10m,-25.949928283691406,22.587949752807617,0,1038240,0.0
bred_vector_winter,0,14,84.0,v10m,-21.260007858276367,17.360139846801758,0,1038240,0.0
bred_vector_winter,0,14,84.0,u100m,-34.3015251159668,28.074783325195312,0,1038240,0.0
bred_vector_winter,0,14,84.0,v100m,-26.507728576660156,22.547927856445312,0,1038240,0.0
bred_vector_winter,0,14,84.0,t2m,226.17160034179688,313.9310302734375,0,1038240,0.0
bred_vector_winter,0,14,84.0,sp,47754.5625,104536.671875,0,1038240,0.0
bred_vector_winter,0,14,84.0,msl,95184.328125,106168.0234375,0,1038240,0.0
bred_vector_winter,0,14,84.0,tcwv,-2.542522430419922,72.46664428710938,15591,1038240,0.0150167591308368
bred_vector_winter,0,14,84.0,u50,-25.883975982666016,48.94044876098633,0,1038240,0.0
bred_vector_winter,0,14,84.0,u100,-36.86283874511719,50.602996826171875,0,1038240,0.0
bred_vector_winter,0,14,84.0,u150,-30.72585105895996,76.6231689453125,0,1038240,0.0
bred_vector_winter,0,14,84.0,u200,-25.83089256286621,87.95035552978516,0,1038240,0.0
bred_vector_winter,0,14,84.0,u250,-37.201271057128906,85.66195678710938,0,1038240,0.0
bred_vector_winter,0,14,84.0,u300,-35.01838302612305,85.67839050292969,0,1038240,0.0
bred_vector_winter,0,14,84.0,u400,-32.040977478027344,68.30643463134766,0,1038240,0.0
bred_vector_winter,0,14,84.0,u500,-27.82550048828125,63.60184860229492,0,1038240,0.0
bred_vector_winter,0,14,84.0,u600,-29.815664291381836,52.37006378173828,0,1038240,0.0
bred_vector_winter,0,14,84.0,u700,-37.83562088012695,42.62111282348633,0,1038240,0.0
bred_vector_winter,0,14,84.0,u850,-41.955055236816406,32.972599029541016,0,1038240,0.0
bred_vector_winter,0,14,84.0,u925,-36.7313117980957,31.654964447021484,0,1038240,0.0
bred_vector_winter,0,14,84.0,u1000,-25.843059539794922,24.802627563476562,0,1038240,0.0
bred_vector_winter,0,14,84.0,v50,-44.58663558959961,42.89961242675781,0,1038240,0.0
bred_vector_winter,0,14,84.0,v100,-34.096519470214844,27.809646606445312,0,1038240,0.0
bred_vector_winter,0,14,84.0,v150,-44.236839294433594,33.78498077392578,0,1038240,0.0
bred_vector_winter,0,14,84.0,v200,-58.602027893066406,49.847557067871094,0,1038240,0.0
bred_vector_winter,0,14,84.0,v250,-64.37667846679688,60.01130676269531,0,1038240,0.0
bred_vector_winter,0,14,84.0,v300,-63.639808654785156,59.85898208618164,0,1038240,0.0
bred_vector_winter,0,14,84.0,v400,-54.33964538574219,51.69048309326172,0,1038240,0.0
bred_vector_winter,0,14,84.0,v500,-46.96407699584961,45.13323211669922,0,1038240,0.0
bred_vector_winter,0,14,84.0,v600,-40.078678131103516,37.015846252441406,0,1038240,0.0
bred_vector_winter,0,14,84.0,v700,-33.88481903076172,31.550912857055664,0,1038240,0.0
bred_vector_winter,0,14,84.0,v850,-27.650728225708008,34.13751983642578,0,1038240,0.0
bred_vector_winter,0,14,84.0,v925,-32.99783706665039,31.080360412597656,0,1038240,0.0
bred_vector_winter,0,14,84.0,v1000,-23.468809127807617,18.52876091003418,0,1038240,0.0
bred_vector_winter,0,14,84.0,z50,189560.140625,204234.03125,0,1038240,0.0
bred_vector_winter,0,14,84.0,z100,147849.859375,163518.5,0,1038240,0.0
bred_vector_winter,0,14,84.0,z150,122560.8125,140380.84375,0,1038240,0.0
bred_vector_winter,0,14,84.0,z200,104245.5078125,122538.7734375,0,1038240,0.0
bred_vector_winter,0,14,84.0,z250,90093.46875,107905.609375,0,1038240,0.0
bred_vector_winter,0,14,84.0,z300,78771.765625,95368.4765625,0,1038240,0.0
bred_vector_winter,0,14,84.0,z400,61091.71875,74600.7734375,0,1038240,0.0
bred_vector_winter,0,14,84.0,z500,46735.92578125,57913.80078125,0,1038240,0.0
bred_vector_winter,0,14,84.0,z600,34567.32421875,44067.53125,0,1038240,0.0
bred_vector_winter,0,14,84.0,z700,23411.30859375,31969.83203125,0,1038240,0.0
bred_vector_winter,0,14,84.0,z850,8802.09375,16345.8583984375,0,1038240,0.0
bred_vector_winter,0,14,84.0,z925,2287.26220703125,9860.5263671875,0,1038240,0.0
bred_vector_winter,0,14,84.0,z1000,-3820.5068359375,4264.48193359375,0,1038240,0.0
bred_vector_winter,0,14,84.0,t50,192.54367065429688,239.00205993652344,0,1038240,0.0
bred_vector_winter,0,14,84.0,t100,185.18533325195312,235.46163940429688,0,1038240,0.0
bred_vector_winter,0,14,84.0,t150,200.33209228515625,236.67205810546875,0,1038240,0.0
bred_vector_winter,0,14,84.0,t200,202.32655334472656,236.83189392089844,0,1038240,0.0
bred_vector_winter,0,14,84.0,t250,206.2369842529297,239.33087158203125,0,1038240,0.0
bred_vector_winter,0,14,84.0,t300,207.9351806640625,247.20962524414062,0,1038240,0.0
bred_vector_winter,0,14,84.0,t400,215.241455078125,262.19775390625,0,1038240,0.0
bred_vector_winter,0,14,84.0,t500,224.47271728515625,272.2329406738281,0,1038240,0.0
bred_vector_winter,0,14,84.0,t600,229.61679077148438,280.0115966796875,0,1038240,0.0
bred_vector_winter,0,14,84.0,t700,233.39706420898438,288.92242431640625,0,1038240,0.0
bred_vector_winter,0,14,84.0,t850,235.6538848876953,305.26495361328125,0,1038240,0.0
bred_vector_winter,0,14,84.0,t925,234.03277587890625,312.6373596191406,0,1038240,0.0
bred_vector_winter,0,14,84.0,t1000,229.47911071777344,317.6023254394531,0,1038240,0.0
bred_vector_winter,0,14,84.0,q50,5.733058969781268e-07,2.308223201907822e-06,0,1038240,0.0
bred_vector_winter,0,14,84.0,q100,8.582823056713096e-07,3.0794205940765096e-06,0,1038240,0.0
bred_vector_winter,0,14,84.0,q150,3.0851788324071094e-07,2.2728116164216772e-05,0,1038240,0.0
bred_vector_winter,0,14,84.0,q200,-6.016623956384137e-06,0.00014708004891872406,10347,1038240,0.009965903837263061
bred_vector_winter,0,14,84.0,q250,-1.0130588634638116e-05,0.0004996824427507818,16466,1038240,0.015859531514871322
bred_vector_winter,0,14,84.0,q300,-9.499912266619503e-06,0.0012114847777411342,2575,1038240,0.00248015873015873
bred_vector_winter,0,14,84.0,q400,-2.6097666705027223e-05,0.0036115290131419897,2015,1038240,0.0019407844043766373
bred_vector_winter,0,14,84.0,q500,-3.921531606465578e-05,0.006723291706293821,272,1038240,0.00026198181537987364
bred_vector_winter,0,14,84.0,q600,-4.0016137063503265e-05,0.008525446988642216,195,1038240,0.00018781784558483588
bred_vector_winter,0,14,84.0,q700,-8.42362642288208e-05,0.011536633595824242,968,1038240,0.0009323470488519032
bred_vector_winter,0,14,84.0,q850,-0.0006019365973770618,0.016177179291844368,7824,1038240,0.007535829865926953
bred_vector_winter,0,14,84.0,q925,-0.0010737297125160694,0.019025893881917,11761,1038240,0.011327824009862845
bred_vector_winter,0,14,84.0,q1000,-0.0014548557810485363,0.020628459751605988,11905,1038240,0.011466520265063954
bred_vector_winter,0,15,90.0,u10m,-23.141210556030273,20.426977157592773,0,1038240,0.0
bred_vector_winter,0,15,90.0,v10m,-22.16371726989746,18.098426818847656,0,1038240,0.0
bred_vector_winter,0,15,90.0,u100m,-30.028825759887695,25.07935333251953,0,1038240,0.0
bred_vector_winter,0,15,90.0,v100m,-28.056650161743164,24.619384765625,0,1038240,0.0
bred_vector_winter,0,15,90.0,t2m,225.14749145507812,313.8609619140625,0,1038240,0.0
bred_vector_winter,0,15,90.0,sp,47814.57421875,104514.625,0,1038240,0.0
bred_vector_winter,0,15,90.0,msl,95412.765625,106019.765625,0,1038240,0.0
bred_vector_winter,0,15,90.0,tcwv,-2.9466724395751953,72.13229370117188,11176,1038240,0.010764370473108338
bred_vector_winter,0,15,90.0,u50,-25.79407501220703,49.11961364746094,0,1038240,0.0
bred_vector_winter,0,15,90.0,u100,-35.87834167480469,52.41484451293945,0,1038240,0.0
bred_vector_winter,0,15,90.0,u150,-28.5714168548584,76.78089141845703,0,1038240,0.0
bred_vector_winter,0,15,90.0,u200,-25.783308029174805,85.38845825195312,0,1038240,0.0
bred_vector_winter,0,15,90.0,u250,-37.912288665771484,84.71527099609375,0,1038240,0.0
bred_vector_winter,0,15,90.0,u300,-37.9089469909668,88.08599090576172,0,1038240,0.0
bred_vector_winter,0,15,90.0,u400,-35.65867614746094,74.55091094970703,0,1038240,0.0
bred_vector_winter,0,15,90.0,u500,-29.34830093383789,65.84280395507812,0,1038240,0.0
bred_vector_winter,0,15,90.0,u600,-30.9511775970459,52.43830108642578,0,1038240,0.0
bred_vector_winter,0,15,90.0,u700,-38.11022186279297,40.4266471862793,0,1038240,0.0
bred_vector_winter,0,15,90.0,u850,-40.706634521484375,35.34706497192383,0,1038240,0.0
bred_vector_winter,0,15,90.0,u925,-38.47552490234375,30.9180965423584,0,1038240,0.0
bred_vector_winter,0,15,90.0,u1000,-22.83904266357422,22.47643280029297,0,1038240,0.0
bred_vector_winter,0,15,90.0,v50,-46.24443054199219,44.039344787597656,0,1038240,0.0
bred_vector_winter,0,15,90.0,v100,-35.73709487915039,28.692676544189453,0,1038240,0.0
bred_vector_winter,0,15,90.0,v150,-43.06723403930664,38.67796325683594,0,1038240,0.0
bred_vector_winter,0,15,90.0,v200,-59.89201354980469,57.26593017578125,0,1038240,0.0
bred_vector_winter,0,15,90.0,v250,-62.78139877319336,71.71569061279297,0,1038240,0.0
bred_vector_winter,0,15,90.0,v300,-60.04679870605469,72.73107147216797,0,1038240,0.0
bred_vector_winter,0,15,90.0,v400,-52.35761260986328,62.412845611572266,0,1038240,0.0
bred_vector_winter,0,15,90.0,v500,-44.7921028137207,51.858436584472656,0,1038240,0.0
bred_vector_winter,0,15,90.0,v600,-38.537864685058594,40.71384048461914,0,1038240,0.0
bred_vector_winter,0,15,90.0,v700,-32.81395721435547,32.105472564697266,0,1038240,0.0
bred_vector_winter,0,15,90.0,v850,-30.15947914123535,36.399600982666016,0,1038240,0.0
bred_vector_winter,0,15,90.0,v925,-33.09098815917969,33.47157287597656,0,1038240,0.0
bred_vector_winter,0,15,90.0,v1000,-23.96467399597168,19.99703598022461,0,1038240,0.0
bred_vector_winter,0,15,90.0,z50,189541.59375,204087.859375,0,1038240,0.0
bred_vector_winter,0,15,90.0,z100,147738.0,163190.71875,0,1038240,0.0
bred_vector_winter,0,15,90.0,z150,122407.9296875,140113.65625,0,1038240,0.0
bred_vector_winter,0,15,90.0,z200,104092.7265625,122359.640625,0,1038240,0.0
bred_vector_winter,0,15,90.0,z250,89962.71875,107877.8828125,0,1038240,0.0
bred_vector_winter,0,15,90.0,z300,78671.3203125,95433.859375,0,1038240,0.0
bred_vector_winter,0,15,90.0,z400,61026.55859375,74729.65625,0,1038240,0.0
bred_vector_winter,0,15,90.0,z500,46868.01953125,57826.2578125,0,1038240,0.0
bred_vector_winter,0,15,90.0,z600,34757.93359375,43971.31640625,0,1038240,0.0
bred_vector_winter,0,15,90.0,z700,23610.775390625,31894.509765625,0,1038240,0.0
bred_vector_winter,0,15,90.0,z850,8994.611328125,16260.576171875,0,1038240,0.0
bred_vector_winter,0,15,90.0,z925,2477.39453125,9762.8359375,0,1038240,0.0
bred_vector_winter,0,15,90.0,z1000,-3629.62890625,4171.3251953125,0,1038240,0.0
bred_vector_winter,0,15,90.0,t50,192.33946228027344,239.21006774902344,0,1038240,0.0
bred_vector_winter,0,15,90.0,t100,185.1407928466797,235.6642303466797,0,1038240,0.0
bred_vector_winter,0,15,90.0,t150,199.96173095703125,237.18572998046875,0,1038240,0.0
bred_vector_winter,0,15,90.0,t200,202.2254638671875,236.57489013671875,0,1038240,0.0
bred_vector_winter,0,15,90.0,t250,205.79014587402344,239.15335083007812,0,1038240,0.0
bred_vector_winter,0,15,90.0,t300,208.63063049316406,247.10951232910156,0,1038240,0.0
bred_vector_winter,0,15,90.0,t400,215.17178344726562,262.10687255859375,0,1038240,0.0
bred_vector_winter,0,15,90.0,t500,224.3227996826172,272.0458068847656,0,1038240,0.0
bred_vector_winter,0,15,90.0,t600,230.03924560546875,284.8540954589844,0,1038240,0.0
bred_vector_winter,0,15,90.0,t700,233.08570861816406,292.7911376953125,0,1038240,0.0
bred_vector_winter,0,15,90.0,t850,235.01806640625,306.41558837890625,0,1038240,0.0
bred_vector_winter,0,15,90.0,t925,234.3780059814453,311.35906982421875,0,1038240,0.0
bred_vector_winter,0,15,90.0,t1000,229.37960815429688,316.21319580078125,0,1038240,0.0
bred_vector_winter,0,15,90.0,q50,6.09032667853171e-07,2.330494226043811e-06,0,1038240,0.0
bred_vector_winter,0,15,90.0,q100,8.770499562160694e-07,3.0647124731331132e-06,0,1038240,0.0
bred_vector_winter,0,15,90.0,q150,3.910699888365343e-07,2.2144602553453296e-05,0,1038240,0.0
bred_vector_winter,0,15,90.0,q200,-9.161271009361371e-06,0.00013940708595328033,14335,1038240,0.013807019571582679
bred_vector_winter,0,15,90.0,q250,-9.878192940959707e-06,0.0004975384217686951,16429,1038240,0.01582389428263215
bred_vector_winter,0,15,90.0,q300,-3.481734893284738e-06,0.0012060035951435566,407,1038240,0.00039200955463091386
bred_vector_winter,0,15,90.0,q400,-5.467655137181282e-05,0.0036558459978550673,2504,1038240,0.002411773770997072
bred_vector_winter,0,15,90.0,q500,-8.597789565101266e-05,0.006814873777329922,491,1038240,0.0004729157034982278
bred_vector_winter,0,15,90.0,q600,-6.81726960465312e-05,0.009663470089435577,185,1038240,0.00017818616119586993
bred_vector_winter,0,15,90.0,q700,-0.00010737660340964794,0.011729439720511436,1687,1038240,0.0016248651564185544
bred_vector_winter,0,15,90.0,q850,-0.0004744050092995167,0.01619802601635456,10474,1038240,0.010088226229002928
bred_vector_winter,0,15,90.0,q925,-0.0011538942344486713,0.018712881952524185,13133,1038240,0.012649291108028973
bred_vector_winter,0,15,90.0,q1000,-0.0016398248262703419,0.021932944655418396,11471,1038240,0.011048505162582833
bred_vector_winter,0,16,96.0,u10m,-22.481971740722656,21.6295223236084,0,1038240,0.0
bred_vector_winter,0,16,96.0,v10m,-20.612886428833008,21.08196449279785,0,1038240,0.0
bred_vector_winter,0,16,96.0,u100m,-30.212162017822266,26.339885711669922,0,1038240,0.0
bred_vector_winter,0,16,96.0,v100m,-26.335092544555664,26.809551239013672,0,1038240,0.0
bred_vector_winter,0,16,96.0,t2m,223.04489135742188,311.10546875,0,1038240,0.0
bred_vector_winter,0,16,96.0,sp,47703.5234375,104479.65625,0,1038240,0.0
bred_vector_winter,0,16,96.0,msl,95694.734375,105967.296875,0,1038240,0.0
bred_vector_winter,0,16,96.0,tcwv,-3.31231689453125,72.67170715332031,15082,1038240,0.014526506395438434
bred_vector_winter,0,16,96.0,u50,-26.532073974609375,49.884525299072266,0,1038240,0.0
bred_vector_winter,0,16,96.0,u100,-34.82230758666992,53.17304992675781,0,1038240,0.0
bred_vector_winter,0,16,96.0,u150,-28.070104598999023,76.43330383300781,0,1038240,0.0
bred_vector_winter,0,16,96.0,u200,-24.219179153442383,84.02418518066406,0,1038240,0.0
bred_vector_winter,0,16,96.0,u250,-38.3808479309082,86.54255676269531,0,1038240,0.0
bred_vector_winter,0,16,96.0,u300,-39.626983642578125,85.47441101074219,0,1038240,0.0
bred_vector_winter,0,16,96.0,u400,-32.162445068359375,75.63088989257812,0,1038240,0.0
bred_vector_winter,0,16,96.0,u500,-28.035335540771484,65.22897338867188,0,1038240,0.0
bred_vector_winter,0,16,96.0,u600,-29.344919204711914,52.79468536376953,0,1038240,0.0
bred_vector_winter,0,16,96.0,u700,-32.52054214477539,40.34228515625,0,1038240,0.0
bred_vector_winter,0,16,96.0,u850,-38.16151809692383,35.872222900390625,0,1038240,0.0
bred_vector_winter,0,16,96.0,u925,-36.89179611206055,31.442241668701172,0,1038240,0.0
bred_vector_winter,0,16,96.0,u1000,-22.21893882751465,21.724464416503906,0,1038240,0.0
bred_vector_winter,0,16,96.0,v50,-48.36362075805664,44.640586853027344,0,1038240,0.0
bred_vector_winter,0,16,96.0,v100,-38.76891326904297,26.4303035736084,0,1038240,0.0
bred_vector_winter,0,16,96.0,v150,-41.30434799194336,40.53329849243164,0,1038240,0.0
bred_vector_winter,0,16,96.0,v200,-53.19660186767578,67.51358032226562,0,1038240,0.0
bred_vector_winter,0,16,96.0,v250,-64.65943145751953,84.80461883544922,0,1038240,0.0
bred_vector_winter,0,16,96.0,v300,-61.4433479309082,86.0718765258789,0,1038240,0.0
bred_vector_winter,0,16,96.0,v400,-55.05403137207031,68.1952896118164,0,1038240,0.0
bred_vector_winter,0,16,96.0,v500,-49.26994705200195,54.5921745300293,0,1038240,0.0
bred_vector_winter,0,16,96.0,v600,-41.09266662597656,41.914703369140625,0,1038240,0.0
bred_vector_winter,0,16,96.0,v700,-34.83475875854492,35.115509033203125,0,1038240,0.0
bred_vector_winter,0,16,96.0,v850,-30.603113174438477,39.12533187866211,0,1038240,0.0
bred_vector_winter,0,16,96.0,v925,-31.7620906829834,37.148719787597656,0,1038240,0.0
bred_vector_winter,0,16,96.0,v1000,-24.10300636291504,24.490644454956055,0,1038240,0.0
bred_vector_winter,0,16,96.0,z50,189538.0625,204202.609375,0,1038240,0.0
bred_vector_winter,0,16,96.0,z100,147642.203125,163418.84375,0,1038240,0.0
bred_vector_winter,0,16,96.0,z150,122261.5703125,140318.078125,0,1038240,0.0
bred_vector_winter,0,16,96.0,z200,103959.8984375,122519.546875,0,1038240,0.0
bred_vector_winter,0,16,96.0,z250,89872.3125,107906.96875,0,1038240,0.0
bred_vector_winter,0,16,96.0,z300,78621.703125,95399.53125,0,1038240,0.0
bred_vector_winter,0,16,96.0,z400,61017.19140625,74620.734375,0,1038240,0.0
bred_vector_winter,0,16,96.0,z500,46927.515625,57929.421875,0,1038240,0.0
bred_vector_winter,0,16,96.0,z600,34937.59765625,44078.48046875,0,1038240,0.0
bred_vector_winter,0,16,96.0,z700,23805.423828125,31999.91796875,0,1038240,0.0
bred_vector_winter,0,16,96.0,z850,9207.2041015625,16378.1875,0,1038240,0.0
bred_vector_winter,0,16,96.0,z925,2697.73291015625,9685.7431640625,0,1038240,0.0
bred_vector_winter,0,16,96.0,z1000,-3402.279296875,4148.96630859375,0,1038240,0.0
bred_vector_winter,0,16,96.0,t50,192.42776489257812,239.2036590576172,0,1038240,0.0
bred_vector_winter,0,16,96.0,t100,185.0203094482422,235.93814086914062,0,1038240,0.0
bred_vector_winter,0,16,96.0,t150,200.0804443359375,237.64004516601562,0,1038240,0.0
bred_vector_winter,0,16,96.0,t200,201.89218139648438,236.28761291503906,0,1038240,0.0
bred_vector_winter,0,16,96.0,t250,205.32769775390625,238.52297973632812,0,1038240,0.0
bred_vector_winter,0,16,96.0,t300,209.4031219482422,247.5505828857422,0,1038240,0.0
bred_vector_winter,0,16,96.0,t400,215.1959228515625,262.30267333984375,0,1038240,0.0
bred_vector_winter,0,16,96.0,t500,224.2738800048828,271.9723205566406,0,1038240,0.0
bred_vector_winter,0,16,96.0,t600,229.88180541992188,281.65704345703125,0,1038240,0.0
bred_vector_winter,0,16,96.0,t700,233.08331298828125,290.4330139160156,0,1038240,0.0
bred_vector_winter,0,16,96.0,t850,233.91395568847656,302.32373046875,0,1038240,0.0
bred_vector_winter,0,16,96.0,t925,234.23452758789062,306.7533874511719,0,1038240,0.0
bred_vector_winter,0,16,96.0,t1000,229.07359313964844,311.2035217285156,0,1038240,0.0
bred_vector_winter,0,16,96.0,q50,6.400732672773302e-07,2.351626790186856e-06,0,1038240,0.0
bred_vector_winter,0,16,96.0,q100,9.143885790763306e-07,3.053479304071516e-06,0,1038240,0.0
bred_vector_winter,0,16,96.0,q150,3.2289699447574094e-07,2.35334737226367e-05,0,1038240,0.0
bred_vector_winter,0,16,96.0,q200,-7.737256964901462e-06,0.00014580294373445213,12434,1038240,0.011976036369240252
bred_vector_winter,0,16,96.0,q250,-1.110614903154783e-05,0.0005248420056886971,18674,1038240,0.017986207427955002
bred_vector_winter,0,16,96.0,q300,-1.0546224075369537e-05,0.0012594052823260427,3169,1038240,0.0030522807828633073
bred_vector_winter,0,16,96.0,q400,-4.287937190383673e-05,0.003717549378052354,2946,1038240,0.0028374942209893664
bred_vector_winter,0,16,96.0,q500,-5.378748755902052e-05,0.006888989359140396,366,1038240,0.0003525196486361535
bred_vector_winter,0,16,96.0,q600,-7.658661343157291e-05,0.008520718663930893,1796,1038240,0.0017298505162582833
bred_vector_winter,0,16,96.0,q700,-0.00041061174124479294,0.011613262817263603,1780,1038240,0.0017144398212359377
bred_vector_winter,0,16,96.0,q850,-0.000472980085760355,0.01622520014643669,10084,1038240,0.009712590537833255
bred_vector_winter,0,16,96.0,q925,-0.001367547083646059,0.018573425710201263,13072,1038240,0.01259053783325628
bred_vector_winter,0,16,96.0,q1000,-0.001873470377177,0.021358009427785873,12211,1038240,0.011761249807366312
bred_vector_winter,0,17,102.0,u10m,-21.747228622436523,22.90956687927246,0,1038240,0.0
bred_vector_winter,0,17,102.0,v10m,-20.127004623413086,19.58746910095215,0,1038240,0.0
bred_vector_winter,0,17,102.0,u100m,-28.461536407470703,28.24517822265625,0,1038240,0.0
bred_vector_winter,0,17,102.0,v100m,-24.420555114746094,28.495529174804688,0,1038240,0.0
bred_vector_winter,0,17,102.0,t2m,227.73617553710938,319.10400390625,0,1038240,0.0
bred_vector_winter,0,17,102.0,sp,47873.984375,104485.171875,0,1038240,0.0
bred_vector_winter,0,17,102.0,msl,95927.59375,105797.8984375,0,1038240,0.0
bred_vector_winter,0,17,102.0,tcwv,-4.041072845458984,73.5666275024414,13183,1038240,0.012697449529973802
bred_vector_winter,0,17,102.0,u50,-27.48116683959961,50.32004928588867,0,1038240,0.0
bred_vector_winter,0,17,102.0,u100,-34.71137237548828,53.29277801513672,0,1038240,0.0
bred_vector_winter,0,17,102.0,u150,-26.884714126586914,77.75906372070312,0,1038240,0.0
bred_vector_winter,0,17,102.0,u200,-23.298242568969727,87.3215103149414,0,1038240,0.0
bred_vector_winter,0,17,102.0,u250,-34.66204833984375,98.0482177734375,0,1038240,0.0
bred_vector_winter,0,17,102.0,u300,-38.896724700927734,81.95355224609375,0,1038240,0.0
bred_vector_winter,0,17,102.0,u400,-31.621126174926758,72.38423919677734,0,1038240,0.0
bred_vector_winter,0,17,102.0,u500,-24.06411361694336,61.84236526489258,0,1038240,0.0
bred_vector_winter,0,17,102.0,u600,-24.138315200805664,48.976318359375,0,1038240,0.0
bred_vector_winter,0,17,102.0,u700,-28.06399917602539,39.89958572387695,0,1038240,0.0
bred_vector_winter,0,17,102.0,u850,-34.241172790527344,35.0641975402832,0,1038240,0.0
bred_vector_winter,0,17,102.0,u925,-32.72975540161133,32.44580078125,0,1038240,0.0
bred_vector_winter,0,17,102.0,u1000,-21.43834686279297,22.52804946899414,0,1038240,0.0
bred_vector_winter,0,17,102.0,v50,-48.978172302246094,44.36594772338867,0,1038240,0.0
bred_vector_winter,0,17,102.0,v100,-41.36845016479492,28.39539337158203,0,1038240,0.0
bred_vector_winter,0,17,102.0,v150,-42.688907623291016,39.60222244262695,0,1038240,0.0
bred_vector_winter,0,17,102.0,v200,-50.20584487915039,68.95541381835938,0,1038240,0.0
bred_vector_winter,0,17,102.0,v250,-63.794212341308594,80.80355072021484,0,1038240,0.0
bred_vector_winter,0,17,102.0,v300,-61.59366226196289,77.78874969482422,0,1038240,0.0
bred_vector_winter,0,17,102.0,v400,-55.40794372558594,68.20316314697266,0,1038240,0.0
bred_vector_winter,0,17,102.0,v500,-50.04158020019531,52.082305908203125,0,1038240,0.0
bred_vector_winter,0,17,102.0,v600,-42.87387466430664,42.263614654541016,0,1038240,0.0
bred_vector_winter,0,17,102.0,v700,-38.48556900024414,36.40764617919922,0,1038240,0.0
bred_vector_winter,0,17,102.0,v850,-27.588115692138672,42.185089111328125,0,1038240,0.0
bred_vector_winter,0,17,102.0,v925,-30.459247589111328,39.1418342590332,0,1038240,0.0
bred_vector_winter,0,17,102.0,v1000,-23.621078491210938,23.303983688354492,0,1038240,0.0
bred_vector_winter,0,17,102.0,z50,189588.734375,204334.171875,0,1038240,0.0
bred_vector_winter,0,17,102.0,z100,147603.390625,163330.859375,0,1038240,0.0
bred_vector_winter,0,17,102.0,z150,122190.0,140313.9375,0,1038240,0.0
bred_vector_winter,0,17,102.0,z200,103897.9921875,122535.65625,0,1038240,0.0
bred_vector_winter,0,17,102.0,z250,89849.3984375,107928.4375,0,1038240,0.0
bred_vector_winter,0,17,102.0,z300,78636.984375,95425.9921875,0,1038240,0.0
bred_vector_winter,0,17,102.0,z400,61061.47265625,74658.6484375,0,1038240,0.0
bred_vector_winter,0,17,102.0,z500,46972.703125,57861.58984375,0,1038240,0.0
bred_vector_winter,0,17,102.0,z600,35058.046875,43977.84765625,0,1038240,0.0
bred_vector_winter,0,17,102.0,z700,23952.12890625,31886.048828125,0,1038240,0.0
bred_vector_winter,0,17,102.0,z850,9383.1240234375,16275.640625,0,1038240,0.0
bred_vector_winter,0,17,102.0,z925,2883.6845703125,9607.537109375,0,1038240,0.0
bred_vector_winter,0,17,102.0,z1000,-3230.7998046875,4061.40087890625,0,1038240,0.0
bred_vector_winter,0,17,102.0,t50,192.1703338623047,239.14297485351562,0,1038240,0.0
bred_vector_winter,0,17,102.0,t100,185.0159454345703,236.13131713867188,0,1038240,0.0
bred_vector_winter,0,17,102.0,t150,200.46597290039062,238.0884552001953,0,1038240,0.0
bred_vector_winter,0,17,102.0,t200,201.82144165039062,236.4817657470703,0,1038240,0.0
bred_vector_winter,0,17,102.0,t250,205.2045135498047,238.5699005126953,0,1038240,0.0
bred_vector_winter,0,17,102.0,t300,210.06851196289062,248.1002655029297,0,1038240,0.0
bred_vector_winter,0,17,102.0,t400,215.55125427246094,262.9074401855469,0,1038240,0.0
bred_vector_winter,0,17,102.0,t500,224.2574005126953,272.3904724121094,0,1038240,0.0
bred_vector_winter,0,17,102.0,t600,229.47239685058594,279.774658203125,0,1038240,0.0
bred_vector_winter,0,17,102.0,t700,232.00210571289062,288.48260498046875,0,1038240,0.0
bred_vector_winter,0,17,102.0,t850,231.941162109375,305.2193908691406,0,1038240,0.0
bred_vector_winter,0,17,102.0,t925,234.32293701171875,312.9901123046875,0,1038240,0.0
bred_vector_winter,0,17,102.0,t1000,229.8232421875,318.6768798828125,0,1038240,0.0
bred_vector_winter,0,17,102.0,q50,6.749542080797255e-07,2.3766704089212e-06,0,1038240,0.0
bred_vector_winter,0,17,102.0,q100,9.698236453914433e-07,3.057486310353852e-06,0,1038240,0.0
bred_vector_winter,0,17,102.0,q150,4.486400939640589e-08,2.6124649593839422e-05,0,1038240,0.0
bred_vector_winter,0,17,102.0,q200,-1.1493450074340217e-05,0.0001616452937014401,13858,1038240,0.013347588226229003
bred_vector_winter,0,17,102.0,q250,-1.544694896438159e-05,0.0005693164421245456,17577,1038240,0.016929611650485437
bred_vector_winter,0,17,102.0,q300,-1.0364732588641346e-05,0.0013392665423452854,3363,1038240,0.0032391354600092466
bred_vector_winter,0,17,102.0,q400,-4.53422253485769e-05,0.0038847506511956453,3174,1038240,0.0030570966250577903
bred_vector_winter,0,17,102.0,q500,-4.51047089882195e-05,0.007104394491761923,689,1038240,0.0006636230543997534
bred_vector_winter,0,17,102.0,q600,-0.00021979445591568947,0.008609641343355179,1963,1038240,0.0018906996455540146
bred_vector_winter,0,17,102.0,q700,-0.00041937013156712055,0.011939097195863724,1890,1038240,0.0018203883495145632
bred_vector_winter,0,17,102.0,q850,-0.0007993117906153202,0.016852209344506264,9136,1038240,0.008799506857759284
bred_vector_winter,0,17,102.0,q925,-0.0014873780310153961,0.019091032445430756,11735,1038240,0.011302781630451533
bred_vector_winter,0,17,102.0,q1000,-0.0020053922198712826,0.0219415333122015,12385,1038240,0.011928841115734319
bred_vector_winter,0,18,108.0,u10m,-22.28009605407715,21.402671813964844,0,1038240,0.0
bred_vector_winter,0,18,108.0,v10m,-18.664087295532227,18.49221420288086,0,1038240,0.0
bred_vector_winter,0,18,108.0,u100m,-28.8697509765625,25.80146026611328,0,1038240,0.0
bred_vector_winter,0,18,108.0,v100m,-22.646026611328125,25.329240798950195,0,1038240,0.0
bred_vector_winter,0,18,108.0,t2m,226.68667602539062,314.878662109375,0,1038240,0.0
bred_vector_winter,0,18,108.0,sp,47774.15234375,104516.0,0,1038240,0.0
bred_vector_winter,0,18,108.0,msl,95928.0390625,105782.1484375,0,1038240,0.0
bred_vector_winter,0,18,108.0,tcwv,-3.9822044372558594,74.14978790283203,14005,1038240,0.013489173986746802
bred_vector_winter,0,18,108.0,u50,-27.822067260742188,51.570499420166016,0,1038240,0.0
bred_vector_winter,0,18,108.0,u100,-36.69407272338867,54.50136184692383,0,1038240,0.0
bred_vector_winter,0,18,108.0,u150,-29.34552574157715,76.02296447753906,0,1038240,0.0
bred_vector_winter,0,18,108.0,u200,-25.56849479675293,82.1280517578125,0,1038240,0.0
bred_vector_winter,0,18,108.0,u250,-30.713462829589844,88.16764831542969,0,1038240,0.0
bred_vector_winter,0,18,108.0,u300,-36.789276123046875,82.59471130371094,0,1038240,0.0
bred_vector_winter,0,18,108.0,u400,-31.196866989135742,74.94650268554688,0,1038240,0.0
bred_vector_winter,0,18,108.0,u500,-25.415441513061523,61.340797424316406,0,1038240,0.0
bred_vector_winter,0,18,108.0,u600,-25.82770538330078,46.60344696044922,0,1038240,0.0
bred_vector_winter,0,18,108.0,u700,-28.152923583984375,38.463348388671875,0,1038240,0.0
bred_vector_winter,0,18,108.0,u850,-35.135562896728516,36.120689392089844,0,1038240,0.0
bred_vector_winter,0,18,108.0,u925,-33.862083435058594,29.738645553588867,0,1038240,0.0
bred_vector_winter,0,18,108.0,u1000,-22.155656814575195,21.095172882080078,0,1038240,0.0
bred_vector_winter,0,18,108.0,v50,-50.13687515258789,43.6191520690918,0,1038240,0.0
bred_vector_winter,0,18,108.0,v100,-43.89813232421875,31.051761627197266,0,1038240,0.0
bred_vector_winter,0,18,108.0,v150,-43.72911834716797,42.96229553222656,0,1038240,0.0
bred_vector_winter,0,18,108.0,v200,-69.88326263427734,59.58783721923828,0,1038240,0.0
bred_vector_winter,0,18,108.0,v250,-78.38167572021484,76.0533218383789,0,1038240,0.0
bred_vector_winter,0,18,108.0,v300,-66.7235336303711,73.90180206298828,0,1038240,0.0
bred_vector_winter,0,18,108.0,v400,-58.379940032958984,62.231895446777344,0,1038240,0.0
bred_vector_winter,0,18,108.0,v500,-50.54835891723633,49.551788330078125,0,1038240,0.0
bred_vector_winter,0,18,108.0,v600,-46.073116302490234,41.01936721801758,0,1038240,0.0
bred_vector_winter,0,18,108.0,v700,-40.00105667114258,33.84196472167969,0,1038240,0.0
bred_vector_winter,0,18,108.0,v850,-28.514225006103516,38.38612747192383,0,1038240,0.0
bred_vector_winter,0,18,108.0,v925,-29.684772491455078,35.861080169677734,0,1038240,0.0
bred_vector_winter,0,18,108.0,v1000,-21.625612258911133,22.905704498291016,0,1038240,0.0
bred_vector_winter,0,18,108.0,z50,189669.890625,204388.03125,0,1038240,0.0
bred_vector_winter,0,18,108.0,z100,147573.703125,163522.9375,0,1038240,0.0
bred_vector_winter,0,18,108.0,z150,122152.328125,140437.546875,0,1038240,0.0
bred_vector_winter,0,18,108.0,z200,103900.203125,122637.4296875,0,1038240,0.0
bred_vector_winter,0,18,108.0,z250,89900.5859375,107999.2421875,0,1038240,0.0
bred_vector_winter,0,18,108.0,z300,78709.40625,95479.7421875,0,1038240,0.0
bred_vector_winter,0,18,108.0,z400,61134.09375,74705.7890625,0,1038240,0.0
bred_vector_winter,0,18,108.0,z500,47027.953125,57990.53125,0,1038240,0.0
bred_vector_winter,0,18,108.0,z600,35106.31640625,44099.5546875,0,1038240,0.0
bred_vector_winter,0,18,108.0,z700,24050.578125,32016.228515625,0,1038240,0.0
bred_vector_winter,0,18,108.0,z850,9510.34375,16412.37890625,0,1038240,0.0
bred_vector_winter,0,18,108.0,z925,2932.04541015625,9575.8525390625,0,1038240,0.0
bred_vector_winter,0,18,108.0,z1000,-3253.42529296875,4015.759765625,0,1038240,0.0
bred_vector_winter,0,18,108.0,t50,192.03587341308594,238.9342041015625,0,1038240,0.0
bred_vector_winter,0,18,108.0,t100,185.82513427734375,236.28607177734375,0,1038240,0.0
bred_vector_winter,0,18,108.0,t150,201.28297424316406,238.3655242919922,0,1038240,0.0
bred_vector_winter,0,18,108.0,t200,201.9603271484375,236.3973846435547,0,1038240,0.0
bred_vector_winter,0,18,108.0,t250,204.83084106445312,238.91128540039062,0,1038240,0.0
bred_vector_winter,0,18,108.0,t300,209.99435424804688,248.10630798339844,0,1038240,0.0
bred_vector_winter,0,18,108.0,t400,215.89718627929688,262.7789611816406,0,1038240,0.0
bred_vector_winter,0,18,108.0,t500,224.45851135253906,272.73724365234375,0,1038240,0.0
bred_vector_winter,0,18,108.0,t600,228.50477600097656,280.1595153808594,0,1038240,0.0
bred_vector_winter,0,18,108.0,t700,230.11630249023438,289.114013671875,0,1038240,0.0
bred_vector_winter,0,18,108.0,t850,229.10398864746094,305.3636474609375,0,1038240,0.0
bred_vector_winter,0,18,108.0,t925,231.56451416015625,312.7693176269531,0,1038240,0.0
bred_vector_winter,0,18,108.0,t1000,229.27142333984375,317.67864990234375,0,1038240,0.0
bred_vector_winter,0,18,108.0,q50,7.117043878679397e-07,2.401748588454211e-06,0,1038240,0.0
bred_vector_winter,0,18,108.0,q100,9.71312715591921e-07,3.0676567348564276e-06,0,1038240,0.0
bred_vector_winter,0,18,108.0,q150,3.4698541639954783e-07,2.4768803996266797e-05,0,1038240,0.0
bred_vector_winter,0,18,108.0,q200,-7.338649083976634e-06,0.0001524806721135974,11066,1038240,0.010658421944829712
bred_vector_winter,0,18,108.0,q250,-1.1948501196457073e-05,0.0005514337681233883,16511,1038240,0.01590287409462167
bred_vector_winter,0,18,108.0,q300,-1.5941695892252028e-05,0.0013312007067725062,3577,1038240,0.0034452535059331176
bred_vector_winter,0,18,108.0,q400,-5.1749200792983174e-05,0.003879356663674116,2938,1038240,0.002829788873478194
bred_vector_winter,0,18,108.0,q500,-7.046636892482638e-05,0.006969204638153315,801,1038240,0.000771497919556172
bred_vector_winter,0,18,108.0,q600,-0.00016610417515039444,0.00870045367628336,1905,1038240,0.001834835876098012
bred_vector_winter,0,18,108.0,q700,-0.00037091271951794624,0.012137092649936676,2478,1038240,0.0023867313915857604
bred_vector_winter,0,18,108.0,q850,-0.0005433070473372936,0.016572212800383568,9693,1038240,0.009335991678224688
bred_vector_winter,0,18,108.0,q925,-0.001563661266118288,0.019064852967858315,12147,1038240,0.01169960702727693
bred_vector_winter,0,18,108.0,q1000,-0.0020616971887648106,0.02239323779940605,13898,1038240,0.013386114963784867
bred_vector_winter,0,19,114.0,u10m,-22.528303146362305,19.769723892211914,0,1038240,0.0
bred_vector_winter,0,19,114.0,v10m,-18.721372604370117,17.571678161621094,0,1038240,0.0
bred_vector_winter,0,19,114.0,u100m,-29.12755584716797,25.00572967529297,0,1038240,0.0
bred_vector_winter,0,19,114.0,v100m,-23.17020606994629,23.560758590698242,0,1038240,0.0
bred_vector_winter,0,19,114.0,t2m,224.53143310546875,312.0406494140625,0,1038240,0.0
bred_vector_winter,0,19,114.0,sp,47844.82421875,104489.734375,0,1038240,0.0
bred_vector_winter,0,19,114.0,msl,95960.1328125,105570.0,0,1038240,0.0
bred_vector_winter,0,19,114.0,tcwv,-4.321392059326172,73.59538269042969,11251,1038240,0.010836608106025582
bred_vector_winter,0,19,114.0,u50,-27.863677978515625,50.98077392578125,0,1038240,0.0
bred_vector_winter,0,19,114.0,u100,-36.17749786376953,55.68739318847656,0,1038240,0.0
bred_vector_winter,0,19,114.0,u150,-27.463464736938477,77.13982391357422,0,1038240,0.0
bred_vector_winter,0,19,114.0,u200,-26.04356575012207,83.0867919921875,0,1038240,0.0
bred_vector_winter,0,19,114.0,u250,-26.64904022216797,80.47299194335938,0,1038240,0.0
bred_vector_winter,0,19,114.0,u300,-34.9610710144043,87.59603881835938,0,1038240,0.0
bred_vector_winter,0,19,114.0,u400,-34.167945861816406,79.85284423828125,0,1038240,0.0
bred_vector_winter,0,19,114.0,u500,-27.340042114257812,64.11417388916016,0,1038240,0.0
bred_vector_winter,0,19,114.0,u600,-25.010860443115234,48.83101272583008,0,1038240,0.0
bred_vector_winter,0,19,114.0,u700,-27.27093505859375,41.30339813232422,0,1038240,0.0
bred_vector_winter,0,19,114.0,u850,-34.986515045166016,34.847896575927734,0,1038240,0.0
bred_vector_winter,0,19,114.0,u925,-33.34117889404297,30.60064697265625,0,1038240,0.0
bred_vector_winter,0,19,114.0,u1000,-22.34379768371582,19.523176193237305,0,1038240,0.0
bred_vector_winter,0,19,114.0,v50,-50.31452178955078,44.33833312988281,0,1038240,0.0
bred_vector_winter,0,19,114.0,v100,-43.53152847290039,28.087392807006836,0,1038240,0.0
bred_vector_winter,0,19,114.0,v150,-44.3800163269043,45.15675354003906,0,1038240,0.0
bred_vector_winter,0,19,114.0,v200,-70.01866149902344,56.02489471435547,0,1038240,0.0
bred_vector_winter,0,19,114.0,v250,-81.91065979003906,72.44181060791016,0,1038240,0.0
bred_vector_winter,0,19,114.0,v300,-75.56734466552734,69.78056335449219,0,1038240,0.0
bred_vector_winter,0,19,114.0,v400,-58.8595085144043,56.886634826660156,0,1038240,0.0
bred_vector_winter,0,19,114.0,v500,-53.30929183959961,46.368019104003906,0,1038240,0.0
bred_vector_winter,0,19,114.0,v600,-49.415809631347656,39.26863098144531,0,1038240,0.0
bred_vector_winter,0,19,114.0,v700,-37.973941802978516,34.23891067504883,0,1038240,0.0
bred_vector_winter,0,19,114.0,v850,-31.234638214111328,35.14788055419922,0,1038240,0.0
bred_vector_winter,0,19,114.0,v925,-31.593172073364258,32.068546295166016,0,1038240,0.0
bred_vector_winter,0,19,114.0,v1000,-20.254854202270508,21.7579345703125,0,1038240,0.0
bred_vector_winter,0,19,114.0,z50,189708.625,204162.15625,0,1038240,0.0
bred_vector_winter,0,19,114.0,z100,147512.09375,163272.578125,0,1038240,0.0
bred_vector_winter,0,19,114.0,z150,122065.671875,140268.609375,0,1038240,0.0
bred_vector_winter,0,19,114.0,z200,103821.0,122464.4296875,0,1038240,0.0
bred_vector_winter,0,19,114.0,z250,89839.984375,107907.84375,0,1038240,0.0
bred_vector_winter,0,19,114.0,z300,78660.8125,95466.2421875,0,1038240,0.0
bred_vector_winter,0,19,114.0,z400,61107.08984375,74752.578125,0,1038240,0.0
bred_vector_winter,0,19,114.0,z500,47016.9921875,57915.60546875,0,1038240,0.0
bred_vector_winter,0,19,114.0,z600,35115.84375,43988.29296875,0,1038240,0.0
bred_vector_winter,0,19,114.0,z700,24029.3203125,31886.751953125,0,1038240,0.0
bred_vector_winter,0,19,114.0,z850,9484.9921875,16263.115234375,0,1038240,0.0
bred_vector_winter,0,19,114.0,z925,2962.497802734375,9494.529296875,0,1038240,0.0
bred_vector_winter,0,19,114.0,z1000,-3232.1142578125,3888.353515625,0,1038240,0.0
bred_vector_winter,0,19,114.0,t50,191.65591430664062,238.99649047851562,0,1038240,0.0
bred_vector_winter,0,19,114.0,t100,184.71841430664062,236.3290252685547,0,1038240,0.0
bred_vector_winter,0,19,114.0,t150,201.1304931640625,238.6541748046875,0,1038240,0.0
bred_vector_winter,0,19,114.0,t200,201.93431091308594,236.68431091308594,0,1038240,0.0
bred_vector_winter,0,19,114.0,t250,204.6991424560547,238.86160278320312,0,1038240,0.0
bred_vector_winter,0,19,114.0,t300,209.8624725341797,248.09527587890625,0,1038240,0.0
bred_vector_winter,0,19,114.0,t400,215.70091247558594,262.7409362792969,0,1038240,0.0
bred_vector_winter,0,19,114.0,t500,224.0919647216797,272.4194030761719,0,1038240,0.0
bred_vector_winter,0,19,114.0,t600,228.148193359375,284.63720703125,0,1038240,0.0
bred_vector_winter,0,19,114.0,t700,227.8916015625,292.1466979980469,0,1038240,0.0
bred_vector_winter,0,19,114.0,t850,228.6464080810547,306.1391906738281,0,1038240,0.0
bred_vector_winter,0,19,114.0,t925,230.242431640625,311.19146728515625,0,1038240,0.0
bred_vector_winter,0,19,114.0,t1000,227.8688507080078,315.90350341796875,0,1038240,0.0
bred_vector_winter,0,19,114.0,q50,7.456524144799914e-07,2.4270648282254115e-06,0,1038240,0.0
bred_vector_winter,0,19,114.0,q100,9.884123528536293e-07,3.0839646569802426e-06,0,1038240,0.0
bred_vector_winter,0,19,114.0,q150,2.5227882360923104e-07,2.249017052236013e-05,0,1038240,0.0
bred_vector_winter,0,19,114.0,q200,-9.204657544614747e-06,0.00014027621364220977,13682,1038240,0.013178070580983203
bred_vector_winter,0,19,114.0,q250,-1.2969689123565331e-05,0.0005155153339728713,15305,1038240,0.014741292957312375
bred_vector_winter,0,19,114.0,q300,-1.0437739547342062e-05,0.0012753497576341033,2783,1038240,0.002680497765449222
bred_vector_winter,0,19,114.0,q400,-4.138893564231694e-05,0.0038204684387892485,3119,1038240,0.0030041223609184775
bred_vector_winter,0,19,114.0,q500,-0.00010336516425013542,0.006809955928474665,1115,1038240,0.0010739328093697027
bred_vector_winter,0,19,114.0,q600,-0.00012956908904016018,0.009936229325830936,2140,1038240,0.002061180459238712
bred_vector_winter,0,19,114.0,q700,-0.0003554907161742449,0.012338066473603249,2370,1038240,0.0022827092001849285
bred_vector_winter,0,19,114.0,q850,-0.0008820444345474243,0.01649465039372444,10385,1038240,0.010002504237941131
bred_vector_winter,0,19,114.0,q925,-0.0015330859459936619,0.019417138770222664,12967,1038240,0.012489405147172138
bred_vector_winter,0,19,114.0,q1000,-0.002108899410814047,0.02273651212453842,12621,1038240,0.012156148867313915
bred_vector_winter,0,20,120.0,u10m,-21.31074333190918,20.579944610595703,0,1038240,0.0
bred_vector_winter,0,20,120.0,v10m,-21.281635284423828,18.591096878051758,0,1038240,0.0
bred_vector_winter,0,20,120.0,u100m,-28.254615783691406,26.17171859741211,0,1038240,0.0
bred_vector_winter,0,20,120.0,v100m,-26.40806770324707,23.549257278442383,0,1038240,0.0
bred_vector_winter,0,20,120.0,t2m,222.98812866210938,311.00201416015625,0,1038240,0.0
bred_vector_winter,0,20,120.0,sp,47712.90625,104441.65625,0,1038240,0.0
bred_vector_winter,0,20,120.0,msl,96000.828125,105522.2421875,0,1038240,0.0
bred_vector_winter,0,20,120.0,tcwv,-4.372875213623047,72.35352325439453,13202,1038240,0.012715749730312836
bred_vector_winter,0,20,120.0,u50,-28.535247802734375,52.78998947143555,0,1038240,0.0
bred_vector_winter,0,20,120.0,u100,-37.04080581665039,56.8872184753418,0,1038240,0.0
bred_vector_winter,0,20,120.0,u150,-26.142724990844727,78.09054565429688,0,1038240,0.0
bred_vector_winter,0,20,120.0,u200,-27.77605628967285,84.03204345703125,0,1038240,0.0
bred_vector_winter,0,20,120.0,u250,-25.590232849121094,80.09573364257812,0,1038240,0.0
bred_vector_winter,0,20,120.0,u300,-37.6397819519043,85.95967102050781,0,1038240,0.0
bred_vector_winter,0,20,120.0,u400,-37.4891357421875,82.2351303100586,0,1038240,0.0
bred_vector_winter,0,20,120.0,u500,-29.379013061523438,68.343994140625,0,1038240,0.0
bred_vector_winter,0,20,120.0,u600,-27.156776428222656,53.227928161621094,0,1038240,0.0
bred_vector_winter,0,20,120.0,u700,-29.291717529296875,41.83902359008789,0,1038240,0.0
bred_vector_winter,0,20,120.0,u850,-38.95378112792969,34.167877197265625,0,1038240,0.0
bred_vector_winter,0,20,120.0,u925,-37.89923095703125,31.7014217376709,0,1038240,0.0
bred_vector_winter,0,20,120.0,u1000,-21.771766662597656,20.600004196166992,0,1038240,0.0
bred_vector_winter,0,20,120.0,v50,-51.598812103271484,45.55332565307617,0,1038240,0.0
bred_vector_winter,0,20,120.0,v100,-44.03809356689453,25.3098201751709,0,1038240,0.0
bred_vector_winter,0,20,120.0,v150,-50.61065673828125,43.80875015258789,0,1038240,0.0
bred_vector_winter,0,20,120.0,v200,-69.50828552246094,55.7437858581543,0,1038240,0.0
bred_vector_winter,0,20,120.0,v250,-84.95671081542969,66.85015106201172,0,1038240,0.0
bred_vector_winter,0,20,120.0,v300,-78.30738067626953,65.24451446533203,0,1038240,0.0
bred_vector_winter,0,20,120.0,v400,-60.925804138183594,54.936973571777344,0,1038240,0.0
bred_vector_winter,0,20,120.0,v500,-54.85628890991211,45.58200454711914,0,1038240,0.0
bred_vector_winter,0,20,120.0,v600,-46.997283935546875,37.30067443847656,0,1038240,0.0
bred_vector_winter,0,20,120.0,v700,-40.7199821472168,31.341800689697266,0,1038240,0.0
bred_vector_winter,0,20,120.0,v850,-31.349655151367188,33.22903060913086,0,1038240,0.0
bred_vector_winter,0,20,120.0,v925,-31.851192474365234,29.860185623168945,0,1038240,0.0
bred_vector_winter,0,20,120.0,v1000,-21.34329605102539,20.578001022338867,0,1038240,0.0
bred_vector_winter,0,20,120.0,z50,189775.75,204213.6875,0,1038240,0.0
bred_vector_winter,0,20,120.0,z100,147514.46875,163399.234375,0,1038240,0.0
bred_vector_winter,0,20,120.0,z150,122048.2421875,140389.421875,0,1038240,0.0
bred_vector_winter,0,20,120.0,z200,103826.8203125,122647.0703125,0,1038240,0.0
bred_vector_winter,0,20,120.0,z250,89862.6953125,108048.734375,0,1038240,0.0
bred_vector_winter,0,20,120.0,z300,78699.234375,95514.5546875,0,1038240,0.0
bred_vector_winter,0,20,120.0,z400,61161.953125,74685.734375,0,1038240,0.0
bred_vector_winter,0,20,120.0,z500,47089.953125,58014.76171875,0,1038240,0.0
bred_vector_winter,0,20,120.0,z600,35197.546875,44080.984375,0,1038240,0.0
bred_vector_winter,0,20,120.0,z700,24072.041015625,31971.224609375,0,1038240,0.0
bred_vector_winter,0,20,120.0,z850,9511.451171875,16334.626953125,0,1038240,0.0
bred_vector_winter,0,20,120.0,z925,2986.375244140625,9481.1669921875,0,1038240,0.0
bred_vector_winter,0,20,120.0,z1000,-3208.099609375,3842.1982421875,0,1038240,0.0
bred_vector_winter,0,20,120.0,t50,191.3254852294922,238.81475830078125,0,1038240,0.0
bred_vector_winter,0,20,120.0,t100,185.42431640625,236.44630432128906,0,1038240,0.0
bred_vector_winter,0,20,120.0,t150,200.18527221679688,238.93212890625,0,1038240,0.0
bred_vector_winter,0,20,120.0,t200,201.75375366210938,236.95272827148438,0,1038240,0.0
bred_vector_winter,0,20,120.0,t250,204.61178588867188,238.91928100585938,0,1038240,0.0
bred_vector_winter,0,20,120.0,t300,210.09408569335938,248.13299560546875,0,1038240,0.0
bred_vector_winter,0,20,120.0,t400,215.62118530273438,262.47283935546875,0,1038240,0.0
bred_vector_winter,0,20,120.0,t500,223.76429748535156,272.0775451660156,0,1038240,0.0
bred_vector_winter,0,20,120.0,t600,226.75682067871094,282.9937744140625,0,1038240,0.0
bred_vector_winter,0,20,120.0,t700,226.25784301757812,290.2137145996094,0,1038240,0.0
bred_vector_winter,0,20,120.0,t850,229.63011169433594,303.2488098144531,0,1038240,0.0
bred_vector_winter,0,20,120.0,t925,228.71694946289062,308.1444396972656,0,1038240,0.0
bred_vector_winter,0,20,120.0,t1000,225.90017700195312,310.9671630859375,0,1038240,0.0
bred_vector_winter,0,20,120.0,q50,7.742369234620128e-07,2.45465002990386e-06,0,1038240,0.0
bred_vector_winter,0,20,120.0,q100,1.0085777830681764e-06,3.0864171094435733e-06,0,1038240,0.0
bred_vector_winter,0,20,120.0,q150,2.310312083864119e-07,2.248355303891003e-05,0,1038240,0.0
bred_vector_winter,0,20,120.0,q200,-8.576034815632738e-06,0.00014527601888403296,12872,1038240,0.012397904145476962
bred_vector_winter,0,20,120.0,q250,-1.3037566532148048e-05,0.0005247733788564801,15495,1038240,0.014924294960702727
bred_vector_winter,0,20,120.0,q300,-1.3224227586761117e-05,0.0012903651222586632,4003,1038240,0.0038555632609030667
bred_vector_winter,0,20,120.0,q400,-4.331214586272836e-05,0.0036742291413247585,3138,1038240,0.0030224225612575126
bred_vector_winter,0,20,120.0,q500,-9.355664951726794e-05,0.0064861043356359005,1199,1038240,0.0011548389582370165
bred_vector_winter,0,20,120.0,q600,-0.00025441497564315796,0.008724108338356018,2022,1038240,0.0019475265834489135
bred_vector_winter,0,20,120.0,q700,-0.00039546843618154526,0.01220741681754589,3255,1038240,0.0031351132686084143
bred_vector_winter,0,20,120.0,q850,-0.0007709735073149204,0.016165288165211678,11735,1038240,0.011302781630451533
bred_vector_winter,0,20,120.0,q925,-0.0016319877468049526,0.01911143772304058,13731,1038240,0.013225265834489136
bred_vector_winter,0,20,120.0,q1000,-0.002209870610386133,0.02253185398876667,12810,1038240,0.012338187702265371
bred_vector_winter,1,0,0.0,u10m,-35.84293746948242,30.945022583007812,0,1038240,0.0
bred_vector_winter,1,0,0.0,v10m,-32.5801887512207,38.57299041748047,0,1038240,0.0
bred_vector_winter,1,0,0.0,u100m,-44.983551025390625,36.379825592041016,0,1038240,0.0
bred_vector_winter,1,0,0.0,v100m,-39.243385314941406,47.758426666259766,0,1038240,0.0
bred_vector_winter,1,0,0.0,t2m,226.06393432617188,323.35076904296875,0,1038240,0.0
bred_vector_winter,1,0,0.0,sp,49633.8125,108219.8515625,0,1038240,0.0
bred_vector_winter,1,0,0.0,msl,96071.328125,107734.015625,0,1038240,0.0
bred_vector_winter,1,0,0.0,tcwv,-8.38012409210205,133.78598022460938,23296,1038240,0.02243797195253506
bred_vector_winter,1,0,0.0,u50,-46.00829315185547,51.5595703125,0,1038240,0.0
bred_vector_winter,1,0,0.0,u100,-40.41436767578125,74.25222778320312,0,1038240,0.0
bred_vector_winter,1,0,0.0,u150,-41.939491271972656,99.06108093261719,0,1038240,0.0
bred_vector_winter,1,0,0.0,u200,-48.95439910888672,95.11333465576172,0,1038240,0.0
bred_vector_winter,1,0,0.0,u250,-54.367408752441406,98.6673583984375,0,1038240,0.0
bred_vector_winter,1,0,0.0,u300,-47.725711822509766,92.58299255371094,0,1038240,0.0
bred_vector_winter,1,0,0.0,u400,-44.624080657958984,79.55342864990234,0,1038240,0.0
bred_vector_winter,1,0,0.0,u500,-44.638572692871094,60.380916595458984,0,1038240,0.0
bred_vector_winter,1,0,0.0,u600,-48.46181869506836,46.675472259521484,0,1038240,0.0
bred_vector_winter,1,0,0.0,u700,-51.01801300048828,51.543704986572266,0,1038240,0.0
bred_vector_winter,1,0,0.0,u850,-49.00431823730469,44.8243293762207,0,1038240,0.0
bred_vector_winter,1,0,0.0,u925,-49.692344665527344,38.72999572753906,0,1038240,0.0
bred_vector_winter,1,0,0.0,u1000,-35.21408462524414,28.940519332885742,0,1038240,0.0
bred_vector_winter,1,0,0.0,v50,-46.11870574951172,37.59366226196289,0,1038240,0.0
bred_vector_winter,1,0,0.0,v100,-34.61073303222656,27.691551208496094,0,1038240,0.0
bred_vector_winter,1,0,0.0,v150,-44.17132568359375,44.41523361206055,0,1038240,0.0
bred_vector_winter,1,0,0.0,v200,-64.19950866699219,59.351539611816406,0,1038240,0.0
bred_vector_winter,1,0,0.0,v250,-71.86358642578125,74.68221282958984,0,1038240,0.0
bred_vector_winter,1,0,0.0,v300,-75.0704345703125,75.68396759033203,0,1038240,0.0
bred_vector_winter,1,0,0.0,v400,-62.09965515136719,62.11109924316406,0,1038240,0.0
bred_vector_winter,1,0,0.0,v500,-48.821502685546875,47.87174987792969,0,1038240,0.0
bred_vector_winter,1,0,0.0,v600,-37.631248474121094,43.14033508300781,0,1038240,0.0
bred_vector_winter,1,0,0.0,v700,-38.008182525634766,49.197940826416016,0,1038240,0.0
bred_vector_winter,1,0,0.0,v850,-37.916038513183594,52.334903717041016,0,1038240,0.0
bred_vector_winter,1,0,0.0,v925,-41.19907760620117,54.403968811035156,0,1038240,0.0
bred_vector_winter,1,0,0.0,v1000,-30.5933837890625,37.112693786621094,0,1038240,0.0
bred_vector_winter,1,0,0.0,z50,188131.21875,211712.234375,0,1038240,0.0
bred_vector_winter,1,0,0.0,z100,150778.015625,170691.359375,0,1038240,0.0
bred_vector_winter,1,0,0.0,z150,125490.34375,149197.0625,0,1038240,0.0
bred_vector_winter,1,0,0.0,z200,107943.4375,130501.9296875,0,1038240,0.0
bred_vector_winter,1,0,0.0,z250,93692.0703125,115056.5,0,1038240,0.0
bred_vector_winter,1,0,0.0,z300,81878.5703125,101294.6640625,0,1038240,0.0
bred_vector_winter,1,0,0.0,z400,62799.1484375,78436.953125,0,1038240,0.0
bred_vector_winter,1,0,0.0,z500,47604.19140625,60286.41015625,0,1038240,0.0
bred_vector_winter,1,0,0.0,z600,35074.73046875,45185.89453125,0,1038240,0.0
bred_vector_winter,1,0,0.0,z700,24509.544921875,33169.32421875,0,1038240,0.0
bred_vector_winter,1,0,0.0,z850,9944.6181640625,18499.783203125,0,1038240,0.0
bred_vector_winter,1,0,0.0,z925,3278.700927734375,11948.75390625,0,1038240,0.0
bred_vector_winter,1,0,0.0,z1000,-3157.77880859375,5809.515625,0,1038240,0.0
bred_vector_winter,1,0,0.0,t50,168.6767578125,247.58006286621094,0,1038240,0.0
bred_vector_winter,1,0,0.0,t100,160.07603454589844,253.22097778320312,0,1038240,0.0
bred_vector_winter,1,0,0.0,t150,199.76443481445312,244.91043090820312,0,1038240,0.0
bred_vector_winter,1,0,0.0,t200,201.83578491210938,244.30836486816406,0,1038240,0.0
bred_vector_winter,1,0,0.0,t250,206.98159790039062,257.2983093261719,0,1038240,0.0
bred_vector_winter,1,0,0.0,t300,213.4597625732422,269.4927673339844,0,1038240,0.0
bred_vector_winter,1,0,0.0,t400,221.14834594726562,281.6519470214844,0,1038240,0.0
bred_vector_winter,1,0,0.0,t500,229.93548583984375,285.7660827636719,0,1038240,0.0
bred_vector_winter,1,0,0.0,t600,235.6254425048828,298.00201416015625,0,1038240,0.0
bred_vector_winter,1,0,0.0,t700,238.63880920410156,307.8335266113281,0,1038240,0.0
bred_vector_winter,1,0,0.0,t850,237.0915069580078,318.27044677734375,0,1038240,0.0
bred_vector_winter,1,0,0.0,t925,232.44683837890625,321.1289978027344,0,1038240,0.0
bred_vector_winter,1,0,0.0,t1000,227.22784423828125,325.28668212890625,0,1038240,0.0
bred_vector_winter,1,0,0.0,q50,-5.6834574934327975e-05,6.835427484475076e-05,520224,1038240,0.5010633379565418
bred_vector_winter,1,0,0.0,q100,-3.280676537542604e-05,3.653786188806407e-05,501791,1038240,0.4833092541223609
bred_vector_winter,1,0,0.0,q150,-1.6927762771956623e-05,6.421763100661337e-05,221286,1038240,0.21313569116967176
bred_vector_winter,1,0,0.0,q200,-9.329292879556306e-06,0.00027220920310355723,4060,1038240,0.003910463861920173
bred_vector_winter,1,0,0.0,q250,-3.638455018517561e-05,0.0009247010457329452,3792,1038240,0.003652334720295885
bred_vector_winter,1,0,0.0,q300,-2.8455395295168273e-05,0.0023508360609412193,687,1038240,0.0006616967175219603
bred_vector_winter,1,0,0.0,q400,-8.582364534959197e-05,0.006386737339198589,2105,1038240,0.0020274695638773307
bred_vector_winter,1,0,0.0,q500,-0.00012022787268506363,0.011393453925848007,855,1038240,0.000823509015256588
bred_vector_winter,1,0,0.0,q600,-0.003917037043720484,0.016483478248119354,19739,1038240,0.019011981815379872
bred_vector_winter,1,0,0.0,q700,-0.005167610943317413,0.02160787209868431,23573,1038240,0.022704769610109417
bred_vector_winter,1,0,0.0,q850,-0.0012625879608094692,0.030403420329093933,9209,1038240,0.008869818153798736
bred_vector_winter,1,0,0.0,q925,-0.002242725808173418,0.03510172292590141,8338,1038240,0.008030898443519802
bred_vector_winter,1,0,0.0,q1000,-0.0019918158650398254,0.039753641933202744,5369,1038240,0.005171251348435814
bred_vector_winter,1,1,6.0,u10m,-27.060543060302734,18.85838508605957,0,1038240,0.0
bred_vector_winter,1,1,6.0,v10m,-19.156169891357422,18.94110107421875,0,1038240,0.0
bred_vector_winter,1,1,6.0,u100m,-37.026222229003906,27.569517135620117,0,1038240,0.0
bred_vector_winter,1,1,6.0,v100m,-23.50132942199707,22.565269470214844,0,1038240,0.0
bred_vector_winter,1,1,6.0,t2m,229.94534301757812,319.02508544921875,0,1038240,0.0
bred_vector_winter,1,1,6.0,sp,49514.54296875,107331.671875,0,1038240,0.0
bred_vector_winter,1,1,6.0,msl,95743.0625,105502.5,0,1038240,0.0
bred_vector_winter,1,1,6.0,tcwv,-11.287372589111328,142.34698486328125,24482,1038240,0.02358028972106642
bred_vector_winter,1,1,6.0,u50,-67.5162582397461,71.40296936035156,0,1038240,0.0
bred_vector_winter,1,1,6.0,u100,-86.90093231201172,73.86758422851562,0,1038240,0.0
bred_vector_winter,1,1,6.0,u150,-72.12660217285156,113.02131652832031,0,1038240,0.0
bred_vector_winter,1,1,6.0,u200,-73.86038970947266,129.1907501220703,0,1038240,0.0
bred_vector_winter,1,1,6.0,u250,-81.32870483398438,95.40934753417969,0,1038240,0.0
bred_vector_winter,1,1,6.0,u300,-81.072509765625,93.7126235961914,0,1038240,0.0
bred_vector_winter,1,1,6.0,u400,-65.95354461669922,90.60930633544922,0,1038240,0.0
bred_vector_winter,1,1,6.0,u500,-40.69754409790039,61.53071975708008,0,1038240,0.0
bred_vector_winter,1,1,6.0,u600,-36.855560302734375,56.0440788269043,0,1038240,0.0
bred_vector_winter,1,1,6.0,u700,-47.12553405761719,48.505638122558594,0,1038240,0.0
bred_vector_winter,1,1,6.0,u850,-49.98392105102539,41.636837005615234,0,1038240,0.0
bred_vector_winter,1,1,6.0,u925,-47.47121810913086,35.276554107666016,0,1038240,0.0
bred_vector_winter,1,1,6.0,u1000,-27.65119743347168,21.561100006103516,0,1038240,0.0
bred_vector_winter,1,1,6.0,v50,-68.53782653808594,56.21343994140625,0,1038240,0.0
bred_vector_winter,1,1,6.0,v100,-52.01695251464844,42.24372482299805,0,1038240,0.0
bred_vector_winter,1,1,6.0,v150,-49.91182327270508,57.05137252807617,0,1038240,0.0
bred_vector_winter,1,1,6.0,v200,-69.88179779052734,75.2852783203125,0,1038240,0.0
bred_vector_winter,1,1,6.0,v250,-69.34701538085938,94.75637817382812,0,1038240,0.0
bred_vector_winter,1,1,6.0,v300,-68.2859115600586,74.81224822998047,0,1038240,0.0
bred_vector_winter,1,1,6.0,v400,-62.7204704284668,66.30711364746094,0,1038240,0.0
bred_vector_winter,1,1,6.0,v500,-53.798030853271484,64.1376724243164,0,1038240,0.0
bred_vector_winter,1,1,6.0,v600,-33.41519546508789,45.63725280761719,0,1038240,0.0
bred_vector_winter,1,1,6.0,v700,-31.374692916870117,37.67198181152344,0,1038240,0.0
bred_vector_winter,1,1,6.0,v850,-30.5499267578125,29.891342163085938,0,1038240,0.0
bred_vector_winter,1,1,6.0,v925,-28.46277618408203,27.886146545410156,0,1038240,0.0
bred_vector_winter,1,1,6.0,v1000,-19.62220001220703,18.992961883544922,0,1038240,0.0
bred_vector_winter,1,1,6.0,z50,189418.25,211649.96875,0,1038240,0.0
bred_vector_winter,1,1,6.0,z100,151157.34375,170775.0,0,1038240,0.0
bred_vector_winter,1,1,6.0,z150,125162.6640625,147632.375,0,1038240,0.0
bred_vector_winter,1,1,6.0,z200,107886.8359375,129389.03125,0,1038240,0.0
bred_vector_winter,1,1,6.0,z250,93767.8515625,114298.03125,0,1038240,0.0
bred_vector_winter,1,1,6.0,z300,81943.234375,100778.1640625,0,1038240,0.0
bred_vector_winter,1,1,6.0,z400,63580.26953125,78452.765625,0,1038240,0.0
bred_vector_winter,1,1,6.0,z500,48641.40234375,60646.3671875,0,1038240,0.0
bred_vector_winter,1,1,6.0,z600,35969.75,45587.6796875,0,1038240,0.0
bred_vector_winter,1,1,6.0,z700,24716.4609375,32805.04296875,0,1038240,0.0
bred_vector_winter,1,1,6.0,z850,9905.3857421875,17232.71875,0,1038240,0.0
bred_vector_winter,1,1,6.0,z925,3004.359375,10497.662109375,0,1038240,0.0
bred_vector_winter,1,1,6.0,z1000,-3387.48193359375,4236.26806640625,0,1038240,0.0
bred_vector_winter,1,1,6.0,t50,167.86187744140625,246.6816864013672,0,1038240,0.0
bred_vector_winter,1,1,6.0,t100,161.3457489013672,253.57589721679688,0,1038240,0.0
bred_vector_winter,1,1,6.0,t150,195.68283081054688,246.765380859375,0,1038240,0.0
bred_vector_winter,1,1,6.0,t200,202.14613342285156,245.76397705078125,0,1038240,0.0
bred_vector_winter,1,1,6.0,t250,205.75131225585938,257.6688537597656,0,1038240,0.0
bred_vector_winter,1,1,6.0,t300,211.1051025390625,264.80633544921875,0,1038240,0.0
bred_vector_winter,1,1,6.0,t400,219.79734802246094,278.5626220703125,0,1038240,0.0
bred_vector_winter,1,1,6.0,t500,230.71090698242188,283.6778869628906,0,1038240,0.0
bred_vector_winter,1,1,6.0,t600,236.30532836914062,295.6851501464844,0,1038240,0.0
bred_vector_winter,1,1,6.0,t700,239.67054748535156,301.8907165527344,0,1038240,0.0
bred_vector_winter,1,1,6.0,t850,244.87109375,310.2484130859375,0,1038240,0.0
bred_vector_winter,1,1,6.0,t925,241.3221435546875,314.13580322265625,0,1038240,0.0
bred_vector_winter,1,1,6.0,t1000,236.88082885742188,318.2745361328125,0,1038240,0.0
bred_vector_winter,1,1,6.0,q50,-5.578431228059344e-05,6.72316673444584e-05,519711,1038240,0.5005692325473878
bred_vector_winter,1,1,6.0,q100,-3.099235982517712e-05,3.542769991327077e-05,500093,1038240,0.4816737941131145
bred_vector_winter,1,1,6.0,q150,-2.355885590077378e-05,6.010024299030192e-05,268982,1038240,0.2590749730312837
bred_vector_winter,1,1,6.0,q200,-2.9496581191779114e-05,0.00037478841841220856,23520,1038240,0.022653721682847898
bred_vector_winter,1,1,6.0,q250,-0.00011734933650586754,0.0011456736829131842,26697,1038240,0.025713707813222377
bred_vector_winter,1,1,6.0,q300,-0.00021988025400787592,0.0024375347420573235,20926,1038240,0.02015526275235013
bred_vector_winter,1,1,6.0,q400,-0.0007303871680051088,0.008237387984991074,38074,1038240,0.03667167514254893
bred_vector_winter,1,1,6.0,q500,-0.001263333484530449,0.012819189578294754,30782,1038240,0.029648250886114964
bred_vector_winter,1,1,6.0,q600,-0.005283482372760773,0.020920731127262115,44953,1038240,0.0432973108337186
bred_vector_winter,1,1,6.0,q700,-0.007201411295682192,0.026083383709192276,39560,1038240,0.03810294344274927
bred_vector_winter,1,1,6.0,q850,-0.003238556906580925,0.03051058202981949,12623,1038240,0.01215807520419171
bred_vector_winter,1,1,6.0,q925,-0.0037388629280030727,0.03318197652697563,12675,1038240,0.012208159963014331
bred_vector_winter,1,1,6.0,q1000,-0.0039269584231078625,0.034169718623161316,11380,1038240,0.010960856834643243
bred_vector_winter,1,2,12.0,u10m,-34.76049041748047,20.041770935058594,0,1038240,0.0
bred_vector_winter,1,2,12.0,v10m,-17.291484832763672,17.573074340820312,0,1038240,0.0
bred_vector_winter,1,2,12.0,u100m,-44.79057693481445,24.079267501831055,0,1038240,0.0
bred_vector_winter,1,2,12.0,v100m,-21.594587326049805,22.749225616455078,0,1038240,0.0
bred_vector_winter,1,2,12.0,t2m,228.7661895751953,316.49151611328125,0,1038240,0.0
bred_vector_winter,1,2,12.0,sp,49126.8671875,106596.71875,0,1038240,0.0
bred_vector_winter,1,2,12.0,msl,95172.0078125,105345.6484375,0,1038240,0.0
bred_vector_winter,1,2,12.0,tcwv,-12.807924270629883,157.19639587402344,26204,1038240,0.025238865772846356
bred_vector_winter,1,2,12.0,u50,-87.60511016845703,81.08969116210938,0,1038240,0.0
bred_vector_winter,1,2,12.0,u100,-130.6818389892578,72.1985855102539,0,1038240,0.0
bred_vector_winter,1,2,12.0,u150,-95.84718322753906,105.23481750488281,0,1038240,0.0
bred_vector_winter,1,2,12.0,u200,-90.04971313476562,115.73906707763672,0,1038240,0.0
bred_vector_winter,1,2,12.0,u250,-98.24873352050781,98.64942932128906,0,1038240,0.0
bred_vector_winter,1,2,12.0,u300,-85.14250183105469,105.68106842041016,0,1038240,0.0
bred_vector_winter,1,2,12.0,u400,-70.13648223876953,85.2986068725586,0,1038240,0.0
bred_vector_winter,1,2,12.0,u500,-55.39339828491211,64.34444427490234,0,1038240,0.0
bred_vector_winter,1,2,12.0,u600,-41.43495178222656,56.3985595703125,0,1038240,0.0
bred_vector_winter,1,2,12.0,u700,-58.98360824584961,53.23345184326172,0,1038240,0.0
bred_vector_winter,1,2,12.0,u850,-63.398780822753906,48.62203598022461,0,1038240,0.0
bred_vector_winter,1,2,12.0,u925,-65.2374038696289,37.0593376159668,0,1038240,0.0
bred_vector_winter,1,2,12.0,u1000,-34.76024627685547,22.674741744995117,0,1038240,0.0
bred_vector_winter,1,2,12.0,v50,-71.2421875,59.82524871826172,0,1038240,0.0
bred_vector_winter,1,2,12.0,v100,-70.96049499511719,45.589786529541016,0,1038240,0.0
bred_vector_winter,1,2,12.0,v150,-62.05263900756836,77.21826171875,0,1038240,0.0
bred_vector_winter,1,2,12.0,v200,-74.56098175048828,88.83311462402344,0,1038240,0.0
bred_vector_winter,1,2,12.0,v250,-79.9257583618164,94.02079010009766,0,1038240,0.0
bred_vector_winter,1,2,12.0,v300,-71.68643188476562,86.1337890625,0,1038240,0.0
bred_vector_winter,1,2,12.0,v400,-63.88896942138672,79.33895874023438,0,1038240,0.0
bred_vector_winter,1,2,12.0,v500,-48.25516891479492,70.69026184082031,0,1038240,0.0
bred_vector_winter,1,2,12.0,v600,-38.34300994873047,55.9347038269043,0,1038240,0.0
bred_vector_winter,1,2,12.0,v700,-52.4936408996582,43.64832305908203,0,1038240,0.0
bred_vector_winter,1,2,12.0,v850,-46.788631439208984,31.114818572998047,0,1038240,0.0
bred_vector_winter,1,2,12.0,v925,-35.10155487060547,26.782217025756836,0,1038240,0.0
bred_vector_winter,1,2,12.0,v1000,-20.551067352294922,19.446247100830078,0,1038240,0.0
bred_vector_winter,1,2,12.0,z50,189389.015625,211936.21875,0,1038240,0.0
bred_vector_winter,1,2,12.0,z100,150968.59375,171675.65625,0,1038240,0.0
bred_vector_winter,1,2,12.0,z150,124756.546875,147407.75,0,1038240,0.0
bred_vector_winter,1,2,12.0,z200,107582.171875,128844.078125,0,1038240,0.0
bred_vector_winter,1,2,12.0,z250,93500.2109375,113647.5625,0,1038240,0.0
bred_vector_winter,1,2,12.0,z300,81819.65625,100252.5,0,1038240,0.0
bred_vector_winter,1,2,12.0,z400,63612.921875,78254.0234375,0,1038240,0.0
bred_vector_winter,1,2,12.0,z500,48883.37109375,60513.2578125,0,1038240,0.0
bred_vector_winter,1,2,12.0,z600,35929.8515625,45651.625,0,1038240,0.0
bred_vector_winter,1,2,12.0,z700,24656.6953125,33035.42578125,0,1038240,0.0
bred_vector_winter,1,2,12.0,z850,9363.2216796875,17092.5546875,0,1038240,0.0
bred_vector_winter,1,2,12.0,z925,2538.2841796875,10049.6787109375,0,1038240,0.0
bred_vector_winter,1,2,12.0,z1000,-3845.11962890625,3951.00537109375,0,1038240,0.0
bred_vector_winter,1,2,12.0,t50,164.67567443847656,246.14337158203125,0,1038240,0.0
bred_vector_winter,1,2,12.0,t100,159.49688720703125,257.7000427246094,0,1038240,0.0
bred_vector_winter,1,2,12.0,t150,193.27207946777344,245.31419372558594,0,1038240,0.0
bred_vector_winter,1,2,12.0,t200,201.94337463378906,247.23814392089844,0,1038240,0.0
bred_vector_winter,1,2,12.0,t250,204.61553955078125,259.83990478515625,0,1038240,0.0
bred_vector_winter,1,2,12.0,t300,209.69427490234375,267.1844787597656,0,1038240,0.0
bred_vector_winter,1,2,12.0,t400,219.7218780517578,280.5166931152344,0,1038240,0.0
bred_vector_winter,1,2,12.0,t500,229.11097717285156,287.187744140625,0,1038240,0.0
bred_vector_winter,1,2,12.0,t600,235.01304626464844,294.81781005859375,0,1038240,0.0
bred_vector_winter,1,2,12.0,t700,238.90005493164062,305.1087646484375,0,1038240,0.0
bred_vector_winter,1,2,12.0,t850,245.90740966796875,306.39654541015625,0,1038240,0.0
bred_vector_winter,1,2,12.0,t925,241.74851989746094,311.9154052734375,0,1038240,0.0
bred_vector_winter,1,2,12.0,t1000,238.7962646484375,317.26873779296875,0,1038240,0.0
bred_vector_winter,1,2,12.0,q50,-5.476728256326169e-05,6.615419988520443e-05,519236,1038240,0.500111727538912
bred_vector_winter,1,2,12.0,q100,-2.9098384402459487e-05,3.430035576457158e-05,498675,1038240,0.48030802126675914
bred_vector_winter,1,2,12.0,q150,-2.7471236535347998e-05,8.984098531072959e-05,306837,1038240,0.2955357142857143
bred_vector_winter,1,2,12.0,q200,-7.733052916591987e-05,0.0005804244428873062,118388,1038240,0.11402758514409
bred_vector_winter,1,2,12.0,q250,-0.0002149191714124754,0.00169307307805866,100126,1038240,0.09643820311296039
bred_vector_winter,1,2,12.0,q300,-0.0003250816953368485,0.003626206424087286,57745,1038240,0.055618161504083836
bred_vector_winter,1,2,12.0,q400,-0.0011359329801052809,0.011386404745280743,111142,1038240,0.10704846663584527
bred_vector_winter,1,2,12.0,q500,-0.0027352268807590008,0.01752735860645771,74186,1038240,0.07145361380798274
bred_vector_winter,1,2,12.0,q600,-0.006537087261676788,0.02850959822535515,93670,1038240,0.09021998767144399
bred_vector_winter,1,2,12.0,q700,-0.009285978972911835,0.03474266454577446,85580,1038240,0.08242795500077053
bred_vector_winter,1,2,12.0,q850,-0.0044623869471251965,0.03384397551417351,26283,1038240,0.025314956079519186
bred_vector_winter,1,2,12.0,q925,-0.005725181195884943,0.034981872886419296,16508,1038240,0.01589998458930498
bred_vector_winter,1,2,12.0,q1000,-0.005166526418179274,0.035839878022670746,11844,1038240,0.011407766990291262
bred_vector_winter,1,3,18.0,u10m,-39.90681076049805,22.808561325073242,0,1038240,0.0
bred_vector_winter,1,3,18.0,v10m,-18.532320022583008,22.523651123046875,0,1038240,0.0
bred_vector_winter,1,3,18.0,u100m,-47.588993072509766,33.56708526611328,0,1038240,0.0
bred_vector_winter,1,3,18.0,v100m,-24.81635856628418,27.209318161010742,0,1038240,0.0
bred_vector_winter,1,3,18.0,t2m,226.64857482910156,316.5372314453125,0,1038240,0.0
bred_vector_winter,1,3,18.0,sp,48680.84765625,105834.8828125,0,1038240,0.0
bred_vector_winter,1,3,18.0,msl,94893.3515625,105165.3515625,0,1038240,0.0
bred_vector_winter,1,3,18.0,tcwv,-12.948810577392578,164.356689453125,35869,1038240,0.034547888734781936
bred_vector_winter,1,3,18.0,u50,-98.77497100830078,78.81197357177734,0,1038240,0.0
bred_vector_winter,1,3,18.0,u100,-177.21212768554688,91.03294372558594,415,1038240,0.0003997149021420866
bred_vector_winter,1,3,18.0,u150,-102.02388000488281,132.3529815673828,0,1038240,0.0
bred_vector_winter,1,3,18.0,u200,-96.86066436767578,111.44208526611328,0,1038240,0.0
bred_vector_winter,1,3,18.0,u250,-121.34504699707031,112.72871398925781,0,1038240,0.0
bred_vector_winter,1,3,18.0,u300,-105.3755111694336,102.94100189208984,0,1038240,0.0
bred_vector_winter,1,3,18.0,u400,-70.03284454345703,84.64826202392578,0,1038240,0.0
bred_vector_winter,1,3,18.0,u500,-69.05626678466797,73.52883911132812,0,1038240,0.0
bred_vector_winter,1,3,18.0,u600,-54.121490478515625,56.520206451416016,0,1038240,0.0
bred_vector_winter,1,3,18.0,u700,-69.73040008544922,55.046382904052734,0,1038240,0.0
bred_vector_winter,1,3,18.0,u850,-77.8962173461914,49.58673095703125,0,1038240,0.0
bred_vector_winter,1,3,18.0,u925,-72.43035888671875,44.79922103881836,0,1038240,0.0
bred_vector_winter,1,3,18.0,u1000,-40.66538619995117,23.37040901184082,0,1038240,0.0
bred_vector_winter,1,3,18.0,v50,-74.57276916503906,76.83159637451172,0,1038240,0.0
bred_vector_winter,1,3,18.0,v100,-75.93092346191406,58.74006652832031,0,1038240,0.0
bred_vector_winter,1,3,18.0,v150,-59.423770904541016,87.38703155517578,0,1038240,0.0
bred_vector_winter,1,3,18.0,v200,-80.37101745605469,94.17939758300781,0,1038240,0.0
bred_vector_winter,1,3,18.0,v250,-81.7507095336914,88.67950439453125,0,1038240,0.0
bred_vector_winter,1,3,18.0,v300,-63.2891960144043,88.9363784790039,0,1038240,0.0
bred_vector_winter,1,3,18.0,v400,-58.27764892578125,77.17887115478516,0,1038240,0.0
bred_vector_winter,1,3,18.0,v500,-47.84172821044922,65.57974243164062,0,1038240,0.0
bred_vector_winter,1,3,18.0,v600,-57.08985137939453,60.97440719604492,0,1038240,0.0
bred_vector_winter,1,3,18.0,v700,-52.958587646484375,45.1952018737793,0,1038240,0.0
bred_vector_winter,1,3,18.0,v850,-60.138954162597656,36.2070198059082,0,1038240,0.0
bred_vector_winter,1,3,18.0,v925,-42.87838363647461,33.2748908996582,0,1038240,0.0
bred_vector_winter,1,3,18.0,v1000,-20.617063522338867,22.178604125976562,0,1038240,0.0
bred_vector_winter,1,3,18.0,z50,189367.609375,212990.125,0,1038240,0.0
bred_vector_winter,1,3,18.0,z100,150473.1875,171856.53125,0,1038240,0.0
bred_vector_winter,1,3,18.0,z150,124350.4375,147622.34375,0,1038240,0.0
bred_vector_winter,1,3,18.0,z200,107253.96875,128517.6484375,0,1038240,0.0
bred_vector_winter,1,3,18.0,z250,93315.9296875,113326.71875,0,1038240,0.0
bred_vector_winter,1,3,18.0,z300,81769.9921875,100085.6640625,0,1038240,0.0
bred_vector_winter,1,3,18.0,z400,63668.828125,78277.171875,0,1038240,0.0
bred_vector_winter,1,3,18.0,z500,48755.96484375,60650.28125,0,1038240,0.0
bred_vector_winter,1,3,18.0,z600,35791.41796875,45972.9375,0,1038240,0.0
bred_vector_winter,1,3,18.0,z700,24485.400390625,33299.265625,0,1038240,0.0
bred_vector_winter,1,3,18.0,z850,9190.62109375,17540.451171875,0,1038240,0.0
bred_vector_winter,1,3,18.0,z925,2332.30908203125,10452.0859375,0,1038240,0.0
bred_vector_winter,1,3,18.0,z1000,-4077.97509765625,3864.8974609375,0,1038240,0.0
bred_vector_winter,1,3,18.0,t50,162.7750244140625,245.363037109375,0,1038240,0.0
bred_vector_winter,1,3,18.0,t100,158.37643432617188,260.1304016113281,0,1038240,0.0
bred_vector_winter,1,3,18.0,t150,187.7781982421875,246.65650939941406,0,1038240,0.0
bred_vector_winter,1,3,18.0,t200,199.43759155273438,253.7403564453125,0,1038240,0.0
bred_vector_winter,1,3,18.0,t250,203.02706909179688,263.5989990234375,0,1038240,0.0
bred_vector_winter,1,3,18.0,t300,209.37123107910156,270.3538513183594,0,1038240,0.0
bred_vector_winter,1,3,18.0,t400,221.450439453125,286.79522705078125,0,1038240,0.0
bred_vector_winter,1,3,18.0,t500,229.19967651367188,293.5719299316406,0,1038240,0.0
bred_vector_winter,1,3,18.0,t600,235.5482177734375,297.6306457519531,0,1038240,0.0
bred_vector_winter,1,3,18.0,t700,239.0226287841797,307.9934387207031,0,1038240,0.0
bred_vector_winter,1,3,18.0,t850,245.06336975097656,309.8253173828125,0,1038240,0.0
bred_vector_winter,1,3,18.0,t925,242.2431640625,310.786376953125,0,1038240,0.0
bred_vector_winter,1,3,18.0,t1000,240.09017944335938,317.0578308105469,0,1038240,0.0
bred_vector_winter,1,3,18.0,q50,-5.376733315642923e-05,6.509756349259987e-05,518731,1038240,0.49962532747726923
bred_vector_winter,1,3,18.0,q100,-2.7326326744514517e-05,3.366285818628967e-05,497254,1038240,0.47893935891508704
bred_vector_winter,1,3,18.0,q150,-3.203203959856182e-05,0.00011072245251853019,323875,1038240,0.3119461781476345
bred_vector_winter,1,3,18.0,q200,-8.745311060920358e-05,0.0006681156228296459,175989,1038240,0.16950705039297273
bred_vector_winter,1,3,18.0,q250,-0.0003251053858548403,0.0021531982347369194,162199,1038240,0.1562249576205887
bred_vector_winter,1,3,18.0,q300,-0.0005172761157155037,0.004748046863824129,82180,1038240,0.07915318230852211
bred_vector_winter,1,3,18.0,q400,-0.001781133352778852,0.012524792924523354,158366,1038240,0.15253313299429805
bred_vector_winter,1,3,18.0,q500,-0.0028923035133630037,0.018822794780135155,96289,1038240,0.09274252581291416
bred_vector_winter,1,3,18.0,q600,-0.006409407593309879,0.026784157380461693,125528,1038240,0.12090460779781168
bred_vector_winter,1,3,18.0,q700,-0.009060772135853767,0.040126997977495193,124258,1038240,0.11968138388041301
bred_vector_winter,1,3,18.0,q850,-0.0042770192958414555,0.034915294498205185,40854,1038240,0.03934928340268146
bred_vector_winter,1,3,18.0,q925,-0.005455916281789541,0.035021502524614334,23708,1038240,0.022834797349360458
bred_vector_winter,1,3,18.0,q1000,-0.005217057187110186,0.036869581788778305,13031,1038240,0.01255104792726152
bred_vector_winter,1,4,24.0,u10m,-43.26755905151367,25.781112670898438,0,1038240,0.0
bred_vector_winter,1,4,24.0,v10m,-16.6912899017334,23.322004318237305,0,1038240,0.0
bred_vector_winter,1,4,24.0,u100m,-50.727821350097656,33.259822845458984,0,1038240,0.0
bred_vector_winter,1,4,24.0,v100m,-23.621627807617188,32.202823638916016,0,1038240,0.0
bred_vector_winter,1,4,24.0,t2m,222.05941772460938,318.3850402832031,0,1038240,0.0
bred_vector_winter,1,4,24.0,sp,48654.30859375,105468.6328125,0,1038240,0.0
bred_vector_winter,1,4,24.0,msl,94518.7890625,105330.953125,0,1038240,0.0
bred_vector_winter,1,4,24.0,tcwv,-21.127614974975586,167.04110717773438,46678,1038240,0.044958776390815226
bred_vector_winter,1,4,24.0,u50,-116.97498321533203,93.40079498291016,0,1038240,0.0
bred_vector_winter,1,4,24.0,u100,-196.5947723388672,111.58802032470703,1632,1038240,0.0015718908922792419
bred_vector_winter,1,4,24.0,u150,-111.01652526855469,127.9971923828125,0,1038240,0.0
bred_vector_winter,1,4,24.0,u200,-95.58297729492188,122.52588653564453,0,1038240,0.0
bred_vector_winter,1,4,24.0,u250,-105.43374633789062,123.92184448242188,0,1038240,0.0
bred_vector_winter,1,4,24.0,u300,-109.66177368164062,113.13800048828125,0,1038240,0.0
bred_vector_winter,1,4,24.0,u400,-77.22718048095703,100.28670501708984,0,1038240,0.0
bred_vector_winter,1,4,24.0,u500,-75.97004699707031,85.40895080566406,0,1038240,0.0
bred_vector_winter,1,4,24.0,u600,-58.1096076965332,63.53569793701172,0,1038240,0.0
bred_vector_winter,1,4,24.0,u700,-74.27664947509766,63.27675247192383,0,1038240,0.0
bred_vector_winter,1,4,24.0,u850,-68.79475402832031,45.59331512451172,0,1038240,0.0
bred_vector_winter,1,4,24.0,u925,-63.28595733642578,39.38497543334961,0,1038240,0.0
bred_vector_winter,1,4,24.0,u1000,-43.07257843017578,30.787517547607422,0,1038240,0.0
bred_vector_winter,1,4,24.0,v50,-79.84144592285156,95.55697631835938,0,1038240,0.0
bred_vector_winter,1,4,24.0,v100,-86.12594604492188,72.59488677978516,0,1038240,0.0
bred_vector_winter,1,4,24.0,v150,-72.71981048583984,98.83519744873047,0,1038240,0.0
bred_vector_winter,1,4,24.0,v200,-90.19319915771484,93.3834228515625,0,1038240,0.0
bred_vector_winter,1,4,24.0,v250,-84.93043518066406,82.8359146118164,0,1038240,0.0
bred_vector_winter,1,4,24.0,v300,-77.28312683105469,91.93034362792969,0,1038240,0.0
bred_vector_winter,1,4,24.0,v400,-66.17278289794922,74.2706069946289,0,1038240,0.0
bred_vector_winter,1,4,24.0,v500,-54.48826217651367,65.958251953125,0,1038240,0.0
bred_vector_winter,1,4,24.0,v600,-61.49105453491211,51.92131042480469,0,1038240,0.0
bred_vector_winter,1,4,24.0,v700,-57.11067581176758,43.086490631103516,0,1038240,0.0
bred_vector_winter,1,4,24.0,v850,-55.37506103515625,47.351348876953125,0,1038240,0.0
bred_vector_winter,1,4,24.0,v925,-42.358665466308594,31.299335479736328,0,1038240,0.0
bred_vector_winter,1,4,24.0,v1000,-23.064245223999023,25.579500198364258,0,1038240,0.0
bred_vector_winter,1,4,24.0,z50,189566.140625,213581.390625,0,1038240,0.0
bred_vector_winter,1,4,24.0,z100,150164.90625,172138.796875,0,1038240,0.0
bred_vector_winter,1,4,24.0,z150,123966.265625,148253.265625,0,1038240,0.0
bred_vector_winter,1,4,24.0,z200,107054.1796875,128934.5703125,0,1038240,0.0
bred_vector_winter,1,4,24.0,z250,93291.5703125,113365.046875,0,1038240,0.0
bred_vector_winter,1,4,24.0,z300,81748.765625,100102.4609375,0,1038240,0.0
bred_vector_winter,1,4,24.0,z400,63469.484375,78342.3359375,0,1038240,0.0
bred_vector_winter,1,4,24.0,z500,48242.59765625,60953.32421875,0,1038240,0.0
bred_vector_winter,1,4,24.0,z600,35284.25,46127.1796875,0,1038240,0.0
bred_vector_winter,1,4,24.0,z700,24019.125,33659.3203125,0,1038240,0.0
bred_vector_winter,1,4,24.0,z850,8998.8056640625,17925.173828125,0,1038240,0.0
bred_vector_winter,1,4,24.0,z925,2082.33984375,10833.0078125,0,1038240,0.0
bred_vector_winter,1,4,24.0,z1000,-4274.3515625,4201.35205078125,0,1038240,0.0
bred_vector_winter,1,4,24.0,t50,165.21409606933594,247.48397827148438,0,1038240,0.0
bred_vector_winter,1,4,24.0,t100,157.7220458984375,260.19512939453125,0,1038240,0.0
bred_vector_winter,1,4,24.0,t150,188.39801025390625,250.26193237304688,0,1038240,0.0
bred_vector_winter,1,4,24.0,t200,196.94830322265625,257.3616027832031,0,1038240,0.0
bred_vector_winter,1,4,24.0,t250,201.78628540039062,266.00811767578125,0,1038240,0.0
bred_vector_winter,1,4,24.0,t300,208.0120391845703,271.72808837890625,0,1038240,0.0
bred_vector_winter,1,4,24.0,t400,221.4276123046875,287.81622314453125,0,1038240,0.0
bred_vector_winter,1,4,24.0,t500,225.8536376953125,291.020263671875,0,1038240,0.0
bred_vector_winter,1,4,24.0,t600,232.18226623535156,297.13897705078125,0,1038240,0.0
bred_vector_winter,1,4,24.0,t700,239.60980224609375,304.83905029296875,0,1038240,0.0
bred_vector_winter,1,4,24.0,t850,245.9048309326172,308.892333984375,0,1038240,0.0
bred_vector_winter,1,4,24.0,t925,243.50173950195312,311.6299133300781,0,1038240,0.0
bred_vector_winter,1,4,24.0,t1000,241.15579223632812,318.07183837890625,0,1038240,0.0
bred_vector_winter,1,4,24.0,q50,-5.279973629512824e-05,6.402419239748269e-05,518148,1038240,0.4990638002773925
bred_vector_winter,1,4,24.0,q100,-2.6030606022686698e-05,3.2806558010634035e-05,495838,1038240,0.47757551240560947
bred_vector_winter,1,4,24.0,q150,-3.370821650605649e-05,0.0001343537587672472,325592,1038240,0.3135999383572199
bred_vector_winter,1,4,24.0,q200,-8.593575330451131e-05,0.0007481729844585061,199599,1038240,0.1922474572353213
bred_vector_winter,1,4,24.0,q250,-0.00027820252580568194,0.0023611662909388542,197596,1038240,0.19031823085221145
bred_vector_winter,1,4,24.0,q300,-0.0007078507915139198,0.005357910878956318,106255,1038240,0.10234146247495762
bred_vector_winter,1,4,24.0,q400,-0.0019822479225695133,0.01289634220302105,182316,1038240,0.17560101710587148
bred_vector_winter,1,4,24.0,q500,-0.0032993489876389503,0.02017512358725071,122610,1038240,0.11809408229311141
bred_vector_winter,1,4,24.0,q600,-0.005704239476472139,0.026804029941558838,152796,1038240,0.147168284789644
bred_vector_winter,1,4,24.0,q700,-0.009640002623200417,0.04404285177588463,158199,1038240,0.15237228386500232
bred_vector_winter,1,4,24.0,q850,-0.005767743568867445,0.034972477704286575,53507,1038240,0.05153625366004007
bred_vector_winter,1,4,24.0,q925,-0.007307549472898245,0.035033103078603745,29845,1038240,0.028745762058868855
bred_vector_winter,1,4,24.0,q1000,-0.00502918241545558,0.03610724210739136,15193,1038240,0.014633418092155957
bred_vector_winter,1,5,30.0,u10m,-41.49901580810547,28.691415786743164,0,1038240,0.0
bred_vector_winter,1,5,30.0,v10m,-21.740360260009766,26.24190330505371,0,1038240,0.0
bred_vector_winter,1,5,30.0,u100m,-51.3671875,40.35455322265625,0,1038240,0.0
bred_vector_winter,1,5,30.0,v100m,-26.68834114074707,30.306718826293945,0,1038240,0.0
bred_vector_winter,1,5,30.0,t2m,223.7974853515625,317.2882080078125,0,1038240,0.0
bred_vector_winter,1,5,30.0,sp,48475.1015625,105611.40625,0,1038240,0.0
bred_vector_winter,1,5,30.0,msl,94254.6328125,105487.7734375,0,1038240,0.0
bred_vector_winter,1,5,30.0,tcwv,-21.3433895111084,162.6586151123047,56739,1038240,0.05464921405455386
bred_vector_winter,1,5,30.0,u50,-117.96224212646484,111.06183624267578,0,1038240,0.0
bred_vector_winter,1,5,30.0,u100,-227.9634552001953,144.1976318359375,2640,1038240,0.002542764678687009
bred_vector_winter,1,5,30.0,u150,-115.68938446044922,121.09798431396484,0,1038240,0.0
bred_vector_winter,1,5,30.0,u200,-102.19029235839844,113.35531616210938,0,1038240,0.0
bred_vector_winter,1,5,30.0,u250,-118.43046569824219,140.05557250976562,0,1038240,0.0
bred_vector_winter,1,5,30.0,u300,-120.6712646484375,125.99285888671875,0,1038240,0.0
bred_vector_winter,1,5,30.0,u400,-93.65514373779297,100.7636489868164,0,1038240,0.0
bred_vector_winter,1,5,30.0,u500,-94.6651382446289,92.79520416259766,0,1038240,0.0
bred_vector_winter,1,5,30.0,u600,-75.95348358154297,63.86344528198242,0,1038240,0.0
bred_vector_winter,1,5,30.0,u700,-93.76758575439453,61.70996856689453,0,1038240,0.0
bred_vector_winter,1,5,30.0,u850,-67.97322845458984,46.529335021972656,0,1038240,0.0
bred_vector_winter,1,5,30.0,u925,-58.573123931884766,41.64207077026367,0,1038240,0.0
bred_vector_winter,1,5,30.0,u1000,-40.011985778808594,29.442161560058594,0,1038240,0.0
bred_vector_winter,1,5,30.0,v50,-88.67573547363281,106.1768569946289,0,1038240,0.0
bred_vector_winter,1,5,30.0,v100,-79.02460479736328,77.82643127441406,0,1038240,0.0
bred_vector_winter,1,5,30.0,v150,-75.03456115722656,80.119384765625,0,1038240,0.0
bred_vector_winter,1,5,30.0,v200,-110.71575927734375,81.44457244873047,0,1038240,0.0
bred_vector_winter,1,5,30.0,v250,-109.71127319335938,88.24368286132812,0,1038240,0.0
bred_vector_winter,1,5,30.0,v300,-97.66642761230469,111.0090103149414,0,1038240,0.0
bred_vector_winter,1,5,30.0,v400,-63.41012191772461,71.12741088867188,0,1038240,0.0
bred_vector_winter,1,5,30.0,v500,-56.58204650878906,61.870609283447266,0,1038240,0.0
bred_vector_winter,1,5,30.0,v600,-56.98659896850586,50.969478607177734,0,1038240,0.0
bred_vector_winter,1,5,30.0,v700,-51.334354400634766,47.76163101196289,0,1038240,0.0
bred_vector_winter,1,5,30.0,v850,-50.921165466308594,35.43910598754883,0,1038240,0.0
bred_vector_winter,1,5,30.0,v925,-35.918861389160156,28.702112197875977,0,1038240,0.0
bred_vector_winter,1,5,30.0,v1000,-23.6007022857666,26.730300903320312,0,1038240,0.0
bred_vector_winter,1,5,30.0,z50,189891.3125,214627.6875,0,1038240,0.0
bred_vector_winter,1,5,30.0,z100,149851.234375,172229.265625,0,1038240,0.0
bred_vector_winter,1,5,30.0,z150,123925.671875,148433.328125,0,1038240,0.0
bred_vector_winter,1,5,30.0,z200,107035.484375,129079.546875,0,1038240,0.0
bred_vector_winter,1,5,30.0,z250,93288.390625,113211.171875,0,1038240,0.0
bred_vector_winter,1,5,30.0,z300,81665.4609375,99832.203125,0,1038240,0.0
bred_vector_winter,1,5,30.0,z400,63053.45703125,78481.8515625,0,1038240,0.0
bred_vector_winter,1,5,30.0,z500,47827.6796875,60995.6328125,0,1038240,0.0
bred_vector_winter,1,5,30.0,z600,34878.19140625,46130.3359375,0,1038240,0.0
bred_vector_winter,1,5,30.0,z700,23581.72265625,33758.48828125,0,1038240,0.0
bred_vector_winter,1,5,30.0,z850,8580.27734375,18023.58203125,0,1038240,0.0
bred_vector_winter,1,5,30.0,z925,1830.12890625,10947.2255859375,0,1038240,0.0
bred_vector_winter,1,5,30.0,z1000,-4474.837890625,4372.01025390625,0,1038240,0.0
bred_vector_winter,1,5,30.0,t50,165.11264038085938,247.85043334960938,0,1038240,0.0
bred_vector_winter,1,5,30.0,t100,151.99383544921875,264.2406005859375,0,1038240,0.0
bred_vector_winter,1,5,30.0,t150,187.935791015625,254.11550903320312,0,1038240,0.0
bred_vector_winter,1,5,30.0,t200,197.5027313232422,258.09710693359375,0,1038240,0.0
bred_vector_winter,1,5,30.0,t250,200.69374084472656,269.054443359375,0,1038240,0.0
bred_vector_winter,1,5,30.0,t300,205.5834197998047,269.5353698730469,0,1038240,0.0
bred_vector_winter,1,5,30.0,t400,219.75819396972656,288.4924011230469,0,1038240,0.0
bred_vector_winter,1,5,30.0,t500,225.77377319335938,290.6138000488281,0,1038240,0.0
bred_vector_winter,1,5,30.0,t600,229.85728454589844,295.587890625,0,1038240,0.0
bred_vector_winter,1,5,30.0,t700,240.72982788085938,306.64715576171875,0,1038240,0.0
bred_vector_winter,1,5,30.0,t850,247.64724731445312,310.9391174316406,0,1038240,0.0
bred_vector_winter,1,5,30.0,t925,244.49481201171875,313.7481689453125,0,1038240,0.0
bred_vector_winter,1,5,30.0,t1000,242.9029541015625,319.242431640625,0,1038240,0.0
bred_vector_winter,1,5,30.0,q50,-5.1828108553308994e-05,6.294785998761654e-05,517652,1038240,0.4985860687316998
bred_vector_winter,1,5,30.0,q100,-2.500977825548034e-05,3.1867195502854884e-05,494415,1038240,0.47620492371705964
bred_vector_winter,1,5,30.0,q150,-3.3405201975256205e-05,0.00014491254114545882,323736,1038240,0.3118122977346278
bred_vector_winter,1,5,30.0,q200,-8.291226549772546e-05,0.0007161882240325212,213035,1038240,0.20518858838033596
bred_vector_winter,1,5,30.0,q250,-0.0003859151038341224,0.0023439647629857063,223707,1038240,0.2154675219602404
bred_vector_winter,1,5,30.0,q300,-0.0006369632901623845,0.005518406163901091,130502,1038240,0.12569540761288334
bred_vector_winter,1,5,30.0,q400,-0.0024072027299553156,0.01303972490131855,201938,1038240,0.19450030821390044
bred_vector_winter,1,5,30.0,q500,-0.004046973306685686,0.021684490144252777,144718,1038240,0.13938781014023732
bred_vector_winter,1,5,30.0,q600,-0.006470880471169949,0.03155999258160591,172462,1038240,0.16610995530898442
bred_vector_winter,1,5,30.0,q700,-0.010171109810471535,0.0419013649225235,185248,1038240,0.1784250269687163
bred_vector_winter,1,5,30.0,q850,-0.006052754353731871,0.033668290823698044,65768,1038240,0.06334566188935122
bred_vector_winter,1,5,30.0,q925,-0.007712374906986952,0.033228568732738495,33264,1038240,0.03203883495145631
bred_vector_winter,1,5,30.0,q1000,-0.005979189183562994,0.03373338654637337,19433,1038240,0.018717252273077516
bred_vector_winter,1,6,36.0,u10m,-35.667091369628906,23.219785690307617,0,1038240,0.0
bred_vector_winter,1,6,36.0,v10m,-23.73833465576172,23.165050506591797,0,1038240,0.0
bred_vector_winter,1,6,36.0,u100m,-42.169761657714844,31.99747085571289,0,1038240,0.0
bred_vector_winter,1,6,36.0,v100m,-26.76888656616211,27.279617309570312,0,1038240,0.0
bred_vector_winter,1,6,36.0,t2m,223.34307861328125,316.6671447753906,0,1038240,0.0
bred_vector_winter,1,6,36.0,sp,48587.65234375,105898.515625,0,1038240,0.0
bred_vector_winter,1,6,36.0,msl,94471.578125,105563.7890625,0,1038240,0.0
bred_vector_winter,1,6,36.0,tcwv,-19.885927200317383,149.80606079101562,66461,1038240,0.06401313761750654
bred_vector_winter,1,6,36.0,u50,-117.06600952148438,118.55427551269531,0,1038240,0.0
bred_vector_winter,1,6,36.0,u100,-242.806640625,138.23773193359375,2799,1038240,0.0026959084604715675
bred_vector_winter,1,6,36.0,u150,-115.22562408447266,132.5219268798828,0,1038240,0.0
bred_vector_winter,1,6,36.0,u200,-107.49759674072266,136.33717346191406,0,1038240,0.0
bred_vector_winter,1,6,36.0,u250,-117.72492980957031,131.08688354492188,0,1038240,0.0
bred_vector_winter,1,6,36.0,u300,-132.18560791015625,111.91141510009766,0,1038240,0.0
bred_vector_winter,1,6,36.0,u400,-98.41790008544922,106.65068054199219,0,1038240,0.0
bred_vector_winter,1,6,36.0,u500,-97.41553497314453,96.31035614013672,0,1038240,0.0
bred_vector_winter,1,6,36.0,u600,-82.23199462890625,73.08435821533203,0,1038240,0.0
bred_vector_winter,1,6,36.0,u700,-87.41033172607422,67.62531280517578,0,1038240,0.0
bred_vector_winter,1,6,36.0,u850,-65.74736785888672,45.93738555908203,0,1038240,0.0
bred_vector_winter,1,6,36.0,u925,-51.3004264831543,42.19618225097656,0,1038240,0.0
bred_vector_winter,1,6,36.0,u1000,-36.810218811035156,30.841476440429688,0,1038240,0.0
bred_vector_winter,1,6,36.0,v50,-88.18257141113281,116.14046478271484,0,1038240,0.0
bred_vector_winter,1,6,36.0,v100,-60.44268798828125,70.28141021728516,0,1038240,0.0
bred_vector_winter,1,6,36.0,v150,-85.98157501220703,65.8254623413086,0,1038240,0.0
bred_vector_winter,1,6,36.0,v200,-125.55909729003906,75.8320541381836,0,1038240,0.0
bred_vector_winter,1,6,36.0,v250,-124.86650848388672,98.65846252441406,0,1038240,0.0
bred_vector_winter,1,6,36.0,v300,-111.42696380615234,102.52981567382812,0,1038240,0.0
bred_vector_winter,1,6,36.0,v400,-60.44060134887695,70.12892150878906,0,1038240,0.0
bred_vector_winter,1,6,36.0,v500,-68.90354919433594,58.151206970214844,0,1038240,0.0
bred_vector_winter,1,6,36.0,v600,-68.28003692626953,44.31291961669922,0,1038240,0.0
bred_vector_winter,1,6,36.0,v700,-59.082374572753906,47.21551513671875,0,1038240,0.0
bred_vector_winter,1,6,36.0,v850,-45.3443489074707,29.096664428710938,0,1038240,0.0
bred_vector_winter,1,6,36.0,v925,-36.736812591552734,27.90824317932129,0,1038240,0.0
bred_vector_winter,1,6,36.0,v1000,-26.482666015625,25.069210052490234,0,1038240,0.0
bred_vector_winter,1,6,36.0,z50,190080.078125,215200.796875,0,1038240,0.0
bred_vector_winter,1,6,36.0,z100,149475.71875,172108.0,0,1038240,0.0
bred_vector_winter,1,6,36.0,z150,123628.5078125,148414.125,0,1038240,0.0
bred_vector_winter,1,6,36.0,z200,106648.0546875,129471.7265625,0,1038240,0.0
bred_vector_winter,1,6,36.0,z250,92519.6484375,113388.53125,0,1038240,0.0
bred_vector_winter,1,6,36.0,z300,80838.9453125,100015.84375,0,1038240,0.0
bred_vector_winter,1,6,36.0,z400,62133.40625,78537.640625,0,1038240,0.0
bred_vector_winter,1,6,36.0,z500,47588.359375,61008.76171875,0,1038240,0.0
bred_vector_winter,1,6,36.0,z600,35074.18359375,46159.9453125,0,1038240,0.0
bred_vector_winter,1,6,36.0,z700,23637.51953125,33698.859375,0,1038240,0.0
bred_vector_winter,1,6,36.0,z850,8820.296875,17949.958984375,0,1038240,0.0
bred_vector_winter,1,6,36.0,z925,2070.07861328125,10890.95703125,0,1038240,0.0
bred_vector_winter,1,6,36.0,z1000,-4260.3720703125,4423.65234375,0,1038240,0.0
bred_vector_winter,1,6,36.0,t50,165.54476928710938,245.87393188476562,0,1038240,0.0
bred_vector_winter,1,6,36.0,t100,144.78421020507812,267.8330993652344,245,1038240,0.0002359762675296656
bred_vector_winter,1,6,36.0,t150,185.8433837890625,254.72984313964844,0,1038240,0.0
bred_vector_winter,1,6,36.0,t200,199.01893615722656,257.9234924316406,0,1038240,0.0
bred_vector_winter,1,6,36.0,t250,200.28005981445312,266.956298828125,0,1038240,0.0
bred_vector_winter,1,6,36.0,t300,202.78060913085938,270.7035827636719,0,1038240,0.0
bred_vector_winter,1,6,36.0,t400,221.3370361328125,286.9892578125,0,1038240,0.0
bred_vector_winter,1,6,36.0,t500,221.0321807861328,291.931396484375,0,1038240,0.0
bred_vector_winter,1,6,36.0,t600,228.49281311035156,299.12774658203125,0,1038240,0.0
bred_vector_winter,1,6,36.0,t700,239.7763671875,310.64617919921875,0,1038240,0.0
bred_vector_winter,1,6,36.0,t850,246.82882690429688,311.3089904785156,0,1038240,0.0
bred_vector_winter,1,6,36.0,t925,244.1804962158203,314.0848388671875,0,1038240,0.0
bred_vector_winter,1,6,36.0,t1000,242.11245727539062,318.9883728027344,0,1038240,0.0
bred_vector_winter,1,6,36.0,q50,-5.089597834739834e-05,6.188504630699754e-05,517129,1038240,0.4980823316381569
bred_vector_winter,1,6,36.0,q100,-2.409631088085007e-05,3.089365782216191e-05,493197,1038240,0.4750317845584836
bred_vector_winter,1,6,36.0,q150,-3.613437365856953e-05,0.0001264370366698131,321272,1038240,0.3094390507011866
bred_vector_winter,1,6,36.0,q200,-8.949665789259598e-05,0.0006859417771920562,219040,1038240,0.21097241485591
bred_vector_winter,1,6,36.0,q250,-0.00029364193323999643,0.0021130654495209455,228146,1038240,0.21974302666050238
bred_vector_winter,1,6,36.0,q300,-0.0006093751871958375,0.005269149783998728,147050,1038240,0.14163391893974417
bred_vector_winter,1,6,36.0,q400,-0.0022435649298131466,0.01246483065187931,207437,1038240,0.1997967714593928
bred_vector_winter,1,6,36.0,q500,-0.007139247376471758,0.020366691052913666,145611,1038240,0.140247919556172
bred_vector_winter,1,6,36.0,q600,-0.010500995442271233,0.028887702152132988,184901,1038240,0.17809080752041917
bred_vector_winter,1,6,36.0,q700,-0.014242926612496376,0.039409056305885315,202432,1038240,0.19497611342271537
bred_vector_winter,1,6,36.0,q850,-0.007151727098971605,0.029345275834202766,72392,1038240,0.06972568962860225
bred_vector_winter,1,6,36.0,q925,-0.007105304393917322,0.032759085297584534,36365,1038240,0.03502562028047465
bred_vector_winter,1,6,36.0,q1000,-0.007184854242950678,0.03057379089295864,21173,1038240,0.02039316535675759
bred_vector_winter,1,7,42.0,u10m,-34.65306854248047,24.36077117919922,0,1038240,0.0
bred_vector_winter,1,7,42.0,v10m,-20.074260711669922,20.895357131958008,0,1038240,0.0
bred_vector_winter,1,7,42.0,u100m,-39.125648498535156,34.47465133666992,0,1038240,0.0
bred_vector_winter,1,7,42.0,v100m,-27.163822174072266,26.162534713745117,0,1038240,0.0
bred_vector_winter,1,7,42.0,t2m,223.3428955078125,316.678466796875,0,1038240,0.0
bred_vector_winter,1,7,42.0,sp,48678.1875,106490.9375,0,1038240,0.0
bred_vector_winter,1,7,42.0,msl,94529.34375,105617.4296875,0,1038240,0.0
bred_vector_winter,1,7,42.0,tcwv,-24.58382225036621,145.3067169189453,74813,1038240,0.0720575204191709
bred_vector_winter,1,7,42.0,u50,-124.98160552978516,118.1126480102539,0,1038240,0.0
bred_vector_winter,1,7,42.0,u100,-227.06781005859375,133.56121826171875,2899,1038240,0.0027922253043612265
bred_vector_winter,1,7,42.0,u150,-110.27096557617188,134.1012420654297,0,1038240,0.0
bred_vector_winter,1,7,42.0,u200,-101.1946029663086,121.79830932617188,0,1038240,0.0
bred_vector_winter,1,7,42.0,u250,-112.93870544433594,158.23545837402344,45,1038240,4.334257975034674e-05
bred_vector_winter,1,7,42.0,u300,-131.30657958984375,119.85029602050781,0,1038240,0.0
bred_vector_winter,1,7,42.0,u400,-80.6977767944336,90.02723693847656,0,1038240,0.0
bred_vector_winter,1,7,42.0,u500,-84.84953308105469,79.26534271240234,0,1038240,0.0
bred_vector_winter,1,7,42.0,u600,-87.17998504638672,59.400394439697266,0,1038240,0.0
bred_vector_winter,1,7,42.0,u700,-66.9192886352539,58.20697021484375,0,1038240,0.0
bred_vector_winter,1,7,42.0,u850,-61.518653869628906,46.414119720458984,0,1038240,0.0
bred_vector_winter,1,7,42.0,u925,-45.51732635498047,46.234981536865234,0,1038240,0.0
bred_vector_winter,1,7,42.0,u1000,-35.30925369262695,30.097139358520508,0,1038240,0.0
bred_vector_winter,1,7,42.0,v50,-91.28668212890625,118.64238739013672,0,1038240,0.0
bred_vector_winter,1,7,42.0,v100,-75.04615020751953,77.79887390136719,0,1038240,0.0
bred_vector_winter,1,7,42.0,v150,-82.99649810791016,68.99736785888672,0,1038240,0.0
bred_vector_winter,1,7,42.0,v200,-134.8853302001953,84.92874908447266,0,1038240,0.0
bred_vector_winter,1,7,42.0,v250,-118.68772888183594,100.13257598876953,0,1038240,0.0
bred_vector_winter,1,7,42.0,v300,-100.98578643798828,125.39752197265625,0,1038240,0.0
bred_vector_winter,1,7,42.0,v400,-58.09257888793945,90.21638488769531,0,1038240,0.0
bred_vector_winter,1,7,42.0,v500,-65.08122253417969,57.808990478515625,0,1038240,0.0
bred_vector_winter,1,7,42.0,v600,-67.70730590820312,46.422794342041016,0,1038240,0.0
bred_vector_winter,1,7,42.0,v700,-51.673683166503906,47.47813034057617,0,1038240,0.0
bred_vector_winter,1,7,42.0,v850,-50.058860778808594,30.964183807373047,0,1038240,0.0
bred_vector_winter,1,7,42.0,v925,-31.437150955200195,29.496225357055664,0,1038240,0.0
bred_vector_winter,1,7,42.0,v1000,-20.750375747680664,23.08734703063965,0,1038240,0.0
bred_vector_winter,1,7,42.0,z50,189845.90625,216080.6875,0,1038240,0.0
bred_vector_winter,1,7,42.0,z100,149162.90625,171923.328125,0,1038240,0.0
bred_vector_winter,1,7,42.0,z150,123369.6328125,148650.84375,0,1038240,0.0
bred_vector_winter,1,7,42.0,z200,106507.7421875,129713.140625,0,1038240,0.0
bred_vector_winter,1,7,42.0,z250,92437.9140625,113367.2265625,0,1038240,0.0
bred_vector_winter,1,7,42.0,z300,80883.4921875,100051.0546875,0,1038240,0.0
bred_vector_winter,1,7,42.0,z400,62057.42578125,78633.140625,0,1038240,0.0
bred_vector_winter,1,7,42.0,z500,47275.5078125,61020.484375,0,1038240,0.0
bred_vector_winter,1,7,42.0,z600,35172.6640625,46172.7734375,0,1038240,0.0
bred_vector_winter,1,7,42.0,z700,23658.90234375,33593.296875,0,1038240,0.0
bred_vector_winter,1,7,42.0,z850,8844.705078125,17747.892578125,0,1038240,0.0
bred_vector_winter,1,7,42.0,z925,2074.35107421875,10665.412109375,0,1038240,0.0
bred_vector_winter,1,7,42.0,z1000,-4219.35888671875,4140.9658203125,0,1038240,0.0
bred_vector_winter,1,7,42.0,t50,162.48739624023438,249.009765625,0,1038240,0.0
bred_vector_winter,1,7,42.0,t100,141.18133544921875,268.1498107910156,751,1038240,0.0007233394976113422
bred_vector_winter,1,7,42.0,t150,186.24444580078125,257.30865478515625,0,1038240,0.0
bred_vector_winter,1,7,42.0,t200,198.47225952148438,260.850830078125,0,1038240,0.0
bred_vector_winter,1,7,42.0,t250,198.19393920898438,265.92291259765625,0,1038240,0.0
bred_vector_winter,1,7,42.0,t300,203.3612518310547,271.357177734375,0,1038240,0.0
bred_vector_winter,1,7,42.0,t400,220.49032592773438,285.1281433105469,0,1038240,0.0
bred_vector_winter,1,7,42.0,t500,223.2499237060547,294.1606140136719,0,1038240,0.0
bred_vector_winter,1,7,42.0,t600,217.3343963623047,294.27252197265625,0,1038240,0.0
bred_vector_winter,1,7,42.0,t700,241.34371948242188,306.2234802246094,0,1038240,0.0
bred_vector_winter,1,7,42.0,t850,246.1393585205078,315.6216735839844,0,1038240,0.0
bred_vector_winter,1,7,42.0,t925,244.18833923339844,310.5451354980469,0,1038240,0.0
bred_vector_winter,1,7,42.0,t1000,239.62062072753906,316.0699462890625,0,1038240,0.0
bred_vector_winter,1,7,42.0,q50,-4.997993164579384e-05,6.0881353419972584e-05,516570,1038240,0.4975439204808137
bred_vector_winter,1,7,42.0,q100,-2.3062752006808296e-05,3.0144612537696958e-05,492169,1038240,0.4740416474032979
bred_vector_winter,1,7,42.0,q150,-3.6944038583897054e-05,0.00011740648187696934,315611,1038240,0.303986554168593
bred_vector_winter,1,7,42.0,q200,-0.00010333050158806145,0.0006587431416846812,222815,1038240,0.21460837571274463
bred_vector_winter,1,7,42.0,q250,-0.00032802484929561615,0.002122644567862153,227304,1038240,0.21893203883495146
bred_vector_winter,1,7,42.0,q300,-0.0007763383910059929,0.004899783991277218,150413,1038240,0.14487305439975343
bred_vector_winter,1,7,42.0,q400,-0.0025977890472859144,0.011510608717799187,214238,1038240,0.20634728001232855
bred_vector_winter,1,7,42.0,q500,-0.008224692195653915,0.019176099449396133,152132,1038240,0.14652874094621668
bred_vector_winter,1,7,42.0,q600,-0.010636121034622192,0.029597824439406395,194485,1038240,0.18732181383880414
bred_vector_winter,1,7,42.0,q700,-0.015254119411110878,0.033781833946704865,209760,1038240,0.2020342117429496
bred_vector_winter,1,7,42.0,q850,-0.009186675772070885,0.03181924670934677,77248,1038240,0.07440283556788412
bred_vector_winter,1,7,42.0,q925,-0.008068565279245377,0.03213130682706833,39845,1038240,0.0383774464478348
bred_vector_winter,1,7,42.0,q1000,-0.0068653947673738,0.03152264282107353,22984,1038240,0.022137463399599322
bred_vector_winter,1,8,48.0,u10m,-36.45358657836914,25.32642364501953,0,1038240,0.0
bred_vector_winter,1,8,48.0,v10m,-22.311851501464844,22.842369079589844,0,1038240,0.0
bred_vector_winter,1,8,48.0,u100m,-42.88278579711914,32.87641525268555,0,1038240,0.0
bred_vector_winter,1,8,48.0,v100m,-26.198728561401367,26.122182846069336,0,1038240,0.0
bred_vector_winter,1,8,48.0,t2m,223.57867431640625,322.7929992675781,0,1038240,0.0
bred_vector_winter,1,8,48.0,sp,48483.484375,106708.8828125,0,1038240,0.0
bred_vector_winter,1,8,48.0,msl,94762.1640625,105857.640625,0,1038240,0.0
bred_vector_winter,1,8,48.0,tcwv,-30.091299057006836,154.70738220214844,82604,1038240,0.07956156572661427
bred_vector_winter,1,8,48.0,u50,-126.20178985595703,111.41455078125,0,1038240,0.0
bred_vector_winter,1,8,48.0,u100,-226.4680938720703,153.5636749267578,2676,1038240,0.002577438742487286
bred_vector_winter,1,8,48.0,u150,-108.19611358642578,141.30142211914062,0,1038240,0.0
bred_vector_winter,1,8,48.0,u200,-104.06732177734375,140.04913330078125,0,1038240,0.0
bred_vector_winter,1,8,48.0,u250,-116.18507385253906,142.24566650390625,0,1038240,0.0
bred_vector_winter,1,8,48.0,u300,-134.11453247070312,119.30708312988281,0,1038240,0.0
bred_vector_winter,1,8,48.0,u400,-75.65982055664062,107.22081756591797,0,1038240,0.0
bred_vector_winter,1,8,48.0,u500,-78.59699249267578,73.33991241455078,0,1038240,0.0
bred_vector_winter,1,8,48.0,u600,-81.83856964111328,54.58136749267578,0,1038240,0.0
bred_vector_winter,1,8,48.0,u700,-68.32959747314453,58.229339599609375,0,1038240,0.0
bred_vector_winter,1,8,48.0,u850,-61.97285079956055,53.18309020996094,0,1038240,0.0
bred_vector_winter,1,8,48.0,u925,-46.50232696533203,43.05084991455078,0,1038240,0.0
bred_vector_winter,1,8,48.0,u1000,-38.34175109863281,31.16840934753418,0,1038240,0.0
bred_vector_winter,1,8,48.0,v50,-85.3996810913086,120.43262481689453,0,1038240,0.0
bred_vector_winter,1,8,48.0,v100,-71.18372344970703,78.49681091308594,0,1038240,0.0
bred_vector_winter,1,8,48.0,v150,-95.89228057861328,77.71063995361328,0,1038240,0.0
bred_vector_winter,1,8,48.0,v200,-142.53770446777344,79.12665557861328,0,1038240,0.0
bred_vector_winter,1,8,48.0,v250,-116.65519714355469,104.95368957519531,0,1038240,0.0
bred_vector_winter,1,8,48.0,v300,-90.42537689208984,124.03063201904297,0,1038240,0.0
bred_vector_winter,1,8,48.0,v400,-65.31019592285156,93.43106842041016,0,1038240,0.0
bred_vector_winter,1,8,48.0,v500,-57.73163604736328,64.54423522949219,0,1038240,0.0
bred_vector_winter,1,8,48.0,v600,-51.9989128112793,61.858341217041016,0,1038240,0.0
bred_vector_winter,1,8,48.0,v700,-47.749351501464844,41.89216232299805,0,1038240,0.0
bred_vector_winter,1,8,48.0,v850,-39.25541687011719,33.77714920043945,0,1038240,0.0
bred_vector_winter,1,8,48.0,v925,-33.744712829589844,34.54502487182617,0,1038240,0.0
bred_vector_winter,1,8,48.0,v1000,-22.600055694580078,25.2275447845459,0,1038240,0.0
bred_vector_winter,1,8,48.0,z50,189446.03125,216823.1875,0,1038240,0.0
bred_vector_winter,1,8,48.0,z100,148949.0,172094.90625,0,1038240,0.0
bred_vector_winter,1,8,48.0,z150,123619.734375,148695.84375,0,1038240,0.0
bred_vector_winter,1,8,48.0,z200,106319.109375,129597.8515625,0,1038240,0.0
bred_vector_winter,1,8,48.0,z250,92462.453125,113278.8828125,0,1038240,0.0
bred_vector_winter,1,8,48.0,z300,81111.296875,100181.09375,0,1038240,0.0
bred_vector_winter,1,8,48.0,z400,61946.1953125,78761.3203125,0,1038240,0.0
bred_vector_winter,1,8,48.0,z500,47200.84375,61110.703125,0,1038240,0.0
bred_vector_winter,1,8,48.0,z600,34785.3046875,46247.96875,0,1038240,0.0
bred_vector_winter,1,8,48.0,z700,23345.03125,33525.20703125,0,1038240,0.0
bred_vector_winter,1,8,48.0,z850,8462.9052734375,17568.3125,0,1038240,0.0
bred_vector_winter,1,8,48.0,z925,1893.27392578125,10454.0,0,1038240,0.0
bred_vector_winter,1,8,48.0,z1000,-4257.65087890625,4320.85009765625,0,1038240,0.0
bred_vector_winter,1,8,48.0,t50,160.2518768310547,248.8025360107422,0,1038240,0.0
bred_vector_winter,1,8,48.0,t100,138.55238342285156,274.53375244140625,1053,1038240,0.0010142163661581137
bred_vector_winter,1,8,48.0,t150,183.94906616210938,261.9729309082031,0,1038240,0.0
bred_vector_winter,1,8,48.0,t200,197.6819305419922,263.7749938964844,0,1038240,0.0
bred_vector_winter,1,8,48.0,t250,197.2997283935547,266.87646484375,0,1038240,0.0
bred_vector_winter,1,8,48.0,t300,201.2977752685547,276.731689453125,0,1038240,0.0
bred_vector_winter,1,8,48.0,t400,219.71658325195312,285.2873840332031,0,1038240,0.0
bred_vector_winter,1,8,48.0,t500,225.69061279296875,294.09930419921875,0,1038240,0.0
bred_vector_winter,1,8,48.0,t600,218.92190551757812,297.01641845703125,0,1038240,0.0
bred_vector_winter,1,8,48.0,t700,238.91004943847656,309.52960205078125,0,1038240,0.0
bred_vector_winter,1,8,48.0,t850,244.87747192382812,321.4949035644531,0,1038240,0.0
bred_vector_winter,1,8,48.0,t925,243.72225952148438,319.52032470703125,0,1038240,0.0
bred_vector_winter,1,8,48.0,t1000,237.60879516601562,321.40655517578125,0,1038240,0.0
bred_vector_winter,1,8,48.0,q50,-4.9095677240984514e-05,5.988838893244974e-05,515996,1038240,0.496991061796887
bred_vector_winter,1,8,48.0,q100,-2.212060098827351e-05,2.9652283046743833e-05,491382,1038240,0.47328363384188626
bred_vector_winter,1,8,48.0,q150,-3.699914668686688e-05,0.00011023905972251669,314161,1038240,0.30258995993219295
bred_vector_winter,1,8,48.0,q200,-0.00010325621406082064,0.0006673813913948834,231608,1038240,0.2230775157959624
bred_vector_winter,1,8,48.0,q250,-0.00034789962228387594,0.0019389832159504294,237900,1038240,0.22913777161349977
bred_vector_winter,1,8,48.0,q300,-0.0009576951852068305,0.004746828693896532,152070,1038240,0.14646902450300509
bred_vector_winter,1,8,48.0,q400,-0.0025155162438750267,0.011293480172753334,217651,1038240,0.20963457389428264
bred_vector_winter,1,8,48.0,q500,-0.008937602862715721,0.01987714134156704,156076,1038240,0.15032747726922485
bred_vector_winter,1,8,48.0,q600,-0.011657812632620335,0.02507600001990795,208962,1038240,0.20126560332871013
bred_vector_winter,1,8,48.0,q700,-0.02092723362147808,0.03446459397673607,214957,1038240,0.2070397981198952
bred_vector_winter,1,8,48.0,q850,-0.00998312421143055,0.02815086580812931,84003,1038240,0.08090903837263061
bred_vector_winter,1,8,48.0,q925,-0.009997846558690071,0.030514735728502274,44213,1038240,0.04258456618893512
bred_vector_winter,1,8,48.0,q1000,-0.007352908607572317,0.030117399990558624,26402,1038240,0.02542957312374788
bred_vector_winter,1,9,54.0,u10m,-30.292186737060547,24.14893913269043,0,1038240,0.0
bred_vector_winter,1,9,54.0,v10m,-18.43892478942871,23.62843132019043,0,1038240,0.0
bred_vector_winter,1,9,54.0,u100m,-35.83462142944336,31.165599822998047,0,1038240,0.0
bred_vector_winter,1,9,54.0,v100m,-23.55376434326172,28.21422004699707,0,1038240,0.0
bred_vector_winter,1,9,54.0,t2m,225.34657287597656,323.8760070800781,0,1038240,0.0
bred_vector_winter,1,9,54.0,sp,48604.03125,106926.0390625,0,1038240,0.0
bred_vector_winter,1,9,54.0,msl,94958.8125,106003.9140625,0,1038240,0.0
bred_vector_winter,1,9,54.0,tcwv,-31.21397590637207,159.06085205078125,86840,1038240,0.08364154723378024
bred_vector_winter,1,9,54.0,u50,-127.76342010498047,103.49142456054688,0,1038240,0.0
bred_vector_winter,1,9,54.0,u100,-216.61654663085938,139.373779296875,1896,1038240,0.0018261673601479426
bred_vector_winter,1,9,54.0,u150,-110.81343078613281,141.572998046875,0,1038240,0.0
bred_vector_winter,1,9,54.0,u200,-97.09244537353516,143.0065460205078,0,1038240,0.0
bred_vector_winter,1,9,54.0,u250,-100.32078552246094,132.7123565673828,0,1038240,0.0
bred_vector_winter,1,9,54.0,u300,-130.43118286132812,127.86619567871094,0,1038240,0.0
bred_vector_winter,1,9,54.0,u400,-94.30955505371094,89.45407104492188,0,1038240,0.0
bred_vector_winter,1,9,54.0,u500,-80.66397094726562,70.35261535644531,0,1038240,0.0
bred_vector_winter,1,9,54.0,u600,-86.25731658935547,60.53629684448242,0,1038240,0.0
bred_vector_winter,1,9,54.0,u700,-64.83501434326172,66.718017578125,0,1038240,0.0
bred_vector_winter,1,9,54.0,u850,-64.44039154052734,46.70077896118164,0,1038240,0.0
bred_vector_winter,1,9,54.0,u925,-49.98222732543945,46.250465393066406,0,1038240,0.0
bred_vector_winter,1,9,54.0,u1000,-31.95741844177246,29.899232864379883,0,1038240,0.0
bred_vector_winter,1,9,54.0,v50,-82.99519348144531,113.32948303222656,0,1038240,0.0
bred_vector_winter,1,9,54.0,v100,-68.49632263183594,80.29259490966797,0,1038240,0.0
bred_vector_winter,1,9,54.0,v150,-89.86988830566406,77.44906616210938,0,1038240,0.0
bred_vector_winter,1,9,54.0,v200,-154.493896484375,79.603759765625,23,1038240,2.2152874094621666e-05
bred_vector_winter,1,9,54.0,v250,-114.83902740478516,108.54541015625,0,1038240,0.0
bred_vector_winter,1,9,54.0,v300,-80.19788360595703,129.667236328125,0,1038240,0.0
bred_vector_winter,1,9,54.0,v400,-68.64500427246094,108.21748352050781,0,1038240,0.0
bred_vector_winter,1,9,54.0,v500,-54.939762115478516,77.91898345947266,0,1038240,0.0
bred_vector_winter,1,9,54.0,v600,-48.68769836425781,53.806156158447266,0,1038240,0.0
bred_vector_winter,1,9,54.0,v700,-42.77724838256836,47.3591194152832,0,1038240,0.0
bred_vector_winter,1,9,54.0,v850,-40.25338363647461,38.322532653808594,0,1038240,0.0
bred_vector_winter,1,9,54.0,v925,-39.34062194824219,36.83139419555664,0,1038240,0.0
bred_vector_winter,1,9,54.0,v1000,-24.329877853393555,31.200960159301758,0,1038240,0.0
bred_vector_winter,1,9,54.0,z50,188852.484375,217444.703125,0,1038240,0.0
bred_vector_winter,1,9,54.0,z100,148880.375,172018.328125,0,1038240,0.0
bred_vector_winter,1,9,54.0,z150,123730.578125,148407.5625,0,1038240,0.0
bred_vector_winter,1,9,54.0,z200,106516.8515625,129362.78125,0,1038240,0.0
bred_vector_winter,1,9,54.0,z250,92930.0078125,113299.734375,0,1038240,0.0
bred_vector_winter,1,9,54.0,z300,80472.9609375,100087.2265625,0,1038240,0.0
bred_vector_winter,1,9,54.0,z400,61241.88671875,78694.25,0,1038240,0.0
bred_vector_winter,1,9,54.0,z500,46431.1640625,61059.51953125,0,1038240,0.0
bred_vector_winter,1,9,54.0,z600,34226.45703125,46218.6328125,0,1038240,0.0
bred_vector_winter,1,9,54.0,z700,23327.89453125,33402.58203125,0,1038240,0.0
bred_vector_winter,1,9,54.0,z850,8657.20703125,17391.046875,0,1038240,0.0
bred_vector_winter,1,9,54.0,z925,2087.33740234375,10481.99609375,0,1038240,0.0
bred_vector_winter,1,9,54.0,z1000,-4041.54296875,4444.04541015625,0,1038240,0.0
bred_vector_winter,1,9,54.0,t50,156.20860290527344,247.065185546875,0,1038240,0.0
bred_vector_winter,1,9,54.0,t100,141.48973083496094,277.2156982421875,1061,1038240,0.0010219217136692865
bred_vector_winter,1,9,54.0,t150,181.4554443359375,267.6689758300781,0,1038240,0.0
bred_vector_winter,1,9,54.0,t200,197.6926727294922,263.8962707519531,0,1038240,0.0
bred_vector_winter,1,9,54.0,t250,196.2893829345703,267.6249084472656,0,1038240,0.0
bred_vector_winter,1,9,54.0,t300,202.02186584472656,284.1103515625,0,1038240,0.0
bred_vector_winter,1,9,54.0,t400,221.1309051513672,287.00140380859375,0,1038240,0.0
bred_vector_winter,1,9,54.0,t500,224.8983154296875,291.55413818359375,0,1038240,0.0
bred_vector_winter,1,9,54.0,t600,223.73748779296875,298.4163513183594,0,1038240,0.0
bred_vector_winter,1,9,54.0,t700,238.6963348388672,312.7370910644531,0,1038240,0.0
bred_vector_winter,1,9,54.0,t850,240.7665557861328,315.2276916503906,0,1038240,0.0
bred_vector_winter,1,9,54.0,t925,242.54019165039062,312.7754821777344,0,1038240,0.0
bred_vector_winter,1,9,54.0,t1000,238.8382568359375,320.86572265625,0,1038240,0.0
bred_vector_winter,1,9,54.0,q50,-4.822243136004545e-05,5.8915160479955375e-05,515365,1038240,0.4963833025119433
bred_vector_winter,1,9,54.0,q100,-2.1160605683689937e-05,2.8937030947417952e-05,490182,1038240,0.47212783171521033
bred_vector_winter,1,9,54.0,q150,-3.966878284700215e-05,0.0001099000292015262,306259,1038240,0.29497900292803203
bred_vector_winter,1,9,54.0,q200,-0.0001009222396533005,0.0005935442168265581,234719,1038240,0.22607393280936972
bred_vector_winter,1,9,54.0,q250,-0.0003864288155455142,0.0018393651116639376,237165,1038240,0.22842984281091078
bred_vector_winter,1,9,54.0,q300,-0.0008599613793194294,0.004582799039781094,148532,1038240,0.14306133456618894
bred_vector_winter,1,9,54.0,q400,-0.002976871794089675,0.011233358643949032,218065,1038240,0.21003332562798582
bred_vector_winter,1,9,54.0,q500,-0.007604631129652262,0.01845223642885685,159819,1038240,0.1539326167360148
bred_vector_winter,1,9,54.0,q600,-0.011040857993066311,0.02706511877477169,211506,1038240,0.20371590383726307
bred_vector_winter,1,9,54.0,q700,-0.019289692863821983,0.038382358849048615,225378,1038240,0.21707697642163662
bred_vector_winter,1,9,54.0,q850,-0.009965632110834122,0.0277389008551836,87332,1038240,0.08411542610571737
bred_vector_winter,1,9,54.0,q925,-0.010327866300940514,0.03068656474351883,51063,1038240,0.04918226999537679
bred_vector_winter,1,9,54.0,q1000,-0.008930591866374016,0.02920209802687168,29415,1038240,0.02833159963014332
bred_vector_winter,1,10,60.0,u10m,-29.303619384765625,26.748241424560547,0,1038240,0.0
bred_vector_winter,1,10,60.0,v10m,-20.304637908935547,21.40355110168457,0,1038240,0.0
bred_vector_winter,1,10,60.0,u100m,-35.7979736328125,35.60823440551758,0,1038240,0.0
bred_vector_winter,1,10,60.0,v100m,-26.139192581176758,24.511005401611328,0,1038240,0.0
bred_vector_winter,1,10,60.0,t2m,230.44729614257812,318.56951904296875,0,1038240,0.0
bred_vector_winter,1,10,60.0,sp,48742.26953125,107091.3984375,0,1038240,0.0
bred_vector_winter,1,10,60.0,msl,94623.6640625,106518.7578125,0,1038240,0.0
bred_vector_winter,1,10,60.0,tcwv,-31.8967342376709,161.82208251953125,95526,1038240,0.09200762829403607
bred_vector_winter,1,10,60.0,u50,-127.96248626708984,95.04827880859375,0,1038240,0.0
bred_vector_winter,1,10,60.0,u100,-182.3954315185547,155.53524780273438,1137,1038240,0.0010951225150254277
bred_vector_winter,1,10,60.0,u150,-112.56454467773438,157.01031494140625,35,1038240,3.3710895361380795e-05
bred_vector_winter,1,10,60.0,u200,-100.5176773071289,139.22438049316406,0,1038240,0.0
bred_vector_winter,1,10,60.0,u250,-109.87812805175781,130.11033630371094,0,1038240,0.0
bred_vector_winter,1,10,60.0,u300,-107.54884338378906,111.95502471923828,0,1038240,0.0
bred_vector_winter,1,10,60.0,u400,-102.96524810791016,84.106689453125,0,1038240,0.0
bred_vector_winter,1,10,60.0,u500,-85.76910400390625,81.2016830444336,0,1038240,0.0
bred_vector_winter,1,10,60.0,u600,-83.46670532226562,68.87377166748047,0,1038240,0.0
bred_vector_winter,1,10,60.0,u700,-68.67774200439453,48.161006927490234,0,1038240,0.0
bred_vector_winter,1,10,60.0,u850,-52.91908645629883,41.470672607421875,0,1038240,0.0
bred_vector_winter,1,10,60.0,u925,-44.131229400634766,41.134090423583984,0,1038240,0.0
bred_vector_winter,1,10,60.0,u1000,-34.5830078125,32.486351013183594,0,1038240,0.0
bred_vector_winter,1,10,60.0,v50,-76.70797729492188,110.46172332763672,0,1038240,0.0
bred_vector_winter,1,10,60.0,v100,-70.53265380859375,91.72855377197266,0,1038240,0.0
bred_vector_winter,1,10,60.0,v150,-90.52456665039062,84.8427734375,0,1038240,0.0
bred_vector_winter,1,10,60.0,v200,-128.94717407226562,89.8638687133789,0,1038240,0.0
bred_vector_winter,1,10,60.0,v250,-117.43004608154297,114.76551818847656,0,1038240,0.0
bred_vector_winter,1,10,60.0,v300,-91.44580841064453,103.28913879394531,0,1038240,0.0
bred_vector_winter,1,10,60.0,v400,-82.0581283569336,107.98905181884766,0,1038240,0.0
bred_vector_winter,1,10,60.0,v500,-61.243247985839844,65.82752990722656,0,1038240,0.0
bred_vector_winter,1,10,60.0,v600,-55.37514114379883,60.45989990234375,0,1038240,0.0
bred_vector_winter,1,10,60.0,v700,-48.332130432128906,48.81010818481445,0,1038240,0.0
bred_vector_winter,1,10,60.0,v850,-43.945186614990234,32.513702392578125,0,1038240,0.0
bred_vector_winter,1,10,60.0,v925,-38.42380142211914,29.416528701782227,0,1038240,0.0
bred_vector_winter,1,10,60.0,v1000,-23.745283126831055,25.384410858154297,0,1038240,0.0
bred_vector_winter,1,10,60.0,z50,188248.8125,218056.421875,0,1038240,0.0
bred_vector_winter,1,10,60.0,z100,148767.3125,171897.09375,0,1038240,0.0
bred_vector_winter,1,10,60.0,z150,123802.9296875,148152.984375,0,1038240,0.0
bred_vector_winter,1,10,60.0,z200,106766.6328125,129172.90625,0,1038240,0.0
bred_vector_winter,1,10,60.0,z250,92391.9296875,113200.46875,0,1038240,0.0
bred_vector_winter,1,10,60.0,z300,79706.6328125,100083.3515625,0,1038240,0.0
bred_vector_winter,1,10,60.0,z400,60357.1484375,78674.078125,0,1038240,0.0
bred_vector_winter,1,10,60.0,z500,45709.984375,61087.15234375,0,1038240,0.0
bred_vector_winter,1,10,60.0,z600,33823.99609375,46239.765625,0,1038240,0.0
bred_vector_winter,1,10,60.0,z700,23142.71484375,33448.89453125,0,1038240,0.0
bred_vector_winter,1,10,60.0,z850,8449.3623046875,17675.1875,0,1038240,0.0
bred_vector_winter,1,10,60.0,z925,1876.9345703125,10674.4833984375,0,1038240,0.0
bred_vector_winter,1,10,60.0,z1000,-4258.93701171875,4383.92626953125,0,1038240,0.0
bred_vector_winter,1,10,60.0,t50,154.1434783935547,246.90638732910156,0,1038240,0.0
bred_vector_winter,1,10,60.0,t100,142.80035400390625,273.2169494628906,924,1038240,0.0008899676375404531
bred_vector_winter,1,10,60.0,t150,175.67562866210938,272.48193359375,0,1038240,0.0
bred_vector_winter,1,10,60.0,t200,196.2638702392578,265.35675048828125,0,1038240,0.0
bred_vector_winter,1,10,60.0,t250,195.84384155273438,269.75787353515625,0,1038240,0.0
bred_vector_winter,1,10,60.0,t300,203.87744140625,283.3028259277344,0,1038240,0.0
bred_vector_winter,1,10,60.0,t400,219.9547119140625,284.7389831542969,0,1038240,0.0
bred_vector_winter,1,10,60.0,t500,217.67529296875,291.36529541015625,0,1038240,0.0
bred_vector_winter,1,10,60.0,t600,220.84701538085938,297.5675964355469,0,1038240,0.0
bred_vector_winter,1,10,60.0,t700,232.90188598632812,312.6108093261719,0,1038240,0.0
bred_vector_winter,1,10,60.0,t850,238.81675720214844,316.822998046875,0,1038240,0.0
bred_vector_winter,1,10,60.0,t925,243.57211303710938,316.2934265136719,0,1038240,0.0
bred_vector_winter,1,10,60.0,t1000,243.16741943359375,316.8173828125,0,1038240,0.0
bred_vector_winter,1,10,60.0,q50,-4.7341163735836744e-05,5.795952893095091e-05,514763,1038240,0.49580347511172757
bred_vector_winter,1,10,60.0,q100,-2.0261059034965e-05,2.8243042834219523e-05,488247,1038240,0.47026410078594544
bred_vector_winter,1,10,60.0,q150,-4.1836734453681856e-05,0.00011083971185144037,300466,1038240,0.2893993681615041
bred_vector_winter,1,10,60.0,q200,-9.024715836858377e-05,0.0006010153447277844,229625,1038240,0.22116755278163044
bred_vector_winter,1,10,60.0,q250,-0.0004141010867897421,0.0019387892680242658,239432,1038240,0.23061334566188935
bred_vector_winter,1,10,60.0,q300,-0.0007983378600329161,0.004398096352815628,146873,1038240,0.1414634381260595
bred_vector_winter,1,10,60.0,q400,-0.0030350147280842066,0.011364826001226902,214789,1038240,0.20687798582216058
bred_vector_winter,1,10,60.0,q500,-0.007765206042677164,0.01849518157541752,160286,1038240,0.1543824163969795
bred_vector_winter,1,10,60.0,q600,-0.014665190130472183,0.028638595715165138,220950,1038240,0.21281206657420249
bred_vector_winter,1,10,60.0,q700,-0.023574592545628548,0.045148760080337524,228808,1038240,0.22038064416705194
bred_vector_winter,1,10,60.0,q850,-0.01009850949048996,0.026906874030828476,93302,1038240,0.08986554168593004
bred_vector_winter,1,10,60.0,q925,-0.011423565447330475,0.0287844929844141,53820,1038240,0.0518377253814147
bred_vector_winter,1,10,60.0,q1000,-0.010681206360459328,0.030232364311814308,33528,1038240,0.03229311141932501
bred_vector_winter,1,11,66.0,u10m,-29.55535316467285,36.47031784057617,0,1038240,0.0
bred_vector_winter,1,11,66.0,v10m,-23.720129013061523,20.249122619628906,0,1038240,0.0
bred_vector_winter,1,11,66.0,u100m,-33.511802673339844,47.67983627319336,0,1038240,0.0
bred_vector_winter,1,11,66.0,v100m,-29.879304885864258,23.865245819091797,0,1038240,0.0
bred_vector_winter,1,11,66.0,t2m,231.6096649169922,318.96405029296875,0,1038240,0.0
bred_vector_winter,1,11,66.0,sp,48592.67578125,107071.765625,0,1038240,0.0
bred_vector_winter,1,11,66.0,msl,94897.921875,107219.4609375,0,1038240,0.0
bred_vector_winter,1,11,66.0,tcwv,-45.38365936279297,142.5500946044922,101244,1038240,0.09751502542764678
bred_vector_winter,1,11,66.0,u50,-123.59148406982422,87.70123291015625,0,1038240,0.0
bred_vector_winter,1,11,66.0,u100,-167.23045349121094,156.0926513671875,330,1038240,0.0003178455848358761
bred_vector_winter,1,11,66.0,u150,-111.55915069580078,148.81768798828125,0,1038240,0.0
bred_vector_winter,1,11,66.0,u200,-105.92544555664062,142.3331298828125,0,1038240,0.0
bred_vector_winter,1,11,66.0,u250,-105.73919677734375,138.15399169921875,0,1038240,0.0
bred_vector_winter,1,11,66.0,u300,-107.9616470336914,122.18566131591797,0,1038240,0.0
bred_vector_winter,1,11,66.0,u400,-102.87552642822266,94.57984161376953,0,1038240,0.0
bred_vector_winter,1,11,66.0,u500,-81.02738189697266,81.21810150146484,0,1038240,0.0
bred_vector_winter,1,11,66.0,u600,-68.0688247680664,56.02408218383789,0,1038240,0.0
bred_vector_winter,1,11,66.0,u700,-67.6922836303711,50.499542236328125,0,1038240,0.0
bred_vector_winter,1,11,66.0,u850,-52.68490982055664,42.81385803222656,0,1038240,0.0
bred_vector_winter,1,11,66.0,u925,-41.80796813964844,39.22111511230469,0,1038240,0.0
bred_vector_winter,1,11,66.0,u1000,-34.54131317138672,35.02681350708008,0,1038240,0.0
bred_vector_winter,1,11,66.0,v50,-77.08050537109375,113.3129653930664,0,1038240,0.0
bred_vector_winter,1,11,66.0,v100,-76.86979675292969,88.59874725341797,0,1038240,0.0
bred_vector_winter,1,11,66.0,v150,-86.40159606933594,97.05371856689453,0,1038240,0.0
bred_vector_winter,1,11,66.0,v200,-109.6859130859375,94.51663208007812,0,1038240,0.0
bred_vector_winter,1,11,66.0,v250,-96.74314880371094,120.8125,0,1038240,0.0
bred_vector_winter,1,11,66.0,v300,-82.271484375,111.27120971679688,0,1038240,0.0
bred_vector_winter,1,11,66.0,v400,-73.98970031738281,105.69989013671875,0,1038240,0.0
bred_vector_winter,1,11,66.0,v500,-56.23312759399414,80.4272689819336,0,1038240,0.0
bred_vector_winter,1,11,66.0,v600,-68.58041381835938,63.9403076171875,0,1038240,0.0
bred_vector_winter,1,11,66.0,v700,-50.98941421508789,51.68207550048828,0,1038240,0.0
bred_vector_winter,1,11,66.0,v850,-40.76079177856445,29.079513549804688,0,1038240,0.0
bred_vector_winter,1,11,66.0,v925,-43.4836311340332,26.848121643066406,0,1038240,0.0
bred_vector_winter,1,11,66.0,v1000,-24.83452796936035,24.031917572021484,0,1038240,0.0
bred_vector_winter,1,11,66.0,z50,187774.0,218450.625,0,1038240,0.0
bred_vector_winter,1,11,66.0,z100,148958.8125,172477.90625,0,1038240,0.0
bred_vector_winter,1,11,66.0,z150,123724.3671875,147882.796875,0,1038240,0.0
bred_vector_winter,1,11,66.0,z200,106945.2265625,128999.84375,0,1038240,0.0
bred_vector_winter,1,11,66.0,z250,92644.328125,113112.8515625,0,1038240,0.0
bred_vector_winter,1,11,66.0,z300,79885.4375,99910.5,0,1038240,0.0
bred_vector_winter,1,11,66.0,z400,60216.4765625,78604.5234375,0,1038240,0.0
bred_vector_winter,1,11,66.0,z500,45469.5234375,61157.1796875,0,1038240,0.0
bred_vector_winter,1,11,66.0,z600,33762.4140625,46159.92578125,0,1038240,0.0
bred_vector_winter,1,11,66.0,z700,22925.794921875,33399.71484375,0,1038240,0.0
bred_vector_winter,1,11,66.0,z850,8623.859375,17527.08984375,0,1038240,0.0
bred_vector_winter,1,11,66.0,z925,2041.7177734375,10541.4580078125,0,1038240,0.0
bred_vector_winter,1,11,66.0,z1000,-4048.56787109375,4642.6025390625,0,1038240,0.0
bred_vector_winter,1,11,66.0,t50,153.65484619140625,247.0636444091797,0,1038240,0.0
bred_vector_winter,1,11,66.0,t100,142.7869110107422,274.5802917480469,561,1038240,0.0005403374942209893
bred_vector_winter,1,11,66.0,t150,173.89990234375,277.0630798339844,0,1038240,0.0
bred_vector_winter,1,11,66.0,t200,194.84780883789062,265.58221435546875,0,1038240,0.0
bred_vector_winter,1,11,66.0,t250,192.79278564453125,274.0231018066406,0,1038240,0.0
bred_vector_winter,1,11,66.0,t300,202.89952087402344,282.75244140625,0,1038240,0.0
bred_vector_winter,1,11,66.0,t400,219.1420135498047,283.0680847167969,0,1038240,0.0
bred_vector_winter,1,11,66.0,t500,219.8863983154297,292.36651611328125,0,1038240,0.0
bred_vector_winter,1,11,66.0,t600,224.23480224609375,298.6129150390625,0,1038240,0.0
bred_vector_winter,1,11,66.0,t700,235.85562133789062,318.25054931640625,0,1038240,0.0
bred_vector_winter,1,11,66.0,t850,240.04144287109375,316.9374694824219,0,1038240,0.0
bred_vector_winter,1,11,66.0,t925,241.81951904296875,316.87542724609375,0,1038240,0.0
bred_vector_winter,1,11,66.0,t1000,236.49066162109375,316.83709716796875,0,1038240,0.0
bred_vector_winter,1,11,66.0,q50,-4.64933727926109e-05,5.7031829783227295e-05,514148,1038240,0.49521112652180616
bred_vector_winter,1,11,66.0,q100,-1.9245519069954753e-05,2.787712583085522e-05,486206,1038240,0.4682982740021575
bred_vector_winter,1,11,66.0,q150,-4.1016359318746254e-05,0.00011490869655972347,294241,1038240,0.2834036446293728
bred_vector_winter,1,11,66.0,q200,-0.00011134798114653677,0.0005932354833930731,224944,1038240,0.2166589613191555
bred_vector_winter,1,11,66.0,q250,-0.0003749137104023248,0.0019298117840662599,236041,1038240,0.227347241485591
bred_vector_winter,1,11,66.0,q300,-0.0007447465322911739,0.0040259393863379955,148326,1038240,0.14286292186777624
bred_vector_winter,1,11,66.0,q400,-0.0037063169293105602,0.011122494004666805,209527,1038240,0.2018097934966867
bred_vector_winter,1,11,66.0,q500,-0.006911116186529398,0.018578549847006798,155503,1038240,0.1497755817537371
bred_vector_winter,1,11,66.0,q600,-0.015163671225309372,0.025964971631765366,224780,1038240,0.21650100169517644
bred_vector_winter,1,11,66.0,q700,-0.026481453329324722,0.03776373714208603,234098,1038240,0.2254758052088149
bred_vector_winter,1,11,66.0,q850,-0.011965487152338028,0.02814675122499466,96832,1038240,0.09326552627523502
bred_vector_winter,1,11,66.0,q925,-0.013491218909621239,0.030078759416937828,56966,1038240,0.054867853290183385
bred_vector_winter,1,11,66.0,q1000,-0.011376367881894112,0.029061604291200638,36439,1038240,0.035096894744953
bred_vector_winter,1,12,72.0,u10m,-27.272186279296875,29.303319931030273,0,1038240,0.0
bred_vector_winter,1,12,72.0,v10m,-23.347503662109375,21.789308547973633,0,1038240,0.0
bred_vector_winter,1,12,72.0,u100m,-32.57231521606445,37.41679763793945,0,1038240,0.0
bred_vector_winter,1,12,72.0,v100m,-32.96827697753906,25.617630004882812,0,1038240,0.0
bred_vector_winter,1,12,72.0,t2m,229.42324829101562,321.8484802246094,0,1038240,0.0
bred_vector_winter,1,12,72.0,sp,48529.51953125,107189.6484375,0,1038240,0.0
bred_vector_winter,1,12,72.0,msl,94780.75,107760.625,0,1038240,0.0
bred_vector_winter,1,12,72.0,tcwv,-51.55809020996094,156.7071533203125,105206,1038240,0.1013310987825551
bred_vector_winter,1,12,72.0,u50,-124.79328155517578,85.25959777832031,0,1038240,0.0
bred_vector_winter,1,12,72.0,u100,-149.96078491210938,160.92234802246094,96,1038240,9.246417013407305e-05
bred_vector_winter,1,12,72.0,u150,-116.19417572021484,137.95587158203125,0,1038240,0.0
bred_vector_winter,1,12,72.0,u200,-98.58258056640625,142.03440856933594,0,1038240,0.0
bred_vector_winter,1,12,72.0,u250,-95.99798583984375,136.15528869628906,0,1038240,0.0
bred_vector_winter,1,12,72.0,u300,-98.8626708984375,116.4947738647461,0,1038240,0.0
bred_vector_winter,1,12,72.0,u400,-80.49063110351562,93.53423309326172,0,1038240,0.0
bred_vector_winter,1,12,72.0,u500,-65.7113265991211,64.3501968383789,0,1038240,0.0
bred_vector_winter,1,12,72.0,u600,-63.95152282714844,53.24837112426758,0,1038240,0.0
bred_vector_winter,1,12,72.0,u700,-63.04267501831055,52.732364654541016,0,1038240,0.0
bred_vector_winter,1,12,72.0,u850,-52.08916091918945,47.230262756347656,0,1038240,0.0
bred_vector_winter,1,12,72.0,u925,-44.75170135498047,44.00930404663086,0,1038240,0.0
bred_vector_winter,1,12,72.0,u1000,-31.7711124420166,37.32944869995117,0,1038240,0.0
bred_vector_winter,1,12,72.0,v50,-82.28279876708984,111.38645935058594,0,1038240,0.0
bred_vector_winter,1,12,72.0,v100,-83.08667755126953,91.08354187011719,0,1038240,0.0
bred_vector_winter,1,12,72.0,v150,-81.6795654296875,107.35700988769531,0,1038240,0.0
bred_vector_winter,1,12,72.0,v200,-112.29408264160156,99.84876251220703,0,1038240,0.0
bred_vector_winter,1,12,72.0,v250,-97.64595794677734,124.78510284423828,0,1038240,0.0
bred_vector_winter,1,12,72.0,v300,-77.00071716308594,127.33464813232422,0,1038240,0.0
bred_vector_winter,1,12,72.0,v400,-63.478824615478516,103.10498809814453,0,1038240,0.0
bred_vector_winter,1,12,72.0,v500,-49.88328170776367,87.79976654052734,0,1038240,0.0
bred_vector_winter,1,12,72.0,v600,-63.07627487182617,64.19657135009766,0,1038240,0.0
bred_vector_winter,1,12,72.0,v700,-52.24843978881836,50.424049377441406,0,1038240,0.0
bred_vector_winter,1,12,72.0,v850,-40.07168960571289,35.56221389770508,0,1038240,0.0
bred_vector_winter,1,12,72.0,v925,-47.01613998413086,34.30105972290039,0,1038240,0.0
bred_vector_winter,1,12,72.0,v1000,-26.350772857666016,23.989763259887695,0,1038240,0.0
bred_vector_winter,1,12,72.0,z50,187277.078125,219048.6875,0,1038240,0.0
bred_vector_winter,1,12,72.0,z100,149331.03125,172773.578125,0,1038240,0.0
bred_vector_winter,1,12,72.0,z150,123783.9453125,147620.078125,0,1038240,0.0
bred_vector_winter,1,12,72.0,z200,106882.625,128900.34375,0,1038240,0.0
bred_vector_winter,1,12,72.0,z250,91618.28125,113110.8515625,0,1038240,0.0
bred_vector_winter,1,12,72.0,z300,79477.6640625,99849.6171875,0,1038240,0.0
bred_vector_winter,1,12,72.0,z400,60595.375,78482.890625,0,1038240,0.0
bred_vector_winter,1,12,72.0,z500,45745.6015625,61004.56640625,0,1038240,0.0
bred_vector_winter,1,12,72.0,z600,33760.91796875,46114.078125,0,1038240,0.0
bred_vector_winter,1,12,72.0,z700,22794.501953125,33366.6015625,0,1038240,0.0
bred_vector_winter,1,12,72.0,z850,8371.8779296875,17484.728515625,0,1038240,0.0
bred_vector_winter,1,12,72.0,z925,1929.7734375,10975.0576171875,0,1038240,0.0
bred_vector_winter,1,12,72.0,z1000,-4096.58984375,5040.88134765625,0,1038240,0.0
bred_vector_winter,1,12,72.0,t50,150.90084838867188,247.28204345703125,0,1038240,0.0
bred_vector_winter,1,12,72.0,t100,147.08290100097656,271.89715576171875,69,1038240,6.6458622283865e-05
bred_vector_winter,1,12,72.0,t150,170.35475158691406,276.98370361328125,0,1038240,0.0
bred_vector_winter,1,12,72.0,t200,193.5416259765625,267.5003662109375,0,1038240,0.0
bred_vector_winter,1,12,72.0,t250,192.8353729248047,276.88897705078125,0,1038240,0.0
bred_vector_winter,1,12,72.0,t300,202.7134246826172,282.1594543457031,0,1038240,0.0
bred_vector_winter,1,12,72.0,t400,218.35324096679688,282.4264831542969,0,1038240,0.0
bred_vector_winter,1,12,72.0,t500,218.0803985595703,290.252685546875,0,1038240,0.0
bred_vector_winter,1,12,72.0,t600,222.52658081054688,300.83203125,0,1038240,0.0
bred_vector_winter,1,12,72.0,t700,234.67230224609375,321.87322998046875,0,1038240,0.0
bred_vector_winter,1,12,72.0,t850,235.66064453125,314.22467041015625,0,1038240,0.0
bred_vector_winter,1,12,72.0,t925,237.98806762695312,313.2372741699219,0,1038240,0.0
bred_vector_winter,1,12,72.0,t1000,240.06854248046875,318.5654602050781,0,1038240,0.0
bred_vector_winter,1,12,72.0,q50,-4.566896677715704e-05,5.608674109680578e-05,513502,1038240,0.4945889197102789
bred_vector_winter,1,12,72.0,q100,-1.839928881963715e-05,2.7485624741530046e-05,483898,1038240,0.46607528124518416
bred_vector_winter,1,12,72.0,q150,-3.954549174522981e-05,0.00011139654088765383,290516,1038240,0.27981584219448297
bred_vector_winter,1,12,72.0,q200,-0.00012701946252491325,0.0005694032879546285,222091,1038240,0.2139110417629835
bred_vector_winter,1,12,72.0,q250,-0.0003531113325152546,0.001913399901241064,237531,1038240,0.22878236245954692
bred_vector_winter,1,12,72.0,q300,-0.0007740447763353586,0.004413799848407507,143786,1038240,0.1384901371551857
bred_vector_winter,1,12,72.0,q400,-0.003207061206921935,0.011217419058084488,203558,1038240,0.19606064108491292
bred_vector_winter,1,12,72.0,q500,-0.0069718086160719395,0.017967931926250458,155697,1038240,0.14996243643088303
bred_vector_winter,1,12,72.0,q600,-0.017361683771014214,0.02802244760096073,227697,1038240,0.2193105640314378
bred_vector_winter,1,12,72.0,q700,-0.026034478098154068,0.04257623851299286,238325,1038240,0.22954711820003082
bred_vector_winter,1,12,72.0,q850,-0.01009346917271614,0.026507169008255005,98218,1038240,0.09460047773154569
bred_vector_winter,1,12,72.0,q925,-0.014857659116387367,0.029914120212197304,57236,1038240,0.055127908768685466
bred_vector_winter,1,12,72.0,q1000,-0.010835278779268265,0.029663125053048134,38971,1038240,0.037535637232239176
bred_vector_winter,1,13,78.0,u10m,-26.94017791748047,33.207374572753906,0,1038240,0.0
bred_vector_winter,1,13,78.0,v10m,-21.933847427368164,19.507083892822266,0,1038240,0.0
bred_vector_winter,1,13,78.0,u100m,-31.47983169555664,44.13862609863281,0,1038240,0.0
bred_vector_winter,1,13,78.0,v100m,-26.486572265625,22.538944244384766,0,1038240,0.0
bred_vector_winter,1,13,78.0,t2m,227.63897705078125,322.04559326171875,0,1038240,0.0
bred_vector_winter,1,13,78.0,sp,48315.79296875,107117.375,0,1038240,0.0
bred_vector_winter,1,13,78.0,msl,94982.3359375,107478.703125,0,1038240,0.0
bred_vector_winter,1,13,78.0,tcwv,-49.460121154785156,148.95680236816406,107406,1038240,0.1034500693481276
bred_vector_winter,1,13,78.0,u50,-123.03665924072266,92.5873031616211,0,1038240,0.0
bred_vector_winter,1,13,78.0,u100,-146.5838165283203,153.63189697265625,66,1038240,6.356911696717522e-05
bred_vector_winter,1,13,78.0,u150,-94.3658676147461,144.3462371826172,0,1038240,0.0
bred_vector_winter,1,13,78.0,u200,-96.2580795288086,138.6297607421875,0,1038240,0.0
bred_vector_winter,1,13,78.0,u250,-101.44439697265625,134.22329711914062,0,1038240,0.0
bred_vector_winter,1,13,78.0,u300,-109.30658721923828,121.80882263183594,0,1038240,0.0
bred_vector_winter,1,13,78.0,u400,-90.6340103149414,95.1820068359375,0,1038240,0.0
bred_vector_winter,1,13,78.0,u500,-73.72205352783203,66.18965148925781,0,1038240,0.0
bred_vector_winter,1,13,78.0,u600,-62.37974548339844,57.42572021484375,0,1038240,0.0
bred_vector_winter,1,13,78.0,u700,-74.6927490234375,49.6769905090332,0,1038240,0.0
bred_vector_winter,1,13,78.0,u850,-51.25590896606445,49.823890686035156,0,1038240,0.0
bred_vector_winter,1,13,78.0,u925,-43.64046096801758,49.345115661621094,0,1038240,0.0
bred_vector_winter,1,13,78.0,u1000,-31.47852897644043,39.18496322631836,0,1038240,0.0
bred_vector_winter,1,13,78.0,v50,-80.14383697509766,101.46676635742188,0,1038240,0.0
bred_vector_winter,1,13,78.0,v100,-88.48507690429688,88.02920532226562,0,1038240,0.0
bred_vector_winter,1,13,78.0,v150,-80.72718048095703,117.41670989990234,0,1038240,0.0
bred_vector_winter,1,13,78.0,v200,-111.6321029663086,107.09962463378906,0,1038240,0.0
bred_vector_winter,1,13,78.0,v250,-103.20682525634766,114.6263427734375,0,1038240,0.0
bred_vector_winter,1,13,78.0,v300,-73.4144515991211,133.3565673828125,0,1038240,0.0
bred_vector_winter,1,13,78.0,v400,-72.0297622680664,111.771728515625,0,1038240,0.0
bred_vector_winter,1,13,78.0,v500,-57.65203857421875,75.76728820800781,0,1038240,0.0
bred_vector_winter,1,13,78.0,v600,-58.055259704589844,66.51075744628906,0,1038240,0.0
bred_vector_winter,1,13,78.0,v700,-44.41108703613281,45.13819122314453,0,1038240,0.0
bred_vector_winter,1,13,78.0,v850,-32.58116912841797,32.52500915527344,0,1038240,0.0
bred_vector_winter,1,13,78.0,v925,-34.96910858154297,27.852048873901367,0,1038240,0.0
bred_vector_winter,1,13,78.0,v1000,-22.534029006958008,20.350078582763672,0,1038240,0.0
bred_vector_winter,1,13,78.0,z50,186580.8125,219347.65625,0,1038240,0.0
bred_vector_winter,1,13,78.0,z100,149132.96875,173346.671875,0,1038240,0.0
bred_vector_winter,1,13,78.0,z150,123858.9921875,147357.3125,0,1038240,0.0
bred_vector_winter,1,13,78.0,z200,106716.09375,128639.96875,0,1038240,0.0
bred_vector_winter,1,13,78.0,z250,91492.046875,112978.875,0,1038240,0.0
bred_vector_winter,1,13,78.0,z300,79309.765625,99912.203125,0,1038240,0.0
bred_vector_winter,1,13,78.0,z400,60794.6015625,78502.625,0,1038240,0.0
bred_vector_winter,1,13,78.0,z500,46150.65625,60935.9609375,0,1038240,0.0
bred_vector_winter,1,13,78.0,z600,34129.74609375,46065.5703125,0,1038240,0.0
bred_vector_winter,1,13,78.0,z700,22985.572265625,33479.56640625,0,1038240,0.0
bred_vector_winter,1,13,78.0,z850,8400.337890625,17580.421875,0,1038240,0.0
bred_vector_winter,1,13,78.0,z925,1946.931640625,10784.3994140625,0,1038240,0.0
bred_vector_winter,1,13,78.0,z1000,-4107.4453125,4816.16845703125,0,1038240,0.0
bred_vector_winter,1,13,78.0,t50,148.97274780273438,246.9319610595703,25,1038240,2.4079210972414856e-05
bred_vector_winter,1,13,78.0,t100,151.85594177246094,266.1037292480469,0,1038240,0.0
bred_vector_winter,1,13,78.0,t150,166.7675323486328,278.9384460449219,0,1038240,0.0
bred_vector_winter,1,13,78.0,t200,193.06642150878906,267.0802917480469,0,1038240,0.0
bred_vector_winter,1,13,78.0,t250,197.5691680908203,276.0416564941406,0,1038240,0.0
bred_vector_winter,1,13,78.0,t300,201.92318725585938,283.29296875,0,1038240,0.0
bred_vector_winter,1,13,78.0,t400,215.30636596679688,282.76458740234375,0,1038240,0.0
bred_vector_winter,1,13,78.0,t500,217.91278076171875,291.9642333984375,0,1038240,0.0
bred_vector_winter,1,13,78.0,t600,221.0435028076172,304.8039245605469,0,1038240,0.0
bred_vector_winter,1,13,78.0,t700,231.869140625,324.2532653808594,0,1038240,0.0
bred_vector_winter,1,13,78.0,t850,234.389892578125,316.8213806152344,0,1038240,0.0
bred_vector_winter,1,13,78.0,t925,235.86593627929688,315.993896484375,0,1038240,0.0
bred_vector_winter,1,13,78.0,t1000,238.58775329589844,322.0870361328125,0,1038240,0.0
bred_vector_winter,1,13,78.0,q50,-4.482865915633738e-05,5.514418808161281e-05,512870,1038240,0.4939801972568963
bred_vector_winter,1,13,78.0,q100,-1.760452869348228e-05,2.6973679268849082e-05,481588,1038240,0.463850362151333
bred_vector_winter,1,13,78.0,q150,-3.754744466277771e-05,0.00011836311023216695,288303,1038240,0.2776843504392048
bred_vector_winter,1,13,78.0,q200,-8.508068276569247e-05,0.0006042682216502726,214035,1038240,0.20615175681923253
bred_vector_winter,1,13,78.0,q250,-0.0003874467220157385,0.0019516638712957501,234606,1038240,0.2259650947757744
bred_vector_winter,1,13,78.0,q300,-0.0007983151590451598,0.003972209524363279,144883,1038240,0.13954673293265527
bred_vector_winter,1,13,78.0,q400,-0.003084364114329219,0.010416237637400627,208435,1038240,0.20075801356141162
bred_vector_winter,1,13,78.0,q500,-0.0058671291917562485,0.0192494485527277,163761,1038240,0.15772942672214516
bred_vector_winter,1,13,78.0,q600,-0.016493361443281174,0.027322886511683464,227979,1038240,0.21958217753120665
bred_vector_winter,1,13,78.0,q700,-0.0242150891572237,0.041026730090379715,245423,1038240,0.23638368777931884
bred_vector_winter,1,13,78.0,q850,-0.011043619364500046,0.028118517249822617,97049,1038240,0.09347453382647558
bred_vector_winter,1,13,78.0,q925,-0.015042837709188461,0.029655572026968002,58446,1038240,0.05629334257975035
bred_vector_winter,1,13,78.0,q1000,-0.010362574830651283,0.03001454845070839,43325,1038240,0.04172927261519495
bred_vector_winter,1,14,84.0,u10m,-26.250179290771484,35.284034729003906,0,1038240,0.0
bred_vector_winter,1,14,84.0,v10m,-23.03236198425293,20.468008041381836,0,1038240,0.0
bred_vector_winter,1,14,84.0,u100m,-31.65797996520996,46.33327102661133,0,1038240,0.0
bred_vector_winter,1,14,84.0,v100m,-28.178071975708008,23.955644607543945,0,1038240,0.0
bred_vector_winter,1,14,84.0,t2m,229.1458740234375,317.7315368652344,0,1038240,0.0
bred_vector_winter,1,14,84.0,sp,47983.96875,107247.03125,0,1038240,0.0
bred_vector_winter,1,14,84.0,msl,95405.1015625,107444.4296875,0,1038240,0.0
bred_vector_winter,1,14,84.0,tcwv,-45.13378143310547,146.4100341796875,111103,1038240,0.10701090306672831
bred_vector_winter,1,14,84.0,u50,-124.69647979736328,100.57984161376953,0,1038240,0.0
bred_vector_winter,1,14,84.0,u100,-134.417236328125,146.9906005859375,0,1038240,0.0
bred_vector_winter,1,14,84.0,u150,-93.5606460571289,137.74081420898438,0,1038240,0.0
bred_vector_winter,1,14,84.0,u200,-98.34783935546875,149.44720458984375,0,1038240,0.0
bred_vector_winter,1,14,84.0,u250,-102.28733825683594,131.846923828125,0,1038240,0.0
bred_vector_winter,1,14,84.0,u300,-97.79399108886719,122.10924530029297,0,1038240,0.0
bred_vector_winter,1,14,84.0,u400,-94.55494689941406,109.82328796386719,0,1038240,0.0
bred_vector_winter,1,14,84.0,u500,-84.6180419921875,69.4386215209961,0,1038240,0.0
bred_vector_winter,1,14,84.0,u600,-64.81898498535156,55.43986511230469,0,1038240,0.0
bred_vector_winter,1,14,84.0,u700,-72.41021728515625,46.745704650878906,0,1038240,0.0
bred_vector_winter,1,14,84.0,u850,-49.588253021240234,48.73851776123047,0,1038240,0.0
bred_vector_winter,1,14,84.0,u925,-49.477787017822266,47.925907135009766,0,1038240,0.0
bred_vector_winter,1,14,84.0,u1000,-36.32819747924805,37.06616973876953,0,1038240,0.0
bred_vector_winter,1,14,84.0,v50,-91.05291748046875,102.020751953125,0,1038240,0.0
bred_vector_winter,1,14,84.0,v100,-86.13434600830078,98.12530517578125,0,1038240,0.0
bred_vector_winter,1,14,84.0,v150,-100.43726348876953,121.55291748046875,0,1038240,0.0
bred_vector_winter,1,14,84.0,v200,-111.73245239257812,99.76656341552734,0,1038240,0.0
bred_vector_winter,1,14,84.0,v250,-108.85584259033203,112.29547882080078,0,1038240,0.0
bred_vector_winter,1,14,84.0,v300,-83.01397705078125,118.60577392578125,0,1038240,0.0
bred_vector_winter,1,14,84.0,v400,-90.2712631225586,91.64251708984375,0,1038240,0.0
bred_vector_winter,1,14,84.0,v500,-62.50664520263672,69.79228973388672,0,1038240,0.0
bred_vector_winter,1,14,84.0,v600,-66.68531799316406,54.118587493896484,0,1038240,0.0
bred_vector_winter,1,14,84.0,v700,-56.01748275756836,46.695701599121094,0,1038240,0.0
bred_vector_winter,1,14,84.0,v850,-39.96335220336914,31.201770782470703,0,1038240,0.0
bred_vector_winter,1,14,84.0,v925,-34.627384185791016,28.92144012451172,0,1038240,0.0
bred_vector_winter,1,14,84.0,v1000,-25.347366333007812,21.68443489074707,0,1038240,0.0
bred_vector_winter,1,14,84.0,z50,185828.921875,219787.875,0,1038240,0.0
bred_vector_winter,1,14,84.0,z100,148730.625,173359.078125,0,1038240,0.0
bred_vector_winter,1,14,84.0,z150,124301.5546875,147283.65625,0,1038240,0.0
bred_vector_winter,1,14,84.0,z200,106843.734375,128685.625,0,1038240,0.0
bred_vector_winter,1,14,84.0,z250,91914.09375,113265.453125,0,1038240,0.0
bred_vector_winter,1,14,84.0,z300,79761.4921875,100200.1015625,0,1038240,0.0
bred_vector_winter,1,14,84.0,z400,61424.05078125,78709.5,0,1038240,0.0
bred_vector_winter,1,14,84.0,z500,46398.45703125,61140.05078125,0,1038240,0.0
bred_vector_winter,1,14,84.0,z600,34255.30859375,46029.9296875,0,1038240,0.0
bred_vector_winter,1,14,84.0,z700,23164.83984375,33387.08984375,0,1038240,0.0
bred_vector_winter,1,14,84.0,z850,8813.40625,17504.55859375,0,1038240,0.0
bred_vector_winter,1,14,84.0,z925,2423.58984375,10942.224609375,0,1038240,0.0
bred_vector_winter,1,14,84.0,z1000,-3667.7783203125,4973.1591796875,0,1038240,0.0
bred_vector_winter,1,14,84.0,t50,146.69058227539062,248.88246154785156,299,1038240,0.00028798736323008167
bred_vector_winter,1,14,84.0,t100,154.05918884277344,266.5564270019531,0,1038240,0.0
bred_vector_winter,1,14,84.0,t150,164.22314453125,282.9837341308594,0,1038240,0.0
bred_vector_winter,1,14,84.0,t200,193.64598083496094,267.9559631347656,0,1038240,0.0
bred_vector_winter,1,14,84.0,t250,198.14907836914062,279.2164001464844,0,1038240,0.0
bred_vector_winter,1,14,84.0,t300,202.94577026367188,285.2489013671875,0,1038240,0.0
bred_vector_winter,1,14,84.0,t400,213.869140625,281.869140625,0,1038240,0.0
bred_vector_winter,1,14,84.0,t500,220.4367218017578,293.40350341796875,0,1038240,0.0
bred_vector_winter,1,14,84.0,t600,224.6595916748047,308.0682067871094,0,1038240,0.0
bred_vector_winter,1,14,84.0,t700,234.53684997558594,321.5003662109375,0,1038240,0.0
bred_vector_winter,1,14,84.0,t850,235.50662231445312,315.43023681640625,0,1038240,0.0
bred_vector_winter,1,14,84.0,t925,235.8085479736328,315.4955139160156,0,1038240,0.0
bred_vector_winter,1,14,84.0,t1000,234.71487426757812,320.7515563964844,0,1038240,0.0
bred_vector_winter,1,14,84.0,q50,-4.4032316509401426e-05,5.421682362793945e-05,512282,1038240,0.4934138542148251
bred_vector_winter,1,14,84.0,q100,-1.6935315215960145e-05,2.63256788457511e-05,478699,1038240,0.4610677685313608
bred_vector_winter,1,14,84.0,q150,-3.5790319088846445e-05,0.00011496389925014228,287487,1038240,0.2768984049930652
bred_vector_winter,1,14,84.0,q200,-8.541113493265584e-05,0.0005627881037071347,215680,1038240,0.20773616890121743
bred_vector_winter,1,14,84.0,q250,-0.0004695985990110785,0.0019300802377983928,229764,1038240,0.22130143319463708
bred_vector_winter,1,14,84.0,q300,-0.0006598460022360086,0.004090690985321999,144709,1038240,0.13937914162428724
bred_vector_winter,1,14,84.0,q400,-0.0033824497368186712,0.01214261632412672,213638,1038240,0.2057693789489906
bred_vector_winter,1,14,84.0,q500,-0.006376876495778561,0.020300399512052536,164378,1038240,0.15832370164894435
bred_vector_winter,1,14,84.0,q600,-0.01486952044069767,0.028745539486408234,231622,1038240,0.22309100015410696
bred_vector_winter,1,14,84.0,q700,-0.023462336510419846,0.03828149288892746,245936,1038240,0.2368777931884728
bred_vector_winter,1,14,84.0,q850,-0.011762058362364769,0.02789463847875595,103042,1038240,0.09924680228078286
bred_vector_winter,1,14,84.0,q925,-0.014446612447500229,0.030175084248185158,62010,1038240,0.05972607489597781
bred_vector_winter,1,14,84.0,q1000,-0.009609300643205643,0.031203169375658035,45631,1038240,0.04395033903529049
bred_vector_winter,1,15,90.0,u10m,-28.119121551513672,29.219112396240234,0,1038240,0.0
bred_vector_winter,1,15,90.0,v10m,-19.33990478515625,20.692398071289062,0,1038240,0.0
bred_vector_winter,1,15,90.0,u100m,-36.62680435180664,37.23811340332031,0,1038240,0.0
bred_vector_winter,1,15,90.0,v100m,-23.998191833496094,22.954273223876953,0,1038240,0.0
bred_vector_winter,1,15,90.0,t2m,228.58737182617188,320.71673583984375,0,1038240,0.0
bred_vector_winter,1,15,90.0,sp,47703.765625,107141.9765625,0,1038240,0.0
bred_vector_winter,1,15,90.0,msl,94969.1328125,107753.5234375,0,1038240,0.0
bred_vector_winter,1,15,90.0,tcwv,-51.77880859375,145.92584228515625,114370,1038240,0.11015757435660348
bred_vector_winter,1,15,90.0,u50,-141.7717742919922,111.54592895507812,0,1038240,0.0
bred_vector_winter,1,15,90.0,u100,-135.12216186523438,143.26992797851562,0,1038240,0.0
bred_vector_winter,1,15,90.0,u150,-93.39608001708984,136.76223754882812,0,1038240,0.0
bred_vector_winter,1,15,90.0,u200,-97.6010971069336,134.32373046875,0,1038240,0.0
bred_vector_winter,1,15,90.0,u250,-95.42831420898438,130.84254455566406,0,1038240,0.0
bred_vector_winter,1,15,90.0,u300,-98.1422348022461,122.80941009521484,0,1038240,0.0
bred_vector_winter,1,15,90.0,u400,-90.15452575683594,113.66294860839844,0,1038240,0.0
bred_vector_winter,1,15,90.0,u500,-73.22499084472656,73.48490905761719,0,1038240,0.0
bred_vector_winter,1,15,90.0,u600,-68.33792114257812,59.36539840698242,0,1038240,0.0
bred_vector_winter,1,15,90.0,u700,-68.77167510986328,46.489654541015625,0,1038240,0.0
bred_vector_winter,1,15,90.0,u850,-46.072296142578125,48.304443359375,0,1038240,0.0
bred_vector_winter,1,15,90.0,u925,-41.38212966918945,41.91657638549805,0,1038240,0.0
bred_vector_winter,1,15,90.0,u1000,-32.7808952331543,34.4256477355957,0,1038240,0.0
bred_vector_winter,1,15,90.0,v50,-86.42829132080078,104.09184265136719,0,1038240,0.0
bred_vector_winter,1,15,90.0,v100,-94.49195861816406,91.97307586669922,0,1038240,0.0
bred_vector_winter,1,15,90.0,v150,-93.06442260742188,114.85182189941406,0,1038240,0.0
bred_vector_winter,1,15,90.0,v200,-101.11998748779297,98.322021484375,0,1038240,0.0
bred_vector_winter,1,15,90.0,v250,-116.2507095336914,104.8924560546875,0,1038240,0.0
bred_vector_winter,1,15,90.0,v300,-100.68982696533203,100.31068420410156,0,1038240,0.0
bred_vector_winter,1,15,90.0,v400,-76.18222045898438,93.00569152832031,0,1038240,0.0
bred_vector_winter,1,15,90.0,v500,-60.214263916015625,69.86404418945312,0,1038240,0.0
bred_vector_winter,1,15,90.0,v600,-54.22183609008789,53.48666000366211,0,1038240,0.0
bred_vector_winter,1,15,90.0,v700,-44.48860168457031,50.0216064453125,0,1038240,0.0
bred_vector_winter,1,15,90.0,v850,-38.75618362426758,28.089061737060547,0,1038240,0.0
bred_vector_winter,1,15,90.0,v925,-31.379215240478516,28.43573760986328,0,1038240,0.0
bred_vector_winter,1,15,90.0,v1000,-23.253347396850586,22.860164642333984,0,1038240,0.0
bred_vector_winter,1,15,90.0,z50,185153.25,219836.453125,0,1038240,0.0
bred_vector_winter,1,15,90.0,z100,148457.390625,173990.609375,0,1038240,0.0
bred_vector_winter,1,15,90.0,z150,124894.4140625,147145.375,0,1038240,0.0
bred_vector_winter,1,15,90.0,z200,106252.6640625,128604.09375,0,1038240,0.0
bred_vector_winter,1,15,90.0,z250,91780.3828125,113329.859375,0,1038240,0.0
bred_vector_winter,1,15,90.0,z300,79839.09375,100332.828125,0,1038240,0.0
bred_vector_winter,1,15,90.0,z400,60859.75,78889.4609375,0,1038240,0.0
bred_vector_winter,1,15,90.0,z500,46041.2578125,61255.97265625,0,1038240,0.0
bred_vector_winter,1,15,90.0,z600,33410.28125,46042.76953125,0,1038240,0.0
bred_vector_winter,1,15,90.0,z700,22284.416015625,33336.12109375,0,1038240,0.0
bred_vector_winter,1,15,90.0,z850,8259.392578125,17470.125,0,1038240,0.0
bred_vector_winter,1,15,90.0,z925,1903.4111328125,10899.1630859375,0,1038240,0.0
bred_vector_winter,1,15,90.0,z1000,-3958.51220703125,4840.48095703125,0,1038240,0.0
bred_vector_winter,1,15,90.0,t50,146.958984375,251.67445373535156,308,1038240,0.00029665587918015104
bred_vector_winter,1,15,90.0,t100,148.66232299804688,267.89727783203125,5,1038240,4.8158421944829715e-06
bred_vector_winter,1,15,90.0,t150,160.82492065429688,284.7646789550781,0,1038240,0.0
bred_vector_winter,1,15,90.0,t200,192.28915405273438,268.3201599121094,0,1038240,0.0
bred_vector_winter,1,15,90.0,t250,198.9095001220703,280.4606018066406,0,1038240,0.0
bred_vector_winter,1,15,90.0,t300,204.10177612304688,280.4056396484375,0,1038240,0.0
bred_vector_winter,1,15,90.0,t400,213.94039916992188,282.9920959472656,0,1038240,0.0
bred_vector_winter,1,15,90.0,t500,218.97242736816406,291.9520263671875,0,1038240,0.0
bred_vector_winter,1,15,90.0,t600,226.8279266357422,307.9981384277344,0,1038240,0.0
bred_vector_winter,1,15,90.0,t700,231.7898712158203,321.7520446777344,0,1038240,0.0
bred_vector_winter,1,15,90.0,t850,235.48910522460938,316.0354919433594,0,1038240,0.0
bred_vector_winter,1,15,90.0,t925,237.27316284179688,316.21514892578125,0,1038240,0.0
bred_vector_winter,1,15,90.0,t1000,236.19248962402344,321.40533447265625,0,1038240,0.0
bred_vector_winter,1,15,90.0,q50,-4.324465407989919e-05,5.3366289648693055e-05,511675,1038240,0.49282921097241483
bred_vector_winter,1,15,90.0,q100,-1.6379475709982216e-05,2.5433499104110524e-05,474734,1038240,0.4572488056711358
bred_vector_winter,1,15,90.0,q150,-3.539102181093767e-05,0.00011546532914508134,282386,1038240,0.27198528278625367
bred_vector_winter,1,15,90.0,q200,-0.0001048594422172755,0.0005709069664590061,215586,1038240,0.20764563106796116
bred_vector_winter,1,15,90.0,q250,-0.00046024107723496854,0.0018410864286124706,231547,1038240,0.2230187625211897
bred_vector_winter,1,15,90.0,q300,-0.0007996384520083666,0.004007367417216301,147813,1038240,0.1423688164586223
bred_vector_winter,1,15,90.0,q400,-0.00421137223020196,0.011324799619615078,213284,1038240,0.2054284173216212
bred_vector_winter,1,15,90.0,q500,-0.006445491220802069,0.020963678136467934,170972,1038240,0.1646748343350285
bred_vector_winter,1,15,90.0,q600,-0.015675155445933342,0.02807462401688099,232528,1038240,0.22396363075974726
bred_vector_winter,1,15,90.0,q700,-0.0208427757024765,0.03617359325289726,244700,1038240,0.2356873169979966
bred_vector_winter,1,15,90.0,q850,-0.010177979245781898,0.029839597642421722,104910,1038240,0.10104600092464171
bred_vector_winter,1,15,90.0,q925,-0.012670246884226799,0.02999039739370346,65204,1038240,0.06280243488981353
bred_vector_winter,1,15,90.0,q1000,-0.010295681655406952,0.03138316050171852,45534,1038240,0.04385691169671752
bred_vector_winter,1,16,96.0,u10m,-27.931928634643555,25.270450592041016,0,1038240,0.0
bred_vector_winter,1,16,96.0,v10m,-21.45802879333496,20.09592056274414,0,1038240,0.0
bred_vector_winter,1,16,96.0,u100m,-29.662540435791016,32.68865203857422,0,1038240,0.0
bred_vector_winter,1,16,96.0,v100m,-25.507898330688477,23.43630027770996,0,1038240,0.0
bred_vector_winter,1,16,96.0,t2m,224.0017852783203,325.622802734375,0,1038240,0.0
bred_vector_winter,1,16,96.0,sp,47220.578125,107360.4453125,0,1038240,0.0
bred_vector_winter,1,16,96.0,msl,94994.4921875,108170.390625,0,1038240,0.0
bred_vector_winter,1,16,96.0,tcwv,-61.84949493408203,137.86257934570312,122356,1038240,0.11784943750963169
bred_vector_winter,1,16,96.0,u50,-131.50051879882812,121.79833221435547,0,1038240,0.0
bred_vector_winter,1,16,96.0,u100,-150.11529541015625,139.54209899902344,1,1038240,9.631684388965943e-07
bred_vector_winter,1,16,96.0,u150,-94.01136779785156,137.67738342285156,0,1038240,0.0
bred_vector_winter,1,16,96.0,u200,-104.43009948730469,134.7476043701172,0,1038240,0.0
bred_vector_winter,1,16,96.0,u250,-101.33538818359375,140.45298767089844,0,1038240,0.0
bred_vector_winter,1,16,96.0,u300,-101.22981262207031,130.12452697753906,0,1038240,0.0
bred_vector_winter,1,16,96.0,u400,-83.03455352783203,117.1377182006836,0,1038240,0.0
bred_vector_winter,1,16,96.0,u500,-75.49713134765625,73.89207458496094,0,1038240,0.0
bred_vector_winter,1,16,96.0,u600,-71.13765716552734,56.26352310180664,0,1038240,0.0
bred_vector_winter,1,16,96.0,u700,-60.9704704284668,55.23084259033203,0,1038240,0.0
bred_vector_winter,1,16,96.0,u850,-44.76860427856445,48.42300033569336,0,1038240,0.0
bred_vector_winter,1,16,96.0,u925,-41.61960220336914,40.45933532714844,0,1038240,0.0
bred_vector_winter,1,16,96.0,u1000,-31.63504981994629,31.151409149169922,0,1038240,0.0
bred_vector_winter,1,16,96.0,v50,-94.314697265625,96.9830322265625,0,1038240,0.0
bred_vector_winter,1,16,96.0,v100,-94.25108337402344,96.6201171875,0,1038240,0.0
bred_vector_winter,1,16,96.0,v150,-86.5741195678711,105.9878921508789,0,1038240,0.0
bred_vector_winter,1,16,96.0,v200,-91.32250213623047,106.5076675415039,0,1038240,0.0
bred_vector_winter,1,16,96.0,v250,-113.41638946533203,121.6964111328125,0,1038240,0.0
bred_vector_winter,1,16,96.0,v300,-114.11809539794922,120.95244598388672,0,1038240,0.0
bred_vector_winter,1,16,96.0,v400,-75.96234130859375,92.1882095336914,0,1038240,0.0
bred_vector_winter,1,16,96.0,v500,-56.54975891113281,62.7578125,0,1038240,0.0
bred_vector_winter,1,16,96.0,v600,-56.93438720703125,50.73622131347656,0,1038240,0.0
bred_vector_winter,1,16,96.0,v700,-45.00297164916992,49.85779571533203,0,1038240,0.0
bred_vector_winter,1,16,96.0,v850,-41.5885009765625,28.302875518798828,0,1038240,0.0
bred_vector_winter,1,16,96.0,v925,-35.139705657958984,26.079530715942383,0,1038240,0.0
bred_vector_winter,1,16,96.0,v1000,-24.16509246826172,22.112138748168945,0,1038240,0.0
bred_vector_winter,1,16,96.0,z50,184446.890625,220089.0625,0,1038240,0.0
bred_vector_winter,1,16,96.0,z100,148116.75,174301.0,0,1038240,0.0
bred_vector_winter,1,16,96.0,z150,124792.6875,147089.75,0,1038240,0.0
bred_vector_winter,1,16,96.0,z200,106357.421875,128669.3515625,0,1038240,0.0
bred_vector_winter,1,16,96.0,z250,92072.53125,113412.0390625,0,1038240,0.0
bred_vector_winter,1,16,96.0,z300,80482.375,100430.890625,0,1038240,0.0
bred_vector_winter,1,16,96.0,z400,61778.5078125,79024.078125,0,1038240,0.0
bred_vector_winter,1,16,96.0,z500,46624.65625,61370.26171875,0,1038240,0.0
bred_vector_winter,1,16,96.0,z600,33437.890625,45918.3203125,0,1038240,0.0
bred_vector_winter,1,16,96.0,z700,22373.666015625,33160.65625,0,1038240,0.0
bred_vector_winter,1,16,96.0,z850,8753.693359375,17446.181640625,0,1038240,0.0
bred_vector_winter,1,16,96.0,z925,2266.89990234375,10833.94921875,0,1038240,0.0
bred_vector_winter,1,16,96.0,z1000,-4036.25341796875,5008.84423828125,0,1038240,0.0
bred_vector_winter,1,16,96.0,t50,146.42526245117188,254.840576171875,242,1038240,0.0002330867622129758
bred_vector_winter,1,16,96.0,t100,147.046875,269.804443359375,22,1038240,2.1189705655725073e-05
bred_vector_winter,1,16,96.0,t150,158.86288452148438,282.7124328613281,0,1038240,0.0
bred_vector_winter,1,16,96.0,t200,191.92422485351562,270.6850280761719,0,1038240,0.0
bred_vector_winter,1,16,96.0,t250,198.09901428222656,280.7378234863281,0,1038240,0.0
bred_vector_winter,1,16,96.0,t300,204.1523895263672,278.7182922363281,0,1038240,0.0
bred_vector_winter,1,16,96.0,t400,214.80990600585938,281.6885681152344,0,1038240,0.0
bred_vector_winter,1,16,96.0,t500,217.6844482421875,293.8648681640625,0,1038240,0.0
bred_vector_winter,1,16,96.0,t600,225.92721557617188,308.5347595214844,0,1038240,0.0
bred_vector_winter,1,16,96.0,t700,231.928955078125,321.4521789550781,0,1038240,0.0
bred_vector_winter,1,16,96.0,t850,234.2295684814453,315.65411376953125,0,1038240,0.0
bred_vector_winter,1,16,96.0,t925,236.75596618652344,318.7763671875,0,1038240,0.0
bred_vector_winter,1,16,96.0,t1000,236.08041381835938,325.33758544921875,0,1038240,0.0
bred_vector_winter,1,16,96.0,q50,-4.2467439925530925e-05,5.2516475989250466e-05,510986,1038240,0.4921655879180151
bred_vector_winter,1,16,96.0,q100,-1.576439717609901e-05,2.4716811822145246e-05,469980,1038240,0.4526699029126214
bred_vector_winter,1,16,96.0,q150,-3.9246158848982304e-05,0.00010613774065859616,281240,1038240,0.27088149175527815
bred_vector_winter,1,16,96.0,q200,-0.00010071221913676709,0.0005660497699864209,220445,1038240,0.2123256665125597
bred_vector_winter,1,16,96.0,q250,-0.0004615365469362587,0.0018464492168277502,239853,1038240,0.23101883957466482
bred_vector_winter,1,16,96.0,q300,-0.0007974945474416018,0.004150932189077139,154972,1038240,0.149264139312683
bred_vector_winter,1,16,96.0,q400,-0.003987565170973539,0.011647200211882591,210223,1038240,0.20248015873015873
bred_vector_winter,1,16,96.0,q500,-0.007187626790255308,0.018413430079817772,171125,1038240,0.16482219910617968
bred_vector_winter,1,16,96.0,q600,-0.01816662959754467,0.024415606632828712,238678,1038240,0.22988711665896133
bred_vector_winter,1,16,96.0,q700,-0.02427179180085659,0.03500242531299591,250512,1038240,0.2412852519648636
bred_vector_winter,1,16,96.0,q850,-0.011743731796741486,0.028111731633543968,106501,1038240,0.10257840191092618
bred_vector_winter,1,16,96.0,q925,-0.014481203630566597,0.030504634603857994,68812,1038240,0.06627754661735244
bred_vector_winter,1,16,96.0,q1000,-0.011836087331175804,0.03185850754380226,50824,1038240,0.048952072738480505
bred_vector_winter,1,17,102.0,u10m,-26.809804916381836,25.699167251586914,0,1038240,0.0
bred_vector_winter,1,17,102.0,v10m,-20.500612258911133,19.427061080932617,0,1038240,0.0
bred_vector_winter,1,17,102.0,u100m,-28.606672286987305,35.60898208618164,0,1038240,0.0
bred_vector_winter,1,17,102.0,v100m,-24.58769989013672,22.9450626373291,0,1038240,0.0
bred_vector_winter,1,17,102.0,t2m,223.10720825195312,325.1072998046875,0,1038240,0.0
bred_vector_winter,1,17,102.0,sp,46998.8359375,107113.984375,0,1038240,0.0
bred_vector_winter,1,17,102.0,msl,94796.0546875,108120.6328125,0,1038240,0.0
bred_vector_winter,1,17,102.0,tcwv,-64.48155975341797,134.54513549804688,130332,1038240,0.12553166897827092
bred_vector_winter,1,17,102.0,u50,-137.10003662109375,122.2394027709961,0,1038240,0.0
bred_vector_winter,1,17,102.0,u100,-145.9073486328125,154.69651794433594,26,1038240,2.504237941131145e-05
bred_vector_winter,1,17,102.0,u150,-87.93326568603516,135.21742248535156,0,1038240,0.0
bred_vector_winter,1,17,102.0,u200,-108.70745849609375,128.5362548828125,0,1038240,0.0
bred_vector_winter,1,17,102.0,u250,-104.73237609863281,142.82211303710938,0,1038240,0.0
bred_vector_winter,1,17,102.0,u300,-114.79586029052734,133.08364868164062,0,1038240,0.0
bred_vector_winter,1,17,102.0,u400,-81.7085952758789,106.62696838378906,0,1038240,0.0
bred_vector_winter,1,17,102.0,u500,-72.23649597167969,76.6374740600586,0,1038240,0.0
bred_vector_winter,1,17,102.0,u600,-71.13246154785156,69.49223327636719,0,1038240,0.0
bred_vector_winter,1,17,102.0,u700,-58.988285064697266,60.826622009277344,0,1038240,0.0
bred_vector_winter,1,17,102.0,u850,-43.659141540527344,49.49992370605469,0,1038240,0.0
bred_vector_winter,1,17,102.0,u925,-42.22496032714844,39.97835159301758,0,1038240,0.0
bred_vector_winter,1,17,102.0,u1000,-29.262771606445312,32.1947135925293,0,1038240,0.0
bred_vector_winter,1,17,102.0,v50,-104.39643096923828,91.59481811523438,0,1038240,0.0
bred_vector_winter,1,17,102.0,v100,-94.77574157714844,89.14466857910156,0,1038240,0.0
bred_vector_winter,1,17,102.0,v150,-87.20404815673828,103.56834411621094,0,1038240,0.0
bred_vector_winter,1,17,102.0,v200,-86.13042449951172,92.84602355957031,0,1038240,0.0
bred_vector_winter,1,17,102.0,v250,-112.80476379394531,119.79932403564453,0,1038240,0.0
bred_vector_winter,1,17,102.0,v300,-118.20503234863281,125.22593688964844,0,1038240,0.0
bred_vector_winter,1,17,102.0,v400,-74.72651672363281,88.35304260253906,0,1038240,0.0
bred_vector_winter,1,17,102.0,v500,-55.73386001586914,69.394775390625,0,1038240,0.0
bred_vector_winter,1,17,102.0,v600,-63.36552047729492,61.95454406738281,0,1038240,0.0
bred_vector_winter,1,17,102.0,v700,-52.57218551635742,50.2559814453125,0,1038240,0.0
bred_vector_winter,1,17,102.0,v850,-33.30022430419922,26.38694953918457,0,1038240,0.0
bred_vector_winter,1,17,102.0,v925,-31.058319091796875,25.410018920898438,0,1038240,0.0
bred_vector_winter,1,17,102.0,v1000,-22.884214401245117,22.00136947631836,0,1038240,0.0
bred_vector_winter,1,17,102.0,z50,183617.671875,220217.8125,0,1038240,0.0
bred_vector_winter,1,17,102.0,z100,147554.875,174560.3125,0,1038240,0.0
bred_vector_winter,1,17,102.0,z150,124521.078125,147055.5625,0,1038240,0.0
bred_vector_winter,1,17,102.0,z200,106933.265625,128568.9296875,0,1038240,0.0
bred_vector_winter,1,17,102.0,z250,92640.5390625,113444.8828125,0,1038240,0.0
bred_vector_winter,1,17,102.0,z300,81349.3984375,100278.828125,0,1038240,0.0
bred_vector_winter,1,17,102.0,z400,62329.88671875,79012.328125,0,1038240,0.0
bred_vector_winter,1,17,102.0,z500,47084.5390625,61349.4921875,0,1038240,0.0
bred_vector_winter,1,17,102.0,z600,33927.578125,45906.7578125,0,1038240,0.0
bred_vector_winter,1,17,102.0,z700,22906.24609375,32980.7578125,0,1038240,0.0
bred_vector_winter,1,17,102.0,z850,8916.7578125,17531.30859375,0,1038240,0.0
bred_vector_winter,1,17,102.0,z925,2114.0859375,10900.2666015625,0,1038240,0.0
bred_vector_winter,1,17,102.0,z1000,-4186.71142578125,4941.00634765625,0,1038240,0.0
bred_vector_winter,1,17,102.0,t50,145.44371032714844,256.1966552734375,367,1038240,0.0003534828170750501
bred_vector_winter,1,17,102.0,t100,151.8897705078125,270.63232421875,0,1038240,0.0
bred_vector_winter,1,17,102.0,t150,157.9812469482422,283.22613525390625,0,1038240,0.0
bred_vector_winter,1,17,102.0,t200,191.91712951660156,271.6426086425781,0,1038240,0.0
bred_vector_winter,1,17,102.0,t250,198.46682739257812,280.32745361328125,0,1038240,0.0
bred_vector_winter,1,17,102.0,t300,205.958984375,278.00555419921875,0,1038240,0.0
bred_vector_winter,1,17,102.0,t400,215.7814483642578,286.68914794921875,0,1038240,0.0
bred_vector_winter,1,17,102.0,t500,215.63450622558594,295.0334777832031,0,1038240,0.0
bred_vector_winter,1,17,102.0,t600,222.47454833984375,308.323974609375,0,1038240,0.0
bred_vector_winter,1,17,102.0,t700,229.84796142578125,321.4677429199219,0,1038240,0.0
bred_vector_winter,1,17,102.0,t850,234.55128479003906,316.19647216796875,0,1038240,0.0
bred_vector_winter,1,17,102.0,t925,234.25979614257812,317.9861145019531,0,1038240,0.0
bred_vector_winter,1,17,102.0,t1000,235.35446166992188,324.0108337402344,0,1038240,0.0
bred_vector_winter,1,17,102.0,q50,-4.169262683717534e-05,5.168352072359994e-05,510329,1038240,0.49153278625366004
bred_vector_winter,1,17,102.0,q100,-1.5407107639475726e-05,2.3984051949810237e-05,465159,1038240,0.4480264678687009
bred_vector_winter,1,17,102.0,q150,-4.201335468678735e-05,0.00010057636973215267,282697,1038240,0.2722848281707505
bred_vector_winter,1,17,102.0,q200,-0.00010733958333730698,0.0005036395159550011,218776,1038240,0.2107181383880413
bred_vector_winter,1,17,102.0,q250,-0.0003984309150837362,0.0016289184568449855,234517,1038240,0.2258793727847126
bred_vector_winter,1,17,102.0,q300,-0.0008078706450760365,0.0041116755455732346,155996,1038240,0.1502504237941131
bred_vector_winter,1,17,102.0,q400,-0.0033511267974972725,0.01063342485576868,211974,1038240,0.20416666666666666
bred_vector_winter,1,17,102.0,q500,-0.006994214374572039,0.016644097864627838,173756,1038240,0.16735629526891663
bred_vector_winter,1,17,102.0,q600,-0.01900566555559635,0.02398146688938141,243727,1038240,0.23475015410695022
bred_vector_winter,1,17,102.0,q700,-0.024944249540567398,0.03516551852226257,259126,1038240,0.24958198489751887
bred_vector_winter,1,17,102.0,q850,-0.01298602856695652,0.028310978785157204,108827,1038240,0.10481873169979966
bred_vector_winter,1,17,102.0,q925,-0.013260893523693085,0.03112110123038292,70913,1038240,0.06830116350747419
bred_vector_winter,1,17,102.0,q1000,-0.013635875657200813,0.0316835455596447,54844,1038240,0.052824009862844815
bred_vector_winter,1,18,108.0,u10m,-25.182655334472656,24.14552879333496,0,1038240,0.0
bred_vector_winter,1,18,108.0,v10m,-22.54227638244629,18.816791534423828,0,1038240,0.0
bred_vector_winter,1,18,108.0,u100m,-30.353422164916992,30.859146118164062,0,1038240,0.0
bred_vector_winter,1,18,108.0,v100m,-28.453672409057617,22.056589126586914,0,1038240,0.0
bred_vector_winter,1,18,108.0,t2m,223.0592498779297,321.65374755859375,0,1038240,0.0
bred_vector_winter,1,18,108.0,sp,46648.671875,107102.796875,0,1038240,0.0
bred_vector_winter,1,18,108.0,msl,94782.6640625,108287.3671875,0,1038240,0.0
bred_vector_winter,1,18,108.0,tcwv,-78.83748626708984,136.5806884765625,133712,1038240,0.1287871783017414
bred_vector_winter,1,18,108.0,u50,-128.0346221923828,126.8299331665039,0,1038240,0.0
bred_vector_winter,1,18,108.0,u100,-140.32786560058594,155.2635498046875,25,1038240,2.4079210972414856e-05
bred_vector_winter,1,18,108.0,u150,-100.17866516113281,123.97039031982422,0,1038240,0.0
bred_vector_winter,1,18,108.0,u200,-112.76534271240234,135.44171142578125,0,1038240,0.0
bred_vector_winter,1,18,108.0,u250,-102.2626953125,138.43896484375,0,1038240,0.0
bred_vector_winter,1,18,108.0,u300,-101.11210632324219,144.96377563476562,0,1038240,0.0
bred_vector_winter,1,18,108.0,u400,-83.92530059814453,100.54034423828125,0,1038240,0.0
bred_vector_winter,1,18,108.0,u500,-65.00332641601562,74.19771575927734,0,1038240,0.0
bred_vector_winter,1,18,108.0,u600,-68.84056091308594,69.37345886230469,0,1038240,0.0
bred_vector_winter,1,18,108.0,u700,-57.32837677001953,55.24017333984375,0,1038240,0.0
bred_vector_winter,1,18,108.0,u850,-45.57981872558594,40.92831039428711,0,1038240,0.0
bred_vector_winter,1,18,108.0,u925,-37.31978225708008,35.373252868652344,0,1038240,0.0
bred_vector_winter,1,18,108.0,u1000,-27.136905670166016,26.060575485229492,0,1038240,0.0
bred_vector_winter,1,18,108.0,v50,-96.73198699951172,79.74193572998047,0,1038240,0.0
bred_vector_winter,1,18,108.0,v100,-103.34197235107422,80.05613708496094,0,1038240,0.0
bred_vector_winter,1,18,108.0,v150,-96.92920684814453,99.8733139038086,0,1038240,0.0
bred_vector_winter,1,18,108.0,v200,-90.65121459960938,83.00088500976562,0,1038240,0.0
bred_vector_winter,1,18,108.0,v250,-111.97225189208984,118.40614318847656,0,1038240,0.0
bred_vector_winter,1,18,108.0,v300,-108.0231704711914,140.66847229003906,0,1038240,0.0
bred_vector_winter,1,18,108.0,v400,-90.02153778076172,85.00706481933594,0,1038240,0.0
bred_vector_winter,1,18,108.0,v500,-59.50560760498047,72.83401489257812,0,1038240,0.0
bred_vector_winter,1,18,108.0,v600,-63.78646469116211,67.86723327636719,0,1038240,0.0
bred_vector_winter,1,18,108.0,v700,-48.755313873291016,54.12251281738281,0,1038240,0.0
bred_vector_winter,1,18,108.0,v850,-35.88887405395508,29.040163040161133,0,1038240,0.0
bred_vector_winter,1,18,108.0,v925,-35.80445861816406,26.163850784301758,0,1038240,0.0
bred_vector_winter,1,18,108.0,v1000,-26.612314224243164,21.021602630615234,0,1038240,0.0
bred_vector_winter,1,18,108.0,z50,182913.671875,220162.859375,0,1038240,0.0
bred_vector_winter,1,18,108.0,z100,147163.953125,174436.53125,0,1038240,0.0
bred_vector_winter,1,18,108.0,z150,124356.71875,147221.3125,0,1038240,0.0
bred_vector_winter,1,18,108.0,z200,107014.7890625,128690.953125,0,1038240,0.0
bred_vector_winter,1,18,108.0,z250,92689.2578125,113350.3984375,0,1038240,0.0
bred_vector_winter,1,18,108.0,z300,81467.875,100167.8046875,0,1038240,0.0
bred_vector_winter,1,18,108.0,z400,62951.15234375,78841.78125,0,1038240,0.0
bred_vector_winter,1,18,108.0,z500,47319.26171875,61103.8359375,0,1038240,0.0
bred_vector_winter,1,18,108.0,z600,33538.33984375,45862.5,0,1038240,0.0
bred_vector_winter,1,18,108.0,z700,22616.908203125,32997.15625,0,1038240,0.0
bred_vector_winter,1,18,108.0,z850,8901.533203125,17541.095703125,0,1038240,0.0
bred_vector_winter,1,18,108.0,z925,2086.298828125,10849.5068359375,0,1038240,0.0
bred_vector_winter,1,18,108.0,z1000,-4196.646484375,4968.01220703125,0,1038240,0.0
bred_vector_winter,1,18,108.0,t50,144.92510986328125,262.0188293457031,374,1038240,0.0003602249961473262
bred_vector_winter,1,18,108.0,t100,153.71023559570312,272.0958251953125,0,1038240,0.0
bred_vector_winter,1,18,108.0,t150,157.04580688476562,284.8378601074219,0,1038240,0.0
bred_vector_winter,1,18,108.0,t200,190.7484130859375,273.7703857421875,0,1038240,0.0
bred_vector_winter,1,18,108.0,t250,201.04965209960938,279.9505615234375,0,1038240,0.0
bred_vector_winter,1,18,108.0,t300,205.75314331054688,279.4486083984375,0,1038240,0.0
bred_vector_winter,1,18,108.0,t400,216.5006866455078,282.2564697265625,0,1038240,0.0
bred_vector_winter,1,18,108.0,t500,214.5069580078125,297.047607421875,0,1038240,0.0
bred_vector_winter,1,18,108.0,t600,227.99603271484375,309.03759765625,0,1038240,0.0
bred_vector_winter,1,18,108.0,t700,230.6403045654297,320.0961608886719,0,1038240,0.0
bred_vector_winter,1,18,108.0,t850,230.73580932617188,316.9908447265625,0,1038240,0.0
bred_vector_winter,1,18,108.0,t925,231.26966857910156,318.81500244140625,0,1038240,0.0
bred_vector_winter,1,18,108.0,t1000,233.134033203125,322.7936096191406,0,1038240,0.0
bred_vector_winter,1,18,108.0,q50,-4.094550968147814e-05,5.0839993491536006e-05,509657,1038240,0.49088553706272153
bred_vector_winter,1,18,108.0,q100,-1.521299418527633e-05,2.3286065697902814e-05,460370,1038240,0.4434138542148251
bred_vector_winter,1,18,108.0,q150,-4.248405457474291e-05,9.152859274763614e-05,282213,1038240,0.27181865464632454
bred_vector_winter,1,18,108.0,q200,-8.347588300239295e-05,0.0005417327047325671,225676,1038240,0.2173640006164278
bred_vector_winter,1,18,108.0,q250,-0.00039462774293497205,0.0015996824949979782,231277,1038240,0.22275870704268763
bred_vector_winter,1,18,108.0,q300,-0.0007455139420926571,0.00381734617985785,150003,1038240,0.14447815533980582
bred_vector_winter,1,18,108.0,q400,-0.0035976828075945377,0.009637386538088322,212332,1038240,0.20451148096779165
bred_vector_winter,1,18,108.0,q500,-0.008161956444382668,0.016271080821752548,170321,1038240,0.16404781168130683
bred_vector_winter,1,18,108.0,q600,-0.020353024825453758,0.02379908412694931,247895,1038240,0.23876464016027124
bred_vector_winter,1,18,108.0,q700,-0.02883521094918251,0.03551299497485161,263002,1038240,0.2533152257666821
bred_vector_winter,1,18,108.0,q850,-0.01597730442881584,0.02862187661230564,108547,1038240,0.10454904453690861
bred_vector_winter,1,18,108.0,q925,-0.014758322387933731,0.03052731417119503,74905,1038240,0.07214613191554939
bred_vector_winter,1,18,108.0,q1000,-0.014950161799788475,0.03249378129839897,58918,1038240,0.05674795808290954
bred_vector_winter,1,19,114.0,u10m,-27.82896614074707,24.092998504638672,0,1038240,0.0
bred_vector_winter,1,19,114.0,v10m,-22.614112854003906,20.926321029663086,0,1038240,0.0
bred_vector_winter,1,19,114.0,u100m,-34.37410354614258,30.247671127319336,0,1038240,0.0
bred_vector_winter,1,19,114.0,v100m,-29.31773567199707,24.780424118041992,0,1038240,0.0
bred_vector_winter,1,19,114.0,t2m,217.08584594726562,321.5606384277344,0,1038240,0.0
bred_vector_winter,1,19,114.0,sp,46394.71484375,107151.8125,0,1038240,0.0
bred_vector_winter,1,19,114.0,msl,94891.734375,108474.03125,0,1038240,0.0
bred_vector_winter,1,19,114.0,tcwv,-85.89144134521484,131.21485900878906,142287,1038240,0.1370463476652797
bred_vector_winter,1,19,114.0,u50,-120.41895294189453,129.03089904785156,0,1038240,0.0
bred_vector_winter,1,19,114.0,u100,-135.44491577148438,139.0359649658203,0,1038240,0.0
bred_vector_winter,1,19,114.0,u150,-97.49730682373047,113.72624206542969,0,1038240,0.0
bred_vector_winter,1,19,114.0,u200,-111.37838745117188,129.96746826171875,0,1038240,0.0
bred_vector_winter,1,19,114.0,u250,-116.28961181640625,147.8429412841797,0,1038240,0.0
bred_vector_winter,1,19,114.0,u300,-119.94564819335938,139.8385009765625,0,1038240,0.0
bred_vector_winter,1,19,114.0,u400,-88.10792541503906,91.64968872070312,0,1038240,0.0
bred_vector_winter,1,19,114.0,u500,-68.44506072998047,71.48978424072266,0,1038240,0.0
bred_vector_winter,1,19,114.0,u600,-66.84947967529297,64.68606567382812,0,1038240,0.0
bred_vector_winter,1,19,114.0,u700,-58.65636444091797,58.640689849853516,0,1038240,0.0
bred_vector_winter,1,19,114.0,u850,-47.323612213134766,48.43964767456055,0,1038240,0.0
bred_vector_winter,1,19,114.0,u925,-37.65032958984375,41.13808059692383,0,1038240,0.0
bred_vector_winter,1,19,114.0,u1000,-30.527978897094727,30.986370086669922,0,1038240,0.0
bred_vector_winter,1,19,114.0,v50,-102.80325317382812,76.70446014404297,0,1038240,0.0
bred_vector_winter,1,19,114.0,v100,-104.18307495117188,84.05840301513672,0,1038240,0.0
bred_vector_winter,1,19,114.0,v150,-86.86720275878906,103.71038818359375,0,1038240,0.0
bred_vector_winter,1,19,114.0,v200,-108.70518493652344,84.9811782836914,0,1038240,0.0
bred_vector_winter,1,19,114.0,v250,-112.35515594482422,122.02315521240234,0,1038240,0.0
bred_vector_winter,1,19,114.0,v300,-119.69577026367188,130.79029846191406,0,1038240,0.0
bred_vector_winter,1,19,114.0,v400,-101.52775573730469,98.44526672363281,0,1038240,0.0
bred_vector_winter,1,19,114.0,v500,-81.83885955810547,76.48526763916016,0,1038240,0.0
bred_vector_winter,1,19,114.0,v600,-67.74653625488281,58.270687103271484,0,1038240,0.0
bred_vector_winter,1,19,114.0,v700,-48.42112731933594,49.08540725708008,0,1038240,0.0
bred_vector_winter,1,19,114.0,v850,-35.80265808105469,27.239398956298828,0,1038240,0.0
bred_vector_winter,1,19,114.0,v925,-36.842308044433594,26.622098922729492,0,1038240,0.0
bred_vector_winter,1,19,114.0,v1000,-27.48046112060547,21.543291091918945,0,1038240,0.0
bred_vector_winter,1,19,114.0,z50,182077.90625,220160.90625,0,1038240,0.0
bred_vector_winter,1,19,114.0,z100,146542.90625,174340.25,0,1038240,0.0
bred_vector_winter,1,19,114.0,z150,124435.421875,147196.375,0,1038240,0.0
bred_vector_winter,1,19,114.0,z200,106781.0546875,128767.8828125,0,1038240,0.0
bred_vector_winter,1,19,114.0,z250,92786.8203125,113340.96875,0,1038240,0.0
bred_vector_winter,1,19,114.0,z300,81303.796875,100155.59375,0,1038240,0.0
bred_vector_winter,1,19,114.0,z400,62811.7734375,78677.5625,0,1038240,0.0
bred_vector_winter,1,19,114.0,z500,47387.19921875,61000.5078125,0,1038240,0.0
bred_vector_winter,1,19,114.0,z600,33838.0078125,45951.03515625,0,1038240,0.0
bred_vector_winter,1,19,114.0,z700,23114.064453125,33113.453125,0,1038240,0.0
bred_vector_winter,1,19,114.0,z850,8972.154296875,17387.912109375,0,1038240,0.0
bred_vector_winter,1,19,114.0,z925,2156.96826171875,10761.20703125,0,1038240,0.0
bred_vector_winter,1,19,114.0,z1000,-4108.556640625,5097.13720703125,0,1038240,0.0
bred_vector_winter,1,19,114.0,t50,147.19122314453125,263.4424133300781,212,1038240,0.00020419170904607798
bred_vector_winter,1,19,114.0,t100,148.98385620117188,269.97796630859375,13,1038240,1.2521189705655725e-05
bred_vector_winter,1,19,114.0,t150,155.57278442382812,286.4107360839844,0,1038240,0.0
bred_vector_winter,1,19,114.0,t200,191.18902587890625,275.99542236328125,0,1038240,0.0
bred_vector_winter,1,19,114.0,t250,201.36880493164062,279.35174560546875,0,1038240,0.0
bred_vector_winter,1,19,114.0,t300,206.0478057861328,275.4757385253906,0,1038240,0.0
bred_vector_winter,1,19,114.0,t400,216.41796875,282.568359375,0,1038240,0.0
bred_vector_winter,1,19,114.0,t500,216.05661010742188,297.5301208496094,0,1038240,0.0
bred_vector_winter,1,19,114.0,t600,220.59422302246094,311.8951721191406,0,1038240,0.0
bred_vector_winter,1,19,114.0,t700,227.92626953125,323.5704345703125,0,1038240,0.0
bred_vector_winter,1,19,114.0,t850,220.05764770507812,316.4440002441406,0,1038240,0.0
bred_vector_winter,1,19,114.0,t925,227.85096740722656,316.9021911621094,0,1038240,0.0
bred_vector_winter,1,19,114.0,t1000,230.02456665039062,322.5582275390625,0,1038240,0.0
bred_vector_winter,1,19,114.0,q50,-4.0194565372075886e-05,4.9995149311143905e-05,509001,1038240,0.49025369856680534
bred_vector_winter,1,19,114.0,q100,-1.5007972251623869e-05,2.270618460897822e-05,455846,1038240,0.4390564801972569
bred_vector_winter,1,19,114.0,q150,-5.136247636983171e-05,9.548803063808009e-05,277694,1038240,0.2674660964709508
bred_vector_winter,1,19,114.0,q200,-9.622045763535425e-05,0.00054507318418473,231997,1038240,0.22345218831869318
bred_vector_winter,1,19,114.0,q250,-0.0004518210480455309,0.0014867061981931329,232512,1038240,0.22394822006472492
bred_vector_winter,1,19,114.0,q300,-0.0007486718241125345,0.003388909390196204,153991,1038240,0.14831927107412543
bred_vector_winter,1,19,114.0,q400,-0.0036714179441332817,0.010182689875364304,211713,1038240,0.20391527970411466
bred_vector_winter,1,19,114.0,q500,-0.008676858618855476,0.016477439552545547,169016,1038240,0.16279087686854676
bred_vector_winter,1,19,114.0,q600,-0.022059453651309013,0.024881264194846153,248373,1038240,0.2392250346740638
bred_vector_winter,1,19,114.0,q700,-0.03160272166132927,0.03335017338395119,269365,1038240,0.2594438665433811
bred_vector_winter,1,19,114.0,q850,-0.01920155994594097,0.029690854251384735,117102,1038240,0.11278895053166897
bred_vector_winter,1,19,114.0,q925,-0.019167568534612656,0.03151422366499901,79554,1038240,0.07662390198797966
bred_vector_winter,1,19,114.0,q1000,-0.01954203099012375,0.033001385629177094,62944,1038240,0.060625674217907224
bred_vector_winter,1,20,120.0,u10m,-24.761184692382812,26.948957443237305,0,1038240,0.0
bred_vector_winter,1,20,120.0,v10m,-22.4464111328125,23.161605834960938,0,1038240,0.0
bred_vector_winter,1,20,120.0,u100m,-30.279705047607422,32.60182571411133,0,1038240,0.0
bred_vector_winter,1,20,120.0,v100m,-29.928600311279297,25.695545196533203,0,1038240,0.0
bred_vector_winter,1,20,120.0,t2m,208.43814086914062,328.7293395996094,0,1038240,0.0
bred_vector_winter,1,20,120.0,sp,46189.34765625,106995.984375,0,1038240,0.0
bred_vector_winter,1,20,120.0,msl,95015.015625,108290.1953125,0,1038240,0.0
bred_vector_winter,1,20,120.0,tcwv,-88.10906219482422,129.3822479248047,151868,1038240,0.14627446447834797
bred_vector_winter,1,20,120.0,u50,-124.3811264038086,130.61036682128906,0,1038240,0.0
bred_vector_winter,1,20,120.0,u100,-120.71836853027344,130.09390258789062,0,1038240,0.0
bred_vector_winter,1,20,120.0,u150,-103.7629623413086,111.58106231689453,0,1038240,0.0
bred_vector_winter,1,20,120.0,u200,-114.19930267333984,126.55171966552734,0,1038240,0.0
bred_vector_winter,1,20,120.0,u250,-106.42486572265625,130.55465698242188,0,1038240,0.0
bred_vector_winter,1,20,120.0,u300,-121.67617797851562,130.70018005371094,0,1038240,0.0
bred_vector_winter,1,20,120.0,u400,-88.22808074951172,103.79322052001953,0,1038240,0.0
bred_vector_winter,1,20,120.0,u500,-70.62882232666016,70.93867492675781,0,1038240,0.0
bred_vector_winter,1,20,120.0,u600,-70.29389953613281,59.031063079833984,0,1038240,0.0
bred_vector_winter,1,20,120.0,u700,-56.24066925048828,54.41685485839844,0,1038240,0.0
bred_vector_winter,1,20,120.0,u850,-48.82400131225586,51.605186462402344,0,1038240,0.0
bred_vector_winter,1,20,120.0,u925,-39.33556365966797,41.538414001464844,0,1038240,0.0
bred_vector_winter,1,20,120.0,u1000,-29.99652862548828,33.77631378173828,0,1038240,0.0
bred_vector_winter,1,20,120.0,v50,-92.25782775878906,81.74102020263672,0,1038240,0.0
bred_vector_winter,1,20,120.0,v100,-101.40399932861328,82.20512390136719,0,1038240,0.0
bred_vector_winter,1,20,120.0,v150,-80.97894287109375,109.81136322021484,0,1038240,0.0
bred_vector_winter,1,20,120.0,v200,-85.10203552246094,81.4840316772461,0,1038240,0.0
bred_vector_winter,1,20,120.0,v250,-124.25782012939453,125.6191177368164,0,1038240,0.0
bred_vector_winter,1,20,120.0,v300,-111.2818603515625,100.30641174316406,0,1038240,0.0
bred_vector_winter,1,20,120.0,v400,-100.5235366821289,84.43994140625,0,1038240,0.0
bred_vector_winter,1,20,120.0,v500,-65.93462371826172,63.65617370605469,0,1038240,0.0
bred_vector_winter,1,20,120.0,v600,-53.331783294677734,50.30451202392578,0,1038240,0.0
bred_vector_winter,1,20,120.0,v700,-43.744712829589844,50.09038543701172,0,1038240,0.0
bred_vector_winter,1,20,120.0,v850,-38.70399475097656,31.898805618286133,0,1038240,0.0
bred_vector_winter,1,20,120.0,v925,-37.91872024536133,28.48345375061035,0,1038240,0.0
bred_vector_winter,1,20,120.0,v1000,-27.495756149291992,22.82361602783203,0,1038240,0.0
bred_vector_winter,1,20,120.0,z50,181367.921875,220422.46875,0,1038240,0.0
bred_vector_winter,1,20,120.0,z100,146049.0625,174354.609375,0,1038240,0.0
bred_vector_winter,1,20,120.0,z150,124656.3203125,147197.75,0,1038240,0.0
bred_vector_winter,1,20,120.0,z200,106676.734375,128810.1171875,0,1038240,0.0
bred_vector_winter,1,20,120.0,z250,92352.09375,113394.7109375,0,1038240,0.0
bred_vector_winter,1,20,120.0,z300,81289.4453125,100251.4453125,0,1038240,0.0
bred_vector_winter,1,20,120.0,z400,62833.0234375,78540.5546875,0,1038240,0.0
bred_vector_winter,1,20,120.0,z500,47707.10546875,60961.6015625,0,1038240,0.0
bred_vector_winter,1,20,120.0,z600,34453.5546875,45928.890625,0,1038240,0.0
bred_vector_winter,1,20,120.0,z700,23568.9765625,33178.40625,0,1038240,0.0
bred_vector_winter,1,20,120.0,z850,8928.1875,17344.458984375,0,1038240,0.0
bred_vector_winter,1,20,120.0,z925,2252.6279296875,10695.8017578125,0,1038240,0.0
bred_vector_winter,1,20,120.0,z1000,-4005.7265625,5071.81103515625,0,1038240,0.0
bred_vector_winter,1,20,120.0,t50,146.12469482421875,263.31988525390625,203,1038240,0.00019552319309600863
bred_vector_winter,1,20,120.0,t100,152.81625366210938,268.28851318359375,0,1038240,0.0
bred_vector_winter,1,20,120.0,t150,153.23672485351562,290.9902038574219,0,1038240,0.0
bred_vector_winter,1,20,120.0,t200,191.1094207763672,274.84039306640625,0,1038240,0.0
bred_vector_winter,1,20,120.0,t250,199.20083618164062,276.6593017578125,0,1038240,0.0
bred_vector_winter,1,20,120.0,t300,206.51792907714844,273.9299011230469,0,1038240,0.0
bred_vector_winter,1,20,120.0,t400,216.0296173095703,283.68682861328125,0,1038240,0.0
bred_vector_winter,1,20,120.0,t500,213.53634643554688,293.9765319824219,0,1038240,0.0
bred_vector_winter,1,20,120.0,t600,218.99635314941406,311.8120422363281,0,1038240,0.0
bred_vector_winter,1,20,120.0,t700,226.58628845214844,320.2116394042969,0,1038240,0.0
bred_vector_winter,1,20,120.0,t850,228.28550720214844,315.00054931640625,0,1038240,0.0
bred_vector_winter,1,20,120.0,t925,218.69692993164062,317.330078125,0,1038240,0.0
bred_vector_winter,1,20,120.0,t1000,223.07952880859375,325.94696044921875,0,1038240,0.0
bred_vector_winter,1,20,120.0,q50,-3.947003642679192e-05,4.919593993690796e-05,508297,1038240,0.48957562798582216
bred_vector_winter,1,20,120.0,q100,-1.4849090803181753e-05,2.2149239157442935e-05,451589,1038240,0.4349562721528741
bred_vector_winter,1,20,120.0,q150,-4.831042679143138e-05,9.752813639352098e-05,270540,1038240,0.2605755894590846
bred_vector_winter,1,20,120.0,q200,-9.743118425831199e-05,0.0006346103618852794,233276,1038240,0.2246840807520419
bred_vector_winter,1,20,120.0,q250,-0.00044614935177378356,0.001466164831072092,229814,1038240,0.2213495916165819
bred_vector_winter,1,20,120.0,q300,-0.0008326893439516425,0.0032436896581202745,154027,1038240,0.1483539451379257
bred_vector_winter,1,20,120.0,q400,-0.00400284631177783,0.009805560111999512,215796,1038240,0.20784789644012944
bred_vector_winter,1,20,120.0,q500,-0.008293583989143372,0.016590440645813942,172278,1038240,0.16593273231622746
bred_vector_winter,1,20,120.0,q600,-0.021895188838243484,0.023252639919519424,253420,1038240,0.2440861457851749
bred_vector_winter,1,20,120.0,q700,-0.03227714076638222,0.03263132646679878,279940,1038240,0.2696293727847126
bred_vector_winter,1,20,120.0,q850,-0.019920479506254196,0.030156809836626053,122222,1038240,0.11772037293881954
bred_vector_winter,1,20,120.0,q925,-0.021058417856693268,0.031241031363606453,82414,1038240,0.07937856372322391
bred_vector_winter,1,20,120.0,q1000,-0.02045666240155697,0.03271760046482086,67354,1038240,0.0648732470334412
bred_vector_winter,2,0,0.0,u10m,-36.23077392578125,30.72288703918457,0,1038240,0.0
bred_vector_winter,2,0,0.0,v10m,-31.52910804748535,39.568511962890625,0,1038240,0.0
bred_vector_winter,2,0,0.0,u100m,-45.49277114868164,36.02983856201172,0,1038240,0.0
bred_vector_winter,2,0,0.0,v100m,-38.44229507446289,48.47773742675781,0,1038240,0.0
bred_vector_winter,2,0,0.0,t2m,229.3626708984375,313.4376525878906,0,1038240,0.0
bred_vector_winter,2,0,0.0,sp,49741.1953125,108913.6015625,0,1038240,0.0
bred_vector_winter,2,0,0.0,msl,95798.3125,106889.421875,0,1038240,0.0
bred_vector_winter,2,0,0.0,tcwv,-4.026829242706299,127.75397491455078,12147,1038240,0.01169960702727693
bred_vector_winter,2,0,0.0,u50,-44.13200378417969,53.210391998291016,0,1038240,0.0
bred_vector_winter,2,0,0.0,u100,-39.725154876708984,62.724857330322266,0,1038240,0.0
bred_vector_winter,2,0,0.0,u150,-35.43265914916992,87.12762451171875,0,1038240,0.0
bred_vector_winter,2,0,0.0,u200,-53.69013214111328,97.46259307861328,0,1038240,0.0
bred_vector_winter,2,0,0.0,u250,-71.53591918945312,107.43565368652344,0,1038240,0.0
bred_vector_winter,2,0,0.0,u300,-68.98664855957031,99.77237701416016,0,1038240,0.0
bred_vector_winter,2,0,0.0,u400,-58.91630935668945,87.21107482910156,0,1038240,0.0
bred_vector_winter,2,0,0.0,u500,-53.322723388671875,65.90233612060547,0,1038240,0.0
bred_vector_winter,2,0,0.0,u600,-48.7266731262207,49.03139114379883,0,1038240,0.0
bred_vector_winter,2,0,0.0,u700,-51.377323150634766,49.95539093017578,0,1038240,0.0
bred_vector_winter,2,0,0.0,u850,-50.020103454589844,41.93603515625,0,1038240,0.0
bred_vector_winter,2,0,0.0,u925,-51.19212341308594,37.60663986206055,0,1038240,0.0
bred_vector_winter,2,0,0.0,u1000,-35.60396957397461,28.679149627685547,0,1038240,0.0
bred_vector_winter,2,0,0.0,v50,-46.39546203613281,35.20845413208008,0,1038240,0.0
bred_vector_winter,2,0,0.0,v100,-36.55159378051758,28.614301681518555,0,1038240,0.0
bred_vector_winter,2,0,0.0,v150,-48.464744567871094,48.560359954833984,0,1038240,0.0
bred_vector_winter,2,0,0.0,v200,-65.56060028076172,62.0842170715332,0,1038240,0.0
bred_vector_winter,2,0,0.0,v250,-73.3392562866211,71.89881896972656,0,1038240,0.0
bred_vector_winter,2,0,0.0,v300,-74.92859649658203,71.1128158569336,0,1038240,0.0
bred_vector_winter,2,0,0.0,v400,-61.41241455078125,59.391845703125,0,1038240,0.0
bred_vector_winter,2,0,0.0,v500,-49.52507019042969,45.82908630371094,0,1038240,0.0
bred_vector_winter,2,0,0.0,v600,-37.78561019897461,41.24708938598633,0,1038240,0.0
bred_vector_winter,2,0,0.0,v700,-38.72098922729492,48.34017562866211,0,1038240,0.0
bred_vector_winter,2,0,0.0,v850,-37.46441650390625,52.63426971435547,0,1038240,0.0
bred_vector_winter,2,0,0.0,v925,-40.44816207885742,55.225181579589844,0,1038240,0.0
bred_vector_winter,2,0,0.0,v1000,-29.568302154541016,38.089813232421875,0,1038240,0.0
bred_vector_winter,2,0,0.0,z50,187641.9375,212667.296875,0,1038240,0.0
bred_vector_winter,2,0,0.0,z100,150561.765625,170227.84375,0,1038240,0.0
bred_vector_winter,2,0,0.0,z150,126571.5546875,148174.0,0,1038240,0.0
bred_vector_winter,2,0,0.0,z200,108795.671875,129412.2734375,0,1038240,0.0
bred_vector_winter,2,0,0.0,z250,93998.3671875,114056.609375,0,1038240,0.0
bred_vector_winter,2,0,0.0,z300,81951.765625,100465.390625,0,1038240,0.0
bred_vector_winter,2,0,0.0,z400,62985.4609375,78091.359375,0,1038240,0.0
bred_vector_winter,2,0,0.0,z500,48064.0859375,60106.78125,0,1038240,0.0
bred_vector_winter,2,0,0.0,z600,35704.25390625,45276.5703125,0,1038240,0.0
bred_vector_winter,2,0,0.0,z700,25106.826171875,33576.02734375,0,1038240,0.0
bred_vector_winter,2,0,0.0,z850,9887.3232421875,18375.830078125,0,1038240,0.0
bred_vector_winter,2,0,0.0,z925,2998.1298828125,11553.0185546875,0,1038240,0.0
bred_vector_winter,2,0,0.0,z1000,-3378.057373046875,5239.15087890625,0,1038240,0.0
bred_vector_winter,2,0,0.0,t50,169.24819946289062,245.52415466308594,0,1038240,0.0
bred_vector_winter,2,0,0.0,t100,161.81288146972656,258.458740234375,0,1038240,0.0
bred_vector_winter,2,0,0.0,t150,198.7000274658203,245.88134765625,0,1038240,0.0
bred_vector_winter,2,0,0.0,t200,205.13259887695312,244.44857788085938,0,1038240,0.0
bred_vector_winter,2,0,0.0,t250,212.65267944335938,257.8439025878906,0,1038240,0.0
bred_vector_winter,2,0,0.0,t300,214.3124542236328,268.4434814453125,0,1038240,0.0
bred_vector_winter,2,0,0.0,t400,224.83303833007812,280.81756591796875,0,1038240,0.0
bred_vector_winter,2,0,0.0,t500,230.9529571533203,285.6277770996094,0,1038240,0.0
bred_vector_winter,2,0,0.0,t600,236.55352783203125,291.2436828613281,0,1038240,0.0
bred_vector_winter,2,0,0.0,t700,238.31854248046875,300.32403564453125,0,1038240,0.0
bred_vector_winter,2,0,0.0,t850,234.10462951660156,309.52935791015625,0,1038240,0.0
bred_vector_winter,2,0,0.0,t925,233.71543884277344,312.2540588378906,0,1038240,0.0
bred_vector_winter,2,0,0.0,t1000,230.34735107421875,316.0464782714844,0,1038240,0.0
bred_vector_winter,2,0,0.0,q50,-7.925388490548357e-05,8.151370275299996e-05,457826,1038240,0.44096355370627216
bred_vector_winter,2,0,0.0,q100,-3.377356188138947e-05,4.4550302845891565e-05,466339,1038240,0.44916300662659886
bred_vector_winter,2,0,0.0,q150,-1.4524182915920392e-05,7.719153654761612e-05,119050,1038240,0.11466520265063955
bred_vector_winter,2,0,0.0,q200,-9.243019121640828e-06,0.00026630089269019663,1962,1038240,0.001889736477115118
bred_vector_winter,2,0,0.0,q250,-3.289118831162341e-05,0.00091869558673352,7237,1038240,0.006970449992294653
bred_vector_winter,2,0,0.0,q300,1.4846518752165139e-05,0.002192014129832387,0,1038240,0.0
bred_vector_winter,2,0,0.0,q400,-0.0002007064176723361,0.005838305689394474,4162,1038240,0.004008707042687625
bred_vector_winter,2,0,0.0,q500,-8.639701263746247e-05,0.009983880445361137,767,1038240,0.0007387501926336878
bred_vector_winter,2,0,0.0,q600,-0.002590941032394767,0.015284128487110138,13335,1038240,0.012843851132686084
bred_vector_winter,2,0,0.0,q700,-0.004057497251778841,0.01994246244430542,13801,1038240,0.013292687625211897
bred_vector_winter,2,0,0.0,q850,-0.000554860511329025,0.0278678759932518,1415,1038240,0.0013628833410386809
bred_vector_winter,2,0,0.0,q925,7.943640230223536e-05,0.030971543863415718,0,1038240,0.0
bred_vector_winter,2,0,0.0,q1000,0.0002177955029765144,0.035556502640247345,0,1038240,0.0
bred_vector_winter,2,1,6.0,u10m,-24.23291778564453,19.358217239379883,0,1038240,0.0
bred_vector_winter,2,1,6.0,v10m,-22.167346954345703,20.19948959350586,0,1038240,0.0
bred_vector_winter,2,1,6.0,u100m,-31.61933135986328,23.84827423095703,0,1038240,0.0
bred_vector_winter,2,1,6.0,v100m,-26.387121200561523,23.74639129638672,0,1038240,0.0
bred_vector_winter,2,1,6.0,t2m,236.26934814453125,313.3246154785156,0,1038240,0.0
bred_vector_winter,2,1,6.0,sp,49097.2421875,108331.703125,0,1038240,0.0
bred_vector_winter,2,1,6.0,msl,96564.03125,104975.46875,0,1038240,0.0
bred_vector_winter,2,1,6.0,tcwv,-2.7735443115234375,135.00009155273438,10129,1038240,0.009755933117583602
bred_vector_winter,2,1,6.0,u50,-60.57105255126953,60.84476852416992,0,1038240,0.0
bred_vector_winter,2,1,6.0,u100,-58.15526580810547,67.06484985351562,0,1038240,0.0
bred_vector_winter,2,1,6.0,u150,-62.07103729248047,99.60868072509766,0,1038240,0.0
bred_vector_winter,2,1,6.0,u200,-72.68282318115234,121.97952270507812,0,1038240,0.0
bred_vector_winter,2,1,6.0,u250,-79.67143249511719,121.06904602050781,0,1038240,0.0
bred_vector_winter,2,1,6.0,u300,-80.17806243896484,104.48173522949219,0,1038240,0.0
bred_vector_winter,2,1,6.0,u400,-45.72582244873047,87.46665954589844,0,1038240,0.0
bred_vector_winter,2,1,6.0,u500,-40.64883041381836,65.07372283935547,0,1038240,0.0
bred_vector_winter,2,1,6.0,u600,-40.29340744018555,44.17362594604492,0,1038240,0.0
bred_vector_winter,2,1,6.0,u700,-34.789772033691406,43.8393669128418,0,1038240,0.0
bred_vector_winter,2,1,6.0,u850,-35.22874069213867,40.15248107910156,0,1038240,0.0
bred_vector_winter,2,1,6.0,u925,-33.29474639892578,32.365665435791016,0,1038240,0.0
bred_vector_winter,2,1,6.0,u1000,-24.47459602355957,22.967832565307617,0,1038240,0.0
bred_vector_winter,2,1,6.0,v50,-47.55849075317383,36.48111343383789,0,1038240,0.0
bred_vector_winter,2,1,6.0,v100,-35.96254348754883,44.29933166503906,0,1038240,0.0
bred_vector_winter,2,1,6.0,v150,-40.05178451538086,55.207576751708984,0,1038240,0.0
bred_vector_winter,2,1,6.0,v200,-57.47907257080078,63.75910949707031,0,1038240,0.0
bred_vector_winter,2,1,6.0,v250,-69.94843292236328,71.2168197631836,0,1038240,0.0
bred_vector_winter,2,1,6.0,v300,-59.46395492553711,65.30388641357422,0,1038240,0.0
bred_vector_winter,2,1,6.0,v400,-43.53583908081055,48.52178955078125,0,1038240,0.0
bred_vector_winter,2,1,6.0,v500,-39.56989288330078,33.90304946899414,0,1038240,0.0
bred_vector_winter,2,1,6.0,v600,-33.99291229248047,34.6346321105957,0,1038240,0.0
bred_vector_winter,2,1,6.0,v700,-26.770450592041016,29.492395401000977,0,1038240,0.0
bred_vector_winter,2,1,6.0,v850,-28.286176681518555,23.907840728759766,0,1038240,0.0
bred_vector_winter,2,1,6.0,v925,-31.297378540039062,24.219072341918945,0,1038240,0.0
bred_vector_winter,2,1,6.0,v1000,-20.83236312866211,23.836536407470703,0,1038240,0.0
bred_vector_winter,2,1,6.0,z50,188271.984375,211814.625,0,1038240,0.0
bred_vector_winter,2,1,6.0,z100,151128.375,169479.25,0,1038240,0.0
bred_vector_winter,2,1,6.0,z150,126337.09375,146761.828125,0,1038240,0.0
bred_vector_winter,2,1,6.0,z200,108552.4609375,127909.3515625,0,1038240,0.0
bred_vector_winter,2,1,6.0,z250,93700.2890625,112296.125,0,1038240,0.0
bred_vector_winter,2,1,6.0,z300,81619.96875,99258.8984375,0,1038240,0.0
bred_vector_winter,2,1,6.0,z400,62874.2109375,77592.3671875,0,1038240,0.0
bred_vector_winter,2,1,6.0,z500,48406.90625,60096.3828125,0,1038240,0.0
bred_vector_winter,2,1,6.0,z600,36273.16015625,45597.640625,0,1038240,0.0
bred_vector_winter,2,1,6.0,z700,24677.77734375,33194.92578125,0,1038240,0.0
bred_vector_winter,2,1,6.0,z850,9643.763671875,17049.822265625,0,1038240,0.0
bred_vector_winter,2,1,6.0,z925,2973.73046875,10184.8154296875,0,1038240,0.0
bred_vector_winter,2,1,6.0,z1000,-3063.4794921875,3915.55029296875,0,1038240,0.0
bred_vector_winter,2,1,6.0,t50,166.5174560546875,245.73318481445312,0,1038240,0.0
bred_vector_winter,2,1,6.0,t100,164.14593505859375,265.7939758300781,0,1038240,0.0
bred_vector_winter,2,1,6.0,t150,197.96588134765625,249.35159301757812,0,1038240,0.0
bred_vector_winter,2,1,6.0,t200,203.1542205810547,244.84815979003906,0,1038240,0.0
bred_vector_winter,2,1,6.0,t250,209.37161254882812,257.9729919433594,0,1038240,0.0
bred_vector_winter,2,1,6.0,t300,216.46304321289062,266.56640625,0,1038240,0.0
bred_vector_winter,2,1,6.0,t400,223.2996063232422,277.389404296875,0,1038240,0.0
bred_vector_winter,2,1,6.0,t500,225.3579559326172,284.7511901855469,0,1038240,0.0
bred_vector_winter,2,1,6.0,t600,230.25540161132812,290.9173278808594,0,1038240,0.0
bred_vector_winter,2,1,6.0,t700,238.65341186523438,296.4187927246094,0,1038240,0.0
bred_vector_winter,2,1,6.0,t850,241.26368713378906,309.00762939453125,0,1038240,0.0
bred_vector_winter,2,1,6.0,t925,239.87855529785156,313.2600402832031,0,1038240,0.0
bred_vector_winter,2,1,6.0,t1000,239.86085510253906,315.6822204589844,0,1038240,0.0
bred_vector_winter,2,1,6.0,q50,-7.785658817738295e-05,8.01481437520124e-05,457369,1038240,0.4405233857296964
bred_vector_winter,2,1,6.0,q100,-3.174477751599625e-05,4.308919596951455e-05,460236,1038240,0.44328478964401297
bred_vector_winter,2,1,6.0,q150,-2.0224018953740597e-05,6.816697714384645e-05,207533,1038240,0.1998892356295269
bred_vector_winter,2,1,6.0,q200,-3.243648825446144e-05,0.00035258239950053394,23148,1038240,0.022295423023578363
bred_vector_winter,2,1,6.0,q250,-0.00015953139518387616,0.0013430578401312232,49624,1038240,0.047796270611804595
bred_vector_winter,2,1,6.0,q300,-0.0003435158869251609,0.002800004556775093,15129,1038240,0.014571775312066574
bred_vector_winter,2,1,6.0,q400,-0.0006697027711197734,0.007304164115339518,28819,1038240,0.027757551240560948
bred_vector_winter,2,1,6.0,q500,-0.0017611233051866293,0.012205259874463081,17982,1038240,0.017319694868238558
bred_vector_winter,2,1,6.0,q600,-0.0038622808642685413,0.01606716401875019,27541,1038240,0.026526621975651102
bred_vector_winter,2,1,6.0,q700,-0.005706076044589281,0.026692021638154984,33882,1038240,0.032634073046694405
bred_vector_winter,2,1,6.0,q850,-0.002237260341644287,0.028405960649251938,4440,1038240,0.0042764678687008785
bred_vector_winter,2,1,6.0,q925,-0.0008975910022854805,0.03140263259410858,728,1038240,0.0007011866235167206
bred_vector_winter,2,1,6.0,q1000,-0.0009785383008420467,0.033168792724609375,274,1038240,0.0002639081522576668
bred_vector_winter,2,2,12.0,u10m,-20.694589614868164,19.53628158569336,0,1038240,0.0
bred_vector_winter,2,2,12.0,v10m,-18.18023109436035,20.378509521484375,0,1038240,0.0
bred_vector_winter,2,2,12.0,u100m,-26.886117935180664,23.90789031982422,0,1038240,0.0
bred_vector_winter,2,2,12.0,v100m,-22.72823143005371,23.8216552734375,0,1038240,0.0
bred_vector_winter,2,2,12.0,t2m,236.67044067382812,312.6076965332031,0,1038240,0.0
bred_vector_winter,2,2,12.0,sp,48834.42578125,107972.625,0,1038240,0.0
bred_vector_winter,2,2,12.0,msl,95966.4609375,105418.234375,0,1038240,0.0
bred_vector_winter,2,2,12.0,tcwv,-14.322580337524414,132.70899963378906,15809,1038240,0.015226729850516258
bred_vector_winter,2,2,12.0,u50,-74.37094116210938,76.22999572753906,0,1038240,0.0
bred_vector_winter,2,2,12.0,u100,-81.81986999511719,80.73392486572266,0,1038240,0.0
bred_vector_winter,2,2,12.0,u150,-67.99172973632812,109.88298034667969,0,1038240,0.0
bred_vector_winter,2,2,12.0,u200,-90.94108581542969,118.04658508300781,0,1038240,0.0
bred_vector_winter,2,2,12.0,u250,-87.00157165527344,133.46041870117188,0,1038240,0.0
bred_vector_winter,2,2,12.0,u300,-79.68282318115234,115.81501007080078,0,1038240,0.0
bred_vector_winter,2,2,12.0,u400,-72.06063079833984,93.79786682128906,0,1038240,0.0
bred_vector_winter,2,2,12.0,u500,-55.937744140625,65.75511932373047,0,1038240,0.0
bred_vector_winter,2,2,12.0,u600,-46.357696533203125,54.79814147949219,0,1038240,0.0
bred_vector_winter,2,2,12.0,u700,-35.113128662109375,44.13056564331055,0,1038240,0.0
bred_vector_winter,2,2,12.0,u850,-36.07859802246094,37.584693908691406,0,1038240,0.0
bred_vector_winter,2,2,12.0,u925,-30.884445190429688,40.42751693725586,0,1038240,0.0
bred_vector_winter,2,2,12.0,u1000,-21.40859603881836,26.594585418701172,0,1038240,0.0
bred_vector_winter,2,2,12.0,v50,-68.96912384033203,51.62742614746094,0,1038240,0.0
bred_vector_winter,2,2,12.0,v100,-65.64688873291016,55.41846466064453,0,1038240,0.0
bred_vector_winter,2,2,12.0,v150,-50.79387664794922,56.74201202392578,0,1038240,0.0
bred_vector_winter,2,2,12.0,v200,-68.43075561523438,105.36665344238281,0,1038240,0.0
bred_vector_winter,2,2,12.0,v250,-46.43584442138672,65.63742065429688,0,1038240,0.0
bred_vector_winter,2,2,12.0,v300,-46.389408111572266,62.01701736450195,0,1038240,0.0
bred_vector_winter,2,2,12.0,v400,-44.668243408203125,46.13821792602539,0,1038240,0.0
bred_vector_winter,2,2,12.0,v500,-43.7155876159668,43.6676025390625,0,1038240,0.0
bred_vector_winter,2,2,12.0,v600,-46.6368522644043,41.04939270019531,0,1038240,0.0
bred_vector_winter,2,2,12.0,v700,-41.10737991333008,36.947017669677734,0,1038240,0.0
bred_vector_winter,2,2,12.0,v850,-29.58417320251465,27.276920318603516,0,1038240,0.0
bred_vector_winter,2,2,12.0,v925,-27.554189682006836,23.01348876953125,0,1038240,0.0
bred_vector_winter,2,2,12.0,v1000,-18.717758178710938,20.4554500579834,0,1038240,0.0
bred_vector_winter,2,2,12.0,z50,188542.59375,211570.125,0,1038240,0.0
bred_vector_winter,2,2,12.0,z100,151126.734375,168933.53125,0,1038240,0.0
bred_vector_winter,2,2,12.0,z150,125985.6953125,145837.125,0,1038240,0.0
bred_vector_winter,2,2,12.0,z200,108410.09375,127115.8125,0,1038240,0.0
bred_vector_winter,2,2,12.0,z250,93886.0,112120.8203125,0,1038240,0.0
bred_vector_winter,2,2,12.0,z300,82138.296875,99007.3046875,0,1038240,0.0
bred_vector_winter,2,2,12.0,z400,62944.5625,77658.328125,0,1038240,0.0
bred_vector_winter,2,2,12.0,z500,47964.1953125,60441.37109375,0,1038240,0.0
bred_vector_winter,2,2,12.0,z600,35916.7421875,45756.2265625,0,1038240,0.0
bred_vector_winter,2,2,12.0,z700,24645.78515625,33436.046875,0,1038240,0.0
bred_vector_winter,2,2,12.0,z850,9322.359375,17540.939453125,0,1038240,0.0
bred_vector_winter,2,2,12.0,z925,2596.7666015625,10717.904296875,0,1038240,0.0
bred_vector_winter,2,2,12.0,z1000,-3529.30810546875,4351.02490234375,0,1038240,0.0
bred_vector_winter,2,2,12.0,t50,162.28387451171875,246.6775665283203,0,1038240,0.0
bred_vector_winter,2,2,12.0,t100,164.45928955078125,270.9695129394531,0,1038240,0.0
bred_vector_winter,2,2,12.0,t150,194.49961853027344,252.8311767578125,0,1038240,0.0
bred_vector_winter,2,2,12.0,t200,203.3110809326172,244.5205535888672,0,1038240,0.0
bred_vector_winter,2,2,12.0,t250,207.48098754882812,260.5511474609375,0,1038240,0.0
bred_vector_winter,2,2,12.0,t300,213.82522583007812,266.5372314453125,0,1038240,0.0
bred_vector_winter,2,2,12.0,t400,223.8492431640625,275.9241943359375,0,1038240,0.0
bred_vector_winter,2,2,12.0,t500,228.1009979248047,283.80877685546875,0,1038240,0.0
bred_vector_winter,2,2,12.0,t600,221.60211181640625,291.0329284667969,0,1038240,0.0
bred_vector_winter,2,2,12.0,t700,234.68521118164062,299.4136657714844,0,1038240,0.0
bred_vector_winter,2,2,12.0,t850,239.55722045898438,306.30389404296875,0,1038240,0.0
bred_vector_winter,2,2,12.0,t925,239.87225341796875,311.39251708984375,0,1038240,0.0
bred_vector_winter,2,2,12.0,t1000,242.16748046875,316.48443603515625,0,1038240,0.0
bred_vector_winter,2,2,12.0,q50,-7.648766040802002e-05,7.88466859376058e-05,456897,1038240,0.44006877022653723
bred_vector_winter,2,2,12.0,q100,-2.9794678994221613e-05,4.155085116508417e-05,451266,1038240,0.4346451687471105
bred_vector_winter,2,2,12.0,q150,-2.7295263862470165e-05,7.298438140423968e-05,245254,1038240,0.23622091231314532
bred_vector_winter,2,2,12.0,q200,-7.578465738333762e-05,0.000475678825750947,124692,1038240,0.12009939898289412
bred_vector_winter,2,2,12.0,q250,-0.00020800250058528036,0.0015816774684935808,108470,1038240,0.10447488056711357
bred_vector_winter,2,2,12.0,q300,-0.00026396644534543157,0.00330781820230186,47051,1038240,0.045318038218523655
bred_vector_winter,2,2,12.0,q400,-0.001136866514571011,0.007723767776042223,80207,1038240,0.07725285097857913
bred_vector_winter,2,2,12.0,q500,-0.0027349272277206182,0.012972978875041008,48764,1038240,0.04696794575435352
bred_vector_winter,2,2,12.0,q600,-0.006881993263959885,0.01698807068169117,59013,1038240,0.056839459084604714
bred_vector_winter,2,2,12.0,q700,-0.0089400764554739,0.027259550988674164,68024,1038240,0.06551856988750193
bred_vector_winter,2,2,12.0,q850,-0.004332081880420446,0.02865191549062729,11511,1038240,0.011087031900138697
bred_vector_winter,2,2,12.0,q925,-0.003504116553813219,0.03146742656826973,3490,1038240,0.003361457851749114
bred_vector_winter,2,2,12.0,q1000,-0.0016810470260679722,0.03290857747197151,1686,1038240,0.0016239019879796578
bred_vector_winter,2,3,18.0,u10m,-25.950693130493164,21.554536819458008,0,1038240,0.0
bred_vector_winter,2,3,18.0,v10m,-19.58970069885254,19.936546325683594,0,1038240,0.0
bred_vector_winter,2,3,18.0,u100m,-31.190183639526367,30.310564041137695,0,1038240,0.0
bred_vector_winter,2,3,18.0,v100m,-25.97275733947754,24.1684627532959,0,1038240,0.0
bred_vector_winter,2,3,18.0,t2m,240.86282348632812,314.15521240234375,0,1038240,0.0
bred_vector_winter,2,3,18.0,sp,48654.453125,107269.9921875,0,1038240,0.0
bred_vector_winter,2,3,18.0,msl,95545.421875,105939.46875,0,1038240,0.0
bred_vector_winter,2,3,18.0,tcwv,-18.092214584350586,122.32193756103516,26595,1038240,0.025615464632454923
bred_vector_winter,2,3,18.0,u50,-78.13448333740234,85.9967041015625,0,1038240,0.0
bred_vector_winter,2,3,18.0,u100,-84.58990478515625,92.02014923095703,0,1038240,0.0
bred_vector_winter,2,3,18.0,u150,-72.46443176269531,117.15979766845703,0,1038240,0.0
bred_vector_winter,2,3,18.0,u200,-111.08326721191406,140.35316467285156,0,1038240,0.0
bred_vector_winter,2,3,18.0,u250,-111.63520812988281,127.61904907226562,0,1038240,0.0
bred_vector_winter,2,3,18.0,u300,-127.89451599121094,101.05430603027344,0,1038240,0.0
bred_vector_winter,2,3,18.0,u400,-125.4686279296875,80.81973266601562,0,1038240,0.0
bred_vector_winter,2,3,18.0,u500,-66.67366027832031,60.90290451049805,0,1038240,0.0
bred_vector_winter,2,3,18.0,u600,-60.381866455078125,57.37390899658203,0,1038240,0.0
bred_vector_winter,2,3,18.0,u700,-48.38972473144531,50.47584533691406,0,1038240,0.0
bred_vector_winter,2,3,18.0,u850,-41.8441162109375,44.944618225097656,0,1038240,0.0
bred_vector_winter,2,3,18.0,u925,-42.046932220458984,36.58975601196289,0,1038240,0.0
bred_vector_winter,2,3,18.0,u1000,-25.966951370239258,26.627769470214844,0,1038240,0.0
bred_vector_winter,2,3,18.0,v50,-66.06224060058594,52.73632049560547,0,1038240,0.0
bred_vector_winter,2,3,18.0,v100,-63.77495574951172,54.004703521728516,0,1038240,0.0
bred_vector_winter,2,3,18.0,v150,-53.74707794189453,60.91085433959961,0,1038240,0.0
bred_vector_winter,2,3,18.0,v200,-63.75413513183594,94.09432220458984,0,1038240,0.0
bred_vector_winter,2,3,18.0,v250,-54.8465690612793,70.64443969726562,0,1038240,0.0
bred_vector_winter,2,3,18.0,v300,-46.280338287353516,63.32160568237305,0,1038240,0.0
bred_vector_winter,2,3,18.0,v400,-65.9213638305664,50.008235931396484,0,1038240,0.0
bred_vector_winter,2,3,18.0,v500,-48.52779006958008,48.99697494506836,0,1038240,0.0
bred_vector_winter,2,3,18.0,v600,-45.18428039550781,51.36567306518555,0,1038240,0.0
bred_vector_winter,2,3,18.0,v700,-61.685874938964844,42.648345947265625,0,1038240,0.0
bred_vector_winter,2,3,18.0,v850,-35.383792877197266,28.68886375427246,0,1038240,0.0
bred_vector_winter,2,3,18.0,v925,-26.325485229492188,25.69651222229004,0,1038240,0.0
bred_vector_winter,2,3,18.0,v1000,-20.726221084594727,22.690065383911133,0,1038240,0.0
bred_vector_winter,2,3,18.0,z50,188805.75,212226.390625,0,1038240,0.0
bred_vector_winter,2,3,18.0,z100,150723.78125,168061.640625,0,1038240,0.0
bred_vector_winter,2,3,18.0,z150,125818.5625,144955.5,0,1038240,0.0
bred_vector_winter,2,3,18.0,z200,108195.578125,126946.53125,0,1038240,0.0
bred_vector_winter,2,3,18.0,z250,94095.2265625,112468.640625,0,1038240,0.0
bred_vector_winter,2,3,18.0,z300,82302.3671875,99576.5625,0,1038240,0.0
bred_vector_winter,2,3,18.0,z400,62478.6171875,78165.1015625,0,1038240,0.0
bred_vector_winter,2,3,18.0,z500,47437.8671875,60838.5703125,0,1038240,0.0
bred_vector_winter,2,3,18.0,z600,34974.46875,46056.1328125,0,1038240,0.0
bred_vector_winter,2,3,18.0,z700,24311.341796875,33770.8125,0,1038240,0.0
bred_vector_winter,2,3,18.0,z850,9324.08203125,18051.4765625,0,1038240,0.0
bred_vector_winter,2,3,18.0,z925,2443.72265625,11177.140625,0,1038240,0.0
bred_vector_winter,2,3,18.0,z1000,-3854.015625,4784.78564453125,0,1038240,0.0
bred_vector_winter,2,3,18.0,t50,153.22695922851562,247.00384521484375,0,1038240,0.0
bred_vector_winter,2,3,18.0,t100,161.7169952392578,272.6125183105469,0,1038240,0.0
bred_vector_winter,2,3,18.0,t150,192.50828552246094,255.08460998535156,0,1038240,0.0
bred_vector_winter,2,3,18.0,t200,200.74037170410156,247.83338928222656,0,1038240,0.0
bred_vector_winter,2,3,18.0,t250,206.2947235107422,259.9970397949219,0,1038240,0.0
bred_vector_winter,2,3,18.0,t300,212.6726531982422,267.7396545410156,0,1038240,0.0
bred_vector_winter,2,3,18.0,t400,224.02560424804688,274.6273498535156,0,1038240,0.0
bred_vector_winter,2,3,18.0,t500,226.2055206298828,284.9753112792969,0,1038240,0.0
bred_vector_winter,2,3,18.0,t600,224.45184326171875,292.58416748046875,0,1038240,0.0
bred_vector_winter,2,3,18.0,t700,233.08819580078125,301.90606689453125,0,1038240,0.0
bred_vector_winter,2,3,18.0,t850,240.83273315429688,312.3685302734375,0,1038240,0.0
bred_vector_winter,2,3,18.0,t925,238.2813262939453,312.92840576171875,0,1038240,0.0
bred_vector_winter,2,3,18.0,t1000,243.61563110351562,315.0130615234375,0,1038240,0.0
bred_vector_winter,2,3,18.0,q50,-7.512092270189896e-05,7.755929982522503e-05,456426,1038240,0.4396151178918169
bred_vector_winter,2,3,18.0,q100,-2.8348571504466236e-05,4.034389348817058e-05,444631,1038240,0.4282545461550316
bred_vector_winter,2,3,18.0,q150,-2.952522481791675e-05,8.367234113393351e-05,257633,1038240,0.24814397441824626
bred_vector_winter,2,3,18.0,q200,-9.231128206010908e-05,0.000479115144116804,181091,1038240,0.17442113576822316
bred_vector_winter,2,3,18.0,q250,-0.00027893975493498147,0.001694937003776431,160517,1038240,0.1546049083063646
bred_vector_winter,2,3,18.0,q300,-0.00040355566306971014,0.0031833788380026817,84758,1038240,0.08163623054399753
bred_vector_winter,2,3,18.0,q400,-0.0018769215093925595,0.0075005278922617435,119724,1038240,0.11531437817845584
bred_vector_winter,2,3,18.0,q500,-0.0026279177982360125,0.013310965150594711,78151,1038240,0.07527257666820773
bred_vector_winter,2,3,18.0,q600,-0.009336353279650211,0.018267832696437836,95997,1038240,0.09246128062875636
bred_vector_winter,2,3,18.0,q700,-0.01230473443865776,0.024557676166296005,105103,1038240,0.10123189243334875
bred_vector_winter,2,3,18.0,q850,-0.009575612843036652,0.02747468836605549,28268,1038240,0.027226845430728924
bred_vector_winter,2,3,18.0,q925,-0.005785949993878603,0.030025286599993706,9278,1038240,0.008936276776082601
bred_vector_winter,2,3,18.0,q1000,-0.004811411257833242,0.03091113269329071,7715,1038240,0.007430844506087225
bred_vector_winter,2,4,24.0,u10m,-35.92060089111328,22.34609031677246,0,1038240,0.0
bred_vector_winter,2,4,24.0,v10m,-18.133317947387695,16.753454208374023,0,1038240,0.0
bred_vector_winter,2,4,24.0,u100m,-43.915306091308594,25.216880798339844,0,1038240,0.0
bred_vector_winter,2,4,24.0,v100m,-23.23698616027832,21.58287239074707,0,1038240,0.0
bred_vector_winter,2,4,24.0,t2m,236.82208251953125,317.0854797363281,0,1038240,0.0
bred_vector_winter,2,4,24.0,sp,47901.40625,106643.3671875,0,1038240,0.0
bred_vector_winter,2,4,24.0,msl,94830.96875,106356.046875,0,1038240,0.0
bred_vector_winter,2,4,24.0,tcwv,-18.429407119750977,113.80052185058594,42487,1038240,0.0409221374633996
bred_vector_winter,2,4,24.0,u50,-80.12923431396484,84.25579071044922,0,1038240,0.0
bred_vector_winter,2,4,24.0,u100,-84.81848907470703,88.21185302734375,0,1038240,0.0
bred_vector_winter,2,4,24.0,u150,-79.46717071533203,116.12548065185547,0,1038240,0.0
bred_vector_winter,2,4,24.0,u200,-136.70594787597656,138.76980590820312,0,1038240,0.0
bred_vector_winter,2,4,24.0,u250,-143.15499877929688,114.75663757324219,0,1038240,0.0
bred_vector_winter,2,4,24.0,u300,-172.064697265625,107.72576141357422,208,1038240,0.0002003390352904916
bred_vector_winter,2,4,24.0,u400,-139.90895080566406,78.3663330078125,0,1038240,0.0
bred_vector_winter,2,4,24.0,u500,-67.85093688964844,67.57120513916016,0,1038240,0.0
bred_vector_winter,2,4,24.0,u600,-66.64252471923828,63.5338249206543,0,1038240,0.0
bred_vector_winter,2,4,24.0,u700,-54.11307907104492,53.871150970458984,0,1038240,0.0
bred_vector_winter,2,4,24.0,u850,-54.05182647705078,39.414676666259766,0,1038240,0.0
bred_vector_winter,2,4,24.0,u925,-47.12287521362305,32.97981643676758,0,1038240,0.0
bred_vector_winter,2,4,24.0,u1000,-37.13285446166992,24.215755462646484,0,1038240,0.0
bred_vector_winter,2,4,24.0,v50,-59.741878509521484,55.10783004760742,0,1038240,0.0
bred_vector_winter,2,4,24.0,v100,-68.9279556274414,58.907291412353516,0,1038240,0.0
bred_vector_winter,2,4,24.0,v150,-73.99815368652344,49.151527404785156,0,1038240,0.0
bred_vector_winter,2,4,24.0,v200,-60.352596282958984,89.09406280517578,0,1038240,0.0
bred_vector_winter,2,4,24.0,v250,-54.90879440307617,69.34296417236328,0,1038240,0.0
bred_vector_winter,2,4,24.0,v300,-61.22639846801758,79.21003723144531,0,1038240,0.0
bred_vector_winter,2,4,24.0,v400,-52.55192184448242,53.56446838378906,0,1038240,0.0
bred_vector_winter,2,4,24.0,v500,-50.240020751953125,44.69111633300781,0,1038240,0.0
bred_vector_winter,2,4,24.0,v600,-57.6230354309082,48.00661087036133,0,1038240,0.0
bred_vector_winter,2,4,24.0,v700,-51.39834976196289,47.66918182373047,0,1038240,0.0
bred_vector_winter,2,4,24.0,v850,-38.28817367553711,27.849063873291016,0,1038240,0.0
bred_vector_winter,2,4,24.0,v925,-31.168636322021484,27.026309967041016,0,1038240,0.0
bred_vector_winter,2,4,24.0,v1000,-21.340211868286133,21.47690200805664,0,1038240,0.0
bred_vector_winter,2,4,24.0,z50,188993.359375,213046.203125,0,1038240,0.0
bred_vector_winter,2,4,24.0,z100,150470.765625,168177.5,0,1038240,0.0
bred_vector_winter,2,4,24.0,z150,125617.3359375,145422.859375,0,1038240,0.0
bred_vector_winter,2,4,24.0,z200,108002.8984375,127193.5078125,0,1038240,0.0
bred_vector_winter,2,4,24.0,z250,93643.8828125,112504.625,0,1038240,0.0
bred_vector_winter,2,4,24.0,z300,81044.40625,99805.71875,0,1038240,0.0
bred_vector_winter,2,4,24.0,z400,61094.46875,78629.453125,0,1038240,0.0
bred_vector_winter,2,4,24.0,z500,46300.1171875,61199.18359375,0,1038240,0.0
bred_vector_winter,2,4,24.0,z600,33999.76953125,46342.03515625,0,1038240,0.0
bred_vector_winter,2,4,24.0,z700,23471.7578125,33955.19140625,0,1038240,0.0
bred_vector_winter,2,4,24.0,z850,9298.283203125,18242.921875,0,1038240,0.0
bred_vector_winter,2,4,24.0,z925,2449.666015625,11341.34765625,0,1038240,0.0
bred_vector_winter,2,4,24.0,z1000,-4363.1865234375,4971.53955078125,0,1038240,0.0
bred_vector_winter,2,4,24.0,t50,152.31100463867188,246.95916748046875,0,1038240,0.0
bred_vector_winter,2,4,24.0,t100,159.99497985839844,271.9918518066406,0,1038240,0.0
bred_vector_winter,2,4,24.0,t150,187.8306427001953,256.92694091796875,0,1038240,0.0
bred_vector_winter,2,4,24.0,t200,200.6084747314453,252.16087341308594,0,1038240,0.0
bred_vector_winter,2,4,24.0,t250,204.24862670898438,260.476806640625,0,1038240,0.0
bred_vector_winter,2,4,24.0,t300,212.7020263671875,271.7643737792969,0,1038240,0.0
bred_vector_winter,2,4,24.0,t400,223.2882843017578,276.8824462890625,0,1038240,0.0
bred_vector_winter,2,4,24.0,t500,226.498779296875,287.651123046875,0,1038240,0.0
bred_vector_winter,2,4,24.0,t600,218.89849853515625,295.6170654296875,0,1038240,0.0
bred_vector_winter,2,4,24.0,t700,232.634765625,304.1381530761719,0,1038240,0.0
bred_vector_winter,2,4,24.0,t850,232.5416259765625,313.2679138183594,0,1038240,0.0
bred_vector_winter,2,4,24.0,t925,232.00196838378906,313.8903503417969,0,1038240,0.0
bred_vector_winter,2,4,24.0,t1000,236.8743896484375,316.3988342285156,0,1038240,0.0
bred_vector_winter,2,4,24.0,q50,-7.37867594580166e-05,7.627069862792268e-05,456014,1038240,0.4392182924949915
bred_vector_winter,2,4,24.0,q100,-2.7175599825568497e-05,3.910347368218936e-05,438835,1038240,0.4226720218831869
bred_vector_winter,2,4,24.0,q150,-3.473993274383247e-05,8.626937051303685e-05,255749,1038240,0.2463293650793651
bred_vector_winter,2,4,24.0,q200,-9.642756776884198e-05,0.0005245933425612748,210951,1038240,0.20318134535367546
bred_vector_winter,2,4,24.0,q250,-0.0003402165020816028,0.0017000020015984774,174495,1038240,0.16806807674526122
bred_vector_winter,2,4,24.0,q300,-0.0003827566688414663,0.0031708122696727514,98666,1038240,0.09503197719217137
bred_vector_winter,2,4,24.0,q400,-0.0026619427371770144,0.007851050235331059,143828,1038240,0.13853059022961936
bred_vector_winter,2,4,24.0,q500,-0.0034130881540477276,0.013356100767850876,93427,1038240,0.08998593774079211
bred_vector_winter,2,4,24.0,q600,-0.008576719090342522,0.018656687811017036,119654,1038240,0.1152469563877331
bred_vector_winter,2,4,24.0,q700,-0.011465700343251228,0.02682453952729702,141744,1038240,0.13652334720295886
bred_vector_winter,2,4,24.0,q850,-0.010503944009542465,0.027394387871026993,43938,1038240,0.042319694868238555
bred_vector_winter,2,4,24.0,q925,-0.004800678696483374,0.02907121740281582,21174,1038240,0.020394128525196488
bred_vector_winter,2,4,24.0,q1000,-0.004439630080014467,0.02950563095510006,15814,1038240,0.015231545692710742
bred_vector_winter,2,5,30.0,u10m,-31.665294647216797,22.399295806884766,0,1038240,0.0
bred_vector_winter,2,5,30.0,v10m,-24.478286743164062,20.930147171020508,0,1038240,0.0
bred_vector_winter,2,5,30.0,u100m,-38.25265884399414,30.904647827148438,0,1038240,0.0
bred_vector_winter,2,5,30.0,v100m,-30.352388381958008,25.44293212890625,0,1038240,0.0
bred_vector_winter,2,5,30.0,t2m,232.33900451660156,315.1600341796875,0,1038240,0.0
bred_vector_winter,2,5,30.0,sp,47068.17578125,106798.765625,0,1038240,0.0
bred_vector_winter,2,5,30.0,msl,94143.1015625,106841.40625,0,1038240,0.0
bred_vector_winter,2,5,30.0,tcwv,-26.163049697875977,118.55258178710938,53735,1038240,0.05175585606410849
bred_vector_winter,2,5,30.0,u50,-90.33549499511719,86.25006103515625,0,1038240,0.0
bred_vector_winter,2,5,30.0,u100,-87.86251831054688,90.17389678955078,0,1038240,0.0
bred_vector_winter,2,5,30.0,u150,-86.52552795410156,110.04739379882812,0,1038240,0.0
bred_vector_winter,2,5,30.0,u200,-129.8673095703125,145.98439025878906,0,1038240,0.0
bred_vector_winter,2,5,30.0,u250,-168.2774200439453,134.5283660888672,180,1038240,0.00017337031900138697
bred_vector_winter,2,5,30.0,u300,-207.0013885498047,104.9211196899414,633,1038240,0.0006096856218215441
bred_vector_winter,2,5,30.0,u400,-133.3907928466797,103.02754974365234,0,1038240,0.0
bred_vector_winter,2,5,30.0,u500,-69.72198486328125,79.33979797363281,0,1038240,0.0
bred_vector_winter,2,5,30.0,u600,-62.706565856933594,71.17166900634766,0,1038240,0.0
bred_vector_winter,2,5,30.0,u700,-58.48191452026367,58.381465911865234,0,1038240,0.0
bred_vector_winter,2,5,30.0,u850,-52.650936126708984,49.87025833129883,0,1038240,0.0
bred_vector_winter,2,5,30.0,u925,-43.80519104003906,39.003990173339844,0,1038240,0.0
bred_vector_winter,2,5,30.0,u1000,-33.803680419921875,24.79453468322754,0,1038240,0.0
bred_vector_winter,2,5,30.0,v50,-57.80894088745117,62.18304443359375,0,1038240,0.0
bred_vector_winter,2,5,30.0,v100,-77.65576934814453,71.46680450439453,0,1038240,0.0
bred_vector_winter,2,5,30.0,v150,-84.9802474975586,56.940921783447266,0,1038240,0.0
bred_vector_winter,2,5,30.0,v200,-74.68517303466797,79.7612075805664,0,1038240,0.0
bred_vector_winter,2,5,30.0,v250,-53.66427993774414,74.29725646972656,0,1038240,0.0
bred_vector_winter,2,5,30.0,v300,-62.33782958984375,72.50035858154297,0,1038240,0.0
bred_vector_winter,2,5,30.0,v400,-55.40635681152344,53.60416793823242,0,1038240,0.0
bred_vector_winter,2,5,30.0,v500,-53.397682189941406,44.446044921875,0,1038240,0.0
bred_vector_winter,2,5,30.0,v600,-52.18196487426758,47.242008209228516,0,1038240,0.0
bred_vector_winter,2,5,30.0,v700,-49.551902770996094,53.55067825317383,0,1038240,0.0
bred_vector_winter,2,5,30.0,v850,-44.063148498535156,29.420429229736328,0,1038240,0.0
bred_vector_winter,2,5,30.0,v925,-38.080322265625,25.900394439697266,0,1038240,0.0
bred_vector_winter,2,5,30.0,v1000,-24.58148193359375,26.12428092956543,0,1038240,0.0
bred_vector_winter,2,5,30.0,z50,188559.984375,213813.296875,0,1038240,0.0
bred_vector_winter,2,5,30.0,z100,150377.75,168324.203125,0,1038240,0.0
bred_vector_winter,2,5,30.0,z150,125678.78125,146045.59375,0,1038240,0.0
bred_vector_winter,2,5,30.0,z200,108125.078125,127621.921875,0,1038240,0.0
bred_vector_winter,2,5,30.0,z250,93336.78125,112981.84375,0,1038240,0.0
bred_vector_winter,2,5,30.0,z300,80284.546875,100417.984375,0,1038240,0.0
bred_vector_winter,2,5,30.0,z400,60442.796875,79253.0,0,1038240,0.0
bred_vector_winter,2,5,30.0,z500,45558.4296875,61565.3046875,0,1038240,0.0
bred_vector_winter,2,5,30.0,z600,33433.9140625,46674.390625,0,1038240,0.0
bred_vector_winter,2,5,30.0,z700,22943.0546875,34091.07421875,0,1038240,0.0
bred_vector_winter,2,5,30.0,z850,8993.49609375,18549.25390625,0,1038240,0.0
bred_vector_winter,2,5,30.0,z925,1931.18896484375,11661.3828125,0,1038240,0.0
bred_vector_winter,2,5,30.0,z1000,-4847.9736328125,5309.1396484375,0,1038240,0.0
bred_vector_winter,2,5,30.0,t50,149.40284729003906,247.58163452148438,41,1038240,3.948990599476036e-05
bred_vector_winter,2,5,30.0,t100,157.76478576660156,269.2752990722656,0,1038240,0.0
bred_vector_winter,2,5,30.0,t150,189.64938354492188,259.37286376953125,0,1038240,0.0
bred_vector_winter,2,5,30.0,t200,198.48992919921875,257.67608642578125,0,1038240,0.0
bred_vector_winter,2,5,30.0,t250,203.18731689453125,261.6659851074219,0,1038240,0.0
bred_vector_winter,2,5,30.0,t300,211.13873291015625,270.5556945800781,0,1038240,0.0
bred_vector_winter,2,5,30.0,t400,223.0268096923828,280.9850158691406,0,1038240,0.0
bred_vector_winter,2,5,30.0,t500,224.0908203125,287.5445861816406,0,1038240,0.0
bred_vector_winter,2,5,30.0,t600,214.99301147460938,302.41259765625,0,1038240,0.0
bred_vector_winter,2,5,30.0,t700,233.2069549560547,306.89019775390625,0,1038240,0.0
bred_vector_winter,2,5,30.0,t850,232.95216369628906,312.00469970703125,0,1038240,0.0
bred_vector_winter,2,5,30.0,t925,228.76266479492188,314.151611328125,0,1038240,0.0
bred_vector_winter,2,5,30.0,t1000,233.10690307617188,319.0065612792969,0,1038240,0.0
bred_vector_winter,2,5,30.0,q50,-7.246892346302047e-05,7.501350773964077e-05,455592,1038240,0.43881183541377716
bred_vector_winter,2,5,30.0,q100,-2.6462961614015512e-05,3.805724190897308e-05,433811,1038240,0.41783306364617046
bred_vector_winter,2,5,30.0,q150,-3.558909156708978e-05,8.271352271549404e-05,256067,1038240,0.2466356526429342
bred_vector_winter,2,5,30.0,q200,-0.00011376303154975176,0.0005501340492628515,227476,1038240,0.21909770380644167
bred_vector_winter,2,5,30.0,q250,-0.00031099727493710816,0.0017085719155147672,179878,1038240,0.17325281245184157
bred_vector_winter,2,5,30.0,q300,-0.0004913354059681296,0.0031992713920772076,109602,1038240,0.10556518723994453
bred_vector_winter,2,5,30.0,q400,-0.0018822128186002374,0.00987679697573185,157714,1038240,0.15190514717213746
bred_vector_winter,2,5,30.0,q500,-0.003106270916759968,0.0145731121301651,108467,1038240,0.10447199106179689
bred_vector_winter,2,5,30.0,q600,-0.008023560978472233,0.019369730725884438,130901,1038240,0.12607971182000308
bred_vector_winter,2,5,30.0,q700,-0.013994364067912102,0.02659180760383606,166014,1038240,0.1598994452149792
bred_vector_winter,2,5,30.0,q850,-0.013423221185803413,0.027465712279081345,55387,1038240,0.053347010325165665
bred_vector_winter,2,5,30.0,q925,-0.005142030771821737,0.029383406043052673,27657,1038240,0.026638349514563106
bred_vector_winter,2,5,30.0,q1000,-0.0050429427064955235,0.029938634485006332,21969,1038240,0.021159847434119278
bred_vector_winter,2,6,36.0,u10m,-36.972557067871094,28.948143005371094,0,1038240,0.0
bred_vector_winter,2,6,36.0,v10m,-23.907163619995117,24.87101173400879,0,1038240,0.0
bred_vector_winter,2,6,36.0,u100m,-46.706443786621094,33.16798782348633,0,1038240,0.0
bred_vector_winter,2,6,36.0,v100m,-29.878969192504883,31.5308780670166,0,1038240,0.0
bred_vector_winter,2,6,36.0,t2m,227.9007110595703,315.2131652832031,0,1038240,0.0
bred_vector_winter,2,6,36.0,sp,46387.921875,106965.0234375,0,1038240,0.0
bred_vector_winter,2,6,36.0,msl,93643.734375,106989.375,0,1038240,0.0
bred_vector_winter,2,6,36.0,tcwv,-34.3941650390625,119.20796966552734,59626,1038240,0.05742988133764833
bred_vector_winter,2,6,36.0,u50,-98.07369995117188,92.16934967041016,0,1038240,0.0
bred_vector_winter,2,6,36.0,u100,-81.31521606445312,85.55301666259766,0,1038240,0.0
bred_vector_winter,2,6,36.0,u150,-94.72695922851562,107.44501495361328,0,1038240,0.0
bred_vector_winter,2,6,36.0,u200,-134.0673828125,135.8339385986328,0,1038240,0.0
bred_vector_winter,2,6,36.0,u250,-171.8279266357422,130.98133850097656,215,1038240,0.00020708121436276776
bred_vector_winter,2,6,36.0,u300,-195.71908569335938,108.77729034423828,1172,1038240,0.0011288334103868084
bred_vector_winter,2,6,36.0,u400,-124.09492492675781,79.06182098388672,0,1038240,0.0
bred_vector_winter,2,6,36.0,u500,-73.81034088134766,58.60149383544922,0,1038240,0.0
bred_vector_winter,2,6,36.0,u600,-61.57649230957031,61.117523193359375,0,1038240,0.0
bred_vector_winter,2,6,36.0,u700,-58.46714782714844,68.25724029541016,0,1038240,0.0
bred_vector_winter,2,6,36.0,u850,-50.46049118041992,47.786067962646484,0,1038240,0.0
bred_vector_winter,2,6,36.0,u925,-51.16790008544922,41.06293487548828,0,1038240,0.0
bred_vector_winter,2,6,36.0,u1000,-37.13572311401367,31.699304580688477,0,1038240,0.0
bred_vector_winter,2,6,36.0,v50,-60.643314361572266,70.96742248535156,0,1038240,0.0
bred_vector_winter,2,6,36.0,v100,-82.98670196533203,93.6957015991211,0,1038240,0.0
bred_vector_winter,2,6,36.0,v150,-96.86256408691406,57.311676025390625,0,1038240,0.0
bred_vector_winter,2,6,36.0,v200,-68.56551361083984,84.35519409179688,0,1038240,0.0
bred_vector_winter,2,6,36.0,v250,-67.87986755371094,79.86373901367188,0,1038240,0.0
bred_vector_winter,2,6,36.0,v300,-63.510013580322266,73.43862915039062,0,1038240,0.0
bred_vector_winter,2,6,36.0,v400,-63.20735549926758,50.83864974975586,0,1038240,0.0
bred_vector_winter,2,6,36.0,v500,-52.194419860839844,44.69047546386719,0,1038240,0.0
bred_vector_winter,2,6,36.0,v600,-45.60449981689453,50.76030731201172,0,1038240,0.0
bred_vector_winter,2,6,36.0,v700,-51.517417907714844,65.23754119873047,0,1038240,0.0
bred_vector_winter,2,6,36.0,v850,-33.977325439453125,34.21662902832031,0,1038240,0.0
bred_vector_winter,2,6,36.0,v925,-36.60676574707031,32.16000747680664,0,1038240,0.0
bred_vector_winter,2,6,36.0,v1000,-28.509353637695312,25.907588958740234,0,1038240,0.0
bred_vector_winter,2,6,36.0,z50,188211.578125,214720.671875,0,1038240,0.0
bred_vector_winter,2,6,36.0,z100,150399.796875,168971.265625,0,1038240,0.0
bred_vector_winter,2,6,36.0,z150,125838.4921875,146498.875,0,1038240,0.0
bred_vector_winter,2,6,36.0,z200,108002.625,128030.953125,0,1038240,0.0
bred_vector_winter,2,6,36.0,z250,92651.421875,113037.0546875,0,1038240,0.0
bred_vector_winter,2,6,36.0,z300,79935.421875,100565.5625,0,1038240,0.0
bred_vector_winter,2,6,36.0,z400,60630.0,79398.1015625,0,1038240,0.0
bred_vector_winter,2,6,36.0,z500,45751.3828125,61803.96484375,0,1038240,0.0
bred_vector_winter,2,6,36.0,z600,33232.4375,47056.2734375,0,1038240,0.0
bred_vector_winter,2,6,36.0,z700,22442.1328125,34219.73046875,0,1038240,0.0
bred_vector_winter,2,6,36.0,z850,8614.009765625,18561.681640625,0,1038240,0.0
bred_vector_winter,2,6,36.0,z925,1453.92431640625,11771.44921875,0,1038240,0.0
bred_vector_winter,2,6,36.0,z1000,-5211.3232421875,5437.1884765625,0,1038240,0.0
bred_vector_winter,2,6,36.0,t50,146.47744750976562,248.912353515625,370,1038240,0.00035637232239173986
bred_vector_winter,2,6,36.0,t100,154.45870971679688,274.076416015625,0,1038240,0.0
bred_vector_winter,2,6,36.0,t150,188.38397216796875,259.1994323730469,0,1038240,0.0
bred_vector_winter,2,6,36.0,t200,196.57740783691406,256.1703186035156,0,1038240,0.0
bred_vector_winter,2,6,36.0,t250,202.51580810546875,261.14971923828125,0,1038240,0.0
bred_vector_winter,2,6,36.0,t300,210.33102416992188,269.4725646972656,0,1038240,0.0
bred_vector_winter,2,6,36.0,t400,221.55072021484375,282.35455322265625,0,1038240,0.0
bred_vector_winter,2,6,36.0,t500,223.1493682861328,289.00872802734375,0,1038240,0.0
bred_vector_winter,2,6,36.0,t600,221.11709594726562,303.354736328125,0,1038240,0.0
bred_vector_winter,2,6,36.0,t700,236.2093505859375,308.80316162109375,0,1038240,0.0
bred_vector_winter,2,6,36.0,t850,225.3030548095703,313.7458190917969,0,1038240,0.0
bred_vector_winter,2,6,36.0,t925,226.75071716308594,312.225830078125,0,1038240,0.0
bred_vector_winter,2,6,36.0,t1000,230.7554931640625,317.8846435546875,0,1038240,0.0
bred_vector_winter,2,6,36.0,q50,-7.118299981812015e-05,7.373610424110666e-05,455135,1038240,0.4383716674372014
bred_vector_winter,2,6,36.0,q100,-2.575810140115209e-05,3.6843390262220055e-05,428648,1038240,0.41286022499614733
bred_vector_winter,2,6,36.0,q150,-3.4403656172798946e-05,8.277672895928845e-05,253968,1038240,0.24461396208969025
bred_vector_winter,2,6,36.0,q200,-0.0001297730632359162,0.0005927045131102204,230859,1038240,0.22235610263522884
bred_vector_winter,2,6,36.0,q250,-0.00030942470766603947,0.001798015320673585,182976,1038240,0.17623670827554322
bred_vector_winter,2,6,36.0,q300,-0.0007803970947861671,0.003319341456517577,116113,1038240,0.11183637694560025
bred_vector_winter,2,6,36.0,q400,-0.0019879182800650597,0.00940166600048542,162690,1038240,0.1566978733240869
bred_vector_winter,2,6,36.0,q500,-0.004644021857529879,0.01313558965921402,117621,1038240,0.11328883495145631
bred_vector_winter,2,6,36.0,q600,-0.009345176629722118,0.018663208931684494,136666,1038240,0.13163237787024196
bred_vector_winter,2,6,36.0,q700,-0.013597002252936363,0.02746729552745819,174467,1038240,0.1680411080289721
bred_vector_winter,2,6,36.0,q850,-0.011165332049131393,0.02766813151538372,63167,1038240,0.06084046077978117
bred_vector_winter,2,6,36.0,q925,-0.0073652141727507114,0.029773717746138573,34072,1038240,0.03281707505008476
bred_vector_winter,2,6,36.0,q1000,-0.009085416793823242,0.030023355036973953,28173,1038240,0.027135344429033748
bred_vector_winter,2,7,42.0,u10m,-31.903362274169922,22.152406692504883,0,1038240,0.0
bred_vector_winter,2,7,42.0,v10m,-21.69013786315918,26.711864471435547,0,1038240,0.0
bred_vector_winter,2,7,42.0,u100m,-41.26649475097656,28.639724731445312,0,1038240,0.0
bred_vector_winter,2,7,42.0,v100m,-28.207841873168945,34.6583366394043,0,1038240,0.0
bred_vector_winter,2,7,42.0,t2m,220.2558135986328,316.57122802734375,0,1038240,0.0
bred_vector_winter,2,7,42.0,sp,45730.109375,107063.9921875,0,1038240,0.0
bred_vector_winter,2,7,42.0,msl,93364.3671875,106726.484375,0,1038240,0.0
bred_vector_winter,2,7,42.0,tcwv,-36.116233825683594,120.85200500488281,63260,1038240,0.06093003544459855
bred_vector_winter,2,7,42.0,u50,-99.37078857421875,91.11952209472656,0,1038240,0.0
bred_vector_winter,2,7,42.0,u100,-76.67713165283203,80.33784484863281,0,1038240,0.0
bred_vector_winter,2,7,42.0,u150,-99.1497802734375,109.63302612304688,0,1038240,0.0
bred_vector_winter,2,7,42.0,u200,-146.92034912109375,141.59963989257812,0,1038240,0.0
bred_vector_winter,2,7,42.0,u250,-168.13697814941406,142.85801696777344,262,1038240,0.00025235013099090766
bred_vector_winter,2,7,42.0,u300,-216.6272735595703,114.0350570678711,1102,1038240,0.0010614116196640468
bred_vector_winter,2,7,42.0,u400,-135.12710571289062,73.39402770996094,0,1038240,0.0
bred_vector_winter,2,7,42.0,u500,-67.87980651855469,65.19978332519531,0,1038240,0.0
bred_vector_winter,2,7,42.0,u600,-71.3849868774414,66.30561828613281,0,1038240,0.0
bred_vector_winter,2,7,42.0,u700,-56.46104049682617,58.96491622924805,0,1038240,0.0
bred_vector_winter,2,7,42.0,u850,-44.936744689941406,44.82003402709961,0,1038240,0.0
bred_vector_winter,2,7,42.0,u925,-47.043724060058594,40.86558532714844,0,1038240,0.0
bred_vector_winter,2,7,42.0,u1000,-33.08242416381836,25.406539916992188,0,1038240,0.0
bred_vector_winter,2,7,42.0,v50,-62.637168884277344,79.8313217163086,0,1038240,0.0
bred_vector_winter,2,7,42.0,v100,-74.02162170410156,81.276611328125,0,1038240,0.0
bred_vector_winter,2,7,42.0,v150,-92.96614074707031,58.24639892578125,0,1038240,0.0
bred_vector_winter,2,7,42.0,v200,-71.1377944946289,94.87760925292969,0,1038240,0.0
bred_vector_winter,2,7,42.0,v250,-59.95359420776367,90.24238586425781,0,1038240,0.0
bred_vector_winter,2,7,42.0,v300,-70.73983764648438,81.91265869140625,0,1038240,0.0
bred_vector_winter,2,7,42.0,v400,-60.10710525512695,55.39324951171875,0,1038240,0.0
bred_vector_winter,2,7,42.0,v500,-51.417213439941406,42.3205451965332,0,1038240,0.0
bred_vector_winter,2,7,42.0,v600,-52.57670211791992,60.375423431396484,0,1038240,0.0
bred_vector_winter,2,7,42.0,v700,-54.706451416015625,60.447914123535156,0,1038240,0.0
bred_vector_winter,2,7,42.0,v850,-36.606895446777344,32.27559280395508,0,1038240,0.0
bred_vector_winter,2,7,42.0,v925,-35.662208557128906,38.04484176635742,0,1038240,0.0
bred_vector_winter,2,7,42.0,v1000,-25.09966468811035,33.267879486083984,0,1038240,0.0
bred_vector_winter,2,7,42.0,z50,188103.0625,215373.703125,0,1038240,0.0
bred_vector_winter,2,7,42.0,z100,150411.46875,169254.890625,0,1038240,0.0
bred_vector_winter,2,7,42.0,z150,126037.2890625,146704.1875,0,1038240,0.0
bred_vector_winter,2,7,42.0,z200,107541.3203125,128202.203125,0,1038240,0.0
bred_vector_winter,2,7,42.0,z250,92410.9296875,113109.8515625,0,1038240,0.0
bred_vector_winter,2,7,42.0,z300,80086.9453125,100517.9296875,0,1038240,0.0
bred_vector_winter,2,7,42.0,z400,60504.53515625,79163.1953125,0,1038240,0.0
bred_vector_winter,2,7,42.0,z500,45477.4140625,61624.77734375,0,1038240,0.0
bred_vector_winter,2,7,42.0,z600,32930.3984375,46764.8515625,0,1038240,0.0
bred_vector_winter,2,7,42.0,z700,21995.66015625,34355.26171875,0,1038240,0.0
bred_vector_winter,2,7,42.0,z850,8442.3525390625,18409.796875,0,1038240,0.0
bred_vector_winter,2,7,42.0,z925,1253.79931640625,11491.052734375,0,1038240,0.0
bred_vector_winter,2,7,42.0,z1000,-5488.21142578125,5122.55517578125,0,1038240,0.0
bred_vector_winter,2,7,42.0,t50,142.11929321289062,253.3272705078125,602,1038240,0.0005798274002157497
bred_vector_winter,2,7,42.0,t100,153.3313446044922,273.8914794921875,0,1038240,0.0
bred_vector_winter,2,7,42.0,t150,186.60191345214844,262.57672119140625,0,1038240,0.0
bred_vector_winter,2,7,42.0,t200,194.6216583251953,257.1302185058594,0,1038240,0.0
bred_vector_winter,2,7,42.0,t250,204.1522216796875,261.9083557128906,0,1038240,0.0
bred_vector_winter,2,7,42.0,t300,209.8739013671875,270.7901306152344,0,1038240,0.0
bred_vector_winter,2,7,42.0,t400,221.0167999267578,281.06201171875,0,1038240,0.0
bred_vector_winter,2,7,42.0,t500,223.78750610351562,289.145751953125,0,1038240,0.0
bred_vector_winter,2,7,42.0,t600,224.57296752929688,303.17926025390625,0,1038240,0.0
bred_vector_winter,2,7,42.0,t700,231.97349548339844,309.6248779296875,0,1038240,0.0
bred_vector_winter,2,7,42.0,t850,220.34994506835938,312.95489501953125,0,1038240,0.0
bred_vector_winter,2,7,42.0,t925,226.54220581054688,313.504150390625,0,1038240,0.0
bred_vector_winter,2,7,42.0,t1000,228.39317321777344,316.0586242675781,0,1038240,0.0
bred_vector_winter,2,7,42.0,q50,-6.99135780450888e-05,7.252296200022101e-05,454648,1038240,0.43790260440745876
bred_vector_winter,2,7,42.0,q100,-2.4788243536022492e-05,3.587915489333682e-05,424514,1038240,0.4088784866697488
bred_vector_winter,2,7,42.0,q150,-3.560081313480623e-05,8.488097228109837e-05,257279,1038240,0.24780301279087688
bred_vector_winter,2,7,42.0,q200,-0.0001392129488522187,0.0006133751012384892,234524,1038240,0.22588611496378486
bred_vector_winter,2,7,42.0,q250,-0.0003730799653567374,0.0018295199843123555,180759,1038240,0.17410136384650948
bred_vector_winter,2,7,42.0,q300,-0.0007527644047513604,0.0035104681737720966,114446,1038240,0.11023077515795962
bred_vector_winter,2,7,42.0,q400,-0.002463625743985176,0.009703957475721836,163060,1038240,0.15705424564647866
bred_vector_winter,2,7,42.0,q500,-0.00457675801590085,0.01486889086663723,117549,1038240,0.11321948682385576
bred_vector_winter,2,7,42.0,q600,-0.010499485768377781,0.020643576979637146,147814,1038240,0.14236977962706118
bred_vector_winter,2,7,42.0,q700,-0.014681847766041756,0.029937447980046272,182100,1038240,0.1753929727230698
bred_vector_winter,2,7,42.0,q850,-0.013496838510036469,0.027877140790224075,67043,1038240,0.06457370164894437
bred_vector_winter,2,7,42.0,q925,-0.010382918640971184,0.02982221730053425,40899,1038240,0.03939262598243181
bred_vector_winter,2,7,42.0,q1000,-0.008857984095811844,0.030290571972727776,33115,1038240,0.031895322854060715
bred_vector_winter,2,8,48.0,u10m,-29.209413528442383,20.19301986694336,0,1038240,0.0
bred_vector_winter,2,8,48.0,v10m,-22.860563278198242,23.41792106628418,0,1038240,0.0
bred_vector_winter,2,8,48.0,u100m,-31.44283103942871,26.019817352294922,0,1038240,0.0
bred_vector_winter,2,8,48.0,v100m,-30.53207015991211,27.876441955566406,0,1038240,0.0
bred_vector_winter,2,8,48.0,t2m,222.198974609375,319.6463317871094,0,1038240,0.0
bred_vector_winter,2,8,48.0,sp,45194.59765625,107059.109375,0,1038240,0.0
bred_vector_winter,2,8,48.0,msl,93063.28125,106837.1875,0,1038240,0.0
bred_vector_winter,2,8,48.0,tcwv,-34.21443176269531,114.87276458740234,71208,1038240,0.06858529819694868
bred_vector_winter,2,8,48.0,u50,-100.27375793457031,91.15494537353516,0,1038240,0.0
bred_vector_winter,2,8,48.0,u100,-80.0408706665039,85.0372314453125,0,1038240,0.0
bred_vector_winter,2,8,48.0,u150,-100.12267303466797,109.79257202148438,0,1038240,0.0
bred_vector_winter,2,8,48.0,u200,-127.26665496826172,134.79031372070312,0,1038240,0.0
bred_vector_winter,2,8,48.0,u250,-166.2860870361328,145.67247009277344,150,1038240,0.00014447526583448913
bred_vector_winter,2,8,48.0,u300,-202.96852111816406,97.6204605102539,864,1038240,0.0008321775312066575
bred_vector_winter,2,8,48.0,u400,-120.50784301757812,76.82009887695312,0,1038240,0.0
bred_vector_winter,2,8,48.0,u500,-81.81906127929688,64.61141967773438,0,1038240,0.0
bred_vector_winter,2,8,48.0,u600,-63.81353759765625,52.360897064208984,0,1038240,0.0
bred_vector_winter,2,8,48.0,u700,-62.594722747802734,58.079551696777344,0,1038240,0.0
bred_vector_winter,2,8,48.0,u850,-49.240020751953125,45.84614562988281,0,1038240,0.0
bred_vector_winter,2,8,48.0,u925,-40.16769790649414,43.58504104614258,0,1038240,0.0
bred_vector_winter,2,8,48.0,u1000,-30.973094940185547,27.2635555267334,0,1038240,0.0
bred_vector_winter,2,8,48.0,v50,-65.98954010009766,82.38473510742188,0,1038240,0.0
bred_vector_winter,2,8,48.0,v100,-89.31205749511719,86.21963500976562,0,1038240,0.0
bred_vector_winter,2,8,48.0,v150,-85.27842712402344,60.61891174316406,0,1038240,0.0
bred_vector_winter,2,8,48.0,v200,-67.24638366699219,102.06816101074219,0,1038240,0.0
bred_vector_winter,2,8,48.0,v250,-63.42290496826172,95.71344757080078,0,1038240,0.0
bred_vector_winter,2,8,48.0,v300,-70.3984146118164,83.76309204101562,0,1038240,0.0
bred_vector_winter,2,8,48.0,v400,-74.38031005859375,58.224632263183594,0,1038240,0.0
bred_vector_winter,2,8,48.0,v500,-57.215171813964844,47.35670471191406,0,1038240,0.0
bred_vector_winter,2,8,48.0,v600,-52.39267349243164,73.44732666015625,0,1038240,0.0
bred_vector_winter,2,8,48.0,v700,-51.71807098388672,56.06646728515625,0,1038240,0.0
bred_vector_winter,2,8,48.0,v850,-40.03158187866211,35.550132751464844,0,1038240,0.0
bred_vector_winter,2,8,48.0,v925,-37.01456069946289,30.599971771240234,0,1038240,0.0
bred_vector_winter,2,8,48.0,v1000,-29.22275733947754,25.582868576049805,0,1038240,0.0
bred_vector_winter,2,8,48.0,z50,188138.546875,215698.53125,0,1038240,0.0
bred_vector_winter,2,8,48.0,z100,150330.921875,169589.296875,0,1038240,0.0
bred_vector_winter,2,8,48.0,z150,126037.1328125,146975.703125,0,1038240,0.0
bred_vector_winter,2,8,48.0,z200,106765.4765625,128520.8125,0,1038240,0.0
bred_vector_winter,2,8,48.0,z250,91823.40625,113338.2421875,0,1038240,0.0
bred_vector_winter,2,8,48.0,z300,79776.4375,100579.96875,0,1038240,0.0
bred_vector_winter,2,8,48.0,z400,60356.0,78960.9765625,0,1038240,0.0
bred_vector_winter,2,8,48.0,z500,45222.26171875,61470.4609375,0,1038240,0.0
bred_vector_winter,2,8,48.0,z600,32692.66015625,46742.5546875,0,1038240,0.0
bred_vector_winter,2,8,48.0,z700,21713.052734375,34096.15625,0,1038240,0.0
bred_vector_winter,2,8,48.0,z850,8106.46337890625,18175.361328125,0,1038240,0.0
bred_vector_winter,2,8,48.0,z925,957.33642578125,11163.4365234375,0,1038240,0.0
bred_vector_winter,2,8,48.0,z1000,-5755.9755859375,5083.37060546875,0,1038240,0.0
bred_vector_winter,2,8,48.0,t50,140.87274169921875,254.45079040527344,969,1038240,0.0009333102172907998
bred_vector_winter,2,8,48.0,t100,149.56198120117188,276.43231201171875,12,1038240,1.1558021266759131e-05
bred_vector_winter,2,8,48.0,t150,183.93345642089844,265.7674255371094,0,1038240,0.0
bred_vector_winter,2,8,48.0,t200,197.71255493164062,255.90887451171875,0,1038240,0.0
bred_vector_winter,2,8,48.0,t250,203.5738067626953,263.524169921875,0,1038240,0.0
bred_vector_winter,2,8,48.0,t300,210.4794158935547,272.501708984375,0,1038240,0.0
bred_vector_winter,2,8,48.0,t400,218.49729919433594,284.4443359375,0,1038240,0.0
bred_vector_winter,2,8,48.0,t500,222.74755859375,290.02459716796875,0,1038240,0.0
bred_vector_winter,2,8,48.0,t600,227.23324584960938,298.76123046875,0,1038240,0.0
bred_vector_winter,2,8,48.0,t700,230.33509826660156,310.15460205078125,0,1038240,0.0
bred_vector_winter,2,8,48.0,t850,220.82473754882812,308.3694152832031,0,1038240,0.0
bred_vector_winter,2,8,48.0,t925,221.98406982421875,315.50634765625,0,1038240,0.0
bred_vector_winter,2,8,48.0,t1000,230.2047576904297,318.04693603515625,0,1038240,0.0
bred_vector_winter,2,8,48.0,q50,-6.867295451229438e-05,7.133053441066295e-05,454172,1038240,0.437444136230544
bred_vector_winter,2,8,48.0,q100,-2.3826265532989055e-05,3.4784432500600815e-05,421270,1038240,0.40575396825396826
bred_vector_winter,2,8,48.0,q150,-3.480161467450671e-05,8.35920000099577e-05,258430,1038240,0.24891161966404685
bred_vector_winter,2,8,48.0,q200,-0.00011712420382536948,0.0006425256142392755,237530,1038240,0.22878139929110802
bred_vector_winter,2,8,48.0,q250,-0.0004200917901471257,0.0019524869276210666,193484,1038240,0.18635768223146865
bred_vector_winter,2,8,48.0,q300,-0.0009084800258278847,0.003602599957957864,114138,1038240,0.10993411927877947
bred_vector_winter,2,8,48.0,q400,-0.002472348976880312,0.010301153175532818,167362,1038240,0.16119779627061182
bred_vector_winter,2,8,48.0,q500,-0.003913888242095709,0.014826005324721336,120377,1038240,0.11594332716905532
bred_vector_winter,2,8,48.0,q600,-0.012219113297760487,0.02064080722630024,160304,1038240,0.15439975342887965
bred_vector_winter,2,8,48.0,q700,-0.017221439629793167,0.02899828925728798,190190,1038240,0.18318500539374324
bred_vector_winter,2,8,48.0,q850,-0.016973910853266716,0.027405112981796265,71179,1038240,0.06855736631222067
bred_vector_winter,2,8,48.0,q925,-0.008786618709564209,0.02925131842494011,45519,1038240,0.04384246417013407
bred_vector_winter,2,8,48.0,q1000,-0.009235043078660965,0.029862476512789726,37780,1038240,0.03638850362151333
bred_vector_winter,2,9,54.0,u10m,-34.631103515625,24.944721221923828,0,1038240,0.0
bred_vector_winter,2,9,54.0,v10m,-24.69301986694336,34.32255172729492,0,1038240,0.0
bred_vector_winter,2,9,54.0,u100m,-36.632232666015625,32.7977294921875,0,1038240,0.0
bred_vector_winter,2,9,54.0,v100m,-33.364715576171875,42.18319320678711,0,1038240,0.0
bred_vector_winter,2,9,54.0,t2m,224.04296875,321.5308532714844,0,1038240,0.0
bred_vector_winter,2,9,54.0,sp,45135.41015625,107012.609375,0,1038240,0.0
bred_vector_winter,2,9,54.0,msl,93016.5859375,106971.3984375,0,1038240,0.0
bred_vector_winter,2,9,54.0,tcwv,-35.11067199707031,114.58019256591797,76292,1038240,0.07348204654029897
bred_vector_winter,2,9,54.0,u50,-98.66659545898438,88.18084716796875,0,1038240,0.0
bred_vector_winter,2,9,54.0,u100,-80.83106231689453,91.65314483642578,0,1038240,0.0
bred_vector_winter,2,9,54.0,u150,-96.7374267578125,108.21418762207031,0,1038240,0.0
bred_vector_winter,2,9,54.0,u200,-134.18360900878906,111.69556427001953,0,1038240,0.0
bred_vector_winter,2,9,54.0,u250,-180.10873413085938,118.92105102539062,295,1038240,0.0002841346894744953
bred_vector_winter,2,9,54.0,u300,-178.67967224121094,98.16851806640625,222,1038240,0.00021382339343504393
bred_vector_winter,2,9,54.0,u400,-118.41061401367188,84.96304321289062,0,1038240,0.0
bred_vector_winter,2,9,54.0,u500,-105.00575256347656,65.17658233642578,0,1038240,0.0
bred_vector_winter,2,9,54.0,u600,-75.99856567382812,51.40913391113281,0,1038240,0.0
bred_vector_winter,2,9,54.0,u700,-61.30158615112305,53.18074417114258,0,1038240,0.0
bred_vector_winter,2,9,54.0,u850,-59.81232452392578,51.29218292236328,0,1038240,0.0
bred_vector_winter,2,9,54.0,u925,-53.79359436035156,40.18583679199219,0,1038240,0.0
bred_vector_winter,2,9,54.0,u1000,-36.17259979248047,26.17400550842285,0,1038240,0.0
bred_vector_winter,2,9,54.0,v50,-66.88562774658203,85.63848876953125,0,1038240,0.0
bred_vector_winter,2,9,54.0,v100,-102.08232879638672,96.13833618164062,0,1038240,0.0
bred_vector_winter,2,9,54.0,v150,-86.52027893066406,53.64198303222656,0,1038240,0.0
bred_vector_winter,2,9,54.0,v200,-83.1950912475586,95.74810028076172,0,1038240,0.0
bred_vector_winter,2,9,54.0,v250,-68.1848373413086,90.46163940429688,0,1038240,0.0
bred_vector_winter,2,9,54.0,v300,-69.03827667236328,88.57098388671875,0,1038240,0.0
bred_vector_winter,2,9,54.0,v400,-71.1462631225586,73.53423309326172,0,1038240,0.0
bred_vector_winter,2,9,54.0,v500,-58.17841720581055,58.968204498291016,0,1038240,0.0
bred_vector_winter,2,9,54.0,v600,-51.5794792175293,80.99571990966797,0,1038240,0.0
bred_vector_winter,2,9,54.0,v700,-63.652618408203125,62.514556884765625,0,1038240,0.0
bred_vector_winter,2,9,54.0,v850,-42.58235168457031,54.185142517089844,0,1038240,0.0
bred_vector_winter,2,9,54.0,v925,-41.297489166259766,50.799346923828125,0,1038240,0.0
bred_vector_winter,2,9,54.0,v1000,-30.16522789001465,33.4265251159668,0,1038240,0.0
bred_vector_winter,2,9,54.0,z50,188020.59375,216047.015625,0,1038240,0.0
bred_vector_winter,2,9,54.0,z100,150183.28125,170128.890625,0,1038240,0.0
bred_vector_winter,2,9,54.0,z150,125929.7890625,147350.171875,0,1038240,0.0
bred_vector_winter,2,9,54.0,z200,106163.109375,128860.984375,0,1038240,0.0
bred_vector_winter,2,9,54.0,z250,91190.078125,113382.8046875,0,1038240,0.0
bred_vector_winter,2,9,54.0,z300,79268.1640625,100231.484375,0,1038240,0.0
bred_vector_winter,2,9,54.0,z400,60060.109375,78876.9375,0,1038240,0.0
bred_vector_winter,2,9,54.0,z500,45228.56640625,61394.09375,0,1038240,0.0
bred_vector_winter,2,9,54.0,z600,32612.71875,46660.5390625,0,1038240,0.0
bred_vector_winter,2,9,54.0,z700,21555.181640625,34010.40625,0,1038240,0.0
bred_vector_winter,2,9,54.0,z850,7756.46875,18033.775390625,0,1038240,0.0
bred_vector_winter,2,9,54.0,z925,949.517578125,11206.84765625,0,1038240,0.0
bred_vector_winter,2,9,54.0,z1000,-5810.05419921875,5241.3671875,0,1038240,0.0
bred_vector_winter,2,9,54.0,t50,142.89393615722656,262.1443786621094,3474,1038240,0.0033460471567267683
bred_vector_winter,2,9,54.0,t100,149.53102111816406,275.80963134765625,17,1038240,1.6373863461242103e-05
bred_vector_winter,2,9,54.0,t150,180.67230224609375,268.189453125,0,1038240,0.0
bred_vector_winter,2,9,54.0,t200,197.9549560546875,260.8157043457031,0,1038240,0.0
bred_vector_winter,2,9,54.0,t250,204.18846130371094,264.20281982421875,0,1038240,0.0
bred_vector_winter,2,9,54.0,t300,209.0950927734375,274.1778259277344,0,1038240,0.0
bred_vector_winter,2,9,54.0,t400,216.72071838378906,288.27435302734375,0,1038240,0.0
bred_vector_winter,2,9,54.0,t500,220.35540771484375,292.3534240722656,0,1038240,0.0
bred_vector_winter,2,9,54.0,t600,217.65542602539062,301.4766540527344,0,1038240,0.0
bred_vector_winter,2,9,54.0,t700,229.74322509765625,313.4742736816406,0,1038240,0.0
bred_vector_winter,2,9,54.0,t850,215.39385986328125,308.3250427246094,0,1038240,0.0
bred_vector_winter,2,9,54.0,t925,220.36436462402344,313.01544189453125,0,1038240,0.0
bred_vector_winter,2,9,54.0,t1000,227.1875762939453,318.3058166503906,0,1038240,0.0
bred_vector_winter,2,9,54.0,q50,-6.745269638486207e-05,7.013433787506074e-05,453690,1038240,0.43697988904299584
bred_vector_winter,2,9,54.0,q100,-2.3177632101578638e-05,3.370081685716286e-05,418068,1038240,0.40266990291262134
bred_vector_winter,2,9,54.0,q150,-3.419469794607721e-05,9.085033525479957e-05,263280,1038240,0.25358298659269535
bred_vector_winter,2,9,54.0,q200,-0.00011273300333414227,0.0006635459722019732,245012,1038240,0.23598782555093234
bred_vector_winter,2,9,54.0,q250,-0.00037970542325638235,0.0018791825277730823,196893,1038240,0.18964112343966713
bred_vector_winter,2,9,54.0,q300,-0.0008087365422397852,0.003942280542105436,127787,1038240,0.12308040530127909
bred_vector_winter,2,9,54.0,q400,-0.002739010378718376,0.010976940393447876,172521,1038240,0.16616678224687934
bred_vector_winter,2,9,54.0,q500,-0.0038468479178845882,0.014646582305431366,124732,1038240,0.12013792572045
bred_vector_winter,2,9,54.0,q600,-0.01227165199816227,0.021424874663352966,169248,1038240,0.16301433194637077
bred_vector_winter,2,9,54.0,q700,-0.01942121796309948,0.02895699441432953,201852,1038240,0.19441747572815535
bred_vector_winter,2,9,54.0,q850,-0.016098547726869583,0.028226150199770927,72275,1038240,0.06961299892125135
bred_vector_winter,2,9,54.0,q925,-0.0099421925842762,0.029629476368427277,48781,1038240,0.04698431961781476
bred_vector_winter,2,9,54.0,q1000,-0.010765684768557549,0.03023228608071804,38781,1038240,0.037352635228848824
bred_vector_winter,2,10,60.0,u10m,-31.678529739379883,28.96485710144043,0,1038240,0.0
bred_vector_winter,2,10,60.0,v10m,-23.7264404296875,33.622459411621094,0,1038240,0.0
bred_vector_winter,2,10,60.0,u100m,-32.05714416503906,36.876834869384766,0,1038240,0.0
bred_vector_winter,2,10,60.0,v100m,-34.69907760620117,44.89959716796875,0,1038240,0.0
bred_vector_winter,2,10,60.0,t2m,229.13534545898438,318.86981201171875,0,1038240,0.0
bred_vector_winter,2,10,60.0,sp,45133.85546875,106883.515625,0,1038240,0.0
bred_vector_winter,2,10,60.0,msl,92731.234375,106744.328125,0,1038240,0.0
bred_vector_winter,2,10,60.0,tcwv,-38.04388427734375,119.74864959716797,80189,1038240,0.07723551394667899
bred_vector_winter,2,10,60.0,u50,-97.18336486816406,94.83403015136719,0,1038240,0.0
bred_vector_winter,2,10,60.0,u100,-88.84033203125,101.31053161621094,0,1038240,0.0
bred_vector_winter,2,10,60.0,u150,-99.59190368652344,110.42095184326172,0,1038240,0.0
bred_vector_winter,2,10,60.0,u200,-136.60467529296875,105.77537536621094,0,1038240,0.0
bred_vector_winter,2,10,60.0,u250,-159.900146484375,128.09786987304688,102,1038240,9.824318076745262e-05
bred_vector_winter,2,10,60.0,u300,-152.155517578125,111.89564514160156,21,1038240,2.022653721682848e-05
bred_vector_winter,2,10,60.0,u400,-124.08226013183594,86.09326934814453,0,1038240,0.0
bred_vector_winter,2,10,60.0,u500,-100.44214630126953,75.60687255859375,0,1038240,0.0
bred_vector_winter,2,10,60.0,u600,-86.54635620117188,55.41441345214844,0,1038240,0.0
bred_vector_winter,2,10,60.0,u700,-72.64598846435547,55.98747634887695,0,1038240,0.0
bred_vector_winter,2,10,60.0,u850,-56.474853515625,50.135658264160156,0,1038240,0.0
bred_vector_winter,2,10,60.0,u925,-44.557640075683594,44.723304748535156,0,1038240,0.0
bred_vector_winter,2,10,60.0,u1000,-33.850364685058594,30.782011032104492,0,1038240,0.0
bred_vector_winter,2,10,60.0,v50,-72.02093505859375,82.08090209960938,0,1038240,0.0
bred_vector_winter,2,10,60.0,v100,-104.14498138427734,93.64612579345703,0,1038240,0.0
bred_vector_winter,2,10,60.0,v150,-94.4173583984375,67.6164779663086,0,1038240,0.0
bred_vector_winter,2,10,60.0,v200,-83.2885971069336,97.7959213256836,0,1038240,0.0
bred_vector_winter,2,10,60.0,v250,-69.5978012084961,95.32540130615234,0,1038240,0.0
bred_vector_winter,2,10,60.0,v300,-68.69767761230469,93.24516296386719,0,1038240,0.0
bred_vector_winter,2,10,60.0,v400,-81.20008850097656,65.81336975097656,0,1038240,0.0
bred_vector_winter,2,10,60.0,v500,-55.59857940673828,60.92749786376953,0,1038240,0.0
bred_vector_winter,2,10,60.0,v600,-51.6220588684082,81.84190368652344,0,1038240,0.0
bred_vector_winter,2,10,60.0,v700,-56.244937896728516,66.95061492919922,0,1038240,0.0
bred_vector_winter,2,10,60.0,v850,-48.09572219848633,59.734535217285156,0,1038240,0.0
bred_vector_winter,2,10,60.0,v925,-42.853065490722656,62.102745056152344,0,1038240,0.0
bred_vector_winter,2,10,60.0,v1000,-30.492002487182617,39.18069839477539,0,1038240,0.0
bred_vector_winter,2,10,60.0,z50,188269.59375,216209.46875,0,1038240,0.0
bred_vector_winter,2,10,60.0,z100,150206.109375,170295.1875,0,1038240,0.0
bred_vector_winter,2,10,60.0,z150,126156.0,147586.515625,0,1038240,0.0
bred_vector_winter,2,10,60.0,z200,105548.78125,129259.203125,0,1038240,0.0
bred_vector_winter,2,10,60.0,z250,90268.390625,113892.0859375,0,1038240,0.0
bred_vector_winter,2,10,60.0,z300,78267.859375,100404.9609375,0,1038240,0.0
bred_vector_winter,2,10,60.0,z400,59129.53125,78924.5625,0,1038240,0.0
bred_vector_winter,2,10,60.0,z500,44773.4609375,61242.7890625,0,1038240,0.0
bred_vector_winter,2,10,60.0,z600,32611.228515625,46534.9921875,0,1038240,0.0
bred_vector_winter,2,10,60.0,z700,21547.66015625,33868.9453125,0,1038240,0.0
bred_vector_winter,2,10,60.0,z850,7456.61767578125,17756.91015625,0,1038240,0.0
bred_vector_winter,2,10,60.0,z925,691.16064453125,11021.1845703125,0,1038240,0.0
bred_vector_winter,2,10,60.0,z1000,-5766.2236328125,4924.99853515625,0,1038240,0.0
bred_vector_winter,2,10,60.0,t50,136.81985473632812,266.3559875488281,8722,1038240,0.008400755124056095
bred_vector_winter,2,10,60.0,t100,147.7420654296875,275.8388671875,58,1038240,5.5863769456002465e-05
bred_vector_winter,2,10,60.0,t150,177.14059448242188,272.53564453125,0,1038240,0.0
bred_vector_winter,2,10,60.0,t200,196.23255920410156,263.5423278808594,0,1038240,0.0
bred_vector_winter,2,10,60.0,t250,203.0020751953125,267.05206298828125,0,1038240,0.0
bred_vector_winter,2,10,60.0,t300,205.6223907470703,273.28167724609375,0,1038240,0.0
bred_vector_winter,2,10,60.0,t400,217.05459594726562,290.45611572265625,0,1038240,0.0
bred_vector_winter,2,10,60.0,t500,221.41879272460938,293.4637756347656,0,1038240,0.0
bred_vector_winter,2,10,60.0,t600,212.7566375732422,301.1300354003906,0,1038240,0.0
bred_vector_winter,2,10,60.0,t700,227.3843231201172,311.1936950683594,0,1038240,0.0
bred_vector_winter,2,10,60.0,t850,214.39414978027344,311.26617431640625,0,1038240,0.0
bred_vector_winter,2,10,60.0,t925,220.65072631835938,312.10870361328125,0,1038240,0.0
bred_vector_winter,2,10,60.0,t1000,227.16651916503906,316.63043212890625,0,1038240,0.0
bred_vector_winter,2,10,60.0,q50,-6.624470552196726e-05,6.895145634189248e-05,453205,1038240,0.436512752350131
bred_vector_winter,2,10,60.0,q100,-2.2812193492427468e-05,3.2887091947486624e-05,414490,1038240,0.39922368623824933
bred_vector_winter,2,10,60.0,q150,-3.4344440791755915e-05,9.747191506903619e-05,271353,1038240,0.26135864539990755
bred_vector_winter,2,10,60.0,q200,-0.00010544239194132388,0.0006421597208827734,249900,1038240,0.2406957928802589
bred_vector_winter,2,10,60.0,q250,-0.00040173818706534803,0.001910195336677134,212986,1038240,0.20514139312683002
bred_vector_winter,2,10,60.0,q300,-0.0007937883492559195,0.004076863173395395,130204,1038240,0.12540838341809216
bred_vector_winter,2,10,60.0,q400,-0.0022901501506567,0.010458413511514664,178382,1038240,0.17181191246725228
bred_vector_winter,2,10,60.0,q500,-0.003304455429315567,0.015888305380940437,128329,1038240,0.12360244259516104
bred_vector_winter,2,10,60.0,q600,-0.011889711022377014,0.021937545388936996,176151,1038240,0.16966308368007396
bred_vector_winter,2,10,60.0,q700,-0.01865803822875023,0.03343132138252258,203763,1038240,0.19625809061488672
bred_vector_winter,2,10,60.0,q850,-0.014405179768800735,0.028325071558356285,80151,1038240,0.07719891354600092
bred_vector_winter,2,10,60.0,q925,-0.009797528386116028,0.029601261019706726,55317,1038240,0.0532795885344429
bred_vector_winter,2,10,60.0,q1000,-0.010058518499135971,0.030819645151495934,43966,1038240,0.04234666358452766
bred_vector_winter,2,11,66.0,u10m,-25.29706573486328,29.504898071289062,0,1038240,0.0
bred_vector_winter,2,11,66.0,v10m,-26.27557945251465,37.68120574951172,0,1038240,0.0
bred_vector_winter,2,11,66.0,u100m,-30.34455680847168,39.630672454833984,0,1038240,0.0
bred_vector_winter,2,11,66.0,v100m,-35.61296463012695,43.624656677246094,0,1038240,0.0
bred_vector_winter,2,11,66.0,t2m,222.9357452392578,318.5730895996094,0,1038240,0.0
bred_vector_winter,2,11,66.0,sp,45071.56640625,106839.109375,0,1038240,0.0
bred_vector_winter,2,11,66.0,msl,91702.3984375,106833.609375,0,1038240,0.0
bred_vector_winter,2,11,66.0,tcwv,-39.830482482910156,127.4330062866211,81457,1038240,0.07845681152719988
bred_vector_winter,2,11,66.0,u50,-93.17424774169922,106.00888061523438,0,1038240,0.0
bred_vector_winter,2,11,66.0,u100,-87.74909973144531,103.61540222167969,0,1038240,0.0
bred_vector_winter,2,11,66.0,u150,-114.10200500488281,125.6226577758789,0,1038240,0.0
bred_vector_winter,2,11,66.0,u200,-139.04714965820312,113.6259994506836,0,1038240,0.0
bred_vector_winter,2,11,66.0,u250,-173.01943969726562,134.14732360839844,196,1038240,0.00018878101402373246
bred_vector_winter,2,11,66.0,u300,-166.1940155029297,109.92139434814453,177,1038240,0.00017048081368469718
bred_vector_winter,2,11,66.0,u400,-125.6907958984375,93.33842468261719,0,1038240,0.0
bred_vector_winter,2,11,66.0,u500,-119.68173217773438,71.2722396850586,0,1038240,0.0
bred_vector_winter,2,11,66.0,u600,-85.88935852050781,53.460079193115234,0,1038240,0.0
bred_vector_winter,2,11,66.0,u700,-59.44595718383789,55.95637512207031,0,1038240,0.0
bred_vector_winter,2,11,66.0,u850,-53.7088508605957,52.575958251953125,0,1038240,0.0
bred_vector_winter,2,11,66.0,u925,-48.88363265991211,49.82404708862305,0,1038240,0.0
bred_vector_winter,2,11,66.0,u1000,-31.605701446533203,30.586158752441406,0,1038240,0.0
bred_vector_winter,2,11,66.0,v50,-71.99503326416016,73.90180206298828,0,1038240,0.0
bred_vector_winter,2,11,66.0,v100,-98.99403381347656,84.66353607177734,0,1038240,0.0
bred_vector_winter,2,11,66.0,v150,-103.6182632446289,77.8508529663086,0,1038240,0.0
bred_vector_winter,2,11,66.0,v200,-88.1015625,93.24385833740234,0,1038240,0.0
bred_vector_winter,2,11,66.0,v250,-81.34477996826172,94.16753387451172,0,1038240,0.0
bred_vector_winter,2,11,66.0,v300,-71.8399429321289,90.61651611328125,0,1038240,0.0
bred_vector_winter,2,11,66.0,v400,-87.95166778564453,71.94268798828125,0,1038240,0.0
bred_vector_winter,2,11,66.0,v500,-55.18007278442383,52.4217414855957,0,1038240,0.0
bred_vector_winter,2,11,66.0,v600,-58.55520248413086,75.37213134765625,0,1038240,0.0
bred_vector_winter,2,11,66.0,v700,-60.906192779541016,66.860595703125,0,1038240,0.0
bred_vector_winter,2,11,66.0,v850,-51.11603927612305,64.36279296875,0,1038240,0.0
bred_vector_winter,2,11,66.0,v925,-41.10737991333008,61.4556884765625,0,1038240,0.0
bred_vector_winter,2,11,66.0,v1000,-28.155628204345703,40.57279968261719,0,1038240,0.0
bred_vector_winter,2,11,66.0,z50,188151.65625,216723.25,0,1038240,0.0
bred_vector_winter,2,11,66.0,z100,150281.234375,171075.1875,0,1038240,0.0
bred_vector_winter,2,11,66.0,z150,126212.5078125,148054.34375,0,1038240,0.0
bred_vector_winter,2,11,66.0,z200,105462.875,129330.25,0,1038240,0.0
bred_vector_winter,2,11,66.0,z250,90130.4921875,114099.84375,0,1038240,0.0
bred_vector_winter,2,11,66.0,z300,78144.203125,100425.5546875,0,1038240,0.0
bred_vector_winter,2,11,66.0,z400,59514.140625,78662.390625,0,1038240,0.0
bred_vector_winter,2,11,66.0,z500,45047.36328125,61133.7421875,0,1038240,0.0
bred_vector_winter,2,11,66.0,z600,32707.037109375,46454.92578125,0,1038240,0.0
bred_vector_winter,2,11,66.0,z700,21737.212890625,33875.91796875,0,1038240,0.0
bred_vector_winter,2,11,66.0,z850,6852.265625,17638.060546875,0,1038240,0.0
bred_vector_winter,2,11,66.0,z925,-183.34521484375,11072.720703125,0,1038240,0.0
bred_vector_winter,2,11,66.0,z1000,-6737.826171875,5055.54736328125,0,1038240,0.0
bred_vector_winter,2,11,66.0,t50,132.55126953125,271.9172058105469,13477,1038240,0.012980621051009401
bred_vector_winter,2,11,66.0,t100,142.07073974609375,282.99310302734375,387,1038240,0.00037274618585298196
bred_vector_winter,2,11,66.0,t150,176.77174377441406,276.2215270996094,0,1038240,0.0
bred_vector_winter,2,11,66.0,t200,197.2203826904297,268.1629333496094,0,1038240,0.0
bred_vector_winter,2,11,66.0,t250,201.5674285888672,268.709716796875,0,1038240,0.0
bred_vector_winter,2,11,66.0,t300,204.5223846435547,273.28887939453125,0,1038240,0.0
bred_vector_winter,2,11,66.0,t400,216.35690307617188,290.3938293457031,0,1038240,0.0
bred_vector_winter,2,11,66.0,t500,220.51638793945312,297.202880859375,0,1038240,0.0
bred_vector_winter,2,11,66.0,t600,216.38665771484375,299.82879638671875,0,1038240,0.0
bred_vector_winter,2,11,66.0,t700,234.51568603515625,313.0993957519531,0,1038240,0.0
bred_vector_winter,2,11,66.0,t850,216.47720336914062,308.80804443359375,0,1038240,0.0
bred_vector_winter,2,11,66.0,t925,218.8330078125,313.5205993652344,0,1038240,0.0
bred_vector_winter,2,11,66.0,t1000,224.48675537109375,318.0244140625,0,1038240,0.0
bred_vector_winter,2,11,66.0,q50,-6.50706933811307e-05,6.779345858376473e-05,452698,1038240,0.4360244259516104
bred_vector_winter,2,11,66.0,q100,-2.2446374714490958e-05,3.233888855902478e-05,411366,1038240,0.3962147480351364
bred_vector_winter,2,11,66.0,q150,-4.2228857637383044e-05,0.0001075666441465728,275247,1038240,0.26510922330097086
bred_vector_winter,2,11,66.0,q200,-0.00014427266432903707,0.0006137158488854766,253487,1038240,0.244150678070581
bred_vector_winter,2,11,66.0,q250,-0.00037295141373761,0.0017958061071112752,216512,1038240,0.2085375250423794
bred_vector_winter,2,11,66.0,q300,-0.0007323160534724593,0.003948790952563286,135814,1038240,0.13081175836030204
bred_vector_winter,2,11,66.0,q400,-0.0028850475791841745,0.01018030010163784,180299,1038240,0.17365830636461704
bred_vector_winter,2,11,66.0,q500,-0.0033318400382995605,0.01596079021692276,122893,1038240,0.11836665896131915
bred_vector_winter,2,11,66.0,q600,-0.01164464745670557,0.020365014672279358,181361,1038240,0.17468119124672524
bred_vector_winter,2,11,66.0,q700,-0.01995033398270607,0.029550647363066673,209366,1038240,0.20165472337802434
bred_vector_winter,2,11,66.0,q850,-0.012565406039357185,0.028580045327544212,85242,1038240,0.08210240406842348
bred_vector_winter,2,11,66.0,q925,-0.010918794199824333,0.029525883495807648,58718,1038240,0.05655532439513022
bred_vector_winter,2,11,66.0,q1000,-0.010775389149785042,0.0315672867000103,46952,1038240,0.04522268454307289
bred_vector_winter,2,12,72.0,u10m,-26.123260498046875,25.03089714050293,0,1038240,0.0
bred_vector_winter,2,12,72.0,v10m,-22.929706573486328,37.223575592041016,0,1038240,0.0
bred_vector_winter,2,12,72.0,u100m,-31.52309799194336,32.17552947998047,0,1038240,0.0
bred_vector_winter,2,12,72.0,v100m,-30.513696670532227,47.46662902832031,0,1038240,0.0
bred_vector_winter,2,12,72.0,t2m,217.38986206054688,321.0015563964844,0,1038240,0.0
bred_vector_winter,2,12,72.0,sp,45372.0859375,106655.015625,0,1038240,0.0
bred_vector_winter,2,12,72.0,msl,92101.8359375,107187.3828125,0,1038240,0.0
bred_vector_winter,2,12,72.0,tcwv,-37.66929626464844,139.27423095703125,83592,1038240,0.08051317614424411
bred_vector_winter,2,12,72.0,u50,-92.92515563964844,100.41912078857422,0,1038240,0.0
bred_vector_winter,2,12,72.0,u100,-87.56375885009766,106.38751983642578,0,1038240,0.0
bred_vector_winter,2,12,72.0,u150,-98.8862075805664,121.08306884765625,0,1038240,0.0
bred_vector_winter,2,12,72.0,u200,-128.4949493408203,113.5001220703125,0,1038240,0.0
bred_vector_winter,2,12,72.0,u250,-170.903076171875,123.42849731445312,117,1038240,0.00011269070735090152
bred_vector_winter,2,12,72.0,u300,-173.79022216796875,105.4842529296875,192,1038240,0.0001849283402681461
bred_vector_winter,2,12,72.0,u400,-103.36416625976562,98.11640167236328,0,1038240,0.0
bred_vector_winter,2,12,72.0,u500,-103.87664794921875,80.53413391113281,0,1038240,0.0
bred_vector_winter,2,12,72.0,u600,-79.84334564208984,57.52265167236328,0,1038240,0.0
bred_vector_winter,2,12,72.0,u700,-70.05763244628906,57.81943130493164,0,1038240,0.0
bred_vector_winter,2,12,72.0,u850,-63.519203186035156,54.10346603393555,0,1038240,0.0
bred_vector_winter,2,12,72.0,u925,-47.611289978027344,47.78776550292969,0,1038240,0.0
bred_vector_winter,2,12,72.0,u1000,-30.704912185668945,29.013227462768555,0,1038240,0.0
bred_vector_winter,2,12,72.0,v50,-65.11595916748047,72.48131561279297,0,1038240,0.0
bred_vector_winter,2,12,72.0,v100,-107.13261413574219,71.76293182373047,0,1038240,0.0
bred_vector_winter,2,12,72.0,v150,-100.0038070678711,58.02946853637695,0,1038240,0.0
bred_vector_winter,2,12,72.0,v200,-87.97135925292969,110.19371032714844,0,1038240,0.0
bred_vector_winter,2,12,72.0,v250,-85.887939453125,93.6513671875,0,1038240,0.0
bred_vector_winter,2,12,72.0,v300,-75.813232421875,97.6147689819336,0,1038240,0.0
bred_vector_winter,2,12,72.0,v400,-69.6554183959961,80.95257568359375,0,1038240,0.0
bred_vector_winter,2,12,72.0,v500,-50.409278869628906,53.62647247314453,0,1038240,0.0
bred_vector_winter,2,12,72.0,v600,-55.40406036376953,77.24203491210938,0,1038240,0.0
bred_vector_winter,2,12,72.0,v700,-56.20237350463867,63.53135299682617,0,1038240,0.0
bred_vector_winter,2,12,72.0,v850,-46.27452087402344,51.70136642456055,0,1038240,0.0
bred_vector_winter,2,12,72.0,v925,-37.268272399902344,60.003299713134766,0,1038240,0.0
bred_vector_winter,2,12,72.0,v1000,-25.0384578704834,38.970184326171875,0,1038240,0.0
bred_vector_winter,2,12,72.0,z50,187997.28125,217169.40625,0,1038240,0.0
bred_vector_winter,2,12,72.0,z100,150025.53125,172190.25,0,1038240,0.0
bred_vector_winter,2,12,72.0,z150,126020.9609375,148272.53125,0,1038240,0.0
bred_vector_winter,2,12,72.0,z200,104974.78125,129672.71875,0,1038240,0.0
bred_vector_winter,2,12,72.0,z250,90330.171875,114043.578125,0,1038240,0.0
bred_vector_winter,2,12,72.0,z300,78602.3828125,100577.2109375,0,1038240,0.0
bred_vector_winter,2,12,72.0,z400,60019.65625,78474.078125,0,1038240,0.0
bred_vector_winter,2,12,72.0,z500,45293.3359375,61005.79296875,0,1038240,0.0
bred_vector_winter,2,12,72.0,z600,32753.005859375,46336.34765625,0,1038240,0.0
bred_vector_winter,2,12,72.0,z700,21537.845703125,33694.32421875,0,1038240,0.0
bred_vector_winter,2,12,72.0,z850,6713.62646484375,17685.5625,0,1038240,0.0
bred_vector_winter,2,12,72.0,z925,64.62890625,11190.71484375,0,1038240,0.0
bred_vector_winter,2,12,72.0,z1000,-6509.93408203125,5267.29150390625,0,1038240,0.0
bred_vector_winter,2,12,72.0,t50,123.05863952636719,276.67901611328125,17139,1038240,0.016507743874248727
bred_vector_winter,2,12,72.0,t100,144.22328186035156,284.42706298828125,568,1038240,0.0005470796732932656
bred_vector_winter,2,12,72.0,t150,177.84286499023438,278.2424621582031,0,1038240,0.0
bred_vector_winter,2,12,72.0,t200,196.719482421875,269.6807861328125,0,1038240,0.0
bred_vector_winter,2,12,72.0,t250,202.03367614746094,267.337158203125,0,1038240,0.0
bred_vector_winter,2,12,72.0,t300,203.20021057128906,272.04400634765625,0,1038240,0.0
bred_vector_winter,2,12,72.0,t400,217.4400177001953,286.8804016113281,0,1038240,0.0
bred_vector_winter,2,12,72.0,t500,218.23504638671875,296.27130126953125,0,1038240,0.0
bred_vector_winter,2,12,72.0,t600,205.61502075195312,300.653564453125,0,1038240,0.0
bred_vector_winter,2,12,72.0,t700,233.36314392089844,315.64080810546875,0,1038240,0.0
bred_vector_winter,2,12,72.0,t850,217.0509033203125,308.1775207519531,0,1038240,0.0
bred_vector_winter,2,12,72.0,t925,221.2122039794922,311.2231750488281,0,1038240,0.0
bred_vector_winter,2,12,72.0,t1000,225.75616455078125,317.47705078125,0,1038240,0.0
bred_vector_winter,2,12,72.0,q50,-6.391591159626842e-05,6.663302337983623e-05,452199,1038240,0.435543804900601
bred_vector_winter,2,12,72.0,q100,-2.1851905330549926e-05,3.1629548175260425e-05,407603,1038240,0.3925903451995685
bred_vector_winter,2,12,72.0,q150,-3.91291941923555e-05,0.0001151660835603252,277206,1038240,0.2669960702727693
bred_vector_winter,2,12,72.0,q200,-0.00013257587852422148,0.0005704046343453228,260892,1038240,0.2512829403606103
bred_vector_winter,2,12,72.0,q250,-0.00040040057501755655,0.0017639751313254237,205736,1038240,0.19815842194482972
bred_vector_winter,2,12,72.0,q300,-0.0007426557131111622,0.003779865335673094,129961,1038240,0.12517433348744028
bred_vector_winter,2,12,72.0,q400,-0.00292899995110929,0.010212932713329792,180519,1038240,0.1738702034211743
bred_vector_winter,2,12,72.0,q500,-0.0041605387814342976,0.016729656606912613,118151,1038240,0.11379931422407151
bred_vector_winter,2,12,72.0,q600,-0.011563923209905624,0.020702440291643143,171056,1038240,0.16475574048389582
bred_vector_winter,2,12,72.0,q700,-0.01704968884587288,0.0322038009762764,215989,1038240,0.20803378794883648
bred_vector_winter,2,12,72.0,q850,-0.012568328529596329,0.02902664802968502,90630,1038240,0.08729195561719834
bred_vector_winter,2,12,72.0,q925,-0.012630593031644821,0.02934226579964161,61285,1038240,0.059027777777777776
bred_vector_winter,2,12,72.0,q1000,-0.012865496799349785,0.03191283717751503,50551,1038240,0.048689127754661735
bred_vector_winter,2,13,78.0,u10m,-24.52193260192871,25.43541717529297,0,1038240,0.0
bred_vector_winter,2,13,78.0,v10m,-20.225725173950195,30.183475494384766,0,1038240,0.0
bred_vector_winter,2,13,78.0,u100m,-30.29979133605957,32.4835319519043,0,1038240,0.0
bred_vector_winter,2,13,78.0,v100m,-26.546791076660156,38.98020553588867,0,1038240,0.0
bred_vector_winter,2,13,78.0,t2m,219.4029541015625,319.2995300292969,0,1038240,0.0
bred_vector_winter,2,13,78.0,sp,45152.84375,106596.9921875,0,1038240,0.0
bred_vector_winter,2,13,78.0,msl,91375.265625,107176.3125,0,1038240,0.0
bred_vector_winter,2,13,78.0,tcwv,-41.860816955566406,135.7187042236328,85599,1038240,0.08244625520110957
bred_vector_winter,2,13,78.0,u50,-90.07832336425781,104.4618911743164,0,1038240,0.0
bred_vector_winter,2,13,78.0,u100,-81.857177734375,102.89418029785156,0,1038240,0.0
bred_vector_winter,2,13,78.0,u150,-97.08818054199219,122.1359634399414,0,1038240,0.0
bred_vector_winter,2,13,78.0,u200,-118.05826568603516,109.67974853515625,0,1038240,0.0
bred_vector_winter,2,13,78.0,u250,-153.79266357421875,125.38258361816406,7,1038240,6.74217907227616e-06
bred_vector_winter,2,13,78.0,u300,-161.19839477539062,107.94287872314453,108,1038240,0.00010402219140083218
bred_vector_winter,2,13,78.0,u400,-125.49003601074219,88.44038391113281,0,1038240,0.0
bred_vector_winter,2,13,78.0,u500,-92.33528137207031,70.32562255859375,0,1038240,0.0
bred_vector_winter,2,13,78.0,u600,-68.83902740478516,52.29768753051758,0,1038240,0.0
bred_vector_winter,2,13,78.0,u700,-53.668418884277344,50.37688064575195,0,1038240,0.0
bred_vector_winter,2,13,78.0,u850,-51.37422561645508,50.12445831298828,0,1038240,0.0
bred_vector_winter,2,13,78.0,u925,-38.38852310180664,39.726009368896484,0,1038240,0.0
bred_vector_winter,2,13,78.0,u1000,-30.428422927856445,28.36345863342285,0,1038240,0.0
bred_vector_winter,2,13,78.0,v50,-65.78523254394531,75.54387664794922,0,1038240,0.0
bred_vector_winter,2,13,78.0,v100,-99.5086669921875,91.152099609375,0,1038240,0.0
bred_vector_winter,2,13,78.0,v150,-98.00885009765625,64.8019027709961,0,1038240,0.0
bred_vector_winter,2,13,78.0,v200,-80.79241943359375,140.1136016845703,0,1038240,0.0
bred_vector_winter,2,13,78.0,v250,-103.78807830810547,99.5550537109375,0,1038240,0.0
bred_vector_winter,2,13,78.0,v300,-73.9737548828125,91.2920150756836,0,1038240,0.0
bred_vector_winter,2,13,78.0,v400,-55.582794189453125,66.2851791381836,0,1038240,0.0
bred_vector_winter,2,13,78.0,v500,-49.945831298828125,49.89044189453125,0,1038240,0.0
bred_vector_winter,2,13,78.0,v600,-52.88865661621094,83.9317626953125,0,1038240,0.0
bred_vector_winter,2,13,78.0,v700,-52.171241760253906,53.888038635253906,0,1038240,0.0
bred_vector_winter,2,13,78.0,v850,-41.6456184387207,35.183353424072266,0,1038240,0.0
bred_vector_winter,2,13,78.0,v925,-32.23369216918945,40.191307067871094,0,1038240,0.0
bred_vector_winter,2,13,78.0,v1000,-21.87642478942871,32.91421127319336,0,1038240,0.0
bred_vector_winter,2,13,78.0,z50,187736.078125,217364.328125,0,1038240,0.0
bred_vector_winter,2,13,78.0,z100,150196.09375,172921.609375,0,1038240,0.0
bred_vector_winter,2,13,78.0,z150,125880.1640625,148497.296875,0,1038240,0.0
bred_vector_winter,2,13,78.0,z200,105030.4609375,129744.1171875,0,1038240,0.0
bred_vector_winter,2,13,78.0,z250,90556.7734375,114171.9921875,0,1038240,0.0
bred_vector_winter,2,13,78.0,z300,78935.921875,100504.8515625,0,1038240,0.0
bred_vector_winter,2,13,78.0,z400,60036.484375,78275.1484375,0,1038240,0.0
bred_vector_winter,2,13,78.0,z500,45397.9609375,60891.0234375,0,1038240,0.0
bred_vector_winter,2,13,78.0,z600,32354.380859375,46370.0390625,0,1038240,0.0
bred_vector_winter,2,13,78.0,z700,20982.4921875,33627.140625,0,1038240,0.0
bred_vector_winter,2,13,78.0,z850,5958.7841796875,17687.296875,0,1038240,0.0
bred_vector_winter,2,13,78.0,z925,-632.92236328125,11147.984375,0,1038240,0.0
bred_vector_winter,2,13,78.0,z1000,-6880.705078125,5269.4921875,0,1038240,0.0
bred_vector_winter,2,13,78.0,t50,119.8294448852539,278.44732666015625,19216,1038240,0.018508244721836955
bred_vector_winter,2,13,78.0,t100,147.83639526367188,286.66827392578125,229,1038240,0.00022056557250732007
bred_vector_winter,2,13,78.0,t150,179.65969848632812,278.9935607910156,0,1038240,0.0
bred_vector_winter,2,13,78.0,t200,195.529541015625,270.3665771484375,0,1038240,0.0
bred_vector_winter,2,13,78.0,t250,199.5499267578125,266.83001708984375,0,1038240,0.0
bred_vector_winter,2,13,78.0,t300,205.5153045654297,271.8896484375,0,1038240,0.0
bred_vector_winter,2,13,78.0,t400,218.66661071777344,289.3418884277344,0,1038240,0.0
bred_vector_winter,2,13,78.0,t500,217.35733032226562,295.7506103515625,0,1038240,0.0
bred_vector_winter,2,13,78.0,t600,209.83660888671875,300.6617126464844,0,1038240,0.0
bred_vector_winter,2,13,78.0,t700,234.29769897460938,314.8181457519531,0,1038240,0.0
bred_vector_winter,2,13,78.0,t850,218.87181091308594,312.7182312011719,0,1038240,0.0
bred_vector_winter,2,13,78.0,t925,223.48858642578125,312.6294860839844,0,1038240,0.0
bred_vector_winter,2,13,78.0,t1000,228.89334106445312,318.9471130371094,0,1038240,0.0
bred_vector_winter,2,13,78.0,q50,-6.276219937717542e-05,6.550980469910428e-05,451670,1038240,0.4350342887964247
bred_vector_winter,2,13,78.0,q100,-2.134222086169757e-05,3.074812047998421e-05,403347,1038240,0.3884911003236246
bred_vector_winter,2,13,78.0,q150,-3.498547084745951e-05,0.00011755360901588574,279649,1038240,0.26934909076899366
bred_vector_winter,2,13,78.0,q200,-0.00013336396659724414,0.000580639869440347,261607,1038240,0.25197160579442135
bred_vector_winter,2,13,78.0,q250,-0.00037581977085210383,0.0017029371811076999,202686,1038240,0.1952207582061951
bred_vector_winter,2,13,78.0,q300,-0.0006998837925493717,0.0037135982420295477,128697,1038240,0.12395688858067498
bred_vector_winter,2,13,78.0,q400,-0.002641853643581271,0.010044676251709461,184107,1038240,0.17732605177993527
bred_vector_winter,2,13,78.0,q500,-0.0036335266195237637,0.015499215573072433,116880,1038240,0.11257512713823394
bred_vector_winter,2,13,78.0,q600,-0.011586152948439121,0.02152765728533268,171208,1038240,0.1649021420866081
bred_vector_winter,2,13,78.0,q700,-0.017389321699738503,0.03285488113760948,221258,1038240,0.21310872245338264
bred_vector_winter,2,13,78.0,q850,-0.014678599312901497,0.03073904663324356,94926,1038240,0.0914297272306981
bred_vector_winter,2,13,78.0,q925,-0.012350797653198242,0.030554860830307007,62560,1038240,0.060255817537370936
bred_vector_winter,2,13,78.0,q1000,-0.013066357001662254,0.03274780884385109,51182,1038240,0.04929688703960548
bred_vector_winter,2,14,84.0,u10m,-25.40911102294922,27.420907974243164,0,1038240,0.0
bred_vector_winter,2,14,84.0,v10m,-23.145668029785156,25.293779373168945,0,1038240,0.0
bred_vector_winter,2,14,84.0,u100m,-31.626792907714844,38.80879592895508,0,1038240,0.0
bred_vector_winter,2,14,84.0,v100m,-28.51289176940918,31.527070999145508,0,1038240,0.0
bred_vector_winter,2,14,84.0,t2m,220.99932861328125,318.93878173828125,0,1038240,0.0
bred_vector_winter,2,14,84.0,sp,45278.33984375,106580.09375,0,1038240,0.0
bred_vector_winter,2,14,84.0,msl,91358.734375,107321.0234375,0,1038240,0.0
bred_vector_winter,2,14,84.0,tcwv,-43.383323669433594,148.0792694091797,88493,1038240,0.08523366466327631
bred_vector_winter,2,14,84.0,u50,-88.0872802734375,103.45006561279297,0,1038240,0.0
bred_vector_winter,2,14,84.0,u100,-82.05292510986328,115.97100067138672,0,1038240,0.0
bred_vector_winter,2,14,84.0,u150,-108.85906982421875,119.03516387939453,0,1038240,0.0
bred_vector_winter,2,14,84.0,u200,-124.49616241455078,118.1667709350586,0,1038240,0.0
bred_vector_winter,2,14,84.0,u250,-150.9360809326172,125.05224609375,10,1038240,9.631684388965943e-06
bred_vector_winter,2,14,84.0,u300,-159.71043395996094,96.3957748413086,84,1038240,8.090614886731392e-05
bred_vector_winter,2,14,84.0,u400,-127.11248779296875,86.06085205078125,0,1038240,0.0
bred_vector_winter,2,14,84.0,u500,-83.3770980834961,64.797607421875,0,1038240,0.0
bred_vector_winter,2,14,84.0,u600,-65.92784118652344,55.03859329223633,0,1038240,0.0
bred_vector_winter,2,14,84.0,u700,-52.70289993286133,56.43510055541992,0,1038240,0.0
bred_vector_winter,2,14,84.0,u850,-46.79301452636719,57.65760803222656,0,1038240,0.0
bred_vector_winter,2,14,84.0,u925,-36.4557991027832,50.55767059326172,0,1038240,0.0
bred_vector_winter,2,14,84.0,u1000,-28.29393768310547,30.857141494750977,0,1038240,0.0
bred_vector_winter,2,14,84.0,v50,-71.55985260009766,74.24815368652344,0,1038240,0.0
bred_vector_winter,2,14,84.0,v100,-99.19500732421875,101.31995391845703,0,1038240,0.0
bred_vector_winter,2,14,84.0,v150,-93.93168640136719,76.5069808959961,0,1038240,0.0
bred_vector_winter,2,14,84.0,v200,-80.41924285888672,122.93193817138672,0,1038240,0.0
bred_vector_winter,2,14,84.0,v250,-120.09713745117188,97.0384750366211,0,1038240,0.0
bred_vector_winter,2,14,84.0,v300,-82.17835235595703,82.37544250488281,0,1038240,0.0
bred_vector_winter,2,14,84.0,v400,-54.12543869018555,63.37717056274414,0,1038240,0.0
bred_vector_winter,2,14,84.0,v500,-47.97969055175781,49.30907440185547,0,1038240,0.0
bred_vector_winter,2,14,84.0,v600,-52.47412109375,71.86026000976562,0,1038240,0.0
bred_vector_winter,2,14,84.0,v700,-56.751991271972656,58.45909881591797,0,1038240,0.0
bred_vector_winter,2,14,84.0,v850,-43.097618103027344,32.30976486206055,0,1038240,0.0
bred_vector_winter,2,14,84.0,v925,-33.50209426879883,39.10382080078125,0,1038240,0.0
bred_vector_winter,2,14,84.0,v1000,-23.831762313842773,27.705812454223633,0,1038240,0.0
bred_vector_winter,2,14,84.0,z50,187572.921875,217439.3125,0,1038240,0.0
bred_vector_winter,2,14,84.0,z100,150278.09375,173338.484375,0,1038240,0.0
bred_vector_winter,2,14,84.0,z150,125458.90625,148616.515625,0,1038240,0.0
bred_vector_winter,2,14,84.0,z200,104928.9453125,129926.21875,0,1038240,0.0
bred_vector_winter,2,14,84.0,z250,90912.6484375,114058.7421875,0,1038240,0.0
bred_vector_winter,2,14,84.0,z300,79124.125,100414.25,0,1038240,0.0
bred_vector_winter,2,14,84.0,z400,60363.7578125,78259.4765625,0,1038240,0.0
bred_vector_winter,2,14,84.0,z500,45501.37109375,61005.74609375,0,1038240,0.0
bred_vector_winter,2,14,84.0,z600,32341.001953125,46446.50390625,0,1038240,0.0
bred_vector_winter,2,14,84.0,z700,20871.091796875,33481.52734375,0,1038240,0.0
bred_vector_winter,2,14,84.0,z850,5973.51904296875,17650.966796875,0,1038240,0.0
bred_vector_winter,2,14,84.0,z925,-592.51171875,11135.884765625,0,1038240,0.0
bred_vector_winter,2,14,84.0,z1000,-6901.41650390625,5347.5068359375,0,1038240,0.0
bred_vector_winter,2,14,84.0,t50,117.06659698486328,282.730712890625,20286,1038240,0.01953883495145631
bred_vector_winter,2,14,84.0,t100,147.77699279785156,284.9818420410156,43,1038240,4.1416242872553555e-05
bred_vector_winter,2,14,84.0,t150,178.8203125,278.0464172363281,0,1038240,0.0
bred_vector_winter,2,14,84.0,t200,193.65057373046875,271.3323974609375,0,1038240,0.0
bred_vector_winter,2,14,84.0,t250,202.33937072753906,268.0667419433594,0,1038240,0.0
bred_vector_winter,2,14,84.0,t300,204.5342559814453,272.88482666015625,0,1038240,0.0
bred_vector_winter,2,14,84.0,t400,218.8277130126953,293.48138427734375,0,1038240,0.0
bred_vector_winter,2,14,84.0,t500,214.4274444580078,294.6401062011719,0,1038240,0.0
bred_vector_winter,2,14,84.0,t600,217.22964477539062,301.31195068359375,0,1038240,0.0
bred_vector_winter,2,14,84.0,t700,236.3629150390625,315.20599365234375,0,1038240,0.0
bred_vector_winter,2,14,84.0,t850,221.45094299316406,309.3985595703125,0,1038240,0.0
bred_vector_winter,2,14,84.0,t925,227.47193908691406,311.7984619140625,0,1038240,0.0
bred_vector_winter,2,14,84.0,t1000,232.27371215820312,318.21490478515625,0,1038240,0.0
bred_vector_winter,2,14,84.0,q50,-6.162039062473923e-05,6.440744618885219e-05,451140,1038240,0.43452380952380953
bred_vector_winter,2,14,84.0,q100,-2.0862735254922882e-05,2.98588474834105e-05,399127,1038240,0.384426529511481
bred_vector_winter,2,14,84.0,q150,-3.8800022593932226e-05,0.00011793143494287506,279612,1038240,0.2693134535367545
bred_vector_winter,2,14,84.0,q200,-0.00012584327487275004,0.0005342351505532861,251513,1038240,0.2422493835721991
bred_vector_winter,2,14,84.0,q250,-0.00033667197567410767,0.0016542943194508553,193435,1038240,0.1863104869779627
bred_vector_winter,2,14,84.0,q300,-0.0005875424249097705,0.003414064645767212,129930,1038240,0.1251444752658345
bred_vector_winter,2,14,84.0,q400,-0.0024554040282964706,0.010740783996880054,187803,1038240,0.1808859223300971
bred_vector_winter,2,14,84.0,q500,-0.004351211246103048,0.015935363247990608,125285,1038240,0.12067055786715981
bred_vector_winter,2,14,84.0,q600,-0.011813035234808922,0.024456515908241272,172910,1038240,0.1665414547696101
bred_vector_winter,2,14,84.0,q700,-0.019257044419646263,0.034876979887485504,224717,1038240,0.21644032208352595
bred_vector_winter,2,14,84.0,q850,-0.01181303896009922,0.03016095608472824,98843,1038240,0.09520245800585607
bred_vector_winter,2,14,84.0,q925,-0.014166444540023804,0.031947340816259384,63960,1038240,0.06160425335182617
bred_vector_winter,2,14,84.0,q1000,-0.014479836449027061,0.03271382302045822,54385,1038240,0.05238191554939128
bred_vector_winter,2,15,90.0,u10m,-29.91507339477539,24.897159576416016,0,1038240,0.0
bred_vector_winter,2,15,90.0,v10m,-25.14113998413086,28.79547691345215,0,1038240,0.0
bred_vector_winter,2,15,90.0,u100m,-36.45930480957031,33.509925842285156,0,1038240,0.0
bred_vector_winter,2,15,90.0,v100m,-31.307273864746094,34.21965408325195,0,1038240,0.0
bred_vector_winter,2,15,90.0,t2m,210.74647521972656,320.7159423828125,0,1038240,0.0
bred_vector_winter,2,15,90.0,sp,45744.7734375,106587.8125,0,1038240,0.0
bred_vector_winter,2,15,90.0,msl,91472.9296875,106976.3046875,0,1038240,0.0
bred_vector_winter,2,15,90.0,tcwv,-47.838287353515625,151.69053649902344,92994,1038240,0.08956888580674989
bred_vector_winter,2,15,90.0,u50,-90.50057220458984,103.06319427490234,0,1038240,0.0
bred_vector_winter,2,15,90.0,u100,-77.52925109863281,116.3710708618164,0,1038240,0.0
bred_vector_winter,2,15,90.0,u150,-102.66474914550781,109.98529052734375,0,1038240,0.0
bred_vector_winter,2,15,90.0,u200,-109.9521255493164,115.81828308105469,0,1038240,0.0
bred_vector_winter,2,15,90.0,u250,-147.58457946777344,117.26690673828125,0,1038240,0.0
bred_vector_winter,2,15,90.0,u300,-147.55813598632812,115.67340850830078,0,1038240,0.0
bred_vector_winter,2,15,90.0,u400,-86.72444152832031,79.30455017089844,0,1038240,0.0
bred_vector_winter,2,15,90.0,u500,-69.8864974975586,65.80648040771484,0,1038240,0.0
bred_vector_winter,2,15,90.0,u600,-69.0915298461914,50.604312896728516,0,1038240,0.0
bred_vector_winter,2,15,90.0,u700,-60.768001556396484,54.63838577270508,0,1038240,0.0
bred_vector_winter,2,15,90.0,u850,-51.996986389160156,56.257774353027344,0,1038240,0.0
bred_vector_winter,2,15,90.0,u925,-40.47526931762695,46.623046875,0,1038240,0.0
bred_vector_winter,2,15,90.0,u1000,-30.519784927368164,28.965858459472656,0,1038240,0.0
bred_vector_winter,2,15,90.0,v50,-64.87177276611328,62.80803298950195,0,1038240,0.0
bred_vector_winter,2,15,90.0,v100,-100.54879760742188,113.25839233398438,0,1038240,0.0
bred_vector_winter,2,15,90.0,v150,-94.23672485351562,84.48207092285156,0,1038240,0.0
bred_vector_winter,2,15,90.0,v200,-83.8528823852539,120.8317642211914,0,1038240,0.0
bred_vector_winter,2,15,90.0,v250,-103.12914276123047,107.01476287841797,0,1038240,0.0
bred_vector_winter,2,15,90.0,v300,-69.53755950927734,92.37210845947266,0,1038240,0.0
bred_vector_winter,2,15,90.0,v400,-54.522186279296875,71.66889953613281,0,1038240,0.0
bred_vector_winter,2,15,90.0,v500,-51.0353889465332,52.0653076171875,0,1038240,0.0
bred_vector_winter,2,15,90.0,v600,-49.72700500488281,67.72464752197266,0,1038240,0.0
bred_vector_winter,2,15,90.0,v700,-55.2843017578125,54.56367874145508,0,1038240,0.0
bred_vector_winter,2,15,90.0,v850,-35.771793365478516,38.769317626953125,0,1038240,0.0
bred_vector_winter,2,15,90.0,v925,-31.462953567504883,36.99930191040039,0,1038240,0.0
bred_vector_winter,2,15,90.0,v1000,-23.4421443939209,27.864370346069336,0,1038240,0.0
bred_vector_winter,2,15,90.0,z50,187234.203125,217643.15625,0,1038240,0.0
bred_vector_winter,2,15,90.0,z100,150139.703125,173298.4375,0,1038240,0.0
bred_vector_winter,2,15,90.0,z150,125814.4375,148815.796875,0,1038240,0.0
bred_vector_winter,2,15,90.0,z200,105018.734375,129927.0703125,0,1038240,0.0
bred_vector_winter,2,15,90.0,z250,90452.390625,114079.8125,0,1038240,0.0
bred_vector_winter,2,15,90.0,z300,78983.4921875,100399.453125,0,1038240,0.0
bred_vector_winter,2,15,90.0,z400,60231.10546875,78366.765625,0,1038240,0.0
bred_vector_winter,2,15,90.0,z500,45415.0859375,61032.46484375,0,1038240,0.0
bred_vector_winter,2,15,90.0,z600,32512.322265625,46431.92578125,0,1038240,0.0
bred_vector_winter,2,15,90.0,z700,21209.33984375,33337.1171875,0,1038240,0.0
bred_vector_winter,2,15,90.0,z850,6228.65234375,17601.81640625,0,1038240,0.0
bred_vector_winter,2,15,90.0,z925,-395.5390625,11009.5595703125,0,1038240,0.0
bred_vector_winter,2,15,90.0,z1000,-6742.43701171875,5141.296875,0,1038240,0.0
bred_vector_winter,2,15,90.0,t50,115.04740905761719,284.1560974121094,20424,1038240,0.01967175219602404
bred_vector_winter,2,15,90.0,t100,148.63027954101562,286.8238525390625,18,1038240,1.7337031900138696e-05
bred_vector_winter,2,15,90.0,t150,176.22865295410156,277.8622131347656,0,1038240,0.0
bred_vector_winter,2,15,90.0,t200,194.49615478515625,267.83209228515625,0,1038240,0.0
bred_vector_winter,2,15,90.0,t250,202.7589874267578,269.475341796875,0,1038240,0.0
bred_vector_winter,2,15,90.0,t300,205.76466369628906,273.9300537109375,0,1038240,0.0
bred_vector_winter,2,15,90.0,t400,216.608154296875,292.04547119140625,0,1038240,0.0
bred_vector_winter,2,15,90.0,t500,212.75665283203125,295.3895263671875,0,1038240,0.0
bred_vector_winter,2,15,90.0,t600,219.410888671875,301.4754333496094,0,1038240,0.0
bred_vector_winter,2,15,90.0,t700,238.78079223632812,313.91827392578125,0,1038240,0.0
bred_vector_winter,2,15,90.0,t850,224.05752563476562,312.53533935546875,0,1038240,0.0
bred_vector_winter,2,15,90.0,t925,230.36843872070312,312.17529296875,0,1038240,0.0
bred_vector_winter,2,15,90.0,t1000,235.2174530029297,318.3902587890625,0,1038240,0.0
bred_vector_winter,2,15,90.0,q50,-6.050643423805013e-05,6.335297075565904e-05,450653,1038240,0.4340547464940669
bred_vector_winter,2,15,90.0,q100,-2.05014966923045e-05,2.9366921808104962e-05,396327,1038240,0.3817296578825705
bred_vector_winter,2,15,90.0,q150,-3.8538648368557915e-05,0.00013818936713505536,278306,1038240,0.26805555555555555
bred_vector_winter,2,15,90.0,q200,-0.0001463075022911653,0.000572068733163178,251467,1038240,0.24220507782400985
bred_vector_winter,2,15,90.0,q250,-0.0003352221683599055,0.0016033835709095001,184931,1038240,0.17811970257358606
bred_vector_winter,2,15,90.0,q300,-0.000629307352937758,0.0033445677254348993,130585,1038240,0.12577535059331177
bred_vector_winter,2,15,90.0,q400,-0.0024407939054071903,0.010895461775362492,191114,1038240,0.1840749730312837
bred_vector_winter,2,15,90.0,q500,-0.0049693388864398,0.017250601202249527,129791,1038240,0.12501059485282787
bred_vector_winter,2,15,90.0,q600,-0.013770060613751411,0.026698710396885872,178057,1038240,0.1714988827246109
bred_vector_winter,2,15,90.0,q700,-0.01668805256485939,0.03830140084028244,228084,1038240,0.2196833102172908
bred_vector_winter,2,15,90.0,q850,-0.014256684109568596,0.029696600511670113,98407,1038240,0.09478251656649715
bred_vector_winter,2,15,90.0,q925,-0.015094537287950516,0.03064155951142311,65861,1038240,0.06343523655416859
bred_vector_winter,2,15,90.0,q1000,-0.014542404562234879,0.032327428460121155,55399,1038240,0.053358568346432426
bred_vector_winter,2,16,96.0,u10m,-30.110387802124023,25.49148941040039,0,1038240,0.0
bred_vector_winter,2,16,96.0,v10m,-22.657310485839844,21.151954650878906,0,1038240,0.0
bred_vector_winter,2,16,96.0,u100m,-38.147708892822266,33.22533416748047,0,1038240,0.0
bred_vector_winter,2,16,96.0,v100m,-30.873493194580078,27.523073196411133,0,1038240,0.0
bred_vector_winter,2,16,96.0,t2m,211.7395477294922,320.42987060546875,0,1038240,0.0
bred_vector_winter,2,16,96.0,sp,46204.6640625,106626.609375,0,1038240,0.0
bred_vector_winter,2,16,96.0,msl,91446.6640625,106682.8671875,0,1038240,0.0
bred_vector_winter,2,16,96.0,tcwv,-51.38092041015625,157.09686279296875,94199,1038240,0.09072950377562028
bred_vector_winter,2,16,96.0,u50,-92.34102630615234,96.20671081542969,0,1038240,0.0
bred_vector_winter,2,16,96.0,u100,-75.75920104980469,116.23493194580078,0,1038240,0.0
bred_vector_winter,2,16,96.0,u150,-116.18521881103516,105.59365844726562,0,1038240,0.0
bred_vector_winter,2,16,96.0,u200,-112.73307800292969,118.99894714355469,0,1038240,0.0
bred_vector_winter,2,16,96.0,u250,-155.14260864257812,120.49504089355469,11,1038240,1.0594852827862536e-05
bred_vector_winter,2,16,96.0,u300,-137.171142578125,108.91748809814453,0,1038240,0.0
bred_vector_winter,2,16,96.0,u400,-76.99472045898438,96.2041244506836,0,1038240,0.0
bred_vector_winter,2,16,96.0,u500,-71.4449234008789,63.727256774902344,0,1038240,0.0
bred_vector_winter,2,16,96.0,u600,-70.8000717163086,52.18642044067383,0,1038240,0.0
bred_vector_winter,2,16,96.0,u700,-62.5650520324707,54.99159240722656,0,1038240,0.0
bred_vector_winter,2,16,96.0,u850,-61.251216888427734,49.21183395385742,0,1038240,0.0
bred_vector_winter,2,16,96.0,u925,-46.95878219604492,39.125736236572266,0,1038240,0.0
bred_vector_winter,2,16,96.0,u1000,-33.21550369262695,26.029043197631836,0,1038240,0.0
bred_vector_winter,2,16,96.0,v50,-70.26570892333984,66.43098449707031,0,1038240,0.0
bred_vector_winter,2,16,96.0,v100,-94.3293228149414,121.11154174804688,0,1038240,0.0
bred_vector_winter,2,16,96.0,v150,-99.94406127929688,87.36592102050781,0,1038240,0.0
bred_vector_winter,2,16,96.0,v200,-88.47911071777344,116.5005111694336,0,1038240,0.0
bred_vector_winter,2,16,96.0,v250,-77.427734375,103.46421813964844,0,1038240,0.0
bred_vector_winter,2,16,96.0,v300,-61.646419525146484,91.12633514404297,0,1038240,0.0
bred_vector_winter,2,16,96.0,v400,-53.60901641845703,74.10707092285156,0,1038240,0.0
bred_vector_winter,2,16,96.0,v500,-50.488834381103516,49.500370025634766,0,1038240,0.0
bred_vector_winter,2,16,96.0,v600,-45.11626052856445,56.19482421875,0,1038240,0.0
bred_vector_winter,2,16,96.0,v700,-48.422428131103516,62.17796325683594,0,1038240,0.0
bred_vector_winter,2,16,96.0,v850,-36.6341552734375,33.81111145019531,0,1038240,0.0
bred_vector_winter,2,16,96.0,v925,-33.094627380371094,32.727027893066406,0,1038240,0.0
bred_vector_winter,2,16,96.0,v1000,-21.568872451782227,28.700395584106445,0,1038240,0.0
bred_vector_winter,2,16,96.0,z50,186803.71875,218023.0625,0,1038240,0.0
bred_vector_winter,2,16,96.0,z100,149925.28125,173624.25,0,1038240,0.0
bred_vector_winter,2,16,96.0,z150,126172.140625,149072.96875,0,1038240,0.0
bred_vector_winter,2,16,96.0,z200,105426.3125,130037.40625,0,1038240,0.0
bred_vector_winter,2,16,96.0,z250,90606.1953125,114078.3984375,0,1038240,0.0
bred_vector_winter,2,16,96.0,z300,78913.765625,100413.1171875,0,1038240,0.0
bred_vector_winter,2,16,96.0,z400,59828.34375,77988.3359375,0,1038240,0.0
bred_vector_winter,2,16,96.0,z500,45339.7578125,60829.921875,0,1038240,0.0
bred_vector_winter,2,16,96.0,z600,32545.515625,46313.43359375,0,1038240,0.0
bred_vector_winter,2,16,96.0,z700,21234.4609375,33211.03125,0,1038240,0.0
bred_vector_winter,2,16,96.0,z850,6379.62890625,17645.626953125,0,1038240,0.0
bred_vector_winter,2,16,96.0,z925,-355.32470703125,10979.310546875,0,1038240,0.0
bred_vector_winter,2,16,96.0,z1000,-6779.97412109375,4958.361328125,0,1038240,0.0
bred_vector_winter,2,16,96.0,t50,118.15501403808594,281.7668762207031,21007,1038240,0.020233279395900756
bred_vector_winter,2,16,96.0,t100,149.9854736328125,288.903076171875,1,1038240,9.631684388965943e-07
bred_vector_winter,2,16,96.0,t150,172.5079345703125,276.2119445800781,0,1038240,0.0
bred_vector_winter,2,16,96.0,t200,193.87196350097656,270.3982849121094,0,1038240,0.0
bred_vector_winter,2,16,96.0,t250,202.16514587402344,269.7673645019531,0,1038240,0.0
bred_vector_winter,2,16,96.0,t300,206.59518432617188,273.93890380859375,0,1038240,0.0
bred_vector_winter,2,16,96.0,t400,212.67245483398438,291.6557922363281,0,1038240,0.0
bred_vector_winter,2,16,96.0,t500,210.913330078125,296.4557189941406,0,1038240,0.0
bred_vector_winter,2,16,96.0,t600,216.22276306152344,301.448974609375,0,1038240,0.0
bred_vector_winter,2,16,96.0,t700,238.05055236816406,314.52545166015625,0,1038240,0.0
bred_vector_winter,2,16,96.0,t850,223.41839599609375,312.89813232421875,0,1038240,0.0
bred_vector_winter,2,16,96.0,t925,229.2400360107422,312.63604736328125,0,1038240,0.0
bred_vector_winter,2,16,96.0,t1000,234.9469757080078,319.2404479980469,0,1038240,0.0
bred_vector_winter,2,16,96.0,q50,-5.940587288932875e-05,6.229627615539357e-05,450104,1038240,0.4335259670211127
bred_vector_winter,2,16,96.0,q100,-2.0355655578896403e-05,2.8679240131168626e-05,395176,1038240,0.3806210510094005
bred_vector_winter,2,16,96.0,q150,-3.66666354238987e-05,0.0001427671522833407,276232,1038240,0.266057944213284
bred_vector_winter,2,16,96.0,q200,-0.00012697481724899262,0.0006108168745413423,251900,1038240,0.24262212975805209
bred_vector_winter,2,16,96.0,q250,-0.00033052751678042114,0.0017572699580341578,185537,1038240,0.17870338264755742
bred_vector_winter,2,16,96.0,q300,-0.0007696169195696712,0.003963948227465153,128469,1038240,0.12373728617660656
bred_vector_winter,2,16,96.0,q400,-0.002273687394335866,0.010791989974677563,191946,1038240,0.18487632917244567
bred_vector_winter,2,16,96.0,q500,-0.005395511165261269,0.01623174361884594,129224,1038240,0.12446447834797349
bred_vector_winter,2,16,96.0,q600,-0.013779351487755775,0.027303867042064667,178785,1038240,0.1722000693481276
bred_vector_winter,2,16,96.0,q700,-0.019233601167798042,0.0441749133169651,233152,1038240,0.22456464786561875
bred_vector_winter,2,16,96.0,q850,-0.016188278794288635,0.028039075434207916,99060,1038240,0.09541146555709662
bred_vector_winter,2,16,96.0,q925,-0.0163272675126791,0.030305132269859314,67342,1038240,0.06486168901217444
bred_vector_winter,2,16,96.0,q1000,-0.015656521543860435,0.03219819441437721,55955,1038240,0.05389408999845893
bred_vector_winter,2,17,102.0,u10m,-33.39041519165039,24.25162124633789,0,1038240,0.0
bred_vector_winter,2,17,102.0,v10m,-22.048982620239258,21.59758186340332,0,1038240,0.0
bred_vector_winter,2,17,102.0,u100m,-40.67715835571289,33.09065246582031,0,1038240,0.0
bred_vector_winter,2,17,102.0,v100m,-29.389841079711914,28.53840446472168,0,1038240,0.0
bred_vector_winter,2,17,102.0,t2m,212.729248046875,320.24896240234375,0,1038240,0.0
bred_vector_winter,2,17,102.0,sp,46516.01171875,106870.0546875,0,1038240,0.0
bred_vector_winter,2,17,102.0,msl,91417.8828125,106909.1484375,0,1038240,0.0
bred_vector_winter,2,17,102.0,tcwv,-51.82610321044922,152.2850799560547,94841,1038240,0.0913478579133919
bred_vector_winter,2,17,102.0,u50,-93.44921875,99.35099792480469,0,1038240,0.0
bred_vector_winter,2,17,102.0,u100,-77.32888793945312,116.49052429199219,0,1038240,0.0
bred_vector_winter,2,17,102.0,u150,-119.49584197998047,111.26854705810547,0,1038240,0.0
bred_vector_winter,2,17,102.0,u200,-111.7948989868164,134.067138671875,0,1038240,0.0
bred_vector_winter,2,17,102.0,u250,-147.5543670654297,126.23890686035156,0,1038240,0.0
bred_vector_winter,2,17,102.0,u300,-136.4556884765625,101.82945251464844,0,1038240,0.0
bred_vector_winter,2,17,102.0,u400,-83.50749969482422,86.68402862548828,0,1038240,0.0
bred_vector_winter,2,17,102.0,u500,-80.88375091552734,63.71646499633789,0,1038240,0.0
bred_vector_winter,2,17,102.0,u600,-74.66960906982422,54.86921691894531,0,1038240,0.0
bred_vector_winter,2,17,102.0,u700,-58.77219009399414,53.98017501831055,0,1038240,0.0
bred_vector_winter,2,17,102.0,u850,-56.917144775390625,51.097434997558594,0,1038240,0.0
bred_vector_winter,2,17,102.0,u925,-44.66767883300781,44.785133361816406,0,1038240,0.0
bred_vector_winter,2,17,102.0,u1000,-31.798322677612305,32.499061584472656,0,1038240,0.0
bred_vector_winter,2,17,102.0,v50,-70.92240142822266,66.98243713378906,0,1038240,0.0
bred_vector_winter,2,17,102.0,v100,-85.59121704101562,117.30812072753906,0,1038240,0.0
bred_vector_winter,2,17,102.0,v150,-113.80369567871094,86.3661880493164,0,1038240,0.0
bred_vector_winter,2,17,102.0,v200,-94.47836303710938,123.21369171142578,0,1038240,0.0
bred_vector_winter,2,17,102.0,v250,-72.02747344970703,99.2762222290039,0,1038240,0.0
bred_vector_winter,2,17,102.0,v300,-69.36237335205078,94.2193832397461,0,1038240,0.0
bred_vector_winter,2,17,102.0,v400,-66.17310333251953,73.64749145507812,0,1038240,0.0
bred_vector_winter,2,17,102.0,v500,-48.051856994628906,51.910701751708984,0,1038240,0.0
bred_vector_winter,2,17,102.0,v600,-56.0857048034668,52.534542083740234,0,1038240,0.0
bred_vector_winter,2,17,102.0,v700,-53.48320007324219,54.05206298828125,0,1038240,0.0
bred_vector_winter,2,17,102.0,v850,-38.37063980102539,32.587730407714844,0,1038240,0.0
bred_vector_winter,2,17,102.0,v925,-36.98567581176758,32.670616149902344,0,1038240,0.0
bred_vector_winter,2,17,102.0,v1000,-22.260766983032227,26.186811447143555,0,1038240,0.0
bred_vector_winter,2,17,102.0,z50,186422.015625,218376.03125,0,1038240,0.0
bred_vector_winter,2,17,102.0,z100,149767.5625,173678.59375,0,1038240,0.0
bred_vector_winter,2,17,102.0,z150,126334.859375,149371.265625,0,1038240,0.0
bred_vector_winter,2,17,102.0,z200,105458.4921875,130076.1484375,0,1038240,0.0
bred_vector_winter,2,17,102.0,z250,90784.4609375,113960.4296875,0,1038240,0.0
bred_vector_winter,2,17,102.0,z300,78610.1875,100196.875,0,1038240,0.0
bred_vector_winter,2,17,102.0,z400,59298.91796875,78030.4140625,0,1038240,0.0
bred_vector_winter,2,17,102.0,z500,45372.75,60872.21484375,0,1038240,0.0
bred_vector_winter,2,17,102.0,z600,32542.0546875,46288.7890625,0,1038240,0.0
bred_vector_winter,2,17,102.0,z700,21307.90234375,33378.85546875,0,1038240,0.0
bred_vector_winter,2,17,102.0,z850,6213.90478515625,17983.09375,0,1038240,0.0
bred_vector_winter,2,17,102.0,z925,-463.58544921875,11086.421875,0,1038240,0.0
bred_vector_winter,2,17,102.0,z1000,-6808.30517578125,5089.9677734375,0,1038240,0.0
bred_vector_winter,2,17,102.0,t50,116.7777099609375,279.547119140625,21001,1038240,0.020227500385267376
bred_vector_winter,2,17,102.0,t100,148.47723388671875,287.99761962890625,125,1038240,0.00012039605486207428
bred_vector_winter,2,17,102.0,t150,169.90927124023438,274.67767333984375,0,1038240,0.0
bred_vector_winter,2,17,102.0,t200,191.69248962402344,271.7178955078125,0,1038240,0.0
bred_vector_winter,2,17,102.0,t250,202.87705993652344,271.0078125,0,1038240,0.0
bred_vector_winter,2,17,102.0,t300,207.2355499267578,274.3218994140625,0,1038240,0.0
bred_vector_winter,2,17,102.0,t400,214.01150512695312,290.22607421875,0,1038240,0.0
bred_vector_winter,2,17,102.0,t500,207.0299835205078,297.0452575683594,0,1038240,0.0
bred_vector_winter,2,17,102.0,t600,216.60263061523438,302.94940185546875,0,1038240,0.0
bred_vector_winter,2,17,102.0,t700,234.8067626953125,315.2096862792969,0,1038240,0.0
bred_vector_winter,2,17,102.0,t850,227.00396728515625,314.04559326171875,0,1038240,0.0
bred_vector_winter,2,17,102.0,t925,231.69082641601562,312.91595458984375,0,1038240,0.0
bred_vector_winter,2,17,102.0,t1000,236.47647094726562,320.08050537109375,0,1038240,0.0
bred_vector_winter,2,17,102.0,q50,-5.834698094986379e-05,6.128884706413373e-05,449546,1038240,0.43298851903220836
bred_vector_winter,2,17,102.0,q100,-1.9878005332429893e-05,2.8083159122616053e-05,393921,1038240,0.3794122746185853
bred_vector_winter,2,17,102.0,q150,-3.3313448511762545e-05,0.00013895356096327305,273700,1038240,0.26361920172599784
bred_vector_winter,2,17,102.0,q200,-0.00011795038881246,0.0005960428388789296,242242,1038240,0.2333198489751888
bred_vector_winter,2,17,102.0,q250,-0.0003697200445458293,0.0018955845152959228,186156,1038240,0.1792995839112344
bred_vector_winter,2,17,102.0,q300,-0.0008032630430534482,0.003932800609618425,122628,1038240,0.11811141932501155
bred_vector_winter,2,17,102.0,q400,-0.0023396271280944347,0.01102352887392044,191661,1038240,0.18460182616736015
bred_vector_winter,2,17,102.0,q500,-0.005307662766426802,0.016185913234949112,126290,1038240,0.12163854214825089
bred_vector_winter,2,17,102.0,q600,-0.013695770874619484,0.027084024623036385,184261,1038240,0.17747437971952534
bred_vector_winter,2,17,102.0,q700,-0.018961606547236443,0.037580206990242004,236922,1038240,0.2281957928802589
bred_vector_winter,2,17,102.0,q850,-0.013835521414875984,0.028602955862879753,102307,1038240,0.09853887347819387
bred_vector_winter,2,17,102.0,q925,-0.016912855207920074,0.03053160570561886,69859,1038240,0.06728598397287718
bred_vector_winter,2,17,102.0,q1000,-0.016289392486214638,0.0327611118555069,55905,1038240,0.0538459315765141
bred_vector_winter,2,18,108.0,u10m,-38.01261520385742,26.958473205566406,0,1038240,0.0
bred_vector_winter,2,18,108.0,v10m,-21.396804809570312,20.589017868041992,0,1038240,0.0
bred_vector_winter,2,18,108.0,u100m,-46.331844329833984,35.01431655883789,0,1038240,0.0
bred_vector_winter,2,18,108.0,v100m,-29.16949462890625,26.978206634521484,0,1038240,0.0
bred_vector_winter,2,18,108.0,t2m,203.1602325439453,320.152587890625,0,1038240,0.0
bred_vector_winter,2,18,108.0,sp,46825.71484375,107134.0078125,0,1038240,0.0
bred_vector_winter,2,18,108.0,msl,91011.515625,107100.015625,0,1038240,0.0
bred_vector_winter,2,18,108.0,tcwv,-56.83454132080078,150.12599182128906,95910,1038240,0.09237748497457235
bred_vector_winter,2,18,108.0,u50,-98.85357666015625,102.73285675048828,0,1038240,0.0
bred_vector_winter,2,18,108.0,u100,-92.97554779052734,123.66634368896484,0,1038240,0.0
bred_vector_winter,2,18,108.0,u150,-122.83887481689453,116.14449310302734,0,1038240,0.0
bred_vector_winter,2,18,108.0,u200,-120.0780258178711,122.3113784790039,0,1038240,0.0
bred_vector_winter,2,18,108.0,u250,-132.3824462890625,119.93388366699219,0,1038240,0.0
bred_vector_winter,2,18,108.0,u300,-142.45794677734375,111.64810943603516,0,1038240,0.0
bred_vector_winter,2,18,108.0,u400,-87.3740463256836,80.93498992919922,0,1038240,0.0
bred_vector_winter,2,18,108.0,u500,-96.6012191772461,72.44864654541016,0,1038240,0.0
bred_vector_winter,2,18,108.0,u600,-78.41803741455078,66.7658462524414,0,1038240,0.0
bred_vector_winter,2,18,108.0,u700,-59.44048309326172,53.038822174072266,0,1038240,0.0
bred_vector_winter,2,18,108.0,u850,-65.11476135253906,56.169803619384766,0,1038240,0.0
bred_vector_winter,2,18,108.0,u925,-48.185237884521484,40.902313232421875,0,1038240,0.0
bred_vector_winter,2,18,108.0,u1000,-35.961326599121094,36.917335510253906,0,1038240,0.0
bred_vector_winter,2,18,108.0,v50,-74.1565933227539,74.31643676757812,0,1038240,0.0
bred_vector_winter,2,18,108.0,v100,-78.1420669555664,113.38883209228516,0,1038240,0.0
bred_vector_winter,2,18,108.0,v150,-112.33578491210938,81.07318878173828,0,1038240,0.0
bred_vector_winter,2,18,108.0,v200,-88.5824203491211,121.84911346435547,0,1038240,0.0
bred_vector_winter,2,18,108.0,v250,-79.22272491455078,94.9125747680664,0,1038240,0.0
bred_vector_winter,2,18,108.0,v300,-61.07942581176758,92.23023223876953,0,1038240,0.0
bred_vector_winter,2,18,108.0,v400,-69.56421661376953,70.47977447509766,0,1038240,0.0
bred_vector_winter,2,18,108.0,v500,-51.995609283447266,54.914283752441406,0,1038240,0.0
bred_vector_winter,2,18,108.0,v600,-50.15351104736328,64.5912094116211,0,1038240,0.0
bred_vector_winter,2,18,108.0,v700,-47.360328674316406,49.95610427856445,0,1038240,0.0
bred_vector_winter,2,18,108.0,v850,-39.30376434326172,35.638038635253906,0,1038240,0.0
bred_vector_winter,2,18,108.0,v925,-32.69333267211914,31.923145294189453,0,1038240,0.0
bred_vector_winter,2,18,108.0,v1000,-21.10162925720215,22.666311264038086,0,1038240,0.0
bred_vector_winter,2,18,108.0,z50,186056.65625,218424.25,0,1038240,0.0
bred_vector_winter,2,18,108.0,z100,149744.046875,173597.8125,0,1038240,0.0
bred_vector_winter,2,18,108.0,z150,126613.515625,149485.25,0,1038240,0.0
bred_vector_winter,2,18,108.0,z200,105720.4765625,130090.9453125,0,1038240,0.0
bred_vector_winter,2,18,108.0,z250,90859.921875,113813.828125,0,1038240,0.0
bred_vector_winter,2,18,108.0,z300,78336.8203125,100043.171875,0,1038240,0.0
bred_vector_winter,2,18,108.0,z400,59344.2890625,77977.921875,0,1038240,0.0
bred_vector_winter,2,18,108.0,z500,45291.9140625,60856.09375,0,1038240,0.0
bred_vector_winter,2,18,108.0,z600,32557.095703125,46325.72265625,0,1038240,0.0
bred_vector_winter,2,18,108.0,z700,21188.62109375,33484.140625,0,1038240,0.0
bred_vector_winter,2,18,108.0,z850,5892.0693359375,18144.439453125,0,1038240,0.0
bred_vector_winter,2,18,108.0,z925,-852.59423828125,11216.1826171875,0,1038240,0.0
bred_vector_winter,2,18,108.0,z1000,-7219.8974609375,5206.63134765625,0,1038240,0.0
bred_vector_winter,2,18,108.0,t50,117.90782165527344,279.5137634277344,20231,1038240,0.019485860687317
bred_vector_winter,2,18,108.0,t100,146.75830078125,291.9754638671875,888,1038240,0.0008552935737401757
bred_vector_winter,2,18,108.0,t150,168.64915466308594,272.71002197265625,0,1038240,0.0
bred_vector_winter,2,18,108.0,t200,191.01910400390625,272.1605529785156,0,1038240,0.0
bred_vector_winter,2,18,108.0,t250,204.74038696289062,272.664794921875,0,1038240,0.0
bred_vector_winter,2,18,108.0,t300,207.81692504882812,277.3759765625,0,1038240,0.0
bred_vector_winter,2,18,108.0,t400,211.48927307128906,290.2633056640625,0,1038240,0.0
bred_vector_winter,2,18,108.0,t500,205.3258819580078,292.173583984375,0,1038240,0.0
bred_vector_winter,2,18,108.0,t600,219.08432006835938,303.21539306640625,0,1038240,0.0
bred_vector_winter,2,18,108.0,t700,233.90216064453125,317.4486999511719,0,1038240,0.0
bred_vector_winter,2,18,108.0,t850,230.04705810546875,310.91375732421875,0,1038240,0.0
bred_vector_winter,2,18,108.0,t925,232.58749389648438,312.6748352050781,0,1038240,0.0
bred_vector_winter,2,18,108.0,t1000,235.03689575195312,319.3937683105469,0,1038240,0.0
bred_vector_winter,2,18,108.0,q50,-5.728966789320111e-05,6.026509799994528e-05,448984,1038240,0.43244721836954847
bred_vector_winter,2,18,108.0,q100,-1.9456349036772735e-05,2.7774556656368077e-05,392683,1038240,0.3782198720912313
bred_vector_winter,2,18,108.0,q150,-3.463275425019674e-05,0.00013848120579496026,268716,1038240,0.2588187702265372
bred_vector_winter,2,18,108.0,q200,-0.00011207457282580435,0.0006095104617998004,245658,1038240,0.23661003236245956
bred_vector_winter,2,18,108.0,q250,-0.00034149858402088284,0.0019218189409002662,186813,1038240,0.17993238557558947
bred_vector_winter,2,18,108.0,q300,-0.0009468637872487307,0.004267122596502304,121370,1038240,0.11689975342887965
bred_vector_winter,2,18,108.0,q400,-0.002470526611432433,0.011585165746510029,189294,1038240,0.18232200647249192
bred_vector_winter,2,18,108.0,q500,-0.005254172254353762,0.01713314652442932,131499,1038240,0.12665568654646325
bred_vector_winter,2,18,108.0,q600,-0.013909377157688141,0.026946721598505974,193396,1038240,0.18627292340884574
bred_vector_winter,2,18,108.0,q700,-0.020210416987538338,0.03491051495075226,239891,1038240,0.2310554399753429
bred_vector_winter,2,18,108.0,q850,-0.014653697609901428,0.030046898871660233,100954,1038240,0.09723570658036677
bred_vector_winter,2,18,108.0,q925,-0.016003021970391273,0.03048292174935341,68212,1038240,0.06569964555401449
bred_vector_winter,2,18,108.0,q1000,-0.015610197558999062,0.03174277022480965,54242,1038240,0.05224418246262907
bred_vector_winter,2,19,114.0,u10m,-37.53188705444336,27.061508178710938,0,1038240,0.0
bred_vector_winter,2,19,114.0,v10m,-26.57099151611328,25.022581100463867,0,1038240,0.0
bred_vector_winter,2,19,114.0,u100m,-44.79331970214844,33.396732330322266,0,1038240,0.0
bred_vector_winter,2,19,114.0,v100m,-31.421363830566406,29.829809188842773,0,1038240,0.0
bred_vector_winter,2,19,114.0,t2m,190.77944946289062,322.45770263671875,0,1038240,0.0
bred_vector_winter,2,19,114.0,sp,47131.96875,107390.203125,0,1038240,0.0
bred_vector_winter,2,19,114.0,msl,90457.5703125,107268.7421875,0,1038240,0.0
bred_vector_winter,2,19,114.0,tcwv,-57.6851806640625,145.41375732421875,96773,1038240,0.09320869933734012
bred_vector_winter,2,19,114.0,u50,-102.35990905761719,99.8278579711914,0,1038240,0.0
bred_vector_winter,2,19,114.0,u100,-101.78231811523438,131.57858276367188,0,1038240,0.0
bred_vector_winter,2,19,114.0,u150,-123.21477508544922,115.95700073242188,0,1038240,0.0
bred_vector_winter,2,19,114.0,u200,-149.89540100097656,121.26507568359375,0,1038240,0.0
bred_vector_winter,2,19,114.0,u250,-136.9413299560547,124.3828125,0,1038240,0.0
bred_vector_winter,2,19,114.0,u300,-152.45272827148438,114.37648010253906,13,1038240,1.2521189705655725e-05
bred_vector_winter,2,19,114.0,u400,-86.94947814941406,85.99591827392578,0,1038240,0.0
bred_vector_winter,2,19,114.0,u500,-93.94271850585938,75.18318176269531,0,1038240,0.0
bred_vector_winter,2,19,114.0,u600,-79.6464614868164,63.732566833496094,0,1038240,0.0
bred_vector_winter,2,19,114.0,u700,-74.33531951904297,58.096370697021484,0,1038240,0.0
bred_vector_winter,2,19,114.0,u850,-56.05611801147461,57.67445755004883,0,1038240,0.0
bred_vector_winter,2,19,114.0,u925,-46.449851989746094,43.86917495727539,0,1038240,0.0
bred_vector_winter,2,19,114.0,u1000,-36.7380256652832,34.7592658996582,0,1038240,0.0
bred_vector_winter,2,19,114.0,v50,-78.9593276977539,72.68962097167969,0,1038240,0.0
bred_vector_winter,2,19,114.0,v100,-80.28317260742188,106.17396545410156,0,1038240,0.0
bred_vector_winter,2,19,114.0,v150,-113.55569458007812,71.63213348388672,0,1038240,0.0
bred_vector_winter,2,19,114.0,v200,-90.21890258789062,119.54743957519531,0,1038240,0.0
bred_vector_winter,2,19,114.0,v250,-76.72069549560547,112.17615509033203,0,1038240,0.0
bred_vector_winter,2,19,114.0,v300,-58.89710235595703,89.42741394042969,0,1038240,0.0
bred_vector_winter,2,19,114.0,v400,-67.20453643798828,75.26136779785156,0,1038240,0.0
bred_vector_winter,2,19,114.0,v500,-57.14583969116211,59.062049865722656,0,1038240,0.0
bred_vector_winter,2,19,114.0,v600,-59.367591857910156,50.31845474243164,0,1038240,0.0
bred_vector_winter,2,19,114.0,v700,-50.877384185791016,45.7346076965332,0,1038240,0.0
bred_vector_winter,2,19,114.0,v850,-44.02315139770508,29.962562561035156,0,1038240,0.0
bred_vector_winter,2,19,114.0,v925,-32.22172546386719,34.30980682373047,0,1038240,0.0
bred_vector_winter,2,19,114.0,v1000,-25.707813262939453,25.141496658325195,0,1038240,0.0
bred_vector_winter,2,19,114.0,z50,185760.09375,218554.21875,0,1038240,0.0
bred_vector_winter,2,19,114.0,z100,149810.796875,173752.203125,0,1038240,0.0
bred_vector_winter,2,19,114.0,z150,127144.6640625,149431.515625,0,1038240,0.0
bred_vector_winter,2,19,114.0,z200,106314.640625,129946.359375,0,1038240,0.0
bred_vector_winter,2,19,114.0,z250,91445.3828125,113790.3203125,0,1038240,0.0
bred_vector_winter,2,19,114.0,z300,78219.6875,100031.75,0,1038240,0.0
bred_vector_winter,2,19,114.0,z400,58927.69140625,78134.2578125,0,1038240,0.0
bred_vector_winter,2,19,114.0,z500,45382.0234375,60862.4375,0,1038240,0.0
bred_vector_winter,2,19,114.0,z600,32359.6328125,46095.8125,0,1038240,0.0
bred_vector_winter,2,19,114.0,z700,20745.73828125,33627.93359375,0,1038240,0.0
bred_vector_winter,2,19,114.0,z850,5323.7451171875,18235.96484375,0,1038240,0.0
bred_vector_winter,2,19,114.0,z925,-1348.0439453125,11319.0146484375,0,1038240,0.0
bred_vector_winter,2,19,114.0,z1000,-7669.80419921875,5372.875,0,1038240,0.0
bred_vector_winter,2,19,114.0,t50,119.68262481689453,283.1961364746094,19828,1038240,0.01909770380644167
bred_vector_winter,2,19,114.0,t100,145.45803833007812,292.293212890625,1312,1038240,0.0012636769918323316
bred_vector_winter,2,19,114.0,t150,165.82247924804688,274.0309143066406,0,1038240,0.0
bred_vector_winter,2,19,114.0,t200,189.451904296875,272.50518798828125,0,1038240,0.0
bred_vector_winter,2,19,114.0,t250,204.8367156982422,271.72900390625,0,1038240,0.0
bred_vector_winter,2,19,114.0,t300,208.45729064941406,280.3594970703125,0,1038240,0.0
bred_vector_winter,2,19,114.0,t400,213.7545928955078,287.36920166015625,0,1038240,0.0
bred_vector_winter,2,19,114.0,t500,203.0283660888672,293.4123840332031,0,1038240,0.0
bred_vector_winter,2,19,114.0,t600,218.0310516357422,302.6676330566406,0,1038240,0.0
bred_vector_winter,2,19,114.0,t700,232.06378173828125,317.52569580078125,0,1038240,0.0
bred_vector_winter,2,19,114.0,t850,228.25286865234375,308.623779296875,0,1038240,0.0
bred_vector_winter,2,19,114.0,t925,228.19744873046875,312.96807861328125,0,1038240,0.0
bred_vector_winter,2,19,114.0,t1000,230.26034545898438,318.802490234375,0,1038240,0.0
bred_vector_winter,2,19,114.0,q50,-5.624617188004777e-05,5.9248963225400075e-05,448427,1038240,0.43191073354908305
bred_vector_winter,2,19,114.0,q100,-1.905541284941137e-05,2.7181544282939285e-05,391740,1038240,0.3773116042533518
bred_vector_winter,2,19,114.0,q150,-3.57210919901263e-05,0.0001455938327126205,266398,1038240,0.2565861457851749
bred_vector_winter,2,19,114.0,q200,-0.00012001581490039825,0.0006529144593514502,244337,1038240,0.23533768685467715
bred_vector_winter,2,19,114.0,q250,-0.0003108982928097248,0.001987526658922434,189588,1038240,0.18260517799352752
bred_vector_winter,2,19,114.0,q300,-0.000981672084890306,0.004581937566399574,123355,1038240,0.11881164278008938
bred_vector_winter,2,19,114.0,q400,-0.002420178148895502,0.011765717528760433,190575,1038240,0.18355582524271843
bred_vector_winter,2,19,114.0,q500,-0.005803792271763086,0.01674608327448368,140016,1038240,0.13485899214054553
bred_vector_winter,2,19,114.0,q600,-0.014513188973069191,0.02702367678284645,199599,1038240,0.1922474572353213
bred_vector_winter,2,19,114.0,q700,-0.021855181083083153,0.030701952055096626,244771,1038240,0.23575570195715828
bred_vector_winter,2,19,114.0,q850,-0.015328148379921913,0.029844338074326515,104737,1038240,0.1008793727847126
bred_vector_winter,2,19,114.0,q925,-0.020060032606124878,0.03063112497329712,67626,1038240,0.06513522884882109
bred_vector_winter,2,19,114.0,q1000,-0.017904622480273247,0.03103306144475937,52534,1038240,0.05059909076899368
bred_vector_winter,2,20,120.0,u10m,-35.237815856933594,26.652902603149414,0,1038240,0.0
bred_vector_winter,2,20,120.0,v10m,-24.76189613342285,21.5126895904541,0,1038240,0.0
bred_vector_winter,2,20,120.0,u100m,-43.9642333984375,34.36542510986328,0,1038240,0.0
bred_vector_winter,2,20,120.0,v100m,-32.5267448425293,26.86921501159668,0,1038240,0.0
bred_vector_winter,2,20,120.0,t2m,187.4465789794922,324.4267578125,0,1038240,0.0
bred_vector_winter,2,20,120.0,sp,47274.0703125,107657.5546875,0,1038240,0.0
bred_vector_winter,2,20,120.0,msl,90206.9765625,107590.4140625,0,1038240,0.0
bred_vector_winter,2,20,120.0,tcwv,-57.069969177246094,141.20028686523438,100434,1038240,0.09673485899214054
bred_vector_winter,2,20,120.0,u50,-104.40718078613281,107.24526977539062,0,1038240,0.0
bred_vector_winter,2,20,120.0,u100,-92.36168670654297,136.65420532226562,0,1038240,0.0
bred_vector_winter,2,20,120.0,u150,-122.0431137084961,115.94824981689453,0,1038240,0.0
bred_vector_winter,2,20,120.0,u200,-153.91705322265625,120.89083862304688,63,1038240,6.0679611650485434e-05
bred_vector_winter,2,20,120.0,u250,-129.0821990966797,126.97163391113281,0,1038240,0.0
bred_vector_winter,2,20,120.0,u300,-131.23727416992188,120.54584503173828,0,1038240,0.0
bred_vector_winter,2,20,120.0,u400,-85.8034439086914,85.95641326904297,0,1038240,0.0
bred_vector_winter,2,20,120.0,u500,-78.5682373046875,72.52191162109375,0,1038240,0.0
bred_vector_winter,2,20,120.0,u600,-60.74263000488281,54.24213790893555,0,1038240,0.0
bred_vector_winter,2,20,120.0,u700,-63.063907623291016,54.12254333496094,0,1038240,0.0
bred_vector_winter,2,20,120.0,u850,-55.99758529663086,56.821224212646484,0,1038240,0.0
bred_vector_winter,2,20,120.0,u925,-49.38338851928711,40.894493103027344,0,1038240,0.0
bred_vector_winter,2,20,120.0,u1000,-35.52799987792969,32.3786506652832,0,1038240,0.0
bred_vector_winter,2,20,120.0,v50,-70.01063537597656,72.57257843017578,0,1038240,0.0
bred_vector_winter,2,20,120.0,v100,-81.5600357055664,95.86064910888672,0,1038240,0.0
bred_vector_winter,2,20,120.0,v150,-113.53092193603516,68.8878173828125,0,1038240,0.0
bred_vector_winter,2,20,120.0,v200,-88.13783264160156,136.1793975830078,0,1038240,0.0
bred_vector_winter,2,20,120.0,v250,-71.4014663696289,107.36001586914062,0,1038240,0.0
bred_vector_winter,2,20,120.0,v300,-62.61872863769531,93.86236572265625,0,1038240,0.0
bred_vector_winter,2,20,120.0,v400,-56.962867736816406,79.51606750488281,0,1038240,0.0
bred_vector_winter,2,20,120.0,v500,-48.03212356567383,55.64185333251953,0,1038240,0.0
bred_vector_winter,2,20,120.0,v600,-51.36884689331055,52.40129470825195,0,1038240,0.0
bred_vector_winter,2,20,120.0,v700,-49.1995964050293,51.4572868347168,0,1038240,0.0
bred_vector_winter,2,20,120.0,v850,-45.272029876708984,32.5652961730957,0,1038240,0.0
bred_vector_winter,2,20,120.0,v925,-36.8954963684082,36.657745361328125,0,1038240,0.0
bred_vector_winter,2,20,120.0,v1000,-24.744792938232422,27.144451141357422,0,1038240,0.0
bred_vector_winter,2,20,120.0,z50,185453.15625,218832.390625,0,1038240,0.0
bred_vector_winter,2,20,120.0,z100,149726.53125,173796.671875,0,1038240,0.0
bred_vector_winter,2,20,120.0,z150,127311.8125,149426.34375,0,1038240,0.0
bred_vector_winter,2,20,120.0,z200,106365.046875,129791.1484375,0,1038240,0.0
bred_vector_winter,2,20,120.0,z250,91506.015625,113994.015625,0,1038240,0.0
bred_vector_winter,2,20,120.0,z300,78507.015625,100246.703125,0,1038240,0.0
bred_vector_winter,2,20,120.0,z400,59068.6328125,78140.8515625,0,1038240,0.0
bred_vector_winter,2,20,120.0,z500,45119.1171875,60930.2734375,0,1038240,0.0
bred_vector_winter,2,20,120.0,z600,32127.052734375,46097.19140625,0,1038240,0.0
bred_vector_winter,2,20,120.0,z700,20390.357421875,33596.01953125,0,1038240,0.0
bred_vector_winter,2,20,120.0,z850,5164.599609375,18074.515625,0,1038240,0.0
bred_vector_winter,2,20,120.0,z925,-1528.9384765625,11408.19140625,0,1038240,0.0
bred_vector_winter,2,20,120.0,z1000,-7875.45361328125,5593.5615234375,0,1038240,0.0
bred_vector_winter,2,20,120.0,t50,119.77923583984375,287.8211669921875,19834,1038240,0.01910348281707505
bred_vector_winter,2,20,120.0,t100,145.54161071777344,288.6174621582031,1404,1038240,0.0013522884882108182
bred_vector_winter,2,20,120.0,t150,162.91989135742188,271.8595275878906,0,1038240,0.0
bred_vector_winter,2,20,120.0,t200,192.42010498046875,269.5624694824219,0,1038240,0.0
bred_vector_winter,2,20,120.0,t250,204.2835693359375,273.68060302734375,0,1038240,0.0
bred_vector_winter,2,20,120.0,t300,209.24502563476562,280.85455322265625,0,1038240,0.0
bred_vector_winter,2,20,120.0,t400,217.18841552734375,287.5775451660156,0,1038240,0.0
bred_vector_winter,2,20,120.0,t500,204.86691284179688,291.0354309082031,0,1038240,0.0
bred_vector_winter,2,20,120.0,t600,215.933837890625,301.08050537109375,0,1038240,0.0
bred_vector_winter,2,20,120.0,t700,230.4765167236328,318.7430114746094,0,1038240,0.0
bred_vector_winter,2,20,120.0,t850,224.26702880859375,308.7442626953125,0,1038240,0.0
bred_vector_winter,2,20,120.0,t925,232.88246154785156,314.2347106933594,0,1038240,0.0
bred_vector_winter,2,20,120.0,t1000,227.7534637451172,320.6988220214844,0,1038240,0.0
bred_vector_winter,2,20,120.0,q50,-5.523091749637388e-05,5.827524728374556e-05,447922,1038240,0.4314243334874403
bred_vector_winter,2,20,120.0,q100,-1.8682389054447412e-05,2.6476176572032273e-05,391434,1038240,0.37701687471104944
bred_vector_winter,2,20,120.0,q150,-3.453732642810792e-05,0.00014124087465461344,265608,1038240,0.2558252427184466
bred_vector_winter,2,20,120.0,q200,-0.00010397583537269384,0.0006434649112634361,241771,1038240,0.23286619664046848
bred_vector_winter,2,20,120.0,q250,-0.0003191104915458709,0.001995392609387636,189175,1038240,0.18220738942826323
bred_vector_winter,2,20,120.0,q300,-0.0005671298131346703,0.004682587925344706,122087,1038240,0.1175903451995685
bred_vector_winter,2,20,120.0,q400,-0.002752461703494191,0.011602400802075863,188878,1038240,0.18192132840191091
bred_vector_winter,2,20,120.0,q500,-0.005436291452497244,0.017120977863669395,135377,1038240,0.13039085375250423
bred_vector_winter,2,20,120.0,q600,-0.015171719714999199,0.0253544170409441,204007,1038240,0.1964931037139775
bred_vector_winter,2,20,120.0,q700,-0.023900765925645828,0.03209776058793068,249556,1038240,0.24036446293727848
bred_vector_winter,2,20,120.0,q850,-0.015917105600237846,0.0302271731197834,109697,1038240,0.10565668824163969
bred_vector_winter,2,20,120.0,q925,-0.019270019605755806,0.03060213476419449,71677,1038240,0.06903702419479119
bred_vector_winter,2,20,120.0,q1000,-0.020457809790968895,0.03168853372335434,54821,1038240,0.052801856988750194
bred_vector_winter,3,0,0.0,u10m,-34.05754852294922,32.7647590637207,0,1038240,0.0
bred_vector_winter,3,0,0.0,v10m,-32.204620361328125,39.010826110839844,0,1038240,0.0
bred_vector_winter,3,0,0.0,u100m,-42.92395782470703,38.37786865234375,0,1038240,0.0
bred_vector_winter,3,0,0.0,v100m,-38.80621337890625,48.125877380371094,0,1038240,0.0
bred_vector_winter,3,0,0.0,t2m,218.74411010742188,315.4755554199219,0,1038240,0.0
bred_vector_winter,3,0,0.0,sp,48106.125,107050.5390625,0,1038240,0.0
bred_vector_winter,3,0,0.0,msl,95706.359375,108252.34375,0,1038240,0.0
bred_vector_winter,3,0,0.0,tcwv,-7.511636734008789,128.59339904785156,54606,1038240,0.052594775774387426
bred_vector_winter,3,0,0.0,u50,-44.63359069824219,53.534156799316406,0,1038240,0.0
bred_vector_winter,3,0,0.0,u100,-40.91181182861328,67.3310546875,0,1038240,0.0
bred_vector_winter,3,0,0.0,u150,-40.5551643371582,88.4953842163086,0,1038240,0.0
bred_vector_winter,3,0,0.0,u200,-45.228519439697266,93.0152359008789,0,1038240,0.0
bred_vector_winter,3,0,0.0,u250,-63.134849548339844,97.35063171386719,0,1038240,0.0
bred_vector_winter,3,0,0.0,u300,-54.5061149597168,82.79273223876953,0,1038240,0.0
bred_vector_winter,3,0,0.0,u400,-45.28581619262695,78.38070678710938,0,1038240,0.0
bred_vector_winter,3,0,0.0,u500,-41.617576599121094,66.55590057373047,0,1038240,0.0
bred_vector_winter,3,0,0.0,u600,-43.725982666015625,47.10066223144531,0,1038240,0.0
bred_vector_winter,3,0,0.0,u700,-47.74785614013672,51.315616607666016,0,1038240,0.0
bred_vector_winter,3,0,0.0,u850,-47.061744689941406,42.76748275756836,0,1038240,0.0
bred_vector_winter,3,0,0.0,u925,-47.96739959716797,40.6096305847168,0,1038240,0.0
bred_vector_winter,3,0,0.0,u1000,-32.839927673339844,31.430326461791992,0,1038240,0.0
bred_vector_winter,3,0,0.0,v50,-47.925445556640625,38.74510955810547,0,1038240,0.0
bred_vector_winter,3,0,0.0,v100,-36.66694259643555,28.463232040405273,0,1038240,0.0
bred_vector_winter,3,0,0.0,v150,-46.24899673461914,43.42809295654297,0,1038240,0.0
bred_vector_winter,3,0,0.0,v200,-64.06694793701172,60.95052719116211,0,1038240,0.0
bred_vector_winter,3,0,0.0,v250,-72.63846588134766,74.20109558105469,0,1038240,0.0
bred_vector_winter,3,0,0.0,v300,-73.00196075439453,73.25042724609375,0,1038240,0.0
bred_vector_winter,3,0,0.0,v400,-59.249671936035156,60.101383209228516,0,1038240,0.0
bred_vector_winter,3,0,0.0,v500,-49.5309944152832,46.31942367553711,0,1038240,0.0
bred_vector_winter,3,0,0.0,v600,-37.52418899536133,41.296749114990234,0,1038240,0.0
bred_vector_winter,3,0,0.0,v700,-36.797489166259766,48.5129280090332,0,1038240,0.0
bred_vector_winter,3,0,0.0,v850,-37.604740142822266,52.65472412109375,0,1038240,0.0
bred_vector_winter,3,0,0.0,v925,-40.87843322753906,54.70222854614258,0,1038240,0.0
bred_vector_winter,3,0,0.0,v1000,-30.145627975463867,37.65919876098633,0,1038240,0.0
bred_vector_winter,3,0,0.0,z50,189886.359375,212357.515625,0,1038240,0.0
bred_vector_winter,3,0,0.0,z100,150316.546875,172226.09375,0,1038240,0.0
bred_vector_winter,3,0,0.0,z150,125706.5703125,149867.734375,0,1038240,0.0
bred_vector_winter,3,0,0.0,z200,108149.21875,130471.8125,0,1038240,0.0
bred_vector_winter,3,0,0.0,z250,93966.546875,115148.5078125,0,1038240,0.0
bred_vector_winter,3,0,0.0,z300,82276.0703125,101477.28125,0,1038240,0.0
bred_vector_winter,3,0,0.0,z400,63330.6484375,78773.1328125,0,1038240,0.0
bred_vector_winter,3,0,0.0,z500,48432.80859375,60746.375,0,1038240,0.0
bred_vector_winter,3,0,0.0,z600,35999.8984375,45818.14453125,0,1038240,0.0
bred_vector_winter,3,0,0.0,z700,24772.07421875,32813.65234375,0,1038240,0.0
bred_vector_winter,3,0,0.0,z850,10130.47265625,18460.236328125,0,1038240,0.0
bred_vector_winter,3,0,0.0,z925,3099.060546875,12064.08203125,0,1038240,0.0
bred_vector_winter,3,0,0.0,z1000,-3353.06640625,6106.46728515625,0,1038240,0.0
bred_vector_winter,3,0,0.0,t50,179.89630126953125,252.4824676513672,0,1038240,0.0
bred_vector_winter,3,0,0.0,t100,167.04190063476562,244.6127166748047,0,1038240,0.0
bred_vector_winter,3,0,0.0,t150,198.2008056640625,243.75999450683594,0,1038240,0.0
bred_vector_winter,3,0,0.0,t200,201.69354248046875,245.2461395263672,0,1038240,0.0
bred_vector_winter,3,0,0.0,t250,205.65318298339844,256.1814880371094,0,1038240,0.0
bred_vector_winter,3,0,0.0,t300,210.8911895751953,267.7381286621094,0,1038240,0.0
bred_vector_winter,3,0,0.0,t400,220.4228973388672,280.44287109375,0,1038240,0.0
bred_vector_winter,3,0,0.0,t500,227.45828247070312,286.10797119140625,0,1038240,0.0
bred_vector_winter,3,0,0.0,t600,233.72645568847656,291.3319091796875,0,1038240,0.0
bred_vector_winter,3,0,0.0,t700,236.97630310058594,301.03076171875,0,1038240,0.0
bred_vector_winter,3,0,0.0,t850,235.03067016601562,312.11761474609375,0,1038240,0.0
bred_vector_winter,3,0,0.0,t925,231.3316192626953,316.3156433105469,0,1038240,0.0
bred_vector_winter,3,0,0.0,t1000,223.90626525878906,320.6666259765625,0,1038240,0.0
bred_vector_winter,3,0,0.0,q50,-8.513304783264175e-05,7.821130566298962e-05,422829,1038240,0.40725554785020807
bred_vector_winter,3,0,0.0,q100,-2.6551118935458362e-05,2.0778308680746704e-05,347543,1038240,0.33474244875943904
bred_vector_winter,3,0,0.0,q150,-7.411846127070021e-06,6.923182809259742e-05,54257,1038240,0.05225862998921251
bred_vector_winter,3,0,0.0,q200,-9.505749403615482e-06,0.0003004712634719908,3608,1038240,0.003475111727538912
bred_vector_winter,3,0,0.0,q250,-1.765098568284884e-05,0.0009063108591362834,3830,1038240,0.003688935120973956
bred_vector_winter,3,0,0.0,q300,-1.3027578461333178e-05,0.0021532648243010044,391,1038240,0.00037659885960856837
bred_vector_winter,3,0,0.0,q400,-0.00010111459414474666,0.005661630071699619,5531,1038240,0.005327284635537063
bred_vector_winter,3,0,0.0,q500,-0.00020633717940654606,0.00978999212384224,1569,1038240,0.0015112112806287563
bred_vector_winter,3,0,0.0,q600,-0.0010759414872154593,0.015229156240820885,43080,1038240,0.04149329634766528
bred_vector_winter,3,0,0.0,q700,-0.001968229655176401,0.02079465612769127,48656,1038240,0.046863923562952686
bred_vector_winter,3,0,0.0,q850,-0.002939410973340273,0.02820264920592308,32780,1038240,0.03157266142703036
bred_vector_winter,3,0,0.0,q925,-0.0030199114698916674,0.03218730911612511,28299,1038240,0.02725670365233472
bred_vector_winter,3,0,0.0,q1000,-0.0025537204928696156,0.036959681659936905,23159,1038240,0.022306017876406226
bred_vector_winter,3,1,6.0,u10m,-18.97677993774414,18.66742706298828,0,1038240,0.0
bred_vector_winter,3,1,6.0,v10m,-21.396133422851562,15.319084167480469,0,1038240,0.0
bred_vector_winter,3,1,6.0,u100m,-23.1082763671875,23.39575958251953,0,1038240,0.0
bred_vector_winter,3,1,6.0,v100m,-25.70953941345215,20.25994300842285,0,1038240,0.0
bred_vector_winter,3,1,6.0,t2m,227.14306640625,313.37261962890625,0,1038240,0.0
bred_vector_winter,3,1,6.0,sp,47289.33984375,105586.2734375,0,1038240,0.0
bred_vector_winter,3,1,6.0,msl,95816.7421875,105611.1015625,0,1038240,0.0
bred_vector_winter,3,1,6.0,tcwv,-11.907869338989258,128.1456298828125,50840,1038240,0.04896748343350285
bred_vector_winter,3,1,6.0,u50,-53.7807502746582,71.09944915771484,0,1038240,0.0
bred_vector_winter,3,1,6.0,u100,-58.843955993652344,71.08444213867188,0,1038240,0.0
bred_vector_winter,3,1,6.0,u150,-53.454551696777344,91.26844787597656,0,1038240,0.0
bred_vector_winter,3,1,6.0,u200,-67.89244842529297,101.6001968383789,0,1038240,0.0
bred_vector_winter,3,1,6.0,u250,-76.79440307617188,95.67665100097656,0,1038240,0.0
bred_vector_winter,3,1,6.0,u300,-61.08734893798828,86.5382308959961,0,1038240,0.0
bred_vector_winter,3,1,6.0,u400,-42.03771209716797,74.22952270507812,0,1038240,0.0
bred_vector_winter,3,1,6.0,u500,-40.949825286865234,58.61276626586914,0,1038240,0.0
bred_vector_winter,3,1,6.0,u600,-32.910648345947266,47.706695556640625,0,1038240,0.0
bred_vector_winter,3,1,6.0,u700,-30.22092056274414,39.55219268798828,0,1038240,0.0
bred_vector_winter,3,1,6.0,u850,-25.968891143798828,36.2369270324707,0,1038240,0.0
bred_vector_winter,3,1,6.0,u925,-27.87329864501953,30.7844295501709,0,1038240,0.0
bred_vector_winter,3,1,6.0,u1000,-21.058216094970703,21.326265335083008,0,1038240,0.0
bred_vector_winter,3,1,6.0,v50,-42.91593551635742,44.7337646484375,0,1038240,0.0
bred_vector_winter,3,1,6.0,v100,-29.756216049194336,41.66801452636719,0,1038240,0.0
bred_vector_winter,3,1,6.0,v150,-46.3534049987793,51.27418899536133,0,1038240,0.0
bred_vector_winter,3,1,6.0,v200,-63.69546890258789,73.53536224365234,0,1038240,0.0
bred_vector_winter,3,1,6.0,v250,-61.96141052246094,117.51317596435547,0,1038240,0.0
bred_vector_winter,3,1,6.0,v300,-61.791019439697266,85.13642883300781,0,1038240,0.0
bred_vector_winter,3,1,6.0,v400,-55.74667739868164,60.138248443603516,0,1038240,0.0
bred_vector_winter,3,1,6.0,v500,-43.40776824951172,44.705204010009766,0,1038240,0.0
bred_vector_winter,3,1,6.0,v600,-33.259517669677734,37.809417724609375,0,1038240,0.0
bred_vector_winter,3,1,6.0,v700,-28.317838668823242,31.752553939819336,0,1038240,0.0
bred_vector_winter,3,1,6.0,v850,-31.431406021118164,32.425533294677734,0,1038240,0.0
bred_vector_winter,3,1,6.0,v925,-32.21449279785156,26.318567276000977,0,1038240,0.0
bred_vector_winter,3,1,6.0,v1000,-22.203229904174805,16.336029052734375,0,1038240,0.0
bred_vector_winter,3,1,6.0,z50,188623.546875,212473.4375,0,1038240,0.0
bred_vector_winter,3,1,6.0,z100,149377.84375,170818.640625,0,1038240,0.0
bred_vector_winter,3,1,6.0,z150,125472.53125,148309.359375,0,1038240,0.0
bred_vector_winter,3,1,6.0,z200,108183.765625,129761.546875,0,1038240,0.0
bred_vector_winter,3,1,6.0,z250,94085.921875,114457.28125,0,1038240,0.0
bred_vector_winter,3,1,6.0,z300,82701.890625,101038.75,0,1038240,0.0
bred_vector_winter,3,1,6.0,z400,64348.3515625,78521.1640625,0,1038240,0.0
bred_vector_winter,3,1,6.0,z500,49076.68359375,60728.99609375,0,1038240,0.0
bred_vector_winter,3,1,6.0,z600,36268.56640625,46099.2109375,0,1038240,0.0
bred_vector_winter,3,1,6.0,z700,25009.953125,33535.640625,0,1038240,0.0
bred_vector_winter,3,1,6.0,z850,9697.48828125,17419.203125,0,1038240,0.0
bred_vector_winter,3,1,6.0,z925,2880.7880859375,10327.869140625,0,1038240,0.0
bred_vector_winter,3,1,6.0,z1000,-3375.8046875,4154.5927734375,0,1038240,0.0
bred_vector_winter,3,1,6.0,t50,179.92652893066406,252.01068115234375,0,1038240,0.0
bred_vector_winter,3,1,6.0,t100,169.5118408203125,249.7846221923828,0,1038240,0.0
bred_vector_winter,3,1,6.0,t150,198.03343200683594,247.0277099609375,0,1038240,0.0
bred_vector_winter,3,1,6.0,t200,199.824951171875,248.1026153564453,0,1038240,0.0
bred_vector_winter,3,1,6.0,t250,200.97169494628906,256.9602966308594,0,1038240,0.0
bred_vector_winter,3,1,6.0,t300,206.4495391845703,265.12005615234375,0,1038240,0.0
bred_vector_winter,3,1,6.0,t400,220.6521759033203,278.52215576171875,0,1038240,0.0
bred_vector_winter,3,1,6.0,t500,227.65806579589844,286.5782470703125,0,1038240,0.0
bred_vector_winter,3,1,6.0,t600,233.10179138183594,293.04229736328125,0,1038240,0.0
bred_vector_winter,3,1,6.0,t700,239.2014617919922,297.7655029296875,0,1038240,0.0
bred_vector_winter,3,1,6.0,t850,238.3128662109375,306.4356384277344,0,1038240,0.0
bred_vector_winter,3,1,6.0,t925,238.519287109375,309.6426086425781,0,1038240,0.0
bred_vector_winter,3,1,6.0,t1000,231.08743286132812,314.39105224609375,0,1038240,0.0
bred_vector_winter,3,1,6.0,q50,-8.360140782315284e-05,7.688103505643085e-05,422546,1038240,0.40698297118200033
bred_vector_winter,3,1,6.0,q100,-2.605911868158728e-05,2.1069754438940436e-05,344450,1038240,0.3317633687779319
bred_vector_winter,3,1,6.0,q150,-1.5579498722217977e-05,6.179004412842914e-05,100670,1038240,0.09696216674372014
bred_vector_winter,3,1,6.0,q200,-3.393221413716674e-05,0.0003606230893637985,17571,1038240,0.016923832639852057
bred_vector_winter,3,1,6.0,q250,-0.00014882329560350627,0.0010960687650367618,37541,1038240,0.036158306364617046
bred_vector_winter,3,1,6.0,q300,-0.00011042994447052479,0.0025724517181515694,18994,1038240,0.01829442132840191
bred_vector_winter,3,1,6.0,q400,-0.0008546679746359587,0.0068832822144031525,38232,1038240,0.03682385575589459
bred_vector_winter,3,1,6.0,q500,-0.0006994077702984214,0.011846479028463364,15891,1038240,0.015305709662505778
bred_vector_winter,3,1,6.0,q600,-0.0023783184587955475,0.01767505519092083,45614,1038240,0.04393396517182925
bred_vector_winter,3,1,6.0,q700,-0.0026176045648753643,0.026713712140917778,47296,1038240,0.04555401448605332
bred_vector_winter,3,1,6.0,q850,-0.0031844601035118103,0.030260737985372543,31076,1038240,0.029931422407150562
bred_vector_winter,3,1,6.0,q925,-0.003844620194286108,0.031076176092028618,28609,1038240,0.027555285868392666
bred_vector_winter,3,1,6.0,q1000,-0.0036262390203773975,0.03130553290247917,26078,1038240,0.025117506549545386
bred_vector_winter,3,2,12.0,u10m,-20.31034278869629,21.800352096557617,0,1038240,0.0
bred_vector_winter,3,2,12.0,v10m,-18.639081954956055,16.647350311279297,0,1038240,0.0
bred_vector_winter,3,2,12.0,u100m,-23.06423568725586,27.288599014282227,0,1038240,0.0
bred_vector_winter,3,2,12.0,v100m,-21.852344512939453,19.936002731323242,0,1038240,0.0
bred_vector_winter,3,2,12.0,t2m,224.74513244628906,312.3820495605469,0,1038240,0.0
bred_vector_winter,3,2,12.0,sp,46305.75390625,105257.0390625,0,1038240,0.0
bred_vector_winter,3,2,12.0,msl,94901.3046875,106329.90625,0,1038240,0.0
bred_vector_winter,3,2,12.0,tcwv,-13.503925323486328,130.80026245117188,55114,1038240,0.053084065341346895
bred_vector_winter,3,2,12.0,u50,-69.47947692871094,85.08287811279297,0,1038240,0.0
bred_vector_winter,3,2,12.0,u100,-60.732566833496094,80.50333404541016,0,1038240,0.0
bred_vector_winter,3,2,12.0,u150,-65.84246063232422,96.87893676757812,0,1038240,0.0
bred_vector_winter,3,2,12.0,u200,-80.00588989257812,93.36581420898438,0,1038240,0.0
bred_vector_winter,3,2,12.0,u250,-97.55632019042969,98.03865051269531,0,1038240,0.0
bred_vector_winter,3,2,12.0,u300,-100.2279052734375,85.49423217773438,0,1038240,0.0
bred_vector_winter,3,2,12.0,u400,-52.644752502441406,83.0542221069336,0,1038240,0.0
bred_vector_winter,3,2,12.0,u500,-43.97499084472656,65.11199188232422,0,1038240,0.0
bred_vector_winter,3,2,12.0,u600,-31.56464195251465,56.74728775024414,0,1038240,0.0
bred_vector_winter,3,2,12.0,u700,-29.294239044189453,45.89310073852539,0,1038240,0.0
bred_vector_winter,3,2,12.0,u850,-28.867794036865234,37.47846984863281,0,1038240,0.0
bred_vector_winter,3,2,12.0,u925,-28.95946502685547,33.66770553588867,0,1038240,0.0
bred_vector_winter,3,2,12.0,u1000,-20.8574275970459,22.027753829956055,0,1038240,0.0
bred_vector_winter,3,2,12.0,v50,-44.993202209472656,45.93614959716797,0,1038240,0.0
bred_vector_winter,3,2,12.0,v100,-43.055389404296875,43.85404968261719,0,1038240,0.0
bred_vector_winter,3,2,12.0,v150,-54.62746810913086,58.67661666870117,0,1038240,0.0
bred_vector_winter,3,2,12.0,v200,-70.04924774169922,78.08846282958984,0,1038240,0.0
bred_vector_winter,3,2,12.0,v250,-67.28623962402344,124.26861572265625,0,1038240,0.0
bred_vector_winter,3,2,12.0,v300,-71.1627426147461,95.77365112304688,0,1038240,0.0
bred_vector_winter,3,2,12.0,v400,-54.12446212768555,57.10565185546875,0,1038240,0.0
bred_vector_winter,3,2,12.0,v500,-43.719322204589844,52.380733489990234,0,1038240,0.0
bred_vector_winter,3,2,12.0,v600,-41.59159469604492,43.2646484375,0,1038240,0.0
bred_vector_winter,3,2,12.0,v700,-31.4967041015625,37.216068267822266,0,1038240,0.0
bred_vector_winter,3,2,12.0,v850,-35.63641357421875,28.796600341796875,0,1038240,0.0
bred_vector_winter,3,2,12.0,v925,-32.0309944152832,26.008310317993164,0,1038240,0.0
bred_vector_winter,3,2,12.0,v1000,-21.151412963867188,18.703393936157227,0,1038240,0.0
bred_vector_winter,3,2,12.0,z50,186708.90625,212447.75,0,1038240,0.0
bred_vector_winter,3,2,12.0,z100,148140.296875,170340.421875,0,1038240,0.0
bred_vector_winter,3,2,12.0,z150,124863.5859375,147869.40625,0,1038240,0.0
bred_vector_winter,3,2,12.0,z200,107465.8984375,129499.7734375,0,1038240,0.0
bred_vector_winter,3,2,12.0,z250,93635.828125,114330.8125,0,1038240,0.0
bred_vector_winter,3,2,12.0,z300,82482.1875,101114.765625,0,1038240,0.0
bred_vector_winter,3,2,12.0,z400,63889.02734375,79039.5,0,1038240,0.0
bred_vector_winter,3,2,12.0,z500,48500.6484375,61646.66796875,0,1038240,0.0
bred_vector_winter,3,2,12.0,z600,35896.4609375,47086.859375,0,1038240,0.0
bred_vector_winter,3,2,12.0,z700,24319.021484375,34301.00390625,0,1038240,0.0
bred_vector_winter,3,2,12.0,z850,9048.876953125,18264.322265625,0,1038240,0.0
bred_vector_winter,3,2,12.0,z925,2220.2919921875,11102.3037109375,0,1038240,0.0
bred_vector_winter,3,2,12.0,z1000,-4125.3037109375,4851.93212890625,0,1038240,0.0
bred_vector_winter,3,2,12.0,t50,175.51913452148438,251.48422241210938,0,1038240,0.0
bred_vector_winter,3,2,12.0,t100,169.3282470703125,255.58033752441406,0,1038240,0.0
bred_vector_winter,3,2,12.0,t150,195.4725341796875,252.52992248535156,0,1038240,0.0
bred_vector_winter,3,2,12.0,t200,202.12261962890625,246.023193359375,0,1038240,0.0
bred_vector_winter,3,2,12.0,t250,200.43911743164062,257.1013488769531,0,1038240,0.0
bred_vector_winter,3,2,12.0,t300,203.3536834716797,265.0943908691406,0,1038240,0.0
bred_vector_winter,3,2,12.0,t400,217.66893005371094,281.49090576171875,0,1038240,0.0
bred_vector_winter,3,2,12.0,t500,224.32093811035156,287.939453125,0,1038240,0.0
bred_vector_winter,3,2,12.0,t600,229.66244506835938,295.4815368652344,0,1038240,0.0
bred_vector_winter,3,2,12.0,t700,237.25938415527344,299.6180725097656,0,1038240,0.0
bred_vector_winter,3,2,12.0,t850,243.5693817138672,307.3052062988281,0,1038240,0.0
bred_vector_winter,3,2,12.0,t925,237.70420837402344,311.3897705078125,0,1038240,0.0
bred_vector_winter,3,2,12.0,t1000,234.26803588867188,316.0682067871094,0,1038240,0.0
bred_vector_winter,3,2,12.0,q50,-8.210248779505491e-05,7.560746598755941e-05,422285,1038240,0.40673158421944827
bred_vector_winter,3,2,12.0,q100,-2.531626341806259e-05,2.128008236468304e-05,341262,1038240,0.32869278779472955
bred_vector_winter,3,2,12.0,q150,-1.9426868675509468e-05,9.13971962290816e-05,136470,1038240,0.1314435968562182
bred_vector_winter,3,2,12.0,q200,-6.472824316006154e-05,0.00041705003241077065,80137,1038240,0.07718542918785637
bred_vector_winter,3,2,12.0,q250,-0.00030987232457846403,0.001256350427865982,119574,1038240,0.11516990291262136
bred_vector_winter,3,2,12.0,q300,-0.0002813918690662831,0.0028187313582748175,67409,1038240,0.06492622129758052
bred_vector_winter,3,2,12.0,q400,-0.0009620104683563113,0.008955821394920349,95032,1038240,0.09153182308522115
bred_vector_winter,3,2,12.0,q500,-0.001425580121576786,0.012597396969795227,44391,1038240,0.04275601017105871
bred_vector_winter,3,2,12.0,q600,-0.00345327565446496,0.018445471301674843,76471,1038240,0.07365445369086146
bred_vector_winter,3,2,12.0,q700,-0.004054828081279993,0.029939083382487297,70388,1038240,0.06779550007705347
bred_vector_winter,3,2,12.0,q850,-0.0036789500154554844,0.03251178190112114,41859,1038240,0.040317267683772536
bred_vector_winter,3,2,12.0,q925,-0.004568810109049082,0.03256436437368393,32427,1038240,0.031232662968099862
bred_vector_winter,3,2,12.0,q1000,-0.005050174426287413,0.03228067606687546,27413,1038240,0.026403336415472337
bred_vector_winter,3,3,18.0,u10m,-27.50273323059082,25.422100067138672,0,1038240,0.0
bred_vector_winter,3,3,18.0,v10m,-18.742177963256836,19.46293830871582,0,1038240,0.0
bred_vector_winter,3,3,18.0,u100m,-32.44813537597656,32.07389831542969,0,1038240,0.0
bred_vector_winter,3,3,18.0,v100m,-24.06470489501953,25.180561065673828,0,1038240,0.0
bred_vector_winter,3,3,18.0,t2m,224.57815551757812,313.5835876464844,0,1038240,0.0
bred_vector_winter,3,3,18.0,sp,45656.37109375,105888.7109375,0,1038240,0.0
bred_vector_winter,3,3,18.0,msl,93430.765625,106835.9296875,0,1038240,0.0
bred_vector_winter,3,3,18.0,tcwv,-17.225893020629883,144.2226104736328,65302,1038240,0.0628968253968254
bred_vector_winter,3,3,18.0,u50,-82.00708770751953,86.78350067138672,0,1038240,0.0
bred_vector_winter,3,3,18.0,u100,-75.01953125,84.70747375488281,0,1038240,0.0
bred_vector_winter,3,3,18.0,u150,-79.12582397460938,99.99591827392578,0,1038240,0.0
bred_vector_winter,3,3,18.0,u200,-88.51795959472656,111.9969253540039,0,1038240,0.0
bred_vector_winter,3,3,18.0,u250,-108.68733215332031,107.80145263671875,0,1038240,0.0
bred_vector_winter,3,3,18.0,u300,-105.72893524169922,91.33499908447266,0,1038240,0.0
bred_vector_winter,3,3,18.0,u400,-67.16731262207031,86.22734832763672,0,1038240,0.0
bred_vector_winter,3,3,18.0,u500,-44.94567108154297,69.86018371582031,0,1038240,0.0
bred_vector_winter,3,3,18.0,u600,-47.24552917480469,58.524513244628906,0,1038240,0.0
bred_vector_winter,3,3,18.0,u700,-40.71449279785156,45.71297073364258,0,1038240,0.0
bred_vector_winter,3,3,18.0,u850,-35.26809310913086,40.95320510864258,0,1038240,0.0
bred_vector_winter,3,3,18.0,u925,-36.34004211425781,38.24125289916992,0,1038240,0.0
bred_vector_winter,3,3,18.0,u1000,-28.560070037841797,25.763601303100586,0,1038240,0.0
bred_vector_winter,3,3,18.0,v50,-57.93574905395508,51.45278549194336,0,1038240,0.0
bred_vector_winter,3,3,18.0,v100,-51.54246520996094,53.08387756347656,0,1038240,0.0
bred_vector_winter,3,3,18.0,v150,-70.53569793701172,60.75956726074219,0,1038240,0.0
bred_vector_winter,3,3,18.0,v200,-63.925254821777344,76.20662689208984,0,1038240,0.0
bred_vector_winter,3,3,18.0,v250,-61.14323425292969,97.90299987792969,0,1038240,0.0
bred_vector_winter,3,3,18.0,v300,-58.44317626953125,83.64875793457031,0,1038240,0.0
bred_vector_winter,3,3,18.0,v400,-53.0835075378418,63.391395568847656,0,1038240,0.0
bred_vector_winter,3,3,18.0,v500,-47.798641204833984,58.598060607910156,0,1038240,0.0
bred_vector_winter,3,3,18.0,v600,-40.288787841796875,47.236785888671875,0,1038240,0.0
bred_vector_winter,3,3,18.0,v700,-29.772796630859375,51.1495246887207,0,1038240,0.0
bred_vector_winter,3,3,18.0,v850,-38.52882385253906,33.42045974731445,0,1038240,0.0
bred_vector_winter,3,3,18.0,v925,-36.56071472167969,27.055089950561523,0,1038240,0.0
bred_vector_winter,3,3,18.0,v1000,-20.481693267822266,21.931293487548828,0,1038240,0.0
bred_vector_winter,3,3,18.0,z50,185424.765625,212714.875,0,1038240,0.0
bred_vector_winter,3,3,18.0,z100,147665.390625,170766.125,0,1038240,0.0
bred_vector_winter,3,3,18.0,z150,124491.5859375,148431.75,0,1038240,0.0
bred_vector_winter,3,3,18.0,z200,106891.9765625,130087.8046875,0,1038240,0.0
bred_vector_winter,3,3,18.0,z250,93085.1484375,114819.59375,0,1038240,0.0
bred_vector_winter,3,3,18.0,z300,82014.234375,101635.5,0,1038240,0.0
bred_vector_winter,3,3,18.0,z400,63251.0703125,79609.7578125,0,1038240,0.0
bred_vector_winter,3,3,18.0,z500,47810.390625,61975.0234375,0,1038240,0.0
bred_vector_winter,3,3,18.0,z600,35064.07421875,47534.6328125,0,1038240,0.0
bred_vector_winter,3,3,18.0,z700,23679.81640625,34834.24609375,0,1038240,0.0
bred_vector_winter,3,3,18.0,z850,8369.01953125,18793.79296875,0,1038240,0.0
bred_vector_winter,3,3,18.0,z925,1263.50537109375,11593.5322265625,0,1038240,0.0
bred_vector_winter,3,3,18.0,z1000,-5332.50244140625,5262.24658203125,0,1038240,0.0
bred_vector_winter,3,3,18.0,t50,171.96945190429688,252.21588134765625,0,1038240,0.0
bred_vector_winter,3,3,18.0,t100,170.01609802246094,256.8919372558594,0,1038240,0.0
bred_vector_winter,3,3,18.0,t150,191.68280029296875,256.53094482421875,0,1038240,0.0
bred_vector_winter,3,3,18.0,t200,198.24151611328125,246.38401794433594,0,1038240,0.0
bred_vector_winter,3,3,18.0,t250,201.66590881347656,257.90411376953125,0,1038240,0.0
bred_vector_winter,3,3,18.0,t300,200.12118530273438,267.931396484375,0,1038240,0.0
bred_vector_winter,3,3,18.0,t400,216.8844757080078,285.3293151855469,0,1038240,0.0
bred_vector_winter,3,3,18.0,t500,223.21981811523438,293.0667419433594,0,1038240,0.0
bred_vector_winter,3,3,18.0,t600,228.60618591308594,297.4957275390625,0,1038240,0.0
bred_vector_winter,3,3,18.0,t700,233.94119262695312,301.511474609375,0,1038240,0.0
bred_vector_winter,3,3,18.0,t850,242.4196319580078,308.4417724609375,0,1038240,0.0
bred_vector_winter,3,3,18.0,t925,236.80111694335938,310.69769287109375,0,1038240,0.0
bred_vector_winter,3,3,18.0,t1000,238.47804260253906,314.8143310546875,0,1038240,0.0
bred_vector_winter,3,3,18.0,q50,-8.061224070843309e-05,7.43204218451865e-05,422036,1038240,0.40649175527816306
bred_vector_winter,3,3,18.0,q100,-2.42071328102611e-05,2.1721183657064103e-05,337301,1038240,0.32487767760826014
bred_vector_winter,3,3,18.0,q150,-2.2440588509198278e-05,9.353815403301269e-05,157969,1038240,0.1521507551240561
bred_vector_winter,3,3,18.0,q200,-0.00010894912702497095,0.0004804299969691783,144380,1038240,0.13906225920789028
bred_vector_winter,3,3,18.0,q250,-0.0003946533252019435,0.0013884254731237888,172732,1038240,0.1663700107874865
bred_vector_winter,3,3,18.0,q300,-0.0005425582639873028,0.0031002287287265062,109447,1038240,0.10541589613191554
bred_vector_winter,3,3,18.0,q400,-0.0011677314760163426,0.009800225496292114,152859,1038240,0.1472289644012945
bred_vector_winter,3,3,18.0,q500,-0.0024585139472037554,0.015153178945183754,83857,1038240,0.0807684157805517
bred_vector_winter,3,3,18.0,q600,-0.00553432060405612,0.01930655539035797,113990,1038240,0.10979157034982277
bred_vector_winter,3,3,18.0,q700,-0.008583085611462593,0.03813394531607628,111546,1038240,0.1074375866851595
bred_vector_winter,3,3,18.0,q850,-0.004732090514153242,0.034980129450559616,52304,1038240,0.05037756202804747
bred_vector_winter,3,3,18.0,q925,-0.005684204865247011,0.03243164345622063,35646,1038240,0.034333102172908
bred_vector_winter,3,3,18.0,q1000,-0.005411494057625532,0.032692041248083115,30035,1038240,0.028928764062259207
bred_vector_winter,3,4,24.0,u10m,-28.641773223876953,24.960466384887695,0,1038240,0.0
bred_vector_winter,3,4,24.0,v10m,-18.62793731689453,20.83774757385254,0,1038240,0.0
bred_vector_winter,3,4,24.0,u100m,-36.64314651489258,30.16214942932129,0,1038240,0.0
bred_vector_winter,3,4,24.0,v100m,-23.98834991455078,24.958879470825195,0,1038240,0.0
bred_vector_winter,3,4,24.0,t2m,227.62515258789062,316.68890380859375,0,1038240,0.0
bred_vector_winter,3,4,24.0,sp,45240.7890625,106414.390625,0,1038240,0.0
bred_vector_winter,3,4,24.0,msl,92407.8828125,106988.046875,0,1038240,0.0
bred_vector_winter,3,4,24.0,tcwv,-23.265047073364258,142.1099090576172,68623,1038240,0.06609550778240099
bred_vector_winter,3,4,24.0,u50,-89.65876007080078,97.26081085205078,0,1038240,0.0
bred_vector_winter,3,4,24.0,u100,-85.20889282226562,87.51248931884766,0,1038240,0.0
bred_vector_winter,3,4,24.0,u150,-80.36235809326172,105.98446655273438,0,1038240,0.0
bred_vector_winter,3,4,24.0,u200,-102.74408721923828,107.50737762451172,0,1038240,0.0
bred_vector_winter,3,4,24.0,u250,-128.12205505371094,107.22116088867188,0,1038240,0.0
bred_vector_winter,3,4,24.0,u300,-117.07237243652344,103.57405853271484,0,1038240,0.0
bred_vector_winter,3,4,24.0,u400,-87.43120574951172,95.30058288574219,0,1038240,0.0
bred_vector_winter,3,4,24.0,u500,-48.57115173339844,75.7557144165039,0,1038240,0.0
bred_vector_winter,3,4,24.0,u600,-57.128509521484375,57.20450210571289,0,1038240,0.0
bred_vector_winter,3,4,24.0,u700,-46.95140838623047,52.582374572753906,0,1038240,0.0
bred_vector_winter,3,4,24.0,u850,-49.24760437011719,43.42225646972656,0,1038240,0.0
bred_vector_winter,3,4,24.0,u925,-43.814640045166016,38.820980072021484,0,1038240,0.0
bred_vector_winter,3,4,24.0,u1000,-30.47810935974121,27.10056495666504,0,1038240,0.0
bred_vector_winter,3,4,24.0,v50,-62.16118240356445,56.796119689941406,0,1038240,0.0
bred_vector_winter,3,4,24.0,v100,-56.4603271484375,71.30652618408203,0,1038240,0.0
bred_vector_winter,3,4,24.0,v150,-79.1069564819336,68.23394012451172,0,1038240,0.0
bred_vector_winter,3,4,24.0,v200,-55.52290725708008,66.35858154296875,0,1038240,0.0
bred_vector_winter,3,4,24.0,v250,-55.5129508972168,84.59884643554688,0,1038240,0.0
bred_vector_winter,3,4,24.0,v300,-53.02549362182617,73.79977416992188,0,1038240,0.0
bred_vector_winter,3,4,24.0,v400,-58.7630729675293,62.5208740234375,0,1038240,0.0
bred_vector_winter,3,4,24.0,v500,-69.5174560546875,55.37499237060547,0,1038240,0.0
bred_vector_winter,3,4,24.0,v600,-42.36185073852539,50.8502311706543,0,1038240,0.0
bred_vector_winter,3,4,24.0,v700,-37.08832931518555,56.30604934692383,0,1038240,0.0
bred_vector_winter,3,4,24.0,v850,-35.01402282714844,29.966567993164062,0,1038240,0.0
bred_vector_winter,3,4,24.0,v925,-30.373912811279297,31.37183380126953,0,1038240,0.0
bred_vector_winter,3,4,24.0,v1000,-19.967939376831055,23.986236572265625,0,1038240,0.0
bred_vector_winter,3,4,24.0,z50,184137.4375,212938.28125,0,1038240,0.0
bred_vector_winter,3,4,24.0,z100,147287.125,170781.875,0,1038240,0.0
bred_vector_winter,3,4,24.0,z150,124398.9375,148601.609375,0,1038240,0.0
bred_vector_winter,3,4,24.0,z200,106727.78125,130171.6640625,0,1038240,0.0
bred_vector_winter,3,4,24.0,z250,92649.546875,114792.625,0,1038240,0.0
bred_vector_winter,3,4,24.0,z300,81675.5390625,101650.515625,0,1038240,0.0
bred_vector_winter,3,4,24.0,z400,62541.79296875,79672.359375,0,1038240,0.0
bred_vector_winter,3,4,24.0,z500,47189.83203125,62082.25,0,1038240,0.0
bred_vector_winter,3,4,24.0,z600,34410.1484375,47757.5703125,0,1038240,0.0
bred_vector_winter,3,4,24.0,z700,23352.314453125,35168.6015625,0,1038240,0.0
bred_vector_winter,3,4,24.0,z850,7393.38232421875,19184.7109375,0,1038240,0.0
bred_vector_winter,3,4,24.0,z925,327.74560546875,12103.728515625,0,1038240,0.0
bred_vector_winter,3,4,24.0,z1000,-6194.89599609375,5548.6416015625,0,1038240,0.0
bred_vector_winter,3,4,24.0,t50,167.1105499267578,254.74749755859375,0,1038240,0.0
bred_vector_winter,3,4,24.0,t100,163.81478881835938,257.7755432128906,0,1038240,0.0
bred_vector_winter,3,4,24.0,t150,189.75457763671875,263.01971435546875,0,1038240,0.0
bred_vector_winter,3,4,24.0,t200,193.94984436035156,247.879150390625,0,1038240,0.0
bred_vector_winter,3,4,24.0,t250,202.99969482421875,260.5082702636719,0,1038240,0.0
bred_vector_winter,3,4,24.0,t300,199.8353271484375,269.36395263671875,0,1038240,0.0
bred_vector_winter,3,4,24.0,t400,215.27874755859375,283.04278564453125,0,1038240,0.0
bred_vector_winter,3,4,24.0,t500,222.40379333496094,292.8233947753906,0,1038240,0.0
bred_vector_winter,3,4,24.0,t600,226.85675048828125,298.88909912109375,0,1038240,0.0
bred_vector_winter,3,4,24.0,t700,230.19313049316406,309.49273681640625,0,1038240,0.0
bred_vector_winter,3,4,24.0,t850,244.4375457763672,308.45587158203125,0,1038240,0.0
bred_vector_winter,3,4,24.0,t925,234.0523681640625,314.7304382324219,0,1038240,0.0
bred_vector_winter,3,4,24.0,t1000,235.92498779296875,319.3923645019531,0,1038240,0.0
bred_vector_winter,3,4,24.0,q50,-7.917237235233188e-05,7.308054773602635e-05,421783,1038240,0.4062480736631222
bred_vector_winter,3,4,24.0,q100,-2.3218919523060322e-05,2.2065676603233442e-05,334327,1038240,0.32201321467098165
bred_vector_winter,3,4,24.0,q150,-2.8641985409194604e-05,9.765908907866105e-05,184924,1038240,0.1781129603945138
bred_vector_winter,3,4,24.0,q200,-0.00015960760356392711,0.0005500070983543992,177849,1038240,0.17129854368932038
bred_vector_winter,3,4,24.0,q250,-0.00042343008681200445,0.0015281422529369593,200193,1038240,0.1928195792880259
bred_vector_winter,3,4,24.0,q300,-0.0006203447701409459,0.0032904851250350475,138482,1038240,0.13338149175527816
bred_vector_winter,3,4,24.0,q400,-0.0012745317071676254,0.0096279326826334,192489,1038240,0.18539932963476652
bred_vector_winter,3,4,24.0,q500,-0.003941627684980631,0.014797383919358253,110604,1038240,0.1065302820157189
bred_vector_winter,3,4,24.0,q600,-0.006944537162780762,0.019790977239608765,140243,1038240,0.13507763137617507
bred_vector_winter,3,4,24.0,q700,-0.009102966636419296,0.0342683307826519,149083,1038240,0.14359204037602097
bred_vector_winter,3,4,24.0,q850,-0.007006299216300249,0.03146222606301308,56065,1038240,0.05400003852673756
bred_vector_winter,3,4,24.0,q925,-0.006150903645902872,0.03287658840417862,39796,1038240,0.03833025119432886
bred_vector_winter,3,4,24.0,q1000,-0.006807336118072271,0.03276893496513367,31141,1038240,0.02999402835567884
bred_vector_winter,3,5,30.0,u10m,-24.787216186523438,26.3043155670166,0,1038240,0.0
bred_vector_winter,3,5,30.0,v10m,-20.382274627685547,20.199216842651367,0,1038240,0.0
bred_vector_winter,3,5,30.0,u100m,-30.75226402282715,33.6681022644043,0,1038240,0.0
bred_vector_winter,3,5,30.0,v100m,-27.116540908813477,24.515796661376953,0,1038240,0.0
bred_vector_winter,3,5,30.0,t2m,226.3084259033203,315.97967529296875,0,1038240,0.0
bred_vector_winter,3,5,30.0,sp,44663.94921875,107065.9375,0,1038240,0.0
bred_vector_winter,3,5,30.0,msl,91956.21875,107557.0234375,0,1038240,0.0
bred_vector_winter,3,5,30.0,tcwv,-26.814836502075195,137.7609100341797,73072,1038240,0.07038064416705193
bred_vector_winter,3,5,30.0,u50,-94.16218566894531,108.19635772705078,0,1038240,0.0
bred_vector_winter,3,5,30.0,u100,-84.14845275878906,95.42703247070312,0,1038240,0.0
bred_vector_winter,3,5,30.0,u150,-82.97734069824219,96.34400939941406,0,1038240,0.0
bred_vector_winter,3,5,30.0,u200,-107.24453735351562,111.53652954101562,0,1038240,0.0
bred_vector_winter,3,5,30.0,u250,-135.04701232910156,110.51219177246094,0,1038240,0.0
bred_vector_winter,3,5,30.0,u300,-117.35932922363281,107.1427001953125,0,1038240,0.0
bred_vector_winter,3,5,30.0,u400,-101.53114318847656,102.2920913696289,0,1038240,0.0
bred_vector_winter,3,5,30.0,u500,-63.98481750488281,88.28874969482422,0,1038240,0.0
bred_vector_winter,3,5,30.0,u600,-61.877052307128906,63.83344268798828,0,1038240,0.0
bred_vector_winter,3,5,30.0,u700,-58.635074615478516,56.05322265625,0,1038240,0.0
bred_vector_winter,3,5,30.0,u850,-46.667701721191406,54.49106979370117,0,1038240,0.0
bred_vector_winter,3,5,30.0,u925,-42.96449279785156,46.44465637207031,0,1038240,0.0
bred_vector_winter,3,5,30.0,u1000,-33.540130615234375,27.101953506469727,0,1038240,0.0
bred_vector_winter,3,5,30.0,v50,-60.8026008605957,59.90997314453125,0,1038240,0.0
bred_vector_winter,3,5,30.0,v100,-73.56076049804688,72.71710205078125,0,1038240,0.0
bred_vector_winter,3,5,30.0,v150,-86.29151153564453,66.725830078125,0,1038240,0.0
bred_vector_winter,3,5,30.0,v200,-56.460140228271484,82.97742462158203,0,1038240,0.0
bred_vector_winter,3,5,30.0,v250,-55.17869567871094,87.40917205810547,0,1038240,0.0
bred_vector_winter,3,5,30.0,v300,-49.088863372802734,75.5694580078125,0,1038240,0.0
bred_vector_winter,3,5,30.0,v400,-64.76797485351562,58.12825393676758,0,1038240,0.0
bred_vector_winter,3,5,30.0,v500,-69.8989028930664,56.72437286376953,0,1038240,0.0
bred_vector_winter,3,5,30.0,v600,-43.431697845458984,51.14292526245117,0,1038240,0.0
bred_vector_winter,3,5,30.0,v700,-43.06863021850586,63.41756057739258,0,1038240,0.0
bred_vector_winter,3,5,30.0,v850,-36.88259506225586,30.837623596191406,0,1038240,0.0
bred_vector_winter,3,5,30.0,v925,-32.76909255981445,30.277982711791992,0,1038240,0.0
bred_vector_winter,3,5,30.0,v1000,-21.546037673950195,23.584949493408203,0,1038240,0.0
bred_vector_winter,3,5,30.0,z50,183126.234375,212521.71875,0,1038240,0.0
bred_vector_winter,3,5,30.0,z100,146900.59375,170346.90625,0,1038240,0.0
bred_vector_winter,3,5,30.0,z150,124230.734375,148559.21875,0,1038240,0.0
bred_vector_winter,3,5,30.0,z200,106629.0,130074.1875,0,1038240,0.0
bred_vector_winter,3,5,30.0,z250,92647.2421875,114613.46875,0,1038240,0.0
bred_vector_winter,3,5,30.0,z300,81418.390625,101346.1328125,0,1038240,0.0
bred_vector_winter,3,5,30.0,z400,62190.58984375,79358.6484375,0,1038240,0.0
bred_vector_winter,3,5,30.0,z500,46856.765625,62060.0234375,0,1038240,0.0
bred_vector_winter,3,5,30.0,z600,34090.578125,47778.42578125,0,1038240,0.0
bred_vector_winter,3,5,30.0,z700,22646.15234375,35431.41015625,0,1038240,0.0
bred_vector_winter,3,5,30.0,z850,6811.1884765625,19572.8046875,0,1038240,0.0
bred_vector_winter,3,5,30.0,z925,-125.251953125,12518.115234375,0,1038240,0.0
bred_vector_winter,3,5,30.0,z1000,-6552.20849609375,6039.0947265625,0,1038240,0.0
bred_vector_winter,3,5,30.0,t50,167.10694885253906,258.0042724609375,0,1038240,0.0
bred_vector_winter,3,5,30.0,t100,159.86961364746094,259.81512451171875,0,1038240,0.0
bred_vector_winter,3,5,30.0,t150,188.1028594970703,263.4296875,0,1038240,0.0
bred_vector_winter,3,5,30.0,t200,188.4338836669922,251.24879455566406,0,1038240,0.0
bred_vector_winter,3,5,30.0,t250,201.7076416015625,259.939453125,0,1038240,0.0
bred_vector_winter,3,5,30.0,t300,200.4122772216797,272.80682373046875,0,1038240,0.0
bred_vector_winter,3,5,30.0,t400,214.6576385498047,283.6096496582031,0,1038240,0.0
bred_vector_winter,3,5,30.0,t500,221.0196990966797,292.19775390625,0,1038240,0.0
bred_vector_winter,3,5,30.0,t600,226.87045288085938,300.5966796875,0,1038240,0.0
bred_vector_winter,3,5,30.0,t700,231.12677001953125,308.9365234375,0,1038240,0.0
bred_vector_winter,3,5,30.0,t850,242.2790985107422,311.8074645996094,0,1038240,0.0
bred_vector_winter,3,5,30.0,t925,233.2994384765625,317.0561218261719,0,1038240,0.0
bred_vector_winter,3,5,30.0,t1000,231.55136108398438,320.4023742675781,0,1038240,0.0
bred_vector_winter,3,5,30.0,q50,-7.775562698952854e-05,7.184269634308293e-05,421501,1038240,0.40597646016335337
bred_vector_winter,3,5,30.0,q100,-2.212985054939054e-05,2.2283331418293528e-05,335801,1038240,0.32343292494991527
bred_vector_winter,3,5,30.0,q150,-3.847290645353496e-05,0.00011036943033104762,214064,1038240,0.20617968870396056
bred_vector_winter,3,5,30.0,q200,-0.00017272787226829678,0.0005597984418272972,199707,1038240,0.19235147942672215
bred_vector_winter,3,5,30.0,q250,-0.00052072067046538,0.001473457901738584,212438,1038240,0.20461357682231468
bred_vector_winter,3,5,30.0,q300,-0.000807486823759973,0.003662840463221073,156060,1038240,0.15031206657420249
bred_vector_winter,3,5,30.0,q400,-0.0017089737812057137,0.00961975660175085,221493,1038240,0.21333506703652336
bred_vector_winter,3,5,30.0,q500,-0.006140998564660549,0.01570393703877926,127900,1038240,0.1231892433348744
bred_vector_winter,3,5,30.0,q600,-0.009470034390687943,0.02034105360507965,168152,1038240,0.1619586993373401
bred_vector_winter,3,5,30.0,q700,-0.011363856494426727,0.032298631966114044,176100,1038240,0.16961396208969023
bred_vector_winter,3,5,30.0,q850,-0.008827963843941689,0.03380709886550903,62019,1038240,0.05973474341192788
bred_vector_winter,3,5,30.0,q925,-0.006398777011781931,0.033153146505355835,43906,1038240,0.042288873478193864
bred_vector_winter,3,5,30.0,q1000,-0.006745548453181982,0.03337220102548599,34399,1038240,0.033132031129603945
bred_vector_winter,3,6,36.0,u10m,-25.378143310546875,25.57266616821289,0,1038240,0.0
bred_vector_winter,3,6,36.0,v10m,-20.35622787475586,21.9918155670166,0,1038240,0.0
bred_vector_winter,3,6,36.0,u100m,-32.6048698425293,35.18349075317383,0,1038240,0.0
bred_vector_winter,3,6,36.0,v100m,-26.427019119262695,27.602340698242188,0,1038240,0.0
bred_vector_winter,3,6,36.0,t2m,230.1476593017578,316.0103759765625,0,1038240,0.0
bred_vector_winter,3,6,36.0,sp,44330.9296875,107455.9140625,0,1038240,0.0
bred_vector_winter,3,6,36.0,msl,92444.4609375,108012.5234375,0,1038240,0.0
bred_vector_winter,3,6,36.0,tcwv,-31.618013381958008,138.31312561035156,73690,1038240,0.07097588226229003
bred_vector_winter,3,6,36.0,u50,-97.95308685302734,126.41187286376953,0,1038240,0.0
bred_vector_winter,3,6,36.0,u100,-94.80818176269531,101.52902221679688,0,1038240,0.0
bred_vector_winter,3,6,36.0,u150,-88.47843170166016,110.14730834960938,0,1038240,0.0
bred_vector_winter,3,6,36.0,u200,-117.53479766845703,112.67098999023438,0,1038240,0.0
bred_vector_winter,3,6,36.0,u250,-147.80751037597656,104.45558166503906,0,1038240,0.0
bred_vector_winter,3,6,36.0,u300,-128.42356872558594,100.30224609375,0,1038240,0.0
bred_vector_winter,3,6,36.0,u400,-114.21080017089844,81.31775665283203,0,1038240,0.0
bred_vector_winter,3,6,36.0,u500,-72.89945220947266,79.40509796142578,0,1038240,0.0
bred_vector_winter,3,6,36.0,u600,-66.1865005493164,65.14057159423828,0,1038240,0.0
bred_vector_winter,3,6,36.0,u700,-71.02714538574219,63.55695724487305,0,1038240,0.0
bred_vector_winter,3,6,36.0,u850,-56.198387145996094,52.14107131958008,0,1038240,0.0
bred_vector_winter,3,6,36.0,u925,-44.88240432739258,44.855857849121094,0,1038240,0.0
bred_vector_winter,3,6,36.0,u1000,-33.09090042114258,25.575584411621094,0,1038240,0.0
bred_vector_winter,3,6,36.0,v50,-61.936161041259766,61.2624626159668,0,1038240,0.0
bred_vector_winter,3,6,36.0,v100,-83.70089721679688,91.96508026123047,0,1038240,0.0
bred_vector_winter,3,6,36.0,v150,-93.23278045654297,63.4090461730957,0,1038240,0.0
bred_vector_winter,3,6,36.0,v200,-58.0964241027832,78.42233276367188,0,1038240,0.0
bred_vector_winter,3,6,36.0,v250,-54.6512565612793,102.48566436767578,0,1038240,0.0
bred_vector_winter,3,6,36.0,v300,-53.80927276611328,93.17573547363281,0,1038240,0.0
bred_vector_winter,3,6,36.0,v400,-54.701507568359375,71.9295883178711,0,1038240,0.0
bred_vector_winter,3,6,36.0,v500,-62.368709564208984,49.934696197509766,0,1038240,0.0
bred_vector_winter,3,6,36.0,v600,-46.56644821166992,54.4925537109375,0,1038240,0.0
bred_vector_winter,3,6,36.0,v700,-40.78908920288086,60.46318817138672,0,1038240,0.0
bred_vector_winter,3,6,36.0,v850,-39.99675369262695,31.16351890563965,0,1038240,0.0
bred_vector_winter,3,6,36.0,v925,-32.896575927734375,33.99601364135742,0,1038240,0.0
bred_vector_winter,3,6,36.0,v1000,-19.6468505859375,22.664140701293945,0,1038240,0.0
bred_vector_winter,3,6,36.0,z50,182361.9375,211854.625,0,1038240,0.0
bred_vector_winter,3,6,36.0,z100,146876.4375,169587.453125,0,1038240,0.0
bred_vector_winter,3,6,36.0,z150,124256.171875,148063.265625,0,1038240,0.0
bred_vector_winter,3,6,36.0,z200,106780.6015625,129586.25,0,1038240,0.0
bred_vector_winter,3,6,36.0,z250,92624.09375,114096.5625,0,1038240,0.0
bred_vector_winter,3,6,36.0,z300,81269.828125,100907.921875,0,1038240,0.0
bred_vector_winter,3,6,36.0,z400,62143.1484375,79119.078125,0,1038240,0.0
bred_vector_winter,3,6,36.0,z500,46668.1171875,62025.73046875,0,1038240,0.0
bred_vector_winter,3,6,36.0,z600,33879.84375,48048.71875,0,1038240,0.0
bred_vector_winter,3,6,36.0,z700,22706.01953125,35777.5234375,0,1038240,0.0
bred_vector_winter,3,6,36.0,z850,7148.8857421875,19914.572265625,0,1038240,0.0
bred_vector_winter,3,6,36.0,z925,319.46484375,12877.1650390625,0,1038240,0.0
bred_vector_winter,3,6,36.0,z1000,-6445.30712890625,6342.25732421875,0,1038240,0.0
bred_vector_winter,3,6,36.0,t50,162.51376342773438,258.519287109375,0,1038240,0.0
bred_vector_winter,3,6,36.0,t100,156.78079223632812,262.1257629394531,0,1038240,0.0
bred_vector_winter,3,6,36.0,t150,184.3835906982422,263.49017333984375,0,1038240,0.0
bred_vector_winter,3,6,36.0,t200,188.91683959960938,255.76425170898438,0,1038240,0.0
bred_vector_winter,3,6,36.0,t250,198.44390869140625,262.4805908203125,0,1038240,0.0
bred_vector_winter,3,6,36.0,t300,199.9020233154297,276.409423828125,0,1038240,0.0
bred_vector_winter,3,6,36.0,t400,215.34323120117188,282.6750183105469,0,1038240,0.0
bred_vector_winter,3,6,36.0,t500,221.6063690185547,291.4644470214844,0,1038240,0.0
bred_vector_winter,3,6,36.0,t600,225.27320861816406,300.2210693359375,0,1038240,0.0
bred_vector_winter,3,6,36.0,t700,229.98797607421875,311.8413391113281,0,1038240,0.0
bred_vector_winter,3,6,36.0,t850,241.33766174316406,311.5654296875,0,1038240,0.0
bred_vector_winter,3,6,36.0,t925,233.05560302734375,316.0727233886719,0,1038240,0.0
bred_vector_winter,3,6,36.0,t1000,229.94961547851562,320.4276123046875,0,1038240,0.0
bred_vector_winter,3,6,36.0,q50,-7.637786620762199e-05,7.061193900881335e-05,421232,1038240,0.40571736785329016
bred_vector_winter,3,6,36.0,q100,-2.1173889763304032e-05,2.2432477635447867e-05,339915,1038240,0.32739539990753586
bred_vector_winter,3,6,36.0,q150,-3.981437475886196e-05,0.0001076936605386436,231534,1038240,0.22300624133148406
bred_vector_winter,3,6,36.0,q200,-0.0001673452788963914,0.0005424797418527305,221266,1038240,0.21311642780089382
bred_vector_winter,3,6,36.0,q250,-0.0005546202883124352,0.001496007782407105,222285,1038240,0.21409789644012944
bred_vector_winter,3,6,36.0,q300,-0.0008371371077373624,0.003451739903539419,168702,1038240,0.16248844197873324
bred_vector_winter,3,6,36.0,q400,-0.002135840943083167,0.009245344437658787,234091,1038240,0.22546906302974265
bred_vector_winter,3,6,36.0,q500,-0.007625138852745295,0.016082148998975754,137457,1038240,0.13239424410540915
bred_vector_winter,3,6,36.0,q600,-0.009198101237416267,0.020359650254249573,188975,1038240,0.1820147557404839
bred_vector_winter,3,6,36.0,q700,-0.012315146625041962,0.033954720944166183,192423,1038240,0.18533576051779935
bred_vector_winter,3,6,36.0,q850,-0.010657740756869316,0.032759301364421844,66756,1038240,0.06429727230698104
bred_vector_winter,3,6,36.0,q925,-0.007709796074777842,0.034091442823410034,44150,1038240,0.042523886577284634
bred_vector_winter,3,6,36.0,q1000,-0.007616271730512381,0.034336771816015244,36876,1038240,0.03551779935275081
bred_vector_winter,3,7,42.0,u10m,-29.763099670410156,29.014522552490234,0,1038240,0.0
bred_vector_winter,3,7,42.0,v10m,-22.69820785522461,19.610807418823242,0,1038240,0.0
bred_vector_winter,3,7,42.0,u100m,-37.08262634277344,37.010597229003906,0,1038240,0.0
bred_vector_winter,3,7,42.0,v100m,-29.99443244934082,23.897785186767578,0,1038240,0.0
bred_vector_winter,3,7,42.0,t2m,231.72348022460938,320.696044921875,0,1038240,0.0
bred_vector_winter,3,7,42.0,sp,44118.734375,107753.359375,0,1038240,0.0
bred_vector_winter,3,7,42.0,msl,91584.921875,108268.7890625,0,1038240,0.0
bred_vector_winter,3,7,42.0,tcwv,-42.43724822998047,142.11277770996094,77939,1038240,0.07506838495916165
bred_vector_winter,3,7,42.0,u50,-108.3655776977539,132.8080596923828,0,1038240,0.0
bred_vector_winter,3,7,42.0,u100,-88.6855239868164,99.37169647216797,0,1038240,0.0
bred_vector_winter,3,7,42.0,u150,-87.24407196044922,128.05032348632812,0,1038240,0.0
bred_vector_winter,3,7,42.0,u200,-133.81484985351562,114.96015167236328,0,1038240,0.0
bred_vector_winter,3,7,42.0,u250,-163.8783721923828,111.54757690429688,51,1038240,4.912159038372631e-05
bred_vector_winter,3,7,42.0,u300,-119.572021484375,104.60134887695312,0,1038240,0.0
bred_vector_winter,3,7,42.0,u400,-95.0007095336914,88.68253326416016,0,1038240,0.0
bred_vector_winter,3,7,42.0,u500,-69.4612808227539,85.03426361083984,0,1038240,0.0
bred_vector_winter,3,7,42.0,u600,-72.35618591308594,70.48472595214844,0,1038240,0.0
bred_vector_winter,3,7,42.0,u700,-75.53008270263672,58.986270904541016,0,1038240,0.0
bred_vector_winter,3,7,42.0,u850,-55.617095947265625,51.298065185546875,0,1038240,0.0
bred_vector_winter,3,7,42.0,u925,-48.005733489990234,43.630489349365234,0,1038240,0.0
bred_vector_winter,3,7,42.0,u1000,-33.20878219604492,29.186296463012695,0,1038240,0.0
bred_vector_winter,3,7,42.0,v50,-59.02231979370117,65.81109619140625,0,1038240,0.0
bred_vector_winter,3,7,42.0,v100,-75.53355407714844,89.0028076171875,0,1038240,0.0
bred_vector_winter,3,7,42.0,v150,-96.69853210449219,61.844940185546875,0,1038240,0.0
bred_vector_winter,3,7,42.0,v200,-74.17664337158203,75.39991760253906,0,1038240,0.0
bred_vector_winter,3,7,42.0,v250,-49.89577865600586,96.16394805908203,0,1038240,0.0
bred_vector_winter,3,7,42.0,v300,-51.113670349121094,93.59748077392578,0,1038240,0.0
bred_vector_winter,3,7,42.0,v400,-51.95814514160156,69.4775161743164,0,1038240,0.0
bred_vector_winter,3,7,42.0,v500,-48.62511444091797,55.30171585083008,0,1038240,0.0
bred_vector_winter,3,7,42.0,v600,-41.3857421875,56.41728210449219,0,1038240,0.0
bred_vector_winter,3,7,42.0,v700,-40.59606170654297,58.23338317871094,0,1038240,0.0
bred_vector_winter,3,7,42.0,v850,-41.02070617675781,29.83727264404297,0,1038240,0.0
bred_vector_winter,3,7,42.0,v925,-43.59286117553711,26.864376068115234,0,1038240,0.0
bred_vector_winter,3,7,42.0,v1000,-23.321680068969727,23.41958999633789,0,1038240,0.0
bred_vector_winter,3,7,42.0,z50,182293.96875,212337.09375,0,1038240,0.0
bred_vector_winter,3,7,42.0,z100,146966.09375,170215.609375,0,1038240,0.0
bred_vector_winter,3,7,42.0,z150,124129.34375,147573.953125,0,1038240,0.0
bred_vector_winter,3,7,42.0,z200,106898.703125,129330.8046875,0,1038240,0.0
bred_vector_winter,3,7,42.0,z250,92695.4609375,114042.8359375,0,1038240,0.0
bred_vector_winter,3,7,42.0,z300,81179.15625,100611.84375,0,1038240,0.0
bred_vector_winter,3,7,42.0,z400,62053.328125,78996.1875,0,1038240,0.0
bred_vector_winter,3,7,42.0,z500,46485.61328125,62156.55078125,0,1038240,0.0
bred_vector_winter,3,7,42.0,z600,33643.5078125,48205.1015625,0,1038240,0.0
bred_vector_winter,3,7,42.0,z700,22455.44140625,35996.57421875,0,1038240,0.0
bred_vector_winter,3,7,42.0,z850,7027.43701171875,19974.7890625,0,1038240,0.0
bred_vector_winter,3,7,42.0,z925,-203.81396484375,12904.0380859375,0,1038240,0.0
bred_vector_winter,3,7,42.0,z1000,-6932.04248046875,6426.0234375,0,1038240,0.0
bred_vector_winter,3,7,42.0,t50,160.85610961914062,260.0637512207031,0,1038240,0.0
bred_vector_winter,3,7,42.0,t100,153.55914306640625,262.34344482421875,0,1038240,0.0
bred_vector_winter,3,7,42.0,t150,179.66949462890625,265.98431396484375,0,1038240,0.0
bred_vector_winter,3,7,42.0,t200,191.66798400878906,261.0932312011719,0,1038240,0.0
bred_vector_winter,3,7,42.0,t250,197.51771545410156,265.5608825683594,0,1038240,0.0
bred_vector_winter,3,7,42.0,t300,199.20208740234375,280.93975830078125,0,1038240,0.0
bred_vector_winter,3,7,42.0,t400,215.92535400390625,283.7059631347656,0,1038240,0.0
bred_vector_winter,3,7,42.0,t500,219.56195068359375,291.9464111328125,0,1038240,0.0
bred_vector_winter,3,7,42.0,t600,220.04586791992188,302.6195373535156,0,1038240,0.0
bred_vector_winter,3,7,42.0,t700,226.46359252929688,314.0056457519531,0,1038240,0.0
bred_vector_winter,3,7,42.0,t850,238.27960205078125,317.55511474609375,0,1038240,0.0
bred_vector_winter,3,7,42.0,t925,231.46690368652344,316.19439697265625,0,1038240,0.0
bred_vector_winter,3,7,42.0,t1000,229.49322509765625,320.88153076171875,0,1038240,0.0
bred_vector_winter,3,7,42.0,q50,-7.501579239033163e-05,6.94200280122459e-05,420965,1038240,0.4054602018801048
bred_vector_winter,3,7,42.0,q100,-2.0527417291305028e-05,2.2562515368917957e-05,343610,1038240,0.33095430728925873
bred_vector_winter,3,7,42.0,q150,-3.756123624043539e-05,0.00010839679453056306,241240,1038240,0.2323547541994144
bred_vector_winter,3,7,42.0,q200,-0.00015032323426567018,0.000571398762986064,228701,1038240,0.22027758514409
bred_vector_winter,3,7,42.0,q250,-0.0006153917638584971,0.0016488414257764816,217485,1038240,0.2094746879334258
bred_vector_winter,3,7,42.0,q300,-0.0010583973489701748,0.003564725862815976,172872,1038240,0.16650485436893203
bred_vector_winter,3,7,42.0,q400,-0.0023934643249958754,0.010248309932649136,236288,1038240,0.22758514408999847
bred_vector_winter,3,7,42.0,q500,-0.0077472166158258915,0.016757357865571976,143598,1038240,0.13830906148867314
bred_vector_winter,3,7,42.0,q600,-0.010811526328325272,0.021606020629405975,194496,1038240,0.18733240869163198
bred_vector_winter,3,7,42.0,q700,-0.014942461624741554,0.03424576297402382,210006,1038240,0.20227115117891817
bred_vector_winter,3,7,42.0,q850,-0.01550266146659851,0.03237417712807655,70541,1038240,0.06794286484820465
bred_vector_winter,3,7,42.0,q925,-0.010514745488762856,0.03328832983970642,45902,1038240,0.044211357682231466
bred_vector_winter,3,7,42.0,q1000,-0.010178821161389351,0.03424248844385147,38339,1038240,0.036926914778856526
bred_vector_winter,3,8,48.0,u10m,-31.008956909179688,30.351232528686523,0,1038240,0.0
bred_vector_winter,3,8,48.0,v10m,-24.275224685668945,23.779497146606445,0,1038240,0.0
bred_vector_winter,3,8,48.0,u100m,-33.408138275146484,37.958457946777344,0,1038240,0.0
bred_vector_winter,3,8,48.0,v100m,-34.13045120239258,28.744386672973633,0,1038240,0.0
bred_vector_winter,3,8,48.0,t2m,228.71286010742188,322.4794616699219,0,1038240,0.0
bred_vector_winter,3,8,48.0,sp,43954.79296875,107638.71875,0,1038240,0.0
bred_vector_winter,3,8,48.0,msl,90765.84375,108318.6953125,0,1038240,0.0
bred_vector_winter,3,8,48.0,tcwv,-55.119056701660156,147.30361938476562,82056,1038240,0.07903374942209894
bred_vector_winter,3,8,48.0,u50,-115.70164489746094,136.03994750976562,0,1038240,0.0
bred_vector_winter,3,8,48.0,u100,-87.08283996582031,108.6229476928711,0,1038240,0.0
bred_vector_winter,3,8,48.0,u150,-86.85133361816406,123.25003051757812,0,1038240,0.0
bred_vector_winter,3,8,48.0,u200,-131.2052459716797,117.40145111083984,0,1038240,0.0
bred_vector_winter,3,8,48.0,u250,-129.88165283203125,117.71995544433594,0,1038240,0.0
bred_vector_winter,3,8,48.0,u300,-122.59172058105469,107.10418701171875,0,1038240,0.0
bred_vector_winter,3,8,48.0,u400,-84.63778686523438,89.38530731201172,0,1038240,0.0
bred_vector_winter,3,8,48.0,u500,-80.80937957763672,71.18637084960938,0,1038240,0.0
bred_vector_winter,3,8,48.0,u600,-76.4260025024414,64.158447265625,0,1038240,0.0
bred_vector_winter,3,8,48.0,u700,-74.5322036743164,54.79702377319336,0,1038240,0.0
bred_vector_winter,3,8,48.0,u850,-59.05610656738281,58.333473205566406,0,1038240,0.0
bred_vector_winter,3,8,48.0,u925,-47.24897003173828,49.094390869140625,0,1038240,0.0
bred_vector_winter,3,8,48.0,u1000,-35.90473556518555,34.66655731201172,0,1038240,0.0
bred_vector_winter,3,8,48.0,v50,-60.17641830444336,79.85601043701172,0,1038240,0.0
bred_vector_winter,3,8,48.0,v100,-77.33641815185547,96.18302154541016,0,1038240,0.0
bred_vector_winter,3,8,48.0,v150,-102.18135070800781,64.59378051757812,0,1038240,0.0
bred_vector_winter,3,8,48.0,v200,-95.78504943847656,91.8041000366211,0,1038240,0.0
bred_vector_winter,3,8,48.0,v250,-65.7029800415039,109.1583023071289,0,1038240,0.0
bred_vector_winter,3,8,48.0,v300,-56.12366485595703,115.01915740966797,0,1038240,0.0
bred_vector_winter,3,8,48.0,v400,-59.34504318237305,79.70039367675781,0,1038240,0.0
bred_vector_winter,3,8,48.0,v500,-57.68149948120117,50.06927490234375,0,1038240,0.0
bred_vector_winter,3,8,48.0,v600,-48.764949798583984,51.6750373840332,0,1038240,0.0
bred_vector_winter,3,8,48.0,v700,-42.735137939453125,66.05005645751953,0,1038240,0.0
bred_vector_winter,3,8,48.0,v850,-41.915199279785156,35.64397430419922,0,1038240,0.0
bred_vector_winter,3,8,48.0,v925,-41.966068267822266,33.1469841003418,0,1038240,0.0
bred_vector_winter,3,8,48.0,v1000,-23.69246482849121,25.43634796142578,0,1038240,0.0
bred_vector_winter,3,8,48.0,z50,182491.328125,212798.609375,0,1038240,0.0
bred_vector_winter,3,8,48.0,z100,146870.171875,170545.953125,0,1038240,0.0
bred_vector_winter,3,8,48.0,z150,123658.859375,147120.515625,0,1038240,0.0
bred_vector_winter,3,8,48.0,z200,106455.375,128867.9609375,0,1038240,0.0
bred_vector_winter,3,8,48.0,z250,92193.734375,113588.375,0,1038240,0.0
bred_vector_winter,3,8,48.0,z300,80658.0078125,100365.9609375,0,1038240,0.0
bred_vector_winter,3,8,48.0,z400,62184.34765625,79307.8671875,0,1038240,0.0
bred_vector_winter,3,8,48.0,z500,46443.51171875,62414.57421875,0,1038240,0.0
bred_vector_winter,3,8,48.0,z600,33368.9921875,48234.33203125,0,1038240,0.0
bred_vector_winter,3,8,48.0,z700,22221.71875,36155.30078125,0,1038240,0.0
bred_vector_winter,3,8,48.0,z850,6376.4765625,20246.79296875,0,1038240,0.0
bred_vector_winter,3,8,48.0,z925,-955.56591796875,13092.4482421875,0,1038240,0.0
bred_vector_winter,3,8,48.0,z1000,-7714.31396484375,6560.59716796875,0,1038240,0.0
bred_vector_winter,3,8,48.0,t50,157.69293212890625,261.54888916015625,0,1038240,0.0
bred_vector_winter,3,8,48.0,t100,151.4402313232422,264.7219543457031,0,1038240,0.0
bred_vector_winter,3,8,48.0,t150,175.66734313964844,269.23046875,0,1038240,0.0
bred_vector_winter,3,8,48.0,t200,190.81646728515625,264.3524169921875,0,1038240,0.0
bred_vector_winter,3,8,48.0,t250,192.3980255126953,270.36883544921875,0,1038240,0.0
bred_vector_winter,3,8,48.0,t300,200.28329467773438,285.712646484375,0,1038240,0.0
bred_vector_winter,3,8,48.0,t400,215.265869140625,284.3004150390625,0,1038240,0.0
bred_vector_winter,3,8,48.0,t500,218.9140167236328,295.35198974609375,0,1038240,0.0
bred_vector_winter,3,8,48.0,t600,218.96047973632812,304.4332275390625,0,1038240,0.0
bred_vector_winter,3,8,48.0,t700,222.46640014648438,315.25360107421875,0,1038240,0.0
bred_vector_winter,3,8,48.0,t850,234.43670654296875,316.5421447753906,0,1038240,0.0
bred_vector_winter,3,8,48.0,t925,230.57894897460938,315.00555419921875,0,1038240,0.0
bred_vector_winter,3,8,48.0,t1000,229.72149658203125,322.74627685546875,0,1038240,0.0
bred_vector_winter,3,8,48.0,q50,-7.370865932898596e-05,6.823403236921877e-05,420672,1038240,0.4051779935275081
bred_vector_winter,3,8,48.0,q100,-1.9865734429913573e-05,2.2885606085765176e-05,346972,1038240,0.3341924795808291
bred_vector_winter,3,8,48.0,q150,-3.638919588411227e-05,0.00010607632430037484,247142,1038240,0.2380393743257821
bred_vector_winter,3,8,48.0,q200,-0.00014685909263789654,0.0005769931012764573,229377,1038240,0.2209286870087841
bred_vector_winter,3,8,48.0,q250,-0.0007435721345245838,0.0017236800631508231,223998,1038240,0.21574780397595933
bred_vector_winter,3,8,48.0,q300,-0.0009636260801926255,0.003699536668136716,176336,1038240,0.16984126984126985
bred_vector_winter,3,8,48.0,q400,-0.002940968843176961,0.01082079578191042,235086,1038240,0.22642741562644475
bred_vector_winter,3,8,48.0,q500,-0.0079867634922266,0.017914410680532455,142848,1038240,0.1375866851595007
bred_vector_winter,3,8,48.0,q600,-0.012573185376822948,0.022453388199210167,197762,1038240,0.19047811681306828
bred_vector_winter,3,8,48.0,q700,-0.016703689470887184,0.03436870500445366,223486,1038240,0.21525466173524427
bred_vector_winter,3,8,48.0,q850,-0.018602609634399414,0.03187938407063484,75358,1038240,0.07258244721836955
bred_vector_winter,3,8,48.0,q925,-0.012980008497834206,0.03298639878630638,48960,1038240,0.047156726768377254
bred_vector_winter,3,8,48.0,q1000,-0.013774143531918526,0.034663330763578415,38383,1038240,0.03696929419016798
bred_vector_winter,3,9,54.0,u10m,-34.54847717285156,38.86269760131836,0,1038240,0.0
bred_vector_winter,3,9,54.0,v10m,-26.36125946044922,22.22068977355957,0,1038240,0.0
bred_vector_winter,3,9,54.0,u100m,-41.63982391357422,48.7708854675293,0,1038240,0.0
bred_vector_winter,3,9,54.0,v100m,-33.86823654174805,27.13259506225586,0,1038240,0.0
bred_vector_winter,3,9,54.0,t2m,233.46151733398438,328.5579833984375,0,1038240,0.0
bred_vector_winter,3,9,54.0,sp,43769.34375,107739.1328125,0,1038240,0.0
bred_vector_winter,3,9,54.0,msl,90219.46875,108443.046875,0,1038240,0.0
bred_vector_winter,3,9,54.0,tcwv,-57.66709899902344,141.5589141845703,87031,1038240,0.0838255124056095
bred_vector_winter,3,9,54.0,u50,-114.06590270996094,135.74752807617188,0,1038240,0.0
bred_vector_winter,3,9,54.0,u100,-84.899658203125,100.8579330444336,0,1038240,0.0
bred_vector_winter,3,9,54.0,u150,-96.3084487915039,116.79793548583984,0,1038240,0.0
bred_vector_winter,3,9,54.0,u200,-132.2665557861328,126.86089324951172,0,1038240,0.0
bred_vector_winter,3,9,54.0,u250,-132.02981567382812,121.42816162109375,0,1038240,0.0
bred_vector_winter,3,9,54.0,u300,-131.57723999023438,115.62638092041016,0,1038240,0.0
bred_vector_winter,3,9,54.0,u400,-89.53709411621094,76.99164581298828,0,1038240,0.0
bred_vector_winter,3,9,54.0,u500,-78.55204010009766,63.329612731933594,0,1038240,0.0
bred_vector_winter,3,9,54.0,u600,-73.77533721923828,61.660804748535156,0,1038240,0.0
bred_vector_winter,3,9,54.0,u700,-83.31946563720703,64.42571258544922,0,1038240,0.0
bred_vector_winter,3,9,54.0,u850,-66.50133514404297,62.58353042602539,0,1038240,0.0
bred_vector_winter,3,9,54.0,u925,-58.91603469848633,56.05660629272461,0,1038240,0.0
bred_vector_winter,3,9,54.0,u1000,-39.678314208984375,38.92621994018555,0,1038240,0.0
bred_vector_winter,3,9,54.0,v50,-62.45834732055664,88.8783950805664,0,1038240,0.0
bred_vector_winter,3,9,54.0,v100,-81.08161163330078,105.63648223876953,0,1038240,0.0
bred_vector_winter,3,9,54.0,v150,-93.84099578857422,65.21537780761719,0,1038240,0.0
bred_vector_winter,3,9,54.0,v200,-110.34004211425781,86.48921966552734,0,1038240,0.0
bred_vector_winter,3,9,54.0,v250,-65.89454650878906,107.88302612304688,0,1038240,0.0
bred_vector_winter,3,9,54.0,v300,-56.073997497558594,115.83921813964844,0,1038240,0.0
bred_vector_winter,3,9,54.0,v400,-60.7127571105957,100.6235580444336,0,1038240,0.0
bred_vector_winter,3,9,54.0,v500,-54.970985412597656,46.980804443359375,0,1038240,0.0
bred_vector_winter,3,9,54.0,v600,-47.26079177856445,51.189090728759766,0,1038240,0.0
bred_vector_winter,3,9,54.0,v700,-45.011165618896484,65.81170654296875,0,1038240,0.0
bred_vector_winter,3,9,54.0,v850,-46.26982498168945,38.018314361572266,0,1038240,0.0
bred_vector_winter,3,9,54.0,v925,-42.5257682800293,39.54267120361328,0,1038240,0.0
bred_vector_winter,3,9,54.0,v1000,-29.084014892578125,25.643142700195312,0,1038240,0.0
bred_vector_winter,3,9,54.0,z50,183131.1875,213035.265625,0,1038240,0.0
bred_vector_winter,3,9,54.0,z100,146862.78125,171069.484375,0,1038240,0.0
bred_vector_winter,3,9,54.0,z150,123424.9921875,147289.8125,0,1038240,0.0
bred_vector_winter,3,9,54.0,z200,106013.375,128275.5546875,0,1038240,0.0
bred_vector_winter,3,9,54.0,z250,91571.5625,113034.2890625,0,1038240,0.0
bred_vector_winter,3,9,54.0,z300,80113.640625,100606.0859375,0,1038240,0.0
bred_vector_winter,3,9,54.0,z400,61751.1015625,79692.90625,0,1038240,0.0
bred_vector_winter,3,9,54.0,z500,46102.70703125,62519.65625,0,1038240,0.0
bred_vector_winter,3,9,54.0,z600,33117.2265625,48243.484375,0,1038240,0.0
bred_vector_winter,3,9,54.0,z700,21943.306640625,36154.0,0,1038240,0.0
bred_vector_winter,3,9,54.0,z850,6009.060546875,20258.953125,0,1038240,0.0
bred_vector_winter,3,9,54.0,z925,-1297.421875,13132.6630859375,0,1038240,0.0
bred_vector_winter,3,9,54.0,z1000,-8141.16650390625,6568.974609375,0,1038240,0.0
bred_vector_winter,3,9,54.0,t50,155.60238647460938,263.74761962890625,0,1038240,0.0
bred_vector_winter,3,9,54.0,t100,148.75869750976562,264.1773376464844,68,1038240,6.549545384496841e-05
bred_vector_winter,3,9,54.0,t150,170.99496459960938,272.84307861328125,0,1038240,0.0
bred_vector_winter,3,9,54.0,t200,188.98495483398438,262.23162841796875,0,1038240,0.0
bred_vector_winter,3,9,54.0,t250,191.46661376953125,274.4512634277344,0,1038240,0.0
bred_vector_winter,3,9,54.0,t300,199.01873779296875,289.6871337890625,0,1038240,0.0
bred_vector_winter,3,9,54.0,t400,217.279541015625,284.2675476074219,0,1038240,0.0
bred_vector_winter,3,9,54.0,t500,220.2576904296875,293.8702697753906,0,1038240,0.0
bred_vector_winter,3,9,54.0,t600,220.95387268066406,307.1054382324219,0,1038240,0.0
bred_vector_winter,3,9,54.0,t700,217.96205139160156,315.1029052734375,0,1038240,0.0
bred_vector_winter,3,9,54.0,t850,230.6329345703125,314.13140869140625,0,1038240,0.0
bred_vector_winter,3,9,54.0,t925,227.07920837402344,317.8857727050781,0,1038240,0.0
bred_vector_winter,3,9,54.0,t1000,231.1414337158203,328.2497253417969,0,1038240,0.0
bred_vector_winter,3,9,54.0,q50,-7.239254045998678e-05,6.70860317768529e-05,420421,1038240,0.40493623824934505
bred_vector_winter,3,9,54.0,q100,-1.9108802007394843e-05,2.312028118467424e-05,350665,1038240,0.33774946062567424
bred_vector_winter,3,9,54.0,q150,-4.022015127702616e-05,0.00010711845243349671,251478,1038240,0.24221567267683772
bred_vector_winter,3,9,54.0,q200,-0.0001779602316673845,0.0005851287278346717,230840,1038240,0.22233780243488982
bred_vector_winter,3,9,54.0,q250,-0.0008426074055023491,0.0016659448156133294,221965,1038240,0.21378968253968253
bred_vector_winter,3,9,54.0,q300,-0.0011070332257077098,0.003626311896368861,179075,1038240,0.17247938819540762
bred_vector_winter,3,9,54.0,q400,-0.0023538898676633835,0.010981345549225807,232810,1038240,0.2242352442595161
bred_vector_winter,3,9,54.0,q500,-0.006780859082937241,0.018606923520565033,145039,1038240,0.13969698720912313
bred_vector_winter,3,9,54.0,q600,-0.014226080849766731,0.022594893351197243,205100,1038240,0.19754584681769147
bred_vector_winter,3,9,54.0,q700,-0.017908912152051926,0.03578009828925133,231445,1038240,0.22292051934042226
bred_vector_winter,3,9,54.0,q850,-0.01797688938677311,0.03198270499706268,78226,1038240,0.07534481430112498
bred_vector_winter,3,9,54.0,q925,-0.015083502978086472,0.03324994817376137,49956,1038240,0.04811604253351826
bred_vector_winter,3,9,54.0,q1000,-0.015504879876971245,0.034696273505687714,36190,1038240,0.03485706580366774
bred_vector_winter,3,10,60.0,u10m,-32.41411209106445,38.90278244018555,0,1038240,0.0
bred_vector_winter,3,10,60.0,v10m,-23.683950424194336,24.287675857543945,0,1038240,0.0
bred_vector_winter,3,10,60.0,u100m,-39.491031646728516,50.828025817871094,0,1038240,0.0
bred_vector_winter,3,10,60.0,v100m,-31.729808807373047,27.184524536132812,0,1038240,0.0
bred_vector_winter,3,10,60.0,t2m,232.18624877929688,330.21868896484375,0,1038240,0.0
bred_vector_winter,3,10,60.0,sp,43679.79296875,107614.7109375,0,1038240,0.0
bred_vector_winter,3,10,60.0,msl,90025.2734375,108635.484375,0,1038240,0.0
bred_vector_winter,3,10,60.0,tcwv,-58.22357177734375,144.1472625732422,90188,1038240,0.08686623516720604
bred_vector_winter,3,10,60.0,u50,-115.13631439208984,144.12069702148438,0,1038240,0.0
bred_vector_winter,3,10,60.0,u100,-87.29483795166016,106.3598861694336,0,1038240,0.0
bred_vector_winter,3,10,60.0,u150,-98.69574737548828,118.42179107666016,0,1038240,0.0
bred_vector_winter,3,10,60.0,u200,-127.3041000366211,129.6049041748047,0,1038240,0.0
bred_vector_winter,3,10,60.0,u250,-140.6047821044922,113.08786010742188,0,1038240,0.0
bred_vector_winter,3,10,60.0,u300,-135.04994201660156,117.08329772949219,0,1038240,0.0
bred_vector_winter,3,10,60.0,u400,-90.1434097290039,82.84806823730469,0,1038240,0.0
bred_vector_winter,3,10,60.0,u500,-76.08344268798828,68.85567474365234,0,1038240,0.0
bred_vector_winter,3,10,60.0,u600,-74.98126983642578,64.9831314086914,0,1038240,0.0
bred_vector_winter,3,10,60.0,u700,-74.75080108642578,63.324005126953125,0,1038240,0.0
bred_vector_winter,3,10,60.0,u850,-69.77617645263672,63.313602447509766,0,1038240,0.0
bred_vector_winter,3,10,60.0,u925,-60.61929702758789,63.09867858886719,0,1038240,0.0
bred_vector_winter,3,10,60.0,u1000,-45.21109390258789,39.725982666015625,0,1038240,0.0
bred_vector_winter,3,10,60.0,v50,-60.22848892211914,90.15748596191406,0,1038240,0.0
bred_vector_winter,3,10,60.0,v100,-86.40528869628906,112.1348648071289,0,1038240,0.0
bred_vector_winter,3,10,60.0,v150,-90.81514739990234,88.48458099365234,0,1038240,0.0
bred_vector_winter,3,10,60.0,v200,-106.9458999633789,90.57476806640625,0,1038240,0.0
bred_vector_winter,3,10,60.0,v250,-69.60295867919922,104.46285247802734,0,1038240,0.0
bred_vector_winter,3,10,60.0,v300,-64.21638488769531,134.83998107910156,0,1038240,0.0
bred_vector_winter,3,10,60.0,v400,-62.92818832397461,90.94925689697266,0,1038240,0.0
bred_vector_winter,3,10,60.0,v500,-53.550437927246094,48.63890838623047,0,1038240,0.0
bred_vector_winter,3,10,60.0,v600,-50.15010070800781,52.39149475097656,0,1038240,0.0
bred_vector_winter,3,10,60.0,v700,-54.93361282348633,60.437076568603516,0,1038240,0.0
bred_vector_winter,3,10,60.0,v850,-49.911888122558594,37.80025863647461,0,1038240,0.0
bred_vector_winter,3,10,60.0,v925,-40.21126937866211,38.332359313964844,0,1038240,0.0
bred_vector_winter,3,10,60.0,v1000,-27.891626358032227,27.269269943237305,0,1038240,0.0
bred_vector_winter,3,10,60.0,z50,183853.703125,213154.9375,0,1038240,0.0
bred_vector_winter,3,10,60.0,z100,146167.078125,171367.6875,0,1038240,0.0
bred_vector_winter,3,10,60.0,z150,123049.4296875,147675.71875,0,1038240,0.0
bred_vector_winter,3,10,60.0,z200,105509.84375,128522.5546875,0,1038240,0.0
bred_vector_winter,3,10,60.0,z250,91131.8984375,113496.0,0,1038240,0.0
bred_vector_winter,3,10,60.0,z300,79880.3671875,100975.953125,0,1038240,0.0
bred_vector_winter,3,10,60.0,z400,61573.2421875,79885.046875,0,1038240,0.0
bred_vector_winter,3,10,60.0,z500,46221.0,62560.62890625,0,1038240,0.0
bred_vector_winter,3,10,60.0,z600,33290.94140625,48266.41015625,0,1038240,0.0
bred_vector_winter,3,10,60.0,z700,21902.005859375,36145.33984375,0,1038240,0.0
bred_vector_winter,3,10,60.0,z850,5806.23974609375,20287.0,0,1038240,0.0
bred_vector_winter,3,10,60.0,z925,-1458.734375,13210.697265625,0,1038240,0.0
bred_vector_winter,3,10,60.0,z1000,-8242.541015625,6552.37255859375,0,1038240,0.0
bred_vector_winter,3,10,60.0,t50,155.2935333251953,264.699951171875,0,1038240,0.0
bred_vector_winter,3,10,60.0,t100,146.3084259033203,267.2107849121094,462,1038240,0.00044498381877022656
bred_vector_winter,3,10,60.0,t150,167.3183135986328,275.45245361328125,0,1038240,0.0
bred_vector_winter,3,10,60.0,t200,188.5955047607422,267.1002197265625,0,1038240,0.0
bred_vector_winter,3,10,60.0,t250,190.8031768798828,280.75244140625,0,1038240,0.0
bred_vector_winter,3,10,60.0,t300,199.89962768554688,291.3958435058594,0,1038240,0.0
bred_vector_winter,3,10,60.0,t400,215.6817169189453,285.78338623046875,0,1038240,0.0
bred_vector_winter,3,10,60.0,t500,216.13600158691406,292.0645751953125,0,1038240,0.0
bred_vector_winter,3,10,60.0,t600,228.0585174560547,307.8049011230469,0,1038240,0.0
bred_vector_winter,3,10,60.0,t700,218.35821533203125,315.7340087890625,0,1038240,0.0
bred_vector_winter,3,10,60.0,t850,232.42237854003906,314.2381591796875,0,1038240,0.0
bred_vector_winter,3,10,60.0,t925,228.94500732421875,320.54736328125,0,1038240,0.0
bred_vector_winter,3,10,60.0,t1000,235.17694091796875,329.5111389160156,0,1038240,0.0
bred_vector_winter,3,10,60.0,q50,-7.112106686690822e-05,6.594480510102585e-05,420133,1038240,0.40465884573894284
bred_vector_winter,3,10,60.0,q100,-1.83955180546036e-05,2.327900074305944e-05,353693,1038240,0.3406659346586531
bred_vector_winter,3,10,60.0,q150,-4.276109757483937e-05,0.00011740480113076046,258504,1038240,0.2489828941285252
bred_vector_winter,3,10,60.0,q200,-0.00019062963838223368,0.0005733359721489251,228989,1038240,0.22055497765449222
bred_vector_winter,3,10,60.0,q250,-0.0008147466578520834,0.0015599909238517284,220791,1038240,0.21265892279241794
bred_vector_winter,3,10,60.0,q300,-0.001041016774252057,0.003407073672860861,180218,1038240,0.17358028972106643
bred_vector_winter,3,10,60.0,q400,-0.003428086405619979,0.011166037060320377,229609,1038240,0.2211521420866081
bred_vector_winter,3,10,60.0,q500,-0.006701482925564051,0.01740270107984543,147793,1038240,0.14234955308984434
bred_vector_winter,3,10,60.0,q600,-0.014598339796066284,0.023478711023926735,209500,1038240,0.2017837879488365
bred_vector_winter,3,10,60.0,q700,-0.019640503451228142,0.03566886857151985,236141,1038240,0.22744355832948066
bred_vector_winter,3,10,60.0,q850,-0.018086975440382957,0.032211579382419586,80833,1038240,0.07785579442132841
bred_vector_winter,3,10,60.0,q925,-0.014554517343640327,0.032380662858486176,51214,1038240,0.049327708429650174
bred_vector_winter,3,10,60.0,q1000,-0.015150103718042374,0.03524205461144447,36251,1038240,0.034915819078440435
bred_vector_winter,3,11,66.0,u10m,-34.290802001953125,38.67517852783203,0,1038240,0.0
bred_vector_winter,3,11,66.0,v10m,-27.21059226989746,24.570589065551758,0,1038240,0.0
bred_vector_winter,3,11,66.0,u100m,-41.794734954833984,50.1578483581543,0,1038240,0.0
bred_vector_winter,3,11,66.0,v100m,-31.7529239654541,28.3388614654541,0,1038240,0.0
bred_vector_winter,3,11,66.0,t2m,231.49899291992188,332.1761169433594,0,1038240,0.0
bred_vector_winter,3,11,66.0,sp,43817.5859375,107269.671875,0,1038240,0.0
bred_vector_winter,3,11,66.0,msl,89696.53125,108496.96875,0,1038240,0.0
bred_vector_winter,3,11,66.0,tcwv,-68.76388549804688,145.005615234375,93349,1038240,0.08991081060255818
bred_vector_winter,3,11,66.0,u50,-101.34552001953125,136.99220275878906,0,1038240,0.0
bred_vector_winter,3,11,66.0,u100,-84.24742126464844,111.27462005615234,0,1038240,0.0
bred_vector_winter,3,11,66.0,u150,-107.62264251708984,115.65396118164062,0,1038240,0.0
bred_vector_winter,3,11,66.0,u200,-127.08434295654297,137.13890075683594,0,1038240,0.0
bred_vector_winter,3,11,66.0,u250,-144.6289520263672,120.22508239746094,0,1038240,0.0
bred_vector_winter,3,11,66.0,u300,-142.98828125,116.32833099365234,0,1038240,0.0
bred_vector_winter,3,11,66.0,u400,-92.529541015625,81.69499969482422,0,1038240,0.0
bred_vector_winter,3,11,66.0,u500,-70.22687530517578,68.09497833251953,0,1038240,0.0
bred_vector_winter,3,11,66.0,u600,-76.55961608886719,65.09814453125,0,1038240,0.0
bred_vector_winter,3,11,66.0,u700,-72.45072937011719,66.40312194824219,0,1038240,0.0
bred_vector_winter,3,11,66.0,u850,-64.26924133300781,66.18811798095703,0,1038240,0.0
bred_vector_winter,3,11,66.0,u925,-60.097373962402344,64.83788299560547,0,1038240,0.0
bred_vector_winter,3,11,66.0,u1000,-47.21087646484375,38.69389343261719,0,1038240,0.0
bred_vector_winter,3,11,66.0,v50,-52.01068115234375,90.04852294921875,0,1038240,0.0
bred_vector_winter,3,11,66.0,v100,-75.8582992553711,105.95018005371094,0,1038240,0.0
bred_vector_winter,3,11,66.0,v150,-91.82427978515625,90.19456481933594,0,1038240,0.0
bred_vector_winter,3,11,66.0,v200,-105.80650329589844,96.76589965820312,0,1038240,0.0
bred_vector_winter,3,11,66.0,v250,-68.83211517333984,105.63858032226562,0,1038240,0.0
bred_vector_winter,3,11,66.0,v300,-68.06414794921875,141.9240264892578,0,1038240,0.0
bred_vector_winter,3,11,66.0,v400,-68.52527618408203,94.54776000976562,0,1038240,0.0
bred_vector_winter,3,11,66.0,v500,-49.90232467651367,56.63385772705078,0,1038240,0.0
bred_vector_winter,3,11,66.0,v600,-61.9869384765625,57.63862609863281,0,1038240,0.0
bred_vector_winter,3,11,66.0,v700,-61.081424713134766,59.5814094543457,0,1038240,0.0
bred_vector_winter,3,11,66.0,v850,-44.65102005004883,33.23980712890625,0,1038240,0.0
bred_vector_winter,3,11,66.0,v925,-41.679832458496094,33.6960334777832,0,1038240,0.0
bred_vector_winter,3,11,66.0,v1000,-31.28445816040039,29.609575271606445,0,1038240,0.0
bred_vector_winter,3,11,66.0,z50,184010.828125,213169.53125,0,1038240,0.0
bred_vector_winter,3,11,66.0,z100,145600.9375,171688.5,0,1038240,0.0
bred_vector_winter,3,11,66.0,z150,122678.625,147985.265625,0,1038240,0.0
bred_vector_winter,3,11,66.0,z200,105587.7109375,128827.96875,0,1038240,0.0
bred_vector_winter,3,11,66.0,z250,91338.1484375,113576.53125,0,1038240,0.0
bred_vector_winter,3,11,66.0,z300,80347.046875,101053.515625,0,1038240,0.0
bred_vector_winter,3,11,66.0,z400,61344.765625,79927.4375,0,1038240,0.0
bred_vector_winter,3,11,66.0,z500,46024.3984375,62594.7109375,0,1038240,0.0
bred_vector_winter,3,11,66.0,z600,33381.140625,48358.52734375,0,1038240,0.0
bred_vector_winter,3,11,66.0,z700,21985.6015625,36216.2734375,0,1038240,0.0
bred_vector_winter,3,11,66.0,z850,5561.25634765625,20437.7265625,0,1038240,0.0
bred_vector_winter,3,11,66.0,z925,-1727.47265625,13376.869140625,0,1038240,0.0
bred_vector_winter,3,11,66.0,z1000,-8511.1494140625,6683.82568359375,0,1038240,0.0
bred_vector_winter,3,11,66.0,t50,150.31752014160156,266.1799011230469,0,1038240,0.0
bred_vector_winter,3,11,66.0,t100,142.44677734375,270.2515869140625,1477,1038240,0.0014225997842502696
bred_vector_winter,3,11,66.0,t150,164.04989624023438,276.57666015625,0,1038240,0.0
bred_vector_winter,3,11,66.0,t200,190.40399169921875,268.4250183105469,0,1038240,0.0
bred_vector_winter,3,11,66.0,t250,192.7690887451172,284.48175048828125,0,1038240,0.0
bred_vector_winter,3,11,66.0,t300,200.7832794189453,292.2183532714844,0,1038240,0.0
bred_vector_winter,3,11,66.0,t400,217.35894775390625,285.6991882324219,0,1038240,0.0
bred_vector_winter,3,11,66.0,t500,221.0762481689453,294.0758056640625,0,1038240,0.0
bred_vector_winter,3,11,66.0,t600,225.51800537109375,310.0069580078125,0,1038240,0.0
bred_vector_winter,3,11,66.0,t700,220.14450073242188,317.912841796875,0,1038240,0.0
bred_vector_winter,3,11,66.0,t850,230.60076904296875,315.33984375,0,1038240,0.0
bred_vector_winter,3,11,66.0,t925,230.8997802734375,323.1641845703125,0,1038240,0.0
bred_vector_winter,3,11,66.0,t1000,235.42347717285156,330.725341796875,0,1038240,0.0
bred_vector_winter,3,11,66.0,q50,-6.989153916947544e-05,6.484665209427476e-05,419838,1038240,0.4043747110494683
bred_vector_winter,3,11,66.0,q100,-1.7687820218270645e-05,2.3563035938423127e-05,356809,1038240,0.3436671675142549
bred_vector_winter,3,11,66.0,q150,-4.242615614202805e-05,0.00011093531793449074,256730,1038240,0.24727423331792264
bred_vector_winter,3,11,66.0,q200,-0.00020123078138567507,0.0005946824094280601,232437,1038240,0.22387598243180767
bred_vector_winter,3,11,66.0,q250,-0.0008559600682929158,0.0016363413305953145,222751,1038240,0.21454673293265528
bred_vector_winter,3,11,66.0,q300,-0.001163755776360631,0.003692258382216096,179831,1038240,0.17320754353521345
bred_vector_winter,3,11,66.0,q400,-0.003933126572519541,0.009961009956896305,226885,1038240,0.21852847125905378
bred_vector_winter,3,11,66.0,q500,-0.006929813884198666,0.016799818724393845,143461,1038240,0.1381771074125443
bred_vector_winter,3,11,66.0,q600,-0.015191348269581795,0.023011203855276108,212833,1038240,0.20499402835567884
bred_vector_winter,3,11,66.0,q700,-0.021364731714129448,0.03488130867481232,240277,1038240,0.23142722299275698
bred_vector_winter,3,11,66.0,q850,-0.023241505026817322,0.03380703926086426,79336,1038240,0.0764139312683002
bred_vector_winter,3,11,66.0,q925,-0.01567547209560871,0.034058403223752975,52927,1038240,0.05097761596548004
bred_vector_winter,3,11,66.0,q1000,-0.016114141792058945,0.03593018278479576,39015,1038240,0.03757801664355062
bred_vector_winter,3,12,72.0,u10m,-30.802261352539062,35.66960525512695,0,1038240,0.0
bred_vector_winter,3,12,72.0,v10m,-26.552810668945312,27.226215362548828,0,1038240,0.0
bred_vector_winter,3,12,72.0,u100m,-38.54766082763672,44.40833282470703,0,1038240,0.0
bred_vector_winter,3,12,72.0,v100m,-33.747711181640625,30.576683044433594,0,1038240,0.0
bred_vector_winter,3,12,72.0,t2m,219.41676330566406,328.7158203125,0,1038240,0.0
bred_vector_winter,3,12,72.0,sp,43769.25,107104.359375,0,1038240,0.0
bred_vector_winter,3,12,72.0,msl,89563.5625,108353.4765625,0,1038240,0.0
bred_vector_winter,3,12,72.0,tcwv,-66.81903839111328,139.95994567871094,94933,1038240,0.09143646940977038
bred_vector_winter,3,12,72.0,u50,-99.93502807617188,134.7787628173828,0,1038240,0.0
bred_vector_winter,3,12,72.0,u100,-87.15995788574219,113.71614074707031,0,1038240,0.0
bred_vector_winter,3,12,72.0,u150,-122.97669219970703,111.13481140136719,0,1038240,0.0
bred_vector_winter,3,12,72.0,u200,-122.70256805419922,133.9578857421875,0,1038240,0.0
bred_vector_winter,3,12,72.0,u250,-145.3372344970703,123.2115478515625,0,1038240,0.0
bred_vector_winter,3,12,72.0,u300,-140.6562042236328,118.34136199951172,0,1038240,0.0
bred_vector_winter,3,12,72.0,u400,-99.99787902832031,90.57035827636719,0,1038240,0.0
bred_vector_winter,3,12,72.0,u500,-72.09152221679688,73.08271789550781,0,1038240,0.0
bred_vector_winter,3,12,72.0,u600,-71.271240234375,67.70257568359375,0,1038240,0.0
bred_vector_winter,3,12,72.0,u700,-63.71843338012695,63.57660675048828,0,1038240,0.0
bred_vector_winter,3,12,72.0,u850,-63.88188171386719,55.49965286254883,0,1038240,0.0
bred_vector_winter,3,12,72.0,u925,-58.13532638549805,53.749027252197266,0,1038240,0.0
bred_vector_winter,3,12,72.0,u1000,-47.689697265625,34.9932861328125,0,1038240,0.0
bred_vector_winter,3,12,72.0,v50,-53.598907470703125,92.9211654663086,0,1038240,0.0
bred_vector_winter,3,12,72.0,v100,-75.6764907836914,102.02584838867188,0,1038240,0.0
bred_vector_winter,3,12,72.0,v150,-87.11327362060547,82.2047348022461,0,1038240,0.0
bred_vector_winter,3,12,72.0,v200,-104.9262924194336,99.00101470947266,0,1038240,0.0
bred_vector_winter,3,12,72.0,v250,-72.85786437988281,106.26091003417969,0,1038240,0.0
bred_vector_winter,3,12,72.0,v300,-64.00910186767578,140.56912231445312,0,1038240,0.0
bred_vector_winter,3,12,72.0,v400,-80.29535675048828,89.74906158447266,0,1038240,0.0
bred_vector_winter,3,12,72.0,v500,-52.85709762573242,57.43037033081055,0,1038240,0.0
bred_vector_winter,3,12,72.0,v600,-62.538787841796875,53.967185974121094,0,1038240,0.0
bred_vector_winter,3,12,72.0,v700,-56.29461669921875,52.12142562866211,0,1038240,0.0
bred_vector_winter,3,12,72.0,v850,-43.54533004760742,34.09607696533203,0,1038240,0.0
bred_vector_winter,3,12,72.0,v925,-41.54295349121094,34.20151901245117,0,1038240,0.0
bred_vector_winter,3,12,72.0,v1000,-28.31368637084961,26.995573043823242,0,1038240,0.0
bred_vector_winter,3,12,72.0,z50,184141.65625,213395.875,0,1038240,0.0
bred_vector_winter,3,12,72.0,z100,145285.296875,171938.65625,0,1038240,0.0
bred_vector_winter,3,12,72.0,z150,122315.84375,148386.578125,0,1038240,0.0
bred_vector_winter,3,12,72.0,z200,105215.03125,129222.3515625,0,1038240,0.0
bred_vector_winter,3,12,72.0,z250,91460.296875,113430.4375,0,1038240,0.0
bred_vector_winter,3,12,72.0,z300,80612.25,100900.4453125,0,1038240,0.0
bred_vector_winter,3,12,72.0,z400,62384.40234375,79686.2890625,0,1038240,0.0
bred_vector_winter,3,12,72.0,z500,46735.7421875,62421.53515625,0,1038240,0.0
bred_vector_winter,3,12,72.0,z600,33839.1875,48213.7265625,0,1038240,0.0
bred_vector_winter,3,12,72.0,z700,22428.75,36112.890625,0,1038240,0.0
bred_vector_winter,3,12,72.0,z850,5521.763671875,20277.1171875,0,1038240,0.0
bred_vector_winter,3,12,72.0,z925,-1749.1318359375,13120.75390625,0,1038240,0.0
bred_vector_winter,3,12,72.0,z1000,-8562.8486328125,6560.919921875,0,1038240,0.0
bred_vector_winter,3,12,72.0,t50,144.50070190429688,266.0018615722656,203,1038240,0.00019552319309600863
bred_vector_winter,3,12,72.0,t100,139.5447998046875,271.7908020019531,1740,1038240,0.001675913083680074
bred_vector_winter,3,12,72.0,t150,160.67282104492188,274.03277587890625,0,1038240,0.0
bred_vector_winter,3,12,72.0,t200,189.97775268554688,270.94378662109375,0,1038240,0.0
bred_vector_winter,3,12,72.0,t250,194.30154418945312,287.3500671386719,0,1038240,0.0
bred_vector_winter,3,12,72.0,t300,200.5750274658203,298.0654602050781,0,1038240,0.0
bred_vector_winter,3,12,72.0,t400,216.28616333007812,284.31732177734375,0,1038240,0.0
bred_vector_winter,3,12,72.0,t500,217.54373168945312,296.1347961425781,0,1038240,0.0
bred_vector_winter,3,12,72.0,t600,222.60354614257812,311.2709045410156,0,1038240,0.0
bred_vector_winter,3,12,72.0,t700,223.12054443359375,319.11053466796875,0,1038240,0.0
bred_vector_winter,3,12,72.0,t850,232.5508270263672,312.8963928222656,0,1038240,0.0
bred_vector_winter,3,12,72.0,t925,230.65919494628906,319.4693298339844,0,1038240,0.0
bred_vector_winter,3,12,72.0,t1000,230.23309326171875,328.5276184082031,0,1038240,0.0
bred_vector_winter,3,12,72.0,q50,-6.864396709715948e-05,6.378427497111261e-05,419537,1038240,0.4040847973493605
bred_vector_winter,3,12,72.0,q100,-1.676627653068863e-05,2.3714304916211404e-05,360244,1038240,0.3469756511018647
bred_vector_winter,3,12,72.0,q150,-4.441958662937395e-05,0.00010944784298771992,254130,1038240,0.2447699953767915
bred_vector_winter,3,12,72.0,q200,-0.00018980140157509595,0.0005851313471794128,238546,1038240,0.22975997842502696
bred_vector_winter,3,12,72.0,q250,-0.0008493084460496902,0.0017103812424466014,218361,1038240,0.21031842348589921
bred_vector_winter,3,12,72.0,q300,-0.001234647468663752,0.0035927232820540667,172230,1038240,0.16588650023116042
bred_vector_winter,3,12,72.0,q400,-0.003098410787060857,0.010034643113613129,227536,1038240,0.21915549391277547
bred_vector_winter,3,12,72.0,q500,-0.006085501983761787,0.017818329855799675,143360,1038240,0.13807982740021574
bred_vector_winter,3,12,72.0,q600,-0.016484897583723068,0.022707173600792885,214772,1038240,0.20686161195869934
bred_vector_winter,3,12,72.0,q700,-0.021624993532896042,0.03460836037993431,245066,1038240,0.23603983664663275
bred_vector_winter,3,12,72.0,q850,-0.023548712953925133,0.034925710409879684,83357,1038240,0.0802868315611034
bred_vector_winter,3,12,72.0,q925,-0.015834489837288857,0.03509964793920517,54093,1038240,0.05210067036523347
bred_vector_winter,3,12,72.0,q1000,-0.013283712789416313,0.03676726296544075,41410,1038240,0.03988480505470797
bred_vector_winter,3,13,78.0,u10m,-35.038238525390625,34.6253547668457,0,1038240,0.0
bred_vector_winter,3,13,78.0,v10m,-31.189685821533203,26.30967140197754,0,1038240,0.0
bred_vector_winter,3,13,78.0,u100m,-41.938987731933594,44.1826171875,0,1038240,0.0
bred_vector_winter,3,13,78.0,v100m,-41.21376419067383,30.682373046875,0,1038240,0.0
bred_vector_winter,3,13,78.0,t2m,223.5223846435547,334.8740234375,0,1038240,0.0
bred_vector_winter,3,13,78.0,sp,43709.640625,106989.8515625,0,1038240,0.0
bred_vector_winter,3,13,78.0,msl,89617.671875,108402.5,0,1038240,0.0
bred_vector_winter,3,13,78.0,tcwv,-65.09192657470703,142.7822723388672,98286,1038240,0.09466597318539066
bred_vector_winter,3,13,78.0,u50,-94.27437591552734,129.5533447265625,0,1038240,0.0
bred_vector_winter,3,13,78.0,u100,-81.49737548828125,113.70524597167969,0,1038240,0.0
bred_vector_winter,3,13,78.0,u150,-118.60448455810547,107.48806762695312,0,1038240,0.0
bred_vector_winter,3,13,78.0,u200,-118.52416229248047,139.07522583007812,0,1038240,0.0
bred_vector_winter,3,13,78.0,u250,-143.42001342773438,137.35452270507812,0,1038240,0.0
bred_vector_winter,3,13,78.0,u300,-141.67347717285156,127.54486846923828,0,1038240,0.0
bred_vector_winter,3,13,78.0,u400,-88.0296859741211,78.87391662597656,0,1038240,0.0
bred_vector_winter,3,13,78.0,u500,-66.3134765625,71.60802459716797,0,1038240,0.0
bred_vector_winter,3,13,78.0,u600,-71.22016143798828,69.47901153564453,0,1038240,0.0
bred_vector_winter,3,13,78.0,u700,-62.63590621948242,64.54087829589844,0,1038240,0.0
bred_vector_winter,3,13,78.0,u850,-69.92937469482422,63.82904052734375,0,1038240,0.0
bred_vector_winter,3,13,78.0,u925,-69.763916015625,53.84819793701172,0,1038240,0.0
bred_vector_winter,3,13,78.0,u1000,-46.38193893432617,33.92718505859375,0,1038240,0.0
bred_vector_winter,3,13,78.0,v50,-52.728458404541016,90.7035903930664,0,1038240,0.0
bred_vector_winter,3,13,78.0,v100,-89.98917388916016,99.37141418457031,0,1038240,0.0
bred_vector_winter,3,13,78.0,v150,-92.77700805664062,70.58027648925781,0,1038240,0.0
bred_vector_winter,3,13,78.0,v200,-99.4850082397461,89.7489242553711,0,1038240,0.0
bred_vector_winter,3,13,78.0,v250,-73.78398132324219,105.24024200439453,0,1038240,0.0
bred_vector_winter,3,13,78.0,v300,-68.25248718261719,131.9318389892578,0,1038240,0.0
bred_vector_winter,3,13,78.0,v400,-76.11860656738281,96.41647338867188,0,1038240,0.0
bred_vector_winter,3,13,78.0,v500,-51.175411224365234,56.702232360839844,0,1038240,0.0
bred_vector_winter,3,13,78.0,v600,-53.87645721435547,42.140499114990234,0,1038240,0.0
bred_vector_winter,3,13,78.0,v700,-52.51222229003906,58.629852294921875,0,1038240,0.0
bred_vector_winter,3,13,78.0,v850,-58.7520751953125,33.540000915527344,0,1038240,0.0
bred_vector_winter,3,13,78.0,v925,-48.5631217956543,33.7769660949707,0,1038240,0.0
bred_vector_winter,3,13,78.0,v1000,-29.071308135986328,26.71285629272461,0,1038240,0.0
bred_vector_winter,3,13,78.0,z50,182887.734375,213992.390625,0,1038240,0.0
bred_vector_winter,3,13,78.0,z100,145439.4375,172757.6875,0,1038240,0.0
bred_vector_winter,3,13,78.0,z150,122530.640625,148803.4375,0,1038240,0.0
bred_vector_winter,3,13,78.0,z200,105144.8125,129533.9296875,0,1038240,0.0
bred_vector_winter,3,13,78.0,z250,91190.5703125,113592.265625,0,1038240,0.0
bred_vector_winter,3,13,78.0,z300,80057.9375,100585.3984375,0,1038240,0.0
bred_vector_winter,3,13,78.0,z400,61739.5625,79417.2734375,0,1038240,0.0
bred_vector_winter,3,13,78.0,z500,47137.6640625,62364.6171875,0,1038240,0.0
bred_vector_winter,3,13,78.0,z600,34261.4921875,48141.36328125,0,1038240,0.0
bred_vector_winter,3,13,78.0,z700,22422.3203125,35992.61328125,0,1038240,0.0
bred_vector_winter,3,13,78.0,z850,5667.91357421875,20185.38671875,0,1038240,0.0
bred_vector_winter,3,13,78.0,z925,-1652.47265625,13074.46484375,0,1038240,0.0
bred_vector_winter,3,13,78.0,z1000,-8499.5,6505.9228515625,0,1038240,0.0
bred_vector_winter,3,13,78.0,t50,144.53863525390625,263.5289001464844,422,1038240,0.00040645708121436275
bred_vector_winter,3,13,78.0,t100,140.14212036132812,272.7264709472656,1289,1038240,0.00124152411773771
bred_vector_winter,3,13,78.0,t150,157.70814514160156,272.9370422363281,0,1038240,0.0
bred_vector_winter,3,13,78.0,t200,191.13780212402344,270.09124755859375,0,1038240,0.0
bred_vector_winter,3,13,78.0,t250,198.11251831054688,288.94903564453125,0,1038240,0.0
bred_vector_winter,3,13,78.0,t300,200.8368682861328,300.7030334472656,0,1038240,0.0
bred_vector_winter,3,13,78.0,t400,216.69822692871094,284.4928894042969,0,1038240,0.0
bred_vector_winter,3,13,78.0,t500,217.88986206054688,293.6095275878906,0,1038240,0.0
bred_vector_winter,3,13,78.0,t600,221.99525451660156,309.5655212402344,0,1038240,0.0
bred_vector_winter,3,13,78.0,t700,225.01715087890625,318.6885986328125,0,1038240,0.0
bred_vector_winter,3,13,78.0,t850,234.46771240234375,314.84210205078125,0,1038240,0.0
bred_vector_winter,3,13,78.0,t925,231.22256469726562,322.7818298339844,0,1038240,0.0
bred_vector_winter,3,13,78.0,t1000,226.99038696289062,331.7455139160156,0,1038240,0.0
bred_vector_winter,3,13,78.0,q50,-6.744739948771894e-05,6.273097824305296e-05,419227,1038240,0.40378621513330254
bred_vector_winter,3,13,78.0,q100,-1.6144125766004436e-05,2.3660299120820127e-05,362882,1038240,0.3495164894436739
bred_vector_winter,3,13,78.0,q150,-4.1743081965250894e-05,0.00010096142796101049,257197,1038240,0.24772403297888734
bred_vector_winter,3,13,78.0,q200,-0.0001923615054693073,0.0005527858156710863,242780,1038240,0.23383803359531516
bred_vector_winter,3,13,78.0,q250,-0.0008762259967625141,0.001780491671524942,215397,1038240,0.2074635922330097
bred_vector_winter,3,13,78.0,q300,-0.001223948784172535,0.0035167578607797623,163231,1038240,0.15721894744952997
bred_vector_winter,3,13,78.0,q400,-0.002812708495184779,0.009547952562570572,224409,1038240,0.2161436662043458
bred_vector_winter,3,13,78.0,q500,-0.006474630907177925,0.017374293878674507,139943,1038240,0.1347886808445061
bred_vector_winter,3,13,78.0,q600,-0.01672854647040367,0.022476868703961372,212936,1038240,0.2050932347048852
bred_vector_winter,3,13,78.0,q700,-0.02097131684422493,0.04079168289899826,247660,1038240,0.23853829557713052
bred_vector_winter,3,13,78.0,q850,-0.022500190883874893,0.03759756311774254,90032,1038240,0.08671598089073818
bred_vector_winter,3,13,78.0,q925,-0.01807403564453125,0.037580009549856186,55739,1038240,0.05368604561565726
bred_vector_winter,3,13,78.0,q1000,-0.014660047367215157,0.038446128368377686,40875,1038240,0.03936950993989829
bred_vector_winter,3,14,84.0,u10m,-32.595584869384766,34.964900970458984,0,1038240,0.0
bred_vector_winter,3,14,84.0,v10m,-30.235322952270508,26.342304229736328,0,1038240,0.0
bred_vector_winter,3,14,84.0,u100m,-37.83991622924805,47.01691818237305,0,1038240,0.0
bred_vector_winter,3,14,84.0,v100m,-38.724456787109375,31.1684513092041,0,1038240,0.0
bred_vector_winter,3,14,84.0,t2m,218.98226928710938,332.8699951171875,0,1038240,0.0
bred_vector_winter,3,14,84.0,sp,43999.2265625,106923.546875,0,1038240,0.0
bred_vector_winter,3,14,84.0,msl,89640.203125,108169.3359375,0,1038240,0.0
bred_vector_winter,3,14,84.0,tcwv,-69.02881622314453,150.9930877685547,101189,1038240,0.09746205116350748
bred_vector_winter,3,14,84.0,u50,-88.76287841796875,132.3642578125,0,1038240,0.0
bred_vector_winter,3,14,84.0,u100,-106.60009002685547,117.6164321899414,0,1038240,0.0
bred_vector_winter,3,14,84.0,u150,-118.65657806396484,119.95466613769531,0,1038240,0.0
bred_vector_winter,3,14,84.0,u200,-116.78899383544922,132.17535400390625,0,1038240,0.0
bred_vector_winter,3,14,84.0,u250,-155.45274353027344,132.4263153076172,20,1038240,1.9263368777931886e-05
bred_vector_winter,3,14,84.0,u300,-182.46202087402344,130.73907470703125,82,1038240,7.897981198952072e-05
bred_vector_winter,3,14,84.0,u400,-86.79801177978516,92.4486083984375,0,1038240,0.0
bred_vector_winter,3,14,84.0,u500,-62.569580078125,74.03368377685547,0,1038240,0.0
bred_vector_winter,3,14,84.0,u600,-72.88941955566406,72.57257843017578,0,1038240,0.0
bred_vector_winter,3,14,84.0,u700,-67.18782806396484,60.78036880493164,0,1038240,0.0
bred_vector_winter,3,14,84.0,u850,-60.04127502441406,59.86703872680664,0,1038240,0.0
bred_vector_winter,3,14,84.0,u925,-54.724586486816406,57.40168380737305,0,1038240,0.0
bred_vector_winter,3,14,84.0,u1000,-43.68452835083008,35.07075881958008,0,1038240,0.0
bred_vector_winter,3,14,84.0,v50,-51.72539520263672,88.62796020507812,0,1038240,0.0
bred_vector_winter,3,14,84.0,v100,-109.41181945800781,87.63642120361328,0,1038240,0.0
bred_vector_winter,3,14,84.0,v150,-83.7387466430664,63.337852478027344,0,1038240,0.0
bred_vector_winter,3,14,84.0,v200,-92.72373962402344,86.13501739501953,0,1038240,0.0
bred_vector_winter,3,14,84.0,v250,-69.3670883178711,100.29846954345703,0,1038240,0.0
bred_vector_winter,3,14,84.0,v300,-66.04520416259766,126.17951965332031,0,1038240,0.0
bred_vector_winter,3,14,84.0,v400,-69.5326156616211,100.9756088256836,0,1038240,0.0
bred_vector_winter,3,14,84.0,v500,-46.87979507446289,60.808021545410156,0,1038240,0.0
bred_vector_winter,3,14,84.0,v600,-52.80446243286133,46.41324234008789,0,1038240,0.0
bred_vector_winter,3,14,84.0,v700,-54.548377990722656,51.544612884521484,0,1038240,0.0
bred_vector_winter,3,14,84.0,v850,-51.07588577270508,37.2796745300293,0,1038240,0.0
bred_vector_winter,3,14,84.0,v925,-44.48772048950195,45.90595245361328,0,1038240,0.0
bred_vector_winter,3,14,84.0,v1000,-32.61085510253906,30.03564453125,0,1038240,0.0
bred_vector_winter,3,14,84.0,z50,182215.484375,214634.796875,0,1038240,0.0
bred_vector_winter,3,14,84.0,z100,146079.5,173863.71875,0,1038240,0.0
bred_vector_winter,3,14,84.0,z150,122762.5625,149431.234375,0,1038240,0.0
bred_vector_winter,3,14,84.0,z200,105311.1796875,129936.40625,0,1038240,0.0
bred_vector_winter,3,14,84.0,z250,91294.3046875,114066.6328125,0,1038240,0.0
bred_vector_winter,3,14,84.0,z300,80028.90625,100399.765625,0,1038240,0.0
bred_vector_winter,3,14,84.0,z400,61881.83203125,79170.078125,0,1038240,0.0
bred_vector_winter,3,14,84.0,z500,47285.51171875,62296.1015625,0,1038240,0.0
bred_vector_winter,3,14,84.0,z600,34490.71875,48005.53515625,0,1038240,0.0
bred_vector_winter,3,14,84.0,z700,22328.421875,35801.4453125,0,1038240,0.0
bred_vector_winter,3,14,84.0,z850,5518.0556640625,20075.2421875,0,1038240,0.0
bred_vector_winter,3,14,84.0,z925,-1756.998046875,12963.646484375,0,1038240,0.0
bred_vector_winter,3,14,84.0,z1000,-8543.4931640625,6465.25830078125,0,1038240,0.0
bred_vector_winter,3,14,84.0,t50,142.212158203125,263.2591857910156,647,1038240,0.0006231699799660965
bred_vector_winter,3,14,84.0,t100,142.41485595703125,271.9983215332031,649,1038240,0.0006250963168438897
bred_vector_winter,3,14,84.0,t150,156.11830139160156,272.8066711425781,0,1038240,0.0
bred_vector_winter,3,14,84.0,t200,187.2865753173828,271.2078857421875,0,1038240,0.0
bred_vector_winter,3,14,84.0,t250,200.70681762695312,289.194091796875,0,1038240,0.0
bred_vector_winter,3,14,84.0,t300,200.53875732421875,299.5663146972656,0,1038240,0.0
bred_vector_winter,3,14,84.0,t400,214.6114959716797,285.9256286621094,0,1038240,0.0
bred_vector_winter,3,14,84.0,t500,217.05087280273438,296.8624572753906,0,1038240,0.0
bred_vector_winter,3,14,84.0,t600,223.25363159179688,311.2095642089844,0,1038240,0.0
bred_vector_winter,3,14,84.0,t700,224.56832885742188,317.317138671875,0,1038240,0.0
bred_vector_winter,3,14,84.0,t850,236.7063446044922,314.64996337890625,0,1038240,0.0
bred_vector_winter,3,14,84.0,t925,231.5310821533203,323.5605163574219,0,1038240,0.0
bred_vector_winter,3,14,84.0,t1000,221.84716796875,331.463623046875,0,1038240,0.0
bred_vector_winter,3,14,84.0,q50,-6.626576941926032e-05,6.167351239128038e-05,418894,1038240,0.40346548004314997
bred_vector_winter,3,14,84.0,q100,-1.550330125610344e-05,2.3671767849009484e-05,364802,1038240,0.3513657728463554
bred_vector_winter,3,14,84.0,q150,-4.229911064612679e-05,9.885631880024448e-05,261486,1038240,0.25185506241331485
bred_vector_winter,3,14,84.0,q200,-0.00019355729455128312,0.0005670845857821405,241714,1038240,0.2328112960394514
bred_vector_winter,3,14,84.0,q250,-0.0009121923940256238,0.0018235803581774235,214599,1038240,0.20669498381877022
bred_vector_winter,3,14,84.0,q300,-0.0012596765300258994,0.0035449061542749405,159721,1038240,0.15383822622900292
bred_vector_winter,3,14,84.0,q400,-0.00309248105622828,0.00974332820624113,222183,1038240,0.213999653259362
bred_vector_winter,3,14,84.0,q500,-0.007291373331099749,0.017029481008648872,135942,1038240,0.1309350439204808
bred_vector_winter,3,14,84.0,q600,-0.018465405330061913,0.02371986396610737,213479,1038240,0.20561623516720604
bred_vector_winter,3,14,84.0,q700,-0.023305630311369896,0.03599303960800171,249894,1038240,0.24069001386962552
bred_vector_winter,3,14,84.0,q850,-0.021609660238027573,0.03818248212337494,92730,1038240,0.08931460933888119
bred_vector_winter,3,14,84.0,q925,-0.019299793988466263,0.038474190980196,56868,1038240,0.05477346278317152
bred_vector_winter,3,14,84.0,q1000,-0.015594897791743279,0.03944087028503418,41643,1038240,0.04010922330097087
bred_vector_winter,3,15,90.0,u10m,-31.09008026123047,39.90928649902344,0,1038240,0.0
bred_vector_winter,3,15,90.0,v10m,-29.82376480102539,28.102506637573242,0,1038240,0.0
bred_vector_winter,3,15,90.0,u100m,-42.64180374145508,53.94401931762695,0,1038240,0.0
bred_vector_winter,3,15,90.0,v100m,-39.413658142089844,31.72507667541504,0,1038240,0.0
bred_vector_winter,3,15,90.0,t2m,215.8557586669922,331.2943420410156,0,1038240,0.0
bred_vector_winter,3,15,90.0,sp,43986.44140625,107025.3125,0,1038240,0.0
bred_vector_winter,3,15,90.0,msl,89953.65625,108103.8828125,0,1038240,0.0
bred_vector_winter,3,15,90.0,tcwv,-74.64859008789062,151.4672088623047,103535,1038240,0.09972164432115889
bred_vector_winter,3,15,90.0,u50,-85.38704681396484,140.96925354003906,0,1038240,0.0
bred_vector_winter,3,15,90.0,u100,-124.77851867675781,120.10565948486328,0,1038240,0.0
bred_vector_winter,3,15,90.0,u150,-120.6266098022461,118.60855865478516,0,1038240,0.0
bred_vector_winter,3,15,90.0,u200,-111.18434143066406,135.75289916992188,0,1038240,0.0
bred_vector_winter,3,15,90.0,u250,-132.3270721435547,125.11003112792969,0,1038240,0.0
bred_vector_winter,3,15,90.0,u300,-146.6902618408203,123.9779281616211,0,1038240,0.0
bred_vector_winter,3,15,90.0,u400,-96.37517547607422,84.392822265625,0,1038240,0.0
bred_vector_winter,3,15,90.0,u500,-61.15331268310547,83.18636322021484,0,1038240,0.0
bred_vector_winter,3,15,90.0,u600,-69.2359848022461,66.77851867675781,0,1038240,0.0
bred_vector_winter,3,15,90.0,u700,-64.86824035644531,70.94243621826172,0,1038240,0.0
bred_vector_winter,3,15,90.0,u850,-60.53750991821289,66.51988220214844,0,1038240,0.0
bred_vector_winter,3,15,90.0,u925,-54.82085037231445,59.79182052612305,0,1038240,0.0
bred_vector_winter,3,15,90.0,u1000,-41.773109436035156,38.293067932128906,0,1038240,0.0
bred_vector_winter,3,15,90.0,v50,-51.47132873535156,81.54678344726562,0,1038240,0.0
bred_vector_winter,3,15,90.0,v100,-109.50233459472656,82.31548309326172,0,1038240,0.0
bred_vector_winter,3,15,90.0,v150,-89.54620361328125,67.48664855957031,0,1038240,0.0
bred_vector_winter,3,15,90.0,v200,-96.98823547363281,88.57299041748047,0,1038240,0.0
bred_vector_winter,3,15,90.0,v250,-77.22614288330078,112.6727294921875,0,1038240,0.0
bred_vector_winter,3,15,90.0,v300,-68.4012451171875,119.06986999511719,0,1038240,0.0
bred_vector_winter,3,15,90.0,v400,-64.19837188720703,95.41682434082031,0,1038240,0.0
bred_vector_winter,3,15,90.0,v500,-50.32418441772461,54.48112869262695,0,1038240,0.0
bred_vector_winter,3,15,90.0,v600,-46.94565963745117,53.52956771850586,0,1038240,0.0
bred_vector_winter,3,15,90.0,v700,-48.92290115356445,55.322628021240234,0,1038240,0.0
bred_vector_winter,3,15,90.0,v850,-50.22309875488281,39.37349319458008,0,1038240,0.0
bred_vector_winter,3,15,90.0,v925,-48.05855178833008,47.856441497802734,0,1038240,0.0
bred_vector_winter,3,15,90.0,v1000,-37.04032897949219,34.79263687133789,0,1038240,0.0
bred_vector_winter,3,15,90.0,z50,181781.515625,215150.5625,0,1038240,0.0
bred_vector_winter,3,15,90.0,z100,146916.6875,174448.53125,0,1038240,0.0
bred_vector_winter,3,15,90.0,z150,123074.2421875,149629.90625,0,1038240,0.0
bred_vector_winter,3,15,90.0,z200,105487.203125,130134.21875,0,1038240,0.0
bred_vector_winter,3,15,90.0,z250,91370.796875,114275.7109375,0,1038240,0.0
bred_vector_winter,3,15,90.0,z300,80103.453125,100044.0,0,1038240,0.0
bred_vector_winter,3,15,90.0,z400,62225.05078125,78830.140625,0,1038240,0.0
bred_vector_winter,3,15,90.0,z500,47521.671875,61823.5390625,0,1038240,0.0
bred_vector_winter,3,15,90.0,z600,34644.22265625,47703.21484375,0,1038240,0.0
bred_vector_winter,3,15,90.0,z700,22553.34375,35523.15234375,0,1038240,0.0
bred_vector_winter,3,15,90.0,z850,5616.3466796875,19780.02734375,0,1038240,0.0
bred_vector_winter,3,15,90.0,z925,-1642.5029296875,12737.58203125,0,1038240,0.0
bred_vector_winter,3,15,90.0,z1000,-8340.724609375,6267.14892578125,0,1038240,0.0
bred_vector_winter,3,15,90.0,t50,143.72653198242188,266.3787841796875,710,1038240,0.0006838495916165819
bred_vector_winter,3,15,90.0,t100,146.48037719726562,275.0455322265625,262,1038240,0.00025235013099090766
bred_vector_winter,3,15,90.0,t150,154.90875244140625,270.4092712402344,0,1038240,0.0
bred_vector_winter,3,15,90.0,t200,190.86595153808594,271.7074279785156,0,1038240,0.0
bred_vector_winter,3,15,90.0,t250,202.56895446777344,292.1016540527344,0,1038240,0.0
bred_vector_winter,3,15,90.0,t300,200.51654052734375,296.6941223144531,0,1038240,0.0
bred_vector_winter,3,15,90.0,t400,218.1533203125,286.78228759765625,0,1038240,0.0
bred_vector_winter,3,15,90.0,t500,215.767822265625,297.93719482421875,0,1038240,0.0
bred_vector_winter,3,15,90.0,t600,224.64315795898438,312.8194885253906,0,1038240,0.0
bred_vector_winter,3,15,90.0,t700,229.66152954101562,317.30303955078125,0,1038240,0.0
bred_vector_winter,3,15,90.0,t850,237.7056427001953,315.5276794433594,0,1038240,0.0
bred_vector_winter,3,15,90.0,t925,236.71592712402344,320.1264343261719,0,1038240,0.0
bred_vector_winter,3,15,90.0,t1000,216.2955322265625,327.70587158203125,0,1038240,0.0
bred_vector_winter,3,15,90.0,q50,-6.511415995191783e-05,6.065904381102882e-05,418582,1038240,0.4031649714902142
bred_vector_winter,3,15,90.0,q100,-1.5168847312452272e-05,2.3648211936233565e-05,366430,1038240,0.35293381106487903
bred_vector_winter,3,15,90.0,q150,-4.2375901102786884e-05,0.00010526172263780609,268396,1038240,0.2585105563260903
bred_vector_winter,3,15,90.0,q200,-0.00020033119653817266,0.0006610459531657398,237049,1038240,0.22831811527199877
bred_vector_winter,3,15,90.0,q250,-0.0010192518820986152,0.001954386243596673,207637,1038240,0.19998940514717214
bred_vector_winter,3,15,90.0,q300,-0.0011557015823200345,0.0037702908739447594,149405,1038240,0.14390218061334567
bred_vector_winter,3,15,90.0,q400,-0.0032752063125371933,0.009623640216886997,220535,1038240,0.2124123516720604
bred_vector_winter,3,15,90.0,q500,-0.008074425160884857,0.0185155738145113,141236,1038240,0.13603405763599938
bred_vector_winter,3,15,90.0,q600,-0.020333092659711838,0.024595722556114197,216917,1038240,0.20892760826013254
bred_vector_winter,3,15,90.0,q700,-0.02439475618302822,0.037199925631284714,254786,1038240,0.24540183387270767
bred_vector_winter,3,15,90.0,q850,-0.022125842049717903,0.04096833989024162,94529,1038240,0.09104734936045615
bred_vector_winter,3,15,90.0,q925,-0.01888103410601616,0.03964458405971527,57873,1038240,0.0557414470642626
bred_vector_winter,3,15,90.0,q1000,-0.018199654296040535,0.04081810265779495,42950,1038240,0.04136808445060872
bred_vector_winter,3,16,96.0,u10m,-36.5380973815918,46.1778678894043,0,1038240,0.0
bred_vector_winter,3,16,96.0,v10m,-30.440542221069336,32.61833572387695,0,1038240,0.0
bred_vector_winter,3,16,96.0,u100m,-47.15743637084961,61.63378143310547,0,1038240,0.0
bred_vector_winter,3,16,96.0,v100m,-40.86861801147461,38.217472076416016,0,1038240,0.0
bred_vector_winter,3,16,96.0,t2m,215.8426513671875,334.3411865234375,0,1038240,0.0
bred_vector_winter,3,16,96.0,sp,44066.56640625,106884.6015625,0,1038240,0.0
bred_vector_winter,3,16,96.0,msl,90583.28125,107798.3515625,0,1038240,0.0
bred_vector_winter,3,16,96.0,tcwv,-79.05262756347656,152.5810546875,103969,1038240,0.10013965942364
bred_vector_winter,3,16,96.0,u50,-91.20025634765625,149.69041442871094,0,1038240,0.0
bred_vector_winter,3,16,96.0,u100,-137.1204376220703,114.12454986572266,0,1038240,0.0
bred_vector_winter,3,16,96.0,u150,-108.74995422363281,117.79566955566406,0,1038240,0.0
bred_vector_winter,3,16,96.0,u200,-112.62339782714844,130.7558135986328,0,1038240,0.0
bred_vector_winter,3,16,96.0,u250,-132.6944580078125,128.00396728515625,0,1038240,0.0
bred_vector_winter,3,16,96.0,u300,-155.95989990234375,109.18017578125,18,1038240,1.7337031900138696e-05
bred_vector_winter,3,16,96.0,u400,-107.7053451538086,90.15473937988281,0,1038240,0.0
bred_vector_winter,3,16,96.0,u500,-70.24645233154297,85.83195495605469,0,1038240,0.0
bred_vector_winter,3,16,96.0,u600,-77.6087417602539,67.87142181396484,0,1038240,0.0
bred_vector_winter,3,16,96.0,u700,-64.65576171875,70.6090316772461,0,1038240,0.0
bred_vector_winter,3,16,96.0,u850,-68.98880004882812,83.97164916992188,0,1038240,0.0
bred_vector_winter,3,16,96.0,u925,-62.06697463989258,75.47755432128906,0,1038240,0.0
bred_vector_winter,3,16,96.0,u1000,-45.41644287109375,46.61392593383789,0,1038240,0.0
bred_vector_winter,3,16,96.0,v50,-51.89151382446289,79.38143157958984,0,1038240,0.0
bred_vector_winter,3,16,96.0,v100,-100.12397766113281,83.49671936035156,0,1038240,0.0
bred_vector_winter,3,16,96.0,v150,-96.27912139892578,68.21453094482422,0,1038240,0.0
bred_vector_winter,3,16,96.0,v200,-106.79375457763672,89.31991577148438,0,1038240,0.0
bred_vector_winter,3,16,96.0,v250,-67.69213104248047,118.40890502929688,0,1038240,0.0
bred_vector_winter,3,16,96.0,v300,-58.7191276550293,131.6597137451172,0,1038240,0.0
bred_vector_winter,3,16,96.0,v400,-59.5257682800293,98.21349334716797,0,1038240,0.0
bred_vector_winter,3,16,96.0,v500,-51.941951751708984,47.93190002441406,0,1038240,0.0
bred_vector_winter,3,16,96.0,v600,-55.374427795410156,53.98897933959961,0,1038240,0.0
bred_vector_winter,3,16,96.0,v700,-57.9228515625,60.397071838378906,0,1038240,0.0
bred_vector_winter,3,16,96.0,v850,-55.95795822143555,43.52401351928711,0,1038240,0.0
bred_vector_winter,3,16,96.0,v925,-47.45840072631836,49.03185272216797,0,1038240,0.0
bred_vector_winter,3,16,96.0,v1000,-36.825252532958984,35.16071701049805,0,1038240,0.0
bred_vector_winter,3,16,96.0,z50,181172.421875,215406.5,0,1038240,0.0
bred_vector_winter,3,16,96.0,z100,147009.578125,174698.515625,0,1038240,0.0
bred_vector_winter,3,16,96.0,z150,123313.8828125,149994.8125,0,1038240,0.0
bred_vector_winter,3,16,96.0,z200,105734.765625,130219.8203125,0,1038240,0.0
bred_vector_winter,3,16,96.0,z250,91606.7578125,114421.2421875,0,1038240,0.0
bred_vector_winter,3,16,96.0,z300,80439.8046875,100432.3359375,0,1038240,0.0
bred_vector_winter,3,16,96.0,z400,62475.6796875,78702.9296875,0,1038240,0.0
bred_vector_winter,3,16,96.0,z500,47936.25,61690.265625,0,1038240,0.0
bred_vector_winter,3,16,96.0,z600,35138.2421875,47464.19140625,0,1038240,0.0
bred_vector_winter,3,16,96.0,z700,22894.23046875,35315.34765625,0,1038240,0.0
bred_vector_winter,3,16,96.0,z850,6410.4990234375,19572.115234375,0,1038240,0.0
bred_vector_winter,3,16,96.0,z925,-951.83154296875,12501.197265625,0,1038240,0.0
bred_vector_winter,3,16,96.0,z1000,-7705.49560546875,5999.59228515625,0,1038240,0.0
bred_vector_winter,3,16,96.0,t50,141.32058715820312,269.6888732910156,1208,1038240,0.001163507474187086
bred_vector_winter,3,16,96.0,t100,141.96267700195312,277.1298522949219,773,1038240,0.0007445292032670673
bred_vector_winter,3,16,96.0,t150,152.32131958007812,271.64483642578125,0,1038240,0.0
bred_vector_winter,3,16,96.0,t200,193.08543395996094,272.82073974609375,0,1038240,0.0
bred_vector_winter,3,16,96.0,t250,203.7525177001953,291.7170715332031,0,1038240,0.0
bred_vector_winter,3,16,96.0,t300,202.8436279296875,292.96270751953125,0,1038240,0.0
bred_vector_winter,3,16,96.0,t400,216.69894409179688,286.7431335449219,0,1038240,0.0
bred_vector_winter,3,16,96.0,t500,215.70101928710938,298.468017578125,0,1038240,0.0
bred_vector_winter,3,16,96.0,t600,216.17176818847656,313.5474853515625,0,1038240,0.0
bred_vector_winter,3,16,96.0,t700,232.00831604003906,312.9908447265625,0,1038240,0.0
bred_vector_winter,3,16,96.0,t850,239.76507568359375,316.86749267578125,0,1038240,0.0
bred_vector_winter,3,16,96.0,t925,234.3682861328125,322.5847473144531,0,1038240,0.0
bred_vector_winter,3,16,96.0,t1000,213.28286743164062,330.68408203125,0,1038240,0.0
bred_vector_winter,3,16,96.0,q50,-6.397259858204052e-05,5.96309473621659e-05,418272,1038240,0.40286638927415624
bred_vector_winter,3,16,96.0,q100,-1.4869599908706732e-05,2.3628872440895066e-05,367641,1038240,0.3541002080443828
bred_vector_winter,3,16,96.0,q150,-4.450990309123881e-05,0.00011398591595934704,271885,1038240,0.2618710510094005
bred_vector_winter,3,16,96.0,q200,-0.00019339432765264064,0.0007283442537300289,234428,1038240,0.2257936507936508
bred_vector_winter,3,16,96.0,q250,-0.0009891677182167768,0.0020140965934842825,205160,1038240,0.19760363692402527
bred_vector_winter,3,16,96.0,q300,-0.0010463930666446686,0.0038110485766083,133647,1038240,0.12872457235321313
bred_vector_winter,3,16,96.0,q400,-0.0033355713821947575,0.010311437770724297,223469,1038240,0.215238287871783
bred_vector_winter,3,16,96.0,q500,-0.008682463318109512,0.021061846986413002,148508,1038240,0.14303821852365542
bred_vector_winter,3,16,96.0,q600,-0.020326459780335426,0.026602301746606827,216656,1038240,0.2086762212975805
bred_vector_winter,3,16,96.0,q700,-0.0259404294192791,0.03561726212501526,257691,1038240,0.24819983818770228
bred_vector_winter,3,16,96.0,q850,-0.021358264610171318,0.03983346372842789,92899,1038240,0.08947738480505471
bred_vector_winter,3,16,96.0,q925,-0.021807774901390076,0.03971916437149048,57739,1038240,0.055612382493450456
bred_vector_winter,3,16,96.0,q1000,-0.020816083997488022,0.04006008058786392,42021,1038240,0.04047330097087379
bred_vector_winter,3,17,102.0,u10m,-38.835201263427734,44.873870849609375,0,1038240,0.0
bred_vector_winter,3,17,102.0,v10m,-31.173620223999023,35.86617660522461,0,1038240,0.0
bred_vector_winter,3,17,102.0,u100m,-50.64775466918945,59.737754821777344,0,1038240,0.0
bred_vector_winter,3,17,102.0,v100m,-44.77936553955078,42.32542419433594,0,1038240,0.0
bred_vector_winter,3,17,102.0,t2m,217.63319396972656,333.8081970214844,0,1038240,0.0
bred_vector_winter,3,17,102.0,sp,44278.6640625,107106.1640625,0,1038240,0.0
bred_vector_winter,3,17,102.0,msl,90719.34375,107983.59375,0,1038240,0.0
bred_vector_winter,3,17,102.0,tcwv,-80.86228942871094,154.6255340576172,102312,1038240,0.09854368932038834
bred_vector_winter,3,17,102.0,u50,-84.81300354003906,147.5702667236328,0,1038240,0.0
bred_vector_winter,3,17,102.0,u100,-126.76336669921875,112.8316421508789,0,1038240,0.0
bred_vector_winter,3,17,102.0,u150,-120.87036895751953,118.56710815429688,0,1038240,0.0
bred_vector_winter,3,17,102.0,u200,-110.80065155029297,149.8974151611328,0,1038240,0.0
bred_vector_winter,3,17,102.0,u250,-136.2953338623047,130.26846313476562,0,1038240,0.0
bred_vector_winter,3,17,102.0,u300,-147.51345825195312,112.00597381591797,0,1038240,0.0
bred_vector_winter,3,17,102.0,u400,-89.75472259521484,82.8127670288086,0,1038240,0.0
bred_vector_winter,3,17,102.0,u500,-72.63172149658203,84.4749526977539,0,1038240,0.0
bred_vector_winter,3,17,102.0,u600,-68.19405364990234,82.9457015991211,0,1038240,0.0
bred_vector_winter,3,17,102.0,u700,-75.94676208496094,80.53721618652344,0,1038240,0.0
bred_vector_winter,3,17,102.0,u850,-83.31961822509766,76.13043975830078,0,1038240,0.0
bred_vector_winter,3,17,102.0,u925,-52.401973724365234,66.66966247558594,0,1038240,0.0
bred_vector_winter,3,17,102.0,u1000,-39.170875549316406,44.70438766479492,0,1038240,0.0
bred_vector_winter,3,17,102.0,v50,-54.02986145019531,78.47967529296875,0,1038240,0.0
bred_vector_winter,3,17,102.0,v100,-76.98278045654297,85.54118347167969,0,1038240,0.0
bred_vector_winter,3,17,102.0,v150,-103.80060577392578,68.90841674804688,0,1038240,0.0
bred_vector_winter,3,17,102.0,v200,-87.58705139160156,93.61930084228516,0,1038240,0.0
bred_vector_winter,3,17,102.0,v250,-69.0057144165039,131.2411346435547,0,1038240,0.0
bred_vector_winter,3,17,102.0,v300,-66.05889892578125,137.98643493652344,0,1038240,0.0
bred_vector_winter,3,17,102.0,v400,-62.50022506713867,87.00984191894531,0,1038240,0.0
bred_vector_winter,3,17,102.0,v500,-61.339237213134766,53.0547981262207,0,1038240,0.0
bred_vector_winter,3,17,102.0,v600,-47.480411529541016,47.845726013183594,0,1038240,0.0
bred_vector_winter,3,17,102.0,v700,-58.27798843383789,59.847774505615234,0,1038240,0.0
bred_vector_winter,3,17,102.0,v850,-63.2015495300293,48.465633392333984,0,1038240,0.0
bred_vector_winter,3,17,102.0,v925,-52.832374572753906,54.82200241088867,0,1038240,0.0
bred_vector_winter,3,17,102.0,v1000,-34.254390716552734,37.67767333984375,0,1038240,0.0
bred_vector_winter,3,17,102.0,z50,180836.671875,215671.6875,0,1038240,0.0
bred_vector_winter,3,17,102.0,z100,146963.875,175071.625,0,1038240,0.0
bred_vector_winter,3,17,102.0,z150,123694.4921875,150451.0625,0,1038240,0.0
bred_vector_winter,3,17,102.0,z200,106106.1015625,130241.6640625,0,1038240,0.0
bred_vector_winter,3,17,102.0,z250,92034.0703125,114202.1875,0,1038240,0.0
bred_vector_winter,3,17,102.0,z300,80892.640625,100278.078125,0,1038240,0.0
bred_vector_winter,3,17,102.0,z400,62604.1171875,78626.59375,0,1038240,0.0
bred_vector_winter,3,17,102.0,z500,47996.8828125,61440.875,0,1038240,0.0
bred_vector_winter,3,17,102.0,z600,35254.015625,47324.953125,0,1038240,0.0
bred_vector_winter,3,17,102.0,z700,23242.21875,35147.10546875,0,1038240,0.0
bred_vector_winter,3,17,102.0,z850,6768.1845703125,19353.28125,0,1038240,0.0
bred_vector_winter,3,17,102.0,z925,-713.72998046875,12406.3095703125,0,1038240,0.0
bred_vector_winter,3,17,102.0,z1000,-7667.91064453125,6106.59228515625,0,1038240,0.0
bred_vector_winter,3,17,102.0,t50,143.82608032226562,272.6316833496094,1419,1038240,0.0013667360147942673
bred_vector_winter,3,17,102.0,t100,136.83172607421875,276.48687744140625,1182,1038240,0.0011384650947757744
bred_vector_winter,3,17,102.0,t150,152.3678436279297,271.37579345703125,0,1038240,0.0
bred_vector_winter,3,17,102.0,t200,193.5076446533203,272.80499267578125,0,1038240,0.0
bred_vector_winter,3,17,102.0,t250,201.12106323242188,294.6579895019531,0,1038240,0.0
bred_vector_winter,3,17,102.0,t300,202.36842346191406,292.1612243652344,0,1038240,0.0
bred_vector_winter,3,17,102.0,t400,219.12657165527344,289.6778564453125,0,1038240,0.0
bred_vector_winter,3,17,102.0,t500,212.498291015625,298.2303771972656,0,1038240,0.0
bred_vector_winter,3,17,102.0,t600,214.86666870117188,313.0573425292969,0,1038240,0.0
bred_vector_winter,3,17,102.0,t700,227.98403930664062,313.2887878417969,0,1038240,0.0
bred_vector_winter,3,17,102.0,t850,237.89303588867188,317.4155578613281,0,1038240,0.0
bred_vector_winter,3,17,102.0,t925,228.034423828125,324.4119567871094,0,1038240,0.0
bred_vector_winter,3,17,102.0,t1000,213.1011962890625,331.8244934082031,0,1038240,0.0
bred_vector_winter,3,17,102.0,q50,-6.281398236751556e-05,5.862133912160061e-05,417921,1038240,0.4025283171521036
bred_vector_winter,3,17,102.0,q100,-1.4791134162805974e-05,2.3649467038922012e-05,368512,1038240,0.35493912775466174
bred_vector_winter,3,17,102.0,q150,-4.69135120511055e-05,0.00012363024870865047,280267,1038240,0.26994432886423175
bred_vector_winter,3,17,102.0,q200,-0.00020894485351163894,0.00076194730354473,233825,1038240,0.22521286022499615
bred_vector_winter,3,17,102.0,q250,-0.0010423589264973998,0.0020894708577543497,206775,1038240,0.19915915395284328
bred_vector_winter,3,17,102.0,q300,-0.0011083852732554078,0.004002703819423914,131821,1038240,0.12696582678378796
bred_vector_winter,3,17,102.0,q400,-0.0032581896521151066,0.010614428669214249,225302,1038240,0.21700377562028048
bred_vector_winter,3,17,102.0,q500,-0.008221369236707687,0.02050369419157505,159304,1038240,0.15343658498998305
bred_vector_winter,3,17,102.0,q600,-0.020745739340782166,0.02402268722653389,216200,1038240,0.20823701648944368
bred_vector_winter,3,17,102.0,q700,-0.027007227763533592,0.037258703261613846,261744,1038240,0.25210355987055016
bred_vector_winter,3,17,102.0,q850,-0.024755902588367462,0.04044034704566002,92298,1038240,0.08889852057327785
bred_vector_winter,3,17,102.0,q925,-0.023257985711097717,0.040382761508226395,57774,1038240,0.05564609338881184
bred_vector_winter,3,17,102.0,q1000,-0.02081066370010376,0.04103400558233261,43209,1038240,0.04161754507628294
bred_vector_winter,3,18,108.0,u10m,-32.804954528808594,41.053504943847656,0,1038240,0.0
bred_vector_winter,3,18,108.0,v10m,-29.228321075439453,32.945621490478516,0,1038240,0.0
bred_vector_winter,3,18,108.0,u100m,-43.329010009765625,54.11629867553711,0,1038240,0.0
bred_vector_winter,3,18,108.0,v100m,-40.244564056396484,39.48828125,0,1038240,0.0
bred_vector_winter,3,18,108.0,t2m,217.3988800048828,333.06329345703125,0,1038240,0.0
bred_vector_winter,3,18,108.0,sp,44373.296875,107133.53125,0,1038240,0.0
bred_vector_winter,3,18,108.0,msl,91036.578125,107865.0625,0,1038240,0.0
bred_vector_winter,3,18,108.0,tcwv,-82.41496276855469,155.5059356689453,103186,1038240,0.09938549853598397
bred_vector_winter,3,18,108.0,u50,-91.22731018066406,143.61705017089844,0,1038240,0.0
bred_vector_winter,3,18,108.0,u100,-134.68212890625,119.41439819335938,0,1038240,0.0
bred_vector_winter,3,18,108.0,u150,-127.39749908447266,116.71865844726562,0,1038240,0.0
bred_vector_winter,3,18,108.0,u200,-115.3907241821289,145.11355590820312,0,1038240,0.0
bred_vector_winter,3,18,108.0,u250,-129.12588500976562,123.26252746582031,0,1038240,0.0
bred_vector_winter,3,18,108.0,u300,-135.2377471923828,120.30975341796875,0,1038240,0.0
bred_vector_winter,3,18,108.0,u400,-91.99784088134766,108.04812622070312,0,1038240,0.0
bred_vector_winter,3,18,108.0,u500,-66.36956024169922,80.50628662109375,0,1038240,0.0
bred_vector_winter,3,18,108.0,u600,-80.24671936035156,75.81444549560547,0,1038240,0.0
bred_vector_winter,3,18,108.0,u700,-80.18416595458984,79.56391143798828,0,1038240,0.0
bred_vector_winter,3,18,108.0,u850,-56.45536804199219,72.4977798461914,0,1038240,0.0
bred_vector_winter,3,18,108.0,u925,-56.23392105102539,66.98193359375,0,1038240,0.0
bred_vector_winter,3,18,108.0,u1000,-42.69363784790039,41.33479690551758,0,1038240,0.0
bred_vector_winter,3,18,108.0,v50,-59.29327392578125,75.4627914428711,0,1038240,0.0
bred_vector_winter,3,18,108.0,v100,-78.8885726928711,88.36055755615234,0,1038240,0.0
bred_vector_winter,3,18,108.0,v150,-108.03043365478516,78.72434997558594,0,1038240,0.0
bred_vector_winter,3,18,108.0,v200,-79.97618103027344,98.81714630126953,0,1038240,0.0
bred_vector_winter,3,18,108.0,v250,-65.09375,126.19104766845703,0,1038240,0.0
bred_vector_winter,3,18,108.0,v300,-66.53742218017578,123.80721282958984,0,1038240,0.0
bred_vector_winter,3,18,108.0,v400,-63.36490249633789,75.0940933227539,0,1038240,0.0
bred_vector_winter,3,18,108.0,v500,-51.63115692138672,48.371150970458984,0,1038240,0.0
bred_vector_winter,3,18,108.0,v600,-46.8167724609375,45.519866943359375,0,1038240,0.0
bred_vector_winter,3,18,108.0,v700,-47.024497985839844,48.33486557006836,0,1038240,0.0
bred_vector_winter,3,18,108.0,v850,-51.37546157836914,44.9882698059082,0,1038240,0.0
bred_vector_winter,3,18,108.0,v925,-46.510040283203125,48.36430358886719,0,1038240,0.0
bred_vector_winter,3,18,108.0,v1000,-29.40157127380371,35.302162170410156,0,1038240,0.0
bred_vector_winter,3,18,108.0,z50,180576.171875,215772.90625,0,1038240,0.0
bred_vector_winter,3,18,108.0,z100,146516.453125,175699.515625,0,1038240,0.0
bred_vector_winter,3,18,108.0,z150,124158.4296875,150862.65625,0,1038240,0.0
bred_vector_winter,3,18,108.0,z200,106790.6328125,130309.8828125,0,1038240,0.0
bred_vector_winter,3,18,108.0,z250,92686.09375,114318.9453125,0,1038240,0.0
bred_vector_winter,3,18,108.0,z300,81430.8828125,100333.21875,0,1038240,0.0
bred_vector_winter,3,18,108.0,z400,62301.890625,78463.53125,0,1038240,0.0
bred_vector_winter,3,18,108.0,z500,47877.125,61259.1171875,0,1038240,0.0
bred_vector_winter,3,18,108.0,z600,35030.3984375,47072.4921875,0,1038240,0.0
bred_vector_winter,3,18,108.0,z700,23307.515625,34906.8515625,0,1038240,0.0
bred_vector_winter,3,18,108.0,z850,6795.66015625,19192.79296875,0,1038240,0.0
bred_vector_winter,3,18,108.0,z925,-500.1220703125,12233.080078125,0,1038240,0.0
bred_vector_winter,3,18,108.0,z1000,-7344.06201171875,5946.03271484375,0,1038240,0.0
bred_vector_winter,3,18,108.0,t50,139.05636596679688,272.7910461425781,1965,1038240,0.0018926259824318078
bred_vector_winter,3,18,108.0,t100,139.1451416015625,279.8498840332031,1582,1038240,0.0015237324703344121
bred_vector_winter,3,18,108.0,t150,150.71456909179688,272.6593322753906,0,1038240,0.0
bred_vector_winter,3,18,108.0,t200,193.45050048828125,275.9101257324219,0,1038240,0.0
bred_vector_winter,3,18,108.0,t250,200.82315063476562,294.5956726074219,0,1038240,0.0
bred_vector_winter,3,18,108.0,t300,203.6848907470703,290.72705078125,0,1038240,0.0
bred_vector_winter,3,18,108.0,t400,220.4648895263672,284.9723815917969,0,1038240,0.0
bred_vector_winter,3,18,108.0,t500,212.253662109375,297.96868896484375,0,1038240,0.0
bred_vector_winter,3,18,108.0,t600,219.35955810546875,310.20208740234375,0,1038240,0.0
bred_vector_winter,3,18,108.0,t700,231.35140991210938,315.0439758300781,0,1038240,0.0
bred_vector_winter,3,18,108.0,t850,236.63966369628906,318.0662841796875,0,1038240,0.0
bred_vector_winter,3,18,108.0,t925,231.5224609375,326.3619079589844,0,1038240,0.0
bred_vector_winter,3,18,108.0,t1000,214.66464233398438,333.3056945800781,0,1038240,0.0
bred_vector_winter,3,18,108.0,q50,-6.172123539727181e-05,5.763001536251977e-05,417595,1038240,0.40221432424102327
bred_vector_winter,3,18,108.0,q100,-1.516775409982074e-05,2.3392074581352063e-05,369898,1038240,0.3562740792109724
bred_vector_winter,3,18,108.0,q150,-4.886644092039205e-05,0.00013402932381723076,285421,1038240,0.27490849899830483
bred_vector_winter,3,18,108.0,q200,-0.00020347464305814356,0.000769622391089797,233897,1038240,0.2252822083525967
bred_vector_winter,3,18,108.0,q250,-0.0010200003162026405,0.0022017487790435553,207029,1038240,0.199403798736323
bred_vector_winter,3,18,108.0,q300,-0.0011072605848312378,0.003784765489399433,128460,1038240,0.1237286176606565
bred_vector_winter,3,18,108.0,q400,-0.003521064994856715,0.010298755019903183,223157,1038240,0.21493777931884728
bred_vector_winter,3,18,108.0,q500,-0.008262582123279572,0.018863173201680183,161277,1038240,0.15533691631992602
bred_vector_winter,3,18,108.0,q600,-0.02122056484222412,0.024743150919675827,216915,1038240,0.20892568192325475
bred_vector_winter,3,18,108.0,q700,-0.02748807519674301,0.03918590396642685,260477,1038240,0.2508832254584682
bred_vector_winter,3,18,108.0,q850,-0.0241800919175148,0.04091940447688103,90811,1038240,0.08746628910463862
bred_vector_winter,3,18,108.0,q925,-0.022228555753827095,0.04019538685679436,56467,1038240,0.05438723223917399
bred_vector_winter,3,18,108.0,q1000,-0.022068988531827927,0.04260201007127762,43410,1038240,0.041811141932501156
bred_vector_winter,3,19,114.0,u10m,-35.77151107788086,43.57840347290039,0,1038240,0.0
bred_vector_winter,3,19,114.0,v10m,-25.543392181396484,33.195335388183594,0,1038240,0.0
bred_vector_winter,3,19,114.0,u100m,-42.834449768066406,56.92353820800781,0,1038240,0.0
bred_vector_winter,3,19,114.0,v100m,-34.75686264038086,41.31801986694336,0,1038240,0.0
bred_vector_winter,3,19,114.0,t2m,207.11178588867188,329.2342529296875,0,1038240,0.0
bred_vector_winter,3,19,114.0,sp,44391.6171875,107054.2734375,0,1038240,0.0
bred_vector_winter,3,19,114.0,msl,90946.875,107957.515625,0,1038240,0.0
bred_vector_winter,3,19,114.0,tcwv,-85.16796875,154.1374053955078,108638,1038240,0.10463669286484821
bred_vector_winter,3,19,114.0,u50,-95.0822982788086,147.4253387451172,0,1038240,0.0
bred_vector_winter,3,19,114.0,u100,-147.42315673828125,123.51981353759766,0,1038240,0.0
bred_vector_winter,3,19,114.0,u150,-131.14700317382812,112.95408630371094,0,1038240,0.0
bred_vector_winter,3,19,114.0,u200,-115.24698638916016,138.15255737304688,0,1038240,0.0
bred_vector_winter,3,19,114.0,u250,-121.81813049316406,131.30982971191406,0,1038240,0.0
bred_vector_winter,3,19,114.0,u300,-151.72299194335938,127.45956420898438,5,1038240,4.8158421944829715e-06
bred_vector_winter,3,19,114.0,u400,-104.43901062011719,111.12628936767578,0,1038240,0.0
bred_vector_winter,3,19,114.0,u500,-68.7680892944336,79.905517578125,0,1038240,0.0
bred_vector_winter,3,19,114.0,u600,-70.53666687011719,82.84952545166016,0,1038240,0.0
bred_vector_winter,3,19,114.0,u700,-73.18243408203125,70.11194610595703,0,1038240,0.0
bred_vector_winter,3,19,114.0,u850,-59.829010009765625,78.9425277709961,0,1038240,0.0
bred_vector_winter,3,19,114.0,u925,-52.22616958618164,67.2049789428711,0,1038240,0.0
bred_vector_winter,3,19,114.0,u1000,-41.52043533325195,43.50933837890625,0,1038240,0.0
bred_vector_winter,3,19,114.0,v50,-61.798828125,69.5983657836914,0,1038240,0.0
bred_vector_winter,3,19,114.0,v100,-89.52513122558594,103.59230041503906,0,1038240,0.0
bred_vector_winter,3,19,114.0,v150,-112.04033660888672,86.63126373291016,0,1038240,0.0
bred_vector_winter,3,19,114.0,v200,-80.62548065185547,108.1584701538086,0,1038240,0.0
bred_vector_winter,3,19,114.0,v250,-72.25386047363281,139.2707977294922,0,1038240,0.0
bred_vector_winter,3,19,114.0,v300,-65.90796661376953,122.1263656616211,0,1038240,0.0
bred_vector_winter,3,19,114.0,v400,-61.594966888427734,69.115966796875,0,1038240,0.0
bred_vector_winter,3,19,114.0,v500,-51.30118942260742,54.38032150268555,0,1038240,0.0
bred_vector_winter,3,19,114.0,v600,-51.31766891479492,49.255287170410156,0,1038240,0.0
bred_vector_winter,3,19,114.0,v700,-55.25205993652344,53.22560119628906,0,1038240,0.0
bred_vector_winter,3,19,114.0,v850,-55.788902282714844,43.79161834716797,0,1038240,0.0
bred_vector_winter,3,19,114.0,v925,-41.751285552978516,47.15837097167969,0,1038240,0.0
bred_vector_winter,3,19,114.0,v1000,-28.39960479736328,36.088077545166016,0,1038240,0.0
bred_vector_winter,3,19,114.0,z50,180822.34375,216030.15625,0,1038240,0.0
bred_vector_winter,3,19,114.0,z100,146515.625,176303.421875,0,1038240,0.0
bred_vector_winter,3,19,114.0,z150,124325.640625,150888.421875,0,1038240,0.0
bred_vector_winter,3,19,114.0,z200,107064.5625,130454.015625,0,1038240,0.0
bred_vector_winter,3,19,114.0,z250,93051.7421875,114212.4296875,0,1038240,0.0
bred_vector_winter,3,19,114.0,z300,81516.6640625,100410.5234375,0,1038240,0.0
bred_vector_winter,3,19,114.0,z400,61965.30859375,78515.578125,0,1038240,0.0
bred_vector_winter,3,19,114.0,z500,47758.578125,61069.54296875,0,1038240,0.0
bred_vector_winter,3,19,114.0,z600,34936.50390625,46920.58984375,0,1038240,0.0
bred_vector_winter,3,19,114.0,z700,23427.6328125,34673.84375,0,1038240,0.0
bred_vector_winter,3,19,114.0,z850,6383.685546875,19165.966796875,0,1038240,0.0
bred_vector_winter,3,19,114.0,z925,-921.61572265625,12260.240234375,0,1038240,0.0
bred_vector_winter,3,19,114.0,z1000,-7670.16748046875,5997.88916015625,0,1038240,0.0
bred_vector_winter,3,19,114.0,t50,141.21255493164062,271.0721130371094,2508,1038240,0.0024156264447526585
bred_vector_winter,3,19,114.0,t100,134.9482879638672,276.7206115722656,1919,1038240,0.0018483202342425642
bred_vector_winter,3,19,114.0,t150,147.86148071289062,275.7542419433594,271,1038240,0.00026101864694097704
bred_vector_winter,3,19,114.0,t200,192.47193908691406,279.7899475097656,0,1038240,0.0
bred_vector_winter,3,19,114.0,t250,201.24063110351562,296.7289733886719,0,1038240,0.0
bred_vector_winter,3,19,114.0,t300,203.29519653320312,288.2073669433594,0,1038240,0.0
bred_vector_winter,3,19,114.0,t400,219.49856567382812,287.2173767089844,0,1038240,0.0
bred_vector_winter,3,19,114.0,t500,215.82485961914062,296.8982238769531,0,1038240,0.0
bred_vector_winter,3,19,114.0,t600,222.18563842773438,307.581298828125,0,1038240,0.0
bred_vector_winter,3,19,114.0,t700,232.83013916015625,317.4637451171875,0,1038240,0.0
bred_vector_winter,3,19,114.0,t850,233.726806640625,316.2568359375,0,1038240,0.0
bred_vector_winter,3,19,114.0,t925,224.66998291015625,322.80908203125,0,1038240,0.0
bred_vector_winter,3,19,114.0,t1000,205.84085083007812,329.69683837890625,0,1038240,0.0
bred_vector_winter,3,19,114.0,q50,-6.061869498807937e-05,5.667809455189854e-05,417252,1038240,0.40188395746648176
bred_vector_winter,3,19,114.0,q100,-1.5530333257629536e-05,2.3360686100204475e-05,370637,1038240,0.356985860687317
bred_vector_winter,3,19,114.0,q150,-5.1333299779798836e-05,0.00012894893006887287,287413,1038240,0.2768271305285868
bred_vector_winter,3,19,114.0,q200,-0.00024788989685475826,0.000768338271882385,230605,1038240,0.2221114578517491
bred_vector_winter,3,19,114.0,q250,-0.0009900478180497885,0.0021820541005581617,206325,1038240,0.19872572815533981
bred_vector_winter,3,19,114.0,q300,-0.0011060222750529647,0.0035359328612685204,134937,1038240,0.12996705963938973
bred_vector_winter,3,19,114.0,q400,-0.003190163755789399,0.010575447231531143,221071,1038240,0.212928609955309
bred_vector_winter,3,19,114.0,q500,-0.007613989058881998,0.018339646980166435,163405,1038240,0.157386538757898
bred_vector_winter,3,19,114.0,q600,-0.020690595731139183,0.025524642318487167,222530,1038240,0.2143338727076591
bred_vector_winter,3,19,114.0,q700,-0.028688959777355194,0.03690948709845543,263047,1038240,0.25335856834643244
bred_vector_winter,3,19,114.0,q850,-0.03032613918185234,0.03758031129837036,93061,1038240,0.08963341809215596
bred_vector_winter,3,19,114.0,q925,-0.02165534719824791,0.038575928658246994,54714,1038240,0.05269879796578826
bred_vector_winter,3,19,114.0,q1000,-0.021579213440418243,0.03984975814819336,42617,1038240,0.041047349360456155
bred_vector_winter,3,20,120.0,u10m,-36.47099304199219,39.30244064331055,0,1038240,0.0
bred_vector_winter,3,20,120.0,v10m,-22.03275489807129,29.724428176879883,0,1038240,0.0
bred_vector_winter,3,20,120.0,u100m,-39.382911682128906,52.545387268066406,0,1038240,0.0
bred_vector_winter,3,20,120.0,v100m,-29.99590492248535,34.827022552490234,0,1038240,0.0
bred_vector_winter,3,20,120.0,t2m,202.22715759277344,330.3324890136719,0,1038240,0.0
bred_vector_winter,3,20,120.0,sp,44448.89453125,106954.9453125,0,1038240,0.0
bred_vector_winter,3,20,120.0,msl,91007.9375,107786.3828125,0,1038240,0.0
bred_vector_winter,3,20,120.0,tcwv,-87.40707397460938,136.52891540527344,111933,1038240,0.10781033287101248
bred_vector_winter,3,20,120.0,u50,-97.11832427978516,145.77731323242188,0,1038240,0.0
bred_vector_winter,3,20,120.0,u100,-142.41798400878906,127.40931701660156,0,1038240,0.0
bred_vector_winter,3,20,120.0,u150,-142.7445068359375,118.05342864990234,0,1038240,0.0
bred_vector_winter,3,20,120.0,u200,-121.61316680908203,139.4983673095703,0,1038240,0.0
bred_vector_winter,3,20,120.0,u250,-116.806640625,126.65115356445312,0,1038240,0.0
bred_vector_winter,3,20,120.0,u300,-147.32684326171875,119.38404846191406,0,1038240,0.0
bred_vector_winter,3,20,120.0,u400,-105.56708526611328,96.10087585449219,0,1038240,0.0
bred_vector_winter,3,20,120.0,u500,-72.2054443359375,82.89073181152344,0,1038240,0.0
bred_vector_winter,3,20,120.0,u600,-69.27307891845703,66.51454162597656,0,1038240,0.0
bred_vector_winter,3,20,120.0,u700,-81.00737762451172,75.1465072631836,0,1038240,0.0
bred_vector_winter,3,20,120.0,u850,-58.04305648803711,77.27113342285156,0,1038240,0.0
bred_vector_winter,3,20,120.0,u925,-47.10397720336914,63.970916748046875,0,1038240,0.0
bred_vector_winter,3,20,120.0,u1000,-40.370513916015625,40.08462905883789,0,1038240,0.0
bred_vector_winter,3,20,120.0,v50,-61.519535064697266,64.98812866210938,0,1038240,0.0
bred_vector_winter,3,20,120.0,v100,-95.55838775634766,108.63833618164062,0,1038240,0.0
bred_vector_winter,3,20,120.0,v150,-117.8779067993164,89.55266571044922,0,1038240,0.0
bred_vector_winter,3,20,120.0,v200,-86.98229217529297,99.10452270507812,0,1038240,0.0
bred_vector_winter,3,20,120.0,v250,-74.11280059814453,138.36834716796875,0,1038240,0.0
bred_vector_winter,3,20,120.0,v300,-77.46442413330078,121.72147369384766,0,1038240,0.0
bred_vector_winter,3,20,120.0,v400,-63.01820755004883,74.49573516845703,0,1038240,0.0
bred_vector_winter,3,20,120.0,v500,-50.47787857055664,54.150062561035156,0,1038240,0.0
bred_vector_winter,3,20,120.0,v600,-44.52647018432617,51.72246551513672,0,1038240,0.0
bred_vector_winter,3,20,120.0,v700,-49.66939926147461,53.019554138183594,0,1038240,0.0
bred_vector_winter,3,20,120.0,v850,-41.5669059753418,40.79644012451172,0,1038240,0.0
bred_vector_winter,3,20,120.0,v925,-37.41694259643555,42.22203063964844,0,1038240,0.0
bred_vector_winter,3,20,120.0,v1000,-27.853078842163086,31.542007446289062,0,1038240,0.0
bred_vector_winter,3,20,120.0,z50,180743.53125,216056.65625,0,1038240,0.0
bred_vector_winter,3,20,120.0,z100,146599.296875,176370.0625,0,1038240,0.0
bred_vector_winter,3,20,120.0,z150,124260.5625,151207.609375,0,1038240,0.0
bred_vector_winter,3,20,120.0,z200,107152.703125,130369.03125,0,1038240,0.0
bred_vector_winter,3,20,120.0,z250,92993.2578125,114251.46875,0,1038240,0.0
bred_vector_winter,3,20,120.0,z300,81383.796875,100364.5,0,1038240,0.0
bred_vector_winter,3,20,120.0,z400,61733.97265625,78367.0703125,0,1038240,0.0
bred_vector_winter,3,20,120.0,z500,47439.97265625,61202.8671875,0,1038240,0.0
bred_vector_winter,3,20,120.0,z600,34656.99609375,46756.83984375,0,1038240,0.0
bred_vector_winter,3,20,120.0,z700,22989.19140625,34591.8359375,0,1038240,0.0
bred_vector_winter,3,20,120.0,z850,6464.52294921875,19288.486328125,0,1038240,0.0
bred_vector_winter,3,20,120.0,z925,-804.3671875,12334.255859375,0,1038240,0.0
bred_vector_winter,3,20,120.0,z1000,-7525.46923828125,5954.32666015625,0,1038240,0.0
bred_vector_winter,3,20,120.0,t50,138.8612060546875,270.286865234375,2687,1038240,0.0025880335953151487
bred_vector_winter,3,20,120.0,t100,136.5068817138672,280.2440490722656,1814,1038240,0.001747187548158422
bred_vector_winter,3,20,120.0,t150,147.33407592773438,276.27581787109375,377,1038240,0.00036311450146401603
bred_vector_winter,3,20,120.0,t200,189.50967407226562,284.2968444824219,0,1038240,0.0
bred_vector_winter,3,20,120.0,t250,201.57183837890625,296.304931640625,0,1038240,0.0
bred_vector_winter,3,20,120.0,t300,206.693115234375,289.4874267578125,0,1038240,0.0
bred_vector_winter,3,20,120.0,t400,217.6237335205078,289.3178405761719,0,1038240,0.0
bred_vector_winter,3,20,120.0,t500,215.57237243652344,294.6969909667969,0,1038240,0.0
bred_vector_winter,3,20,120.0,t600,222.23809814453125,306.53857421875,0,1038240,0.0
bred_vector_winter,3,20,120.0,t700,229.69419860839844,318.1363525390625,0,1038240,0.0
bred_vector_winter,3,20,120.0,t850,231.20623779296875,313.32220458984375,0,1038240,0.0
bred_vector_winter,3,20,120.0,t925,222.37022399902344,320.2155456542969,0,1038240,0.0
bred_vector_winter,3,20,120.0,t1000,200.786376953125,327.3849792480469,0,1038240,0.0
bred_vector_winter,3,20,120.0,q50,-5.956080713076517e-05,5.570513167185709e-05,416907,1038240,0.4015516643550624
bred_vector_winter,3,20,120.0,q100,-1.5645930034224875e-05,2.289514486619737e-05,371296,1038240,0.35762058868854985
bred_vector_winter,3,20,120.0,q150,-4.85735472466331e-05,0.0001222707942361012,287274,1038240,0.2766932501155802
bred_vector_winter,3,20,120.0,q200,-0.00021934857068117708,0.000735419918783009,232960,1038240,0.2243797195253506
bred_vector_winter,3,20,120.0,q250,-0.0009997953893616796,0.002163891913369298,206048,1038240,0.19845893049776545
bred_vector_winter,3,20,120.0,q300,-0.0010270990896970034,0.0036316656041890383,134061,1038240,0.12912332408691632
bred_vector_winter,3,20,120.0,q400,-0.0029715774580836296,0.010633801110088825,221376,1038240,0.21322237632917246
bred_vector_winter,3,20,120.0,q500,-0.00782235711812973,0.018540000542998314,165429,1038240,0.15933599167822468
bred_vector_winter,3,20,120.0,q600,-0.0201565008610487,0.0250021293759346,230955,1038240,0.22244856680536293
bred_vector_winter,3,20,120.0,q700,-0.029050353914499283,0.0382978580892086,271367,1038240,0.2613721297580521
bred_vector_winter,3,20,120.0,q850,-0.02820247784256935,0.03513903170824051,94815,1038240,0.09132281553398058
bred_vector_winter,3,20,120.0,q925,-0.022168250754475594,0.03832331299781799,54604,1038240,0.05259284943750963
bred_vector_winter,3,20,120.0,q1000,-0.023503702133893967,0.037235576659440994,42959,1038240,0.041376752966558794
