config,member,step,lead_time_hours,variable,min_value,max_value,n_bad_points,n_total_points,violating_fraction
bred_vector,0,0,0.0,u10m,-29.98059844970703,25.07940101623535,0,1038240,0.0
bred_vector,0,0,0.0,v10m,-27.66229820251465,25.987703323364258,0,1038240,0.0
bred_vector,0,0,0.0,u100m,-38.64726257324219,30.782737731933594,0,1038240,0.0
bred_vector,0,0,0.0,v100m,-33.108516693115234,32.41148376464844,0,1038240,0.0
bred_vector,0,0,0.0,t2m,203.00914001464844,317.2091369628906,0,1038240,0.0
bred_vector,0,0,0.0,sp,49593.44921875,104524.6484375,0,1038240,0.0
bred_vector,0,0,0.0,msl,93167.375,107762.9765625,0,1038240,0.0
bred_vector,0,0,0.0,tcwv,0.033688269555568695,80.67048645019531,0,1038240,0.0
bred_vector,0,0,0.0,u50,-32.53466796875,69.6953353881836,0,1038240,0.0
bred_vector,0,0,0.0,u100,-42.44437026977539,63.615631103515625,0,1038240,0.0
bred_vector,0,0,0.0,u150,-43.69473648071289,76.46526336669922,0,1038240,0.0
bred_vector,0,0,0.0,u200,-44.91203308105469,103.88796997070312,0,1038240,0.0
bred_vector,0,0,0.0,u250,-45.851261138916016,105.44873809814453,0,1038240,0.0
bred_vector,0,0,0.0,u300,-36.28936004638672,102.41063690185547,0,1038240,0.0
bred_vector,0,0,0.0,u400,-35.72868347167969,71.8713150024414,0,1038240,0.0
bred_vector,0,0,0.0,u500,-39.31422805786133,50.18577194213867,0,1038240,0.0
bred_vector,0,0,0.0,u600,-45.0154914855957,45.66450500488281,0,1038240,0.0
bred_vector,0,0,0.0,u700,-47.08867263793945,41.111328125,0,1038240,0.0
bred_vector,0,0,0.0,u850,-52.83549880981445,36.304500579833984,0,1038240,0.0
bred_vector,0,0,0.0,u925,-42.309513092041016,34.310489654541016,0,1038240,0.0
bred_vector,0,0,0.0,u1000,-29.00948715209961,24.660512924194336,0,1038240,0.0
bred_vector,0,0,0.0,v50,-28.3104305267334,37.03956985473633,0,1038240,0.0
bred_vector,0,0,0.0,v100,-31.289772033691406,41.980228424072266,0,1038240,0.0
bred_vector,0,0,0.0,v150,-39.73875427246094,46.22124481201172,0,1038240,0.0
bred_vector,0,0,0.0,v200,-56.7220573425293,65.07794189453125,0,1038240,0.0
bred_vector,0,0,0.0,v250,-63.08574295043945,62.81425857543945,0,1038240,0.0
bred_vector,0,0,0.0,v300,-54.844512939453125,65.45549011230469,0,1038240,0.0
bred_vector,0,0,0.0,v400,-59.89063262939453,63.009368896484375,0,1038240,0.0
bred_vector,0,0,0.0,v500,-50.19239807128906,56.80760192871094,0,1038240,0.0
bred_vector,0,0,0.0,v600,-45.045677185058594,40.0643196105957,0,1038240,0.0
bred_vector,0,0,0.0,v700,-36.78691101074219,42.36308670043945,0,1038240,0.0
bred_vector,0,0,0.0,v850,-42.88942337036133,34.960575103759766,0,1038240,0.0
bred_vector,0,0,0.0,v925,-37.343692779541016,37.056304931640625,0,1038240,0.0
bred_vector,0,0,0.0,v1000,-26.340137481689453,25.029863357543945,0,1038240,0.0
bred_vector,0,0,0.0,z50,178325.890625,207936.40625,0,1038240,0.0
bred_vector,0,0,0.0,z100,140693.140625,165755.734375,0,1038240,0.0
bred_vector,0,0,0.0,z150,117632.0390625,141996.15625,0,1038240,0.0
bred_vector,0,0,0.0,z200,100768.7421875,123884.2421875,0,1038240,0.0
bred_vector,0,0,0.0,z250,87459.671875,109026.765625,0,1038240,0.0
bred_vector,0,0,0.0,z300,76372.9453125,96320.9921875,0,1038240,0.0
bred_vector,0,0,0.0,z400,58395.84765625,75588.4609375,0,1038240,0.0
bred_vector,0,0,0.0,z500,43960.421875,58905.3671875,0,1038240,0.0
bred_vector,0,0,0.0,z600,31816.14453125,44789.28125,0,1038240,0.0
bred_vector,0,0,0.0,z700,21340.9609375,32460.98828125,0,1038240,0.0
bred_vector,0,0,0.0,z850,7071.60302734375,16482.923828125,0,1038240,0.0
bred_vector,0,0,0.0,z925,558.6236572265625,9957.2314453125,0,1038240,0.0
bred_vector,0,0,0.0,z1000,-5507.95556640625,4905.5556640625,0,1038240,0.0
bred_vector,0,0,0.0,t50,176.96493530273438,233.25494384765625,0,1038240,0.0
bred_vector,0,0,0.0,t100,185.84442138671875,235.84442138671875,0,1038240,0.0
bred_vector,0,0,0.0,t150,187.8889617919922,238.91896057128906,0,1038240,0.0
bred_vector,0,0,0.0,t200,190.15658569335938,241.17657470703125,0,1038240,0.0
bred_vector,0,0,0.0,t250,199.0135498046875,243.6435546875,0,1038240,0.0
bred_vector,0,0,0.0,t300,204.70855712890625,251.70855712890625,0,1038240,0.0
bred_vector,0,0,0.0,t400,216.0428466796875,266.5628662109375,0,1038240,0.0
bred_vector,0,0,0.0,t500,224.4999542236328,276.89996337890625,0,1038240,0.0
bred_vector,0,0,0.0,t600,204.55136108398438,287.2413635253906,0,1038240,0.0
bred_vector,0,0,0.0,t700,208.45738220214844,296.9873962402344,0,1038240,0.0
bred_vector,0,0,0.0,t850,216.30093383789062,309.6709289550781,0,1038240,0.0
bred_vector,0,0,0.0,t925,219.8119354248047,315.3219299316406,0,1038240,0.0
bred_vector,0,0,0.0,t1000,223.1019287109375,319.7119445800781,0,1038240,0.0
bred_vector,0,0,0.0,q50,9.999999717180685e-10,1.9450640138529707e-06,0,1038240,0.0
bred_vector,0,0,0.0,q100,1.000000082740371e-09,9.873159797280096e-06,0,1038240,0.0
bred_vector,0,0,0.0,q150,1.0000005268295808e-09,4.6891240344848484e-05,0,1038240,0.0
bred_vector,0,0,0.0,q200,9.999985284281365e-10,0.0002307913964614272,0,1038240,0.0
bred_vector,0,0,0.0,q250,1.000000304784976e-09,0.0007995401974767447,0,1038240,0.0
bred_vector,0,0,0.0,q300,9.999980843389267e-10,0.0018608650425449014,0,1038240,0.0
bred_vector,0,0,0.0,q400,9.999975292274144e-10,0.004661120939999819,0,1038240,0.0
bred_vector,0,0,0.0,q500,9.999941985583405e-10,0.007641600910574198,0,1038240,0.0
bred_vector,0,0,0.0,q600,1.0000007488741858e-09,0.012534401379525661,0,1038240,0.0
bred_vector,0,0,0.0,q700,9.999989725173464e-10,0.018419841304421425,0,1038240,0.0
bred_vector,0,0,0.0,q850,1.635912212805124e-06,0.028813155367970467,0,1038240,0.0
bred_vector,0,0,0.0,q925,4.967510903952643e-06,0.03459184616804123,0,1038240,0.0
bred_vector,0,0,0.0,q1000,6.670324182778131e-06,0.04069339111447334,0,1038240,0.0
bred_vector,0,1,6.0,u10m,-28.26662826538086,24.725343704223633,0,1038240,0.0
bred_vector,0,1,6.0,v10m,-18.348295211791992,25.409976959228516,0,1038240,0.0
bred_vector,0,1,6.0,u100m,-36.92644119262695,30.874807357788086,0,1038240,0.0
bred_vector,0,1,6.0,v100m,-24.574291229248047,33.9788818359375,0,1038240,0.0
bred_vector,0,1,6.0,t2m,201.16290283203125,315.77337646484375,0,1038240,0.0
bred_vector,0,1,6.0,sp,49429.72265625,104052.21875,0,1038240,0.0
bred_vector,0,1,6.0,msl,93364.265625,106022.015625,0,1038240,0.0
bred_vector,0,1,6.0,tcwv,-5.554573059082031,78.99384307861328,71863,1038240,0.06921617352442595
bred_vector,0,1,6.0,u50,-30.99331283569336,73.90312957763672,0,1038240,0.0
bred_vector,0,1,6.0,u100,-39.639732360839844,61.74380111694336,0,1038240,0.0
bred_vector,0,1,6.0,u150,-36.364349365234375,73.82738494873047,0,1038240,0.0
bred_vector,0,1,6.0,u200,-44.386146545410156,94.17500305175781,0,1038240,0.0
bred_vector,0,1,6.0,u250,-40.242340087890625,107.08670043945312,0,1038240,0.0
bred_vector,0,1,6.0,u300,-36.5831298828125,100.92613220214844,0,1038240,0.0
bred_vector,0,1,6.0,u400,-38.10851287841797,69.02294921875,0,1038240,0.0
bred_vector,0,1,6.0,u500,-33.671321868896484,54.1348876953125,0,1038240,0.0
bred_vector,0,1,6.0,u600,-39.60209655761719,43.45893859863281,0,1038240,0.0
bred_vector,0,1,6.0,u700,-40.23883819580078,37.83327865600586,0,1038240,0.0
bred_vector,0,1,6.0,u850,-46.781009674072266,36.94855880737305,0,1038240,0.0
bred_vector,0,1,6.0,u925,-43.35582733154297,33.70161819458008,0,1038240,0.0
bred_vector,0,1,6.0,u1000,-27.0113468170166,23.938142776489258,0,1038240,0.0
bred_vector,0,1,6.0,v50,-23.687562942504883,30.955883026123047,0,1038240,0.0
bred_vector,0,1,6.0,v100,-30.242816925048828,37.05029296875,0,1038240,0.0
bred_vector,0,1,6.0,v150,-32.545005798339844,41.01648712158203,0,1038240,0.0
bred_vector,0,1,6.0,v200,-45.699581146240234,53.78913497924805,0,1038240,0.0
bred_vector,0,1,6.0,v250,-55.91434860229492,62.798702239990234,0,1038240,0.0
bred_vector,0,1,6.0,v300,-48.57569122314453,65.55392456054688,0,1038240,0.0
bred_vector,0,1,6.0,v400,-49.647560119628906,62.94601821899414,0,1038240,0.0
bred_vector,0,1,6.0,v500,-45.10268783569336,49.73537063598633,0,1038240,0.0
bred_vector,0,1,6.0,v600,-35.023216247558594,35.91107177734375,0,1038240,0.0
bred_vector,0,1,6.0,v700,-30.072473526000977,34.23475646972656,0,1038240,0.0
bred_vector,0,1,6.0,v850,-34.2606315612793,36.72390365600586,0,1038240,0.0
bred_vector,0,1,6.0,v925,-34.349029541015625,32.49458694458008,0,1038240,0.0
bred_vector,0,1,6.0,v1000,-21.297121047973633,25.758255004882812,0,1038240,0.0
bred_vector,0,1,6.0,z50,178381.8125,207983.3125,0,1038240,0.0
bred_vector,0,1,6.0,z100,140675.75,165754.28125,0,1038240,0.0
bred_vector,0,1,6.0,z150,117538.3671875,142024.4375,0,1038240,0.0
bred_vector,0,1,6.0,z200,100703.2734375,123902.203125,0,1038240,0.0
bred_vector,0,1,6.0,z250,87383.34375,109060.5703125,0,1038240,0.0
bred_vector,0,1,6.0,z300,76289.1640625,96385.84375,0,1038240,0.0
bred_vector,0,1,6.0,z400,58355.328125,75593.2734375,0,1038240,0.0
bred_vector,0,1,6.0,z500,43971.22265625,58831.37890625,0,1038240,0.0
bred_vector,0,1,6.0,z600,31867.328125,44735.1484375,0,1038240,0.0
bred_vector,0,1,6.0,z700,21432.73046875,32360.15625,0,1038240,0.0
bred_vector,0,1,6.0,z850,7203.10400390625,16416.82421875,0,1038240,0.0
bred_vector,0,1,6.0,z925,738.5751953125,9321.6767578125,0,1038240,0.0
bred_vector,0,1,6.0,z1000,-5302.41162109375,3649.6826171875,0,1038240,0.0
bred_vector,0,1,6.0,t50,179.83154296875,233.6676483154297,0,1038240,0.0
bred_vector,0,1,6.0,t100,186.5077667236328,235.44126892089844,0,1038240,0.0
bred_vector,0,1,6.0,t150,188.92953491210938,238.73724365234375,0,1038240,0.0
bred_vector,0,1,6.0,t200,191.56875610351562,241.3602752685547,0,1038240,0.0
bred_vector,0,1,6.0,t250,199.23068237304688,243.1333770751953,0,1038240,0.0
bred_vector,0,1,6.0,t300,205.0389862060547,251.13470458984375,0,1038240,0.0
bred_vector,0,1,6.0,t400,215.11151123046875,264.9374084472656,0,1038240,0.0
bred_vector,0,1,6.0,t500,224.70770263671875,276.8890380859375,0,1038240,0.0
bred_vector,0,1,6.0,t600,214.51953125,289.6756286621094,0,1038240,0.0
bred_vector,0,1,6.0,t700,210.1229248046875,300.00384521484375,0,1038240,0.0
bred_vector,0,1,6.0,t850,217.85513305664062,312.0284118652344,0,1038240,0.0
bred_vector,0,1,6.0,t925,222.42501831054688,317.1992492675781,0,1038240,0.0
bred_vector,0,1,6.0,t1000,225.74368286132812,322.233154296875,0,1038240,0.0
bred_vector,0,1,6.0,q50,4.0225359043688513e-08,1.9511955997586483e-06,0,1038240,0.0
bred_vector,0,1,6.0,q100,1.0800135896715801e-07,9.330646207672544e-06,0,1038240,0.0
bred_vector,0,1,6.0,q150,6.372010830091313e-08,3.4251297620357946e-05,0,1038240,0.0
bred_vector,0,1,6.0,q200,-2.2600506781600416e-06,0.00021032935183029622,7430,1038240,0.007156341501001695
bred_vector,0,1,6.0,q250,-1.4107707102084532e-05,0.0006908549112267792,33336,1038240,0.032108183079056864
bred_vector,0,1,6.0,q300,-2.6113033527508378e-05,0.0016040903283283114,11135,1038240,0.010724880567113577
bred_vector,0,1,6.0,q400,-0.00011307830573059618,0.0044692386873066425,30081,1038240,0.028973069810448452
bred_vector,0,1,6.0,q500,-0.00016424315981566906,0.007303062826395035,8712,1038240,0.00839112343966713
bred_vector,0,1,6.0,q600,-0.0002337592886760831,0.009991299360990524,10765,1038240,0.010368508244721837
bred_vector,0,1,6.0,q700,-0.0006407457403838634,0.013610556721687317,28070,1038240,0.0270361380798274
bred_vector,0,1,6.0,q850,-0.0009649833664298058,0.018230805173516273,63996,1038240,0.061638927415626446
bred_vector,0,1,6.0,q925,-0.001624805387109518,0.020304976031184196,67712,1038240,0.06521806133456619
bred_vector,0,1,6.0,q1000,-0.0016579409129917622,0.024263590574264526,68408,1038240,0.06588842656803821
bred_vector,0,2,12.0,u10m,-24.63167953491211,22.683988571166992,0,1038240,0.0
bred_vector,0,2,12.0,v10m,-19.056657791137695,27.259506225585938,0,1038240,0.0
bred_vector,0,2,12.0,u100m,-32.437835693359375,28.44456672668457,0,1038240,0.0
bred_vector,0,2,12.0,v100m,-25.74309539794922,36.29791259765625,0,1038240,0.0
bred_vector,0,2,12.0,t2m,205.36285400390625,321.945556640625,0,1038240,0.0
bred_vector,0,2,12.0,sp,49203.0625,103868.3203125,0,1038240,0.0
bred_vector,0,2,12.0,msl,93640.90625,104244.5703125,0,1038240,0.0
bred_vector,0,2,12.0,tcwv,-5.963743209838867,77.52139282226562,73572,1038240,0.07086222838650023
bred_vector,0,2,12.0,u50,-29.69406509399414,75.33419036865234,0,1038240,0.0
bred_vector,0,2,12.0,u100,-39.417579650878906,64.45590209960938,0,1038240,0.0
bred_vector,0,2,12.0,u150,-34.242095947265625,72.1448745727539,0,1038240,0.0
bred_vector,0,2,12.0,u200,-44.21321105957031,89.13219451904297,0,1038240,0.0
bred_vector,0,2,12.0,u250,-40.32534408569336,100.9635009765625,0,1038240,0.0
bred_vector,0,2,12.0,u300,-40.87629699707031,91.8093032836914,0,1038240,0.0
bred_vector,0,2,12.0,u400,-41.234535217285156,71.69613647460938,0,1038240,0.0
bred_vector,0,2,12.0,u500,-36.49357986450195,56.88872528076172,0,1038240,0.0
bred_vector,0,2,12.0,u600,-36.76103591918945,43.285003662109375,0,1038240,0.0
bred_vector,0,2,12.0,u700,-38.5073356628418,39.211395263671875,0,1038240,0.0
bred_vector,0,2,12.0,u850,-42.931495666503906,37.081966400146484,0,1038240,0.0
bred_vector,0,2,12.0,u925,-41.2228889465332,34.475345611572266,0,1038240,0.0
bred_vector,0,2,12.0,u1000,-24.141632080078125,22.374244689941406,0,1038240,0.0
bred_vector,0,2,12.0,v50,-24.8616943359375,30.88040542602539,0,1038240,0.0
bred_vector,0,2,12.0,v100,-28.49932861328125,35.016632080078125,0,1038240,0.0
bred_vector,0,2,12.0,v150,-32.54144287109375,38.26191329956055,0,1038240,0.0
bred_vector,0,2,12.0,v200,-46.50296401977539,51.424400329589844,0,1038240,0.0
bred_vector,0,2,12.0,v250,-54.8858528137207,55.025062561035156,0,1038240,0.0
bred_vector,0,2,12.0,v300,-51.806453704833984,62.73646545410156,0,1038240,0.0
bred_vector,0,2,12.0,v400,-48.00126266479492,57.52073287963867,0,1038240,0.0
bred_vector,0,2,12.0,v500,-43.181427001953125,46.25382995605469,0,1038240,0.0
bred_vector,0,2,12.0,v600,-33.286712646484375,36.841548919677734,0,1038240,0.0
bred_vector,0,2,12.0,v700,-27.727201461791992,34.439693450927734,0,1038240,0.0
bred_vector,0,2,12.0,v850,-36.857513427734375,38.818878173828125,0,1038240,0.0
bred_vector,0,2,12.0,v925,-32.10883331298828,36.67573547363281,0,1038240,0.0
bred_vector,0,2,12.0,v1000,-19.76866912841797,28.057533264160156,0,1038240,0.0
bred_vector,0,2,12.0,z50,178425.3125,208132.046875,0,1038240,0.0
bred_vector,0,2,12.0,z100,140601.109375,165767.71875,0,1038240,0.0
bred_vector,0,2,12.0,z150,117500.1875,142046.609375,0,1038240,0.0
bred_vector,0,2,12.0,z200,100662.625,123892.1875,0,1038240,0.0
bred_vector,0,2,12.0,z250,87341.2421875,109062.3203125,0,1038240,0.0
bred_vector,0,2,12.0,z300,76238.71875,96355.875,0,1038240,0.0
bred_vector,0,2,12.0,z400,58364.21875,75480.828125,0,1038240,0.0
bred_vector,0,2,12.0,z500,44087.7578125,58903.60546875,0,1038240,0.0
bred_vector,0,2,12.0,z600,31994.970703125,44796.171875,0,1038240,0.0
bred_vector,0,2,12.0,z700,21556.119140625,32431.1171875,0,1038240,0.0
bred_vector,0,2,12.0,z850,7360.654296875,16491.619140625,0,1038240,0.0
bred_vector,0,2,12.0,z925,969.54541015625,9397.40625,0,1038240,0.0
bred_vector,0,2,12.0,z1000,-5071.58935546875,3096.43701171875,0,1038240,0.0
bred_vector,0,2,12.0,t50,180.73435974121094,234.05763244628906,0,1038240,0.0
bred_vector,0,2,12.0,t100,186.34329223632812,235.4652557373047,0,1038240,0.0
bred_vector,0,2,12.0,t150,188.22149658203125,238.62452697753906,0,1038240,0.0
bred_vector,0,2,12.0,t200,191.9323272705078,241.485107421875,0,1038240,0.0
bred_vector,0,2,12.0,t250,199.12103271484375,242.9459228515625,0,1038240,0.0
bred_vector,0,2,12.0,t300,204.8271484375,251.21499633789062,0,1038240,0.0
bred_vector,0,2,12.0,t400,214.71810913085938,265.0132141113281,0,1038240,0.0
bred_vector,0,2,12.0,t500,223.65162658691406,276.45135498046875,0,1038240,0.0
bred_vector,0,2,12.0,t600,217.67056274414062,290.3299865722656,0,1038240,0.0
bred_vector,0,2,12.0,t700,214.6513671875,302.19256591796875,0,1038240,0.0
bred_vector,0,2,12.0,t850,222.50567626953125,314.0937194824219,0,1038240,0.0
bred_vector,0,2,12.0,t925,226.85049438476562,319.78216552734375,0,1038240,0.0
bred_vector,0,2,12.0,t1000,230.6319580078125,324.8677673339844,0,1038240,0.0
bred_vector,0,2,12.0,q50,8.485653779644053e-08,1.959241217264207e-06,0,1038240,0.0
bred_vector,0,2,12.0,q100,2.667875378392637e-07,8.742030331632122e-06,0,1038240,0.0
bred_vector,0,2,12.0,q150,3.6976962292101234e-07,3.52549395756796e-05,0,1038240,0.0
bred_vector,0,2,12.0,q200,-2.756447429419495e-06,0.00020802393555641174,9652,1038240,0.009296501772229928
bred_vector,0,2,12.0,q250,-9.911320375977084e-06,0.0007063564844429493,38349,1038240,0.03693654646324549
bred_vector,0,2,12.0,q300,-1.2277188943699002e-05,0.00153423473238945,19211,1038240,0.018503428879642472
bred_vector,0,2,12.0,q400,-7.395376451313496e-05,0.004148497711867094,48370,1038240,0.04658845738942826
bred_vector,0,2,12.0,q500,-0.0001120157539844513,0.006989193614572287,25526,1038240,0.024585837571274465
bred_vector,0,2,12.0,q600,-0.0002304170047864318,0.010147817432880402,20414,1038240,0.019662120511635076
bred_vector,0,2,12.0,q700,-0.0006534510757774115,0.013357657939195633,54619,1038240,0.05260729696409308
bred_vector,0,2,12.0,q850,-0.0012465603649616241,0.017900627106428146,70587,1038240,0.06798717059639389
bred_vector,0,2,12.0,q925,-0.0015205289237201214,0.020125605165958405,73388,1038240,0.07068500539374326
bred_vector,0,2,12.0,q1000,-0.0017796200700104237,0.02522667497396469,73094,1038240,0.07040183387270765
bred_vector,0,3,18.0,u10m,-22.75889778137207,20.836395263671875,0,1038240,0.0
bred_vector,0,3,18.0,v10m,-19.845441818237305,26.773466110229492,0,1038240,0.0
bred_vector,0,3,18.0,u100m,-29.590038299560547,25.75139045715332,0,1038240,0.0
bred_vector,0,3,18.0,v100m,-25.642412185668945,36.57195281982422,0,1038240,0.0
bred_vector,0,3,18.0,t2m,206.3167724609375,320.8795166015625,0,1038240,0.0
bred_vector,0,3,18.0,sp,49166.3671875,103798.109375,0,1038240,0.0
bred_vector,0,3,18.0,msl,93883.8125,103938.9140625,0,1038240,0.0
bred_vector,0,3,18.0,tcwv,-5.101558685302734,77.45545959472656,73572,1038240,0.07086222838650023
bred_vector,0,3,18.0,u50,-29.240447998046875,76.20945739746094,0,1038240,0.0
bred_vector,0,3,18.0,u100,-37.244102478027344,65.86787414550781,0,1038240,0.0
bred_vector,0,3,18.0,u150,-32.91249084472656,74.45291137695312,0,1038240,0.0
bred_vector,0,3,18.0,u200,-40.92115020751953,86.29351043701172,0,1038240,0.0
bred_vector,0,3,18.0,u250,-37.48995590209961,101.04899597167969,0,1038240,0.0
bred_vector,0,3,18.0,u300,-39.115543365478516,97.71902465820312,0,1038240,0.0
bred_vector,0,3,18.0,u400,-37.67832946777344,71.58952331542969,0,1038240,0.0
bred_vector,0,3,18.0,u500,-34.5335578918457,58.22721862792969,0,1038240,0.0
bred_vector,0,3,18.0,u600,-32.902992248535156,45.48898696899414,0,1038240,0.0
bred_vector,0,3,18.0,u700,-34.03733825683594,39.04045867919922,0,1038240,0.0
bred_vector,0,3,18.0,u850,-36.35478973388672,35.62174606323242,0,1038240,0.0
bred_vector,0,3,18.0,u925,-36.856231689453125,32.01686477661133,0,1038240,0.0
bred_vector,0,3,18.0,u1000,-22.246217727661133,21.52625846862793,0,1038240,0.0
bred_vector,0,3,18.0,v50,-23.21405601501465,29.55408477783203,0,1038240,0.0
bred_vector,0,3,18.0,v100,-26.698583602905273,33.70105743408203,0,1038240,0.0
bred_vector,0,3,18.0,v150,-29.464670181274414,36.502464294433594,0,1038240,0.0
bred_vector,0,3,18.0,v200,-45.37077713012695,54.95509719848633,0,1038240,0.0
bred_vector,0,3,18.0,v250,-57.1181526184082,62.68858337402344,0,1038240,0.0
bred_vector,0,3,18.0,v300,-52.77499008178711,59.16200256347656,0,1038240,0.0
bred_vector,0,3,18.0,v400,-44.96057891845703,52.57611846923828,0,1038240,0.0
bred_vector,0,3,18.0,v500,-42.510108947753906,43.3453483581543,0,1038240,0.0
bred_vector,0,3,18.0,v600,-33.117759704589844,36.51829528808594,0,1038240,0.0
bred_vector,0,3,18.0,v700,-27.336721420288086,34.29627227783203,0,1038240,0.0
bred_vector,0,3,18.0,v850,-32.71282958984375,37.79958724975586,0,1038240,0.0
bred_vector,0,3,18.0,v925,-31.23782730102539,37.620487213134766,0,1038240,0.0
bred_vector,0,3,18.0,v1000,-20.67019271850586,27.404064178466797,0,1038240,0.0
bred_vector,0,3,18.0,z50,178364.59375,208026.84375,0,1038240,0.0
bred_vector,0,3,18.0,z100,140505.75,165755.703125,0,1038240,0.0
bred_vector,0,3,18.0,z150,117417.9765625,142009.5,0,1038240,0.0
bred_vector,0,3,18.0,z200,100615.4921875,123871.2265625,0,1038240,0.0
bred_vector,0,3,18.0,z250,87318.046875,109031.84375,0,1038240,0.0
bred_vector,0,3,18.0,z300,76233.15625,96387.7421875,0,1038240,0.0
bred_vector,0,3,18.0,z400,58392.1640625,75614.703125,0,1038240,0.0
bred_vector,0,3,18.0,z500,44144.34375,58856.78125,0,1038240,0.0
bred_vector,0,3,18.0,z600,32108.4609375,44696.90234375,0,1038240,0.0
bred_vector,0,3,18.0,z700,21648.76171875,32401.078125,0,1038240,0.0
bred_vector,0,3,18.0,z850,7493.36572265625,16458.3828125,0,1038240,0.0
bred_vector,0,3,18.0,z925,1167.32470703125,9416.931640625,0,1038240,0.0
bred_vector,0,3,18.0,z1000,-4780.74169921875,3016.40234375,0,1038240,0.0
bred_vector,0,3,18.0,t50,180.44265747070312,234.35751342773438,0,1038240,0.0
bred_vector,0,3,18.0,t100,186.37977600097656,235.3859100341797,0,1038240,0.0
bred_vector,0,3,18.0,t150,188.81300354003906,239.08558654785156,0,1038240,0.0
bred_vector,0,3,18.0,t200,192.62982177734375,241.7964324951172,0,1038240,0.0
bred_vector,0,3,18.0,t250,199.32684326171875,242.4601287841797,0,1038240,0.0
bred_vector,0,3,18.0,t300,204.73536682128906,250.66036987304688,0,1038240,0.0
bred_vector,0,3,18.0,t400,214.79324340820312,264.7555236816406,0,1038240,0.0
bred_vector,0,3,18.0,t500,223.2855682373047,276.767578125,0,1038240,0.0
bred_vector,0,3,18.0,t600,216.60836791992188,288.46844482421875,0,1038240,0.0
bred_vector,0,3,18.0,t700,215.436767578125,299.6343994140625,0,1038240,0.0
bred_vector,0,3,18.0,t850,223.75790405273438,310.33349609375,0,1038240,0.0
bred_vector,0,3,18.0,t925,227.81832885742188,316.83099365234375,0,1038240,0.0
bred_vector,0,3,18.0,t1000,231.50430297851562,321.9698791503906,0,1038240,0.0
bred_vector,0,3,18.0,q50,1.2880468602816109e-07,1.9686690393427853e-06,0,1038240,0.0
bred_vector,0,3,18.0,q100,3.991415269410936e-07,8.172139132511802e-06,0,1038240,0.0
bred_vector,0,3,18.0,q150,3.3531705412315205e-07,3.6804962292080745e-05,0,1038240,0.0
bred_vector,0,3,18.0,q200,-1.6774611140135676e-06,0.0002112554939230904,5729,1038240,0.005517991986438589
bred_vector,0,3,18.0,q250,-1.5080837329151109e-05,0.0006485458579845726,34104,1038240,0.03284789644012945
bred_vector,0,3,18.0,q300,-1.5704077668488026e-05,0.0015144519275054336,28133,1038240,0.027096817691477884
bred_vector,0,3,18.0,q400,-7.630229811184108e-05,0.004055245313793421,56813,1038240,0.05472048851903221
bred_vector,0,3,18.0,q500,-0.0001225915621034801,0.006949522998183966,40876,1038240,0.03937047310833718
bred_vector,0,3,18.0,q600,-0.00031697750091552734,0.009602718986570835,35743,1038240,0.034426529511480966
bred_vector,0,3,18.0,q700,-0.000734423054382205,0.013106845319271088,60746,1038240,0.05850862998921252
bred_vector,0,3,18.0,q850,-0.001195005141198635,0.018031185492873192,72769,1038240,0.07008880413006627
bred_vector,0,3,18.0,q925,-0.0014863749966025352,0.01987578347325325,75193,1038240,0.07242352442595161
bred_vector,0,3,18.0,q1000,-0.0015490413643419743,0.024602830410003662,73760,1038240,0.07104330405301279
bred_vector,0,4,24.0,u10m,-20.917194366455078,25.45136833190918,0,1038240,0.0
bred_vector,0,4,24.0,v10m,-19.721416473388672,25.55338478088379,0,1038240,0.0
bred_vector,0,4,24.0,u100m,-27.972076416015625,32.5674934387207,0,1038240,0.0
bred_vector,0,4,24.0,v100m,-26.21065902709961,34.56995391845703,0,1038240,0.0
bred_vector,0,4,24.0,t2m,205.80441284179688,319.51104736328125,0,1038240,0.0
bred_vector,0,4,24.0,sp,49046.63671875,103879.9375,0,1038240,0.0
bred_vector,0,4,24.0,msl,93893.953125,103863.3515625,0,1038240,0.0
bred_vector,0,4,24.0,tcwv,-4.607563018798828,75.87976837158203,72313,1038240,0.06964959932192942
bred_vector,0,4,24.0,u50,-29.716625213623047,77.6054458618164,0,1038240,0.0
bred_vector,0,4,24.0,u100,-37.615013122558594,65.92705535888672,0,1038240,0.0
bred_vector,0,4,24.0,u150,-31.637746810913086,73.64391326904297,0,1038240,0.0
bred_vector,0,4,24.0,u200,-37.446144104003906,85.67019653320312,0,1038240,0.0
bred_vector,0,4,24.0,u250,-36.50111770629883,96.27857971191406,0,1038240,0.0
bred_vector,0,4,24.0,u300,-38.976383209228516,93.82947540283203,0,1038240,0.0
bred_vector,0,4,24.0,u400,-35.79047393798828,72.43921661376953,0,1038240,0.0
bred_vector,0,4,24.0,u500,-30.368812561035156,62.87274932861328,0,1038240,0.0
bred_vector,0,4,24.0,u600,-30.034753799438477,51.09969711303711,0,1038240,0.0
bred_vector,0,4,24.0,u700,-31.62246322631836,41.607696533203125,0,1038240,0.0
bred_vector,0,4,24.0,u850,-36.18781280517578,35.333248138427734,0,1038240,0.0
bred_vector,0,4,24.0,u925,-34.67414093017578,35.86801528930664,0,1038240,0.0
bred_vector,0,4,24.0,u1000,-20.431760787963867,25.139568328857422,0,1038240,0.0
bred_vector,0,4,24.0,v50,-22.934934616088867,29.34223175048828,0,1038240,0.0
bred_vector,0,4,24.0,v100,-25.026094436645508,32.71303176879883,0,1038240,0.0
bred_vector,0,4,24.0,v150,-29.512609481811523,34.76947784423828,0,1038240,0.0
bred_vector,0,4,24.0,v200,-42.445064544677734,53.335357666015625,0,1038240,0.0
bred_vector,0,4,24.0,v250,-55.13445281982422,63.16233825683594,0,1038240,0.0
bred_vector,0,4,24.0,v300,-54.23842239379883,60.661895751953125,0,1038240,0.0
bred_vector,0,4,24.0,v400,-38.77946090698242,53.00190734863281,0,1038240,0.0
bred_vector,0,4,24.0,v500,-36.5388298034668,46.0913200378418,0,1038240,0.0
bred_vector,0,4,24.0,v600,-33.31260681152344,36.933876037597656,0,1038240,0.0
bred_vector,0,4,24.0,v700,-29.956241607666016,32.057132720947266,0,1038240,0.0
bred_vector,0,4,24.0,v850,-36.65741729736328,38.78407287597656,0,1038240,0.0
bred_vector,0,4,24.0,v925,-32.073265075683594,36.681880950927734,0,1038240,0.0
bred_vector,0,4,24.0,v1000,-20.378957748413086,26.2869815826416,0,1038240,0.0
bred_vector,0,4,24.0,z50,178282.921875,208038.75,0,1038240,0.0
bred_vector,0,4,24.0,z100,140450.34375,165511.640625,0,1038240,0.0
bred_vector,0,4,24.0,z150,117386.8125,141741.390625,0,1038240,0.0
bred_vector,0,4,24.0,z200,100595.2578125,123627.8203125,0,1038240,0.0
bred_vector,0,4,24.0,z250,87301.546875,108931.859375,0,1038240,0.0
bred_vector,0,4,24.0,z300,76199.046875,96398.125,0,1038240,0.0
bred_vector,0,4,24.0,z400,58367.57421875,75583.09375,0,1038240,0.0
bred_vector,0,4,24.0,z500,44144.39453125,58800.78125,0,1038240,0.0
bred_vector,0,4,24.0,z600,32159.912109375,44669.2734375,0,1038240,0.0
bred_vector,0,4,24.0,z700,21596.25,32390.37109375,0,1038240,0.0
bred_vector,0,4,24.0,z850,7355.69189453125,16492.4609375,0,1038240,0.0
bred_vector,0,4,24.0,z925,1074.4677734375,9512.21484375,0,1038240,0.0
bred_vector,0,4,24.0,z1000,-4791.412109375,3068.01806640625,0,1038240,0.0
bred_vector,0,4,24.0,t50,180.0303192138672,234.6508026123047,0,1038240,0.0
bred_vector,0,4,24.0,t100,186.5146484375,235.38568115234375,0,1038240,0.0
bred_vector,0,4,24.0,t150,188.56765747070312,239.3572235107422,0,1038240,0.0
bred_vector,0,4,24.0,t200,192.23849487304688,241.90878295898438,0,1038240,0.0
bred_vector,0,4,24.0,t250,199.6746826171875,242.63880920410156,0,1038240,0.0
bred_vector,0,4,24.0,t300,204.74929809570312,250.16761779785156,0,1038240,0.0
bred_vector,0,4,24.0,t400,214.6383056640625,264.619384765625,0,1038240,0.0
bred_vector,0,4,24.0,t500,222.8271484375,276.62127685546875,0,1038240,0.0
bred_vector,0,4,24.0,t600,217.0934295654297,286.6383361816406,0,1038240,0.0
bred_vector,0,4,24.0,t700,215.74066162109375,295.4066467285156,0,1038240,0.0
bred_vector,0,4,24.0,t850,224.3338623046875,308.165283203125,0,1038240,0.0
bred_vector,0,4,24.0,t925,228.18467712402344,313.81573486328125,0,1038240,0.0
bred_vector,0,4,24.0,t1000,231.87257385253906,318.2935485839844,0,1038240,0.0
bred_vector,0,4,24.0,q50,1.697510469966801e-07,1.9753165361180436e-06,0,1038240,0.0
bred_vector,0,4,24.0,q100,4.764326604345115e-07,7.67300934967352e-06,0,1038240,0.0
bred_vector,0,4,24.0,q150,-5.803758540423587e-08,3.535357245709747e-05,3,1038240,2.889505316689783e-06
bred_vector,0,4,24.0,q200,-1.429141775588505e-06,0.00019477208843454719,4921,1038240,0.00473975188781014
bred_vector,0,4,24.0,q250,-1.2783562851836905e-05,0.0006223827367648482,40805,1038240,0.039302088149175525
bred_vector,0,4,24.0,q300,-1.8117454601451755e-05,0.0014741343911737204,31123,1038240,0.0299766913237787
bred_vector,0,4,24.0,q400,-6.268353899940848e-05,0.004100874066352844,53525,1038240,0.05155359069194021
bred_vector,0,4,24.0,q500,-0.00012134184362366796,0.00690223416313529,44515,1038240,0.04287544305748189
bred_vector,0,4,24.0,q600,-0.00025674502830952406,0.009479974396526814,43285,1038240,0.04169074587763908
bred_vector,0,4,24.0,q700,-0.0006537095177918673,0.013035442680120468,59704,1038240,0.05750500847588226
bred_vector,0,4,24.0,q850,-0.0010119020007550716,0.018072044476866722,72156,1038240,0.06949838187702265
bred_vector,0,4,24.0,q925,-0.0012711919844150543,0.019603118300437927,74829,1038240,0.07207293111419324
bred_vector,0,4,24.0,q1000,-0.001388773787766695,0.02463974803686142,72898,1038240,0.07021305285868393
bred_vector,0,5,30.0,u10m,-21.71149444580078,27.016817092895508,0,1038240,0.0
bred_vector,0,5,30.0,v10m,-19.779186248779297,24.1138858795166,0,1038240,0.0
bred_vector,0,5,30.0,u100m,-29.05400276184082,34.12095642089844,0,1038240,0.0
bred_vector,0,5,30.0,v100m,-26.066762924194336,32.99931335449219,0,1038240,0.0
bred_vector,0,5,30.0,t2m,205.74844360351562,316.18450927734375,0,1038240,0.0
bred_vector,0,5,30.0,sp,49072.515625,103788.28125,0,1038240,0.0
bred_vector,0,5,30.0,msl,93969.5625,103797.0859375,0,1038240,0.0
bred_vector,0,5,30.0,tcwv,-4.130058288574219,75.21121978759766,70733,1038240,0.0681277931884728
bred_vector,0,5,30.0,u50,-30.319225311279297,77.09723663330078,0,1038240,0.0
bred_vector,0,5,30.0,u100,-38.03550338745117,68.66584777832031,0,1038240,0.0
bred_vector,0,5,30.0,u150,-30.393064498901367,73.16688537597656,0,1038240,0.0
bred_vector,0,5,30.0,u200,-37.570594787597656,85.42444610595703,0,1038240,0.0
bred_vector,0,5,30.0,u250,-33.46573257446289,93.52374267578125,0,1038240,0.0
bred_vector,0,5,30.0,u300,-37.42467498779297,91.71481323242188,0,1038240,0.0
bred_vector,0,5,30.0,u400,-34.37147521972656,75.02721405029297,0,1038240,0.0
bred_vector,0,5,30.0,u500,-30.877262115478516,60.9599494934082,0,1038240,0.0
bred_vector,0,5,30.0,u600,-29.28685188293457,49.4787712097168,0,1038240,0.0
bred_vector,0,5,30.0,u700,-35.627994537353516,40.05741882324219,0,1038240,0.0
bred_vector,0,5,30.0,u850,-38.30747604370117,39.31468963623047,0,1038240,0.0
bred_vector,0,5,30.0,u925,-35.180747985839844,36.404178619384766,0,1038240,0.0
bred_vector,0,5,30.0,u1000,-21.658950805664062,26.452539443969727,0,1038240,0.0
bred_vector,0,5,30.0,v50,-23.59062957763672,27.967533111572266,0,1038240,0.0
bred_vector,0,5,30.0,v100,-21.95770835876465,31.379308700561523,0,1038240,0.0
bred_vector,0,5,30.0,v150,-28.411693572998047,33.08298873901367,0,1038240,0.0
bred_vector,0,5,30.0,v200,-42.47712326049805,51.72807312011719,0,1038240,0.0
bred_vector,0,5,30.0,v250,-54.371971130371094,63.67271423339844,0,1038240,0.0
bred_vector,0,5,30.0,v300,-53.51603698730469,66.13902282714844,0,1038240,0.0
bred_vector,0,5,30.0,v400,-39.70134735107422,56.45737838745117,0,1038240,0.0
bred_vector,0,5,30.0,v500,-37.28642654418945,48.50705337524414,0,1038240,0.0
bred_vector,0,5,30.0,v600,-33.24876403808594,39.388301849365234,0,1038240,0.0
bred_vector,0,5,30.0,v700,-28.799392700195312,32.52214431762695,0,1038240,0.0
bred_vector,0,5,30.0,v850,-36.25537109375,38.75423812866211,0,1038240,0.0
bred_vector,0,5,30.0,v925,-30.859251022338867,31.939714431762695,0,1038240,0.0
bred_vector,0,5,30.0,v1000,-20.341773986816406,24.565027236938477,0,1038240,0.0
bred_vector,0,5,30.0,z50,178072.78125,208175.96875,0,1038240,0.0
bred_vector,0,5,30.0,z100,140335.25,165621.3125,0,1038240,0.0
bred_vector,0,5,30.0,z150,117312.875,141766.09375,0,1038240,0.0
bred_vector,0,5,30.0,z200,100544.890625,123667.1875,0,1038240,0.0
bred_vector,0,5,30.0,z250,87257.8828125,108939.84375,0,1038240,0.0
bred_vector,0,5,30.0,z300,76183.3125,96394.453125,0,1038240,0.0
bred_vector,0,5,30.0,z400,58362.3828125,75591.9765625,0,1038240,0.0
bred_vector,0,5,30.0,z500,44137.60546875,58647.421875,0,1038240,0.0
bred_vector,0,5,30.0,z600,31988.392578125,44514.7734375,0,1038240,0.0
bred_vector,0,5,30.0,z700,21274.240234375,32219.62109375,0,1038240,0.0
bred_vector,0,5,30.0,z850,7283.6142578125,16517.9140625,0,1038240,0.0
bred_vector,0,5,30.0,z925,1122.7177734375,9523.12890625,0,1038240,0.0
bred_vector,0,5,30.0,z1000,-4677.46142578125,3027.6923828125,0,1038240,0.0
bred_vector,0,5,30.0,t50,179.8109588623047,234.92864990234375,0,1038240,0.0
bred_vector,0,5,30.0,t100,186.2783660888672,235.23265075683594,0,1038240,0.0
bred_vector,0,5,30.0,t150,189.11053466796875,240.01864624023438,0,1038240,0.0
bred_vector,0,5,30.0,t200,192.11367797851562,242.1234893798828,0,1038240,0.0
bred_vector,0,5,30.0,t250,199.81578063964844,242.5130157470703,0,1038240,0.0
bred_vector,0,5,30.0,t300,204.80889892578125,250.23452758789062,0,1038240,0.0
bred_vector,0,5,30.0,t400,214.09217834472656,264.1508483886719,0,1038240,0.0
bred_vector,0,5,30.0,t500,222.83909606933594,276.0257568359375,0,1038240,0.0
bred_vector,0,5,30.0,t600,216.96939086914062,289.0409851074219,0,1038240,0.0
bred_vector,0,5,30.0,t700,215.1461639404297,300.839599609375,0,1038240,0.0
bred_vector,0,5,30.0,t850,223.910888671875,312.13201904296875,0,1038240,0.0
bred_vector,0,5,30.0,t925,227.73651123046875,317.29022216796875,0,1038240,0.0
bred_vector,0,5,30.0,t1000,231.31365966796875,322.4418640136719,0,1038240,0.0
bred_vector,0,5,30.0,q50,2.115789357048925e-07,1.982776211661985e-06,0,1038240,0.0
bred_vector,0,5,30.0,q100,5.700976544176228e-07,7.222646217996953e-06,0,1038240,0.0
bred_vector,0,5,30.0,q150,-4.4267926568863913e-07,3.5022592783207074e-05,63,1038240,6.0679611650485434e-05
bred_vector,0,5,30.0,q200,-2.2192452888702974e-06,0.0002028890303336084,7397,1038240,0.007124556942518108
bred_vector,0,5,30.0,q250,-1.5604204236296937e-05,0.0006366627640090883,32131,1038240,0.03094756511018647
bred_vector,0,5,30.0,q300,-2.065078297164291e-05,0.0015164284268394113,28539,1038240,0.027487864077669903
bred_vector,0,5,30.0,q400,-6.835826206952333e-05,0.004192057065665722,50365,1038240,0.04850997842502697
bred_vector,0,5,30.0,q500,-0.00011361984070390463,0.007218089420348406,40712,1038240,0.03921251348435814
bred_vector,0,5,30.0,q600,-0.00029274309054017067,0.010798525996506214,44128,1038240,0.04250269687162891
bred_vector,0,5,30.0,q700,-0.0005520053673535585,0.013304576277732849,61849,1038240,0.05957100477731546
bred_vector,0,5,30.0,q850,-0.000838790088891983,0.017994707450270653,70108,1038240,0.06752581291416243
bred_vector,0,5,30.0,q925,-0.0010583591647446156,0.020056303590536118,72473,1038240,0.06980370627215288
bred_vector,0,5,30.0,q1000,-0.0011323303915560246,0.023933596909046173,71211,1038240,0.06858818770226537
bred_vector,0,6,36.0,u10m,-22.132970809936523,23.299482345581055,0,1038240,0.0
bred_vector,0,6,36.0,v10m,-19.48523712158203,22.847206115722656,0,1038240,0.0
bred_vector,0,6,36.0,u100m,-29.32468032836914,29.09923553466797,0,1038240,0.0
bred_vector,0,6,36.0,v100m,-25.404306411743164,31.7803955078125,0,1038240,0.0
bred_vector,0,6,36.0,t2m,204.12667846679688,322.08502197265625,0,1038240,0.0
bred_vector,0,6,36.0,sp,49000.6484375,103833.609375,0,1038240,0.0
bred_vector,0,6,36.0,msl,94192.6875,103783.0,0,1038240,0.0
bred_vector,0,6,36.0,tcwv,-3.719867706298828,75.5044937133789,67034,1038240,0.0645650331329943
bred_vector,0,6,36.0,u50,-27.42876434326172,75.8682632446289,0,1038240,0.0
bred_vector,0,6,36.0,u100,-37.70653533935547,67.94447326660156,0,1038240,0.0
bred_vector,0,6,36.0,u150,-31.963117599487305,71.17867279052734,0,1038240,0.0
bred_vector,0,6,36.0,u200,-37.26325225830078,83.00004577636719,0,1038240,0.0
bred_vector,0,6,36.0,u250,-34.47074508666992,90.77217102050781,0,1038240,0.0
bred_vector,0,6,36.0,u300,-31.747379302978516,86.57569122314453,0,1038240,0.0
bred_vector,0,6,36.0,u400,-28.24733543395996,73.01483154296875,0,1038240,0.0
bred_vector,0,6,36.0,u500,-27.763275146484375,59.6470832824707,0,1038240,0.0
bred_vector,0,6,36.0,u600,-29.986486434936523,48.4382438659668,0,1038240,0.0
bred_vector,0,6,36.0,u700,-37.37109375,40.95806884765625,0,1038240,0.0
bred_vector,0,6,36.0,u850,-37.854408264160156,36.43061447143555,0,1038240,0.0
bred_vector,0,6,36.0,u925,-35.07291030883789,31.023197174072266,0,1038240,0.0
bred_vector,0,6,36.0,u1000,-21.839340209960938,23.246950149536133,0,1038240,0.0
bred_vector,0,6,36.0,v50,-25.393430709838867,27.560331344604492,0,1038240,0.0
bred_vector,0,6,36.0,v100,-21.453378677368164,29.022310256958008,0,1038240,0.0
bred_vector,0,6,36.0,v150,-29.067523956298828,32.701419830322266,0,1038240,0.0
bred_vector,0,6,36.0,v200,-40.6501579284668,47.994998931884766,0,1038240,0.0
bred_vector,0,6,36.0,v250,-50.556121826171875,54.300750732421875,0,1038240,0.0
bred_vector,0,6,36.0,v300,-54.707645416259766,53.91728591918945,0,1038240,0.0
bred_vector,0,6,36.0,v400,-45.78324508666992,53.82649230957031,0,1038240,0.0
bred_vector,0,6,36.0,v500,-37.62321090698242,45.88722610473633,0,1038240,0.0
bred_vector,0,6,36.0,v600,-30.042675018310547,38.60389709472656,0,1038240,0.0
bred_vector,0,6,36.0,v700,-26.067346572875977,31.22124481201172,0,1038240,0.0
bred_vector,0,6,36.0,v850,-32.5027961730957,37.788414001464844,0,1038240,0.0
bred_vector,0,6,36.0,v925,-31.155445098876953,31.004680633544922,0,1038240,0.0
bred_vector,0,6,36.0,v1000,-20.4096736907959,23.545185089111328,0,1038240,0.0
bred_vector,0,6,36.0,z50,177778.078125,208346.4375,0,1038240,0.0
bred_vector,0,6,36.0,z100,140343.4375,165804.75,0,1038240,0.0
bred_vector,0,6,36.0,z150,117383.15625,141954.921875,0,1038240,0.0
bred_vector,0,6,36.0,z200,100662.9375,123788.8125,0,1038240,0.0
bred_vector,0,6,36.0,z250,87421.1953125,108870.7109375,0,1038240,0.0
bred_vector,0,6,36.0,z300,76357.9609375,96253.5859375,0,1038240,0.0
bred_vector,0,6,36.0,z400,58530.4140625,75455.671875,0,1038240,0.0
bred_vector,0,6,36.0,z500,44135.0078125,58723.75,0,1038240,0.0
bred_vector,0,6,36.0,z600,31880.859375,44603.3828125,0,1038240,0.0
bred_vector,0,6,36.0,z700,21234.38671875,32268.96875,0,1038240,0.0
bred_vector,0,6,36.0,z850,7409.6572265625,16569.791015625,0,1038240,0.0
bred_vector,0,6,36.0,z925,1300.3046875,9576.146484375,0,1038240,0.0
bred_vector,0,6,36.0,z1000,-4471.5390625,3087.31396484375,0,1038240,0.0
bred_vector,0,6,36.0,t50,179.49038696289062,235.19728088378906,0,1038240,0.0
bred_vector,0,6,36.0,t100,185.99537658691406,235.69029235839844,0,1038240,0.0
bred_vector,0,6,36.0,t150,189.07444763183594,240.2223663330078,0,1038240,0.0
bred_vector,0,6,36.0,t200,192.00888061523438,241.98191833496094,0,1038240,0.0
bred_vector,0,6,36.0,t250,200.2344207763672,242.7882537841797,0,1038240,0.0
bred_vector,0,6,36.0,t300,204.64405822753906,251.33343505859375,0,1038240,0.0
bred_vector,0,6,36.0,t400,213.6080780029297,265.4929504394531,0,1038240,0.0
bred_vector,0,6,36.0,t500,222.52633666992188,276.8248291015625,0,1038240,0.0
bred_vector,0,6,36.0,t600,217.43362426757812,291.0350036621094,0,1038240,0.0
bred_vector,0,6,36.0,t700,215.04237365722656,303.3629455566406,0,1038240,0.0
bred_vector,0,6,36.0,t850,223.51712036132812,313.70947265625,0,1038240,0.0
bred_vector,0,6,36.0,t925,227.426025390625,318.6377868652344,0,1038240,0.0
bred_vector,0,6,36.0,t1000,231.00607299804688,323.59063720703125,0,1038240,0.0
bred_vector,0,6,36.0,q50,2.488977770553902e-07,1.9891083411494037e-06,0,1038240,0.0
bred_vector,0,6,36.0,q100,6.479251624114113e-07,6.820849648647709e-06,0,1038240,0.0
bred_vector,0,6,36.0,q150,1.771804818417877e-07,3.9006885344861075e-05,0,1038240,0.0
bred_vector,0,6,36.0,q200,-3.7297304515959695e-06,0.00021334897610358894,11502,1038240,0.011078363384188626
bred_vector,0,6,36.0,q250,-1.3802749890601262e-05,0.0006453224341385067,30906,1038240,0.02976768377253814
bred_vector,0,6,36.0,q300,-1.6538790077902377e-05,0.0014782900689169765,27401,1038240,0.02639177839420558
bred_vector,0,6,36.0,q400,-5.644679185934365e-05,0.003988725133240223,48969,1038240,0.047165395284327324
bred_vector,0,6,36.0,q500,-0.00010134920012205839,0.007915443740785122,36907,1038240,0.0355476575743566
bred_vector,0,6,36.0,q600,-0.00021642097271978855,0.009869061410427094,42271,1038240,0.04071409308059794
bred_vector,0,6,36.0,q700,-0.00048431288450956345,0.012852009385824203,56809,1038240,0.05471663584527662
bred_vector,0,6,36.0,q850,-0.0006326688453555107,0.018176821991801262,65809,1038240,0.06338515179534597
bred_vector,0,6,36.0,q925,-0.0007958114147186279,0.020159905776381493,67537,1038240,0.06504950685775929
bred_vector,0,6,36.0,q1000,-0.0009281770326197147,0.02565820701420307,67190,1038240,0.06471528740946217
bred_vector,0,7,42.0,u10m,-21.94186782836914,18.602632522583008,0,1038240,0.0
bred_vector,0,7,42.0,v10m,-20.331466674804688,23.66864013671875,0,1038240,0.0
bred_vector,0,7,42.0,u100m,-28.438690185546875,24.115659713745117,0,1038240,0.0
bred_vector,0,7,42.0,v100m,-27.385011672973633,32.626800537109375,0,1038240,0.0
bred_vector,0,7,42.0,t2m,202.6654052734375,321.0466613769531,0,1038240,0.0
bred_vector,0,7,42.0,sp,49104.9453125,103867.8359375,0,1038240,0.0
bred_vector,0,7,42.0,msl,94657.578125,103827.1640625,0,1038240,0.0
bred_vector,0,7,42.0,tcwv,-2.7529525756835938,76.8407974243164,61226,1038240,0.05897095083988288
bred_vector,0,7,42.0,u50,-27.991546630859375,75.67066955566406,0,1038240,0.0
bred_vector,0,7,42.0,u100,-33.94633483886719,67.02249145507812,0,1038240,0.0
bred_vector,0,7,42.0,u150,-30.924333572387695,70.41038513183594,0,1038240,0.0
bred_vector,0,7,42.0,u200,-37.868141174316406,81.59500885009766,0,1038240,0.0
bred_vector,0,7,42.0,u250,-35.897396087646484,87.04409790039062,0,1038240,0.0
bred_vector,0,7,42.0,u300,-32.44971466064453,85.19685363769531,0,1038240,0.0
bred_vector,0,7,42.0,u400,-24.49724769592285,69.9443588256836,0,1038240,0.0
bred_vector,0,7,42.0,u500,-26.782005310058594,59.724143981933594,0,1038240,0.0
bred_vector,0,7,42.0,u600,-32.80142593383789,48.802879333496094,0,1038240,0.0
bred_vector,0,7,42.0,u700,-39.57291793823242,40.73200988769531,0,1038240,0.0
bred_vector,0,7,42.0,u850,-37.376182556152344,35.4329948425293,0,1038240,0.0
bred_vector,0,7,42.0,u925,-36.297088623046875,30.60029411315918,0,1038240,0.0
bred_vector,0,7,42.0,u1000,-21.960790634155273,20.86015510559082,0,1038240,0.0
bred_vector,0,7,42.0,v50,-26.43909454345703,25.861984252929688,0,1038240,0.0
bred_vector,0,7,42.0,v100,-21.727130889892578,25.755308151245117,0,1038240,0.0
bred_vector,0,7,42.0,v150,-28.530241012573242,32.38082504272461,0,1038240,0.0
bred_vector,0,7,42.0,v200,-40.27671432495117,47.69972610473633,0,1038240,0.0
bred_vector,0,7,42.0,v250,-53.14247512817383,52.617958068847656,0,1038240,0.0
bred_vector,0,7,42.0,v300,-58.94460678100586,54.78640365600586,0,1038240,0.0
bred_vector,0,7,42.0,v400,-54.89338302612305,55.89350509643555,0,1038240,0.0
bred_vector,0,7,42.0,v500,-39.772586822509766,48.720802307128906,0,1038240,0.0
bred_vector,0,7,42.0,v600,-28.111618041992188,39.707157135009766,0,1038240,0.0
bred_vector,0,7,42.0,v700,-24.591896057128906,32.660614013671875,0,1038240,0.0
bred_vector,0,7,42.0,v850,-33.96984100341797,35.9310188293457,0,1038240,0.0
bred_vector,0,7,42.0,v925,-34.299583435058594,31.039478302001953,0,1038240,0.0
bred_vector,0,7,42.0,v1000,-20.53017234802246,24.38636589050293,0,1038240,0.0
bred_vector,0,7,42.0,z50,177525.890625,208246.796875,0,1038240,0.0
bred_vector,0,7,42.0,z100,140318.140625,165771.984375,0,1038240,0.0
bred_vector,0,7,42.0,z150,117450.734375,141869.1875,0,1038240,0.0
bred_vector,0,7,42.0,z200,100796.1328125,123717.921875,0,1038240,0.0
bred_vector,0,7,42.0,z250,87601.25,108900.8046875,0,1038240,0.0
bred_vector,0,7,42.0,z300,76563.2578125,96392.96875,0,1038240,0.0
bred_vector,0,7,42.0,z400,58697.03515625,75591.921875,0,1038240,0.0
bred_vector,0,7,42.0,z500,44249.8984375,58723.9921875,0,1038240,0.0
bred_vector,0,7,42.0,z600,32054.51171875,44522.4375,0,1038240,0.0
bred_vector,0,7,42.0,z700,21463.6875,32293.25390625,0,1038240,0.0
bred_vector,0,7,42.0,z850,7726.7490234375,16584.3203125,0,1038240,0.0
bred_vector,0,7,42.0,z925,1646.13818359375,9590.3154296875,0,1038240,0.0
bred_vector,0,7,42.0,z1000,-4094.07080078125,3115.46875,0,1038240,0.0
bred_vector,0,7,42.0,t50,179.8211669921875,235.57220458984375,0,1038240,0.0
bred_vector,0,7,42.0,t100,186.2761993408203,235.93264770507812,0,1038240,0.0
bred_vector,0,7,42.0,t150,189.25692749023438,241.1226806640625,0,1038240,0.0
bred_vector,0,7,42.0,t200,192.1251983642578,242.03634643554688,0,1038240,0.0
bred_vector,0,7,42.0,t250,199.79345703125,243.1295166015625,0,1038240,0.0
bred_vector,0,7,42.0,t300,204.8927764892578,249.8478240966797,0,1038240,0.0
bred_vector,0,7,42.0,t400,213.84954833984375,264.4804992675781,0,1038240,0.0
bred_vector,0,7,42.0,t500,221.8052978515625,275.6808776855469,0,1038240,0.0
bred_vector,0,7,42.0,t600,215.56936645507812,288.592529296875,0,1038240,0.0
bred_vector,0,7,42.0,t700,214.48211669921875,299.1353759765625,0,1038240,0.0
bred_vector,0,7,42.0,t850,224.8916778564453,310.1998291015625,0,1038240,0.0
bred_vector,0,7,42.0,t925,228.67637634277344,315.9730224609375,0,1038240,0.0
bred_vector,0,7,42.0,t1000,232.42929077148438,321.0892639160156,0,1038240,0.0
bred_vector,0,7,42.0,q50,2.8405133889464196e-07,1.997025492528337e-06,0,1038240,0.0
bred_vector,0,7,42.0,q100,7.093042313499609e-07,6.409571142285131e-06,0,1038240,0.0
bred_vector,0,7,42.0,q150,3.8281723391264677e-07,3.8054098695283756e-05,0,1038240,0.0
bred_vector,0,7,42.0,q200,-4.057323167216964e-06,0.0002128596097463742,12675,1038240,0.012208159963014331
bred_vector,0,7,42.0,q250,-1.370908648823388e-05,0.0006464270991273224,26005,1038240,0.025047195253505933
bred_vector,0,7,42.0,q300,-2.1027139155194163e-05,0.0014349335106089711,27669,1038240,0.026649907535829867
bred_vector,0,7,42.0,q400,-6.278615910559893e-05,0.004203618969768286,45025,1038240,0.04336665896131916
bred_vector,0,7,42.0,q500,-9.121495531871915e-05,0.007443426642566919,29260,1038240,0.028182308522114348
bred_vector,0,7,42.0,q600,-0.0002548986813053489,0.00951139535754919,33473,1038240,0.0322401371551857
bred_vector,0,7,42.0,q700,-0.00045926659367978573,0.01287977583706379,53403,1038240,0.051436084142394825
bred_vector,0,7,42.0,q850,-0.0005438318476080894,0.018216725438833237,58560,1038240,0.05640314378178456
bred_vector,0,7,42.0,q925,-0.0007316088303923607,0.019708391278982162,63259,1038240,0.06092907227615965
bred_vector,0,7,42.0,q1000,-0.0008182558231055737,0.024858996272087097,62065,1038240,0.05977904916011712
bred_vector,0,8,48.0,u10m,-23.269380569458008,20.360130310058594,0,1038240,0.0
bred_vector,0,8,48.0,v10m,-24.07297706604004,23.01742935180664,0,1038240,0.0
bred_vector,0,8,48.0,u100m,-29.66024398803711,26.093503952026367,0,1038240,0.0
bred_vector,0,8,48.0,v100m,-31.891345977783203,32.0821647644043,0,1038240,0.0
bred_vector,0,8,48.0,t2m,201.46743774414062,320.2019958496094,0,1038240,0.0
bred_vector,0,8,48.0,sp,48955.87109375,103880.1484375,0,1038240,0.0
bred_vector,0,8,48.0,msl,94919.9140625,103833.4140625,0,1038240,0.0
bred_vector,0,8,48.0,tcwv,-2.6006603240966797,77.08879089355469,56364,1038240,0.05428802588996764
bred_vector,0,8,48.0,u50,-28.576080322265625,73.10050964355469,0,1038240,0.0
bred_vector,0,8,48.0,u100,-34.21907424926758,64.93463134765625,0,1038240,0.0
bred_vector,0,8,48.0,u150,-31.8406925201416,68.49323272705078,0,1038240,0.0
bred_vector,0,8,48.0,u200,-40.700218200683594,79.90088653564453,0,1038240,0.0
bred_vector,0,8,48.0,u250,-36.04273986816406,84.66120910644531,0,1038240,0.0
bred_vector,0,8,48.0,u300,-36.51304626464844,81.74260711669922,0,1038240,0.0
bred_vector,0,8,48.0,u400,-32.809173583984375,67.98973083496094,0,1038240,0.0
bred_vector,0,8,48.0,u500,-26.064289093017578,58.951236724853516,0,1038240,0.0
bred_vector,0,8,48.0,u600,-28.13474464416504,49.753334045410156,0,1038240,0.0
bred_vector,0,8,48.0,u700,-37.114986419677734,40.63144302368164,0,1038240,0.0
bred_vector,0,8,48.0,u850,-38.423160552978516,34.40220642089844,0,1038240,0.0
bred_vector,0,8,48.0,u925,-35.8642463684082,31.374181747436523,0,1038240,0.0
bred_vector,0,8,48.0,u1000,-23.229820251464844,20.61588478088379,0,1038240,0.0
bred_vector,0,8,48.0,v50,-26.25051498413086,24.509822845458984,0,1038240,0.0
bred_vector,0,8,48.0,v100,-22.222515106201172,22.66226577758789,0,1038240,0.0
bred_vector,0,8,48.0,v150,-27.47273826599121,32.64603805541992,0,1038240,0.0
bred_vector,0,8,48.0,v200,-45.95158004760742,45.32463836669922,0,1038240,0.0
bred_vector,0,8,48.0,v250,-52.89139175415039,47.56272888183594,0,1038240,0.0
bred_vector,0,8,48.0,v300,-57.851158142089844,55.96025466918945,0,1038240,0.0
bred_vector,0,8,48.0,v400,-55.6840705871582,55.19140625,0,1038240,0.0
bred_vector,0,8,48.0,v500,-42.467140197753906,48.266563415527344,0,1038240,0.0
bred_vector,0,8,48.0,v600,-29.60890769958496,38.9727897644043,0,1038240,0.0
bred_vector,0,8,48.0,v700,-26.188556671142578,32.62063217163086,0,1038240,0.0
bred_vector,0,8,48.0,v850,-37.718177795410156,35.216548919677734,0,1038240,0.0
bred_vector,0,8,48.0,v925,-35.411258697509766,31.034730911254883,0,1038240,0.0
bred_vector,0,8,48.0,v1000,-24.49220848083496,23.661935806274414,0,1038240,0.0
bred_vector,0,8,48.0,z50,177227.421875,208247.828125,0,1038240,0.0
bred_vector,0,8,48.0,z100,140360.984375,165661.71875,0,1038240,0.0
bred_vector,0,8,48.0,z150,117617.6796875,141655.15625,0,1038240,0.0
bred_vector,0,8,48.0,z200,100984.6796875,123636.5390625,0,1038240,0.0
bred_vector,0,8,48.0,z250,87778.421875,109002.078125,0,1038240,0.0
bred_vector,0,8,48.0,z300,76744.6953125,96461.96875,0,1038240,0.0
bred_vector,0,8,48.0,z400,58820.23046875,75573.546875,0,1038240,0.0
bred_vector,0,8,48.0,z500,44393.5390625,58801.54296875,0,1038240,0.0
bred_vector,0,8,48.0,z600,32217.1953125,44595.265625,0,1038240,0.0
bred_vector,0,8,48.0,z700,21638.80859375,32362.83984375,0,1038240,0.0
bred_vector,0,8,48.0,z850,7915.1357421875,16616.251953125,0,1038240,0.0
bred_vector,0,8,48.0,z925,1847.662109375,9600.02734375,0,1038240,0.0
bred_vector,0,8,48.0,z1000,-3874.3125,3118.68408203125,0,1038240,0.0
bred_vector,0,8,48.0,t50,179.98785400390625,235.70169067382812,0,1038240,0.0
bred_vector,0,8,48.0,t100,186.71026611328125,236.33778381347656,0,1038240,0.0
bred_vector,0,8,48.0,t150,190.11892700195312,241.36732482910156,0,1038240,0.0
bred_vector,0,8,48.0,t200,192.32989501953125,241.7529296875,0,1038240,0.0
bred_vector,0,8,48.0,t250,199.4614715576172,243.6459197998047,0,1038240,0.0
bred_vector,0,8,48.0,t300,204.694091796875,250.23472595214844,0,1038240,0.0
bred_vector,0,8,48.0,t400,214.44802856445312,264.4364318847656,0,1038240,0.0
bred_vector,0,8,48.0,t500,221.51303100585938,275.6092834472656,0,1038240,0.0
bred_vector,0,8,48.0,t600,212.08209228515625,286.54681396484375,0,1038240,0.0
bred_vector,0,8,48.0,t700,214.2127227783203,295.7898254394531,0,1038240,0.0
bred_vector,0,8,48.0,t850,223.79287719726562,308.6041564941406,0,1038240,0.0
bred_vector,0,8,48.0,t925,227.57516479492188,314.3842468261719,0,1038240,0.0
bred_vector,0,8,48.0,t1000,231.3575439453125,318.9427490234375,0,1038240,0.0
bred_vector,0,8,48.0,q50,3.22091636917321e-07,2.0050226794410264e-06,0,1038240,0.0
bred_vector,0,8,48.0,q100,7.811966042936547e-07,6.078947080823127e-06,0,1038240,0.0
bred_vector,0,8,48.0,q150,2.2314816305879503e-07,3.398639819351956e-05,0,1038240,0.0
bred_vector,0,8,48.0,q200,-4.129926310270093e-06,0.00019423470075707883,12310,1038240,0.011856603482817075
bred_vector,0,8,48.0,q250,-1.104078910429962e-05,0.0006339395768009126,23615,1038240,0.022745222684543074
bred_vector,0,8,48.0,q300,-2.8868933441117406e-05,0.0014783750521019101,22784,1038240,0.021944829711820005
bred_vector,0,8,48.0,q400,-6.158280302770436e-05,0.004341329447925091,38541,1038240,0.03712147480351364
bred_vector,0,8,48.0,q500,-0.00011366652324795723,0.007152688689529896,31792,1038240,0.030621051009400525
bred_vector,0,8,48.0,q600,-0.00020417245104908943,0.009577627293765545,28819,1038240,0.027757551240560948
bred_vector,0,8,48.0,q700,-0.0003782752901315689,0.012879755347967148,45643,1038240,0.04396189705655725
bred_vector,0,8,48.0,q850,-0.0005588908679783344,0.018215881660580635,51275,1038240,0.04938646170442287
bred_vector,0,8,48.0,q925,-0.0006445734761655331,0.01953912526369095,54760,1038240,0.0527431037139775
bred_vector,0,8,48.0,q1000,-0.0008433735929429531,0.024845093488693237,55667,1038240,0.05361669748805671
bred_vector,0,9,54.0,u10m,-22.316370010375977,21.400712966918945,0,1038240,0.0
bred_vector,0,9,54.0,v10m,-20.129589080810547,22.984508514404297,0,1038240,0.0
bred_vector,0,9,54.0,u100m,-28.916637420654297,27.767780303955078,0,1038240,0.0
bred_vector,0,9,54.0,v100m,-26.454143524169922,29.793243408203125,0,1038240,0.0
bred_vector,0,9,54.0,t2m,200.0710906982422,315.7739562988281,0,1038240,0.0
bred_vector,0,9,54.0,sp,49011.41015625,103854.546875,0,1038240,0.0
bred_vector,0,9,54.0,msl,95096.734375,103801.828125,0,1038240,0.0
bred_vector,0,9,54.0,tcwv,-2.220104217529297,78.44709777832031,49020,1038240,0.04721451687471105
bred_vector,0,9,54.0,u50,-30.790531158447266,72.24613952636719,0,1038240,0.0
bred_vector,0,9,54.0,u100,-33.4671516418457,63.424530029296875,0,1038240,0.0
bred_vector,0,9,54.0,u150,-32.94805145263672,67.55609893798828,0,1038240,0.0
bred_vector,0,9,54.0,u200,-39.82048034667969,81.31107330322266,0,1038240,0.0
bred_vector,0,9,54.0,u250,-35.17023849487305,82.01799011230469,0,1038240,0.0
bred_vector,0,9,54.0,u300,-36.85823059082031,77.27205657958984,0,1038240,0.0
bred_vector,0,9,54.0,u400,-34.79131317138672,63.165618896484375,0,1038240,0.0
bred_vector,0,9,54.0,u500,-26.16469955444336,54.28226089477539,0,1038240,0.0
bred_vector,0,9,54.0,u600,-28.55034828186035,45.17289352416992,0,1038240,0.0
bred_vector,0,9,54.0,u700,-32.4520149230957,36.12060546875,0,1038240,0.0
bred_vector,0,9,54.0,u850,-38.012454986572266,33.0816764831543,0,1038240,0.0
bred_vector,0,9,54.0,u925,-36.611907958984375,34.45677947998047,0,1038240,0.0
bred_vector,0,9,54.0,u1000,-23.217426300048828,21.71506690979004,0,1038240,0.0
bred_vector,0,9,54.0,v50,-24.54950714111328,21.894882202148438,0,1038240,0.0
bred_vector,0,9,54.0,v100,-23.722082138061523,21.143571853637695,0,1038240,0.0
bred_vector,0,9,54.0,v150,-29.184335708618164,31.14800262451172,0,1038240,0.0
bred_vector,0,9,54.0,v200,-43.9315299987793,45.24760055541992,0,1038240,0.0
bred_vector,0,9,54.0,v250,-52.166587829589844,50.30107498168945,0,1038240,0.0
bred_vector,0,9,54.0,v300,-54.981868743896484,57.03443145751953,0,1038240,0.0
bred_vector,0,9,54.0,v400,-48.51835632324219,57.840362548828125,0,1038240,0.0
bred_vector,0,9,54.0,v500,-43.64825439453125,51.18163299560547,0,1038240,0.0
bred_vector,0,9,54.0,v600,-32.88499069213867,39.06575012207031,0,1038240,0.0
bred_vector,0,9,54.0,v700,-28.479785919189453,35.2551383972168,0,1038240,0.0
bred_vector,0,9,54.0,v850,-33.17165756225586,36.72772216796875,0,1038240,0.0
bred_vector,0,9,54.0,v925,-31.725046157836914,36.82398223876953,0,1038240,0.0
bred_vector,0,9,54.0,v1000,-20.67896842956543,23.628578186035156,0,1038240,0.0
bred_vector,0,9,54.0,z50,176973.828125,208367.0,0,1038240,0.0
bred_vector,0,9,54.0,z100,140336.328125,165838.140625,0,1038240,0.0
bred_vector,0,9,54.0,z150,117640.921875,141902.625,0,1038240,0.0
bred_vector,0,9,54.0,z200,100933.4375,123804.0625,0,1038240,0.0
bred_vector,0,9,54.0,z250,87747.59375,109022.4453125,0,1038240,0.0
bred_vector,0,9,54.0,z300,76716.8125,96496.328125,0,1038240,0.0
bred_vector,0,9,54.0,z400,58759.9765625,75632.359375,0,1038240,0.0
bred_vector,0,9,54.0,z500,44360.796875,58782.5234375,0,1038240,0.0
bred_vector,0,9,54.0,z600,32208.73828125,44585.3671875,0,1038240,0.0
bred_vector,0,9,54.0,z700,21684.41015625,32340.736328125,0,1038240,0.0
bred_vector,0,9,54.0,z850,8019.5908203125,16581.15234375,0,1038240,0.0
bred_vector,0,9,54.0,z925,1981.6826171875,9556.4072265625,0,1038240,0.0
bred_vector,0,9,54.0,z1000,-3715.314453125,3082.38818359375,0,1038240,0.0
bred_vector,0,9,54.0,t50,180.21913146972656,235.83340454101562,0,1038240,0.0
bred_vector,0,9,54.0,t100,186.95028686523438,236.60604858398438,0,1038240,0.0
bred_vector,0,9,54.0,t150,190.5070343017578,241.82339477539062,0,1038240,0.0
bred_vector,0,9,54.0,t200,192.8318634033203,241.62496948242188,0,1038240,0.0
bred_vector,0,9,54.0,t250,199.91366577148438,243.63555908203125,0,1038240,0.0
bred_vector,0,9,54.0,t300,203.52725219726562,251.0033416748047,0,1038240,0.0
bred_vector,0,9,54.0,t400,213.6504364013672,264.6889343261719,0,1038240,0.0
bred_vector,0,9,54.0,t500,220.0083465576172,275.9632568359375,0,1038240,0.0
bred_vector,0,9,54.0,t600,210.19903564453125,288.5321044921875,0,1038240,0.0
bred_vector,0,9,54.0,t700,212.15585327148438,299.93292236328125,0,1038240,0.0
bred_vector,0,9,54.0,t850,222.02796936035156,311.8040466308594,0,1038240,0.0
bred_vector,0,9,54.0,t925,225.8137969970703,316.65740966796875,0,1038240,0.0
bred_vector,0,9,54.0,t1000,229.4046173095703,321.7862548828125,0,1038240,0.0
bred_vector,0,9,54.0,q50,3.6068558983970433e-07,2.0126728941249894e-06,0,1038240,0.0
bred_vector,0,9,54.0,q100,8.636569646114367e-07,5.781103027402423e-06,0,1038240,0.0
bred_vector,0,9,54.0,q150,-5.489437171490863e-08,3.5151057090843096e-05,73,1038240,7.031129603945137e-05
bred_vector,0,9,54.0,q200,-6.150436092866585e-06,0.0002113323862431571,10152,1038240,0.009778085991678225
bred_vector,0,9,54.0,q250,-1.3588196452474222e-05,0.0006953076808713377,20050,1038240,0.019311527199876714
bred_vector,0,9,54.0,q300,-2.412270987406373e-05,0.001581369200721383,19830,1038240,0.019099630143319463
bred_vector,0,9,54.0,q400,-6.03503140155226e-05,0.00437864800915122,36355,1038240,0.035015988596085686
bred_vector,0,9,54.0,q500,-0.00013210519682615995,0.007840447127819061,26667,1038240,0.025684812760055478
bred_vector,0,9,54.0,q600,-0.00017609656788408756,0.011011367663741112,21861,1038240,0.021055825242718446
bred_vector,0,9,54.0,q700,-0.0004543506074696779,0.013197602704167366,44398,1038240,0.04276275235013099
bred_vector,0,9,54.0,q850,-0.0005718083120882511,0.018307900056242943,48839,1038240,0.04704018338727076
bred_vector,0,9,54.0,q925,-0.0006123315542936325,0.020510779693722725,56068,1038240,0.05400292803205425
bred_vector,0,9,54.0,q1000,-0.0006207735277712345,0.024745618924498558,54800,1038240,0.05278163045153336
bred_vector,0,10,60.0,u10m,-24.264076232910156,20.875858306884766,0,1038240,0.0
bred_vector,0,10,60.0,v10m,-20.094833374023438,23.147830963134766,0,1038240,0.0
bred_vector,0,10,60.0,u100m,-31.101791381835938,26.813819885253906,0,1038240,0.0
bred_vector,0,10,60.0,v100m,-26.01957130432129,29.430343627929688,0,1038240,0.0
bred_vector,0,10,60.0,t2m,200.30552673339844,321.6271057128906,0,1038240,0.0
bred_vector,0,10,60.0,sp,48971.6953125,103892.703125,0,1038240,0.0
bred_vector,0,10,60.0,msl,95220.140625,103841.59375,0,1038240,0.0
bred_vector,0,10,60.0,tcwv,-2.3933067321777344,78.9484634399414,40773,1038240,0.039271266759130834
bred_vector,0,10,60.0,u50,-29.167850494384766,69.68124389648438,0,1038240,0.0
bred_vector,0,10,60.0,u100,-32.79086685180664,60.101470947265625,0,1038240,0.0
bred_vector,0,10,60.0,u150,-31.875349044799805,67.23529052734375,0,1038240,0.0
bred_vector,0,10,60.0,u200,-36.201011657714844,82.67559814453125,0,1038240,0.0
bred_vector,0,10,60.0,u250,-33.59458541870117,79.01741027832031,0,1038240,0.0
bred_vector,0,10,60.0,u300,-29.624927520751953,76.87681579589844,0,1038240,0.0
bred_vector,0,10,60.0,u400,-28.205373764038086,64.24644470214844,0,1038240,0.0
bred_vector,0,10,60.0,u500,-28.09915542602539,53.0040283203125,0,1038240,0.0
bred_vector,0,10,60.0,u600,-29.955556869506836,43.0086555480957,0,1038240,0.0
bred_vector,0,10,60.0,u700,-35.77786636352539,35.71703338623047,0,1038240,0.0
bred_vector,0,10,60.0,u850,-40.63029861450195,30.77976417541504,0,1038240,0.0
bred_vector,0,10,60.0,u925,-36.800655364990234,32.823997497558594,0,1038240,0.0
bred_vector,0,10,60.0,u1000,-24.121986389160156,21.55070686340332,0,1038240,0.0
bred_vector,0,10,60.0,v50,-24.393985748291016,21.29648780822754,0,1038240,0.0
bred_vector,0,10,60.0,v100,-25.3895320892334,22.69675636291504,0,1038240,0.0
bred_vector,0,10,60.0,v150,-31.374303817749023,33.2540168762207,0,1038240,0.0
bred_vector,0,10,60.0,v200,-47.61839294433594,43.65334701538086,0,1038240,0.0
bred_vector,0,10,60.0,v250,-55.29203414916992,51.591888427734375,0,1038240,0.0
bred_vector,0,10,60.0,v300,-57.188873291015625,57.690643310546875,0,1038240,0.0
bred_vector,0,10,60.0,v400,-51.34061050415039,56.582725524902344,0,1038240,0.0
bred_vector,0,10,60.0,v500,-44.09587097167969,49.463645935058594,0,1038240,0.0
bred_vector,0,10,60.0,v600,-34.029624938964844,38.61102294921875,0,1038240,0.0
bred_vector,0,10,60.0,v700,-27.797752380371094,34.782554626464844,0,1038240,0.0
bred_vector,0,10,60.0,v850,-31.65796661376953,34.58765411376953,0,1038240,0.0
bred_vector,0,10,60.0,v925,-33.37458038330078,35.83333969116211,0,1038240,0.0
bred_vector,0,10,60.0,v1000,-21.587291717529297,23.677265167236328,0,1038240,0.0
bred_vector,0,10,60.0,z50,176782.71875,208509.40625,0,1038240,0.0
bred_vector,0,10,60.0,z100,140269.140625,166035.859375,0,1038240,0.0
bred_vector,0,10,60.0,z150,117516.703125,142153.6875,0,1038240,0.0
bred_vector,0,10,60.0,z200,100690.1484375,123958.28125,0,1038240,0.0
bred_vector,0,10,60.0,z250,87464.890625,108986.2734375,0,1038240,0.0
bred_vector,0,10,60.0,z300,76626.4921875,96402.8046875,0,1038240,0.0
bred_vector,0,10,60.0,z400,58739.8828125,75561.5078125,0,1038240,0.0
bred_vector,0,10,60.0,z500,44344.203125,58726.73046875,0,1038240,0.0
bred_vector,0,10,60.0,z600,32221.9375,44575.25390625,0,1038240,0.0
bred_vector,0,10,60.0,z700,21741.458984375,32346.6875,0,1038240,0.0
bred_vector,0,10,60.0,z850,8121.34716796875,16585.33203125,0,1038240,0.0
bred_vector,0,10,60.0,z925,2081.81103515625,9557.75390625,0,1038240,0.0
bred_vector,0,10,60.0,z1000,-3608.24072265625,3107.8388671875,0,1038240,0.0
bred_vector,0,10,60.0,t50,180.18576049804688,235.94729614257812,0,1038240,0.0
bred_vector,0,10,60.0,t100,186.97515869140625,237.20407104492188,0,1038240,0.0
bred_vector,0,10,60.0,t150,190.73287963867188,241.9358673095703,0,1038240,0.0
bred_vector,0,10,60.0,t200,192.99635314941406,241.67112731933594,0,1038240,0.0
bred_vector,0,10,60.0,t250,198.98602294921875,243.79469299316406,0,1038240,0.0
bred_vector,0,10,60.0,t300,202.72073364257812,250.99618530273438,0,1038240,0.0
bred_vector,0,10,60.0,t400,213.3221435546875,265.92724609375,0,1038240,0.0
bred_vector,0,10,60.0,t500,219.3096923828125,278.4256591796875,0,1038240,0.0
bred_vector,0,10,60.0,t600,213.11520385742188,290.4239196777344,0,1038240,0.0
bred_vector,0,10,60.0,t700,210.87326049804688,303.1926574707031,0,1038240,0.0
bred_vector,0,10,60.0,t850,220.8291015625,313.824951171875,0,1038240,0.0
bred_vector,0,10,60.0,t925,224.49586486816406,319.012939453125,0,1038240,0.0
bred_vector,0,10,60.0,t1000,228.1044464111328,324.234619140625,0,1038240,0.0
bred_vector,0,10,60.0,q50,3.9541237129014917e-07,2.017645556406933e-06,0,1038240,0.0
bred_vector,0,10,60.0,q100,9.439849009140744e-07,5.516509190783836e-06,0,1038240,0.0
bred_vector,0,10,60.0,q150,2.231627149740234e-08,4.391556649352424e-05,0,1038240,0.0
bred_vector,0,10,60.0,q200,-8.18538319435902e-06,0.00021718656353186816,9400,1038240,0.009053783325627986
bred_vector,0,10,60.0,q250,-1.3715685781789944e-05,0.0006901876186020672,16551,1038240,0.01594140083217753
bred_vector,0,10,60.0,q300,-2.375719486735761e-05,0.001619432121515274,16212,1038240,0.015614886731391586
bred_vector,0,10,60.0,q400,-7.060810457915068e-05,0.004474132787436247,32196,1038240,0.031010171058714748
bred_vector,0,10,60.0,q500,-0.00020669959485530853,0.008123423904180527,24075,1038240,0.023188280166435506
bred_vector,0,10,60.0,q600,-0.00023690576199442148,0.00995984859764576,18921,1038240,0.018224110032362458
bred_vector,0,10,60.0,q700,-0.00041822041384875774,0.013009782880544662,37098,1038240,0.035731622746185854
bred_vector,0,10,60.0,q850,-0.0004878104664385319,0.018411001190543175,42575,1038240,0.0410068962860225
bred_vector,0,10,60.0,q925,-0.0005072839558124542,0.02058616280555725,50356,1038240,0.048501309909076896
bred_vector,0,10,60.0,q1000,-0.0006462708115577698,0.025555454194545746,47516,1038240,0.045765911542610574
bred_vector,0,11,66.0,u10m,-26.1512508392334,21.282739639282227,0,1038240,0.0
bred_vector,0,11,66.0,v10m,-22.98360252380371,22.652603149414062,0,1038240,0.0
bred_vector,0,11,66.0,u100m,-33.99697494506836,27.24342918395996,0,1038240,0.0
bred_vector,0,11,66.0,v100m,-29.805938720703125,29.12238883972168,0,1038240,0.0
bred_vector,0,11,66.0,t2m,201.0216064453125,320.8657531738281,0,1038240,0.0
bred_vector,0,11,66.0,sp,49144.046875,103864.28125,0,1038240,0.0
bred_vector,0,11,66.0,msl,95515.453125,103814.59375,0,1038240,0.0
bred_vector,0,11,66.0,tcwv,-2.027599334716797,78.95275115966797,31862,1038240,0.030688472800123285
bred_vector,0,11,66.0,u50,-28.883155822753906,69.71513366699219,0,1038240,0.0
bred_vector,0,11,66.0,u100,-30.09450912475586,59.04525375366211,0,1038240,0.0
bred_vector,0,11,66.0,u150,-33.060447692871094,69.38392639160156,0,1038240,0.0
bred_vector,0,11,66.0,u200,-34.606239318847656,84.67808532714844,0,1038240,0.0
bred_vector,0,11,66.0,u250,-36.98251724243164,80.86613464355469,0,1038240,0.0
bred_vector,0,11,66.0,u300,-32.255855560302734,76.48756408691406,0,1038240,0.0
bred_vector,0,11,66.0,u400,-30.995325088500977,64.13362121582031,0,1038240,0.0
bred_vector,0,11,66.0,u500,-32.400333404541016,54.59541320800781,0,1038240,0.0
bred_vector,0,11,66.0,u600,-28.737565994262695,43.496578216552734,0,1038240,0.0
bred_vector,0,11,66.0,u700,-31.43722152709961,37.69674301147461,0,1038240,0.0
bred_vector,0,11,66.0,u850,-43.903533935546875,33.363834381103516,0,1038240,0.0
bred_vector,0,11,66.0,u925,-40.434207916259766,33.04189682006836,0,1038240,0.0
bred_vector,0,11,66.0,u1000,-26.21222686767578,22.64877700805664,0,1038240,0.0
bred_vector,0,11,66.0,v50,-22.324941635131836,20.153060913085938,0,1038240,0.0
bred_vector,0,11,66.0,v100,-24.895753860473633,20.706024169921875,0,1038240,0.0
bred_vector,0,11,66.0,v150,-34.85643005371094,33.53907012939453,0,1038240,0.0
bred_vector,0,11,66.0,v200,-47.047386169433594,42.18169021606445,0,1038240,0.0
bred_vector,0,11,66.0,v250,-55.504066467285156,46.780433654785156,0,1038240,0.0
bred_vector,0,11,66.0,v300,-54.3241081237793,51.83675765991211,0,1038240,0.0
bred_vector,0,11,66.0,v400,-52.804443359375,54.36347961425781,0,1038240,0.0
bred_vector,0,11,66.0,v500,-43.6859245300293,47.37936019897461,0,1038240,0.0
bred_vector,0,11,66.0,v600,-37.111087799072266,37.39496994018555,0,1038240,0.0
bred_vector,0,11,66.0,v700,-31.76580238342285,33.332603454589844,0,1038240,0.0
bred_vector,0,11,66.0,v850,-32.43692398071289,35.75955581665039,0,1038240,0.0
bred_vector,0,11,66.0,v925,-30.014949798583984,37.20769119262695,0,1038240,0.0
bred_vector,0,11,66.0,v1000,-23.531673431396484,23.045291900634766,0,1038240,0.0
bred_vector,0,11,66.0,z50,176715.375,208390.640625,0,1038240,0.0
bred_vector,0,11,66.0,z100,140183.53125,166101.3125,0,1038240,0.0
bred_vector,0,11,66.0,z150,117403.375,142017.5625,0,1038240,0.0
bred_vector,0,11,66.0,z200,100558.5234375,123862.203125,0,1038240,0.0
bred_vector,0,11,66.0,z250,87313.8984375,109124.890625,0,1038240,0.0
bred_vector,0,11,66.0,z300,76457.0390625,96616.3203125,0,1038240,0.0
bred_vector,0,11,66.0,z400,58818.08203125,75781.75,0,1038240,0.0
bred_vector,0,11,66.0,z500,44436.0234375,58813.00390625,0,1038240,0.0
bred_vector,0,11,66.0,z600,32365.38671875,44532.1484375,0,1038240,0.0
bred_vector,0,11,66.0,z700,21929.55859375,32306.466796875,0,1038240,0.0
bred_vector,0,11,66.0,z850,8337.44140625,16547.01953125,0,1038240,0.0
bred_vector,0,11,66.0,z925,2315.0615234375,9516.099609375,0,1038240,0.0
bred_vector,0,11,66.0,z1000,-3374.0986328125,3075.517578125,0,1038240,0.0
bred_vector,0,11,66.0,t50,180.39602661132812,236.0895233154297,0,1038240,0.0
bred_vector,0,11,66.0,t100,187.4844970703125,237.63414001464844,0,1038240,0.0
bred_vector,0,11,66.0,t150,191.40760803222656,242.72694396972656,0,1038240,0.0
bred_vector,0,11,66.0,t200,192.88409423828125,242.6237335205078,0,1038240,0.0
bred_vector,0,11,66.0,t250,198.29632568359375,243.61569213867188,0,1038240,0.0
bred_vector,0,11,66.0,t300,202.33663940429688,250.69712829589844,0,1038240,0.0
bred_vector,0,11,66.0,t400,212.8785400390625,265.0557556152344,0,1038240,0.0
bred_vector,0,11,66.0,t500,219.30078125,275.8186340332031,0,1038240,0.0
bred_vector,0,11,66.0,t600,213.015380859375,288.6510009765625,0,1038240,0.0
bred_vector,0,11,66.0,t700,212.1254119873047,299.8362121582031,0,1038240,0.0
bred_vector,0,11,66.0,t850,219.93296813964844,310.3692626953125,0,1038240,0.0
bred_vector,0,11,66.0,t925,223.63720703125,315.61669921875,0,1038240,0.0
bred_vector,0,11,66.0,t1000,227.19186401367188,320.6077575683594,0,1038240,0.0
bred_vector,0,11,66.0,q50,4.3267277760605793e-07,2.025861249421723e-06,0,1038240,0.0
bred_vector,0,11,66.0,q100,1.0109670256497338e-06,5.249768037174363e-06,0,1038240,0.0
bred_vector,0,11,66.0,q150,1.8573518900666386e-07,4.0918886952567846e-05,0,1038240,0.0
bred_vector,0,11,66.0,q200,-8.112525392789394e-06,0.00021313641627784818,10902,1038240,0.010500462320850671
bred_vector,0,11,66.0,q250,-1.3784705515718088e-05,0.0006800378323532641,16591,1038240,0.015979927569733394
bred_vector,0,11,66.0,q300,-2.7969435905106366e-05,0.0016068816184997559,17549,1038240,0.016902642934196334
bred_vector,0,11,66.0,q400,-7.097437628544867e-05,0.004450828768312931,27300,1038240,0.026294498381877023
bred_vector,0,11,66.0,q500,-8.251110557466745e-05,0.007701373193413019,15156,1038240,0.014597780859916783
bred_vector,0,11,66.0,q600,-0.00023067800793796778,0.009797397069633007,17799,1038240,0.01714343504392048
bred_vector,0,11,66.0,q700,-0.0003731141332536936,0.01259494386613369,38366,1038240,0.03695292032670673
bred_vector,0,11,66.0,q850,-0.0006578518077731133,0.018812650814652443,41400,1038240,0.039875173370319004
bred_vector,0,11,66.0,q925,-0.0005487860180437565,0.020310331135988235,47781,1038240,0.04602115117891817
bred_vector,0,11,66.0,q1000,-0.0006351848132908344,0.025939831510186195,41789,1038240,0.04024984589304978
bred_vector,0,12,72.0,u10m,-21.79624366760254,22.072715759277344,0,1038240,0.0
bred_vector,0,12,72.0,v10m,-23.000638961791992,21.246288299560547,0,1038240,0.0
bred_vector,0,12,72.0,u100m,-27.84198760986328,28.054275512695312,0,1038240,0.0
bred_vector,0,12,72.0,v100m,-29.902772903442383,26.557727813720703,0,1038240,0.0
bred_vector,0,12,72.0,t2m,202.27786254882812,320.02008056640625,0,1038240,0.0
bred_vector,0,12,72.0,sp,49049.21875,103852.9375,0,1038240,0.0
bred_vector,0,12,72.0,msl,95902.484375,103811.9140625,0,1038240,0.0
bred_vector,0,12,72.0,tcwv,-2.0361289978027344,76.1798324584961,34061,1038240,0.0328064801972569
bred_vector,0,12,72.0,u50,-30.058475494384766,68.28323364257812,0,1038240,0.0
bred_vector,0,12,72.0,u100,-31.140888214111328,58.460201263427734,0,1038240,0.0
bred_vector,0,12,72.0,u150,-33.441612243652344,69.3653335571289,0,1038240,0.0
bred_vector,0,12,72.0,u200,-35.613525390625,84.2560043334961,0,1038240,0.0
bred_vector,0,12,72.0,u250,-36.69982147216797,83.79649353027344,0,1038240,0.0
bred_vector,0,12,72.0,u300,-32.930694580078125,76.99068450927734,0,1038240,0.0
bred_vector,0,12,72.0,u400,-36.70240783691406,63.464683532714844,0,1038240,0.0
bred_vector,0,12,72.0,u500,-39.51482391357422,53.486595153808594,0,1038240,0.0
bred_vector,0,12,72.0,u600,-35.515830993652344,43.666072845458984,0,1038240,0.0
bred_vector,0,12,72.0,u700,-30.660011291503906,38.68492126464844,0,1038240,0.0
bred_vector,0,12,72.0,u850,-37.32106018066406,32.88412857055664,0,1038240,0.0
bred_vector,0,12,72.0,u925,-35.84368896484375,34.53853225708008,0,1038240,0.0
bred_vector,0,12,72.0,u1000,-21.897315979003906,22.510883331298828,0,1038240,0.0
bred_vector,0,12,72.0,v50,-22.79969596862793,21.01438331604004,0,1038240,0.0
bred_vector,0,12,72.0,v100,-23.980934143066406,21.798559188842773,0,1038240,0.0
bred_vector,0,12,72.0,v150,-35.954219818115234,34.68651580810547,0,1038240,0.0
bred_vector,0,12,72.0,v200,-46.21722412109375,42.730716705322266,0,1038240,0.0
bred_vector,0,12,72.0,v250,-56.18873596191406,48.38077163696289,0,1038240,0.0
bred_vector,0,12,72.0,v300,-56.03044128417969,51.42806625366211,0,1038240,0.0
bred_vector,0,12,72.0,v400,-51.581787109375,50.40361785888672,0,1038240,0.0
bred_vector,0,12,72.0,v500,-43.58616256713867,44.75580596923828,0,1038240,0.0
bred_vector,0,12,72.0,v600,-35.423851013183594,34.78396987915039,0,1038240,0.0
bred_vector,0,12,72.0,v700,-28.99012565612793,30.48494529724121,0,1038240,0.0
bred_vector,0,12,72.0,v850,-30.65569305419922,31.600271224975586,0,1038240,0.0
bred_vector,0,12,72.0,v925,-30.312503814697266,33.00041198730469,0,1038240,0.0
bred_vector,0,12,72.0,v1000,-23.28748893737793,21.243566513061523,0,1038240,0.0
bred_vector,0,12,72.0,z50,176656.875,208413.6875,0,1038240,0.0
bred_vector,0,12,72.0,z100,140199.5,165985.703125,0,1038240,0.0
bred_vector,0,12,72.0,z150,117400.7265625,141872.28125,0,1038240,0.0
bred_vector,0,12,72.0,z200,100552.375,123870.6328125,0,1038240,0.0
bred_vector,0,12,72.0,z250,87312.046875,109257.96875,0,1038240,0.0
bred_vector,0,12,72.0,z300,76451.59375,96720.8046875,0,1038240,0.0
bred_vector,0,12,72.0,z400,59034.51171875,75812.78125,0,1038240,0.0
bred_vector,0,12,72.0,z500,44654.38671875,58781.4609375,0,1038240,0.0
bred_vector,0,12,72.0,z600,32617.345703125,44571.6796875,0,1038240,0.0
bred_vector,0,12,72.0,z700,22232.4921875,32338.86328125,0,1038240,0.0
bred_vector,0,12,72.0,z850,8620.046875,16548.873046875,0,1038240,0.0
bred_vector,0,12,72.0,z925,2596.751953125,9509.4755859375,0,1038240,0.0
bred_vector,0,12,72.0,z1000,-3120.3125,3073.46044921875,0,1038240,0.0
bred_vector,0,12,72.0,t50,180.0858154296875,236.2884979248047,0,1038240,0.0
bred_vector,0,12,72.0,t100,186.95401000976562,238.22975158691406,0,1038240,0.0
bred_vector,0,12,72.0,t150,191.1875762939453,243.19630432128906,0,1038240,0.0
bred_vector,0,12,72.0,t200,192.02981567382812,243.42440795898438,0,1038240,0.0
bred_vector,0,12,72.0,t250,197.93307495117188,243.84396362304688,0,1038240,0.0
bred_vector,0,12,72.0,t300,201.8430938720703,250.83633422851562,0,1038240,0.0
bred_vector,0,12,72.0,t400,212.04330444335938,264.32330322265625,0,1038240,0.0
bred_vector,0,12,72.0,t500,219.2464599609375,275.00604248046875,0,1038240,0.0
bred_vector,0,12,72.0,t600,211.74298095703125,286.7428894042969,0,1038240,0.0
bred_vector,0,12,72.0,t700,211.21530151367188,295.1944885253906,0,1038240,0.0
bred_vector,0,12,72.0,t850,219.19915771484375,309.7471923828125,0,1038240,0.0
bred_vector,0,12,72.0,t925,222.74710083007812,314.9470520019531,0,1038240,0.0
bred_vector,0,12,72.0,t1000,226.2602996826172,319.82550048828125,0,1038240,0.0
bred_vector,0,12,72.0,q50,4.610969881468918e-07,2.0345073608041275e-06,0,1038240,0.0
bred_vector,0,12,72.0,q100,1.0658609426172916e-06,5.044582394475583e-06,0,1038240,0.0
bred_vector,0,12,72.0,q150,3.607442522479687e-07,3.474991171970032e-05,0,1038240,0.0
bred_vector,0,12,72.0,q200,-6.7954570113215595e-06,0.00020054803462699056,10096,1038240,0.009724148559100015
bred_vector,0,12,72.0,q250,-1.2485306797316298e-05,0.0006795689114369452,18569,1038240,0.017885074741870857
bred_vector,0,12,72.0,q300,-2.3256201529875398e-05,0.0015896722907200456,19650,1038240,0.018926259824318076
bred_vector,0,12,72.0,q400,-4.8160116421058774e-05,0.004279779735952616,24555,1038240,0.023650601017105873
bred_vector,0,12,72.0,q500,-8.140539284795523e-05,0.0073349252343177795,14125,1038240,0.013604754199414393
bred_vector,0,12,72.0,q600,-0.00019334221724420786,0.009922751225531101,17400,1038240,0.01675913083680074
bred_vector,0,12,72.0,q700,-0.00042011518962681293,0.012729700654745102,28932,1038240,0.027866389274156265
bred_vector,0,12,72.0,q850,-0.0006082113832235336,0.018417587503790855,36083,1038240,0.03475400678070581
bred_vector,0,12,72.0,q925,-0.0005898694507777691,0.02036883868277073,40341,1038240,0.03885517799352751
bred_vector,0,12,72.0,q1000,-0.0006419899873435497,0.025858687236905098,37466,1038240,0.0360860687316998
bred_vector,0,13,78.0,u10m,-18.569259643554688,20.620540618896484,0,1038240,0.0
bred_vector,0,13,78.0,v10m,-25.451242446899414,18.587345123291016,0,1038240,0.0
bred_vector,0,13,78.0,u100m,-24.83624267578125,25.920656204223633,0,1038240,0.0
bred_vector,0,13,78.0,v100m,-32.228858947753906,23.24692726135254,0,1038240,0.0
bred_vector,0,13,78.0,t2m,202.70237731933594,316.01580810546875,0,1038240,0.0
bred_vector,0,13,78.0,sp,49067.75,103782.9140625,0,1038240,0.0
bred_vector,0,13,78.0,msl,95951.3046875,103743.8515625,0,1038240,0.0
bred_vector,0,13,78.0,tcwv,-1.9851264953613281,75.17382049560547,33569,1038240,0.032332601325319774
bred_vector,0,13,78.0,u50,-31.892898559570312,68.86507415771484,0,1038240,0.0
bred_vector,0,13,78.0,u100,-31.24679946899414,57.026180267333984,0,1038240,0.0
bred_vector,0,13,78.0,u150,-34.15351104736328,69.36675262451172,0,1038240,0.0
bred_vector,0,13,78.0,u200,-36.01458740234375,84.66136932373047,0,1038240,0.0
bred_vector,0,13,78.0,u250,-36.99419403076172,83.81900024414062,0,1038240,0.0
bred_vector,0,13,78.0,u300,-33.27984619140625,77.3450927734375,0,1038240,0.0
bred_vector,0,13,78.0,u400,-36.31990051269531,60.33009338378906,0,1038240,0.0
bred_vector,0,13,78.0,u500,-40.59070587158203,51.88328170776367,0,1038240,0.0
bred_vector,0,13,78.0,u600,-37.164527893066406,45.3140869140625,0,1038240,0.0
bred_vector,0,13,78.0,u700,-29.93541717529297,38.789466857910156,0,1038240,0.0
bred_vector,0,13,78.0,u850,-31.945039749145508,34.76224136352539,0,1038240,0.0
bred_vector,0,13,78.0,u925,-30.402053833007812,33.257469177246094,0,1038240,0.0
bred_vector,0,13,78.0,u1000,-20.550256729125977,24.004507064819336,0,1038240,0.0
bred_vector,0,13,78.0,v50,-22.98807144165039,19.61348533630371,0,1038240,0.0
bred_vector,0,13,78.0,v100,-22.14203643798828,22.17285919189453,0,1038240,0.0
bred_vector,0,13,78.0,v150,-34.877769470214844,35.47475814819336,0,1038240,0.0
bred_vector,0,13,78.0,v200,-44.45830154418945,43.97752380371094,0,1038240,0.0
bred_vector,0,13,78.0,v250,-56.09941101074219,46.65704345703125,0,1038240,0.0
bred_vector,0,13,78.0,v300,-56.247154235839844,49.880584716796875,0,1038240,0.0
bred_vector,0,13,78.0,v400,-59.763519287109375,49.13238525390625,0,1038240,0.0
bred_vector,0,13,78.0,v500,-50.65699005126953,43.4079475402832,0,1038240,0.0
bred_vector,0,13,78.0,v600,-35.54153823852539,32.952911376953125,0,1038240,0.0
bred_vector,0,13,78.0,v700,-32.454368591308594,29.902551651000977,0,1038240,0.0
bred_vector,0,13,78.0,v850,-35.408103942871094,28.97873878479004,0,1038240,0.0
bred_vector,0,13,78.0,v925,-32.46934127807617,29.486730575561523,0,1038240,0.0
bred_vector,0,13,78.0,v1000,-25.88256072998047,21.009811401367188,0,1038240,0.0
bred_vector,0,13,78.0,z50,176674.625,208528.234375,0,1038240,0.0
bred_vector,0,13,78.0,z100,140175.40625,166109.5625,0,1038240,0.0
bred_vector,0,13,78.0,z150,117350.671875,142001.40625,0,1038240,0.0
bred_vector,0,13,78.0,z200,100511.6484375,123846.7109375,0,1038240,0.0
bred_vector,0,13,78.0,z250,87264.546875,109248.25,0,1038240,0.0
bred_vector,0,13,78.0,z300,76413.625,96728.09375,0,1038240,0.0
bred_vector,0,13,78.0,z400,59143.0859375,75855.515625,0,1038240,0.0
bred_vector,0,13,78.0,z500,44790.68359375,58847.0234375,0,1038240,0.0
bred_vector,0,13,78.0,z600,32763.52734375,44535.83203125,0,1038240,0.0
bred_vector,0,13,78.0,z700,22363.9296875,32306.50390625,0,1038240,0.0
bred_vector,0,13,78.0,z850,8756.921875,16498.05859375,0,1038240,0.0
bred_vector,0,13,78.0,z925,2766.55224609375,9447.6171875,0,1038240,0.0
bred_vector,0,13,78.0,z1000,-3228.220703125,3017.013671875,0,1038240,0.0
bred_vector,0,13,78.0,t50,179.92208862304688,236.676025390625,0,1038240,0.0
bred_vector,0,13,78.0,t100,185.74984741210938,238.62351989746094,0,1038240,0.0
bred_vector,0,13,78.0,t150,188.84133911132812,244.0372314453125,0,1038240,0.0
bred_vector,0,13,78.0,t200,191.53622436523438,244.09890747070312,0,1038240,0.0
bred_vector,0,13,78.0,t250,197.80780029296875,244.03274536132812,0,1038240,0.0
bred_vector,0,13,78.0,t300,201.7696533203125,250.62948608398438,0,1038240,0.0
bred_vector,0,13,78.0,t400,211.9027557373047,264.6112365722656,0,1038240,0.0
bred_vector,0,13,78.0,t500,218.95086669921875,276.28082275390625,0,1038240,0.0
bred_vector,0,13,78.0,t600,209.41213989257812,288.277099609375,0,1038240,0.0
bred_vector,0,13,78.0,t700,212.03408813476562,299.9707336425781,0,1038240,0.0
bred_vector,0,13,78.0,t850,219.88209533691406,312.27874755859375,0,1038240,0.0
bred_vector,0,13,78.0,t925,223.50108337402344,317.04229736328125,0,1038240,0.0
bred_vector,0,13,78.0,t1000,227.0367889404297,322.05230712890625,0,1038240,0.0
bred_vector,0,13,78.0,q50,4.939229256706312e-07,2.042350160991191e-06,0,1038240,0.0
bred_vector,0,13,78.0,q100,1.0694191132643027e-06,4.859754426433938e-06,0,1038240,0.0
bred_vector,0,13,78.0,q150,2.370784386585001e-07,3.603204095270485e-05,0,1038240,0.0
bred_vector,0,13,78.0,q200,-7.116957931430079e-06,0.0001989198790397495,9826,1038240,0.009464093080597934
bred_vector,0,13,78.0,q250,-9.41460530157201e-06,0.000676727679092437,19731,1038240,0.0190042764678687
bred_vector,0,13,78.0,q300,-2.4745429982431233e-05,0.0015804253052920103,19969,1038240,0.01923351055632609
bred_vector,0,13,78.0,q400,-4.055091994814575e-05,0.00421800184994936,26148,1038240,0.025184928340268146
bred_vector,0,13,78.0,q500,-0.00011928105959668756,0.007834025658667088,13505,1038240,0.013007589767298506
bred_vector,0,13,78.0,q600,-0.00019781605806201696,0.01131477952003479,14500,1038240,0.013965942364000616
bred_vector,0,13,78.0,q700,-0.00038469256833195686,0.013245174661278725,34700,1038240,0.03342194482971182
bred_vector,0,13,78.0,q850,-0.0006101983599364758,0.018512867391109467,39998,1038240,0.038524811218985974
bred_vector,0,13,78.0,q925,-0.0005554314702749252,0.02108200080692768,48931,1038240,0.04712879488364925
bred_vector,0,13,78.0,q1000,-0.0006105131469666958,0.025904269888997078,39512,1038240,0.03805671135768223
bred_vector,0,14,84.0,u10m,-22.23958969116211,19.307485580444336,0,1038240,0.0
bred_vector,0,14,84.0,v10m,-24.451448440551758,17.101167678833008,0,1038240,0.0
bred_vector,0,14,84.0,u100m,-29.01654815673828,24.297542572021484,0,1038240,0.0
bred_vector,0,14,84.0,v100m,-31.17430305480957,20.948410034179688,0,1038240,0.0
bred_vector,0,14,84.0,t2m,202.88592529296875,321.6744384765625,0,1038240,0.0
bred_vector,0,14,84.0,sp,48978.89453125,103760.8359375,0,1038240,0.0
bred_vector,0,14,84.0,msl,95897.2109375,103731.9140625,0,1038240,0.0
bred_vector,0,14,84.0,tcwv,-2.092081069946289,75.51634216308594,31909,1038240,0.030733741716751424
bred_vector,0,14,84.0,u50,-30.292709350585938,68.08882141113281,0,1038240,0.0
bred_vector,0,14,84.0,u100,-30.957565307617188,55.834022521972656,0,1038240,0.0
bred_vector,0,14,84.0,u150,-35.045936584472656,69.23927307128906,0,1038240,0.0
bred_vector,0,14,84.0,u200,-36.04718780517578,86.0697250366211,0,1038240,0.0
bred_vector,0,14,84.0,u250,-36.54533386230469,85.97525024414062,0,1038240,0.0
bred_vector,0,14,84.0,u300,-32.56271743774414,79.60595703125,0,1038240,0.0
bred_vector,0,14,84.0,u400,-39.66316223144531,59.257080078125,0,1038240,0.0
bred_vector,0,14,84.0,u500,-36.879764556884766,51.26533126831055,0,1038240,0.0
bred_vector,0,14,84.0,u600,-33.98063278198242,45.13752746582031,0,1038240,0.0
bred_vector,0,14,84.0,u700,-28.117450714111328,38.55241394042969,0,1038240,0.0
bred_vector,0,14,84.0,u850,-32.71063232421875,36.40597915649414,0,1038240,0.0
bred_vector,0,14,84.0,u925,-34.62804412841797,30.539587020874023,0,1038240,0.0
bred_vector,0,14,84.0,u1000,-21.4665470123291,22.446949005126953,0,1038240,0.0
bred_vector,0,14,84.0,v50,-23.4541072845459,20.557754516601562,0,1038240,0.0
bred_vector,0,14,84.0,v100,-21.512588500976562,21.63664436340332,0,1038240,0.0
bred_vector,0,14,84.0,v150,-35.233055114746094,36.795955657958984,0,1038240,0.0
bred_vector,0,14,84.0,v200,-45.00654602050781,47.14646911621094,0,1038240,0.0
bred_vector,0,14,84.0,v250,-54.22856521606445,46.88444900512695,0,1038240,0.0
bred_vector,0,14,84.0,v300,-56.26841735839844,45.469783782958984,0,1038240,0.0
bred_vector,0,14,84.0,v400,-60.543922424316406,47.010589599609375,0,1038240,0.0
bred_vector,0,14,84.0,v500,-51.64397430419922,42.17451858520508,0,1038240,0.0
bred_vector,0,14,84.0,v600,-39.569610595703125,36.14905548095703,0,1038240,0.0
bred_vector,0,14,84.0,v700,-34.35677719116211,30.968000411987305,0,1038240,0.0
bred_vector,0,14,84.0,v850,-36.80828094482422,26.325286865234375,0,1038240,0.0
bred_vector,0,14,84.0,v925,-31.378049850463867,27.413875579833984,0,1038240,0.0
bred_vector,0,14,84.0,v1000,-24.90189552307129,18.693622589111328,0,1038240,0.0
bred_vector,0,14,84.0,z50,176582.015625,208633.671875,0,1038240,0.0
bred_vector,0,14,84.0,z100,140189.78125,166245.75,0,1038240,0.0
bred_vector,0,14,84.0,z150,117372.09375,142230.640625,0,1038240,0.0
bred_vector,0,14,84.0,z200,100528.4296875,123952.5390625,0,1038240,0.0
bred_vector,0,14,84.0,z250,87283.3671875,109064.421875,0,1038240,0.0
bred_vector,0,14,84.0,z300,76424.9375,96556.0234375,0,1038240,0.0
bred_vector,0,14,84.0,z400,59136.31640625,75707.7890625,0,1038240,0.0
bred_vector,0,14,84.0,z500,45049.17578125,58726.01953125,0,1038240,0.0
bred_vector,0,14,84.0,z600,32988.4453125,44499.359375,0,1038240,0.0
bred_vector,0,14,84.0,z700,22603.890625,32282.615234375,0,1038240,0.0
bred_vector,0,14,84.0,z850,8878.9296875,16489.6015625,0,1038240,0.0
bred_vector,0,14,84.0,z925,2654.6240234375,9435.341796875,0,1038240,0.0
bred_vector,0,14,84.0,z1000,-3264.7548828125,3006.8798828125,0,1038240,0.0
bred_vector,0,14,84.0,t50,179.22239685058594,237.06179809570312,0,1038240,0.0
bred_vector,0,14,84.0,t100,184.4710693359375,239.11561584472656,0,1038240,0.0
bred_vector,0,14,84.0,t150,187.578857421875,243.90216064453125,0,1038240,0.0
bred_vector,0,14,84.0,t200,192.18045043945312,243.7438201904297,0,1038240,0.0
bred_vector,0,14,84.0,t250,197.80763244628906,244.49330139160156,0,1038240,0.0
bred_vector,0,14,84.0,t300,202.17333984375,251.1168975830078,0,1038240,0.0
bred_vector,0,14,84.0,t400,211.9483184814453,265.8208312988281,0,1038240,0.0
bred_vector,0,14,84.0,t500,218.78817749023438,278.5989685058594,0,1038240,0.0
bred_vector,0,14,84.0,t600,209.20188903808594,291.1495361328125,0,1038240,0.0
bred_vector,0,14,84.0,t700,213.5719757080078,302.830322265625,0,1038240,0.0
bred_vector,0,14,84.0,t850,221.50599670410156,313.3919677734375,0,1038240,0.0
bred_vector,0,14,84.0,t925,225.04214477539062,318.3984375,0,1038240,0.0
bred_vector,0,14,84.0,t1000,228.63392639160156,323.54998779296875,0,1038240,0.0
bred_vector,0,14,84.0,q50,5.269932898954721e-07,2.0471190964599373e-06,0,1038240,0.0
bred_vector,0,14,84.0,q100,1.0383459994045552e-06,4.718069249065593e-06,0,1038240,0.0
bred_vector,0,14,84.0,q150,2.4588644009782e-07,4.481427822611295e-05,0,1038240,0.0
bred_vector,0,14,84.0,q200,-6.6900174715556204e-06,0.00022732643992640078,11111,1038240,0.010701764524580059
bred_vector,0,14,84.0,q250,-1.2184533261461183e-05,0.0006438971613533795,19096,1038240,0.018392664509169362
bred_vector,0,14,84.0,q300,-2.8757305699400604e-05,0.001530577428638935,20923,1038240,0.02015237324703344
bred_vector,0,14,84.0,q400,-0.00014109149924479425,0.004131725057959557,28034,1038240,0.027001464016027123
bred_vector,0,14,84.0,q500,-0.00015863834414631128,0.007905367761850357,13186,1038240,0.01270033903529049
bred_vector,0,14,84.0,q600,-0.0001634268555790186,0.010196131654083729,13266,1038240,0.012777392510402219
bred_vector,0,14,84.0,q700,-0.00038368371315300465,0.013229485601186752,26406,1038240,0.02543342579750347
bred_vector,0,14,84.0,q850,-0.0004629967734217644,0.018705690279603004,37719,1038240,0.03632975034674064
bred_vector,0,14,84.0,q925,-0.0005223853513598442,0.021260902285575867,46600,1038240,0.044883649252581294
bred_vector,0,14,84.0,q1000,-0.0006105704233050346,0.02545034885406494,35289,1038240,0.033989251040221914
bred_vector,0,15,90.0,u10m,-25.08003044128418,18.444461822509766,0,1038240,0.0
bred_vector,0,15,90.0,v10m,-22.06021499633789,17.245832443237305,0,1038240,0.0
bred_vector,0,15,90.0,u100m,-32.229122161865234,23.09794044494629,0,1038240,0.0
bred_vector,0,15,90.0,v100m,-27.834177017211914,21.155216217041016,0,1038240,0.0
bred_vector,0,15,90.0,t2m,202.80824279785156,320.7934265136719,0,1038240,0.0
bred_vector,0,15,90.0,sp,49108.0078125,103720.0390625,0,1038240,0.0
bred_vector,0,15,90.0,msl,95620.5078125,103684.9375,0,1038240,0.0
bred_vector,0,15,90.0,tcwv,-2.0752525329589844,77.9925537109375,28560,1038240,0.02750809061488673
bred_vector,0,15,90.0,u50,-30.231182098388672,69.27913665771484,0,1038240,0.0
bred_vector,0,15,90.0,u100,-31.86286163330078,56.26702880859375,0,1038240,0.0
bred_vector,0,15,90.0,u150,-39.648704528808594,71.27079772949219,0,1038240,0.0
bred_vector,0,15,90.0,u200,-35.00023651123047,86.29097747802734,0,1038240,0.0
bred_vector,0,15,90.0,u250,-35.416996002197266,86.15830993652344,0,1038240,0.0
bred_vector,0,15,90.0,u300,-41.125770568847656,81.04948425292969,0,1038240,0.0
bred_vector,0,15,90.0,u400,-42.51512145996094,58.4766845703125,0,1038240,0.0
bred_vector,0,15,90.0,u500,-35.952640533447266,49.03740692138672,0,1038240,0.0
bred_vector,0,15,90.0,u600,-27.211074829101562,42.318328857421875,0,1038240,0.0
bred_vector,0,15,90.0,u700,-29.632244110107422,38.35588455200195,0,1038240,0.0
bred_vector,0,15,90.0,u850,-38.090538024902344,37.11991500854492,0,1038240,0.0
bred_vector,0,15,90.0,u925,-38.52544021606445,31.08654022216797,0,1038240,0.0
bred_vector,0,15,90.0,u1000,-24.382408142089844,20.271766662597656,0,1038240,0.0
bred_vector,0,15,90.0,v50,-23.28314781188965,19.650592803955078,0,1038240,0.0
bred_vector,0,15,90.0,v100,-19.013471603393555,23.164443969726562,0,1038240,0.0
bred_vector,0,15,90.0,v150,-34.864845275878906,35.625545501708984,0,1038240,0.0
bred_vector,0,15,90.0,v200,-43.09724807739258,47.2142219543457,0,1038240,0.0
bred_vector,0,15,90.0,v250,-53.6983642578125,54.50640106201172,0,1038240,0.0
bred_vector,0,15,90.0,v300,-53.61213302612305,56.1181755065918,0,1038240,0.0
bred_vector,0,15,90.0,v400,-57.52791213989258,51.13086700439453,0,1038240,0.0
bred_vector,0,15,90.0,v500,-52.386512756347656,46.56179428100586,0,1038240,0.0
bred_vector,0,15,90.0,v600,-42.28843688964844,39.31501007080078,0,1038240,0.0
bred_vector,0,15,90.0,v700,-33.358245849609375,31.439626693725586,0,1038240,0.0
bred_vector,0,15,90.0,v850,-33.25934600830078,26.967453002929688,0,1038240,0.0
bred_vector,0,15,90.0,v925,-32.390342712402344,27.431964874267578,0,1038240,0.0
bred_vector,0,15,90.0,v1000,-22.1315860748291,19.444095611572266,0,1038240,0.0
bred_vector,0,15,90.0,z50,176510.171875,208529.515625,0,1038240,0.0
bred_vector,0,15,90.0,z100,140157.96875,166369.96875,0,1038240,0.0
bred_vector,0,15,90.0,z150,117318.8515625,142241.015625,0,1038240,0.0
bred_vector,0,15,90.0,z200,100456.796875,123970.5625,0,1038240,0.0
bred_vector,0,15,90.0,z250,87193.2109375,109190.078125,0,1038240,0.0
bred_vector,0,15,90.0,z300,76307.6484375,96678.2421875,0,1038240,0.0
bred_vector,0,15,90.0,z400,59019.98046875,75823.40625,0,1038240,0.0
bred_vector,0,15,90.0,z500,45261.140625,58826.59765625,0,1038240,0.0
bred_vector,0,15,90.0,z600,33204.41015625,44417.77734375,0,1038240,0.0
bred_vector,0,15,90.0,z700,22610.33984375,32206.7734375,0,1038240,0.0
bred_vector,0,15,90.0,z850,8607.224609375,16435.208984375,0,1038240,0.0
bred_vector,0,15,90.0,z925,2410.75732421875,9387.978515625,0,1038240,0.0
bred_vector,0,15,90.0,z1000,-3386.13037109375,2969.80810546875,0,1038240,0.0
bred_vector,0,15,90.0,t50,179.15597534179688,237.39547729492188,0,1038240,0.0
bred_vector,0,15,90.0,t100,184.40762329101562,239.3587646484375,0,1038240,0.0
bred_vector,0,15,90.0,t150,186.70986938476562,244.26194763183594,0,1038240,0.0
bred_vector,0,15,90.0,t200,192.80947875976562,243.5218505859375,0,1038240,0.0
bred_vector,0,15,90.0,t250,198.01080322265625,244.6913604736328,0,1038240,0.0
bred_vector,0,15,90.0,t300,202.3616485595703,250.4105224609375,0,1038240,0.0
bred_vector,0,15,90.0,t400,211.86886596679688,264.7266540527344,0,1038240,0.0
bred_vector,0,15,90.0,t500,218.0529022216797,275.403076171875,0,1038240,0.0
bred_vector,0,15,90.0,t600,208.31704711914062,287.37969970703125,0,1038240,0.0
bred_vector,0,15,90.0,t700,213.63662719726562,296.9383544921875,0,1038240,0.0
bred_vector,0,15,90.0,t850,222.48069763183594,309.2781677246094,0,1038240,0.0
bred_vector,0,15,90.0,t925,226.1573486328125,314.97100830078125,0,1038240,0.0
bred_vector,0,15,90.0,t1000,229.302734375,320.39666748046875,0,1038240,0.0
bred_vector,0,15,90.0,q50,5.626811798720155e-07,2.0599695744749624e-06,0,1038240,0.0
bred_vector,0,15,90.0,q100,1.02566218629363e-06,4.6465956984320655e-06,0,1038240,0.0
bred_vector,0,15,90.0,q150,-1.31154138216516e-07,4.122123937122524e-05,6,1038240,5.779010633379566e-06
bred_vector,0,15,90.0,q200,-7.5499792728805915e-06,0.00021608415408991277,11089,1038240,0.010680574818924333
bred_vector,0,15,90.0,q250,-1.2610584235517308e-05,0.0006970620015636086,17717,1038240,0.01706445523193096
bred_vector,0,15,90.0,q300,-3.3442338462919e-05,0.0015132222324609756,19719,1038240,0.01899271844660194
bred_vector,0,15,90.0,q400,-6.335970829240978e-05,0.004264745861291885,31116,1038240,0.029969949144706427
bred_vector,0,15,90.0,q500,-0.00011788890697062016,0.007594159804284573,13242,1038240,0.0127542764678687
bred_vector,0,15,90.0,q600,-0.00021716835908591747,0.0100321089848876,14563,1038240,0.014026621975651101
bred_vector,0,15,90.0,q700,-0.00042190123349428177,0.013044686987996101,36115,1038240,0.0347848281707505
bred_vector,0,15,90.0,q850,-0.000522972084581852,0.0186636783182621,40930,1038240,0.0394224842040376
bred_vector,0,15,90.0,q925,-0.00044853612780570984,0.02105565369129181,51699,1038240,0.04979484512251502
bred_vector,0,15,90.0,q1000,-0.0005161343142390251,0.02536056376993656,39706,1038240,0.03824356603482817
bred_vector,0,16,96.0,u10m,-22.474075317382812,18.969070434570312,0,1038240,0.0
bred_vector,0,16,96.0,v10m,-20.35141372680664,21.257661819458008,0,1038240,0.0
bred_vector,0,16,96.0,u100m,-29.5142822265625,23.261259078979492,0,1038240,0.0
bred_vector,0,16,96.0,v100m,-25.807470321655273,26.9627742767334,0,1038240,0.0
bred_vector,0,16,96.0,t2m,202.68203735351562,317.02142333984375,0,1038240,0.0
bred_vector,0,16,96.0,sp,48952.83984375,103675.3515625,0,1038240,0.0
bred_vector,0,16,96.0,msl,95425.921875,103646.140625,0,1038240,0.0
bred_vector,0,16,96.0,tcwv,-2.550661087036133,76.43809509277344,36505,1038240,0.03516046386192017
bred_vector,0,16,96.0,u50,-30.54467010498047,68.73957824707031,0,1038240,0.0
bred_vector,0,16,96.0,u100,-31.418987274169922,57.55498504638672,0,1038240,0.0
bred_vector,0,16,96.0,u150,-40.404640197753906,73.51761627197266,0,1038240,0.0
bred_vector,0,16,96.0,u200,-34.44037628173828,85.09452056884766,0,1038240,0.0
bred_vector,0,16,96.0,u250,-34.706703186035156,86.79795837402344,0,1038240,0.0
bred_vector,0,16,96.0,u300,-34.39015197753906,80.32971954345703,0,1038240,0.0
bred_vector,0,16,96.0,u400,-42.353179931640625,59.463233947753906,0,1038240,0.0
bred_vector,0,16,96.0,u500,-36.61579895019531,49.743343353271484,0,1038240,0.0
bred_vector,0,16,96.0,u600,-32.432586669921875,42.056358337402344,0,1038240,0.0
bred_vector,0,16,96.0,u700,-34.90666198730469,39.47418975830078,0,1038240,0.0
bred_vector,0,16,96.0,u850,-40.709808349609375,38.909061431884766,0,1038240,0.0
bred_vector,0,16,96.0,u925,-33.29780578613281,32.90504455566406,0,1038240,0.0
bred_vector,0,16,96.0,u1000,-22.352340698242188,19.91145896911621,0,1038240,0.0
bred_vector,0,16,96.0,v50,-22.653240203857422,21.10773468017578,0,1038240,0.0
bred_vector,0,16,96.0,v100,-17.90554428100586,25.312650680541992,0,1038240,0.0
bred_vector,0,16,96.0,v150,-33.919456481933594,37.354801177978516,0,1038240,0.0
bred_vector,0,16,96.0,v200,-42.5847053527832,50.35261154174805,0,1038240,0.0
bred_vector,0,16,96.0,v250,-53.11116027832031,57.73219299316406,0,1038240,0.0
bred_vector,0,16,96.0,v300,-51.451072692871094,61.19480514526367,0,1038240,0.0
bred_vector,0,16,96.0,v400,-56.152252197265625,52.86784744262695,0,1038240,0.0
bred_vector,0,16,96.0,v500,-49.90711975097656,50.397274017333984,0,1038240,0.0
bred_vector,0,16,96.0,v600,-39.086631774902344,42.983646392822266,0,1038240,0.0
bred_vector,0,16,96.0,v700,-32.85019302368164,33.746429443359375,0,1038240,0.0
bred_vector,0,16,96.0,v850,-31.346792221069336,31.536405563354492,0,1038240,0.0
bred_vector,0,16,96.0,v925,-31.026241302490234,30.920602798461914,0,1038240,0.0
bred_vector,0,16,96.0,v1000,-20.61593246459961,20.970041275024414,0,1038240,0.0
bred_vector,0,16,96.0,z50,176400.21875,208514.359375,0,1038240,0.0
bred_vector,0,16,96.0,z100,140138.5625,166236.875,0,1038240,0.0
bred_vector,0,16,96.0,z150,117288.609375,142087.765625,0,1038240,0.0
bred_vector,0,16,96.0,z200,100395.4453125,123890.734375,0,1038240,0.0
bred_vector,0,16,96.0,z250,87118.65625,109254.1171875,0,1038240,0.0
bred_vector,0,16,96.0,z300,76239.6484375,96697.921875,0,1038240,0.0
bred_vector,0,16,96.0,z400,58993.7734375,75753.21875,0,1038240,0.0
bred_vector,0,16,96.0,z500,45084.52734375,58690.9453125,0,1038240,0.0
bred_vector,0,16,96.0,z600,32959.46484375,44428.85546875,0,1038240,0.0
bred_vector,0,16,96.0,z700,22350.96484375,32211.166015625,0,1038240,0.0
bred_vector,0,16,96.0,z850,8405.9375,16431.43359375,0,1038240,0.0
bred_vector,0,16,96.0,z925,2246.26953125,9378.0322265625,0,1038240,0.0
bred_vector,0,16,96.0,z1000,-3654.23681640625,2943.966796875,0,1038240,0.0
bred_vector,0,16,96.0,t50,179.30126953125,237.5140838623047,0,1038240,0.0
bred_vector,0,16,96.0,t100,184.82789611816406,239.85289001464844,0,1038240,0.0
bred_vector,0,16,96.0,t150,186.85302734375,244.4467010498047,0,1038240,0.0
bred_vector,0,16,96.0,t200,193.36785888671875,243.46102905273438,0,1038240,0.0
bred_vector,0,16,96.0,t250,198.1512451171875,245.0250244140625,0,1038240,0.0
bred_vector,0,16,96.0,t300,202.56077575683594,250.17474365234375,0,1038240,0.0
bred_vector,0,16,96.0,t400,211.17877197265625,264.29669189453125,0,1038240,0.0
bred_vector,0,16,96.0,t500,217.80747985839844,275.3083190917969,0,1038240,0.0
bred_vector,0,16,96.0,t600,207.2651824951172,284.9672546386719,0,1038240,0.0
bred_vector,0,16,96.0,t700,213.85350036621094,293.6943664550781,0,1038240,0.0
bred_vector,0,16,96.0,t850,222.34622192382812,310.2032775878906,0,1038240,0.0
bred_vector,0,16,96.0,t925,226.05995178222656,315.1363525390625,0,1038240,0.0
bred_vector,0,16,96.0,t1000,229.249267578125,320.01678466796875,0,1038240,0.0
bred_vector,0,16,96.0,q50,5.959543614153517e-07,2.0785648757737363e-06,0,1038240,0.0
bred_vector,0,16,96.0,q100,1.0224592870144988e-06,4.635814548237249e-06,0,1038240,0.0
bred_vector,0,16,96.0,q150,-8.632027856947388e-07,3.53189607267268e-05,18,1038240,1.7337031900138696e-05
bred_vector,0,16,96.0,q200,-8.215050911530852e-06,0.00019065501692239195,12490,1038240,0.012029973801818462
bred_vector,0,16,96.0,q250,-1.2679196515819058e-05,0.0006711882306262851,16417,1038240,0.015812336261365387
bred_vector,0,16,96.0,q300,-3.0429160688072443e-05,0.0015222744550555944,20071,1038240,0.019331753737093543
bred_vector,0,16,96.0,q400,-5.194018012844026e-05,0.004127090331166983,23189,1038240,0.022334912929573125
bred_vector,0,16,96.0,q500,-0.00010832981206476688,0.007284155581146479,13236,1038240,0.012748497457235322
bred_vector,0,16,96.0,q600,-0.0002591616939753294,0.009956177324056625,16285,1038240,0.015685198027431037
bred_vector,0,16,96.0,q700,-0.00045000528916716576,0.012691177427768707,32264,1038240,0.031075666512559715
bred_vector,0,16,96.0,q850,-0.0007223454304039478,0.018846888095140457,44007,1038240,0.042386153490522424
bred_vector,0,16,96.0,q925,-0.000544773880392313,0.02205169014632702,50768,1038240,0.0488981353059023
bred_vector,0,16,96.0,q1000,-0.000577055849134922,0.025569362565875053,45659,1038240,0.0439773077515796
bred_vector,0,17,102.0,u10m,-20.452238082885742,21.105030059814453,0,1038240,0.0
bred_vector,0,17,102.0,v10m,-18.147756576538086,20.100069046020508,0,1038240,0.0
bred_vector,0,17,102.0,u100m,-26.947351455688477,26.942861557006836,0,1038240,0.0
bred_vector,0,17,102.0,v100m,-23.189876556396484,24.537864685058594,0,1038240,0.0
bred_vector,0,17,102.0,t2m,202.48294067382812,314.726806640625,0,1038240,0.0
bred_vector,0,17,102.0,sp,48953.71484375,103567.453125,0,1038240,0.0
bred_vector,0,17,102.0,msl,95323.9296875,103542.5703125,0,1038240,0.0
bred_vector,0,17,102.0,tcwv,-2.539052963256836,76.61666870117188,41111,1038240,0.03959681769147789
bred_vector,0,17,102.0,u50,-31.936546325683594,70.77770233154297,0,1038240,0.0
bred_vector,0,17,102.0,u100,-31.359088897705078,59.46858215332031,0,1038240,0.0
bred_vector,0,17,102.0,u150,-39.88264465332031,73.352294921875,0,1038240,0.0
bred_vector,0,17,102.0,u200,-33.14563751220703,85.62171936035156,0,1038240,0.0
bred_vector,0,17,102.0,u250,-34.04746627807617,86.94436645507812,0,1038240,0.0
bred_vector,0,17,102.0,u300,-37.02272415161133,80.27560424804688,0,1038240,0.0
bred_vector,0,17,102.0,u400,-40.682579040527344,59.89916229248047,0,1038240,0.0
bred_vector,0,17,102.0,u500,-39.180908203125,49.35222625732422,0,1038240,0.0
bred_vector,0,17,102.0,u600,-34.938499450683594,42.5914421081543,0,1038240,0.0
bred_vector,0,17,102.0,u700,-34.55389404296875,39.060630798339844,0,1038240,0.0
bred_vector,0,17,102.0,u850,-35.09437942504883,37.084739685058594,0,1038240,0.0
bred_vector,0,17,102.0,u925,-32.32777786254883,32.73314666748047,0,1038240,0.0
bred_vector,0,17,102.0,u1000,-20.739484786987305,21.09910011291504,0,1038240,0.0
bred_vector,0,17,102.0,v50,-22.20673942565918,21.752182006835938,0,1038240,0.0
bred_vector,0,17,102.0,v100,-19.331127166748047,25.936397552490234,0,1038240,0.0
bred_vector,0,17,102.0,v150,-37.20642852783203,34.265899658203125,0,1038240,0.0
bred_vector,0,17,102.0,v200,-43.089813232421875,49.48123550415039,0,1038240,0.0
bred_vector,0,17,102.0,v250,-53.40550994873047,56.769432067871094,0,1038240,0.0
bred_vector,0,17,102.0,v300,-46.55559158325195,61.842437744140625,0,1038240,0.0
bred_vector,0,17,102.0,v400,-48.72575378417969,57.23585891723633,0,1038240,0.0
bred_vector,0,17,102.0,v500,-46.17031478881836,49.03868103027344,0,1038240,0.0
bred_vector,0,17,102.0,v600,-37.59957504272461,41.06836700439453,0,1038240,0.0
bred_vector,0,17,102.0,v700,-31.033674240112305,32.774173736572266,0,1038240,0.0
bred_vector,0,17,102.0,v850,-29.893400192260742,30.734256744384766,0,1038240,0.0
bred_vector,0,17,102.0,v925,-30.83200454711914,27.466745376586914,0,1038240,0.0
bred_vector,0,17,102.0,v1000,-21.287944793701172,19.809412002563477,0,1038240,0.0
bred_vector,0,17,102.0,z50,176375.703125,208561.09375,0,1038240,0.0
bred_vector,0,17,102.0,z100,140050.765625,166289.40625,0,1038240,0.0
bred_vector,0,17,102.0,z150,117173.21875,142155.71875,0,1038240,0.0
bred_vector,0,17,102.0,z200,100264.34375,123873.875,0,1038240,0.0
bred_vector,0,17,102.0,z250,86975.890625,109149.4609375,0,1038240,0.0
bred_vector,0,17,102.0,z300,76116.6640625,96610.4375,0,1038240,0.0
bred_vector,0,17,102.0,z400,58921.58984375,75721.125,0,1038240,0.0
bred_vector,0,17,102.0,z500,44976.76953125,58699.66796875,0,1038240,0.0
bred_vector,0,17,102.0,z600,32868.703125,44351.859375,0,1038240,0.0
bred_vector,0,17,102.0,z700,22294.9296875,32141.091796875,0,1038240,0.0
bred_vector,0,17,102.0,z850,8421.986328125,16362.064453125,0,1038240,0.0
bred_vector,0,17,102.0,z925,2302.150390625,9300.1396484375,0,1038240,0.0
bred_vector,0,17,102.0,z1000,-3760.35205078125,2861.0146484375,0,1038240,0.0
bred_vector,0,17,102.0,t50,179.34976196289062,237.70755004882812,0,1038240,0.0
bred_vector,0,17,102.0,t100,185.2606964111328,240.26956176757812,0,1038240,0.0
bred_vector,0,17,102.0,t150,189.1009979248047,245.207763671875,0,1038240,0.0
bred_vector,0,17,102.0,t200,193.96351623535156,244.2508544921875,0,1038240,0.0
bred_vector,0,17,102.0,t250,198.31289672851562,244.9810333251953,0,1038240,0.0
bred_vector,0,17,102.0,t300,202.13294982910156,250.5882110595703,0,1038240,0.0
bred_vector,0,17,102.0,t400,211.00900268554688,264.61090087890625,0,1038240,0.0
bred_vector,0,17,102.0,t500,217.82101440429688,276.3851318359375,0,1038240,0.0
bred_vector,0,17,102.0,t600,207.28250122070312,288.7837829589844,0,1038240,0.0
bred_vector,0,17,102.0,t700,214.31521606445312,298.1341552734375,0,1038240,0.0
bred_vector,0,17,102.0,t850,223.20870971679688,309.7430419921875,0,1038240,0.0
bred_vector,0,17,102.0,t925,226.8894805908203,315.1636657714844,0,1038240,0.0
bred_vector,0,17,102.0,t1000,230.0815887451172,320.0914306640625,0,1038240,0.0
bred_vector,0,17,102.0,q50,6.314166967058554e-07,2.095652007483295e-06,0,1038240,0.0
bred_vector,0,17,102.0,q100,1.0142829296455602e-06,4.748081664729398e-06,0,1038240,0.0
bred_vector,0,17,102.0,q150,-8.837209861667361e-07,3.7161305954214185e-05,18,1038240,1.7337031900138696e-05
bred_vector,0,17,102.0,q200,-1.0474122973391786e-05,0.00019109838467556983,13185,1038240,0.012699375866851595
bred_vector,0,17,102.0,q250,-1.2690255971392617e-05,0.0006493148393929005,18038,1038240,0.017373632300816767
bred_vector,0,17,102.0,q300,-3.022728196810931e-05,0.0014973614597693086,20541,1038240,0.019784442903374944
bred_vector,0,17,102.0,q400,-6.199328345246613e-05,0.004120741039514542,24538,1038240,0.02363422715364463
bred_vector,0,17,102.0,q500,-0.00010007282253354788,0.007972901687026024,10586,1038240,0.010196101094159346
bred_vector,0,17,102.0,q600,-0.00028159713838249445,0.01161078829318285,14530,1038240,0.013994837417167514
bred_vector,0,17,102.0,q700,-0.00047171791084110737,0.013232851400971413,37011,1038240,0.03564782709200185
bred_vector,0,17,102.0,q850,-0.0005514039658010006,0.018884986639022827,50201,1038240,0.048352018801047926
bred_vector,0,17,102.0,q925,-0.0005741245113313198,0.02181566320359707,60255,1038240,0.05803571428571429
bred_vector,0,17,102.0,q1000,-0.0005790339782834053,0.0250104907900095,53977,1038240,0.051988942826321466
bred_vector,0,18,108.0,u10m,-22.600868225097656,21.938093185424805,0,1038240,0.0
bred_vector,0,18,108.0,v10m,-18.70751190185547,18.06290626525879,0,1038240,0.0
bred_vector,0,18,108.0,u100m,-29.255916595458984,28.25188446044922,0,1038240,0.0
bred_vector,0,18,108.0,v100m,-24.148635864257812,23.794347763061523,0,1038240,0.0
bred_vector,0,18,108.0,t2m,200.84719848632812,322.0848388671875,0,1038240,0.0
bred_vector,0,18,108.0,sp,48868.6796875,103547.3828125,0,1038240,0.0
bred_vector,0,18,108.0,msl,95496.234375,103520.28125,0,1038240,0.0
bred_vector,0,18,108.0,tcwv,-2.577056884765625,78.56250762939453,40233,1038240,0.03875115580212667
bred_vector,0,18,108.0,u50,-29.983734130859375,70.83098602294922,0,1038240,0.0
bred_vector,0,18,108.0,u100,-31.149944305419922,61.33114242553711,0,1038240,0.0
bred_vector,0,18,108.0,u150,-37.268890380859375,72.52477264404297,0,1038240,0.0
bred_vector,0,18,108.0,u200,-32.240509033203125,87.4623031616211,0,1038240,0.0
bred_vector,0,18,108.0,u250,-34.177574157714844,91.25042724609375,0,1038240,0.0
bred_vector,0,18,108.0,u300,-32.13776779174805,81.52510833740234,0,1038240,0.0
bred_vector,0,18,108.0,u400,-38.88780975341797,59.81163787841797,0,1038240,0.0
bred_vector,0,18,108.0,u500,-37.85107421875,52.56499099731445,0,1038240,0.0
bred_vector,0,18,108.0,u600,-34.23952102661133,44.874534606933594,0,1038240,0.0
bred_vector,0,18,108.0,u700,-33.679466247558594,38.12638854980469,0,1038240,0.0
bred_vector,0,18,108.0,u850,-35.561771392822266,37.190311431884766,0,1038240,0.0
bred_vector,0,18,108.0,u925,-37.72056198120117,34.63713836669922,0,1038240,0.0
bred_vector,0,18,108.0,u1000,-22.564361572265625,22.236507415771484,0,1038240,0.0
bred_vector,0,18,108.0,v50,-22.028200149536133,23.016132354736328,0,1038240,0.0
bred_vector,0,18,108.0,v100,-18.609342575073242,25.489126205444336,0,1038240,0.0
bred_vector,0,18,108.0,v150,-35.43141174316406,32.49324417114258,0,1038240,0.0
bred_vector,0,18,108.0,v200,-41.18354034423828,47.28921127319336,0,1038240,0.0
bred_vector,0,18,108.0,v250,-50.25947570800781,55.109004974365234,0,1038240,0.0
bred_vector,0,18,108.0,v300,-45.109500885009766,59.140472412109375,0,1038240,0.0
bred_vector,0,18,108.0,v400,-42.71841049194336,59.52428436279297,0,1038240,0.0
bred_vector,0,18,108.0,v500,-38.459564208984375,51.196533203125,0,1038240,0.0
bred_vector,0,18,108.0,v600,-31.51435661315918,39.52700424194336,0,1038240,0.0
bred_vector,0,18,108.0,v700,-28.304527282714844,31.202884674072266,0,1038240,0.0
bred_vector,0,18,108.0,v850,-30.216167449951172,26.435110092163086,0,1038240,0.0
bred_vector,0,18,108.0,v925,-31.251174926757812,27.08350944519043,0,1038240,0.0
bred_vector,0,18,108.0,v1000,-20.352291107177734,18.773088455200195,0,1038240,0.0
bred_vector,0,18,108.0,z50,176244.890625,208762.796875,0,1038240,0.0
bred_vector,0,18,108.0,z100,139978.84375,166394.609375,0,1038240,0.0
bred_vector,0,18,108.0,z150,117084.28125,142254.078125,0,1038240,0.0
bred_vector,0,18,108.0,z200,100151.703125,123983.2265625,0,1038240,0.0
bred_vector,0,18,108.0,z250,86853.8046875,109078.6484375,0,1038240,0.0
bred_vector,0,18,108.0,z300,75981.1171875,96425.828125,0,1038240,0.0
bred_vector,0,18,108.0,z400,58798.99609375,75501.71875,0,1038240,0.0
bred_vector,0,18,108.0,z500,44843.91796875,58533.1484375,0,1038240,0.0
bred_vector,0,18,108.0,z600,32769.89453125,44405.83984375,0,1038240,0.0
bred_vector,0,18,108.0,z700,22250.34375,32079.70703125,0,1038240,0.0
bred_vector,0,18,108.0,z850,8500.388671875,16320.9677734375,0,1038240,0.0
bred_vector,0,18,108.0,z925,2422.45166015625,9260.189453125,0,1038240,0.0
bred_vector,0,18,108.0,z1000,-3613.61328125,2837.662109375,0,1038240,0.0
bred_vector,0,18,108.0,t50,179.09815979003906,237.72137451171875,0,1038240,0.0
bred_vector,0,18,108.0,t100,185.6496124267578,240.719482421875,0,1038240,0.0
bred_vector,0,18,108.0,t150,191.15074157714844,245.07846069335938,0,1038240,0.0
bred_vector,0,18,108.0,t200,194.67962646484375,244.13751220703125,0,1038240,0.0
bred_vector,0,18,108.0,t250,198.3719024658203,245.00546264648438,0,1038240,0.0
bred_vector,0,18,108.0,t300,201.68197631835938,251.47091674804688,0,1038240,0.0
bred_vector,0,18,108.0,t400,210.78456115722656,265.9872131347656,0,1038240,0.0
bred_vector,0,18,108.0,t500,217.5303955078125,278.97027587890625,0,1038240,0.0
bred_vector,0,18,108.0,t600,207.36508178710938,291.9407653808594,0,1038240,0.0
bred_vector,0,18,108.0,t700,214.1774139404297,301.22900390625,0,1038240,0.0
bred_vector,0,18,108.0,t850,223.5850067138672,312.1790466308594,0,1038240,0.0
bred_vector,0,18,108.0,t925,227.50677490234375,317.34405517578125,0,1038240,0.0
bred_vector,0,18,108.0,t1000,230.87796020507812,322.6144104003906,0,1038240,0.0
bred_vector,0,18,108.0,q50,6.651562216575257e-07,2.1116620700922795e-06,0,1038240,0.0
bred_vector,0,18,108.0,q100,9.894389449982555e-07,4.69543965664343e-06,0,1038240,0.0
bred_vector,0,18,108.0,q150,-3.671666490845382e-07,4.4833719584858045e-05,9,1038240,8.668515950069348e-06
bred_vector,0,18,108.0,q200,-1.0738604032667354e-05,0.00023146302555687726,12757,1038240,0.012287139775003854
bred_vector,0,18,108.0,q250,-1.5304740372812375e-05,0.0006949338130652905,19828,1038240,0.01909770380644167
bred_vector,0,18,108.0,q300,-3.272545291110873e-05,0.0015900613507255912,20757,1038240,0.019992487286176606
bred_vector,0,18,108.0,q400,-0.00011877654469572008,0.00432118633762002,25410,1038240,0.02447411003236246
bred_vector,0,18,108.0,q500,-0.00011001538950949907,0.007976364344358444,10678,1038240,0.010284712590537834
bred_vector,0,18,108.0,q600,-0.00027065782342106104,0.010196765884757042,13549,1038240,0.013049969178609955
bred_vector,0,18,108.0,q700,-0.0005225874483585358,0.013575270771980286,29211,1038240,0.028135113268608413
bred_vector,0,18,108.0,q850,-0.0005520540289580822,0.019756203517317772,44691,1038240,0.043044960702727696
bred_vector,0,18,108.0,q925,-0.0006079133599996567,0.020988503471016884,55127,1038240,0.05309658653105255
bred_vector,0,18,108.0,q1000,-0.0005898410454392433,0.025215618312358856,45037,1038240,0.04337821698258591
bred_vector,0,19,114.0,u10m,-25.719457626342773,23.46124267578125,0,1038240,0.0
bred_vector,0,19,114.0,v10m,-19.08692169189453,17.930984497070312,0,1038240,0.0
bred_vector,0,19,114.0,u100m,-33.36606979370117,29.532400131225586,0,1038240,0.0
bred_vector,0,19,114.0,v100m,-24.85392951965332,24.28973388671875,0,1038240,0.0
bred_vector,0,19,114.0,t2m,199.54037475585938,321.2210998535156,0,1038240,0.0
bred_vector,0,19,114.0,sp,49022.4609375,103461.9296875,0,1038240,0.0
bred_vector,0,19,114.0,msl,95564.625,103427.1640625,0,1038240,0.0
bred_vector,0,19,114.0,tcwv,-2.6532344818115234,79.43367004394531,39023,1038240,0.0375857219910618
bred_vector,0,19,114.0,u50,-30.181381225585938,72.37725067138672,0,1038240,0.0
bred_vector,0,19,114.0,u100,-33.87191390991211,62.37068557739258,0,1038240,0.0
bred_vector,0,19,114.0,u150,-38.74751281738281,71.47331237792969,0,1038240,0.0
bred_vector,0,19,114.0,u200,-32.55989074707031,87.51451873779297,0,1038240,0.0
bred_vector,0,19,114.0,u250,-34.016300201416016,95.21719360351562,0,1038240,0.0
bred_vector,0,19,114.0,u300,-32.22426986694336,84.22948455810547,0,1038240,0.0
bred_vector,0,19,114.0,u400,-40.50190734863281,63.54521942138672,0,1038240,0.0
bred_vector,0,19,114.0,u500,-35.79493713378906,56.406761169433594,0,1038240,0.0
bred_vector,0,19,114.0,u600,-28.789884567260742,47.96515655517578,0,1038240,0.0
bred_vector,0,19,114.0,u700,-31.233177185058594,40.116275787353516,0,1038240,0.0
bred_vector,0,19,114.0,u850,-43.340370178222656,35.851131439208984,0,1038240,0.0
bred_vector,0,19,114.0,u925,-42.04658889770508,34.50395584106445,0,1038240,0.0
bred_vector,0,19,114.0,u1000,-25.744503021240234,23.50141143798828,0,1038240,0.0
bred_vector,0,19,114.0,v50,-22.679351806640625,21.666231155395508,0,1038240,0.0
bred_vector,0,19,114.0,v100,-18.850601196289062,23.495603561401367,0,1038240,0.0
bred_vector,0,19,114.0,v150,-30.540687561035156,31.812973022460938,0,1038240,0.0
bred_vector,0,19,114.0,v200,-39.79246520996094,43.2203483581543,0,1038240,0.0
bred_vector,0,19,114.0,v250,-45.989830017089844,49.82695770263672,0,1038240,0.0
bred_vector,0,19,114.0,v300,-42.847415924072266,58.404945373535156,0,1038240,0.0
bred_vector,0,19,114.0,v400,-46.25213623046875,58.93613815307617,0,1038240,0.0
bred_vector,0,19,114.0,v500,-35.42091369628906,49.73388671875,0,1038240,0.0
bred_vector,0,19,114.0,v600,-28.297618865966797,38.278236389160156,0,1038240,0.0
bred_vector,0,19,114.0,v700,-29.385812759399414,29.244951248168945,0,1038240,0.0
bred_vector,0,19,114.0,v850,-33.795562744140625,24.395536422729492,0,1038240,0.0
bred_vector,0,19,114.0,v925,-31.954879760742188,27.19449234008789,0,1038240,0.0
bred_vector,0,19,114.0,v1000,-20.134273529052734,18.79889488220215,0,1038240,0.0
bred_vector,0,19,114.0,z50,176117.296875,208768.9375,0,1038240,0.0
bred_vector,0,19,114.0,z100,139869.609375,166481.34375,0,1038240,0.0
bred_vector,0,19,114.0,z150,116950.6484375,142313.5625,0,1038240,0.0
bred_vector,0,19,114.0,z200,99979.8359375,124035.4453125,0,1038240,0.0
bred_vector,0,19,114.0,z250,86647.7109375,109132.359375,0,1038240,0.0
bred_vector,0,19,114.0,z300,75743.4921875,96475.3515625,0,1038240,0.0
bred_vector,0,19,114.0,z400,58557.296875,75594.96875,0,1038240,0.0
bred_vector,0,19,114.0,z500,44862.8203125,58599.7734375,0,1038240,0.0
bred_vector,0,19,114.0,z600,32809.76171875,44399.515625,0,1038240,0.0
bred_vector,0,19,114.0,z700,22328.44921875,31968.833984375,0,1038240,0.0
bred_vector,0,19,114.0,z850,8650.5234375,16229.3984375,0,1038240,0.0
bred_vector,0,19,114.0,z925,2509.85986328125,9175.505859375,0,1038240,0.0
bred_vector,0,19,114.0,z1000,-3549.02978515625,2765.53076171875,0,1038240,0.0
bred_vector,0,19,114.0,t50,179.11512756347656,237.774658203125,0,1038240,0.0
bred_vector,0,19,114.0,t100,186.8868408203125,240.89364624023438,0,1038240,0.0
bred_vector,0,19,114.0,t150,193.30393981933594,245.2826385498047,0,1038240,0.0
bred_vector,0,19,114.0,t200,195.2653045654297,243.96937561035156,0,1038240,0.0
bred_vector,0,19,114.0,t250,198.6766815185547,245.0660858154297,0,1038240,0.0
bred_vector,0,19,114.0,t300,201.80941772460938,250.75137329101562,0,1038240,0.0
bred_vector,0,19,114.0,t400,210.4883575439453,264.74603271484375,0,1038240,0.0
bred_vector,0,19,114.0,t500,216.4962615966797,276.3531188964844,0,1038240,0.0
bred_vector,0,19,114.0,t600,205.12069702148438,287.3123779296875,0,1038240,0.0
bred_vector,0,19,114.0,t700,213.88104248046875,295.8121337890625,0,1038240,0.0
bred_vector,0,19,114.0,t850,223.19271850585938,309.168701171875,0,1038240,0.0
bred_vector,0,19,114.0,t925,227.228515625,315.284912109375,0,1038240,0.0
bred_vector,0,19,114.0,t1000,230.49539184570312,320.7605285644531,0,1038240,0.0
bred_vector,0,19,114.0,q50,7.011101388343377e-07,2.1256093987176428e-06,0,1038240,0.0
bred_vector,0,19,114.0,q100,9.930024589266395e-07,4.627173439075705e-06,0,1038240,0.0
bred_vector,0,19,114.0,q150,2.714969014050439e-07,4.101239755982533e-05,0,1038240,0.0
bred_vector,0,19,114.0,q200,-1.1792684745159931e-05,0.00022037807502783835,11328,1038240,0.01091077207582062
bred_vector,0,19,114.0,q250,-1.5027751942398027e-05,0.0007090764702297747,23444,1038240,0.022580520881491754
bred_vector,0,19,114.0,q300,-3.277198993600905e-05,0.0016463464125990868,25352,1038240,0.024418246262906458
bred_vector,0,19,114.0,q400,-6.198944174684584e-05,0.004422006197273731,32618,1038240,0.03141662813992911
bred_vector,0,19,114.0,q500,-8.273788262158632e-05,0.0076739173382520676,9746,1038240,0.009387039605486208
bred_vector,0,19,114.0,q600,-0.0002715566661208868,0.010140884667634964,13197,1038240,0.012710933888118354
bred_vector,0,19,114.0,q700,-0.00045541138388216496,0.013127263635396957,34701,1038240,0.03342290799815072
bred_vector,0,19,114.0,q850,-0.0005627297796308994,0.019957534968852997,46380,1038240,0.04467175219602404
bred_vector,0,19,114.0,q925,-0.0006003309972584248,0.020922962576150894,58402,1038240,0.056250963168438896
bred_vector,0,19,114.0,q1000,-0.0006521157920360565,0.025264954194426537,47431,1038240,0.04568404222530436
bred_vector,0,20,120.0,u10m,-24.847007751464844,27.06855010986328,0,1038240,0.0
bred_vector,0,20,120.0,v10m,-19.162263870239258,18.420459747314453,0,1038240,0.0
bred_vector,0,20,120.0,u100m,-32.13675308227539,35.61039733886719,0,1038240,0.0
bred_vector,0,20,120.0,v100m,-24.95670509338379,25.06751251220703,0,1038240,0.0
bred_vector,0,20,120.0,t2m,197.45811462402344,318.8695068359375,0,1038240,0.0
bred_vector,0,20,120.0,sp,48861.09765625,103387.0546875,0,1038240,0.0
bred_vector,0,20,120.0,msl,94799.9453125,103347.7265625,0,1038240,0.0
bred_vector,0,20,120.0,tcwv,-2.566244125366211,77.0665512084961,45832,1038240,0.04414393589150871
bred_vector,0,20,120.0,u50,-30.230777740478516,72.2542953491211,0,1038240,0.0
bred_vector,0,20,120.0,u100,-33.81621551513672,62.17155075073242,0,1038240,0.0
bred_vector,0,20,120.0,u150,-38.87903594970703,70.37364196777344,0,1038240,0.0
bred_vector,0,20,120.0,u200,-32.155487060546875,87.9024887084961,0,1038240,0.0
bred_vector,0,20,120.0,u250,-31.7354736328125,92.39454650878906,0,1038240,0.0
bred_vector,0,20,120.0,u300,-31.490421295166016,84.77928924560547,0,1038240,0.0
bred_vector,0,20,120.0,u400,-42.45897674560547,63.95201110839844,0,1038240,0.0
bred_vector,0,20,120.0,u500,-36.58472442626953,58.140113830566406,0,1038240,0.0
bred_vector,0,20,120.0,u600,-27.825345993041992,49.59501647949219,0,1038240,0.0
bred_vector,0,20,120.0,u700,-30.464847564697266,44.39479446411133,0,1038240,0.0
bred_vector,0,20,120.0,u850,-41.886329650878906,42.8766975402832,0,1038240,0.0
bred_vector,0,20,120.0,u925,-39.22478103637695,41.400177001953125,0,1038240,0.0
bred_vector,0,20,120.0,u1000,-24.71157455444336,27.431133270263672,0,1038240,0.0
bred_vector,0,20,120.0,v50,-23.66014862060547,21.7301082611084,0,1038240,0.0
bred_vector,0,20,120.0,v100,-18.545961380004883,22.334667205810547,0,1038240,0.0
bred_vector,0,20,120.0,v150,-27.179908752441406,31.973892211914062,0,1038240,0.0
bred_vector,0,20,120.0,v200,-42.48051834106445,41.67681884765625,0,1038240,0.0
bred_vector,0,20,120.0,v250,-51.0056037902832,45.154300689697266,0,1038240,0.0
bred_vector,0,20,120.0,v300,-44.561248779296875,54.376338958740234,0,1038240,0.0
bred_vector,0,20,120.0,v400,-46.00813674926758,56.31049728393555,0,1038240,0.0
bred_vector,0,20,120.0,v500,-37.817142486572266,48.121482849121094,0,1038240,0.0
bred_vector,0,20,120.0,v600,-30.270906448364258,37.705204010009766,0,1038240,0.0
bred_vector,0,20,120.0,v700,-28.335613250732422,27.86553192138672,0,1038240,0.0
bred_vector,0,20,120.0,v850,-34.718902587890625,27.698579788208008,0,1038240,0.0
bred_vector,0,20,120.0,v925,-32.61906051635742,28.010467529296875,0,1038240,0.0
bred_vector,0,20,120.0,v1000,-20.239288330078125,19.43103790283203,0,1038240,0.0
bred_vector,0,20,120.0,z50,175951.0,208726.34375,0,1038240,0.0
bred_vector,0,20,120.0,z100,139788.625,166307.640625,0,1038240,0.0
bred_vector,0,20,120.0,z150,116838.6171875,142118.765625,0,1038240,0.0
bred_vector,0,20,120.0,z200,99817.921875,123836.140625,0,1038240,0.0
bred_vector,0,20,120.0,z250,86460.03125,109013.7265625,0,1038240,0.0
bred_vector,0,20,120.0,z300,75546.9609375,96447.3046875,0,1038240,0.0
bred_vector,0,20,120.0,z400,58380.171875,75498.578125,0,1038240,0.0
bred_vector,0,20,120.0,z500,44782.8359375,58643.58203125,0,1038240,0.0
bred_vector,0,20,120.0,z600,33066.0234375,44503.9375,0,1038240,0.0
bred_vector,0,20,120.0,z700,22707.25390625,32015.69921875,0,1038240,0.0
bred_vector,0,20,120.0,z850,8354.35546875,16190.365234375,0,1038240,0.0
bred_vector,0,20,120.0,z925,1861.72412109375,9122.826171875,0,1038240,0.0
bred_vector,0,20,120.0,z1000,-4223.14453125,2713.52734375,0,1038240,0.0
bred_vector,0,20,120.0,t50,178.968505859375,237.82217407226562,0,1038240,0.0
bred_vector,0,20,120.0,t100,188.1171417236328,241.2647247314453,0,1038240,0.0
bred_vector,0,20,120.0,t150,193.59402465820312,245.2626953125,0,1038240,0.0
bred_vector,0,20,120.0,t200,195.49058532714844,243.6638641357422,0,1038240,0.0
bred_vector,0,20,120.0,t250,199.1956024169922,245.30238342285156,0,1038240,0.0
bred_vector,0,20,120.0,t300,202.361572265625,250.52426147460938,0,1038240,0.0
bred_vector,0,20,120.0,t400,209.74281311035156,264.39373779296875,0,1038240,0.0
bred_vector,0,20,120.0,t500,215.78260803222656,275.1464538574219,0,1038240,0.0
bred_vector,0,20,120.0,t600,206.03662109375,283.6194763183594,0,1038240,0.0
bred_vector,0,20,120.0,t700,213.13795471191406,294.01214599609375,0,1038240,0.0
bred_vector,0,20,120.0,t850,222.384521484375,309.5363464355469,0,1038240,0.0
bred_vector,0,20,120.0,t925,226.58328247070312,315.0103759765625,0,1038240,0.0
bred_vector,0,20,120.0,t1000,229.92117309570312,319.7308349609375,0,1038240,0.0
bred_vector,0,20,120.0,q50,7.39207507649553e-07,2.142281800843193e-06,0,1038240,0.0
bred_vector,0,20,120.0,q100,1.0000975407820079e-06,4.682582130044466e-06,0,1038240,0.0
bred_vector,0,20,120.0,q150,2.340038918191567e-07,3.4649423469090834e-05,0,1038240,0.0
bred_vector,0,20,120.0,q200,-1.2001770301139913e-05,0.00019734686065930873,12498,1038240,0.012037679149329635
bred_vector,0,20,120.0,q250,-1.5459936548722908e-05,0.0006782049895264208,24501,1038240,0.023598589921405455
bred_vector,0,20,120.0,q300,-3.5052711609750986e-05,0.0015855955425649881,24275,1038240,0.023380913854214824
bred_vector,0,20,120.0,q400,-5.151121877133846e-05,0.004189633298665285,30200,1038240,0.029087686854677147
bred_vector,0,20,120.0,q500,-0.00010439747711643577,0.007359515409916639,12372,1038240,0.011916319926028663
bred_vector,0,20,120.0,q600,-0.00028042064514011145,0.00997164100408554,15524,1038240,0.01495222684543073
bred_vector,0,20,120.0,q700,-0.0004100147634744644,0.013151060789823532,34081,1038240,0.03282574356603483
bred_vector,0,20,120.0,q850,-0.0005426504649221897,0.01910041831433773,50898,1038240,0.04902334720295885
bred_vector,0,20,120.0,q925,-0.0006509763188660145,0.02072303369641304,56272,1038240,0.05419941439358915
bred_vector,0,20,120.0,q1000,-0.0006354157812893391,0.02518639899790287,47663,1038240,0.04590749730312837
bred_vector,1,0,0.0,u10m,-28.49654197692871,26.845773696899414,0,1038240,0.0
bred_vector,1,0,0.0,v10m,-27.78190803527832,26.267568588256836,0,1038240,0.0
bred_vector,1,0,0.0,u100m,-37.816009521484375,33.00194549560547,0,1038240,0.0
bred_vector,1,0,0.0,v100m,-32.529178619384766,33.04170608520508,0,1038240,0.0
bred_vector,1,0,0.0,t2m,207.64471435546875,326.0431823730469,0,1038240,0.0
bred_vector,1,0,0.0,sp,49229.12109375,104684.53125,0,1038240,0.0
bred_vector,1,0,0.0,msl,92697.46875,107115.84375,0,1038240,0.0
bred_vector,1,0,0.0,tcwv,-4.138762950897217,167.9083251953125,95068,1038240,0.09156649714902142
bred_vector,1,0,0.0,u50,-62.8055419921875,69.91190338134766,0,1038240,0.0
bred_vector,1,0,0.0,u100,-70.0420150756836,80.8883056640625,0,1038240,0.0
bred_vector,1,0,0.0,u150,-73.14678955078125,100.51811218261719,0,1038240,0.0
bred_vector,1,0,0.0,u200,-79.32058715820312,113.27312469482422,0,1038240,0.0
bred_vector,1,0,0.0,u250,-75.47374725341797,110.66339111328125,0,1038240,0.0
bred_vector,1,0,0.0,u300,-55.38212203979492,106.70881652832031,0,1038240,0.0
bred_vector,1,0,0.0,u400,-38.3741455078125,79.67988586425781,0,1038240,0.0
bred_vector,1,0,0.0,u500,-38.332008361816406,55.936485290527344,0,1038240,0.0
bred_vector,1,0,0.0,u600,-43.974876403808594,47.23286056518555,0,1038240,0.0
bred_vector,1,0,0.0,u700,-46.04794692993164,42.89798355102539,0,1038240,0.0
bred_vector,1,0,0.0,u850,-51.883670806884766,38.651756286621094,0,1038240,0.0
bred_vector,1,0,0.0,u925,-40.545291900634766,36.8633918762207,0,1038240,0.0
bred_vector,1,0,0.0,u1000,-27.7574520111084,26.79867935180664,0,1038240,0.0
bred_vector,1,0,0.0,v50,-28.47664451599121,36.360137939453125,0,1038240,0.0
bred_vector,1,0,0.0,v100,-33.939205169677734,41.82292938232422,0,1038240,0.0
bred_vector,1,0,0.0,v150,-37.733158111572266,51.053184509277344,0,1038240,0.0
bred_vector,1,0,0.0,v200,-51.227684020996094,68.76761627197266,0,1038240,0.0
bred_vector,1,0,0.0,v250,-62.407928466796875,64.82889556884766,0,1038240,0.0
bred_vector,1,0,0.0,v300,-54.99879455566406,66.29895782470703,0,1038240,0.0
bred_vector,1,0,0.0,v400,-59.74430465698242,62.67877197265625,0,1038240,0.0
bred_vector,1,0,0.0,v500,-50.266998291015625,56.51741409301758,0,1038240,0.0
bred_vector,1,0,0.0,v600,-45.38917922973633,39.73194885253906,0,1038240,0.0
bred_vector,1,0,0.0,v700,-39.40863800048828,42.337467193603516,0,1038240,0.0
bred_vector,1,0,0.0,v850,-40.91398239135742,36.37871551513672,0,1038240,0.0
bred_vector,1,0,0.0,v925,-35.66975784301758,39.393306732177734,0,1038240,0.0
bred_vector,1,0,0.0,v1000,-25.253908157348633,26.512348175048828,0,1038240,0.0
bred_vector,1,0,0.0,z50,177259.953125,216194.71875,0,1038240,0.0
bred_vector,1,0,0.0,z100,142059.34375,175004.875,0,1038240,0.0
bred_vector,1,0,0.0,z150,118944.4765625,153373.796875,0,1038240,0.0
bred_vector,1,0,0.0,z200,102106.03125,134194.40625,0,1038240,0.0
bred_vector,1,0,0.0,z250,88610.234375,118351.671875,0,1038240,0.0
bred_vector,1,0,0.0,z300,77340.3515625,104027.34375,0,1038240,0.0
bred_vector,1,0,0.0,z400,59129.39453125,80199.7578125,0,1038240,0.0
bred_vector,1,0,0.0,z500,44518.015625,61480.72265625,0,1038240,0.0
bred_vector,1,0,0.0,z600,32259.6015625,45973.46484375,0,1038240,0.0
bred_vector,1,0,0.0,z700,21689.37109375,32985.19921875,0,1038240,0.0
bred_vector,1,0,0.0,z850,7192.142578125,16822.341796875,0,1038240,0.0
bred_vector,1,0,0.0,z925,415.4652099609375,9696.60546875,0,1038240,0.0
bred_vector,1,0,0.0,z1000,-5856.84716796875,4416.5244140625,0,1038240,0.0
bred_vector,1,0,0.0,t50,159.63063049316406,252.57174682617188,0,1038240,0.0
bred_vector,1,0,0.0,t100,164.941650390625,248.75634765625,0,1038240,0.0
bred_vector,1,0,0.0,t150,182.6179656982422,244.52890014648438,0,1038240,0.0
bred_vector,1,0,0.0,t200,195.32568359375,250.21900939941406,0,1038240,0.0
bred_vector,1,0,0.0,t250,201.33372497558594,267.7975769042969,0,1038240,0.0
bred_vector,1,0,0.0,t300,208.6197509765625,282.7915954589844,0,1038240,0.0
bred_vector,1,0,0.0,t400,220.57484436035156,291.7041931152344,0,1038240,0.0
bred_vector,1,0,0.0,t500,228.15237426757812,295.30523681640625,0,1038240,0.0
bred_vector,1,0,0.0,t600,215.9914093017578,303.7755126953125,0,1038240,0.0
bred_vector,1,0,0.0,t700,212.702392578125,312.13824462890625,0,1038240,0.0
bred_vector,1,0,0.0,t850,219.78565979003906,323.0548095703125,0,1038240,0.0
bred_vector,1,0,0.0,t925,222.8055877685547,324.7484130859375,0,1038240,0.0
bred_vector,1,0,0.0,t1000,225.93145751953125,326.8402099609375,0,1038240,0.0
bred_vector,1,0,0.0,q50,-8.341687498614192e-05,8.382712985621765e-05,489565,1038240,0.47153355678841113
bred_vector,1,0,0.0,q100,-1.536491072329227e-05,2.118482007062994e-05,342369,1038240,0.3297590152565881
bred_vector,1,0,0.0,q150,-4.706596882897429e-06,6.937800208106637e-05,12135,1038240,0.01168804900601017
bred_vector,1,0,0.0,q200,-8.681524377607275e-06,0.00043521643965505064,2141,1038240,0.0020621436276776085
bred_vector,1,0,0.0,q250,-1.4716859368490987e-05,0.001451999181881547,1848,1038240,0.0017799352750809063
bred_vector,1,0,0.0,q300,7.357002687058412e-07,0.0034703598357737064,0,1038240,0.0
bred_vector,1,0,0.0,q400,-5.340354982763529e-05,0.008378681726753712,1147,1038240,0.0011047541994143935
bred_vector,1,0,0.0,q500,6.2535418692277744e-06,0.013843204826116562,0,1038240,0.0
bred_vector,1,0,0.0,q600,-0.0005117373075336218,0.021991722285747528,2717,1038240,0.0026169286484820464
bred_vector,1,0,0.0,q700,-0.001094516017474234,0.031180281192064285,4564,1038240,0.0043959007551240565
bred_vector,1,0,0.0,q850,-0.001774621894583106,0.04768719896674156,5030,1038240,0.004844737247649869
bred_vector,1,0,0.0,q925,-0.0018254774622619152,0.05469260364770889,5087,1038240,0.0048996378486669745
bred_vector,1,0,0.0,q1000,-0.0014794986927881837,0.06059198081493378,4724,1038240,0.004550007705347511
bred_vector,1,1,6.0,u10m,-27.285409927368164,23.42316436767578,0,1038240,0.0
bred_vector,1,1,6.0,v10m,-15.938406944274902,18.369834899902344,0,1038240,0.0
bred_vector,1,1,6.0,u100m,-34.487754821777344,27.854145050048828,0,1038240,0.0
bred_vector,1,1,6.0,v100m,-22.810863494873047,21.285688400268555,0,1038240,0.0
bred_vector,1,1,6.0,t2m,216.1002655029297,325.7884216308594,0,1038240,0.0
bred_vector,1,1,6.0,sp,48311.70703125,105795.4609375,0,1038240,0.0
bred_vector,1,1,6.0,msl,94151.6484375,106023.9609375,0,1038240,0.0
bred_vector,1,1,6.0,tcwv,-13.048725128173828,163.63107299804688,85161,1038240,0.08202438742487286
bred_vector,1,1,6.0,u50,-68.07640075683594,83.82347869873047,0,1038240,0.0
bred_vector,1,1,6.0,u100,-73.70470428466797,80.62446594238281,0,1038240,0.0
bred_vector,1,1,6.0,u150,-81.35870361328125,99.22274017333984,0,1038240,0.0
bred_vector,1,1,6.0,u200,-99.72640991210938,122.65779876708984,0,1038240,0.0
bred_vector,1,1,6.0,u250,-87.89779663085938,144.05023193359375,0,1038240,0.0
bred_vector,1,1,6.0,u300,-70.373291015625,110.30553436279297,0,1038240,0.0
bred_vector,1,1,6.0,u400,-51.017242431640625,72.68596649169922,0,1038240,0.0
bred_vector,1,1,6.0,u500,-54.577388763427734,60.64848709106445,0,1038240,0.0
bred_vector,1,1,6.0,u600,-48.441219329833984,55.42203903198242,0,1038240,0.0
bred_vector,1,1,6.0,u700,-40.61610412597656,54.14078140258789,0,1038240,0.0
bred_vector,1,1,6.0,u850,-41.22554397583008,42.10539627075195,0,1038240,0.0
bred_vector,1,1,6.0,u925,-38.79298782348633,31.72093963623047,0,1038240,0.0
bred_vector,1,1,6.0,u1000,-24.557119369506836,24.432689666748047,0,1038240,0.0
bred_vector,1,1,6.0,v50,-40.00238037109375,37.542423248291016,0,1038240,0.0
bred_vector,1,1,6.0,v100,-46.67563247680664,48.9676513671875,0,1038240,0.0
bred_vector,1,1,6.0,v150,-51.925132751464844,70.42115020751953,0,1038240,0.0
bred_vector,1,1,6.0,v200,-56.34999084472656,72.38687896728516,0,1038240,0.0
bred_vector,1,1,6.0,v250,-56.604488372802734,61.87675094604492,0,1038240,0.0
bred_vector,1,1,6.0,v300,-63.51091766357422,63.3228645324707,0,1038240,0.0
bred_vector,1,1,6.0,v400,-43.3746452331543,54.76504135131836,0,1038240,0.0
bred_vector,1,1,6.0,v500,-46.11363983154297,43.29273223876953,0,1038240,0.0
bred_vector,1,1,6.0,v600,-38.99261474609375,36.58534622192383,0,1038240,0.0
bred_vector,1,1,6.0,v700,-38.63249206542969,31.728696823120117,0,1038240,0.0
bred_vector,1,1,6.0,v850,-24.17267417907715,25.67108154296875,0,1038240,0.0
bred_vector,1,1,6.0,v925,-20.580142974853516,23.774185180664062,0,1038240,0.0
bred_vector,1,1,6.0,v1000,-16.367521286010742,19.548683166503906,0,1038240,0.0
bred_vector,1,1,6.0,z50,178958.25,215079.546875,0,1038240,0.0
bred_vector,1,1,6.0,z100,143048.28125,174715.65625,0,1038240,0.0
bred_vector,1,1,6.0,z150,119397.453125,151669.453125,0,1038240,0.0
bred_vector,1,1,6.0,z200,102651.328125,132708.71875,0,1038240,0.0
bred_vector,1,1,6.0,z250,89154.5078125,116716.078125,0,1038240,0.0
bred_vector,1,1,6.0,z300,78015.75,103274.390625,0,1038240,0.0
bred_vector,1,1,6.0,z400,60025.4453125,81039.8359375,0,1038240,0.0
bred_vector,1,1,6.0,z500,45522.1640625,62938.34375,0,1038240,0.0
bred_vector,1,1,6.0,z600,33431.99609375,48134.140625,0,1038240,0.0
bred_vector,1,1,6.0,z700,22778.91796875,35450.53125,0,1038240,0.0
bred_vector,1,1,6.0,z850,8224.3837890625,18804.36328125,0,1038240,0.0
bred_vector,1,1,6.0,z925,1586.328125,11570.455078125,0,1038240,0.0
bred_vector,1,1,6.0,z1000,-4619.1728515625,5001.04736328125,0,1038240,0.0
bred_vector,1,1,6.0,t50,161.0932159423828,251.84506225585938,0,1038240,0.0
bred_vector,1,1,6.0,t100,165.01959228515625,256.4108581542969,0,1038240,0.0
bred_vector,1,1,6.0,t150,181.2465362548828,251.69912719726562,0,1038240,0.0
bred_vector,1,1,6.0,t200,190.13650512695312,253.948974609375,0,1038240,0.0
bred_vector,1,1,6.0,t250,199.76597595214844,274.90447998046875,0,1038240,0.0
bred_vector,1,1,6.0,t300,207.8223419189453,279.92962646484375,0,1038240,0.0
bred_vector,1,1,6.0,t400,216.15643310546875,292.6817932128906,0,1038240,0.0
bred_vector,1,1,6.0,t500,226.5316162109375,298.2228088378906,0,1038240,0.0
bred_vector,1,1,6.0,t600,226.5168914794922,303.5876159667969,0,1038240,0.0
bred_vector,1,1,6.0,t700,225.61602783203125,311.97991943359375,0,1038240,0.0
bred_vector,1,1,6.0,t850,224.90293884277344,321.2797546386719,0,1038240,0.0
bred_vector,1,1,6.0,t925,230.62896728515625,325.4830322265625,0,1038240,0.0
bred_vector,1,1,6.0,t1000,236.58084106445312,332.442138671875,0,1038240,0.0
bred_vector,1,1,6.0,q50,-8.192373934434727e-05,8.243225602200255e-05,489390,1038240,0.4713650023116043
bred_vector,1,1,6.0,q100,-1.4880419257679023e-05,2.142964513041079e-05,349579,1038240,0.3367034597010325
bred_vector,1,1,6.0,q150,-1.1280958460702095e-05,7.633530913153663e-05,60193,1038240,0.057975997842502694
bred_vector,1,1,6.0,q200,-4.487788100959733e-05,0.000563984620384872,10773,1038240,0.01037621359223301
bred_vector,1,1,6.0,q250,-0.00019919670012313873,0.001747752190567553,35087,1038240,0.0337946910155648
bred_vector,1,1,6.0,q300,-0.00025742602883838117,0.0035388220567256212,24242,1038240,0.023349129295731238
bred_vector,1,1,6.0,q400,-0.0014942215057089925,0.009116217494010925,28952,1038240,0.027885652642934196
bred_vector,1,1,6.0,q500,-0.0019441903568804264,0.015011146664619446,13390,1038240,0.012896825396825396
bred_vector,1,1,6.0,q600,-0.003522156737744808,0.022847432643175125,23711,1038240,0.022837686854677144
bred_vector,1,1,6.0,q700,-0.006943176034837961,0.03172486275434494,23064,1038240,0.02221451687471105
bred_vector,1,1,6.0,q850,-0.005942398216575384,0.03842059522867203,10240,1038240,0.009862844814301126
bred_vector,1,1,6.0,q925,-0.003785801585763693,0.0423227995634079,12296,1038240,0.011843119124672523
bred_vector,1,1,6.0,q1000,-0.004744801204651594,0.04204241931438446,12906,1038240,0.012430651872399445
bred_vector,1,2,12.0,u10m,-30.133668899536133,29.672523498535156,0,1038240,0.0
bred_vector,1,2,12.0,v10m,-17.9963436126709,20.662622451782227,0,1038240,0.0
bred_vector,1,2,12.0,u100m,-36.287261962890625,37.61897659301758,0,1038240,0.0
bred_vector,1,2,12.0,v100m,-23.61898422241211,28.452116012573242,0,1038240,0.0
bred_vector,1,2,12.0,t2m,221.8374481201172,326.4046325683594,0,1038240,0.0
bred_vector,1,2,12.0,sp,47333.6328125,108201.4453125,0,1038240,0.0
bred_vector,1,2,12.0,msl,93385.84375,108422.0390625,0,1038240,0.0
bred_vector,1,2,12.0,tcwv,-17.63288688659668,165.0030975341797,89197,1038240,0.08591173524425952
bred_vector,1,2,12.0,u50,-72.7889404296875,113.02523803710938,0,1038240,0.0
bred_vector,1,2,12.0,u100,-95.29441833496094,114.7889633178711,0,1038240,0.0
bred_vector,1,2,12.0,u150,-112.6867446899414,108.95854949951172,0,1038240,0.0
bred_vector,1,2,12.0,u200,-112.18428039550781,143.297119140625,0,1038240,0.0
bred_vector,1,2,12.0,u250,-119.2645263671875,159.52464294433594,34,1038240,3.2747726922484205e-05
bred_vector,1,2,12.0,u300,-100.12564849853516,141.8457489013672,0,1038240,0.0
bred_vector,1,2,12.0,u400,-72.94221496582031,78.6632080078125,0,1038240,0.0
bred_vector,1,2,12.0,u500,-65.85247802734375,70.50283813476562,0,1038240,0.0
bred_vector,1,2,12.0,u600,-63.382896423339844,61.9171028137207,0,1038240,0.0
bred_vector,1,2,12.0,u700,-57.30570983886719,51.02680206298828,0,1038240,0.0
bred_vector,1,2,12.0,u850,-47.81575012207031,40.55564880371094,0,1038240,0.0
bred_vector,1,2,12.0,u925,-39.46018600463867,40.30055618286133,0,1038240,0.0
bred_vector,1,2,12.0,u1000,-30.680490493774414,32.13079071044922,0,1038240,0.0
bred_vector,1,2,12.0,v50,-45.318843841552734,45.156005859375,0,1038240,0.0
bred_vector,1,2,12.0,v100,-55.91838836669922,59.57822036743164,0,1038240,0.0
bred_vector,1,2,12.0,v150,-79.76177978515625,78.42649841308594,0,1038240,0.0
bred_vector,1,2,12.0,v200,-82.67852020263672,60.172119140625,0,1038240,0.0
bred_vector,1,2,12.0,v250,-69.99102020263672,75.7281494140625,0,1038240,0.0
bred_vector,1,2,12.0,v300,-51.38138198852539,79.1860580444336,0,1038240,0.0
bred_vector,1,2,12.0,v400,-68.27169799804688,52.834659576416016,0,1038240,0.0
bred_vector,1,2,12.0,v500,-38.126121520996094,45.47073745727539,0,1038240,0.0
bred_vector,1,2,12.0,v600,-49.486610412597656,45.62538528442383,0,1038240,0.0
bred_vector,1,2,12.0,v700,-30.878662109375,50.67794418334961,0,1038240,0.0
bred_vector,1,2,12.0,v850,-25.54693031311035,31.447877883911133,0,1038240,0.0
bred_vector,1,2,12.0,v925,-26.74651336669922,38.306297302246094,0,1038240,0.0
bred_vector,1,2,12.0,v1000,-19.296154022216797,23.082490921020508,0,1038240,0.0
bred_vector,1,2,12.0,z50,180376.640625,215168.421875,0,1038240,0.0
bred_vector,1,2,12.0,z100,143842.609375,175088.171875,0,1038240,0.0
bred_vector,1,2,12.0,z150,120402.6953125,152040.921875,0,1038240,0.0
bred_vector,1,2,12.0,z200,103932.0625,133607.15625,0,1038240,0.0
bred_vector,1,2,12.0,z250,90616.2109375,118648.71875,0,1038240,0.0
bred_vector,1,2,12.0,z300,79296.796875,105203.140625,0,1038240,0.0
bred_vector,1,2,12.0,z400,61369.90625,82892.171875,0,1038240,0.0
bred_vector,1,2,12.0,z500,46713.39453125,64681.5703125,0,1038240,0.0
bred_vector,1,2,12.0,z600,34685.3828125,50294.46484375,0,1038240,0.0
bred_vector,1,2,12.0,z700,23868.494140625,37554.54296875,0,1038240,0.0
bred_vector,1,2,12.0,z850,8721.1796875,20625.6953125,0,1038240,0.0
bred_vector,1,2,12.0,z925,1800.78369140625,13260.1005859375,0,1038240,0.0
bred_vector,1,2,12.0,z1000,-5371.00048828125,6695.595703125,0,1038240,0.0
bred_vector,1,2,12.0,t50,157.4029541015625,250.08558654785156,0,1038240,0.0
bred_vector,1,2,12.0,t100,161.09396362304688,255.72215270996094,0,1038240,0.0
bred_vector,1,2,12.0,t150,180.17892456054688,256.25067138671875,0,1038240,0.0
bred_vector,1,2,12.0,t200,189.91384887695312,253.3438720703125,0,1038240,0.0
bred_vector,1,2,12.0,t250,193.61502075195312,275.3388366699219,0,1038240,0.0
bred_vector,1,2,12.0,t300,204.83099365234375,282.9607238769531,0,1038240,0.0
bred_vector,1,2,12.0,t400,216.2115478515625,296.5730895996094,0,1038240,0.0
bred_vector,1,2,12.0,t500,223.31182861328125,299.86181640625,0,1038240,0.0
bred_vector,1,2,12.0,t600,221.3316192626953,304.02020263671875,0,1038240,0.0
bred_vector,1,2,12.0,t700,228.29074096679688,315.1539001464844,0,1038240,0.0
bred_vector,1,2,12.0,t850,233.7757568359375,321.1419677734375,0,1038240,0.0
bred_vector,1,2,12.0,t925,237.58026123046875,325.4577331542969,0,1038240,0.0
bred_vector,1,2,12.0,t1000,242.00054931640625,329.5635070800781,0,1038240,0.0
bred_vector,1,2,12.0,q50,-8.043148409342393e-05,8.101819548755884e-05,489221,1038240,0.4712022268454307
bred_vector,1,2,12.0,q100,-1.4583891243091784e-05,2.1784051568829454e-05,358877,1038240,0.34565899984589304
bred_vector,1,2,12.0,q150,-2.3227137717185542e-05,9.90751723293215e-05,142667,1038240,0.13741235167206042
bred_vector,1,2,12.0,q200,-8.851088932715356e-05,0.0005921214469708502,87478,1038240,0.08425604869779627
bred_vector,1,2,12.0,q250,-0.00033803368569351733,0.0019638105295598507,90572,1038240,0.08723609184774234
bred_vector,1,2,12.0,q300,-0.000513831153512001,0.003956111613661051,57181,1038240,0.055074934504546154
bred_vector,1,2,12.0,q400,-0.0015956166898831725,0.009539083577692509,77023,1038240,0.07418612266913238
bred_vector,1,2,12.0,q500,-0.002364157699048519,0.015723230317234993,43106,1038240,0.04151833872707659
bred_vector,1,2,12.0,q600,-0.005557977128773928,0.02364717237651348,54015,1038240,0.05202554322699954
bred_vector,1,2,12.0,q700,-0.00985742174088955,0.033884912729263306,54359,1038240,0.052356873169979966
bred_vector,1,2,12.0,q850,-0.010513244196772575,0.04089950770139694,23208,1038240,0.022353213129912158
bred_vector,1,2,12.0,q925,-0.007261954713612795,0.04213068261742592,18864,1038240,0.018169209431345354
bred_vector,1,2,12.0,q1000,-0.006529027130454779,0.04374270886182785,18657,1038240,0.01796983356449376
bred_vector,1,3,18.0,u10m,-25.1029052734375,28.543359756469727,0,1038240,0.0
bred_vector,1,3,18.0,v10m,-23.273117065429688,29.345592498779297,0,1038240,0.0
bred_vector,1,3,18.0,u100m,-32.47435760498047,34.939022064208984,0,1038240,0.0
bred_vector,1,3,18.0,v100m,-23.179431915283203,35.913238525390625,0,1038240,0.0
bred_vector,1,3,18.0,t2m,224.0449981689453,332.5710144042969,0,1038240,0.0
bred_vector,1,3,18.0,sp,46601.96875,109181.8046875,0,1038240,0.0
bred_vector,1,3,18.0,msl,92010.703125,109956.515625,0,1038240,0.0
bred_vector,1,3,18.0,tcwv,-30.49098014831543,167.75291442871094,97668,1038240,0.09407073509015257
bred_vector,1,3,18.0,u50,-78.0447006225586,125.90364074707031,0,1038240,0.0
bred_vector,1,3,18.0,u100,-131.35260009765625,122.53085327148438,0,1038240,0.0
bred_vector,1,3,18.0,u150,-144.86582946777344,102.47321319580078,0,1038240,0.0
bred_vector,1,3,18.0,u200,-142.65931701660156,131.70932006835938,0,1038240,0.0
bred_vector,1,3,18.0,u250,-145.5206756591797,149.2008819580078,0,1038240,0.0
bred_vector,1,3,18.0,u300,-143.1702880859375,124.56095123291016,0,1038240,0.0
bred_vector,1,3,18.0,u400,-106.10894012451172,101.24288940429688,0,1038240,0.0
bred_vector,1,3,18.0,u500,-73.97120666503906,75.6188735961914,0,1038240,0.0
bred_vector,1,3,18.0,u600,-65.76673126220703,73.9110336303711,0,1038240,0.0
bred_vector,1,3,18.0,u700,-56.330299377441406,60.15808868408203,0,1038240,0.0
bred_vector,1,3,18.0,u850,-53.64195251464844,48.47346878051758,0,1038240,0.0
bred_vector,1,3,18.0,u925,-39.22280502319336,42.677974700927734,0,1038240,0.0
bred_vector,1,3,18.0,u1000,-27.089534759521484,30.879920959472656,0,1038240,0.0
bred_vector,1,3,18.0,v50,-65.84252166748047,53.686222076416016,0,1038240,0.0
bred_vector,1,3,18.0,v100,-60.805294036865234,67.6281967163086,0,1038240,0.0
bred_vector,1,3,18.0,v150,-104.8956527709961,74.21484375,0,1038240,0.0
bred_vector,1,3,18.0,v200,-107.44983673095703,93.11365509033203,0,1038240,0.0
bred_vector,1,3,18.0,v250,-93.8461685180664,95.80873107910156,0,1038240,0.0
bred_vector,1,3,18.0,v300,-74.60901641845703,108.40286254882812,0,1038240,0.0
bred_vector,1,3,18.0,v400,-83.52813720703125,57.1259880065918,0,1038240,0.0
bred_vector,1,3,18.0,v500,-61.05436706542969,46.20033645629883,0,1038240,0.0
bred_vector,1,3,18.0,v600,-39.48143005371094,48.885494232177734,0,1038240,0.0
bred_vector,1,3,18.0,v700,-39.7941780090332,53.62112045288086,0,1038240,0.0
bred_vector,1,3,18.0,v850,-34.077606201171875,53.293357849121094,0,1038240,0.0
bred_vector,1,3,18.0,v925,-29.667970657348633,56.84085464477539,0,1038240,0.0
bred_vector,1,3,18.0,v1000,-24.22300910949707,36.2777099609375,0,1038240,0.0
bred_vector,1,3,18.0,z50,180369.6875,216080.421875,0,1038240,0.0
bred_vector,1,3,18.0,z100,143665.484375,175898.96875,0,1038240,0.0
bred_vector,1,3,18.0,z150,121394.359375,152502.53125,0,1038240,0.0
bred_vector,1,3,18.0,z200,105364.421875,134014.0,0,1038240,0.0
bred_vector,1,3,18.0,z250,91858.9296875,118685.65625,0,1038240,0.0
bred_vector,1,3,18.0,z300,80517.1015625,105353.2109375,0,1038240,0.0
bred_vector,1,3,18.0,z400,61724.46875,83434.4921875,0,1038240,0.0
bred_vector,1,3,18.0,z500,46691.625,65771.125,0,1038240,0.0
bred_vector,1,3,18.0,z600,34791.06640625,51434.6875,0,1038240,0.0
bred_vector,1,3,18.0,z700,24033.55859375,38635.37890625,0,1038240,0.0
bred_vector,1,3,18.0,z850,8421.2626953125,21661.36328125,0,1038240,0.0
bred_vector,1,3,18.0,z925,665.6875,14119.623046875,0,1038240,0.0
bred_vector,1,3,18.0,z1000,-6404.31494140625,7610.6064453125,0,1038240,0.0
bred_vector,1,3,18.0,t50,153.9850616455078,250.33908081054688,0,1038240,0.0
bred_vector,1,3,18.0,t100,160.0993194580078,260.9637756347656,0,1038240,0.0
bred_vector,1,3,18.0,t150,179.2976531982422,259.9076232910156,0,1038240,0.0
bred_vector,1,3,18.0,t200,188.22491455078125,256.50958251953125,0,1038240,0.0
bred_vector,1,3,18.0,t250,193.7890625,275.6726989746094,0,1038240,0.0
bred_vector,1,3,18.0,t300,204.10630798339844,284.4332275390625,0,1038240,0.0
bred_vector,1,3,18.0,t400,216.6190948486328,297.93377685546875,0,1038240,0.0
bred_vector,1,3,18.0,t500,221.11911010742188,301.6839599609375,0,1038240,0.0
bred_vector,1,3,18.0,t600,224.33761596679688,308.7438659667969,0,1038240,0.0
bred_vector,1,3,18.0,t700,230.54762268066406,315.7745056152344,0,1038240,0.0
bred_vector,1,3,18.0,t850,236.1045379638672,320.6252136230469,0,1038240,0.0
bred_vector,1,3,18.0,t925,231.865478515625,326.1954650878906,0,1038240,0.0
bred_vector,1,3,18.0,t1000,230.22183227539062,335.5959777832031,0,1038240,0.0
bred_vector,1,3,18.0,q50,-7.901167555246502e-05,7.96535168774426e-05,489033,1038240,0.4710211511789182
bred_vector,1,3,18.0,q100,-1.417932435288094e-05,2.2021713448339142e-05,368455,1038240,0.35488422715364465
bred_vector,1,3,18.0,q150,-3.1634313927497715e-05,0.00011671373795252293,185321,1038240,0.17849533826475575
bred_vector,1,3,18.0,q200,-0.00011643336620181799,0.000608620757702738,150842,1038240,0.14528625366004005
bred_vector,1,3,18.0,q250,-0.00033318495843559504,0.0022445369977504015,139553,1038240,0.1344130451533364
bred_vector,1,3,18.0,q300,-0.000648753484711051,0.003978600725531578,87164,1038240,0.08395361380798275
bred_vector,1,3,18.0,q400,-0.0019627001602202654,0.010822166688740253,115570,1038240,0.1113133764832794
bred_vector,1,3,18.0,q500,-0.0032100980170071125,0.017162339761853218,68512,1038240,0.06598859608568347
bred_vector,1,3,18.0,q600,-0.008301575668156147,0.02405461110174656,91296,1038240,0.08793342579750346
bred_vector,1,3,18.0,q700,-0.013145511969923973,0.03522484377026558,90335,1038240,0.08700782092772384
bred_vector,1,3,18.0,q850,-0.01286720298230648,0.04167213290929794,39218,1038240,0.037773539836646636
bred_vector,1,3,18.0,q925,-0.011209413409233093,0.04187324643135071,26379,1038240,0.02540742024965326
bred_vector,1,3,18.0,q1000,-0.007445682305842638,0.04478096961975098,21208,1038240,0.02042687625211897
bred_vector,1,4,24.0,u10m,-32.455177307128906,33.68398666381836,0,1038240,0.0
bred_vector,1,4,24.0,v10m,-23.446434020996094,33.215850830078125,0,1038240,0.0
bred_vector,1,4,24.0,u100m,-38.65419387817383,40.153377532958984,0,1038240,0.0
bred_vector,1,4,24.0,v100m,-25.66412925720215,38.20536804199219,0,1038240,0.0
bred_vector,1,4,24.0,t2m,223.52801513671875,331.6065368652344,0,1038240,0.0
bred_vector,1,4,24.0,sp,45880.34765625,109188.0,0,1038240,0.0
bred_vector,1,4,24.0,msl,91365.359375,109723.234375,0,1038240,0.0
bred_vector,1,4,24.0,tcwv,-36.10517120361328,164.03659057617188,96492,1038240,0.09293804900601017
bred_vector,1,4,24.0,u50,-81.17391967773438,126.6259994506836,0,1038240,0.0
bred_vector,1,4,24.0,u100,-142.52542114257812,119.18225860595703,0,1038240,0.0
bred_vector,1,4,24.0,u150,-146.51319885253906,113.39160919189453,0,1038240,0.0
bred_vector,1,4,24.0,u200,-159.7421417236328,123.03817749023438,39,1038240,3.7563569116967175e-05
bred_vector,1,4,24.0,u250,-151.2375946044922,128.25289916992188,3,1038240,2.889505316689783e-06
bred_vector,1,4,24.0,u300,-155.44325256347656,128.5464630126953,14,1038240,1.348435814455232e-05
bred_vector,1,4,24.0,u400,-115.6391830444336,109.67678833007812,0,1038240,0.0
bred_vector,1,4,24.0,u500,-88.17495727539062,83.59834289550781,0,1038240,0.0
bred_vector,1,4,24.0,u600,-67.56791687011719,65.67649841308594,0,1038240,0.0
bred_vector,1,4,24.0,u700,-56.394004821777344,71.49007415771484,0,1038240,0.0
bred_vector,1,4,24.0,u850,-53.480369567871094,58.015750885009766,0,1038240,0.0
bred_vector,1,4,24.0,u925,-39.84456253051758,47.427268981933594,0,1038240,0.0
bred_vector,1,4,24.0,u1000,-34.88188552856445,36.01747131347656,0,1038240,0.0
bred_vector,1,4,24.0,v50,-73.17743682861328,60.433006286621094,0,1038240,0.0
bred_vector,1,4,24.0,v100,-71.3372802734375,63.49580001831055,0,1038240,0.0
bred_vector,1,4,24.0,v150,-120.4533462524414,71.2520523071289,0,1038240,0.0
bred_vector,1,4,24.0,v200,-128.397216796875,97.56409454345703,0,1038240,0.0
bred_vector,1,4,24.0,v250,-102.5700912475586,106.54732513427734,0,1038240,0.0
bred_vector,1,4,24.0,v300,-109.82122039794922,102.92874908447266,0,1038240,0.0
bred_vector,1,4,24.0,v400,-82.74552154541016,68.48613739013672,0,1038240,0.0
bred_vector,1,4,24.0,v500,-62.65700912475586,61.0906982421875,0,1038240,0.0
bred_vector,1,4,24.0,v600,-45.857032775878906,49.988746643066406,0,1038240,0.0
bred_vector,1,4,24.0,v700,-64.03821563720703,58.639102935791016,0,1038240,0.0
bred_vector,1,4,24.0,v850,-37.36458969116211,53.83745193481445,0,1038240,0.0
bred_vector,1,4,24.0,v925,-34.90031433105469,56.96131896972656,0,1038240,0.0
bred_vector,1,4,24.0,v1000,-21.890165328979492,43.70826721191406,0,1038240,0.0
bred_vector,1,4,24.0,z50,179569.890625,216224.21875,0,1038240,0.0
bred_vector,1,4,24.0,z100,143683.796875,176420.859375,0,1038240,0.0
bred_vector,1,4,24.0,z150,122009.1171875,152676.875,0,1038240,0.0
bred_vector,1,4,24.0,z200,105943.078125,134534.0,0,1038240,0.0
bred_vector,1,4,24.0,z250,92128.703125,119116.453125,0,1038240,0.0
bred_vector,1,4,24.0,z300,80340.9296875,105742.234375,0,1038240,0.0
bred_vector,1,4,24.0,z400,61358.25,83503.0625,0,1038240,0.0
bred_vector,1,4,24.0,z500,46697.703125,66321.390625,0,1038240,0.0
bred_vector,1,4,24.0,z600,34728.31640625,51886.73828125,0,1038240,0.0
bred_vector,1,4,24.0,z700,23860.58203125,39027.34765625,0,1038240,0.0
bred_vector,1,4,24.0,z850,7743.77001953125,22225.375,0,1038240,0.0
bred_vector,1,4,24.0,z925,-52.28271484375,14646.57421875,0,1038240,0.0
bred_vector,1,4,24.0,z1000,-7009.958984375,7868.36083984375,0,1038240,0.0
bred_vector,1,4,24.0,t50,150.16030883789062,249.53399658203125,0,1038240,0.0
bred_vector,1,4,24.0,t100,159.09085083007812,262.2257385253906,0,1038240,0.0
bred_vector,1,4,24.0,t150,179.98143005371094,258.9658508300781,0,1038240,0.0
bred_vector,1,4,24.0,t200,187.20571899414062,258.1414794921875,0,1038240,0.0
bred_vector,1,4,24.0,t250,197.19342041015625,275.05328369140625,0,1038240,0.0
bred_vector,1,4,24.0,t300,206.97341918945312,284.94952392578125,0,1038240,0.0
bred_vector,1,4,24.0,t400,217.92462158203125,299.3128662109375,0,1038240,0.0
bred_vector,1,4,24.0,t500,220.7169189453125,302.67144775390625,0,1038240,0.0
bred_vector,1,4,24.0,t600,223.96578979492188,309.5669860839844,0,1038240,0.0
bred_vector,1,4,24.0,t700,230.3469696044922,319.28558349609375,0,1038240,0.0
bred_vector,1,4,24.0,t850,238.86309814453125,325.3835144042969,0,1038240,0.0
bred_vector,1,4,24.0,t925,229.40786743164062,328.32421875,0,1038240,0.0
bred_vector,1,4,24.0,t1000,228.13739013671875,337.83673095703125,0,1038240,0.0
bred_vector,1,4,24.0,q50,-7.761794404359534e-05,7.830637332517654e-05,488810,1038240,0.4708063646170442
bred_vector,1,4,24.0,q100,-1.3656319424626417e-05,2.2396910935640335e-05,380164,1038240,0.36616196640468485
bred_vector,1,4,24.0,q150,-3.339309841976501e-05,0.00012588697427418083,212889,1038240,0.20504796578825704
bred_vector,1,4,24.0,q200,-0.00011881193495355546,0.000655178795568645,179092,1038240,0.17249576205886885
bred_vector,1,4,24.0,q250,-0.0003751981712412089,0.002129157306626439,151909,1038240,0.14631395438434272
bred_vector,1,4,24.0,q300,-0.0006441123550757766,0.004174819216132164,94032,1038240,0.09056865464632455
bred_vector,1,4,24.0,q400,-0.0026683341711759567,0.010598108172416687,136014,1038240,0.13100439204808137
bred_vector,1,4,24.0,q500,-0.0029791626147925854,0.018171366304159164,74842,1038240,0.0720854523038989
bred_vector,1,4,24.0,q600,-0.010772614739835262,0.02707124873995781,113562,1038240,0.10937933425797504
bred_vector,1,4,24.0,q700,-0.014203207567334175,0.03829936683177948,121809,1038240,0.11732258437355525
bred_vector,1,4,24.0,q850,-0.012317866086959839,0.04187529534101486,49968,1038240,0.04812760055478502
bred_vector,1,4,24.0,q925,-0.011000484228134155,0.04230433702468872,32665,1038240,0.03146189705655725
bred_vector,1,4,24.0,q1000,-0.009278832003474236,0.04339909553527832,24837,1038240,0.02392221451687471
bred_vector,1,5,30.0,u10m,-30.7360782623291,45.36592483520508,0,1038240,0.0
bred_vector,1,5,30.0,v10m,-25.981355667114258,39.19468307495117,0,1038240,0.0
bred_vector,1,5,30.0,u100m,-41.0923957824707,57.692169189453125,0,1038240,0.0
bred_vector,1,5,30.0,v100m,-32.30984115600586,46.0911979675293,0,1038240,0.0
bred_vector,1,5,30.0,t2m,222.33615112304688,335.1640625,0,1038240,0.0
bred_vector,1,5,30.0,sp,45211.7578125,109319.5078125,0,1038240,0.0
bred_vector,1,5,30.0,msl,91132.7109375,110035.4609375,4,1038240,3.852673755586377e-06
bred_vector,1,5,30.0,tcwv,-35.51939392089844,169.8922576904297,97087,1038240,0.09351113422715364
bred_vector,1,5,30.0,u50,-90.51339721679688,145.13372802734375,0,1038240,0.0
bred_vector,1,5,30.0,u100,-140.80618286132812,126.58470153808594,0,1038240,0.0
bred_vector,1,5,30.0,u150,-147.3706817626953,131.0469970703125,0,1038240,0.0
bred_vector,1,5,30.0,u200,-172.23223876953125,132.50291442871094,220,1038240,0.00021189705655725073
bred_vector,1,5,30.0,u250,-167.85427856445312,119.15641784667969,163,1038240,0.00015699645554014487
bred_vector,1,5,30.0,u300,-176.6637420654297,122.2314682006836,134,1038240,0.00012906457081214361
bred_vector,1,5,30.0,u400,-127.994140625,98.14981079101562,0,1038240,0.0
bred_vector,1,5,30.0,u500,-97.0076675415039,79.31413269042969,0,1038240,0.0
bred_vector,1,5,30.0,u600,-82.13469696044922,73.30487060546875,0,1038240,0.0
bred_vector,1,5,30.0,u700,-72.36750793457031,58.22367858886719,0,1038240,0.0
bred_vector,1,5,30.0,u850,-53.58543395996094,50.6838493347168,0,1038240,0.0
bred_vector,1,5,30.0,u925,-52.556907653808594,47.06388473510742,0,1038240,0.0
bred_vector,1,5,30.0,u1000,-38.807159423828125,53.41807556152344,0,1038240,0.0
bred_vector,1,5,30.0,v50,-69.97865295410156,73.1495590209961,0,1038240,0.0
bred_vector,1,5,30.0,v100,-86.05916595458984,79.28936004638672,0,1038240,0.0
bred_vector,1,5,30.0,v150,-113.46351623535156,89.46855163574219,0,1038240,0.0
bred_vector,1,5,30.0,v200,-135.94664001464844,121.71810913085938,0,1038240,0.0
bred_vector,1,5,30.0,v250,-123.36695861816406,132.71629333496094,0,1038240,0.0
bred_vector,1,5,30.0,v300,-93.3710708618164,129.63038635253906,0,1038240,0.0
bred_vector,1,5,30.0,v400,-78.32904052734375,90.5113525390625,0,1038240,0.0
bred_vector,1,5,30.0,v500,-66.54676818847656,71.13002014160156,0,1038240,0.0
bred_vector,1,5,30.0,v600,-54.198020935058594,57.44266128540039,0,1038240,0.0
bred_vector,1,5,30.0,v700,-59.59794235229492,54.993011474609375,0,1038240,0.0
bred_vector,1,5,30.0,v850,-53.214927673339844,68.39374542236328,0,1038240,0.0
bred_vector,1,5,30.0,v925,-46.73419952392578,65.24333190917969,0,1038240,0.0
bred_vector,1,5,30.0,v1000,-24.99229621887207,47.280094146728516,0,1038240,0.0
bred_vector,1,5,30.0,z50,178702.6875,216192.984375,0,1038240,0.0
bred_vector,1,5,30.0,z100,143777.9375,176855.890625,0,1038240,0.0
bred_vector,1,5,30.0,z150,122185.2734375,153072.0,0,1038240,0.0
bred_vector,1,5,30.0,z200,105676.953125,134767.09375,0,1038240,0.0
bred_vector,1,5,30.0,z250,92152.7890625,119323.3984375,0,1038240,0.0
bred_vector,1,5,30.0,z300,80539.9140625,105849.9296875,0,1038240,0.0
bred_vector,1,5,30.0,z400,61729.58984375,83983.1484375,0,1038240,0.0
bred_vector,1,5,30.0,z500,47046.8359375,66732.3125,0,1038240,0.0
bred_vector,1,5,30.0,z600,34861.734375,52140.84375,0,1038240,0.0
bred_vector,1,5,30.0,z700,23732.712890625,39394.3125,0,1038240,0.0
bred_vector,1,5,30.0,z850,7487.87109375,22446.435546875,0,1038240,0.0
bred_vector,1,5,30.0,z925,-286.27783203125,14835.646484375,0,1038240,0.0
bred_vector,1,5,30.0,z1000,-7277.33740234375,7988.04541015625,0,1038240,0.0
bred_vector,1,5,30.0,t50,148.896240234375,250.1959228515625,55,1038240,5.297426413931268e-05
bred_vector,1,5,30.0,t100,152.01499938964844,267.5589294433594,0,1038240,0.0
bred_vector,1,5,30.0,t150,178.32440185546875,264.63079833984375,0,1038240,0.0
bred_vector,1,5,30.0,t200,188.1974334716797,262.2742614746094,0,1038240,0.0
bred_vector,1,5,30.0,t250,198.61627197265625,275.42156982421875,0,1038240,0.0
bred_vector,1,5,30.0,t300,205.05380249023438,285.1269226074219,0,1038240,0.0
bred_vector,1,5,30.0,t400,219.25062561035156,301.14208984375,0,1038240,0.0
bred_vector,1,5,30.0,t500,222.7931671142578,302.5036926269531,0,1038240,0.0
bred_vector,1,5,30.0,t600,226.40272521972656,310.4288330078125,0,1038240,0.0
bred_vector,1,5,30.0,t700,233.8843994140625,321.8589172363281,0,1038240,0.0
bred_vector,1,5,30.0,t850,240.90029907226562,332.7865295410156,0,1038240,0.0
bred_vector,1,5,30.0,t925,233.7285919189453,332.826416015625,0,1038240,0.0
bred_vector,1,5,30.0,t1000,230.0911865234375,336.2146911621094,0,1038240,0.0
bred_vector,1,5,30.0,q50,-7.623928104294464e-05,7.696747343288735e-05,488567,1038240,0.4705723146863924
bred_vector,1,5,30.0,q100,-1.3227130693849176e-05,2.2602795070270076e-05,391141,1038240,0.37673466635845276
bred_vector,1,5,30.0,q150,-4.97121291118674e-05,0.00013431823754217476,234319,1038240,0.22568866543381105
bred_vector,1,5,30.0,q200,-0.0001328734797425568,0.00070018699625507,195813,1038240,0.1886009015256588
bred_vector,1,5,30.0,q250,-0.0003725892456714064,0.002099021337926388,166183,1038240,0.16006222068115272
bred_vector,1,5,30.0,q300,-0.0006830422207713127,0.004259820561856031,110991,1038240,0.1069030282015719
bred_vector,1,5,30.0,q400,-0.003626713063567877,0.01136105414479971,151832,1038240,0.14623979041454768
bred_vector,1,5,30.0,q500,-0.004039129242300987,0.018792102113366127,85659,1038240,0.08250404530744336
bred_vector,1,5,30.0,q600,-0.012541397474706173,0.02943895384669304,129379,1038240,0.12461376945600247
bred_vector,1,5,30.0,q700,-0.019306352362036705,0.04174553230404854,150535,1038240,0.14499056094929882
bred_vector,1,5,30.0,q850,-0.013004465028643608,0.044672414660453796,59575,1038240,0.0573807597472646
bred_vector,1,5,30.0,q925,-0.012268668040633202,0.04630785062909126,35209,1038240,0.033912197565110186
bred_vector,1,5,30.0,q1000,-0.014100415632128716,0.045936375856399536,28285,1038240,0.027243219294190168
bred_vector,1,6,36.0,u10m,-32.24625015258789,43.43982696533203,0,1038240,0.0
bred_vector,1,6,36.0,v10m,-27.67812156677246,35.57107925415039,0,1038240,0.0
bred_vector,1,6,36.0,u100m,-38.32195281982422,51.89092254638672,0,1038240,0.0
bred_vector,1,6,36.0,v100m,-34.93125915527344,42.87446212768555,0,1038240,0.0
bred_vector,1,6,36.0,t2m,219.82913208007812,334.5312194824219,0,1038240,0.0
bred_vector,1,6,36.0,sp,44382.79296875,109389.6328125,0,1038240,0.0
bred_vector,1,6,36.0,msl,90788.609375,110747.2109375,212,1038240,0.00020419170904607798
bred_vector,1,6,36.0,tcwv,-40.85034942626953,165.3836669921875,96054,1038240,0.09251618122977347
bred_vector,1,6,36.0,u50,-100.68577575683594,146.8921661376953,0,1038240,0.0
bred_vector,1,6,36.0,u100,-148.0659637451172,126.30595397949219,0,1038240,0.0
bred_vector,1,6,36.0,u150,-154.93392944335938,125.1377944946289,24,1038240,2.3116042533518262e-05
bred_vector,1,6,36.0,u200,-184.65769958496094,143.2810821533203,529,1038240,0.0005095161041762983
bred_vector,1,6,36.0,u250,-184.110595703125,115.90437316894531,742,1038240,0.0007146709816612729
bred_vector,1,6,36.0,u300,-177.1809539794922,107.4380874633789,500,1038240,0.0004815842194482971
bred_vector,1,6,36.0,u400,-136.57113647460938,104.9258804321289,0,1038240,0.0
bred_vector,1,6,36.0,u500,-97.45951080322266,73.07929229736328,0,1038240,0.0
bred_vector,1,6,36.0,u600,-80.87247467041016,74.02142333984375,0,1038240,0.0
bred_vector,1,6,36.0,u700,-87.01782989501953,69.32022094726562,0,1038240,0.0
bred_vector,1,6,36.0,u850,-64.19982147216797,56.63739776611328,0,1038240,0.0
bred_vector,1,6,36.0,u925,-53.03705596923828,63.53477096557617,0,1038240,0.0
bred_vector,1,6,36.0,u1000,-41.682376861572266,52.12873077392578,0,1038240,0.0
bred_vector,1,6,36.0,v50,-70.52507781982422,91.89582824707031,0,1038240,0.0
bred_vector,1,6,36.0,v100,-95.33893585205078,78.00896453857422,0,1038240,0.0
bred_vector,1,6,36.0,v150,-102.39293670654297,89.23480224609375,0,1038240,0.0
bred_vector,1,6,36.0,v200,-145.49583435058594,93.73574829101562,0,1038240,0.0
bred_vector,1,6,36.0,v250,-113.8973617553711,134.1122283935547,0,1038240,0.0
bred_vector,1,6,36.0,v300,-116.43890380859375,157.709228515625,43,1038240,4.1416242872553555e-05
bred_vector,1,6,36.0,v400,-66.52550506591797,98.34754180908203,0,1038240,0.0
bred_vector,1,6,36.0,v500,-66.18316650390625,71.88414001464844,0,1038240,0.0
bred_vector,1,6,36.0,v600,-57.77656173706055,60.058597564697266,0,1038240,0.0
bred_vector,1,6,36.0,v700,-72.79841613769531,60.327781677246094,0,1038240,0.0
bred_vector,1,6,36.0,v850,-52.20626449584961,58.1136360168457,0,1038240,0.0
bred_vector,1,6,36.0,v925,-45.42620849609375,66.65666198730469,0,1038240,0.0
bred_vector,1,6,36.0,v1000,-27.96578025817871,45.25205993652344,0,1038240,0.0
bred_vector,1,6,36.0,z50,178298.109375,216292.484375,0,1038240,0.0
bred_vector,1,6,36.0,z100,143666.015625,177092.609375,0,1038240,0.0
bred_vector,1,6,36.0,z150,122201.8203125,153312.578125,0,1038240,0.0
bred_vector,1,6,36.0,z200,105977.125,134724.3125,0,1038240,0.0
bred_vector,1,6,36.0,z250,92378.75,119345.515625,0,1038240,0.0
bred_vector,1,6,36.0,z300,80675.1171875,106019.8828125,0,1038240,0.0
bred_vector,1,6,36.0,z400,61878.66796875,84202.953125,0,1038240,0.0
bred_vector,1,6,36.0,z500,47290.73828125,66661.6875,0,1038240,0.0
bred_vector,1,6,36.0,z600,35183.98828125,52222.04296875,0,1038240,0.0
bred_vector,1,6,36.0,z700,23987.884765625,39291.4609375,0,1038240,0.0
bred_vector,1,6,36.0,z850,7181.7861328125,22592.62109375,0,1038240,0.0
bred_vector,1,6,36.0,z925,-511.36669921875,15101.7607421875,0,1038240,0.0
bred_vector,1,6,36.0,z1000,-7446.67529296875,8122.1962890625,0,1038240,0.0
bred_vector,1,6,36.0,t50,148.4387969970703,252.29452514648438,162,1038240,0.00015603328710124827
bred_vector,1,6,36.0,t100,144.83578491210938,272.5171813964844,322,1038240,0.00031014023732470333
bred_vector,1,6,36.0,t150,177.05433654785156,266.0066833496094,0,1038240,0.0
bred_vector,1,6,36.0,t200,185.53976440429688,268.8882141113281,0,1038240,0.0
bred_vector,1,6,36.0,t250,197.4533233642578,275.9024963378906,0,1038240,0.0
bred_vector,1,6,36.0,t300,205.3751220703125,286.17718505859375,0,1038240,0.0
bred_vector,1,6,36.0,t400,218.64517211914062,303.348388671875,0,1038240,0.0
bred_vector,1,6,36.0,t500,225.13626098632812,303.80010986328125,0,1038240,0.0
bred_vector,1,6,36.0,t600,225.5587158203125,310.90313720703125,0,1038240,0.0
bred_vector,1,6,36.0,t700,235.34202575683594,325.90045166015625,0,1038240,0.0
bred_vector,1,6,36.0,t850,241.0340118408203,331.9408874511719,0,1038240,0.0
bred_vector,1,6,36.0,t925,241.92018127441406,334.40594482421875,0,1038240,0.0
bred_vector,1,6,36.0,t1000,238.30609130859375,336.1039733886719,0,1038240,0.0
bred_vector,1,6,36.0,q50,-7.487716356990859e-05,7.564479892607778e-05,488362,1038240,0.4703748651564186
bred_vector,1,6,36.0,q100,-1.3597384167951532e-05,2.231926737294998e-05,398959,1038240,0.38426471721374633
bred_vector,1,6,36.0,q150,-5.676206274074502e-05,0.00014610725338570774,250268,1038240,0.24105023886577284
bred_vector,1,6,36.0,q200,-0.000130896718474105,0.0007098134374246001,203755,1038240,0.19625038526737557
bred_vector,1,6,36.0,q250,-0.000499230227433145,0.00217048660852015,173707,1038240,0.1673091000154107
bred_vector,1,6,36.0,q300,-0.0007642634445801377,0.0046547637321054935,114498,1038240,0.11028085991678224
bred_vector,1,6,36.0,q400,-0.0028230438474565744,0.01163088995963335,160642,1038240,0.1547253043612267
bred_vector,1,6,36.0,q500,-0.0040966058149933815,0.020753026008605957,100292,1038240,0.09659808907381723
bred_vector,1,6,36.0,q600,-0.013842074200510979,0.028651978820562363,143601,1038240,0.13831195099398982
bred_vector,1,6,36.0,q700,-0.025842392817139626,0.039770159870386124,175337,1038240,0.16887906457081214
bred_vector,1,6,36.0,q850,-0.017560264095664024,0.044141631573438644,67877,1038240,0.06537698412698413
bred_vector,1,6,36.0,q925,-0.01610715314745903,0.04590876027941704,40662,1038240,0.039164355062413315
bred_vector,1,6,36.0,q1000,-0.011915218085050583,0.044208649545907974,30849,1038240,0.029712783171521037
bred_vector,1,7,42.0,u10m,-31.01841163635254,37.51881790161133,0,1038240,0.0
bred_vector,1,7,42.0,v10m,-25.529550552368164,31.28180503845215,0,1038240,0.0
bred_vector,1,7,42.0,u100m,-38.11750793457031,50.403438568115234,0,1038240,0.0
bred_vector,1,7,42.0,v100m,-32.49109649658203,33.76691436767578,0,1038240,0.0
bred_vector,1,7,42.0,t2m,213.3555908203125,333.6533508300781,0,1038240,0.0
bred_vector,1,7,42.0,sp,43567.26171875,109356.359375,0,1038240,0.0
bred_vector,1,7,42.0,msl,90685.0625,111169.703125,295,1038240,0.0002841346894744953
bred_vector,1,7,42.0,tcwv,-43.12933349609375,166.7533416748047,102588,1038240,0.0988095238095238
bred_vector,1,7,42.0,u50,-103.172119140625,141.06358337402344,0,1038240,0.0
bred_vector,1,7,42.0,u100,-146.0011444091797,125.62149047851562,0,1038240,0.0
bred_vector,1,7,42.0,u150,-146.64915466308594,128.80747985839844,0,1038240,0.0
bred_vector,1,7,42.0,u200,-173.22836303710938,142.087646484375,508,1038240,0.0004892895669594699
bred_vector,1,7,42.0,u250,-198.1334991455078,112.49476623535156,430,1038240,0.0004141624287255355
bred_vector,1,7,42.0,u300,-185.04019165039062,106.39641571044922,716,1038240,0.0006896286022499615
bred_vector,1,7,42.0,u400,-122.41738891601562,86.42080688476562,0,1038240,0.0
bred_vector,1,7,42.0,u500,-101.6573715209961,69.65522766113281,0,1038240,0.0
bred_vector,1,7,42.0,u600,-108.59790802001953,68.21717834472656,0,1038240,0.0
bred_vector,1,7,42.0,u700,-81.83390808105469,73.89630126953125,0,1038240,0.0
bred_vector,1,7,42.0,u850,-64.11275482177734,68.30442810058594,0,1038240,0.0
bred_vector,1,7,42.0,u925,-49.49540328979492,66.4711685180664,0,1038240,0.0
bred_vector,1,7,42.0,u1000,-44.54635238647461,51.445960998535156,0,1038240,0.0
bred_vector,1,7,42.0,v50,-60.12424087524414,114.17001342773438,0,1038240,0.0
bred_vector,1,7,42.0,v100,-89.9305419921875,82.5680923461914,0,1038240,0.0
bred_vector,1,7,42.0,v150,-95.29874420166016,89.88072967529297,0,1038240,0.0
bred_vector,1,7,42.0,v200,-115.85581970214844,107.14188385009766,0,1038240,0.0
bred_vector,1,7,42.0,v250,-104.04879760742188,136.4385528564453,0,1038240,0.0
bred_vector,1,7,42.0,v300,-85.76380157470703,168.5706329345703,99,1038240,9.535367545076283e-05
bred_vector,1,7,42.0,v400,-70.49956512451172,89.42221069335938,0,1038240,0.0
bred_vector,1,7,42.0,v500,-63.36906051635742,61.94941711425781,0,1038240,0.0
bred_vector,1,7,42.0,v600,-63.027809143066406,63.87702560424805,0,1038240,0.0
bred_vector,1,7,42.0,v700,-73.28340148925781,55.73215866088867,0,1038240,0.0
bred_vector,1,7,42.0,v850,-43.50442886352539,54.187103271484375,0,1038240,0.0
bred_vector,1,7,42.0,v925,-42.62511444091797,63.95014953613281,0,1038240,0.0
bred_vector,1,7,42.0,v1000,-35.296600341796875,35.40670394897461,0,1038240,0.0
bred_vector,1,7,42.0,z50,177851.71875,216222.90625,0,1038240,0.0
bred_vector,1,7,42.0,z100,143641.59375,176762.46875,0,1038240,0.0
bred_vector,1,7,42.0,z150,122095.0390625,152763.546875,0,1038240,0.0
bred_vector,1,7,42.0,z200,106110.2578125,134424.953125,0,1038240,0.0
bred_vector,1,7,42.0,z250,92885.5703125,118887.0390625,0,1038240,0.0
bred_vector,1,7,42.0,z300,81283.828125,105946.15625,0,1038240,0.0
bred_vector,1,7,42.0,z400,62720.38671875,84156.703125,0,1038240,0.0
bred_vector,1,7,42.0,z500,48150.515625,66635.9375,0,1038240,0.0
bred_vector,1,7,42.0,z600,35610.7890625,52012.21484375,0,1038240,0.0
bred_vector,1,7,42.0,z700,23661.32421875,39091.60546875,0,1038240,0.0
bred_vector,1,7,42.0,z850,6865.052734375,22563.66796875,0,1038240,0.0
bred_vector,1,7,42.0,z925,-646.03955078125,14980.85546875,0,1038240,0.0
bred_vector,1,7,42.0,z1000,-7521.92333984375,8277.130859375,0,1038240,0.0
bred_vector,1,7,42.0,t50,149.05117797851562,251.6422119140625,85,1038240,8.186931730621051e-05
bred_vector,1,7,42.0,t100,141.91204833984375,272.1061706542969,957,1038240,0.0009217521960240407
bred_vector,1,7,42.0,t150,177.2873077392578,268.5428771972656,0,1038240,0.0
bred_vector,1,7,42.0,t200,184.47726440429688,270.3291931152344,0,1038240,0.0
bred_vector,1,7,42.0,t250,198.26783752441406,277.4148864746094,0,1038240,0.0
bred_vector,1,7,42.0,t300,204.69375610351562,288.6608581542969,0,1038240,0.0
bred_vector,1,7,42.0,t400,219.1719207763672,300.8446044921875,0,1038240,0.0
bred_vector,1,7,42.0,t500,226.67762756347656,301.2601318359375,0,1038240,0.0
bred_vector,1,7,42.0,t600,231.84579467773438,311.63409423828125,0,1038240,0.0
bred_vector,1,7,42.0,t700,236.9724884033203,331.1842041015625,0,1038240,0.0
bred_vector,1,7,42.0,t850,234.69284057617188,329.6994934082031,0,1038240,0.0
bred_vector,1,7,42.0,t925,235.025634765625,331.0235595703125,0,1038240,0.0
bred_vector,1,7,42.0,t1000,236.61741638183594,338.0151672363281,0,1038240,0.0
bred_vector,1,7,42.0,q50,-7.352468674071133e-05,7.434297731379047e-05,488141,1038240,0.4701620049314224
bred_vector,1,7,42.0,q100,-1.4140789062366821e-05,2.229200254078023e-05,405950,1038240,0.3909982277700724
bred_vector,1,7,42.0,q150,-5.1971695938846096e-05,0.00014353216101881117,258818,1038240,0.24928532901833872
bred_vector,1,7,42.0,q200,-0.00015588848327752203,0.0007088031270541251,204772,1038240,0.1972299275697334
bred_vector,1,7,42.0,q250,-0.00039771225419826806,0.0022215163335204124,176077,1038240,0.16959180921559563
bred_vector,1,7,42.0,q300,-0.0007960255024954677,0.005005482118576765,107939,1038240,0.10396343812605949
bred_vector,1,7,42.0,q400,-0.0030241801869124174,0.011474556289613247,167340,1038240,0.16117660656495608
bred_vector,1,7,42.0,q500,-0.004136203322559595,0.02007151022553444,101899,1038240,0.09814590075512405
bred_vector,1,7,42.0,q600,-0.015870437026023865,0.027862947434186935,151459,1038240,0.14588052858683925
bred_vector,1,7,42.0,q700,-0.02529691345989704,0.03894519805908203,186141,1038240,0.17928513638465096
bred_vector,1,7,42.0,q850,-0.016986830160021782,0.04537438228726387,66701,1038240,0.06424429804284174
bred_vector,1,7,42.0,q925,-0.015304598957300186,0.045593488961458206,39538,1038240,0.03808175373709354
bred_vector,1,7,42.0,q1000,-0.013130933046340942,0.045195821672677994,32203,1038240,0.031016913237787023
bred_vector,1,8,48.0,u10m,-29.15829849243164,33.82289123535156,0,1038240,0.0
bred_vector,1,8,48.0,v10m,-22.32192039489746,31.500913619995117,0,1038240,0.0
bred_vector,1,8,48.0,u100m,-37.378936767578125,47.27736282348633,0,1038240,0.0
bred_vector,1,8,48.0,v100m,-28.562774658203125,33.51570129394531,0,1038240,0.0
bred_vector,1,8,48.0,t2m,211.24456787109375,338.3070068359375,0,1038240,0.0
bred_vector,1,8,48.0,sp,42974.96484375,109357.96875,0,1038240,0.0
bred_vector,1,8,48.0,msl,90412.078125,110084.6640625,33,1038240,3.178455848358761e-05
bred_vector,1,8,48.0,tcwv,-46.925750732421875,169.01576232910156,106421,1038240,0.10250134843581446
bred_vector,1,8,48.0,u50,-104.73409271240234,144.24205017089844,0,1038240,0.0
bred_vector,1,8,48.0,u100,-142.5787811279297,118.77873229980469,0,1038240,0.0
bred_vector,1,8,48.0,u150,-143.99610900878906,126.92543029785156,0,1038240,0.0
bred_vector,1,8,48.0,u200,-187.41563415527344,144.11526489257812,342,1038240,0.00032940360610263523
bred_vector,1,8,48.0,u250,-175.26504516601562,115.88517761230469,152,1038240,0.00014640160271228231
bred_vector,1,8,48.0,u300,-179.39971923828125,104.79466247558594,385,1038240,0.0003708198489751888
bred_vector,1,8,48.0,u400,-147.72512817382812,81.67047119140625,0,1038240,0.0
bred_vector,1,8,48.0,u500,-92.99968719482422,73.0025405883789,0,1038240,0.0
bred_vector,1,8,48.0,u600,-130.02293395996094,60.999237060546875,0,1038240,0.0
bred_vector,1,8,48.0,u700,-90.4407730102539,60.36810302734375,0,1038240,0.0
bred_vector,1,8,48.0,u850,-62.88917541503906,61.500728607177734,0,1038240,0.0
bred_vector,1,8,48.0,u925,-51.01832580566406,58.1790885925293,0,1038240,0.0
bred_vector,1,8,48.0,u1000,-42.12784194946289,44.133365631103516,0,1038240,0.0
bred_vector,1,8,48.0,v50,-61.581260681152344,125.87422943115234,0,1038240,0.0
bred_vector,1,8,48.0,v100,-81.13400268554688,84.00951385498047,0,1038240,0.0
bred_vector,1,8,48.0,v150,-96.23576354980469,84.12940979003906,0,1038240,0.0
bred_vector,1,8,48.0,v200,-95.22982788085938,112.52190399169922,0,1038240,0.0
bred_vector,1,8,48.0,v250,-115.19117736816406,123.80034637451172,0,1038240,0.0
bred_vector,1,8,48.0,v300,-100.97810363769531,151.97694396972656,7,1038240,6.74217907227616e-06
bred_vector,1,8,48.0,v400,-74.50274658203125,87.79557800292969,0,1038240,0.0
bred_vector,1,8,48.0,v500,-63.71942901611328,62.98206329345703,0,1038240,0.0
bred_vector,1,8,48.0,v600,-72.29634857177734,55.696475982666016,0,1038240,0.0
bred_vector,1,8,48.0,v700,-75.37968444824219,59.211997985839844,0,1038240,0.0
bred_vector,1,8,48.0,v850,-39.53950881958008,50.272037506103516,0,1038240,0.0
bred_vector,1,8,48.0,v925,-38.531620025634766,55.26935577392578,0,1038240,0.0
bred_vector,1,8,48.0,v1000,-29.078521728515625,33.97235870361328,0,1038240,0.0
bred_vector,1,8,48.0,z50,177515.90625,215665.90625,0,1038240,0.0
bred_vector,1,8,48.0,z100,143330.59375,176322.71875,0,1038240,0.0
bred_vector,1,8,48.0,z150,122031.671875,152445.75,0,1038240,0.0
bred_vector,1,8,48.0,z200,106482.5234375,133931.625,0,1038240,0.0
bred_vector,1,8,48.0,z250,93189.2265625,118969.9453125,0,1038240,0.0
bred_vector,1,8,48.0,z300,81768.4296875,105930.2734375,0,1038240,0.0
bred_vector,1,8,48.0,z400,63313.76171875,84442.8203125,0,1038240,0.0
bred_vector,1,8,48.0,z500,48634.79296875,67075.7109375,0,1038240,0.0
bred_vector,1,8,48.0,z600,36153.9609375,51881.19921875,0,1038240,0.0
bred_vector,1,8,48.0,z700,23218.751953125,38919.98046875,0,1038240,0.0
bred_vector,1,8,48.0,z850,6424.6796875,22265.3125,0,1038240,0.0
bred_vector,1,8,48.0,z925,-974.2822265625,14846.623046875,0,1038240,0.0
bred_vector,1,8,48.0,z1000,-7734.90087890625,8027.166015625,0,1038240,0.0
bred_vector,1,8,48.0,t50,148.41961669921875,251.52151489257812,219,1038240,0.00021093388811835415
bred_vector,1,8,48.0,t100,143.37875366210938,281.0464172363281,1212,1038240,0.0011673601479426723
bred_vector,1,8,48.0,t150,174.97842407226562,269.1099548339844,0,1038240,0.0
bred_vector,1,8,48.0,t200,185.1280517578125,268.04400634765625,0,1038240,0.0
bred_vector,1,8,48.0,t250,200.03805541992188,278.3335876464844,0,1038240,0.0
bred_vector,1,8,48.0,t300,204.8454132080078,292.99688720703125,0,1038240,0.0
bred_vector,1,8,48.0,t400,219.3820037841797,302.5482482910156,0,1038240,0.0
bred_vector,1,8,48.0,t500,226.24891662597656,302.294677734375,0,1038240,0.0
bred_vector,1,8,48.0,t600,233.13287353515625,312.87066650390625,0,1038240,0.0
bred_vector,1,8,48.0,t700,238.32427978515625,330.6773681640625,0,1038240,0.0
bred_vector,1,8,48.0,t850,242.602783203125,333.8182373046875,0,1038240,0.0
bred_vector,1,8,48.0,t925,240.5062255859375,328.9211730957031,0,1038240,0.0
bred_vector,1,8,48.0,t1000,232.94253540039062,337.7070617675781,0,1038240,0.0
bred_vector,1,8,48.0,q50,-7.218673272291198e-05,7.305619510589167e-05,487871,1038240,0.46990194945292035
bred_vector,1,8,48.0,q100,-1.4742106941412203e-05,2.2232425180845894e-05,413153,1038240,0.3979359300354446
bred_vector,1,8,48.0,q150,-5.614111796603538e-05,0.0001390392571920529,266396,1038240,0.2565842194482971
bred_vector,1,8,48.0,q200,-0.00013387239596340805,0.0007362147443927824,207225,1038240,0.19959257975034675
bred_vector,1,8,48.0,q250,-0.0005075816879980266,0.0022240153048187494,186452,1038240,0.1795846817691478
bred_vector,1,8,48.0,q300,-0.0008191999513655901,0.004588040988892317,111006,1038240,0.10691747572815534
bred_vector,1,8,48.0,q400,-0.0030653143767267466,0.011080354452133179,174354,1038240,0.1679322699953768
bred_vector,1,8,48.0,q500,-0.003990531899034977,0.019851064309477806,103850,1038240,0.10002504237941132
bred_vector,1,8,48.0,q600,-0.01693495362997055,0.0279063880443573,156327,1038240,0.15056923254738788
bred_vector,1,8,48.0,q700,-0.027395430952310562,0.041975028812885284,199412,1038240,0.19206734473724765
bred_vector,1,8,48.0,q850,-0.020119167864322662,0.04291200637817383,64167,1038240,0.06180362921867776
bred_vector,1,8,48.0,q925,-0.01476999931037426,0.04405152425169945,40911,1038240,0.039404184003698564
bred_vector,1,8,48.0,q1000,-0.013529138639569283,0.043268024921417236,35069,1038240,0.03377735398366467
bred_vector,1,9,54.0,u10m,-31.0130615234375,30.722061157226562,0,1038240,0.0
bred_vector,1,9,54.0,v10m,-22.991788864135742,28.698583602905273,0,1038240,0.0
bred_vector,1,9,54.0,u100m,-36.99384689331055,38.072872161865234,0,1038240,0.0
bred_vector,1,9,54.0,v100m,-30.18694496154785,31.521554946899414,0,1038240,0.0
bred_vector,1,9,54.0,t2m,204.73562622070312,328.8721618652344,0,1038240,0.0
bred_vector,1,9,54.0,sp,42543.11328125,109023.09375,0,1038240,0.0
bred_vector,1,9,54.0,msl,90372.96875,109713.609375,0,1038240,0.0
bred_vector,1,9,54.0,tcwv,-64.92980194091797,167.46803283691406,112570,1038240,0.10842387116658961
bred_vector,1,9,54.0,u50,-101.32608795166016,146.1464385986328,0,1038240,0.0
bred_vector,1,9,54.0,u100,-122.66554260253906,134.09271240234375,0,1038240,0.0
bred_vector,1,9,54.0,u150,-148.8624725341797,135.18862915039062,0,1038240,0.0
bred_vector,1,9,54.0,u200,-160.45704650878906,143.0607147216797,81,1038240,7.801664355062413e-05
bred_vector,1,9,54.0,u250,-179.91860961914062,136.6338348388672,337,1038240,0.00032458776390815227
bred_vector,1,9,54.0,u300,-180.8000030517578,119.95394897460938,272,1038240,0.00026198181537987364
bred_vector,1,9,54.0,u400,-146.04925537109375,89.00603485107422,0,1038240,0.0
bred_vector,1,9,54.0,u500,-95.42400360107422,75.08075714111328,0,1038240,0.0
bred_vector,1,9,54.0,u600,-118.09317779541016,61.21318435668945,0,1038240,0.0
bred_vector,1,9,54.0,u700,-91.93499755859375,71.58016967773438,0,1038240,0.0
bred_vector,1,9,54.0,u850,-57.478485107421875,69.40666198730469,0,1038240,0.0
bred_vector,1,9,54.0,u925,-50.85595703125,51.99037551879883,0,1038240,0.0
bred_vector,1,9,54.0,u1000,-40.55828094482422,34.47221755981445,0,1038240,0.0
bred_vector,1,9,54.0,v50,-68.98786926269531,126.04931640625,0,1038240,0.0
bred_vector,1,9,54.0,v100,-94.38375091552734,92.36752319335938,0,1038240,0.0
bred_vector,1,9,54.0,v150,-98.9918441772461,93.30228424072266,0,1038240,0.0
bred_vector,1,9,54.0,v200,-96.99756622314453,114.24203491210938,0,1038240,0.0
bred_vector,1,9,54.0,v250,-108.76398468017578,123.53081512451172,0,1038240,0.0
bred_vector,1,9,54.0,v300,-106.43083953857422,160.39456176757812,27,1038240,2.6005547850208046e-05
bred_vector,1,9,54.0,v400,-82.53805541992188,105.87983703613281,0,1038240,0.0
bred_vector,1,9,54.0,v500,-66.27627563476562,78.01001739501953,0,1038240,0.0
bred_vector,1,9,54.0,v600,-71.65023040771484,61.362998962402344,0,1038240,0.0
bred_vector,1,9,54.0,v700,-81.16532897949219,61.408451080322266,0,1038240,0.0
bred_vector,1,9,54.0,v850,-47.13908386230469,43.991432189941406,0,1038240,0.0
bred_vector,1,9,54.0,v925,-42.95094299316406,46.59232711791992,0,1038240,0.0
bred_vector,1,9,54.0,v1000,-33.23650360107422,33.3260498046875,0,1038240,0.0
bred_vector,1,9,54.0,z50,177549.796875,215146.90625,0,1038240,0.0
bred_vector,1,9,54.0,z100,143106.671875,176483.046875,0,1038240,0.0
bred_vector,1,9,54.0,z150,121972.4375,153194.953125,0,1038240,0.0
bred_vector,1,9,54.0,z200,106552.0234375,134094.984375,0,1038240,0.0
bred_vector,1,9,54.0,z250,93654.78125,119031.9921875,0,1038240,0.0
bred_vector,1,9,54.0,z300,82147.171875,105888.453125,0,1038240,0.0
bred_vector,1,9,54.0,z400,63882.69140625,84511.5703125,0,1038240,0.0
bred_vector,1,9,54.0,z500,48684.4765625,66753.3359375,0,1038240,0.0
bred_vector,1,9,54.0,z600,35793.83984375,51691.5234375,0,1038240,0.0
bred_vector,1,9,54.0,z700,22928.5859375,38924.54296875,0,1038240,0.0
bred_vector,1,9,54.0,z850,6198.50341796875,22044.052734375,0,1038240,0.0
bred_vector,1,9,54.0,z925,-1182.505859375,14410.666015625,0,1038240,0.0
bred_vector,1,9,54.0,z1000,-7851.16650390625,7639.32080078125,0,1038240,0.0
bred_vector,1,9,54.0,t50,148.73257446289062,251.2628173828125,136,1038240,0.00013099090768993682
bred_vector,1,9,54.0,t100,139.99786376953125,287.80670166015625,1682,1038240,0.0016200493142240716
bred_vector,1,9,54.0,t150,174.26158142089844,271.857666015625,0,1038240,0.0
bred_vector,1,9,54.0,t200,188.66799926757812,267.71527099609375,0,1038240,0.0
bred_vector,1,9,54.0,t250,199.54896545410156,279.5055847167969,0,1038240,0.0
bred_vector,1,9,54.0,t300,204.3295440673828,294.6944274902344,0,1038240,0.0
bred_vector,1,9,54.0,t400,220.46890258789062,304.3086853027344,0,1038240,0.0
bred_vector,1,9,54.0,t500,225.62631225585938,302.3243408203125,0,1038240,0.0
bred_vector,1,9,54.0,t600,226.642333984375,317.9936218261719,0,1038240,0.0
bred_vector,1,9,54.0,t700,235.998046875,329.1961669921875,0,1038240,0.0
bred_vector,1,9,54.0,t850,241.64674377441406,330.63238525390625,0,1038240,0.0
bred_vector,1,9,54.0,t925,239.35952758789062,326.9256591796875,0,1038240,0.0
bred_vector,1,9,54.0,t1000,232.27633666992188,336.00689697265625,0,1038240,0.0
bred_vector,1,9,54.0,q50,-7.089143036864698e-05,7.177454972406849e-05,487641,1038240,0.46968042071197413
bred_vector,1,9,54.0,q100,-1.486150904383976e-05,2.2099577108747326e-05,421677,1038240,0.4061459778085992
bred_vector,1,9,54.0,q150,-5.2708466682815924e-05,0.00012914541002828628,270258,1038240,0.26030397595931576
bred_vector,1,9,54.0,q200,-0.0001302503515034914,0.0007366942008957267,218562,1038240,0.21051202034211744
bred_vector,1,9,54.0,q250,-0.0005529932677745819,0.002303574001416564,185805,1038240,0.17896151178918168
bred_vector,1,9,54.0,q300,-0.0007700459100306034,0.004826757125556469,118745,1038240,0.11437143627677608
bred_vector,1,9,54.0,q400,-0.002914059441536665,0.012371676973998547,177789,1038240,0.1712407535829866
bred_vector,1,9,54.0,q500,-0.004825908690690994,0.019943717867136,109467,1038240,0.10543515950069349
bred_vector,1,9,54.0,q600,-0.020787717774510384,0.028261004015803337,161816,1038240,0.1558560641084913
bred_vector,1,9,54.0,q700,-0.030542690306901932,0.04001786187291145,207265,1038240,0.1996311064879026
bred_vector,1,9,54.0,q850,-0.01853146217763424,0.041520290076732635,64268,1038240,0.061900909231006315
bred_vector,1,9,54.0,q925,-0.019583476707339287,0.04451793432235718,44728,1038240,0.043080597934966866
bred_vector,1,9,54.0,q1000,-0.01519395038485527,0.04551009088754654,37746,1038240,0.03635575589459085
bred_vector,1,10,60.0,u10m,-27.901418685913086,37.719390869140625,0,1038240,0.0
bred_vector,1,10,60.0,v10m,-25.681615829467773,25.989538192749023,0,1038240,0.0
bred_vector,1,10,60.0,u100m,-34.99420166015625,48.563751220703125,0,1038240,0.0
bred_vector,1,10,60.0,v100m,-31.359634399414062,33.385589599609375,0,1038240,0.0
bred_vector,1,10,60.0,t2m,194.29782104492188,331.4911804199219,0,1038240,0.0
bred_vector,1,10,60.0,sp,41174.76171875,109048.1328125,0,1038240,0.0
bred_vector,1,10,60.0,msl,90349.171875,109725.375,0,1038240,0.0
bred_vector,1,10,60.0,tcwv,-66.35310363769531,172.7175750732422,114410,1038240,0.11019610109415935
bred_vector,1,10,60.0,u50,-105.08605194091797,153.13319396972656,33,1038240,3.178455848358761e-05
bred_vector,1,10,60.0,u100,-101.39462280273438,123.52399444580078,0,1038240,0.0
bred_vector,1,10,60.0,u150,-134.2290802001953,136.9503173828125,0,1038240,0.0
bred_vector,1,10,60.0,u200,-146.3932342529297,146.90574645996094,0,1038240,0.0
bred_vector,1,10,60.0,u250,-188.19155883789062,147.13446044921875,233,1038240,0.00022441824626290646
bred_vector,1,10,60.0,u300,-191.35227966308594,123.16803741455078,428,1038240,0.0004122360918477423
bred_vector,1,10,60.0,u400,-153.13909912109375,100.04170989990234,17,1038240,1.6373863461242103e-05
bred_vector,1,10,60.0,u500,-101.05876159667969,73.95808410644531,0,1038240,0.0
bred_vector,1,10,60.0,u600,-118.88627624511719,63.265377044677734,0,1038240,0.0
bred_vector,1,10,60.0,u700,-77.15138244628906,70.03117370605469,0,1038240,0.0
bred_vector,1,10,60.0,u850,-51.21974563598633,66.76778411865234,0,1038240,0.0
bred_vector,1,10,60.0,u925,-47.97379684448242,64.20856475830078,0,1038240,0.0
bred_vector,1,10,60.0,u1000,-39.111202239990234,45.0533332824707,0,1038240,0.0
bred_vector,1,10,60.0,v50,-78.32650756835938,119.89778137207031,0,1038240,0.0
bred_vector,1,10,60.0,v100,-80.51238250732422,92.81099700927734,0,1038240,0.0
bred_vector,1,10,60.0,v150,-97.18711853027344,92.60602569580078,0,1038240,0.0
bred_vector,1,10,60.0,v200,-95.31575775146484,121.8858413696289,0,1038240,0.0
bred_vector,1,10,60.0,v250,-126.10679626464844,143.53048706054688,0,1038240,0.0
bred_vector,1,10,60.0,v300,-100.76143646240234,162.99794006347656,38,1038240,3.660040067807058e-05
bred_vector,1,10,60.0,v400,-92.08966064453125,104.39849090576172,0,1038240,0.0
bred_vector,1,10,60.0,v500,-69.40938568115234,80.87165069580078,0,1038240,0.0
bred_vector,1,10,60.0,v600,-75.25967407226562,58.34341049194336,0,1038240,0.0
bred_vector,1,10,60.0,v700,-79.8438491821289,67.73514556884766,0,1038240,0.0
bred_vector,1,10,60.0,v850,-45.84563446044922,45.82740783691406,0,1038240,0.0
bred_vector,1,10,60.0,v925,-45.512325286865234,37.8685302734375,0,1038240,0.0
bred_vector,1,10,60.0,v1000,-36.18544006347656,34.83478927612305,0,1038240,0.0
bred_vector,1,10,60.0,z50,177754.6875,215335.734375,0,1038240,0.0
bred_vector,1,10,60.0,z100,143089.09375,177155.625,0,1038240,0.0
bred_vector,1,10,60.0,z150,121793.4375,153231.953125,0,1038240,0.0
bred_vector,1,10,60.0,z200,106673.015625,134388.40625,0,1038240,0.0
bred_vector,1,10,60.0,z250,93828.828125,119311.96875,0,1038240,0.0
bred_vector,1,10,60.0,z300,82708.0078125,105954.046875,0,1038240,0.0
bred_vector,1,10,60.0,z400,64095.609375,84432.03125,0,1038240,0.0
bred_vector,1,10,60.0,z500,48785.6328125,66682.703125,0,1038240,0.0
bred_vector,1,10,60.0,z600,35816.328125,51488.90234375,0,1038240,0.0
bred_vector,1,10,60.0,z700,22870.89453125,38617.98046875,0,1038240,0.0
bred_vector,1,10,60.0,z850,6168.3486328125,21691.88671875,0,1038240,0.0
bred_vector,1,10,60.0,z925,-1177.0224609375,14261.1552734375,0,1038240,0.0
bred_vector,1,10,60.0,z1000,-7928.59814453125,7664.0810546875,0,1038240,0.0
bred_vector,1,10,60.0,t50,148.20498657226562,254.16116333007812,170,1038240,0.00016373863461242101
bred_vector,1,10,60.0,t100,139.10848999023438,290.0609130859375,1047,1038240,0.0010084373555247343
bred_vector,1,10,60.0,t150,173.12960815429688,274.87176513671875,0,1038240,0.0
bred_vector,1,10,60.0,t200,188.08111572265625,271.810546875,0,1038240,0.0
bred_vector,1,10,60.0,t250,199.09547424316406,279.68426513671875,0,1038240,0.0
bred_vector,1,10,60.0,t300,206.20668029785156,297.3338928222656,0,1038240,0.0
bred_vector,1,10,60.0,t400,217.6667938232422,305.4795837402344,0,1038240,0.0
bred_vector,1,10,60.0,t500,223.97607421875,304.97528076171875,0,1038240,0.0
bred_vector,1,10,60.0,t600,224.84181213378906,325.52203369140625,0,1038240,0.0
bred_vector,1,10,60.0,t700,239.63246154785156,330.47308349609375,0,1038240,0.0
bred_vector,1,10,60.0,t850,241.7645263671875,333.36553955078125,0,1038240,0.0
bred_vector,1,10,60.0,t925,237.26849365234375,324.45123291015625,0,1038240,0.0
bred_vector,1,10,60.0,t1000,227.15484619140625,330.77716064453125,0,1038240,0.0
bred_vector,1,10,60.0,q50,-6.96400529704988e-05,7.054089655866846e-05,487423,1038240,0.46947044999229465
bred_vector,1,10,60.0,q100,-1.4920418834662996e-05,2.2127447664388455e-05,427128,1038240,0.4113962089690245
bred_vector,1,10,60.0,q150,-5.28328528162092e-05,0.00013042079808656126,275543,1038240,0.2653943211588843
bred_vector,1,10,60.0,q200,-0.0001633930514799431,0.0007408764795400202,218264,1038240,0.21022499614732623
bred_vector,1,10,60.0,q250,-0.0005433270707726479,0.002484308322891593,186412,1038240,0.17954615503159194
bred_vector,1,10,60.0,q300,-0.0007677098037675023,0.004948026034981012,125274,1038240,0.12065996301433195
bred_vector,1,10,60.0,q400,-0.0028850510716438293,0.011418290436267853,177070,1038240,0.17054823547541995
bred_vector,1,10,60.0,q500,-0.005664188414812088,0.019626731052994728,110201,1038240,0.10614212513484358
bred_vector,1,10,60.0,q600,-0.023329274728894234,0.027922818437218666,171883,1038240,0.1655522807828633
bred_vector,1,10,60.0,q700,-0.03332793712615967,0.04003430902957916,215021,1038240,0.20710144089998458
bred_vector,1,10,60.0,q850,-0.017547043040394783,0.04265621677041054,68388,1038240,0.06586916319926028
bred_vector,1,10,60.0,q925,-0.017796698957681656,0.04468797892332077,45975,1038240,0.04428166897827092
bred_vector,1,10,60.0,q1000,-0.017315424978733063,0.04585719481110573,40755,1038240,0.0392539297272307
bred_vector,1,11,66.0,u10m,-28.38134002685547,26.13502311706543,0,1038240,0.0
bred_vector,1,11,66.0,v10m,-27.80003547668457,25.100515365600586,0,1038240,0.0
bred_vector,1,11,66.0,u100m,-37.191612243652344,36.25325012207031,0,1038240,0.0
bred_vector,1,11,66.0,v100m,-35.41609573364258,35.86738967895508,0,1038240,0.0
bred_vector,1,11,66.0,t2m,191.6558380126953,330.1730651855469,0,1038240,0.0
bred_vector,1,11,66.0,sp,40740.27734375,109178.9296875,0,1038240,0.0
bred_vector,1,11,66.0,msl,90268.0390625,109880.03125,0,1038240,0.0
bred_vector,1,11,66.0,tcwv,-68.34673309326172,167.95904541015625,122205,1038240,0.11770399907535829
bred_vector,1,11,66.0,u50,-103.26282501220703,152.8070068359375,62,1038240,5.9716443211588844e-05
bred_vector,1,11,66.0,u100,-94.68806457519531,124.99758911132812,0,1038240,0.0
bred_vector,1,11,66.0,u150,-134.63336181640625,149.74459838867188,0,1038240,0.0
bred_vector,1,11,66.0,u200,-140.945068359375,172.4508819580078,365,1038240,0.0003515564801972569
bred_vector,1,11,66.0,u250,-186.94509887695312,166.73455810546875,572,1038240,0.0005509323470488519
bred_vector,1,11,66.0,u300,-201.88800048828125,121.48873901367188,416,1038240,0.0004006780705809832
bred_vector,1,11,66.0,u400,-158.05519104003906,100.1365737915039,34,1038240,3.2747726922484205e-05
bred_vector,1,11,66.0,u500,-111.5217514038086,76.91587829589844,0,1038240,0.0
bred_vector,1,11,66.0,u600,-110.11283874511719,60.81196594238281,0,1038240,0.0
bred_vector,1,11,66.0,u700,-75.0420150756836,66.30433654785156,0,1038240,0.0
bred_vector,1,11,66.0,u850,-53.390750885009766,68.65293884277344,0,1038240,0.0
bred_vector,1,11,66.0,u925,-49.23474884033203,51.04725646972656,0,1038240,0.0
bred_vector,1,11,66.0,u1000,-36.646446228027344,32.593963623046875,0,1038240,0.0
bred_vector,1,11,66.0,v50,-81.24652862548828,115.24273681640625,0,1038240,0.0
bred_vector,1,11,66.0,v100,-83.75741577148438,81.41284942626953,0,1038240,0.0
bred_vector,1,11,66.0,v150,-98.66791534423828,105.07202911376953,0,1038240,0.0
bred_vector,1,11,66.0,v200,-83.90234375,118.60275268554688,0,1038240,0.0
bred_vector,1,11,66.0,v250,-108.50951385498047,148.856201171875,0,1038240,0.0
bred_vector,1,11,66.0,v300,-98.7711181640625,172.60472106933594,43,1038240,4.1416242872553555e-05
bred_vector,1,11,66.0,v400,-92.34666442871094,100.02601623535156,0,1038240,0.0
bred_vector,1,11,66.0,v500,-64.04490661621094,84.73431396484375,0,1038240,0.0
bred_vector,1,11,66.0,v600,-76.9055404663086,67.51561737060547,0,1038240,0.0
bred_vector,1,11,66.0,v700,-79.81724548339844,68.71356964111328,0,1038240,0.0
bred_vector,1,11,66.0,v850,-41.583003997802734,55.239131927490234,0,1038240,0.0
bred_vector,1,11,66.0,v925,-47.990657806396484,44.93423080444336,0,1038240,0.0
bred_vector,1,11,66.0,v1000,-36.88315200805664,34.647579193115234,0,1038240,0.0
bred_vector,1,11,66.0,z50,177737.21875,215700.140625,0,1038240,0.0
bred_vector,1,11,66.0,z100,142976.140625,177416.46875,0,1038240,0.0
bred_vector,1,11,66.0,z150,121880.984375,153432.8125,0,1038240,0.0
bred_vector,1,11,66.0,z200,106800.546875,134424.78125,0,1038240,0.0
bred_vector,1,11,66.0,z250,93883.09375,119083.875,0,1038240,0.0
bred_vector,1,11,66.0,z300,82816.8671875,105919.5234375,0,1038240,0.0
bred_vector,1,11,66.0,z400,64449.49609375,84408.71875,0,1038240,0.0
bred_vector,1,11,66.0,z500,49250.703125,66520.84375,0,1038240,0.0
bred_vector,1,11,66.0,z600,35907.10546875,51404.03125,0,1038240,0.0
bred_vector,1,11,66.0,z700,22891.96875,38336.19921875,0,1038240,0.0
bred_vector,1,11,66.0,z850,6157.00634765625,21577.7265625,0,1038240,0.0
bred_vector,1,11,66.0,z925,-1243.0869140625,14214.279296875,0,1038240,0.0
bred_vector,1,11,66.0,z1000,-8003.71044921875,7780.0302734375,0,1038240,0.0
bred_vector,1,11,66.0,t50,147.13209533691406,255.60670471191406,236,1038240,0.00022730775157959624
bred_vector,1,11,66.0,t100,142.76602172851562,294.1893005371094,752,1038240,0.0007243026660502389
bred_vector,1,11,66.0,t150,171.9672393798828,276.416015625,0,1038240,0.0
bred_vector,1,11,66.0,t200,185.52362060546875,273.39898681640625,0,1038240,0.0
bred_vector,1,11,66.0,t250,200.3099365234375,280.3569641113281,0,1038240,0.0
bred_vector,1,11,66.0,t300,206.9473114013672,299.2212829589844,0,1038240,0.0
bred_vector,1,11,66.0,t400,218.9404296875,303.2080993652344,0,1038240,0.0
bred_vector,1,11,66.0,t500,222.580322265625,305.8644104003906,0,1038240,0.0
bred_vector,1,11,66.0,t600,222.1884307861328,325.9208679199219,0,1038240,0.0
bred_vector,1,11,66.0,t700,240.93605041503906,337.2723083496094,0,1038240,0.0
bred_vector,1,11,66.0,t850,241.6683807373047,324.2090148925781,0,1038240,0.0
bred_vector,1,11,66.0,t925,233.94967651367188,327.049560546875,0,1038240,0.0
bred_vector,1,11,66.0,t1000,223.6431884765625,331.60638427734375,0,1038240,0.0
bred_vector,1,11,66.0,q50,-6.84097467456013e-05,6.932635005796328e-05,487224,1038240,0.4692787794729542
bred_vector,1,11,66.0,q100,-1.5139781680773012e-05,2.2135112885734998e-05,430445,1038240,0.4145910386808445
bred_vector,1,11,66.0,q150,-5.730924385716207e-05,0.00012987399531994015,281419,1038240,0.27105389890584064
bred_vector,1,11,66.0,q200,-0.00016730309289414436,0.0007771451491862535,218495,1038240,0.21044748805671135
bred_vector,1,11,66.0,q250,-0.00057642487809062,0.002313772216439247,184994,1038240,0.17818038218523655
bred_vector,1,11,66.0,q300,-0.0008163475431501865,0.004401698242872953,126439,1038240,0.12178205424564648
bred_vector,1,11,66.0,q400,-0.0030513587407767773,0.011414563283324242,177648,1038240,0.17110494683310218
bred_vector,1,11,66.0,q500,-0.007131232414394617,0.018406949937343597,115124,1038240,0.11088380335953152
bred_vector,1,11,66.0,q600,-0.025353217497467995,0.029336653649806976,179011,1038240,0.17241774541531824
bred_vector,1,11,66.0,q700,-0.03713133931159973,0.04107940196990967,224622,1038240,0.2163488210818308
bred_vector,1,11,66.0,q850,-0.01738761179149151,0.04152953624725342,68636,1038240,0.06610802897210664
bred_vector,1,11,66.0,q925,-0.021770324558019638,0.0440295971930027,47714,1038240,0.045956618893512095
bred_vector,1,11,66.0,q1000,-0.020152319222688675,0.04454507306218147,41493,1038240,0.03996474803513638
bred_vector,1,12,72.0,u10m,-28.45174217224121,32.50237274169922,0,1038240,0.0
bred_vector,1,12,72.0,v10m,-26.210968017578125,26.175416946411133,0,1038240,0.0
bred_vector,1,12,72.0,u100m,-35.591087341308594,42.49311065673828,0,1038240,0.0
bred_vector,1,12,72.0,v100m,-34.961585998535156,36.19546890258789,0,1038240,0.0
bred_vector,1,12,72.0,t2m,192.9669189453125,336.62664794921875,0,1038240,0.0
bred_vector,1,12,72.0,sp,39888.265625,109058.8515625,1,1038240,9.631684388965943e-07
bred_vector,1,12,72.0,msl,91085.1875,109896.3515625,0,1038240,0.0
bred_vector,1,12,72.0,tcwv,-77.28153228759766,185.42971801757812,135283,1038240,0.13030031591924796
bred_vector,1,12,72.0,u50,-123.34278106689453,146.44525146484375,0,1038240,0.0
bred_vector,1,12,72.0,u100,-95.25648498535156,133.28565979003906,0,1038240,0.0
bred_vector,1,12,72.0,u150,-137.6110076904297,152.2362518310547,44,1038240,4.2379411311450145e-05
bred_vector,1,12,72.0,u200,-133.59625244140625,172.822265625,220,1038240,0.00021189705655725073
bred_vector,1,12,72.0,u250,-198.14111328125,172.26312255859375,532,1038240,0.0005124056094929882
bred_vector,1,12,72.0,u300,-182.6802520751953,124.37947082519531,544,1038240,0.0005239636307597473
bred_vector,1,12,72.0,u400,-183.53712463378906,92.72737121582031,214,1038240,0.00020611804592387116
bred_vector,1,12,72.0,u500,-112.57008361816406,78.77464294433594,0,1038240,0.0
bred_vector,1,12,72.0,u600,-100.24739837646484,63.93285369873047,0,1038240,0.0
bred_vector,1,12,72.0,u700,-70.4405288696289,65.95281982421875,0,1038240,0.0
bred_vector,1,12,72.0,u850,-51.384220123291016,71.04450225830078,0,1038240,0.0
bred_vector,1,12,72.0,u925,-48.39408874511719,57.984195709228516,0,1038240,0.0
bred_vector,1,12,72.0,u1000,-37.47311019897461,34.88357162475586,0,1038240,0.0
bred_vector,1,12,72.0,v50,-81.37471771240234,93.1329345703125,0,1038240,0.0
bred_vector,1,12,72.0,v100,-81.3724365234375,84.01790618896484,0,1038240,0.0
bred_vector,1,12,72.0,v150,-84.58123016357422,99.51536560058594,0,1038240,0.0
bred_vector,1,12,72.0,v200,-100.18438720703125,122.9019775390625,0,1038240,0.0
bred_vector,1,12,72.0,v250,-102.47340393066406,138.26339721679688,0,1038240,0.0
bred_vector,1,12,72.0,v300,-91.18719482421875,163.52981567382812,30,1038240,2.8895053166897826e-05
bred_vector,1,12,72.0,v400,-78.77059936523438,100.45479583740234,0,1038240,0.0
bred_vector,1,12,72.0,v500,-63.79997253417969,75.75939178466797,0,1038240,0.0
bred_vector,1,12,72.0,v600,-73.56438446044922,63.12956237792969,0,1038240,0.0
bred_vector,1,12,72.0,v700,-67.3742904663086,67.07785034179688,0,1038240,0.0
bred_vector,1,12,72.0,v850,-48.221561431884766,52.31748580932617,0,1038240,0.0
bred_vector,1,12,72.0,v925,-45.88875198364258,44.77992248535156,0,1038240,0.0
bred_vector,1,12,72.0,v1000,-38.609378814697266,31.424137115478516,0,1038240,0.0
bred_vector,1,12,72.0,z50,177285.359375,216315.1875,0,1038240,0.0
bred_vector,1,12,72.0,z100,142756.296875,177960.734375,0,1038240,0.0
bred_vector,1,12,72.0,z150,122010.15625,153352.25,0,1038240,0.0
bred_vector,1,12,72.0,z200,106939.9296875,134469.25,0,1038240,0.0
bred_vector,1,12,72.0,z250,94086.0703125,118899.734375,0,1038240,0.0
bred_vector,1,12,72.0,z300,82986.8515625,105598.328125,0,1038240,0.0
bred_vector,1,12,72.0,z400,64637.72265625,84149.21875,0,1038240,0.0
bred_vector,1,12,72.0,z500,49531.19921875,66462.6875,0,1038240,0.0
bred_vector,1,12,72.0,z600,36463.55078125,51231.45703125,0,1038240,0.0
bred_vector,1,12,72.0,z700,23464.6328125,37999.4765625,0,1038240,0.0
bred_vector,1,12,72.0,z850,6790.701171875,21277.697265625,0,1038240,0.0
bred_vector,1,12,72.0,z925,-636.70068359375,14097.8935546875,0,1038240,0.0
bred_vector,1,12,72.0,z1000,-7347.93212890625,7746.73095703125,0,1038240,0.0
bred_vector,1,12,72.0,t50,146.0793914794922,261.99700927734375,885,1038240,0.0008524040684234859
bred_vector,1,12,72.0,t100,142.98477172851562,291.55755615234375,312,1038240,0.0003005085529357374
bred_vector,1,12,72.0,t150,171.13177490234375,278.4934387207031,0,1038240,0.0
bred_vector,1,12,72.0,t200,184.1011962890625,275.76885986328125,0,1038240,0.0
bred_vector,1,12,72.0,t250,199.67642211914062,280.47503662109375,0,1038240,0.0
bred_vector,1,12,72.0,t300,208.18406677246094,300.1746826171875,0,1038240,0.0
bred_vector,1,12,72.0,t400,219.42398071289062,304.4800109863281,0,1038240,0.0
bred_vector,1,12,72.0,t500,222.34033203125,304.1842346191406,0,1038240,0.0
bred_vector,1,12,72.0,t600,227.24813842773438,332.6980285644531,0,1038240,0.0
bred_vector,1,12,72.0,t700,238.17591857910156,334.6168212890625,0,1038240,0.0
bred_vector,1,12,72.0,t850,240.2903594970703,323.2151794433594,0,1038240,0.0
bred_vector,1,12,72.0,t925,231.67568969726562,325.40447998046875,0,1038240,0.0
bred_vector,1,12,72.0,t1000,220.06658935546875,330.820068359375,0,1038240,0.0
bred_vector,1,12,72.0,q50,-6.718286749674007e-05,6.809822662035003e-05,486996,1038240,0.4690591770688858
bred_vector,1,12,72.0,q100,-1.5366560546681285e-05,2.2343077944242395e-05,432955,1038240,0.41700859146247493
bred_vector,1,12,72.0,q150,-5.525968663278036e-05,0.00012776390940416604,284570,1038240,0.27408884265680383
bred_vector,1,12,72.0,q200,-0.000139537631184794,0.0007875444716773927,219724,1038240,0.21163122206811527
bred_vector,1,12,72.0,q250,-0.0005703092901967466,0.0023156185634434223,186051,1038240,0.17919845122515027
bred_vector,1,12,72.0,q300,-0.0009580273181200027,0.004937058314681053,127999,1038240,0.12328459701032517
bred_vector,1,12,72.0,q400,-0.0034236484207212925,0.011980999261140823,175253,1038240,0.16879815842194482
bred_vector,1,12,72.0,q500,-0.0072828433476388454,0.01815357431769371,121620,1038240,0.11714054553860379
bred_vector,1,12,72.0,q600,-0.027586670592427254,0.02881726436316967,184712,1038240,0.1779087686854677
bred_vector,1,12,72.0,q700,-0.040867459028959274,0.04189491644501686,232706,1038240,0.22413507474187086
bred_vector,1,12,72.0,q850,-0.020149700343608856,0.04316692799329758,74898,1038240,0.07213938973647711
bred_vector,1,12,72.0,q925,-0.024630621075630188,0.04316104203462601,51629,1038240,0.04972742333179227
bred_vector,1,12,72.0,q1000,-0.023659242317080498,0.0453600212931633,44388,1038240,0.04275312066574202
bred_vector,1,13,78.0,u10m,-30.06484031677246,29.655040740966797,0,1038240,0.0
bred_vector,1,13,78.0,v10m,-28.636442184448242,26.12576675415039,0,1038240,0.0
bred_vector,1,13,78.0,u100m,-35.1334114074707,39.12569046020508,0,1038240,0.0
bred_vector,1,13,78.0,v100m,-38.336849212646484,34.85039138793945,0,1038240,0.0
bred_vector,1,13,78.0,t2m,189.43075561523438,332.4156188964844,0,1038240,0.0
bred_vector,1,13,78.0,sp,39021.39453125,109092.921875,2,1038240,1.9263368777931887e-06
bred_vector,1,13,78.0,msl,91841.6875,109693.765625,0,1038240,0.0
bred_vector,1,13,78.0,tcwv,-77.2532730102539,174.89157104492188,148853,1038240,0.14337051163507475
bred_vector,1,13,78.0,u50,-134.39308166503906,137.78846740722656,0,1038240,0.0
bred_vector,1,13,78.0,u100,-99.21300506591797,132.9955291748047,0,1038240,0.0
bred_vector,1,13,78.0,u150,-125.97801971435547,147.26019287109375,0,1038240,0.0
bred_vector,1,13,78.0,u200,-135.2043914794922,138.38241577148438,0,1038240,0.0
bred_vector,1,13,78.0,u250,-215.39991760253906,137.46267700195312,468,1038240,0.0004507628294036061
bred_vector,1,13,78.0,u300,-192.14260864257812,116.3064193725586,671,1038240,0.0006462860224996147
bred_vector,1,13,78.0,u400,-174.64944458007812,115.06742095947266,217,1038240,0.00020900755124056094
bred_vector,1,13,78.0,u500,-109.69154357910156,77.06845092773438,0,1038240,0.0
bred_vector,1,13,78.0,u600,-89.0083236694336,65.61744689941406,0,1038240,0.0
bred_vector,1,13,78.0,u700,-62.17728805541992,77.72293090820312,0,1038240,0.0
bred_vector,1,13,78.0,u850,-48.41633605957031,64.11257934570312,0,1038240,0.0
bred_vector,1,13,78.0,u925,-44.655967712402344,53.72041702270508,0,1038240,0.0
bred_vector,1,13,78.0,u1000,-33.830257415771484,33.45053482055664,0,1038240,0.0
bred_vector,1,13,78.0,v50,-85.32491302490234,86.92082977294922,0,1038240,0.0
bred_vector,1,13,78.0,v100,-81.70606994628906,78.25416564941406,0,1038240,0.0
bred_vector,1,13,78.0,v150,-86.62005615234375,98.42992401123047,0,1038240,0.0
bred_vector,1,13,78.0,v200,-86.4361343383789,117.62865447998047,0,1038240,0.0
bred_vector,1,13,78.0,v250,-100.9141845703125,130.5471954345703,0,1038240,0.0
bred_vector,1,13,78.0,v300,-82.19668579101562,146.47328186035156,0,1038240,0.0
bred_vector,1,13,78.0,v400,-61.17848205566406,100.7599105834961,0,1038240,0.0
bred_vector,1,13,78.0,v500,-59.463294982910156,85.84939575195312,0,1038240,0.0
bred_vector,1,13,78.0,v600,-67.796142578125,71.09732055664062,0,1038240,0.0
bred_vector,1,13,78.0,v700,-65.94544982910156,57.77037811279297,0,1038240,0.0
bred_vector,1,13,78.0,v850,-46.47296142578125,46.159820556640625,0,1038240,0.0
bred_vector,1,13,78.0,v925,-45.113712310791016,49.33326721191406,0,1038240,0.0
bred_vector,1,13,78.0,v1000,-40.59461975097656,34.361671447753906,0,1038240,0.0
bred_vector,1,13,78.0,z50,176953.6875,216757.84375,0,1038240,0.0
bred_vector,1,13,78.0,z100,142461.0,178314.421875,0,1038240,0.0
bred_vector,1,13,78.0,z150,121859.1328125,153938.59375,0,1038240,0.0
bred_vector,1,13,78.0,z200,107134.5546875,134159.140625,0,1038240,0.0
bred_vector,1,13,78.0,z250,94222.234375,118627.0859375,0,1038240,0.0
bred_vector,1,13,78.0,z300,82959.6484375,105374.5625,0,1038240,0.0
bred_vector,1,13,78.0,z400,64368.03125,83871.9921875,0,1038240,0.0
bred_vector,1,13,78.0,z500,49380.6953125,65904.171875,0,1038240,0.0
bred_vector,1,13,78.0,z600,36471.55859375,50741.3359375,0,1038240,0.0
bred_vector,1,13,78.0,z700,24057.6015625,37778.0546875,0,1038240,0.0
bred_vector,1,13,78.0,z850,7227.69970703125,21340.46484375,0,1038240,0.0
bred_vector,1,13,78.0,z925,-62.41357421875,14164.0546875,0,1038240,0.0
bred_vector,1,13,78.0,z1000,-6646.7529296875,7534.65625,0,1038240,0.0
bred_vector,1,13,78.0,t50,147.30410766601562,265.7264099121094,1015,1038240,0.0009776159654800432
bred_vector,1,13,78.0,t100,145.66612243652344,290.777099609375,228,1038240,0.0002196024040684235
bred_vector,1,13,78.0,t150,167.3404083251953,276.7085876464844,0,1038240,0.0
bred_vector,1,13,78.0,t200,181.82333374023438,276.95550537109375,0,1038240,0.0
bred_vector,1,13,78.0,t250,198.54031372070312,280.90142822265625,0,1038240,0.0
bred_vector,1,13,78.0,t300,208.20001220703125,301.24395751953125,0,1038240,0.0
bred_vector,1,13,78.0,t400,220.47238159179688,301.10394287109375,0,1038240,0.0
bred_vector,1,13,78.0,t500,221.76971435546875,302.1353759765625,0,1038240,0.0
bred_vector,1,13,78.0,t600,226.25540161132812,332.68707275390625,0,1038240,0.0
bred_vector,1,13,78.0,t700,236.7146453857422,337.3605651855469,0,1038240,0.0
bred_vector,1,13,78.0,t850,241.37010192871094,325.0776062011719,0,1038240,0.0
bred_vector,1,13,78.0,t925,228.34249877929688,326.694580078125,0,1038240,0.0
bred_vector,1,13,78.0,t1000,215.94686889648438,330.5279846191406,0,1038240,0.0
bred_vector,1,13,78.0,q50,-6.598647451028228e-05,6.69247456244193e-05,486776,1038240,0.46884728001232856
bred_vector,1,13,78.0,q100,-1.5430381608894095e-05,2.2664416974294e-05,435674,1038240,0.4196274464478348
bred_vector,1,13,78.0,q150,-5.512639108928852e-05,0.000136156304506585,284930,1038240,0.2744355832948066
bred_vector,1,13,78.0,q200,-0.00013681560812983662,0.0007526231347583234,219255,1038240,0.21117949607027278
bred_vector,1,13,78.0,q250,-0.0006604560767300427,0.0022997225169092417,182608,1038240,0.1758822622900293
bred_vector,1,13,78.0,q300,-0.001076588174328208,0.005047651939094067,128263,1038240,0.12353887347819387
bred_vector,1,13,78.0,q400,-0.0036427732557058334,0.012548641301691532,178137,1038240,0.1715759361997226
bred_vector,1,13,78.0,q500,-0.007303333375602961,0.018749384209513664,130794,1038240,0.12597665279704115
bred_vector,1,13,78.0,q600,-0.029746461659669876,0.028601014986634254,189257,1038240,0.18228636924025274
bred_vector,1,13,78.0,q700,-0.04471902549266815,0.04298987239599228,242713,1038240,0.23377350130990907
bred_vector,1,13,78.0,q850,-0.02240782231092453,0.042978350073099136,77890,1038240,0.07502118970565573
bred_vector,1,13,78.0,q925,-0.02943364530801773,0.043674763292074203,54888,1038240,0.05286638927415627
bred_vector,1,13,78.0,q1000,-0.028289256617426872,0.044333092868328094,47681,1038240,0.04592483433502851
bred_vector,1,14,84.0,u10m,-30.086301803588867,28.557268142700195,0,1038240,0.0
bred_vector,1,14,84.0,v10m,-30.127365112304688,30.384300231933594,0,1038240,0.0
bred_vector,1,14,84.0,u100m,-36.328033447265625,38.86033630371094,0,1038240,0.0
bred_vector,1,14,84.0,v100m,-36.95607376098633,39.876949310302734,0,1038240,0.0
bred_vector,1,14,84.0,t2m,195.10415649414062,329.18096923828125,0,1038240,0.0
bred_vector,1,14,84.0,sp,39816.7734375,109008.3984375,1,1038240,9.631684388965943e-07
bred_vector,1,14,84.0,msl,92050.96875,109651.21875,0,1038240,0.0
bred_vector,1,14,84.0,tcwv,-86.01769256591797,176.19606018066406,165335,1038240,0.1592454538449684
bred_vector,1,14,84.0,u50,-137.19207763671875,138.61277770996094,0,1038240,0.0
bred_vector,1,14,84.0,u100,-114.2155532836914,126.19290924072266,0,1038240,0.0
bred_vector,1,14,84.0,u150,-143.41934204101562,142.4374237060547,0,1038240,0.0
bred_vector,1,14,84.0,u200,-137.4450225830078,142.6236114501953,0,1038240,0.0
bred_vector,1,14,84.0,u250,-202.15158081054688,150.13253784179688,1306,1038240,0.0012578979811989522
bred_vector,1,14,84.0,u300,-214.1100616455078,141.6574249267578,741,1038240,0.0007137078132223763
bred_vector,1,14,84.0,u400,-165.67831420898438,95.42562103271484,114,1038240,0.00010980120203421175
bred_vector,1,14,84.0,u500,-111.4351577758789,69.62699890136719,0,1038240,0.0
bred_vector,1,14,84.0,u600,-75.53655242919922,64.02030944824219,0,1038240,0.0
bred_vector,1,14,84.0,u700,-58.54706573486328,67.64360046386719,0,1038240,0.0
bred_vector,1,14,84.0,u850,-49.45714569091797,57.898468017578125,0,1038240,0.0
bred_vector,1,14,84.0,u925,-43.06153106689453,46.351158142089844,0,1038240,0.0
bred_vector,1,14,84.0,u1000,-44.5860481262207,32.49382019042969,0,1038240,0.0
bred_vector,1,14,84.0,v50,-72.4553451538086,82.95890808105469,0,1038240,0.0
bred_vector,1,14,84.0,v100,-76.80538177490234,81.51411437988281,0,1038240,0.0
bred_vector,1,14,84.0,v150,-81.87025451660156,88.21076965332031,0,1038240,0.0
bred_vector,1,14,84.0,v200,-98.2194595336914,120.23539733886719,0,1038240,0.0
bred_vector,1,14,84.0,v250,-102.3114013671875,139.1763153076172,0,1038240,0.0
bred_vector,1,14,84.0,v300,-84.8902587890625,154.52279663085938,7,1038240,6.74217907227616e-06
bred_vector,1,14,84.0,v400,-73.15111541748047,109.12104797363281,0,1038240,0.0
bred_vector,1,14,84.0,v500,-65.82231140136719,76.0582046508789,0,1038240,0.0
bred_vector,1,14,84.0,v600,-71.79557800292969,68.68354797363281,0,1038240,0.0
bred_vector,1,14,84.0,v700,-63.43729019165039,54.48895263671875,0,1038240,0.0
bred_vector,1,14,84.0,v850,-43.19763946533203,43.51071548461914,0,1038240,0.0
bred_vector,1,14,84.0,v925,-51.77916717529297,56.93512725830078,0,1038240,0.0
bred_vector,1,14,84.0,v1000,-39.992942810058594,33.00131607055664,0,1038240,0.0
bred_vector,1,14,84.0,z50,176602.609375,217019.46875,0,1038240,0.0
bred_vector,1,14,84.0,z100,142234.625,178386.953125,0,1038240,0.0
bred_vector,1,14,84.0,z150,121499.3984375,154402.6875,0,1038240,0.0
bred_vector,1,14,84.0,z200,106910.46875,134723.109375,0,1038240,0.0
bred_vector,1,14,84.0,z250,94161.6796875,118659.1015625,0,1038240,0.0
bred_vector,1,14,84.0,z300,82893.46875,105363.328125,0,1038240,0.0
bred_vector,1,14,84.0,z400,64467.98828125,83729.9140625,0,1038240,0.0
bred_vector,1,14,84.0,z500,49504.22265625,65626.96875,0,1038240,0.0
bred_vector,1,14,84.0,z600,36747.234375,50293.2265625,0,1038240,0.0
bred_vector,1,14,84.0,z700,24223.12890625,37510.83203125,0,1038240,0.0
bred_vector,1,14,84.0,z850,7287.18310546875,21105.390625,0,1038240,0.0
bred_vector,1,14,84.0,z925,-152.673828125,13837.3134765625,0,1038240,0.0
bred_vector,1,14,84.0,z1000,-6898.1083984375,7471.17138671875,0,1038240,0.0
bred_vector,1,14,84.0,t50,145.71722412109375,268.4107666015625,1759,1038240,0.0016942132840191092
bred_vector,1,14,84.0,t100,146.58082580566406,298.71783447265625,260,1038240,0.0002504237941131145
bred_vector,1,14,84.0,t150,165.11489868164062,279.0188903808594,0,1038240,0.0
bred_vector,1,14,84.0,t200,182.42959594726562,281.8680114746094,0,1038240,0.0
bred_vector,1,14,84.0,t250,196.6464385986328,283.8892822265625,0,1038240,0.0
bred_vector,1,14,84.0,t300,208.3966064453125,301.28594970703125,0,1038240,0.0
bred_vector,1,14,84.0,t400,223.01025390625,303.02935791015625,0,1038240,0.0
bred_vector,1,14,84.0,t500,221.99807739257812,303.6653137207031,0,1038240,0.0
bred_vector,1,14,84.0,t600,229.12680053710938,329.7901916503906,0,1038240,0.0
bred_vector,1,14,84.0,t700,240.47486877441406,333.13555908203125,0,1038240,0.0
bred_vector,1,14,84.0,t850,238.79275512695312,325.44366455078125,0,1038240,0.0
bred_vector,1,14,84.0,t925,228.26504516601562,325.3045349121094,0,1038240,0.0
bred_vector,1,14,84.0,t1000,212.49635314941406,329.0193176269531,0,1038240,0.0
bred_vector,1,14,84.0,q50,-6.479390140157193e-05,6.577568274224177e-05,486569,1038240,0.46864790414547697
bred_vector,1,14,84.0,q100,-1.5713327229605056e-05,2.293000761710573e-05,437938,1038240,0.42180805979349667
bred_vector,1,14,84.0,q150,-4.8162441089516506e-05,0.0001339560403721407,283286,1038240,0.2728521343812606
bred_vector,1,14,84.0,q200,-0.00014735916920471936,0.0007731423247605562,221096,1038240,0.2129526891662814
bred_vector,1,14,84.0,q250,-0.0006202699150890112,0.0022733062505722046,187482,1038240,0.18057674526121129
bred_vector,1,14,84.0,q300,-0.0010478488402441144,0.004947287030518055,126822,1038240,0.12215094775774388
bred_vector,1,14,84.0,q400,-0.003907050937414169,0.011688900180161,186647,1038240,0.17977249961473263
bred_vector,1,14,84.0,q500,-0.0077203926630318165,0.017910096794366837,137621,1038240,0.1325522037293882
bred_vector,1,14,84.0,q600,-0.029822107404470444,0.029466792941093445,196962,1038240,0.18970758206195099
bred_vector,1,14,84.0,q700,-0.044662680476903915,0.04271842911839485,253917,1038240,0.24456484049930652
bred_vector,1,14,84.0,q850,-0.02525917999446392,0.04309666529297829,82996,1038240,0.07993912775466173
bred_vector,1,14,84.0,q925,-0.03349071368575096,0.04223509877920151,56688,1038240,0.054600092464170136
bred_vector,1,14,84.0,q1000,-0.03279256448149681,0.04383412376046181,50100,1038240,0.04825473878871937
bred_vector,1,15,90.0,u10m,-30.038301467895508,25.137100219726562,0,1038240,0.0
bred_vector,1,15,90.0,v10m,-24.754491806030273,31.355743408203125,0,1038240,0.0
bred_vector,1,15,90.0,u100m,-40.562965393066406,34.421722412109375,0,1038240,0.0
bred_vector,1,15,90.0,v100m,-32.47764587402344,42.55280303955078,0,1038240,0.0
bred_vector,1,15,90.0,t2m,189.78668212890625,332.2300720214844,0,1038240,0.0
bred_vector,1,15,90.0,sp,40721.91796875,108638.3046875,0,1038240,0.0
bred_vector,1,15,90.0,msl,91884.484375,109769.53125,0,1038240,0.0
bred_vector,1,15,90.0,tcwv,-100.77096557617188,166.9830322265625,185984,1038240,0.17913391893974417
bred_vector,1,15,90.0,u50,-117.98374938964844,139.37234497070312,0,1038240,0.0
bred_vector,1,15,90.0,u100,-128.49649047851562,128.02554321289062,0,1038240,0.0
bred_vector,1,15,90.0,u150,-137.31948852539062,141.98902893066406,0,1038240,0.0
bred_vector,1,15,90.0,u200,-144.69967651367188,154.68643188476562,30,1038240,2.8895053166897826e-05
bred_vector,1,15,90.0,u250,-225.71351623535156,148.29388427734375,2028,1038240,0.001953305594082293
bred_vector,1,15,90.0,u300,-214.37452697753906,146.615478515625,1400,1038240,0.001348435814455232
bred_vector,1,15,90.0,u400,-159.89837646484375,114.58318328857422,39,1038240,3.7563569116967175e-05
bred_vector,1,15,90.0,u500,-114.99710083007812,68.35240173339844,0,1038240,0.0
bred_vector,1,15,90.0,u600,-74.54017639160156,62.77387619018555,0,1038240,0.0
bred_vector,1,15,90.0,u700,-58.71619415283203,57.53603744506836,0,1038240,0.0
bred_vector,1,15,90.0,u850,-59.92734146118164,59.208377838134766,0,1038240,0.0
bred_vector,1,15,90.0,u925,-52.47029113769531,45.6094970703125,0,1038240,0.0
bred_vector,1,15,90.0,u1000,-33.926204681396484,33.4239387512207,0,1038240,0.0
bred_vector,1,15,90.0,v50,-64.23014068603516,81.81185150146484,0,1038240,0.0
bred_vector,1,15,90.0,v100,-82.56987762451172,81.94945526123047,0,1038240,0.0
bred_vector,1,15,90.0,v150,-86.5935287475586,75.20492553710938,0,1038240,0.0
bred_vector,1,15,90.0,v200,-91.30821228027344,103.72785186767578,0,1038240,0.0
bred_vector,1,15,90.0,v250,-100.33381652832031,121.9921646118164,0,1038240,0.0
bred_vector,1,15,90.0,v300,-83.6324234008789,163.17495727539062,64,1038240,6.164278008938204e-05
bred_vector,1,15,90.0,v400,-62.5320930480957,96.9305648803711,0,1038240,0.0
bred_vector,1,15,90.0,v500,-65.88516998291016,78.25311279296875,0,1038240,0.0
bred_vector,1,15,90.0,v600,-65.51527404785156,56.95236587524414,0,1038240,0.0
bred_vector,1,15,90.0,v700,-55.616416931152344,56.36824417114258,0,1038240,0.0
bred_vector,1,15,90.0,v850,-36.90522766113281,66.23303985595703,0,1038240,0.0
bred_vector,1,15,90.0,v925,-38.03792190551758,52.52956008911133,0,1038240,0.0
bred_vector,1,15,90.0,v1000,-37.43632125854492,34.39051055908203,0,1038240,0.0
bred_vector,1,15,90.0,z50,176067.84375,217451.875,0,1038240,0.0
bred_vector,1,15,90.0,z100,142295.09375,178449.484375,0,1038240,0.0
bred_vector,1,15,90.0,z150,121220.9453125,154703.046875,0,1038240,0.0
bred_vector,1,15,90.0,z200,106886.296875,134969.0625,0,1038240,0.0
bred_vector,1,15,90.0,z250,94180.7421875,118475.15625,0,1038240,0.0
bred_vector,1,15,90.0,z300,83086.2734375,105049.3515625,0,1038240,0.0
bred_vector,1,15,90.0,z400,64507.3046875,83140.3125,0,1038240,0.0
bred_vector,1,15,90.0,z500,49534.55078125,65214.15234375,0,1038240,0.0
bred_vector,1,15,90.0,z600,36841.60546875,50162.09375,0,1038240,0.0
bred_vector,1,15,90.0,z700,24167.2578125,37202.953125,0,1038240,0.0
bred_vector,1,15,90.0,z850,7328.63720703125,20771.677734375,0,1038240,0.0
bred_vector,1,15,90.0,z925,-180.82421875,13565.4931640625,0,1038240,0.0
bred_vector,1,15,90.0,z1000,-7007.69287109375,7411.90576171875,0,1038240,0.0
bred_vector,1,15,90.0,t50,143.48892211914062,266.9789733886719,2902,1038240,0.0027951148096779163
bred_vector,1,15,90.0,t100,144.733154296875,299.61468505859375,625,1038240,0.0006019802743103714
bred_vector,1,15,90.0,t150,159.35556030273438,284.0596008300781,0,1038240,0.0
bred_vector,1,15,90.0,t200,183.93453979492188,285.64276123046875,0,1038240,0.0
bred_vector,1,15,90.0,t250,195.17623901367188,286.7696533203125,0,1038240,0.0
bred_vector,1,15,90.0,t300,208.07069396972656,303.93170166015625,0,1038240,0.0
bred_vector,1,15,90.0,t400,224.40879821777344,305.4593811035156,0,1038240,0.0
bred_vector,1,15,90.0,t500,221.86441040039062,303.0298156738281,0,1038240,0.0
bred_vector,1,15,90.0,t600,226.89964294433594,329.12274169921875,0,1038240,0.0
bred_vector,1,15,90.0,t700,241.50799560546875,337.5640869140625,0,1038240,0.0
bred_vector,1,15,90.0,t850,238.46737670898438,327.9352111816406,0,1038240,0.0
bred_vector,1,15,90.0,t925,228.76318359375,325.652099609375,0,1038240,0.0
bred_vector,1,15,90.0,t1000,216.8280487060547,328.7781677246094,0,1038240,0.0
bred_vector,1,15,90.0,q50,-6.36439654044807e-05,6.466689228545874e-05,486356,1038240,0.468442749267992
bred_vector,1,15,90.0,q100,-1.666354000917636e-05,2.310365925950464e-05,439999,1038240,0.42379314994606254
bred_vector,1,15,90.0,q150,-4.822414484806359e-05,0.00013252586359158158,288114,1038240,0.27750231160425337
bred_vector,1,15,90.0,q200,-0.0001460795319871977,0.0008031351026147604,226350,1038240,0.2180131761442441
bred_vector,1,15,90.0,q250,-0.0007071811705827713,0.0023326133377850056,195081,1038240,0.1878958622283865
bred_vector,1,15,90.0,q300,-0.001019409392029047,0.005059515126049519,125754,1038240,0.12112228386500232
bred_vector,1,15,90.0,q400,-0.003944885451346636,0.011770637705922127,189628,1038240,0.18264370473108338
bred_vector,1,15,90.0,q500,-0.008441619575023651,0.018653102219104767,141983,1038240,0.13675354445985513
bred_vector,1,15,90.0,q600,-0.030523352324962616,0.028767067939043045,205416,1038240,0.1978502080443828
bred_vector,1,15,90.0,q700,-0.04639953747391701,0.042736563831567764,263663,1038240,0.25395188010479275
bred_vector,1,15,90.0,q850,-0.029173702001571655,0.04229797050356865,87415,1038240,0.08419536908614579
bred_vector,1,15,90.0,q925,-0.037021100521087646,0.043237801641225815,58811,1038240,0.0566448990599476
bred_vector,1,15,90.0,q1000,-0.03733520954847336,0.04330688342452049,52883,1038240,0.050935236554168595
bred_vector,1,16,96.0,u10m,-31.86587905883789,22.620609283447266,0,1038240,0.0
bred_vector,1,16,96.0,v10m,-25.703868865966797,32.55048370361328,0,1038240,0.0
bred_vector,1,16,96.0,u100m,-36.33559036254883,30.623868942260742,0,1038240,0.0
bred_vector,1,16,96.0,v100m,-31.927165985107422,45.89442825317383,0,1038240,0.0
bred_vector,1,16,96.0,t2m,197.32861328125,336.19970703125,0,1038240,0.0
bred_vector,1,16,96.0,sp,41304.23828125,108390.0,0,1038240,0.0
bred_vector,1,16,96.0,msl,91060.8046875,109819.34375,0,1038240,0.0
bred_vector,1,16,96.0,tcwv,-109.40431213378906,170.4745330810547,205267,1038240,0.1977066959469872
bred_vector,1,16,96.0,u50,-114.74356842041016,143.61415100097656,0,1038240,0.0
bred_vector,1,16,96.0,u100,-134.42807006835938,130.5985107421875,0,1038240,0.0
bred_vector,1,16,96.0,u150,-136.35960388183594,144.46719360351562,0,1038240,0.0
bred_vector,1,16,96.0,u200,-155.4083251953125,164.0918731689453,279,1038240,0.0002687239944521498
bred_vector,1,16,96.0,u250,-225.35623168945312,147.2459259033203,2658,1038240,0.0025601017105871477
bred_vector,1,16,96.0,u300,-223.74172973632812,117.64159393310547,1346,1038240,0.0012964247187548159
bred_vector,1,16,96.0,u400,-130.72860717773438,124.49967193603516,0,1038240,0.0
bred_vector,1,16,96.0,u500,-117.1099624633789,70.31546020507812,0,1038240,0.0
bred_vector,1,16,96.0,u600,-91.41407012939453,61.340492248535156,0,1038240,0.0
bred_vector,1,16,96.0,u700,-65.58151245117188,60.31948471069336,0,1038240,0.0
bred_vector,1,16,96.0,u850,-56.52644348144531,53.2076416015625,0,1038240,0.0
bred_vector,1,16,96.0,u925,-51.33589172363281,39.57725143432617,0,1038240,0.0
bred_vector,1,16,96.0,u1000,-33.15925216674805,30.1939697265625,0,1038240,0.0
bred_vector,1,16,96.0,v50,-59.19302749633789,71.86583709716797,0,1038240,0.0
bred_vector,1,16,96.0,v100,-86.41534423828125,76.85030364990234,0,1038240,0.0
bred_vector,1,16,96.0,v150,-82.58509063720703,69.39507293701172,0,1038240,0.0
bred_vector,1,16,96.0,v200,-86.22034454345703,105.054443359375,0,1038240,0.0
bred_vector,1,16,96.0,v250,-90.03097534179688,146.92919921875,0,1038240,0.0
bred_vector,1,16,96.0,v300,-73.48745727539062,170.46299743652344,119,1038240,0.00011461704422869471
bred_vector,1,16,96.0,v400,-69.60249328613281,84.82821655273438,0,1038240,0.0
bred_vector,1,16,96.0,v500,-59.575889587402344,67.97371673583984,0,1038240,0.0
bred_vector,1,16,96.0,v600,-68.1226577758789,49.741851806640625,0,1038240,0.0
bred_vector,1,16,96.0,v700,-54.86561584472656,52.644954681396484,0,1038240,0.0
bred_vector,1,16,96.0,v850,-34.33457565307617,56.561527252197266,0,1038240,0.0
bred_vector,1,16,96.0,v925,-35.77951431274414,59.41691589355469,0,1038240,0.0
bred_vector,1,16,96.0,v1000,-36.05986404418945,37.37755584716797,0,1038240,0.0
bred_vector,1,16,96.0,z50,175382.484375,218145.78125,0,1038240,0.0
bred_vector,1,16,96.0,z100,142004.265625,178742.40625,0,1038240,0.0
bred_vector,1,16,96.0,z150,121262.4921875,155217.265625,0,1038240,0.0
bred_vector,1,16,96.0,z200,107054.9765625,135152.1875,0,1038240,0.0
bred_vector,1,16,96.0,z250,94336.5390625,118349.9375,0,1038240,0.0
bred_vector,1,16,96.0,z300,82926.765625,104604.609375,0,1038240,0.0
bred_vector,1,16,96.0,z400,64310.390625,82890.9296875,0,1038240,0.0
bred_vector,1,16,96.0,z500,49458.96484375,64881.44921875,0,1038240,0.0
bred_vector,1,16,96.0,z600,36648.97265625,49945.765625,0,1038240,0.0
bred_vector,1,16,96.0,z700,24120.3515625,36977.78515625,0,1038240,0.0
bred_vector,1,16,96.0,z850,6836.36865234375,20516.744140625,0,1038240,0.0
bred_vector,1,16,96.0,z925,-790.0673828125,13438.8544921875,0,1038240,0.0
bred_vector,1,16,96.0,z1000,-7725.62255859375,7293.478515625,0,1038240,0.0
bred_vector,1,16,96.0,t50,141.4853515625,275.6332702636719,3966,1038240,0.003819926028663893
bred_vector,1,16,96.0,t100,144.9171142578125,303.23883056640625,495,1038240,0.00047676837725381415
bred_vector,1,16,96.0,t150,154.22523498535156,282.20733642578125,0,1038240,0.0
bred_vector,1,16,96.0,t200,180.9877166748047,285.264404296875,0,1038240,0.0
bred_vector,1,16,96.0,t250,194.5078887939453,289.5616760253906,0,1038240,0.0
bred_vector,1,16,96.0,t300,206.13319396972656,307.5974426269531,0,1038240,0.0
bred_vector,1,16,96.0,t400,225.00648498535156,308.81353759765625,0,1038240,0.0
bred_vector,1,16,96.0,t500,220.43389892578125,302.86871337890625,0,1038240,0.0
bred_vector,1,16,96.0,t600,229.37669372558594,328.8558349609375,0,1038240,0.0
bred_vector,1,16,96.0,t700,240.64442443847656,339.9003601074219,0,1038240,0.0
bred_vector,1,16,96.0,t850,237.68792724609375,324.6920166015625,0,1038240,0.0
bred_vector,1,16,96.0,t925,224.2335968017578,323.762939453125,0,1038240,0.0
bred_vector,1,16,96.0,t1000,218.34567260742188,332.4125671386719,0,1038240,0.0
bred_vector,1,16,96.0,q50,-6.25140528427437e-05,6.359475082717836e-05,486143,1038240,0.468237594390507
bred_vector,1,16,96.0,q100,-1.762042120390106e-05,2.3084185158950277e-05,441961,1038240,0.4256828864231777
bred_vector,1,16,96.0,q150,-5.359602073440328e-05,0.0001299119758186862,292542,1038240,0.2817672214516875
bred_vector,1,16,96.0,q200,-0.00015426395111717284,0.0008315467857755721,224458,1038240,0.21619086145785174
bred_vector,1,16,96.0,q250,-0.0006074268603697419,0.002404013881459832,196938,1038240,0.18968446601941746
bred_vector,1,16,96.0,q300,-0.0008173825917765498,0.005134273320436478,126354,1038240,0.12170018492834027
bred_vector,1,16,96.0,q400,-0.004595309961587191,0.012481849640607834,195003,1038240,0.18782073509015257
bred_vector,1,16,96.0,q500,-0.007322236429899931,0.019767606630921364,145167,1038240,0.1398202727693019
bred_vector,1,16,96.0,q600,-0.030276931822299957,0.026482755318284035,213562,1038240,0.20569617814763447
bred_vector,1,16,96.0,q700,-0.04647510126233101,0.04385443031787872,275787,1038240,0.265629334257975
bred_vector,1,16,96.0,q850,-0.03163323551416397,0.04175777733325958,93362,1038240,0.08992333179226383
bred_vector,1,16,96.0,q925,-0.039005495607852936,0.04368744418025017,62526,1038240,0.06022306981044845
bred_vector,1,16,96.0,q1000,-0.03971637040376663,0.04264079034328461,55857,1038240,0.05379969949144706
bred_vector,1,17,102.0,u10m,-31.773801803588867,28.750694274902344,0,1038240,0.0
bred_vector,1,17,102.0,v10m,-24.589792251586914,41.060516357421875,0,1038240,0.0
bred_vector,1,17,102.0,u100m,-38.009822845458984,36.34149932861328,0,1038240,0.0
bred_vector,1,17,102.0,v100m,-29.37628746032715,51.175724029541016,0,1038240,0.0
bred_vector,1,17,102.0,t2m,191.7061767578125,333.5458984375,0,1038240,0.0
bred_vector,1,17,102.0,sp,41392.48828125,108154.765625,0,1038240,0.0
bred_vector,1,17,102.0,msl,90552.6875,109871.8125,0,1038240,0.0
bred_vector,1,17,102.0,tcwv,-110.38180541992188,174.58441162109375,223069,1038240,0.21485302049622437
bred_vector,1,17,102.0,u50,-119.57776641845703,148.39889526367188,0,1038240,0.0
bred_vector,1,17,102.0,u100,-137.64474487304688,133.34634399414062,0,1038240,0.0
bred_vector,1,17,102.0,u150,-150.06756591796875,163.6075439453125,227,1038240,0.0002186392356295269
bred_vector,1,17,102.0,u200,-157.5609893798828,162.03587341308594,182,1038240,0.00017529665587918015
bred_vector,1,17,102.0,u250,-232.02220153808594,136.08602905273438,2912,1038240,0.0028047464940668823
bred_vector,1,17,102.0,u300,-209.90496826171875,118.38995361328125,1362,1038240,0.0013118354137771613
bred_vector,1,17,102.0,u400,-129.33863830566406,104.77559661865234,0,1038240,0.0
bred_vector,1,17,102.0,u500,-107.24373626708984,74.30841064453125,0,1038240,0.0
bred_vector,1,17,102.0,u600,-98.64952850341797,73.96637725830078,0,1038240,0.0
bred_vector,1,17,102.0,u700,-74.26868438720703,65.48827362060547,0,1038240,0.0
bred_vector,1,17,102.0,u850,-56.809600830078125,63.27027130126953,0,1038240,0.0
bred_vector,1,17,102.0,u925,-50.18757629394531,46.09736633300781,0,1038240,0.0
bred_vector,1,17,102.0,u1000,-31.46466636657715,28.72893524169922,0,1038240,0.0
bred_vector,1,17,102.0,v50,-64.14575958251953,71.85911560058594,0,1038240,0.0
bred_vector,1,17,102.0,v100,-78.67210388183594,77.09715270996094,0,1038240,0.0
bred_vector,1,17,102.0,v150,-94.78927612304688,72.34870910644531,0,1038240,0.0
bred_vector,1,17,102.0,v200,-79.29513549804688,105.48812866210938,0,1038240,0.0
bred_vector,1,17,102.0,v250,-82.65879821777344,156.44924926757812,49,1038240,4.7195253505933115e-05
bred_vector,1,17,102.0,v300,-88.94688415527344,179.4429168701172,253,1038240,0.00024368161504083834
bred_vector,1,17,102.0,v400,-72.40479278564453,78.22689056396484,0,1038240,0.0
bred_vector,1,17,102.0,v500,-61.42399597167969,61.10334396362305,0,1038240,0.0
bred_vector,1,17,102.0,v600,-61.52430725097656,54.593814849853516,0,1038240,0.0
bred_vector,1,17,102.0,v700,-54.00718307495117,56.978309631347656,0,1038240,0.0
bred_vector,1,17,102.0,v850,-39.66436767578125,58.79411697387695,0,1038240,0.0
bred_vector,1,17,102.0,v925,-44.50129699707031,71.85224914550781,0,1038240,0.0
bred_vector,1,17,102.0,v1000,-34.06541442871094,45.677162170410156,0,1038240,0.0
bred_vector,1,17,102.0,z50,174930.375,218430.0625,0,1038240,0.0
bred_vector,1,17,102.0,z100,142168.96875,179349.765625,0,1038240,0.0
bred_vector,1,17,102.0,z150,121029.1875,155732.078125,0,1038240,0.0
bred_vector,1,17,102.0,z200,107008.8046875,135773.8125,0,1038240,0.0
bred_vector,1,17,102.0,z250,93992.578125,118491.25,0,1038240,0.0
bred_vector,1,17,102.0,z300,82498.0234375,104490.0625,0,1038240,0.0
bred_vector,1,17,102.0,z400,64177.46484375,82398.8359375,0,1038240,0.0
bred_vector,1,17,102.0,z500,49141.75390625,64662.29296875,0,1038240,0.0
bred_vector,1,17,102.0,z600,36545.2734375,49694.4765625,0,1038240,0.0
bred_vector,1,17,102.0,z700,23865.81640625,36790.6328125,0,1038240,0.0
bred_vector,1,17,102.0,z850,6451.68798828125,20297.498046875,0,1038240,0.0
bred_vector,1,17,102.0,z925,-1155.6494140625,13356.673828125,0,1038240,0.0
bred_vector,1,17,102.0,z1000,-8033.08056640625,7239.01416015625,0,1038240,0.0
bred_vector,1,17,102.0,t50,140.99984741210938,281.24700927734375,4258,1038240,0.0041011712128216984
bred_vector,1,17,102.0,t100,143.5537872314453,304.1888732910156,450,1038240,0.00043342579750346743
bred_vector,1,17,102.0,t150,151.28228759765625,285.9507751464844,0,1038240,0.0
bred_vector,1,17,102.0,t200,179.7976531982422,287.315673828125,0,1038240,0.0
bred_vector,1,17,102.0,t250,197.7488250732422,290.298095703125,0,1038240,0.0
bred_vector,1,17,102.0,t300,204.8494110107422,306.0941162109375,0,1038240,0.0
bred_vector,1,17,102.0,t400,221.7067413330078,307.1229248046875,0,1038240,0.0
bred_vector,1,17,102.0,t500,220.6632843017578,303.775146484375,0,1038240,0.0
bred_vector,1,17,102.0,t600,230.45040893554688,327.0934143066406,0,1038240,0.0
bred_vector,1,17,102.0,t700,240.33975219726562,339.9691467285156,0,1038240,0.0
bred_vector,1,17,102.0,t850,236.90017700195312,322.7361145019531,0,1038240,0.0
bred_vector,1,17,102.0,t925,218.20330810546875,324.6776123046875,0,1038240,0.0
bred_vector,1,17,102.0,t1000,216.68341064453125,331.4349060058594,0,1038240,0.0
bred_vector,1,17,102.0,q50,-6.140059122117236e-05,6.253302854020149e-05,485939,1038240,0.4680411080289721
bred_vector,1,17,102.0,q100,-1.8170405382988974e-05,2.3709226297796704e-05,443524,1038240,0.4271883186931731
bred_vector,1,17,102.0,q150,-5.428854638012126e-05,0.00012159218022134155,295323,1038240,0.2844457928802589
bred_vector,1,17,102.0,q200,-0.00015713207540102303,0.0008637421415187418,225360,1038240,0.21705963938973646
bred_vector,1,17,102.0,q250,-0.0006411845679394901,0.002379694255068898,201889,1038240,0.19445311296039453
bred_vector,1,17,102.0,q300,-0.0007778399158269167,0.0057488540187478065,126166,1038240,0.12151910926182771
bred_vector,1,17,102.0,q400,-0.0044071911834180355,0.012889712117612362,198963,1038240,0.19163488210818308
bred_vector,1,17,102.0,q500,-0.00814289040863514,0.01911320723593235,145802,1038240,0.14043188472800122
bred_vector,1,17,102.0,q600,-0.03054051473736763,0.030715668573975563,221848,1038240,0.21367699183233163
bred_vector,1,17,102.0,q700,-0.0485561229288578,0.04583202302455902,282137,1038240,0.2717454538449684
bred_vector,1,17,102.0,q850,-0.03249472379684448,0.04134663566946983,98712,1038240,0.0950762829403606
bred_vector,1,17,102.0,q925,-0.03997857868671417,0.04407652094960213,66316,1038240,0.06387347819386655
bred_vector,1,17,102.0,q1000,-0.04130418226122856,0.04269611835479736,60604,1038240,0.058371860070889195
bred_vector,1,18,108.0,u10m,-32.159637451171875,28.428234100341797,0,1038240,0.0
bred_vector,1,18,108.0,v10m,-24.21758270263672,41.865577697753906,0,1038240,0.0
bred_vector,1,18,108.0,u100m,-40.0407829284668,34.583343505859375,0,1038240,0.0
bred_vector,1,18,108.0,v100m,-30.809789657592773,51.31565856933594,0,1038240,0.0
bred_vector,1,18,108.0,t2m,188.22296142578125,331.455078125,0,1038240,0.0
bred_vector,1,18,108.0,sp,41531.484375,107900.4140625,0,1038240,0.0
bred_vector,1,18,108.0,msl,90138.296875,109604.828125,0,1038240,0.0
bred_vector,1,18,108.0,tcwv,-115.76710510253906,161.76190185546875,240242,1038240,0.2313935120973956
bred_vector,1,18,108.0,u50,-127.1382064819336,142.9393310546875,0,1038240,0.0
bred_vector,1,18,108.0,u100,-161.3961639404297,134.83538818359375,33,1038240,3.178455848358761e-05
bred_vector,1,18,108.0,u150,-154.34263610839844,164.81495666503906,323,1038240,0.00031110340576359993
bred_vector,1,18,108.0,u200,-156.14743041992188,147.60850524902344,40,1038240,3.852673755586377e-05
bred_vector,1,18,108.0,u250,-217.47642517089844,168.85452270507812,3336,1038240,0.0032131299121590383
bred_vector,1,18,108.0,u300,-197.5454559326172,133.76016235351562,1355,1038240,0.001305093234704885
bred_vector,1,18,108.0,u400,-136.5544891357422,101.64434814453125,0,1038240,0.0
bred_vector,1,18,108.0,u500,-108.5339126586914,78.1690902709961,0,1038240,0.0
bred_vector,1,18,108.0,u600,-107.35757446289062,77.7940673828125,0,1038240,0.0
bred_vector,1,18,108.0,u700,-76.41484069824219,61.890541076660156,0,1038240,0.0
bred_vector,1,18,108.0,u850,-61.65694046020508,56.947879791259766,0,1038240,0.0
bred_vector,1,18,108.0,u925,-51.058597564697266,48.11042404174805,0,1038240,0.0
bred_vector,1,18,108.0,u1000,-33.44847869873047,30.542591094970703,0,1038240,0.0
bred_vector,1,18,108.0,v50,-66.06566619873047,74.53559112548828,0,1038240,0.0
bred_vector,1,18,108.0,v100,-79.53704833984375,77.67987823486328,0,1038240,0.0
bred_vector,1,18,108.0,v150,-90.13275146484375,84.24628448486328,0,1038240,0.0
bred_vector,1,18,108.0,v200,-98.4848403930664,102.84938049316406,0,1038240,0.0
bred_vector,1,18,108.0,v250,-88.0062026977539,160.54893493652344,22,1038240,2.1189705655725073e-05
bred_vector,1,18,108.0,v300,-95.68191528320312,187.90003967285156,250,1038240,0.00024079210972414856
bred_vector,1,18,108.0,v400,-72.26324462890625,76.95362091064453,0,1038240,0.0
bred_vector,1,18,108.0,v500,-63.653709411621094,65.84831237792969,0,1038240,0.0
bred_vector,1,18,108.0,v600,-55.218387603759766,50.20176315307617,0,1038240,0.0
bred_vector,1,18,108.0,v700,-62.36104965209961,53.66794967651367,0,1038240,0.0
bred_vector,1,18,108.0,v850,-40.56752014160156,58.32444381713867,0,1038240,0.0
bred_vector,1,18,108.0,v925,-40.64798355102539,71.5595703125,0,1038240,0.0
bred_vector,1,18,108.0,v1000,-30.418119430541992,51.44437789916992,0,1038240,0.0
bred_vector,1,18,108.0,z50,174447.9375,218372.453125,0,1038240,0.0
bred_vector,1,18,108.0,z100,142122.53125,179736.59375,0,1038240,0.0
bred_vector,1,18,108.0,z150,120971.53125,155978.15625,0,1038240,0.0
bred_vector,1,18,108.0,z200,106611.7578125,136035.625,0,1038240,0.0
bred_vector,1,18,108.0,z250,93748.046875,118808.2734375,0,1038240,0.0
bred_vector,1,18,108.0,z300,82511.5,104114.6640625,0,1038240,0.0
bred_vector,1,18,108.0,z400,63410.375,82386.5859375,0,1038240,0.0
bred_vector,1,18,108.0,z500,48345.88671875,64612.77734375,0,1038240,0.0
bred_vector,1,18,108.0,z600,36063.84765625,49515.8203125,0,1038240,0.0
bred_vector,1,18,108.0,z700,23404.19140625,36787.671875,0,1038240,0.0
bred_vector,1,18,108.0,z850,5998.12548828125,20148.3125,0,1038240,0.0
bred_vector,1,18,108.0,z925,-1595.47265625,13042.5361328125,0,1038240,0.0
bred_vector,1,18,108.0,z1000,-8408.81640625,7022.078125,0,1038240,0.0
bred_vector,1,18,108.0,t50,140.21861267089844,287.5816345214844,4273,1038240,0.004115618739405147
bred_vector,1,18,108.0,t100,144.30935668945312,301.1888427734375,432,1038240,0.00041608876560332873
bred_vector,1,18,108.0,t150,145.54995727539062,289.50439453125,426,1038240,0.00041030975496994916
bred_vector,1,18,108.0,t200,178.46231079101562,292.21673583984375,0,1038240,0.0
bred_vector,1,18,108.0,t250,198.04360961914062,291.47784423828125,0,1038240,0.0
bred_vector,1,18,108.0,t300,205.78990173339844,305.8493347167969,0,1038240,0.0
bred_vector,1,18,108.0,t400,222.88194274902344,306.83514404296875,0,1038240,0.0
bred_vector,1,18,108.0,t500,220.5279998779297,303.3235168457031,0,1038240,0.0
bred_vector,1,18,108.0,t600,225.56204223632812,325.47900390625,0,1038240,0.0
bred_vector,1,18,108.0,t700,239.8955535888672,337.83447265625,0,1038240,0.0
bred_vector,1,18,108.0,t850,238.43441772460938,325.9528503417969,0,1038240,0.0
bred_vector,1,18,108.0,t925,216.50892639160156,325.5529479980469,0,1038240,0.0
bred_vector,1,18,108.0,t1000,215.73239135742188,335.0647888183594,0,1038240,0.0
bred_vector,1,18,108.0,q50,-6.029466021573171e-05,6.147316889837384e-05,485719,1038240,0.46782921097241487
bred_vector,1,18,108.0,q100,-1.841616722231265e-05,2.3746624719933607e-05,444554,1038240,0.4281803821852366
bred_vector,1,18,108.0,q150,-5.54098587599583e-05,0.00013128877617418766,296951,1038240,0.28601383109878253
bred_vector,1,18,108.0,q200,-0.00014467765868175775,0.0008659233571961522,224786,1038240,0.21650678070580984
bred_vector,1,18,108.0,q250,-0.0007069690618664026,0.0023397966288030148,202065,1038240,0.1946226306056403
bred_vector,1,18,108.0,q300,-0.0007831198163330555,0.0051832073368132114,129836,1038240,0.1250539374325782
bred_vector,1,18,108.0,q400,-0.004200907424092293,0.012895339168608189,197931,1038240,0.1906408922792418
bred_vector,1,18,108.0,q500,-0.007963933050632477,0.018780231475830078,146314,1038240,0.14092502696871628
bred_vector,1,18,108.0,q600,-0.03164023160934448,0.027210243046283722,226387,1038240,0.21804881337648327
bred_vector,1,18,108.0,q700,-0.04878288879990578,0.04723231866955757,291766,1038240,0.28101980274310373
bred_vector,1,18,108.0,q850,-0.03292688727378845,0.042165596038103104,108175,1038240,0.10419074587763909
bred_vector,1,18,108.0,q925,-0.04199441894888878,0.04261033609509468,72571,1038240,0.06989809677916474
bred_vector,1,18,108.0,q1000,-0.04291334003210068,0.04326410964131355,64961,1038240,0.06256838495916166
bred_vector,1,19,114.0,u10m,-33.482723236083984,29.2755184173584,0,1038240,0.0
bred_vector,1,19,114.0,v10m,-22.292652130126953,37.18650817871094,0,1038240,0.0
bred_vector,1,19,114.0,u100m,-44.32838821411133,39.345703125,0,1038240,0.0
bred_vector,1,19,114.0,v100m,-27.990312576293945,46.07727813720703,0,1038240,0.0
bred_vector,1,19,114.0,t2m,194.25485229492188,337.0069885253906,0,1038240,0.0
bred_vector,1,19,114.0,sp,41598.09375,107628.28125,0,1038240,0.0
bred_vector,1,19,114.0,msl,90126.109375,109434.9921875,0,1038240,0.0
bred_vector,1,19,114.0,tcwv,-119.13522338867188,163.6612091064453,258713,1038240,0.24918419633225458
bred_vector,1,19,114.0,u50,-132.58172607421875,136.03778076171875,0,1038240,0.0
bred_vector,1,19,114.0,u100,-168.4127197265625,141.03228759765625,258,1038240,0.0002484974572353213
bred_vector,1,19,114.0,u150,-161.08389282226562,168.87289428710938,314,1038240,0.0003024348898135306
bred_vector,1,19,114.0,u200,-164.58590698242188,147.2711639404297,494,1038240,0.00047580520881491755
bred_vector,1,19,114.0,u250,-228.53172302246094,145.89552307128906,3504,1038240,0.0033749422098936664
bred_vector,1,19,114.0,u300,-195.6898651123047,133.78152465820312,1216,1038240,0.0011712128216982585
bred_vector,1,19,114.0,u400,-132.32754516601562,97.14326477050781,0,1038240,0.0
bred_vector,1,19,114.0,u500,-111.19672393798828,87.67522430419922,0,1038240,0.0
bred_vector,1,19,114.0,u600,-105.03864288330078,74.11444854736328,0,1038240,0.0
bred_vector,1,19,114.0,u700,-86.70236206054688,63.3782844543457,0,1038240,0.0
bred_vector,1,19,114.0,u850,-57.96177673339844,63.00425338745117,0,1038240,0.0
bred_vector,1,19,114.0,u925,-53.62538528442383,48.404510498046875,0,1038240,0.0
bred_vector,1,19,114.0,u1000,-35.48184585571289,29.89989471435547,0,1038240,0.0
bred_vector,1,19,114.0,v50,-65.21949768066406,75.6272964477539,0,1038240,0.0
bred_vector,1,19,114.0,v100,-74.80594635009766,81.31709289550781,0,1038240,0.0
bred_vector,1,19,114.0,v150,-97.50244140625,86.89299011230469,0,1038240,0.0
bred_vector,1,19,114.0,v200,-96.29365539550781,102.00846862792969,0,1038240,0.0
bred_vector,1,19,114.0,v250,-86.53607177734375,146.8618927001953,0,1038240,0.0
bred_vector,1,19,114.0,v300,-83.2967529296875,175.5467071533203,121,1038240,0.0001165433811064879
bred_vector,1,19,114.0,v400,-73.66088104248047,71.69337463378906,0,1038240,0.0
bred_vector,1,19,114.0,v500,-65.3250732421875,64.41863250732422,0,1038240,0.0
bred_vector,1,19,114.0,v600,-45.61312484741211,55.35406494140625,0,1038240,0.0
bred_vector,1,19,114.0,v700,-66.83856964111328,52.5826416015625,0,1038240,0.0
bred_vector,1,19,114.0,v850,-39.71804428100586,48.28816223144531,0,1038240,0.0
bred_vector,1,19,114.0,v925,-37.29887771606445,57.257049560546875,0,1038240,0.0
bred_vector,1,19,114.0,v1000,-28.662012100219727,46.7941780090332,0,1038240,0.0
bred_vector,1,19,114.0,z50,173767.65625,218469.609375,0,1038240,0.0
bred_vector,1,19,114.0,z100,142131.484375,180155.109375,0,1038240,0.0
bred_vector,1,19,114.0,z150,121294.359375,156141.734375,0,1038240,0.0
bred_vector,1,19,114.0,z200,106836.8046875,136076.046875,0,1038240,0.0
bred_vector,1,19,114.0,z250,93982.4296875,118759.203125,0,1038240,0.0
bred_vector,1,19,114.0,z300,82468.6015625,103933.625,0,1038240,0.0
bred_vector,1,19,114.0,z400,62859.99609375,82142.578125,0,1038240,0.0
bred_vector,1,19,114.0,z500,47946.0078125,64341.61328125,0,1038240,0.0
bred_vector,1,19,114.0,z600,35829.9609375,49506.4375,0,1038240,0.0
bred_vector,1,19,114.0,z700,23143.619140625,36739.9453125,0,1038240,0.0
bred_vector,1,19,114.0,z850,5830.67138671875,20106.890625,0,1038240,0.0
bred_vector,1,19,114.0,z925,-1592.9501953125,12771.3203125,0,1038240,0.0
bred_vector,1,19,114.0,z1000,-8376.630859375,6805.80078125,0,1038240,0.0
bred_vector,1,19,114.0,t50,139.22482299804688,290.041015625,4016,1038240,0.0038680844506087226
bred_vector,1,19,114.0,t100,144.91258239746094,296.7589111328125,781,1038240,0.0007522345507782401
bred_vector,1,19,114.0,t150,140.16058349609375,293.30731201171875,1128,1038240,0.0010864539990753583
bred_vector,1,19,114.0,t200,175.89048767089844,294.9674072265625,0,1038240,0.0
bred_vector,1,19,114.0,t250,198.7095184326172,294.255859375,0,1038240,0.0
bred_vector,1,19,114.0,t300,207.6480712890625,305.0357360839844,0,1038240,0.0
bred_vector,1,19,114.0,t400,223.2272186279297,305.7542724609375,0,1038240,0.0
bred_vector,1,19,114.0,t500,221.57192993164062,302.58465576171875,0,1038240,0.0
bred_vector,1,19,114.0,t600,232.48854064941406,323.7450256347656,0,1038240,0.0
bred_vector,1,19,114.0,t700,237.79119873046875,337.20538330078125,0,1038240,0.0
bred_vector,1,19,114.0,t850,239.7241973876953,327.775146484375,0,1038240,0.0
bred_vector,1,19,114.0,t925,226.75704956054688,327.236572265625,0,1038240,0.0
bred_vector,1,19,114.0,t1000,221.58358764648438,334.87451171875,0,1038240,0.0
bred_vector,1,19,114.0,q50,-5.9204918215982616e-05,6.044122710591182e-05,485516,1038240,0.46763368777931885
bred_vector,1,19,114.0,q100,-1.8727665519691072e-05,2.3983635401236825e-05,445553,1038240,0.4291425874556942
bred_vector,1,19,114.0,q150,-5.889700332772918e-05,0.00012906188203487545,300193,1038240,0.2891364231776853
bred_vector,1,19,114.0,q200,-0.00013103998207952827,0.000858807994518429,222064,1038240,0.2138850362151333
bred_vector,1,19,114.0,q250,-0.0006918596918694675,0.0022936391178518534,200472,1038240,0.19308830328247803
bred_vector,1,19,114.0,q300,-0.0008186683990061283,0.005523802246898413,131239,1038240,0.12640526275235014
bred_vector,1,19,114.0,q400,-0.004510041326284409,0.01249014213681221,194890,1038240,0.18771189705655725
bred_vector,1,19,114.0,q500,-0.008576132357120514,0.02074364759027958,150714,1038240,0.14516296809986132
bred_vector,1,19,114.0,q600,-0.030835852026939392,0.029109450057148933,229227,1038240,0.2207842117429496
bred_vector,1,19,114.0,q700,-0.049588412046432495,0.04914809390902519,298807,1038240,0.28780147172137466
bred_vector,1,19,114.0,q850,-0.03299146890640259,0.04190875217318535,118320,1038240,0.11396208969024503
bred_vector,1,19,114.0,q925,-0.0445372499525547,0.04375256225466728,74651,1038240,0.07190148713206966
bred_vector,1,19,114.0,q1000,-0.04297442361712456,0.04230016842484474,67313,1038240,0.06483375712744645
bred_vector,1,20,120.0,u10m,-32.48186492919922,28.148250579833984,0,1038240,0.0
bred_vector,1,20,120.0,v10m,-23.736858367919922,35.8471794128418,0,1038240,0.0
bred_vector,1,20,120.0,u100m,-43.279727935791016,35.78606033325195,0,1038240,0.0
bred_vector,1,20,120.0,v100m,-29.54130744934082,43.6197509765625,0,1038240,0.0
bred_vector,1,20,120.0,t2m,195.8529815673828,336.1131896972656,0,1038240,0.0
bred_vector,1,20,120.0,sp,41849.59375,107652.7109375,0,1038240,0.0
bred_vector,1,20,120.0,msl,89877.171875,108995.078125,0,1038240,0.0
bred_vector,1,20,120.0,tcwv,-124.72795104980469,165.55604553222656,270215,1038240,0.2602625597164432
bred_vector,1,20,120.0,u50,-134.95257568359375,140.52078247070312,0,1038240,0.0
bred_vector,1,20,120.0,u100,-172.8252716064453,134.53875732421875,423,1038240,0.00040742024965325935
bred_vector,1,20,120.0,u150,-169.8099822998047,159.58778381347656,676,1038240,0.0006511018646940977
bred_vector,1,20,120.0,u200,-171.29296875,148.12855529785156,897,1038240,0.000863962089690245
bred_vector,1,20,120.0,u250,-237.81961059570312,152.3678741455078,3874,1038240,0.003731314532285406
bred_vector,1,20,120.0,u300,-203.19393920898438,128.42236328125,1694,1038240,0.0016316073354908306
bred_vector,1,20,120.0,u400,-143.3887939453125,98.96039581298828,0,1038240,0.0
bred_vector,1,20,120.0,u500,-124.46857452392578,77.28559112548828,0,1038240,0.0
bred_vector,1,20,120.0,u600,-111.0888442993164,58.68650817871094,0,1038240,0.0
bred_vector,1,20,120.0,u700,-80.7347183227539,62.19965362548828,0,1038240,0.0
bred_vector,1,20,120.0,u850,-55.33804702758789,55.20392608642578,0,1038240,0.0
bred_vector,1,20,120.0,u925,-50.30593490600586,49.03708267211914,0,1038240,0.0
bred_vector,1,20,120.0,u1000,-34.91558074951172,30.741477966308594,0,1038240,0.0
bred_vector,1,20,120.0,v50,-63.140933990478516,74.49217224121094,0,1038240,0.0
bred_vector,1,20,120.0,v100,-78.350830078125,76.30619812011719,0,1038240,0.0
bred_vector,1,20,120.0,v150,-97.49632263183594,74.07112884521484,0,1038240,0.0
bred_vector,1,20,120.0,v200,-94.6063461303711,128.27877807617188,0,1038240,0.0
bred_vector,1,20,120.0,v250,-91.1113510131836,126.09662628173828,0,1038240,0.0
bred_vector,1,20,120.0,v300,-87.14501953125,131.74195861816406,0,1038240,0.0
bred_vector,1,20,120.0,v400,-62.36384582519531,75.42748260498047,0,1038240,0.0
bred_vector,1,20,120.0,v500,-59.212520599365234,58.672428131103516,0,1038240,0.0
bred_vector,1,20,120.0,v600,-50.11635971069336,52.584190368652344,0,1038240,0.0
bred_vector,1,20,120.0,v700,-58.472835540771484,52.40911102294922,0,1038240,0.0
bred_vector,1,20,120.0,v850,-44.029964447021484,52.50703048706055,0,1038240,0.0
bred_vector,1,20,120.0,v925,-34.83229446411133,61.06805419921875,0,1038240,0.0
bred_vector,1,20,120.0,v1000,-28.359996795654297,46.141395568847656,0,1038240,0.0
bred_vector,1,20,120.0,z50,173513.25,218586.453125,0,1038240,0.0
bred_vector,1,20,120.0,z100,142174.546875,180249.1875,0,1038240,0.0
bred_vector,1,20,120.0,z150,121054.3515625,156715.0625,0,1038240,0.0
bred_vector,1,20,120.0,z200,106656.859375,136280.375,0,1038240,0.0
bred_vector,1,20,120.0,z250,94056.5546875,118727.609375,0,1038240,0.0
bred_vector,1,20,120.0,z300,82601.34375,104014.3984375,0,1038240,0.0
bred_vector,1,20,120.0,z400,63533.80859375,82034.6875,0,1038240,0.0
bred_vector,1,20,120.0,z500,48344.18359375,64211.12109375,0,1038240,0.0
bred_vector,1,20,120.0,z600,35710.8203125,49451.5546875,0,1038240,0.0
bred_vector,1,20,120.0,z700,22681.556640625,36672.48828125,0,1038240,0.0
bred_vector,1,20,120.0,z850,5464.1396484375,19894.72265625,0,1038240,0.0
bred_vector,1,20,120.0,z925,-1951.7470703125,12573.275390625,0,1038240,0.0
bred_vector,1,20,120.0,z1000,-8617.57421875,6584.310546875,0,1038240,0.0
bred_vector,1,20,120.0,t50,140.443115234375,293.6800537109375,4205,1038240,0.004050123285560179
bred_vector,1,20,120.0,t100,142.0672607421875,299.0849609375,1580,1038240,0.001521806133456619
bred_vector,1,20,120.0,t150,138.04684448242188,295.20257568359375,1297,1038240,0.0012492294652488827
bred_vector,1,20,120.0,t200,173.41734313964844,295.5698547363281,0,1038240,0.0
bred_vector,1,20,120.0,t250,197.063720703125,296.4290771484375,0,1038240,0.0
bred_vector,1,20,120.0,t300,206.56777954101562,307.6435546875,0,1038240,0.0
bred_vector,1,20,120.0,t400,222.45298767089844,301.873046875,0,1038240,0.0
bred_vector,1,20,120.0,t500,218.34852600097656,300.90911865234375,0,1038240,0.0
bred_vector,1,20,120.0,t600,230.11988830566406,322.486083984375,0,1038240,0.0
bred_vector,1,20,120.0,t700,240.80825805664062,334.9549255371094,0,1038240,0.0
bred_vector,1,20,120.0,t850,241.25112915039062,327.5363464355469,0,1038240,0.0
bred_vector,1,20,120.0,t925,234.76922607421875,329.5189208984375,0,1038240,0.0
bred_vector,1,20,120.0,t1000,226.28793334960938,334.0433654785156,0,1038240,0.0
bred_vector,1,20,120.0,q50,-5.8153898862656206e-05,5.942480493104085e-05,485271,1038240,0.46739771151178916
bred_vector,1,20,120.0,q100,-1.8913626263383776e-05,2.421206227154471e-05,446160,1038240,0.4297272306981045
bred_vector,1,20,120.0,q150,-5.5884691391838714e-05,0.000130495463963598,300235,1038240,0.28917687625211896
bred_vector,1,20,120.0,q200,-0.00013078747724648565,0.0009730879683047533,220692,1038240,0.21256356911696717
bred_vector,1,20,120.0,q250,-0.00062945467652753,0.0026004603132605553,196629,1038240,0.18938684697179842
bred_vector,1,20,120.0,q300,-0.0009032529778778553,0.005511815194040537,134567,1038240,0.12961068731699799
bred_vector,1,20,120.0,q400,-0.004048347473144531,0.01179881114512682,195583,1038240,0.1883793727847126
bred_vector,1,20,120.0,q500,-0.009220879524946213,0.019102856516838074,147379,1038240,0.14195080135614116
bred_vector,1,20,120.0,q600,-0.03172822296619415,0.029764486476778984,233255,1038240,0.2246638542148251
bred_vector,1,20,120.0,q700,-0.05025828629732132,0.050389278680086136,305732,1038240,0.29447141316073355
bred_vector,1,20,120.0,q850,-0.033829592168331146,0.04302121326327324,122614,1038240,0.118097934966867
bred_vector,1,20,120.0,q925,-0.04132974520325661,0.043716758489608765,78239,1038240,0.07535733549083064
bred_vector,1,20,120.0,q1000,-0.04332229122519493,0.04266095533967018,68769,1038240,0.0662361303744799
bred_vector,2,0,0.0,u10m,-29.489864349365234,27.908105850219727,0,1038240,0.0
bred_vector,2,0,0.0,v10m,-27.76325798034668,26.311269760131836,0,1038240,0.0
bred_vector,2,0,0.0,u100m,-36.70310592651367,34.43440246582031,0,1038240,0.0
bred_vector,2,0,0.0,v100m,-32.850711822509766,32.75309753417969,0,1038240,0.0
bred_vector,2,0,0.0,t2m,208.16065979003906,321.8550720214844,0,1038240,0.0
bred_vector,2,0,0.0,sp,50182.8125,104415.0703125,0,1038240,0.0
bred_vector,2,0,0.0,msl,93071.5703125,107330.7265625,0,1038240,0.0
bred_vector,2,0,0.0,tcwv,-1.217341423034668,153.56626892089844,103212,1038240,0.09941054091539528
bred_vector,2,0,0.0,u50,-55.593467712402344,70.32799530029297,0,1038240,0.0
bred_vector,2,0,0.0,u100,-57.638153076171875,75.59415435791016,0,1038240,0.0
bred_vector,2,0,0.0,u150,-57.20844650268555,93.45747375488281,0,1038240,0.0
bred_vector,2,0,0.0,u200,-58.01678466796875,107.95079040527344,0,1038240,0.0
bred_vector,2,0,0.0,u250,-56.836944580078125,107.88493347167969,0,1038240,0.0
bred_vector,2,0,0.0,u300,-43.878334045410156,102.48797607421875,0,1038240,0.0
bred_vector,2,0,0.0,u400,-34.160274505615234,74.67539978027344,0,1038240,0.0
bred_vector,2,0,0.0,u500,-36.892913818359375,52.04425811767578,0,1038240,0.0
bred_vector,2,0,0.0,u600,-43.07978820800781,46.46744155883789,0,1038240,0.0
bred_vector,2,0,0.0,u700,-44.15319061279297,44.290985107421875,0,1038240,0.0
bred_vector,2,0,0.0,u850,-49.469173431396484,41.164588928222656,0,1038240,0.0
bred_vector,2,0,0.0,u925,-42.05351257324219,38.8875846862793,0,1038240,0.0
bred_vector,2,0,0.0,u1000,-28.554885864257812,28.063251495361328,0,1038240,0.0
bred_vector,2,0,0.0,v50,-32.942447662353516,36.229347229003906,0,1038240,0.0
bred_vector,2,0,0.0,v100,-34.53981018066406,42.42634963989258,0,1038240,0.0
bred_vector,2,0,0.0,v150,-37.81568908691406,54.231136322021484,0,1038240,0.0
bred_vector,2,0,0.0,v200,-53.014766693115234,67.86235046386719,0,1038240,0.0
bred_vector,2,0,0.0,v250,-59.078224182128906,66.41317749023438,0,1038240,0.0
bred_vector,2,0,0.0,v300,-54.143123626708984,66.27127838134766,0,1038240,0.0
bred_vector,2,0,0.0,v400,-59.54512405395508,62.46688461303711,0,1038240,0.0
bred_vector,2,0,0.0,v500,-49.78487777709961,56.616878509521484,0,1038240,0.0
bred_vector,2,0,0.0,v600,-45.14391326904297,40.077003479003906,0,1038240,0.0
bred_vector,2,0,0.0,v700,-36.19301223754883,43.2656135559082,0,1038240,0.0
bred_vector,2,0,0.0,v850,-42.171424865722656,36.017948150634766,0,1038240,0.0
bred_vector,2,0,0.0,v925,-37.50843811035156,37.60845947265625,0,1038240,0.0
bred_vector,2,0,0.0,v1000,-26.25499153137207,25.492219924926758,0,1038240,0.0
bred_vector,2,0,0.0,z50,179301.34375,215391.4375,0,1038240,0.0
bred_vector,2,0,0.0,z100,143600.21875,173589.015625,0,1038240,0.0
bred_vector,2,0,0.0,z150,121041.71875,151799.875,0,1038240,0.0
bred_vector,2,0,0.0,z200,104647.953125,132462.046875,0,1038240,0.0
bred_vector,2,0,0.0,z250,90786.453125,116996.9375,0,1038240,0.0
bred_vector,2,0,0.0,z300,79111.140625,103009.6171875,0,1038240,0.0
bred_vector,2,0,0.0,z400,60340.375,79681.71875,0,1038240,0.0
bred_vector,2,0,0.0,z500,45271.76953125,61230.0078125,0,1038240,0.0
bred_vector,2,0,0.0,z600,32817.33984375,46246.8984375,0,1038240,0.0
bred_vector,2,0,0.0,z700,21826.431640625,33584.65234375,0,1038240,0.0
bred_vector,2,0,0.0,z850,6939.64208984375,17213.36328125,0,1038240,0.0
bred_vector,2,0,0.0,z925,304.0958557128906,9971.44921875,0,1038240,0.0
bred_vector,2,0,0.0,z1000,-5794.78564453125,4600.8271484375,0,1038240,0.0
bred_vector,2,0,0.0,t50,166.39959716796875,243.06692504882812,0,1038240,0.0
bred_vector,2,0,0.0,t100,165.86622619628906,252.52500915527344,0,1038240,0.0
bred_vector,2,0,0.0,t150,182.30482482910156,249.43324279785156,0,1038240,0.0
bred_vector,2,0,0.0,t200,196.10191345214844,251.09605407714844,0,1038240,0.0
bred_vector,2,0,0.0,t250,204.26669311523438,262.64923095703125,0,1038240,0.0
bred_vector,2,0,0.0,t300,210.77268981933594,274.8878173828125,0,1038240,0.0
bred_vector,2,0,0.0,t400,221.36158752441406,286.8085632324219,0,1038240,0.0
bred_vector,2,0,0.0,t500,229.83389282226562,292.9610595703125,0,1038240,0.0
bred_vector,2,0,0.0,t600,209.21621704101562,298.8363952636719,0,1038240,0.0
bred_vector,2,0,0.0,t700,215.43658447265625,308.0445556640625,0,1038240,0.0
bred_vector,2,0,0.0,t850,223.43887329101562,318.9878845214844,0,1038240,0.0
bred_vector,2,0,0.0,t925,226.55014038085938,320.76593017578125,0,1038240,0.0
bred_vector,2,0,0.0,t1000,229.7583770751953,324.7042541503906,0,1038240,0.0
bred_vector,2,0,0.0,q50,-7.345693302340806e-05,7.56212612031959e-05,507365,1038240,0.48867795500077055
bred_vector,2,0,0.0,q100,-2.3285590941668488e-05,2.7565994969336316e-05,462741,1038240,0.4456975265834489
bred_vector,2,0,0.0,q150,9.224418704434356e-07,7.603517587995157e-05,0,1038240,0.0
bred_vector,2,0,0.0,q200,4.523767984210281e-06,0.00034636809141375124,0,1038240,0.0
bred_vector,2,0,0.0,q250,8.032580808503553e-06,0.001224527251906693,0,1038240,0.0
bred_vector,2,0,0.0,q300,1.626215635042172e-05,0.002875200007110834,0,1038240,0.0
bred_vector,2,0,0.0,q400,6.416445103241131e-06,0.0069510480388998985,0,1038240,0.0
bred_vector,2,0,0.0,q500,4.34575995313935e-05,0.011865885928273201,0,1038240,0.0
bred_vector,2,0,0.0,q600,-0.00043288845336064696,0.01833479106426239,1696,1038240,0.0016335336723686238
bred_vector,2,0,0.0,q700,-0.0009977136505767703,0.02656066045165062,2129,1038240,0.0020505856064108492
bred_vector,2,0,0.0,q850,-0.0013506902614608407,0.040907494723796844,1150,1038240,0.0011076437047310833
bred_vector,2,0,0.0,q925,-0.00046567898243665695,0.04760603606700897,361,1038240,0.00034770380644167054
bred_vector,2,0,0.0,q1000,0.0004919007769785821,0.05392057076096535,31,1038240,2.9858221605794422e-05
bred_vector,2,1,6.0,u10m,-30.15001106262207,27.879159927368164,0,1038240,0.0
bred_vector,2,1,6.0,v10m,-16.08094024658203,18.97750473022461,0,1038240,0.0
bred_vector,2,1,6.0,u100m,-35.59262466430664,34.255558013916016,0,1038240,0.0
bred_vector,2,1,6.0,v100m,-20.08826446533203,23.373382568359375,0,1038240,0.0
bred_vector,2,1,6.0,t2m,212.18368530273438,324.05902099609375,0,1038240,0.0
bred_vector,2,1,6.0,sp,50482.7109375,105686.5078125,0,1038240,0.0
bred_vector,2,1,6.0,msl,94956.796875,105112.96875,0,1038240,0.0
bred_vector,2,1,6.0,tcwv,-9.344415664672852,155.79832458496094,93267,1038240,0.08983183079056865
bred_vector,2,1,6.0,u50,-57.14301681518555,94.61148834228516,0,1038240,0.0
bred_vector,2,1,6.0,u100,-45.98985290527344,89.26412200927734,0,1038240,0.0
bred_vector,2,1,6.0,u150,-57.13939666748047,112.29780578613281,0,1038240,0.0
bred_vector,2,1,6.0,u200,-61.629844665527344,119.52010345458984,0,1038240,0.0
bred_vector,2,1,6.0,u250,-65.05001831054688,121.538818359375,0,1038240,0.0
bred_vector,2,1,6.0,u300,-66.39739990234375,92.02498626708984,0,1038240,0.0
bred_vector,2,1,6.0,u400,-65.79965209960938,76.98992156982422,0,1038240,0.0
bred_vector,2,1,6.0,u500,-65.55083465576172,59.14932632446289,0,1038240,0.0
bred_vector,2,1,6.0,u600,-64.92643737792969,50.43272018432617,0,1038240,0.0
bred_vector,2,1,6.0,u700,-44.66826629638672,57.01987075805664,0,1038240,0.0
bred_vector,2,1,6.0,u850,-40.15188980102539,54.400543212890625,0,1038240,0.0
bred_vector,2,1,6.0,u925,-36.417972564697266,41.74822998046875,0,1038240,0.0
bred_vector,2,1,6.0,u1000,-29.660728454589844,30.13177490234375,0,1038240,0.0
bred_vector,2,1,6.0,v50,-43.4427604675293,37.93415832519531,0,1038240,0.0
bred_vector,2,1,6.0,v100,-54.83945083618164,43.75432586669922,0,1038240,0.0
bred_vector,2,1,6.0,v150,-48.17060470581055,55.02506637573242,0,1038240,0.0
bred_vector,2,1,6.0,v200,-61.38740158081055,48.06542205810547,0,1038240,0.0
bred_vector,2,1,6.0,v250,-53.277732849121094,55.32868576049805,0,1038240,0.0
bred_vector,2,1,6.0,v300,-50.67197799682617,60.51539993286133,0,1038240,0.0
bred_vector,2,1,6.0,v400,-38.632686614990234,53.840965270996094,0,1038240,0.0
bred_vector,2,1,6.0,v500,-35.81650161743164,42.2099494934082,0,1038240,0.0
bred_vector,2,1,6.0,v600,-28.509977340698242,35.410919189453125,0,1038240,0.0
bred_vector,2,1,6.0,v700,-25.849748611450195,30.670215606689453,0,1038240,0.0
bred_vector,2,1,6.0,v850,-20.211952209472656,23.922142028808594,0,1038240,0.0
bred_vector,2,1,6.0,v925,-20.998943328857422,26.694011688232422,0,1038240,0.0
bred_vector,2,1,6.0,v1000,-16.162551879882812,21.31927490234375,0,1038240,0.0
bred_vector,2,1,6.0,z50,180726.78125,214046.25,0,1038240,0.0
bred_vector,2,1,6.0,z100,144521.4375,173372.1875,0,1038240,0.0
bred_vector,2,1,6.0,z150,121894.78125,150916.96875,0,1038240,0.0
bred_vector,2,1,6.0,z200,105345.0546875,132144.953125,0,1038240,0.0
bred_vector,2,1,6.0,z250,92154.609375,116767.6015625,0,1038240,0.0
bred_vector,2,1,6.0,z300,80871.375,103084.859375,0,1038240,0.0
bred_vector,2,1,6.0,z400,62340.88671875,80239.8046875,0,1038240,0.0
bred_vector,2,1,6.0,z500,46959.09765625,62163.06640625,0,1038240,0.0
bred_vector,2,1,6.0,z600,33759.28125,47146.69921875,0,1038240,0.0
bred_vector,2,1,6.0,z700,22498.365234375,34078.1640625,0,1038240,0.0
bred_vector,2,1,6.0,z850,8225.98046875,17707.4921875,0,1038240,0.0
bred_vector,2,1,6.0,z925,1818.015625,10572.3388671875,0,1038240,0.0
bred_vector,2,1,6.0,z1000,-4120.05615234375,4003.76611328125,0,1038240,0.0
bred_vector,2,1,6.0,t50,163.8111114501953,243.19947814941406,0,1038240,0.0
bred_vector,2,1,6.0,t100,164.42059326171875,257.5464172363281,0,1038240,0.0
bred_vector,2,1,6.0,t150,178.0885467529297,251.93426513671875,0,1038240,0.0
bred_vector,2,1,6.0,t200,193.50326538085938,255.6966552734375,0,1038240,0.0
bred_vector,2,1,6.0,t250,203.1336212158203,267.73046875,0,1038240,0.0
bred_vector,2,1,6.0,t300,210.40811157226562,271.672607421875,0,1038240,0.0
bred_vector,2,1,6.0,t400,224.42584228515625,289.7820739746094,0,1038240,0.0
bred_vector,2,1,6.0,t500,230.347412109375,296.83001708984375,0,1038240,0.0
bred_vector,2,1,6.0,t600,229.01287841796875,299.1526184082031,0,1038240,0.0
bred_vector,2,1,6.0,t700,222.55410766601562,307.0487060546875,0,1038240,0.0
bred_vector,2,1,6.0,t850,226.75259399414062,318.3886413574219,0,1038240,0.0
bred_vector,2,1,6.0,t925,231.06410217285156,319.40838623046875,0,1038240,0.0
bred_vector,2,1,6.0,t1000,237.09951782226562,324.3885498046875,0,1038240,0.0
bred_vector,2,1,6.0,q50,-7.216216181404889e-05,7.437427120748907e-05,507197,1038240,0.4885161427030359
bred_vector,2,1,6.0,q100,-2.2282631107373163e-05,2.7681946448865347e-05,464138,1038240,0.44704307289258743
bred_vector,2,1,6.0,q150,-2.1562344045378268e-05,8.481694385409355e-05,72919,1038240,0.07023327939590075
bred_vector,2,1,6.0,q200,-4.708429332822561e-05,0.0004696563119068742,17026,1038240,0.016398905840653413
bred_vector,2,1,6.0,q250,-0.000142334756674245,0.00145663321018219,21186,1038240,0.020405686546463245
bred_vector,2,1,6.0,q300,-0.00028527778340503573,0.0030875205993652344,16040,1038240,0.015449221759901372
bred_vector,2,1,6.0,q400,-0.0007103639654815197,0.007706040516495705,9881,1038240,0.009517067344737248
bred_vector,2,1,6.0,q500,-0.0014167448971420527,0.01465669833123684,8539,1038240,0.008224495299738017
bred_vector,2,1,6.0,q600,-0.0030213864520192146,0.019440528005361557,14787,1038240,0.014242371705963939
bred_vector,2,1,6.0,q700,-0.006118853110820055,0.02791406586766243,18530,1038240,0.01784751117275389
bred_vector,2,1,6.0,q850,-0.0034816539846360683,0.03705363720655441,5735,1038240,0.005523770997071968
bred_vector,2,1,6.0,q925,-0.0035829744301736355,0.03883737698197365,7794,1038240,0.007506934812760055
bred_vector,2,1,6.0,q1000,-0.0031121266074478626,0.04030376300215721,8139,1038240,0.007839227924179381
bred_vector,2,2,12.0,u10m,-27.64668846130371,28.84725570678711,0,1038240,0.0
bred_vector,2,2,12.0,v10m,-15.97489070892334,18.097652435302734,0,1038240,0.0
bred_vector,2,2,12.0,u100m,-32.18867492675781,35.865699768066406,0,1038240,0.0
bred_vector,2,2,12.0,v100m,-20.799701690673828,22.97136878967285,0,1038240,0.0
bred_vector,2,2,12.0,t2m,223.30166625976562,324.0690612792969,0,1038240,0.0
bred_vector,2,2,12.0,sp,50524.39453125,106679.9765625,0,1038240,0.0
bred_vector,2,2,12.0,msl,94916.0546875,106941.359375,0,1038240,0.0
bred_vector,2,2,12.0,tcwv,-11.359346389770508,156.4987030029297,86836,1038240,0.08363769456002465
bred_vector,2,2,12.0,u50,-65.24525451660156,108.73513793945312,0,1038240,0.0
bred_vector,2,2,12.0,u100,-81.60972595214844,96.6741714477539,0,1038240,0.0
bred_vector,2,2,12.0,u150,-72.19721984863281,92.0351333618164,0,1038240,0.0
bred_vector,2,2,12.0,u200,-93.7230224609375,115.30506896972656,0,1038240,0.0
bred_vector,2,2,12.0,u250,-85.12591552734375,116.983154296875,0,1038240,0.0
bred_vector,2,2,12.0,u300,-73.85519409179688,90.60789489746094,0,1038240,0.0
bred_vector,2,2,12.0,u400,-65.86052703857422,85.58019256591797,0,1038240,0.0
bred_vector,2,2,12.0,u500,-72.51261901855469,66.21492004394531,0,1038240,0.0
bred_vector,2,2,12.0,u600,-76.49716186523438,48.954315185546875,0,1038240,0.0
bred_vector,2,2,12.0,u700,-58.022361755371094,54.60947799682617,0,1038240,0.0
bred_vector,2,2,12.0,u850,-42.774139404296875,49.593589782714844,0,1038240,0.0
bred_vector,2,2,12.0,u925,-44.452877044677734,42.59742736816406,0,1038240,0.0
bred_vector,2,2,12.0,u1000,-26.677522659301758,31.222938537597656,0,1038240,0.0
bred_vector,2,2,12.0,v50,-60.993953704833984,46.28258514404297,0,1038240,0.0
bred_vector,2,2,12.0,v100,-66.21330261230469,56.683780670166016,0,1038240,0.0
bred_vector,2,2,12.0,v150,-55.11934280395508,63.98246765136719,0,1038240,0.0
bred_vector,2,2,12.0,v200,-90.00563049316406,73.7118911743164,0,1038240,0.0
bred_vector,2,2,12.0,v250,-51.738197326660156,89.77027130126953,0,1038240,0.0
bred_vector,2,2,12.0,v300,-45.5640983581543,72.16712188720703,0,1038240,0.0
bred_vector,2,2,12.0,v400,-50.32847213745117,48.22507095336914,0,1038240,0.0
bred_vector,2,2,12.0,v500,-37.69926834106445,39.474422454833984,0,1038240,0.0
bred_vector,2,2,12.0,v600,-38.159645080566406,48.63983154296875,0,1038240,0.0
bred_vector,2,2,12.0,v700,-31.836671829223633,50.42804718017578,0,1038240,0.0
bred_vector,2,2,12.0,v850,-22.522972106933594,28.245925903320312,0,1038240,0.0
bred_vector,2,2,12.0,v925,-24.01268768310547,30.048892974853516,0,1038240,0.0
bred_vector,2,2,12.0,v1000,-16.385929107666016,21.317344665527344,0,1038240,0.0
bred_vector,2,2,12.0,z50,181930.453125,215004.828125,0,1038240,0.0
bred_vector,2,2,12.0,z100,145076.109375,173894.515625,0,1038240,0.0
bred_vector,2,2,12.0,z150,121757.5234375,151458.921875,0,1038240,0.0
bred_vector,2,2,12.0,z200,105844.734375,132947.75,0,1038240,0.0
bred_vector,2,2,12.0,z250,92689.3359375,117520.4375,0,1038240,0.0
bred_vector,2,2,12.0,z300,81289.1171875,104012.171875,0,1038240,0.0
bred_vector,2,2,12.0,z400,62774.859375,81567.4140625,0,1038240,0.0
bred_vector,2,2,12.0,z500,47539.08203125,63558.08984375,0,1038240,0.0
bred_vector,2,2,12.0,z600,34371.53515625,48818.13671875,0,1038240,0.0
bred_vector,2,2,12.0,z700,22902.8359375,35903.37109375,0,1038240,0.0
bred_vector,2,2,12.0,z850,8393.666015625,19086.375,0,1038240,0.0
bred_vector,2,2,12.0,z925,1932.2080078125,11941.2216796875,0,1038240,0.0
bred_vector,2,2,12.0,z1000,-3989.3037109375,5379.12744140625,0,1038240,0.0
bred_vector,2,2,12.0,t50,163.06497192382812,241.58494567871094,0,1038240,0.0
bred_vector,2,2,12.0,t100,163.49317932128906,258.7935791015625,0,1038240,0.0
bred_vector,2,2,12.0,t150,177.14781188964844,250.71075439453125,0,1038240,0.0
bred_vector,2,2,12.0,t200,190.68789672851562,256.9383850097656,0,1038240,0.0
bred_vector,2,2,12.0,t250,203.0506134033203,267.6816101074219,0,1038240,0.0
bred_vector,2,2,12.0,t300,210.6948699951172,277.0083312988281,0,1038240,0.0
bred_vector,2,2,12.0,t400,223.42599487304688,290.64654541015625,0,1038240,0.0
bred_vector,2,2,12.0,t500,232.6807098388672,297.74267578125,0,1038240,0.0
bred_vector,2,2,12.0,t600,222.17066955566406,304.0120544433594,0,1038240,0.0
bred_vector,2,2,12.0,t700,227.891845703125,308.5233154296875,0,1038240,0.0
bred_vector,2,2,12.0,t850,237.70260620117188,319.0198059082031,0,1038240,0.0
bred_vector,2,2,12.0,t925,239.66860961914062,319.48187255859375,0,1038240,0.0
bred_vector,2,2,12.0,t1000,244.50355529785156,324.7039489746094,0,1038240,0.0
bred_vector,2,2,12.0,q50,-7.085848483256996e-05,7.31563923181966e-05,507034,1038240,0.48835914624749577
bred_vector,2,2,12.0,q100,-2.110876994265709e-05,2.7622309062280692e-05,466438,1038240,0.44925836030204963
bred_vector,2,2,12.0,q150,-3.433392703300342e-05,9.793575009098276e-05,151465,1038240,0.14588630759747265
bred_vector,2,2,12.0,q200,-9.547282388666645e-05,0.0006392940413206816,81627,1038240,0.0786205501618123
bred_vector,2,2,12.0,q250,-0.0002634940901771188,0.0016729992348700762,71123,1038240,0.06850342887964248
bred_vector,2,2,12.0,q300,-0.00044400515616871417,0.003389189951121807,38622,1038240,0.03719949144706426
bred_vector,2,2,12.0,q400,-0.0014777310425415635,0.008573983795940876,48900,1038240,0.047098936662043456
bred_vector,2,2,12.0,q500,-0.002258256310597062,0.014792481437325478,24530,1038240,0.023626521806133456
bred_vector,2,2,12.0,q600,-0.005289901047945023,0.021058717742562294,38577,1038240,0.037156148867313915
bred_vector,2,2,12.0,q700,-0.011232156306505203,0.034636396914720535,51756,1038240,0.04984974572353213
bred_vector,2,2,12.0,q850,-0.0072454106993973255,0.03898603096604347,9343,1038240,0.00899888272461088
bred_vector,2,2,12.0,q925,-0.008116224780678749,0.043223947286605835,7857,1038240,0.007567614424410541
bred_vector,2,2,12.0,q1000,-0.003165596630424261,0.04346461221575737,6066,1038240,0.005842579750346741
bred_vector,2,3,18.0,u10m,-25.542234420776367,30.062721252441406,0,1038240,0.0
bred_vector,2,3,18.0,v10m,-24.245145797729492,21.21590805053711,0,1038240,0.0
bred_vector,2,3,18.0,u100m,-32.627845764160156,39.349308013916016,0,1038240,0.0
bred_vector,2,3,18.0,v100m,-27.12920379638672,26.456052780151367,0,1038240,0.0
bred_vector,2,3,18.0,t2m,228.64462280273438,323.5943908691406,0,1038240,0.0
bred_vector,2,3,18.0,sp,50225.0859375,107768.0546875,0,1038240,0.0
bred_vector,2,3,18.0,msl,94369.15625,108114.109375,0,1038240,0.0
bred_vector,2,3,18.0,tcwv,-16.325510025024414,166.14398193359375,80205,1038240,0.07725092464170134
bred_vector,2,3,18.0,u50,-73.90452575683594,111.01693725585938,0,1038240,0.0
bred_vector,2,3,18.0,u100,-102.38080596923828,97.79950714111328,0,1038240,0.0
bred_vector,2,3,18.0,u150,-91.48907470703125,90.18546295166016,0,1038240,0.0
bred_vector,2,3,18.0,u200,-118.1681137084961,125.80443572998047,0,1038240,0.0
bred_vector,2,3,18.0,u250,-106.10531616210938,129.90174865722656,0,1038240,0.0
bred_vector,2,3,18.0,u300,-122.09783935546875,87.6471176147461,0,1038240,0.0
bred_vector,2,3,18.0,u400,-82.97730255126953,95.64910888671875,0,1038240,0.0
bred_vector,2,3,18.0,u500,-67.0640869140625,69.8986587524414,0,1038240,0.0
bred_vector,2,3,18.0,u600,-68.41776275634766,53.34384536743164,0,1038240,0.0
bred_vector,2,3,18.0,u700,-57.66271209716797,57.60679626464844,0,1038240,0.0
bred_vector,2,3,18.0,u850,-39.37842559814453,52.890724182128906,0,1038240,0.0
bred_vector,2,3,18.0,u925,-43.91272735595703,44.1361198425293,0,1038240,0.0
bred_vector,2,3,18.0,u1000,-27.263587951660156,30.118576049804688,0,1038240,0.0
bred_vector,2,3,18.0,v50,-74.80018615722656,58.8594856262207,0,1038240,0.0
bred_vector,2,3,18.0,v100,-77.22222900390625,72.30955505371094,0,1038240,0.0
bred_vector,2,3,18.0,v150,-67.01173400878906,71.27464294433594,0,1038240,0.0
bred_vector,2,3,18.0,v200,-81.17420959472656,104.05602264404297,0,1038240,0.0
bred_vector,2,3,18.0,v250,-54.35835647583008,123.30078125,0,1038240,0.0
bred_vector,2,3,18.0,v300,-60.6120719909668,93.89128875732422,0,1038240,0.0
bred_vector,2,3,18.0,v400,-71.87504577636719,49.71575927734375,0,1038240,0.0
bred_vector,2,3,18.0,v500,-57.34368133544922,63.62004470825195,0,1038240,0.0
bred_vector,2,3,18.0,v600,-52.298004150390625,69.00239562988281,0,1038240,0.0
bred_vector,2,3,18.0,v700,-46.441471099853516,51.994728088378906,0,1038240,0.0
bred_vector,2,3,18.0,v850,-31.867633819580078,30.046785354614258,0,1038240,0.0
bred_vector,2,3,18.0,v925,-27.15085220336914,32.125396728515625,0,1038240,0.0
bred_vector,2,3,18.0,v1000,-23.444313049316406,25.16220474243164,0,1038240,0.0
bred_vector,2,3,18.0,z50,182345.921875,215653.125,0,1038240,0.0
bred_vector,2,3,18.0,z100,144608.359375,174340.890625,0,1038240,0.0
bred_vector,2,3,18.0,z150,121189.3671875,151916.953125,0,1038240,0.0
bred_vector,2,3,18.0,z200,105323.53125,133754.296875,0,1038240,0.0
bred_vector,2,3,18.0,z250,92222.796875,118151.4921875,0,1038240,0.0
bred_vector,2,3,18.0,z300,80987.1875,104821.2265625,0,1038240,0.0
bred_vector,2,3,18.0,z400,63020.97265625,82410.5859375,0,1038240,0.0
bred_vector,2,3,18.0,z500,47984.48046875,64699.90234375,0,1038240,0.0
bred_vector,2,3,18.0,z600,34973.6328125,49987.671875,0,1038240,0.0
bred_vector,2,3,18.0,z700,23477.623046875,36961.71875,0,1038240,0.0
bred_vector,2,3,18.0,z850,8477.4111328125,19978.9609375,0,1038240,0.0
bred_vector,2,3,18.0,z925,2054.9833984375,12688.228515625,0,1038240,0.0
bred_vector,2,3,18.0,z1000,-4733.228515625,6250.35107421875,0,1038240,0.0
bred_vector,2,3,18.0,t50,161.5355224609375,245.86080932617188,0,1038240,0.0
bred_vector,2,3,18.0,t100,161.07122802734375,261.3202209472656,0,1038240,0.0
bred_vector,2,3,18.0,t150,177.0819549560547,254.0513458251953,0,1038240,0.0
bred_vector,2,3,18.0,t200,188.54037475585938,260.8670349121094,0,1038240,0.0
bred_vector,2,3,18.0,t250,203.01512145996094,268.7467956542969,0,1038240,0.0
bred_vector,2,3,18.0,t300,210.4340057373047,280.1810302734375,0,1038240,0.0
bred_vector,2,3,18.0,t400,221.24061584472656,294.4932861328125,0,1038240,0.0
bred_vector,2,3,18.0,t500,230.28921508789062,298.580322265625,0,1038240,0.0
bred_vector,2,3,18.0,t600,227.3789520263672,309.76202392578125,0,1038240,0.0
bred_vector,2,3,18.0,t700,237.6766357421875,314.5705871582031,0,1038240,0.0
bred_vector,2,3,18.0,t850,241.70350646972656,324.5279541015625,0,1038240,0.0
bred_vector,2,3,18.0,t925,243.52098083496094,319.6356201171875,0,1038240,0.0
bred_vector,2,3,18.0,t1000,246.32241821289062,324.32537841796875,0,1038240,0.0
bred_vector,2,3,18.0,q50,-6.956502329558134e-05,7.195375656010583e-05,506871,1038240,0.48820214979195564
bred_vector,2,3,18.0,q100,-1.9942970538977534e-05,2.7581907488638535e-05,467898,1038240,0.45066458622283867
bred_vector,2,3,18.0,q150,-4.146800347371027e-05,0.00010822087642736733,208427,1038240,0.20075030821390044
bred_vector,2,3,18.0,q200,-0.00011992196959909052,0.000678379088640213,137576,1038240,0.13250886114963784
bred_vector,2,3,18.0,q250,-0.0004389409732539207,0.0020399705972522497,114611,1038240,0.11038969795037756
bred_vector,2,3,18.0,q300,-0.0006582131609320641,0.003686320735141635,58465,1038240,0.056311642780089384
bred_vector,2,3,18.0,q400,-0.0022803894244134426,0.009655053727328777,95991,1038240,0.09245550161812298
bred_vector,2,3,18.0,q500,-0.0026016556657850742,0.015869835391640663,50514,1038240,0.048653490522422564
bred_vector,2,3,18.0,q600,-0.006453932262957096,0.026343364268541336,64827,1038240,0.06243932038834951
bred_vector,2,3,18.0,q700,-0.012094950303435326,0.03606969490647316,84461,1038240,0.08135016951764525
bred_vector,2,3,18.0,q850,-0.009716130793094635,0.03974147513508797,16867,1038240,0.016245762058868855
bred_vector,2,3,18.0,q925,-0.008403664454817772,0.043389350175857544,10037,1038240,0.009667321621205116
bred_vector,2,3,18.0,q1000,-0.0035193259827792645,0.043573543429374695,4799,1038240,0.004622245338264756
bred_vector,2,4,24.0,u10m,-24.838687896728516,33.14827346801758,0,1038240,0.0
bred_vector,2,4,24.0,v10m,-24.26612091064453,27.60959815979004,0,1038240,0.0
bred_vector,2,4,24.0,u100m,-34.11396789550781,42.987770080566406,0,1038240,0.0
bred_vector,2,4,24.0,v100m,-27.609594345092773,32.63720703125,0,1038240,0.0
bred_vector,2,4,24.0,t2m,231.83145141601562,326.3749084472656,0,1038240,0.0
bred_vector,2,4,24.0,sp,49702.79296875,107626.890625,0,1038240,0.0
bred_vector,2,4,24.0,msl,93581.890625,108618.1796875,0,1038240,0.0
bred_vector,2,4,24.0,tcwv,-30.21419334411621,174.14804077148438,83439,1038240,0.08036581137309293
bred_vector,2,4,24.0,u50,-81.07302856445312,113.59839630126953,0,1038240,0.0
bred_vector,2,4,24.0,u100,-112.02350616455078,104.43455505371094,0,1038240,0.0
bred_vector,2,4,24.0,u150,-107.1598129272461,112.58106994628906,0,1038240,0.0
bred_vector,2,4,24.0,u200,-124.79805755615234,116.03952026367188,0,1038240,0.0
bred_vector,2,4,24.0,u250,-127.24787902832031,113.2218017578125,0,1038240,0.0
bred_vector,2,4,24.0,u300,-146.70620727539062,89.52996063232422,0,1038240,0.0
bred_vector,2,4,24.0,u400,-113.57553100585938,90.30116271972656,0,1038240,0.0
bred_vector,2,4,24.0,u500,-83.8814926147461,73.2852783203125,0,1038240,0.0
bred_vector,2,4,24.0,u600,-67.91313171386719,64.57988739013672,0,1038240,0.0
bred_vector,2,4,24.0,u700,-58.85707473754883,68.31871032714844,0,1038240,0.0
bred_vector,2,4,24.0,u850,-45.298828125,56.75387191772461,0,1038240,0.0
bred_vector,2,4,24.0,u925,-36.38252639770508,53.54017639160156,0,1038240,0.0
bred_vector,2,4,24.0,u1000,-30.825382232666016,34.24311447143555,0,1038240,0.0
bred_vector,2,4,24.0,v50,-85.7828598022461,74.0195083618164,0,1038240,0.0
bred_vector,2,4,24.0,v100,-85.17469787597656,73.93295288085938,0,1038240,0.0
bred_vector,2,4,24.0,v150,-77.1399917602539,63.4625358581543,0,1038240,0.0
bred_vector,2,4,24.0,v200,-83.143310546875,113.36968231201172,0,1038240,0.0
bred_vector,2,4,24.0,v250,-67.6373519897461,115.783935546875,0,1038240,0.0
bred_vector,2,4,24.0,v300,-69.2270278930664,91.19355773925781,0,1038240,0.0
bred_vector,2,4,24.0,v400,-77.86067962646484,58.94916534423828,0,1038240,0.0
bred_vector,2,4,24.0,v500,-62.67522048950195,69.2400131225586,0,1038240,0.0
bred_vector,2,4,24.0,v600,-68.20447540283203,70.16680908203125,0,1038240,0.0
bred_vector,2,4,24.0,v700,-54.47769546508789,45.229583740234375,0,1038240,0.0
bred_vector,2,4,24.0,v850,-38.15632247924805,39.5052490234375,0,1038240,0.0
bred_vector,2,4,24.0,v925,-33.57143783569336,41.408729553222656,0,1038240,0.0
bred_vector,2,4,24.0,v1000,-24.371784210205078,32.34600830078125,0,1038240,0.0
bred_vector,2,4,24.0,z50,181819.78125,216054.796875,0,1038240,0.0
bred_vector,2,4,24.0,z100,143903.59375,174405.578125,0,1038240,0.0
bred_vector,2,4,24.0,z150,120919.8828125,151963.265625,0,1038240,0.0
bred_vector,2,4,24.0,z200,105598.8984375,133631.109375,0,1038240,0.0
bred_vector,2,4,24.0,z250,92676.734375,118302.8125,0,1038240,0.0
bred_vector,2,4,24.0,z300,81330.921875,105220.78125,0,1038240,0.0
bred_vector,2,4,24.0,z400,62974.44921875,83003.28125,0,1038240,0.0
bred_vector,2,4,24.0,z500,48304.3203125,65406.0078125,0,1038240,0.0
bred_vector,2,4,24.0,z600,35306.69140625,50502.40625,0,1038240,0.0
bred_vector,2,4,24.0,z700,23750.810546875,37321.22265625,0,1038240,0.0
bred_vector,2,4,24.0,z850,8752.712890625,20251.142578125,0,1038240,0.0
bred_vector,2,4,24.0,z925,1652.6181640625,12930.1630859375,0,1038240,0.0
bred_vector,2,4,24.0,z1000,-5291.68896484375,6511.3134765625,0,1038240,0.0
bred_vector,2,4,24.0,t50,158.48223876953125,248.42495727539062,0,1038240,0.0
bred_vector,2,4,24.0,t100,158.47930908203125,270.84674072265625,0,1038240,0.0
bred_vector,2,4,24.0,t150,174.09381103515625,259.9239807128906,0,1038240,0.0
bred_vector,2,4,24.0,t200,189.03805541992188,260.292236328125,0,1038240,0.0
bred_vector,2,4,24.0,t250,201.6616668701172,270.9610290527344,0,1038240,0.0
bred_vector,2,4,24.0,t300,210.46511840820312,282.322998046875,0,1038240,0.0
bred_vector,2,4,24.0,t400,220.74618530273438,293.2777099609375,0,1038240,0.0
bred_vector,2,4,24.0,t500,226.81027221679688,297.8425598144531,0,1038240,0.0
bred_vector,2,4,24.0,t600,223.24290466308594,308.6422424316406,0,1038240,0.0
bred_vector,2,4,24.0,t700,239.05282592773438,321.616943359375,0,1038240,0.0
bred_vector,2,4,24.0,t850,240.67372131347656,325.7813415527344,0,1038240,0.0
bred_vector,2,4,24.0,t925,244.95733642578125,322.75775146484375,0,1038240,0.0
bred_vector,2,4,24.0,t1000,243.903564453125,327.2866516113281,0,1038240,0.0
bred_vector,2,4,24.0,q50,-6.828222831245512e-05,7.078811904648319e-05,506709,1038240,0.48804611650485435
bred_vector,2,4,24.0,q100,-1.9198037989553995e-05,2.7460855562821962e-05,469114,1038240,0.4518357990445369
bred_vector,2,4,24.0,q150,-4.355518831289373e-05,0.00014641393499914557,237124,1038240,0.22839035290491602
bred_vector,2,4,24.0,q200,-0.00013507115363609046,0.0007640171097591519,156836,1038240,0.15105948528278626
bred_vector,2,4,24.0,q250,-0.0005426342831924558,0.0018916311673820019,133967,1038240,0.12903278625366005
bred_vector,2,4,24.0,q300,-0.0006201018113642931,0.003749406896531582,73625,1038240,0.07091327631376175
bred_vector,2,4,24.0,q400,-0.002880507381632924,0.01114689651876688,126591,1038240,0.12192845584835876
bred_vector,2,4,24.0,q500,-0.003761588130146265,0.0176664087921381,67358,1038240,0.0648770997071968
bred_vector,2,4,24.0,q600,-0.008575638756155968,0.026149988174438477,82653,1038240,0.07960876098012021
bred_vector,2,4,24.0,q700,-0.013299843296408653,0.04106639698147774,118669,1038240,0.11429823547541994
bred_vector,2,4,24.0,q850,-0.008793100714683533,0.04179759696125984,26121,1038240,0.025158922792417937
bred_vector,2,4,24.0,q925,-0.009788112714886665,0.04133424162864685,12003,1038240,0.01156091077207582
bred_vector,2,4,24.0,q1000,-0.00340831046923995,0.04330524057149887,3904,1038240,0.003760209585452304
bred_vector,2,5,30.0,u10m,-25.85657501220703,36.317588806152344,0,1038240,0.0
bred_vector,2,5,30.0,v10m,-21.133554458618164,30.1627140045166,0,1038240,0.0
bred_vector,2,5,30.0,u100m,-36.115257263183594,47.14602279663086,0,1038240,0.0
bred_vector,2,5,30.0,v100m,-28.10642433166504,33.61526870727539,0,1038240,0.0
bred_vector,2,5,30.0,t2m,233.27178955078125,330.68115234375,0,1038240,0.0
bred_vector,2,5,30.0,sp,49298.11328125,108125.5,0,1038240,0.0
bred_vector,2,5,30.0,msl,92293.53125,109712.21875,0,1038240,0.0
bred_vector,2,5,30.0,tcwv,-40.526763916015625,183.2095489501953,89778,1038240,0.08647133610725843
bred_vector,2,5,30.0,u50,-72.0158462524414,117.94400024414062,0,1038240,0.0
bred_vector,2,5,30.0,u100,-103.85550689697266,114.73921203613281,0,1038240,0.0
bred_vector,2,5,30.0,u150,-113.50023651123047,122.13699340820312,0,1038240,0.0
bred_vector,2,5,30.0,u200,-134.96282958984375,121.92708587646484,0,1038240,0.0
bred_vector,2,5,30.0,u250,-142.89439392089844,121.546875,0,1038240,0.0
bred_vector,2,5,30.0,u300,-168.1240692138672,107.99663543701172,195,1038240,0.00018781784558483588
bred_vector,2,5,30.0,u400,-128.71897888183594,98.19926452636719,0,1038240,0.0
bred_vector,2,5,30.0,u500,-84.67076110839844,74.45397186279297,0,1038240,0.0
bred_vector,2,5,30.0,u600,-78.88957214355469,87.05443572998047,0,1038240,0.0
bred_vector,2,5,30.0,u700,-68.57171630859375,63.74476623535156,0,1038240,0.0
bred_vector,2,5,30.0,u850,-48.451995849609375,61.47049331665039,0,1038240,0.0
bred_vector,2,5,30.0,u925,-37.08757019042969,52.624290466308594,0,1038240,0.0
bred_vector,2,5,30.0,u1000,-32.79931640625,37.690948486328125,0,1038240,0.0
bred_vector,2,5,30.0,v50,-75.4150619506836,89.34184265136719,0,1038240,0.0
bred_vector,2,5,30.0,v100,-97.01665496826172,75.09056854248047,0,1038240,0.0
bred_vector,2,5,30.0,v150,-94.07256317138672,65.55902099609375,0,1038240,0.0
bred_vector,2,5,30.0,v200,-83.96604919433594,125.8961181640625,0,1038240,0.0
bred_vector,2,5,30.0,v250,-87.32452392578125,114.68223571777344,0,1038240,0.0
bred_vector,2,5,30.0,v300,-78.66397857666016,97.716064453125,0,1038240,0.0
bred_vector,2,5,30.0,v400,-83.3606948852539,59.71791458129883,0,1038240,0.0
bred_vector,2,5,30.0,v500,-70.16294860839844,74.71442413330078,0,1038240,0.0
bred_vector,2,5,30.0,v600,-85.0453109741211,74.34398651123047,0,1038240,0.0
bred_vector,2,5,30.0,v700,-57.22959518432617,53.941829681396484,0,1038240,0.0
bred_vector,2,5,30.0,v850,-37.88666915893555,41.403419494628906,0,1038240,0.0
bred_vector,2,5,30.0,v925,-31.92892837524414,48.07392883300781,0,1038240,0.0
bred_vector,2,5,30.0,v1000,-27.170854568481445,36.80106735229492,0,1038240,0.0
bred_vector,2,5,30.0,z50,181465.984375,216460.46875,0,1038240,0.0
bred_vector,2,5,30.0,z100,143629.953125,174753.859375,0,1038240,0.0
bred_vector,2,5,30.0,z150,120773.8125,151681.59375,0,1038240,0.0
bred_vector,2,5,30.0,z200,105197.984375,133573.0625,0,1038240,0.0
bred_vector,2,5,30.0,z250,92327.25,118874.2109375,0,1038240,0.0
bred_vector,2,5,30.0,z300,81141.640625,105768.5546875,0,1038240,0.0
bred_vector,2,5,30.0,z400,62902.2109375,83443.21875,0,1038240,0.0
bred_vector,2,5,30.0,z500,48382.32421875,65535.74609375,0,1038240,0.0
bred_vector,2,5,30.0,z600,35172.73046875,50645.359375,0,1038240,0.0
bred_vector,2,5,30.0,z700,23621.197265625,37468.61328125,0,1038240,0.0
bred_vector,2,5,30.0,z850,7995.3798828125,20208.546875,0,1038240,0.0
bred_vector,2,5,30.0,z925,285.5654296875,12977.498046875,0,1038240,0.0
bred_vector,2,5,30.0,z1000,-6617.3369140625,6909.31884765625,0,1038240,0.0
bred_vector,2,5,30.0,t50,157.128662109375,247.14268493652344,0,1038240,0.0
bred_vector,2,5,30.0,t100,156.3743133544922,275.6673278808594,0,1038240,0.0
bred_vector,2,5,30.0,t150,174.70013427734375,264.60382080078125,0,1038240,0.0
bred_vector,2,5,30.0,t200,186.91754150390625,260.81658935546875,0,1038240,0.0
bred_vector,2,5,30.0,t250,201.44390869140625,276.0943298339844,0,1038240,0.0
bred_vector,2,5,30.0,t300,209.52903747558594,284.070068359375,0,1038240,0.0
bred_vector,2,5,30.0,t400,221.47430419921875,296.593994140625,0,1038240,0.0
bred_vector,2,5,30.0,t500,223.22048950195312,301.3387756347656,0,1038240,0.0
bred_vector,2,5,30.0,t600,232.10203552246094,307.9732666015625,0,1038240,0.0
bred_vector,2,5,30.0,t700,243.52261352539062,323.58758544921875,0,1038240,0.0
bred_vector,2,5,30.0,t850,243.40663146972656,332.3438720703125,0,1038240,0.0
bred_vector,2,5,30.0,t925,244.3229217529297,325.2490234375,0,1038240,0.0
bred_vector,2,5,30.0,t1000,244.72335815429688,328.414794921875,0,1038240,0.0
bred_vector,2,5,30.0,q50,-6.700302037643269e-05,6.960782047826797e-05,506515,1038240,0.48785926182770845
bred_vector,2,5,30.0,q100,-1.850205080700107e-05,2.7261559807811864e-05,470375,1038240,0.4530503544459855
bred_vector,2,5,30.0,q150,-4.8448971938341856e-05,0.00016065448289737105,254070,1038240,0.2447122052704577
bred_vector,2,5,30.0,q200,-0.00016375583072658628,0.0008693296113051474,175194,1038240,0.16874133148404993
bred_vector,2,5,30.0,q250,-0.0005661323666572571,0.0021954532712697983,148366,1038240,0.1429014486053321
bred_vector,2,5,30.0,q300,-0.0007391771068796515,0.004038204904645681,82821,1038240,0.07977057327785483
bred_vector,2,5,30.0,q400,-0.00384601391851902,0.012023089453577995,146703,1038240,0.14129969949144705
bred_vector,2,5,30.0,q500,-0.004705255385488272,0.017091179266572,77625,1038240,0.07476595006934812
bred_vector,2,5,30.0,q600,-0.012610563077032566,0.028024956583976746,100489,1038240,0.09678783325627986
bred_vector,2,5,30.0,q700,-0.02292514033615589,0.04392557591199875,145865,1038240,0.1404925643396517
bred_vector,2,5,30.0,q850,-0.01234426349401474,0.041988879442214966,37786,1038240,0.03639428263214671
bred_vector,2,5,30.0,q925,-0.01017177477478981,0.04255133494734764,17023,1038240,0.016396016335336723
bred_vector,2,5,30.0,q1000,-0.005915437359362841,0.043440841138362885,6584,1038240,0.006341501001695176
bred_vector,2,6,36.0,u10m,-30.7124080657959,28.775388717651367,0,1038240,0.0
bred_vector,2,6,36.0,v10m,-29.99735450744629,25.7252254486084,0,1038240,0.0
bred_vector,2,6,36.0,u100m,-36.01041793823242,33.7641716003418,0,1038240,0.0
bred_vector,2,6,36.0,v100m,-35.16574478149414,31.02666664123535,0,1038240,0.0
bred_vector,2,6,36.0,t2m,231.1848907470703,329.2977294921875,0,1038240,0.0
bred_vector,2,6,36.0,sp,49022.58203125,108221.9609375,0,1038240,0.0
bred_vector,2,6,36.0,msl,91429.140625,109339.265625,0,1038240,0.0
bred_vector,2,6,36.0,tcwv,-69.4918212890625,182.85574340820312,97155,1038240,0.09357662968099861
bred_vector,2,6,36.0,u50,-65.58855438232422,125.7822265625,0,1038240,0.0
bred_vector,2,6,36.0,u100,-102.34728240966797,119.30482482910156,0,1038240,0.0
bred_vector,2,6,36.0,u150,-118.4284439086914,120.2138671875,0,1038240,0.0
bred_vector,2,6,36.0,u200,-137.49365234375,120.88103485107422,0,1038240,0.0
bred_vector,2,6,36.0,u250,-116.1512451171875,119.02944946289062,0,1038240,0.0
bred_vector,2,6,36.0,u300,-166.2048797607422,98.68673706054688,54,1038240,5.201109570041609e-05
bred_vector,2,6,36.0,u400,-122.45033264160156,92.31385040283203,0,1038240,0.0
bred_vector,2,6,36.0,u500,-92.4887924194336,88.95236206054688,0,1038240,0.0
bred_vector,2,6,36.0,u600,-90.95994567871094,90.1562271118164,0,1038240,0.0
bred_vector,2,6,36.0,u700,-66.13231658935547,60.82113265991211,0,1038240,0.0
bred_vector,2,6,36.0,u850,-49.3039436340332,54.756813049316406,0,1038240,0.0
bred_vector,2,6,36.0,u925,-53.81010055541992,37.64404296875,0,1038240,0.0
bred_vector,2,6,36.0,u1000,-37.76593017578125,32.863494873046875,0,1038240,0.0
bred_vector,2,6,36.0,v50,-73.01478576660156,79.70220184326172,0,1038240,0.0
bred_vector,2,6,36.0,v100,-84.5831527709961,84.57109832763672,0,1038240,0.0
bred_vector,2,6,36.0,v150,-112.9566650390625,78.06177520751953,0,1038240,0.0
bred_vector,2,6,36.0,v200,-81.92790222167969,110.78942108154297,0,1038240,0.0
bred_vector,2,6,36.0,v250,-84.23298645019531,119.93588256835938,0,1038240,0.0
bred_vector,2,6,36.0,v300,-82.30634307861328,121.16378021240234,0,1038240,0.0
bred_vector,2,6,36.0,v400,-86.48474884033203,68.95964813232422,0,1038240,0.0
bred_vector,2,6,36.0,v500,-81.40721130371094,74.8055419921875,0,1038240,0.0
bred_vector,2,6,36.0,v600,-81.32904815673828,81.05231475830078,0,1038240,0.0
bred_vector,2,6,36.0,v700,-50.880516052246094,52.043983459472656,0,1038240,0.0
bred_vector,2,6,36.0,v850,-49.21196746826172,35.208221435546875,0,1038240,0.0
bred_vector,2,6,36.0,v925,-41.754093170166016,42.43163299560547,0,1038240,0.0
bred_vector,2,6,36.0,v1000,-35.00721740722656,31.511682510375977,0,1038240,0.0
bred_vector,2,6,36.0,z50,181042.09375,216780.125,0,1038240,0.0
bred_vector,2,6,36.0,z100,143529.90625,175393.8125,0,1038240,0.0
bred_vector,2,6,36.0,z150,120884.9453125,152131.203125,0,1038240,0.0
bred_vector,2,6,36.0,z200,105834.71875,134080.84375,0,1038240,0.0
bred_vector,2,6,36.0,z250,92919.0625,119120.8984375,0,1038240,0.0
bred_vector,2,6,36.0,z300,81512.875,106046.0859375,0,1038240,0.0
bred_vector,2,6,36.0,z400,63410.015625,83910.6015625,0,1038240,0.0
bred_vector,2,6,36.0,z500,48388.4296875,65882.2734375,0,1038240,0.0
bred_vector,2,6,36.0,z600,35635.92578125,50807.859375,0,1038240,0.0
bred_vector,2,6,36.0,z700,23651.341796875,37519.67578125,0,1038240,0.0
bred_vector,2,6,36.0,z850,7232.25244140625,20254.91796875,0,1038240,0.0
bred_vector,2,6,36.0,z925,-421.9384765625,13244.658203125,0,1038240,0.0
bred_vector,2,6,36.0,z1000,-7406.22509765625,7048.423828125,0,1038240,0.0
bred_vector,2,6,36.0,t50,151.6185302734375,246.0332489013672,0,1038240,0.0
bred_vector,2,6,36.0,t100,152.98977661132812,275.95391845703125,0,1038240,0.0
bred_vector,2,6,36.0,t150,170.2519073486328,269.4950256347656,0,1038240,0.0
bred_vector,2,6,36.0,t200,185.39202880859375,263.6999816894531,0,1038240,0.0
bred_vector,2,6,36.0,t250,199.9000244140625,277.7925109863281,0,1038240,0.0
bred_vector,2,6,36.0,t300,213.1479949951172,286.6161804199219,0,1038240,0.0
bred_vector,2,6,36.0,t400,220.0913543701172,297.6952819824219,0,1038240,0.0
bred_vector,2,6,36.0,t500,227.6185302734375,305.1728820800781,0,1038240,0.0
bred_vector,2,6,36.0,t600,228.71170043945312,307.1285400390625,0,1038240,0.0
bred_vector,2,6,36.0,t700,243.2210235595703,329.3116149902344,0,1038240,0.0
bred_vector,2,6,36.0,t850,242.88946533203125,334.9260559082031,0,1038240,0.0
bred_vector,2,6,36.0,t925,246.02549743652344,330.13763427734375,0,1038240,0.0
bred_vector,2,6,36.0,t1000,242.8209991455078,331.1190490722656,0,1038240,0.0
bred_vector,2,6,36.0,q50,-6.577991007361561e-05,6.850159843452275e-05,506319,1038240,0.4876704808136847
bred_vector,2,6,36.0,q100,-1.794889976736158e-05,2.7064223104389384e-05,470842,1038240,0.4535001541069502
bred_vector,2,6,36.0,q150,-5.346686521079391e-05,0.00016479293117299676,265771,1038240,0.25598223917398677
bred_vector,2,6,36.0,q200,-0.00016946406685747206,0.0008776367758400738,186642,1038240,0.17976768377253813
bred_vector,2,6,36.0,q250,-0.000505795527715236,0.002465143334120512,162909,1038240,0.15690880721220526
bred_vector,2,6,36.0,q300,-0.001117534120567143,0.004369375295937061,91726,1038240,0.088347588226229
bred_vector,2,6,36.0,q400,-0.003647740464657545,0.012455642223358154,158690,1038240,0.15284519956850054
bred_vector,2,6,36.0,q500,-0.005509974900633097,0.01941891759634018,83623,1038240,0.0805430343658499
bred_vector,2,6,36.0,q600,-0.01491435058414936,0.029836364090442657,117243,1038240,0.11292475728155339
bred_vector,2,6,36.0,q700,-0.0269871074706316,0.042798541486263275,167159,1038240,0.1610022730775158
bred_vector,2,6,36.0,q850,-0.01770780421793461,0.04312082380056381,41794,1038240,0.04025466173524426
bred_vector,2,6,36.0,q925,-0.01293594017624855,0.04103011637926102,18257,1038240,0.01758456618893512
bred_vector,2,6,36.0,q1000,-0.008190343156456947,0.04565587267279625,8119,1038240,0.00781996455540145
bred_vector,2,7,42.0,u10m,-29.506786346435547,27.506834030151367,0,1038240,0.0
bred_vector,2,7,42.0,v10m,-32.50514602661133,26.813100814819336,0,1038240,0.0
bred_vector,2,7,42.0,u100m,-36.75493621826172,33.621612548828125,0,1038240,0.0
bred_vector,2,7,42.0,v100m,-37.27819061279297,29.591629028320312,0,1038240,0.0
bred_vector,2,7,42.0,t2m,225.83209228515625,333.7723083496094,0,1038240,0.0
bred_vector,2,7,42.0,sp,48436.5078125,108563.5546875,0,1038240,0.0
bred_vector,2,7,42.0,msl,92007.359375,110107.4375,4,1038240,3.852673755586377e-06
bred_vector,2,7,42.0,tcwv,-83.78923034667969,169.58181762695312,106959,1038240,0.10301953305594082
bred_vector,2,7,42.0,u50,-69.9804458618164,123.4344711303711,0,1038240,0.0
bred_vector,2,7,42.0,u100,-100.10554504394531,111.2629165649414,0,1038240,0.0
bred_vector,2,7,42.0,u150,-95.82862854003906,119.41654205322266,0,1038240,0.0
bred_vector,2,7,42.0,u200,-137.80889892578125,135.6036376953125,0,1038240,0.0
bred_vector,2,7,42.0,u250,-135.44642639160156,111.43257141113281,0,1038240,0.0
bred_vector,2,7,42.0,u300,-174.77972412109375,105.75740051269531,71,1038240,6.83849591616582e-05
bred_vector,2,7,42.0,u400,-142.84869384765625,105.57115936279297,0,1038240,0.0
bred_vector,2,7,42.0,u500,-101.66248321533203,86.6417236328125,0,1038240,0.0
bred_vector,2,7,42.0,u600,-94.99559020996094,85.22699737548828,0,1038240,0.0
bred_vector,2,7,42.0,u700,-69.57766723632812,64.84981536865234,0,1038240,0.0
bred_vector,2,7,42.0,u850,-53.63036346435547,55.51914596557617,0,1038240,0.0
bred_vector,2,7,42.0,u925,-42.509578704833984,43.193321228027344,0,1038240,0.0
bred_vector,2,7,42.0,u1000,-36.28499221801758,31.261459350585938,0,1038240,0.0
bred_vector,2,7,42.0,v50,-83.3573226928711,86.13668060302734,0,1038240,0.0
bred_vector,2,7,42.0,v100,-83.95112609863281,92.63774108886719,0,1038240,0.0
bred_vector,2,7,42.0,v150,-106.66492462158203,82.984375,0,1038240,0.0
bred_vector,2,7,42.0,v200,-105.974365234375,111.81843566894531,0,1038240,0.0
bred_vector,2,7,42.0,v250,-96.2352066040039,132.67445373535156,0,1038240,0.0
bred_vector,2,7,42.0,v300,-81.87771606445312,84.1094970703125,0,1038240,0.0
bred_vector,2,7,42.0,v400,-100.96964263916016,75.99337768554688,0,1038240,0.0
bred_vector,2,7,42.0,v500,-73.38394165039062,66.58332061767578,0,1038240,0.0
bred_vector,2,7,42.0,v600,-75.80351257324219,78.70193481445312,0,1038240,0.0
bred_vector,2,7,42.0,v700,-50.386653900146484,65.50625610351562,0,1038240,0.0
bred_vector,2,7,42.0,v850,-52.45107650756836,40.51247024536133,0,1038240,0.0
bred_vector,2,7,42.0,v925,-40.60990905761719,39.65045166015625,0,1038240,0.0
bred_vector,2,7,42.0,v1000,-31.770883560180664,36.04533767700195,0,1038240,0.0
bred_vector,2,7,42.0,z50,180379.984375,217539.5625,0,1038240,0.0
bred_vector,2,7,42.0,z100,144091.65625,176023.375,0,1038240,0.0
bred_vector,2,7,42.0,z150,121398.28125,152179.71875,0,1038240,0.0
bred_vector,2,7,42.0,z200,106425.8515625,134550.390625,0,1038240,0.0
bred_vector,2,7,42.0,z250,93772.1953125,119576.046875,0,1038240,0.0
bred_vector,2,7,42.0,z300,82582.4609375,106260.28125,0,1038240,0.0
bred_vector,2,7,42.0,z400,63381.0625,83948.28125,0,1038240,0.0
bred_vector,2,7,42.0,z500,48243.328125,65896.765625,0,1038240,0.0
bred_vector,2,7,42.0,z600,34850.63671875,50932.6796875,0,1038240,0.0
bred_vector,2,7,42.0,z700,22937.359375,37629.70703125,0,1038240,0.0
bred_vector,2,7,42.0,z850,7246.58056640625,20482.71484375,0,1038240,0.0
bred_vector,2,7,42.0,z925,252.69921875,13173.7744140625,0,1038240,0.0
bred_vector,2,7,42.0,z1000,-6661.56396484375,7120.38525390625,0,1038240,0.0
bred_vector,2,7,42.0,t50,150.07383728027344,251.2941131591797,0,1038240,0.0
bred_vector,2,7,42.0,t100,152.95655822753906,276.1236877441406,0,1038240,0.0
bred_vector,2,7,42.0,t150,168.88107299804688,275.85113525390625,0,1038240,0.0
bred_vector,2,7,42.0,t200,185.31732177734375,265.8641357421875,0,1038240,0.0
bred_vector,2,7,42.0,t250,200.671630859375,281.9457702636719,0,1038240,0.0
bred_vector,2,7,42.0,t300,212.5270233154297,292.1876220703125,0,1038240,0.0
bred_vector,2,7,42.0,t400,220.44088745117188,298.58612060546875,0,1038240,0.0
bred_vector,2,7,42.0,t500,229.75927734375,301.9918518066406,0,1038240,0.0
bred_vector,2,7,42.0,t600,232.4345245361328,312.14300537109375,0,1038240,0.0
bred_vector,2,7,42.0,t700,242.2144012451172,330.9700927734375,0,1038240,0.0
bred_vector,2,7,42.0,t850,231.86293029785156,330.8213195800781,0,1038240,0.0
bred_vector,2,7,42.0,t925,241.50558471679688,326.0251159667969,0,1038240,0.0
bred_vector,2,7,42.0,t1000,234.35015869140625,331.82708740234375,0,1038240,0.0
bred_vector,2,7,42.0,q50,-6.458626739913598e-05,6.736903742421418e-05,506098,1038240,0.4874576205886885
bred_vector,2,7,42.0,q100,-1.7698859664960764e-05,2.7189427783014253e-05,471366,1038240,0.45400485436893206
bred_vector,2,7,42.0,q150,-6.562479393323883e-05,0.00016910831618588418,275732,1038240,0.2655763599938357
bred_vector,2,7,42.0,q200,-0.0001758529106155038,0.0009013203671202064,200867,1038240,0.1934687548158422
bred_vector,2,7,42.0,q250,-0.0005686793010681868,0.0025526657700538635,171058,1038240,0.1647576668207736
bred_vector,2,7,42.0,q300,-0.0010383122134953737,0.004978552460670471,102859,1038240,0.09907054245646478
bred_vector,2,7,42.0,q400,-0.0037763314321637154,0.012085167691111565,161985,1038240,0.1560188395746648
bred_vector,2,7,42.0,q500,-0.006116933189332485,0.01926283910870552,92047,1038240,0.0886567652951148
bred_vector,2,7,42.0,q600,-0.019305182620882988,0.030087530612945557,127326,1038240,0.12263638465094776
bred_vector,2,7,42.0,q700,-0.030414074659347534,0.04470168799161911,179290,1038240,0.1726864694097704
bred_vector,2,7,42.0,q850,-0.02158772014081478,0.04095164313912392,45114,1038240,0.04345238095238095
bred_vector,2,7,42.0,q925,-0.016466403380036354,0.043426793068647385,20582,1038240,0.019823932809369702
bred_vector,2,7,42.0,q1000,-0.01593133620917797,0.04360580071806908,9949,1038240,0.009582562798582215
bred_vector,2,8,48.0,u10m,-29.78933334350586,29.508604049682617,0,1038240,0.0
bred_vector,2,8,48.0,v10m,-26.971942901611328,24.753690719604492,0,1038240,0.0
bred_vector,2,8,48.0,u100m,-35.281925201416016,34.39882278442383,0,1038240,0.0
bred_vector,2,8,48.0,v100m,-32.67955017089844,27.325082778930664,0,1038240,0.0
bred_vector,2,8,48.0,t2m,227.20237731933594,331.2571105957031,0,1038240,0.0
bred_vector,2,8,48.0,sp,47647.8359375,108554.921875,0,1038240,0.0
bred_vector,2,8,48.0,msl,91915.203125,109457.3125,0,1038240,0.0
bred_vector,2,8,48.0,tcwv,-94.16191101074219,161.94293212890625,108660,1038240,0.10465788257050393
bred_vector,2,8,48.0,u50,-78.59087371826172,130.55148315429688,0,1038240,0.0
bred_vector,2,8,48.0,u100,-91.79715728759766,117.05477905273438,0,1038240,0.0
bred_vector,2,8,48.0,u150,-101.49198150634766,118.68610382080078,0,1038240,0.0
bred_vector,2,8,48.0,u200,-138.6077423095703,133.95108032226562,0,1038240,0.0
bred_vector,2,8,48.0,u250,-128.29200744628906,107.19032287597656,0,1038240,0.0
bred_vector,2,8,48.0,u300,-159.1340789794922,94.4504623413086,33,1038240,3.178455848358761e-05
bred_vector,2,8,48.0,u400,-144.3610076904297,90.66890716552734,0,1038240,0.0
bred_vector,2,8,48.0,u500,-101.76919555664062,84.88587951660156,0,1038240,0.0
bred_vector,2,8,48.0,u600,-91.96439361572266,66.4704818725586,0,1038240,0.0
bred_vector,2,8,48.0,u700,-72.09903717041016,54.09209060668945,0,1038240,0.0
bred_vector,2,8,48.0,u850,-52.565006256103516,45.97626495361328,0,1038240,0.0
bred_vector,2,8,48.0,u925,-44.322757720947266,40.35574722290039,0,1038240,0.0
bred_vector,2,8,48.0,u1000,-38.876922607421875,31.985267639160156,0,1038240,0.0
bred_vector,2,8,48.0,v50,-81.82443237304688,84.89981842041016,0,1038240,0.0
bred_vector,2,8,48.0,v100,-93.56157684326172,90.64553833007812,0,1038240,0.0
bred_vector,2,8,48.0,v150,-120.17334747314453,75.307373046875,0,1038240,0.0
bred_vector,2,8,48.0,v200,-91.87049102783203,110.14007568359375,0,1038240,0.0
bred_vector,2,8,48.0,v250,-112.06779479980469,108.94583892822266,0,1038240,0.0
bred_vector,2,8,48.0,v300,-94.62096405029297,94.41114807128906,0,1038240,0.0
bred_vector,2,8,48.0,v400,-93.5191879272461,85.21009826660156,0,1038240,0.0
bred_vector,2,8,48.0,v500,-74.43878173828125,83.2795181274414,0,1038240,0.0
bred_vector,2,8,48.0,v600,-74.57991027832031,72.63381958007812,0,1038240,0.0
bred_vector,2,8,48.0,v700,-61.42665100097656,48.66864013671875,0,1038240,0.0
bred_vector,2,8,48.0,v850,-44.714324951171875,39.72765350341797,0,1038240,0.0
bred_vector,2,8,48.0,v925,-40.17585372924805,43.19039535522461,0,1038240,0.0
bred_vector,2,8,48.0,v1000,-29.120691299438477,29.8367977142334,0,1038240,0.0
bred_vector,2,8,48.0,z50,180503.3125,218021.3125,0,1038240,0.0
bred_vector,2,8,48.0,z100,144177.703125,176337.640625,0,1038240,0.0
bred_vector,2,8,48.0,z150,121803.0859375,152179.4375,0,1038240,0.0
bred_vector,2,8,48.0,z200,106927.484375,134221.765625,0,1038240,0.0
bred_vector,2,8,48.0,z250,94314.6640625,118948.84375,0,1038240,0.0
bred_vector,2,8,48.0,z300,82432.109375,105754.5625,0,1038240,0.0
bred_vector,2,8,48.0,z400,63341.9921875,83786.265625,0,1038240,0.0
bred_vector,2,8,48.0,z500,48158.27734375,65792.9453125,0,1038240,0.0
bred_vector,2,8,48.0,z600,34777.50390625,50533.2734375,0,1038240,0.0
bred_vector,2,8,48.0,z700,22971.828125,37243.5234375,0,1038240,0.0
bred_vector,2,8,48.0,z850,7162.61181640625,20407.892578125,0,1038240,0.0
bred_vector,2,8,48.0,z925,-19.71630859375,13214.802734375,0,1038240,0.0
bred_vector,2,8,48.0,z1000,-6577.54296875,6725.02783203125,0,1038240,0.0
bred_vector,2,8,48.0,t50,147.73477172851562,254.91758728027344,157,1038240,0.0001512174449067653
bred_vector,2,8,48.0,t100,150.0697479248047,281.1361083984375,0,1038240,0.0
bred_vector,2,8,48.0,t150,165.2420654296875,281.8988037109375,0,1038240,0.0
bred_vector,2,8,48.0,t200,185.31813049316406,270.7318115234375,0,1038240,0.0
bred_vector,2,8,48.0,t250,201.08302307128906,281.06109619140625,0,1038240,0.0
bred_vector,2,8,48.0,t300,212.95765686035156,283.0377502441406,0,1038240,0.0
bred_vector,2,8,48.0,t400,221.91812133789062,298.59228515625,0,1038240,0.0
bred_vector,2,8,48.0,t500,224.74728393554688,302.06207275390625,0,1038240,0.0
bred_vector,2,8,48.0,t600,227.97808837890625,310.08551025390625,0,1038240,0.0
bred_vector,2,8,48.0,t700,241.0779571533203,336.33905029296875,0,1038240,0.0
bred_vector,2,8,48.0,t850,230.09654235839844,334.77142333984375,0,1038240,0.0
bred_vector,2,8,48.0,t925,236.67330932617188,326.9842834472656,0,1038240,0.0
bred_vector,2,8,48.0,t1000,236.87351989746094,333.85479736328125,0,1038240,0.0
bred_vector,2,8,48.0,q50,-6.33936288068071e-05,6.622281216550618e-05,505871,1038240,0.48723898135305904
bred_vector,2,8,48.0,q100,-1.7527408999740146e-05,2.705739279917907e-05,471882,1038240,0.4545018492834027
bred_vector,2,8,48.0,q150,-7.164970156736672e-05,0.00016109122952912003,278076,1038240,0.2678340268146093
bred_vector,2,8,48.0,q200,-0.00016109990247059613,0.0008824311662465334,201397,1038240,0.19397923408845738
bred_vector,2,8,48.0,q250,-0.0005611927481368184,0.0026204977184534073,164918,1038240,0.15884381260594851
bred_vector,2,8,48.0,q300,-0.0009481500601395965,0.00483407499268651,102244,1038240,0.09847819386654338
bred_vector,2,8,48.0,q400,-0.0038474053144454956,0.01308303140103817,159805,1038240,0.15391913237787025
bred_vector,2,8,48.0,q500,-0.006931596901267767,0.018908461555838585,94015,1038240,0.0905522807828633
bred_vector,2,8,48.0,q600,-0.022065777331590652,0.027898188680410385,131548,1038240,0.1267028817999692
bred_vector,2,8,48.0,q700,-0.03435910493135452,0.041478127241134644,185417,1038240,0.1785878024348898
bred_vector,2,8,48.0,q850,-0.02636433206498623,0.04100552946329117,41440,1038240,0.039913700107874865
bred_vector,2,8,48.0,q925,-0.02168574370443821,0.04272102937102318,15639,1038240,0.015062991215903838
bred_vector,2,8,48.0,q1000,-0.021146971732378006,0.044264256954193115,11281,1038240,0.010865503159192479
bred_vector,2,9,54.0,u10m,-35.001338958740234,26.356149673461914,0,1038240,0.0
bred_vector,2,9,54.0,v10m,-23.82028579711914,23.88775062561035,0,1038240,0.0
bred_vector,2,9,54.0,u100m,-40.7873649597168,32.96218490600586,0,1038240,0.0
bred_vector,2,9,54.0,v100m,-31.078723907470703,27.803083419799805,0,1038240,0.0
bred_vector,2,9,54.0,t2m,217.8506622314453,332.04779052734375,0,1038240,0.0
bred_vector,2,9,54.0,sp,47111.171875,108443.4296875,0,1038240,0.0
bred_vector,2,9,54.0,msl,91475.9296875,108999.5703125,0,1038240,0.0
bred_vector,2,9,54.0,tcwv,-94.72980499267578,154.12008666992188,108749,1038240,0.10474360456156573
bred_vector,2,9,54.0,u50,-86.01227569580078,126.88525390625,0,1038240,0.0
bred_vector,2,9,54.0,u100,-91.3494644165039,114.70247650146484,0,1038240,0.0
bred_vector,2,9,54.0,u150,-120.8838119506836,110.60598754882812,0,1038240,0.0
bred_vector,2,9,54.0,u200,-143.15496826171875,128.28823852539062,0,1038240,0.0
bred_vector,2,9,54.0,u250,-179.01890563964844,116.00985717773438,148,1038240,0.00014254892895669595
bred_vector,2,9,54.0,u300,-168.53817749023438,103.32621002197266,119,1038240,0.00011461704422869471
bred_vector,2,9,54.0,u400,-187.90419006347656,91.82283782958984,169,1038240,0.00016277546617352444
bred_vector,2,9,54.0,u500,-107.53509521484375,85.56600952148438,0,1038240,0.0
bred_vector,2,9,54.0,u600,-103.14518737792969,57.9842529296875,0,1038240,0.0
bred_vector,2,9,54.0,u700,-73.87824249267578,65.16493225097656,0,1038240,0.0
bred_vector,2,9,54.0,u850,-56.67335891723633,46.0865478515625,0,1038240,0.0
bred_vector,2,9,54.0,u925,-48.321754455566406,44.68046951293945,0,1038240,0.0
bred_vector,2,9,54.0,u1000,-42.55596160888672,30.698551177978516,0,1038240,0.0
bred_vector,2,9,54.0,v50,-78.58953094482422,85.47095489501953,0,1038240,0.0
bred_vector,2,9,54.0,v100,-99.34606170654297,112.14190673828125,0,1038240,0.0
bred_vector,2,9,54.0,v150,-111.3898696899414,82.9071273803711,0,1038240,0.0
bred_vector,2,9,54.0,v200,-98.79969787597656,92.97003173828125,0,1038240,0.0
bred_vector,2,9,54.0,v250,-97.29949188232422,122.61834716796875,0,1038240,0.0
bred_vector,2,9,54.0,v300,-93.8640365600586,110.83162689208984,0,1038240,0.0
bred_vector,2,9,54.0,v400,-99.57317352294922,109.16556549072266,0,1038240,0.0
bred_vector,2,9,54.0,v500,-75.47502136230469,70.8286361694336,0,1038240,0.0
bred_vector,2,9,54.0,v600,-61.624267578125,68.78824615478516,0,1038240,0.0
bred_vector,2,9,54.0,v700,-54.398223876953125,49.927772521972656,0,1038240,0.0
bred_vector,2,9,54.0,v850,-47.98613739013672,39.87493133544922,0,1038240,0.0
bred_vector,2,9,54.0,v925,-42.361572265625,38.827476501464844,0,1038240,0.0
bred_vector,2,9,54.0,v1000,-28.932172775268555,29.486825942993164,0,1038240,0.0
bred_vector,2,9,54.0,z50,180603.21875,218404.453125,0,1038240,0.0
bred_vector,2,9,54.0,z100,144450.59375,176666.609375,0,1038240,0.0
bred_vector,2,9,54.0,z150,121902.78125,152418.921875,0,1038240,0.0
bred_vector,2,9,54.0,z200,107299.40625,134347.859375,0,1038240,0.0
bred_vector,2,9,54.0,z250,93866.640625,119187.6953125,0,1038240,0.0
bred_vector,2,9,54.0,z300,81988.671875,106192.0859375,0,1038240,0.0
bred_vector,2,9,54.0,z400,62966.36328125,84150.078125,0,1038240,0.0
bred_vector,2,9,54.0,z500,48000.921875,65850.1875,0,1038240,0.0
bred_vector,2,9,54.0,z600,34612.390625,50477.5078125,0,1038240,0.0
bred_vector,2,9,54.0,z700,22515.435546875,37293.12890625,0,1038240,0.0
bred_vector,2,9,54.0,z850,6606.67236328125,20257.23828125,0,1038240,0.0
bred_vector,2,9,54.0,z925,-475.66650390625,13170.404296875,0,1038240,0.0
bred_vector,2,9,54.0,z1000,-6991.76708984375,6699.6796875,0,1038240,0.0
bred_vector,2,9,54.0,t50,147.7512664794922,256.4201354980469,357,1038240,0.0003438511326860841
bred_vector,2,9,54.0,t100,149.44271850585938,279.628173828125,9,1038240,8.668515950069348e-06
bred_vector,2,9,54.0,t150,165.08900451660156,288.2550354003906,0,1038240,0.0
bred_vector,2,9,54.0,t200,182.69703674316406,278.09765625,0,1038240,0.0
bred_vector,2,9,54.0,t250,201.23526000976562,279.55517578125,0,1038240,0.0
bred_vector,2,9,54.0,t300,211.25401306152344,281.84991455078125,0,1038240,0.0
bred_vector,2,9,54.0,t400,222.10203552246094,303.366943359375,0,1038240,0.0
bred_vector,2,9,54.0,t500,226.65997314453125,301.3896484375,0,1038240,0.0
bred_vector,2,9,54.0,t600,223.56658935546875,313.1988525390625,0,1038240,0.0
bred_vector,2,9,54.0,t700,240.5526123046875,333.8627014160156,0,1038240,0.0
bred_vector,2,9,54.0,t850,226.95870971679688,335.44232177734375,0,1038240,0.0
bred_vector,2,9,54.0,t925,238.94068908691406,326.6225280761719,0,1038240,0.0
bred_vector,2,9,54.0,t1000,224.38812255859375,333.9591064453125,0,1038240,0.0
bred_vector,2,9,54.0,q50,-6.219513306859881e-05,6.50793663226068e-05,505661,1038240,0.4870367159808907
bred_vector,2,9,54.0,q100,-1.732102464302443e-05,2.7017638785764575e-05,471632,1038240,0.45426105717367854
bred_vector,2,9,54.0,q150,-6.544630014104769e-05,0.00016085074457805604,278327,1038240,0.2680757820927724
bred_vector,2,9,54.0,q200,-0.00017504370771348476,0.0008931861375458539,202134,1038240,0.1946890892279242
bred_vector,2,9,54.0,q250,-0.0005029760068282485,0.0025546718388795853,167680,1038240,0.1615040838341809
bred_vector,2,9,54.0,q300,-0.0009602636564522982,0.004991918336600065,109048,1038240,0.1050315919247958
bred_vector,2,9,54.0,q400,-0.004035366699099541,0.012018494307994843,160880,1038240,0.15495453844968407
bred_vector,2,9,54.0,q500,-0.0076056276448071,0.01929216831922531,97820,1038240,0.09421713669286484
bred_vector,2,9,54.0,q600,-0.022911272943019867,0.02795793116092682,137710,1038240,0.13263792572045
bred_vector,2,9,54.0,q700,-0.031507909297943115,0.04074390232563019,191160,1038240,0.18411927877947296
bred_vector,2,9,54.0,q850,-0.02398328296840191,0.04078415408730507,40714,1038240,0.03921443982123594
bred_vector,2,9,54.0,q925,-0.021973008289933205,0.04200917109847069,17076,1038240,0.016447064262598243
bred_vector,2,9,54.0,q1000,-0.02017039619386196,0.04369349032640457,12653,1038240,0.012186970257358607
bred_vector,2,10,60.0,u10m,-34.76299285888672,27.092052459716797,0,1038240,0.0
bred_vector,2,10,60.0,v10m,-23.771190643310547,24.99175262451172,0,1038240,0.0
bred_vector,2,10,60.0,u100m,-49.47663116455078,33.01762008666992,0,1038240,0.0
bred_vector,2,10,60.0,v100m,-30.64729881286621,31.240585327148438,0,1038240,0.0
bred_vector,2,10,60.0,t2m,215.60745239257812,329.4291687011719,0,1038240,0.0
bred_vector,2,10,60.0,sp,46992.04296875,108335.4140625,0,1038240,0.0
bred_vector,2,10,60.0,msl,91743.15625,109353.921875,0,1038240,0.0
bred_vector,2,10,60.0,tcwv,-96.50961303710938,157.6495819091797,111360,1038240,0.10725843735552473
bred_vector,2,10,60.0,u50,-81.52838897705078,133.47341918945312,0,1038240,0.0
bred_vector,2,10,60.0,u100,-99.84627532958984,111.24211120605469,0,1038240,0.0
bred_vector,2,10,60.0,u150,-124.07083892822266,109.76178741455078,0,1038240,0.0
bred_vector,2,10,60.0,u200,-143.75552368164062,155.42971801757812,26,1038240,2.504237941131145e-05
bred_vector,2,10,60.0,u250,-206.38308715820312,128.9135284423828,497,1038240,0.00047869471413160736
bred_vector,2,10,60.0,u300,-207.02037048339844,104.1980209350586,261,1038240,0.0002513869625520111
bred_vector,2,10,60.0,u400,-180.84329223632812,94.20059967041016,241,1038240,0.0002321235937740792
bred_vector,2,10,60.0,u500,-101.56637573242188,91.8342056274414,0,1038240,0.0
bred_vector,2,10,60.0,u600,-104.34677124023438,62.43690490722656,0,1038240,0.0
bred_vector,2,10,60.0,u700,-65.34899139404297,55.56527328491211,0,1038240,0.0
bred_vector,2,10,60.0,u850,-61.95338439941406,49.238136291503906,0,1038240,0.0
bred_vector,2,10,60.0,u925,-67.10585021972656,41.626007080078125,0,1038240,0.0
bred_vector,2,10,60.0,u1000,-40.13943862915039,30.22261619567871,0,1038240,0.0
bred_vector,2,10,60.0,v50,-76.54501342773438,93.66044616699219,0,1038240,0.0
bred_vector,2,10,60.0,v100,-99.39154052734375,112.84222412109375,0,1038240,0.0
bred_vector,2,10,60.0,v150,-113.8153076171875,78.10816955566406,0,1038240,0.0
bred_vector,2,10,60.0,v200,-96.23741912841797,108.3906478881836,0,1038240,0.0
bred_vector,2,10,60.0,v250,-96.76908874511719,105.81403350830078,0,1038240,0.0
bred_vector,2,10,60.0,v300,-87.99008178710938,95.29132843017578,0,1038240,0.0
bred_vector,2,10,60.0,v400,-91.53829956054688,99.14376068115234,0,1038240,0.0
bred_vector,2,10,60.0,v500,-77.51741027832031,79.99504089355469,0,1038240,0.0
bred_vector,2,10,60.0,v600,-57.852291107177734,60.330814361572266,0,1038240,0.0
bred_vector,2,10,60.0,v700,-47.558006286621094,59.07257080078125,0,1038240,0.0
bred_vector,2,10,60.0,v850,-43.84576416015625,37.986087799072266,0,1038240,0.0
bred_vector,2,10,60.0,v925,-39.795291900634766,42.667537689208984,0,1038240,0.0
bred_vector,2,10,60.0,v1000,-26.1407470703125,31.094873428344727,0,1038240,0.0
bred_vector,2,10,60.0,z50,180380.109375,218740.765625,0,1038240,0.0
bred_vector,2,10,60.0,z100,144464.0625,177192.71875,0,1038240,0.0
bred_vector,2,10,60.0,z150,122039.0,152868.09375,0,1038240,0.0
bred_vector,2,10,60.0,z200,107578.1484375,134461.921875,0,1038240,0.0
bred_vector,2,10,60.0,z250,93790.2578125,119395.53125,0,1038240,0.0
bred_vector,2,10,60.0,z300,81842.4921875,106159.8359375,0,1038240,0.0
bred_vector,2,10,60.0,z400,62875.52734375,84018.9375,0,1038240,0.0
bred_vector,2,10,60.0,z500,48072.05859375,65668.5078125,0,1038240,0.0
bred_vector,2,10,60.0,z600,34308.40625,50418.32421875,0,1038240,0.0
bred_vector,2,10,60.0,z700,22274.36328125,37123.40625,0,1038240,0.0
bred_vector,2,10,60.0,z850,6541.78076171875,20252.25390625,0,1038240,0.0
bred_vector,2,10,60.0,z925,-389.23876953125,13167.0703125,0,1038240,0.0
bred_vector,2,10,60.0,z1000,-6833.50341796875,6857.59716796875,0,1038240,0.0
bred_vector,2,10,60.0,t50,143.54275512695312,261.34942626953125,1324,1038240,0.0012752350130990908
bred_vector,2,10,60.0,t100,150.71697998046875,282.17303466796875,0,1038240,0.0
bred_vector,2,10,60.0,t150,165.9829559326172,289.921875,0,1038240,0.0
bred_vector,2,10,60.0,t200,180.87603759765625,284.808349609375,0,1038240,0.0
bred_vector,2,10,60.0,t250,199.32797241210938,278.84136962890625,0,1038240,0.0
bred_vector,2,10,60.0,t300,210.80648803710938,286.0657043457031,0,1038240,0.0
bred_vector,2,10,60.0,t400,223.3673553466797,298.0608215332031,0,1038240,0.0
bred_vector,2,10,60.0,t500,227.31973266601562,300.94830322265625,0,1038240,0.0
bred_vector,2,10,60.0,t600,225.08428955078125,312.7058410644531,0,1038240,0.0
bred_vector,2,10,60.0,t700,238.12940979003906,331.22247314453125,0,1038240,0.0
bred_vector,2,10,60.0,t850,226.52777099609375,344.77386474609375,29,1038240,2.7931884728001232e-05
bred_vector,2,10,60.0,t925,239.4080810546875,326.6561279296875,0,1038240,0.0
bred_vector,2,10,60.0,t1000,231.8824920654297,331.82550048828125,0,1038240,0.0
bred_vector,2,10,60.0,q50,-6.105987267801538e-05,6.398068217094988e-05,505426,1038240,0.48681037139775
bred_vector,2,10,60.0,q100,-1.7053196643246338e-05,2.7006568416254595e-05,470702,1038240,0.4533653105255047
bred_vector,2,10,60.0,q150,-5.966140815871768e-05,0.00015465686738025397,282336,1038240,0.27193712436430884
bred_vector,2,10,60.0,q200,-0.00016943138325586915,0.0008801767835393548,202285,1038240,0.19483452766219755
bred_vector,2,10,60.0,q250,-0.0005475931684486568,0.002595743862912059,164323,1038240,0.15827072738480505
bred_vector,2,10,60.0,q300,-0.0010347652714699507,0.005247995723038912,104912,1038240,0.1010479272615195
bred_vector,2,10,60.0,q400,-0.003529016859829426,0.011146493256092072,163236,1038240,0.15722376329172447
bred_vector,2,10,60.0,q500,-0.007846429944038391,0.018786685541272163,101985,1038240,0.09822873324086916
bred_vector,2,10,60.0,q600,-0.024061741307377815,0.026825619861483574,139996,1038240,0.13483972877176761
bred_vector,2,10,60.0,q700,-0.03280876576900482,0.04042800888419151,196746,1038240,0.18949953767914932
bred_vector,2,10,60.0,q850,-0.026623759418725967,0.04098471999168396,39979,1038240,0.03850651101864694
bred_vector,2,10,60.0,q925,-0.022723045200109482,0.04302095249295235,16994,1038240,0.016368084450608722
bred_vector,2,10,60.0,q1000,-0.01833757944405079,0.04415353015065193,12767,1038240,0.012296771459392819
bred_vector,2,11,66.0,u10m,-39.61614227294922,25.237348556518555,0,1038240,0.0
bred_vector,2,11,66.0,v10m,-23.832109451293945,23.956819534301758,0,1038240,0.0
bred_vector,2,11,66.0,u100m,-55.89606857299805,32.419395446777344,0,1038240,0.0
bred_vector,2,11,66.0,v100m,-31.504186630249023,28.081262588500977,0,1038240,0.0
bred_vector,2,11,66.0,t2m,231.03048706054688,332.1259460449219,0,1038240,0.0
bred_vector,2,11,66.0,sp,46422.88671875,108453.40625,0,1038240,0.0
bred_vector,2,11,66.0,msl,91673.265625,108979.609375,0,1038240,0.0
bred_vector,2,11,66.0,tcwv,-96.72305297851562,152.3203125,113787,1038240,0.10959604715672677
bred_vector,2,11,66.0,u50,-86.33873748779297,125.36092376708984,0,1038240,0.0
bred_vector,2,11,66.0,u100,-86.75988006591797,111.89241027832031,0,1038240,0.0
bred_vector,2,11,66.0,u150,-123.7927474975586,121.23406982421875,0,1038240,0.0
bred_vector,2,11,66.0,u200,-151.89859008789062,145.9437713623047,6,1038240,5.779010633379566e-06
bred_vector,2,11,66.0,u250,-210.0418701171875,132.17263793945312,780,1038240,0.0007512713823393435
bred_vector,2,11,66.0,u300,-198.62535095214844,109.43546295166016,441,1038240,0.00042475728155339805
bred_vector,2,11,66.0,u400,-189.6178436279297,97.10499572753906,232,1038240,0.00022345507782400986
bred_vector,2,11,66.0,u500,-105.26850891113281,89.96735382080078,0,1038240,0.0
bred_vector,2,11,66.0,u600,-103.59346771240234,56.988319396972656,0,1038240,0.0
bred_vector,2,11,66.0,u700,-69.86650848388672,55.07027816772461,0,1038240,0.0
bred_vector,2,11,66.0,u850,-73.37458038330078,47.234130859375,0,1038240,0.0
bred_vector,2,11,66.0,u925,-75.54974365234375,39.46620559692383,0,1038240,0.0
bred_vector,2,11,66.0,u1000,-46.70152282714844,29.207616806030273,0,1038240,0.0
bred_vector,2,11,66.0,v50,-72.5344009399414,91.74242401123047,0,1038240,0.0
bred_vector,2,11,66.0,v100,-93.750732421875,107.64232635498047,0,1038240,0.0
bred_vector,2,11,66.0,v150,-96.22715759277344,73.61553955078125,0,1038240,0.0
bred_vector,2,11,66.0,v200,-103.7236099243164,91.51504516601562,0,1038240,0.0
bred_vector,2,11,66.0,v250,-125.18524932861328,115.00760650634766,0,1038240,0.0
bred_vector,2,11,66.0,v300,-90.78182220458984,107.68480682373047,0,1038240,0.0
bred_vector,2,11,66.0,v400,-94.43626403808594,86.69009399414062,0,1038240,0.0
bred_vector,2,11,66.0,v500,-60.60129165649414,73.10386657714844,0,1038240,0.0
bred_vector,2,11,66.0,v600,-59.33539581298828,54.270179748535156,0,1038240,0.0
bred_vector,2,11,66.0,v700,-49.917564392089844,64.23617553710938,0,1038240,0.0
bred_vector,2,11,66.0,v850,-40.24882125854492,35.864593505859375,0,1038240,0.0
bred_vector,2,11,66.0,v925,-38.60923385620117,36.465553283691406,0,1038240,0.0
bred_vector,2,11,66.0,v1000,-32.4384880065918,28.295215606689453,0,1038240,0.0
bred_vector,2,11,66.0,z50,180018.328125,219093.609375,0,1038240,0.0
bred_vector,2,11,66.0,z100,144514.21875,177132.0,0,1038240,0.0
bred_vector,2,11,66.0,z150,122145.78125,152992.796875,0,1038240,0.0
bred_vector,2,11,66.0,z200,107789.7578125,134715.453125,0,1038240,0.0
bred_vector,2,11,66.0,z250,94076.5,119335.7890625,0,1038240,0.0
bred_vector,2,11,66.0,z300,81880.3046875,106053.40625,0,1038240,0.0
bred_vector,2,11,66.0,z400,62851.19140625,83798.46875,0,1038240,0.0
bred_vector,2,11,66.0,z500,47999.87109375,65628.1015625,0,1038240,0.0
bred_vector,2,11,66.0,z600,34340.05859375,50164.953125,0,1038240,0.0
bred_vector,2,11,66.0,z700,22360.1875,36960.55078125,0,1038240,0.0
bred_vector,2,11,66.0,z850,6741.9404296875,20290.07421875,0,1038240,0.0
bred_vector,2,11,66.0,z925,-236.111328125,13239.12890625,0,1038240,0.0
bred_vector,2,11,66.0,z1000,-6724.94677734375,6718.8037109375,0,1038240,0.0
bred_vector,2,11,66.0,t50,140.7130126953125,265.83953857421875,3135,1038240,0.0030195330559408227
bred_vector,2,11,66.0,t100,149.71270751953125,282.38336181640625,23,1038240,2.2152874094621666e-05
bred_vector,2,11,66.0,t150,168.372314453125,291.9208679199219,0,1038240,0.0
bred_vector,2,11,66.0,t200,180.8651580810547,285.451904296875,0,1038240,0.0
bred_vector,2,11,66.0,t250,202.21597290039062,277.0218200683594,0,1038240,0.0
bred_vector,2,11,66.0,t300,210.6644287109375,289.0395202636719,0,1038240,0.0
bred_vector,2,11,66.0,t400,225.2671356201172,296.86260986328125,0,1038240,0.0
bred_vector,2,11,66.0,t500,226.73287963867188,303.143798828125,0,1038240,0.0
bred_vector,2,11,66.0,t600,225.90536499023438,312.3204345703125,0,1038240,0.0
bred_vector,2,11,66.0,t700,239.12977600097656,327.2275390625,0,1038240,0.0
bred_vector,2,11,66.0,t850,221.4580535888672,340.54705810546875,5,1038240,4.8158421944829715e-06
bred_vector,2,11,66.0,t925,233.83444213867188,328.66046142578125,0,1038240,0.0
bred_vector,2,11,66.0,t1000,238.6423797607422,331.2146911621094,0,1038240,0.0
bred_vector,2,11,66.0,q50,-5.990708450553939e-05,6.289606244536117e-05,505201,1038240,0.4865936584989983
bred_vector,2,11,66.0,q100,-1.690219323791098e-05,2.6854355382965878e-05,469472,1038240,0.4521806133456619
bred_vector,2,11,66.0,q150,-6.167239916976541e-05,0.00014135421952232718,286056,1038240,0.2755201109570042
bred_vector,2,11,66.0,q200,-0.00016347611381206661,0.0008091663476079702,210487,1038240,0.20273443519802742
bred_vector,2,11,66.0,q250,-0.0005937397945672274,0.002411012537777424,165800,1038240,0.15969332716905532
bred_vector,2,11,66.0,q300,-0.00107781239785254,0.004668393637984991,99490,1038240,0.09582562798582216
bred_vector,2,11,66.0,q400,-0.0040145074017345905,0.01208849623799324,165427,1038240,0.1593340653413469
bred_vector,2,11,66.0,q500,-0.007879240438342094,0.019528992474079132,103780,1038240,0.09995762058868855
bred_vector,2,11,66.0,q600,-0.023868229240179062,0.0273781418800354,143226,1038240,0.1379507628294036
bred_vector,2,11,66.0,q700,-0.03150861710309982,0.04009808227419853,196571,1038240,0.18933098320234243
bred_vector,2,11,66.0,q850,-0.023469505831599236,0.03979999199509621,41012,1038240,0.039501464016027124
bred_vector,2,11,66.0,q925,-0.020802952349185944,0.04103179648518562,16745,1038240,0.01612825550932347
bred_vector,2,11,66.0,q1000,-0.017464546486735344,0.04250166565179825,12282,1038240,0.01182963476652797
bred_vector,2,12,72.0,u10m,-36.89631652832031,25.787006378173828,0,1038240,0.0
bred_vector,2,12,72.0,v10m,-27.249263763427734,22.89997100830078,0,1038240,0.0
bred_vector,2,12,72.0,u100m,-52.28480911254883,31.710485458374023,0,1038240,0.0
bred_vector,2,12,72.0,v100m,-38.00823974609375,28.08064842224121,0,1038240,0.0
bred_vector,2,12,72.0,t2m,230.0960693359375,331.998291015625,0,1038240,0.0
bred_vector,2,12,72.0,sp,45881.21484375,108349.7109375,0,1038240,0.0
bred_vector,2,12,72.0,msl,91569.953125,109192.4765625,0,1038240,0.0
bred_vector,2,12,72.0,tcwv,-91.42803192138672,159.5830535888672,118921,1038240,0.11454095392202188
bred_vector,2,12,72.0,u50,-81.2264404296875,120.15552520751953,0,1038240,0.0
bred_vector,2,12,72.0,u100,-93.90913391113281,116.75286102294922,0,1038240,0.0
bred_vector,2,12,72.0,u150,-128.8588104248047,116.45645904541016,0,1038240,0.0
bred_vector,2,12,72.0,u200,-166.19754028320312,130.31454467773438,92,1038240,8.861149637848666e-05
bred_vector,2,12,72.0,u250,-208.81817626953125,129.16502380371094,1102,1038240,0.0010614116196640468
bred_vector,2,12,72.0,u300,-219.62977600097656,111.47209167480469,643,1038240,0.00061931730621051
bred_vector,2,12,72.0,u400,-179.69459533691406,98.99727630615234,422,1038240,0.00040645708121436275
bred_vector,2,12,72.0,u500,-100.5982894897461,88.42462158203125,0,1038240,0.0
bred_vector,2,12,72.0,u600,-96.61154174804688,56.54507064819336,0,1038240,0.0
bred_vector,2,12,72.0,u700,-63.72800827026367,56.8558349609375,0,1038240,0.0
bred_vector,2,12,72.0,u850,-70.07837677001953,53.67350387573242,0,1038240,0.0
bred_vector,2,12,72.0,u925,-61.972129821777344,43.45946502685547,0,1038240,0.0
bred_vector,2,12,72.0,u1000,-44.2663459777832,30.17201805114746,0,1038240,0.0
bred_vector,2,12,72.0,v50,-75.89805603027344,84.66926574707031,0,1038240,0.0
bred_vector,2,12,72.0,v100,-89.26290130615234,110.12321472167969,0,1038240,0.0
bred_vector,2,12,72.0,v150,-91.61595153808594,74.80933380126953,0,1038240,0.0
bred_vector,2,12,72.0,v200,-129.91868591308594,88.75086975097656,0,1038240,0.0
bred_vector,2,12,72.0,v250,-129.6490478515625,89.82781219482422,0,1038240,0.0
bred_vector,2,12,72.0,v300,-103.20329284667969,91.59504699707031,0,1038240,0.0
bred_vector,2,12,72.0,v400,-92.4632339477539,78.44778442382812,0,1038240,0.0
bred_vector,2,12,72.0,v500,-63.47843551635742,72.12804412841797,0,1038240,0.0
bred_vector,2,12,72.0,v600,-54.60101318359375,50.27930450439453,0,1038240,0.0
bred_vector,2,12,72.0,v700,-49.14193344116211,67.11235046386719,0,1038240,0.0
bred_vector,2,12,72.0,v850,-53.57164001464844,37.02934265136719,0,1038240,0.0
bred_vector,2,12,72.0,v925,-38.30427932739258,37.98127746582031,0,1038240,0.0
bred_vector,2,12,72.0,v1000,-28.885845184326172,27.439714431762695,0,1038240,0.0
bred_vector,2,12,72.0,z50,179869.6875,219692.625,0,1038240,0.0
bred_vector,2,12,72.0,z100,144559.125,177582.671875,0,1038240,0.0
bred_vector,2,12,72.0,z150,122485.765625,153492.421875,0,1038240,0.0
bred_vector,2,12,72.0,z200,108004.046875,134835.046875,0,1038240,0.0
bred_vector,2,12,72.0,z250,94414.0,119327.140625,0,1038240,0.0
bred_vector,2,12,72.0,z300,82051.484375,105948.5078125,0,1038240,0.0
bred_vector,2,12,72.0,z400,62987.1171875,83646.140625,0,1038240,0.0
bred_vector,2,12,72.0,z500,47848.10546875,65378.75,0,1038240,0.0
bred_vector,2,12,72.0,z600,34178.078125,49999.9609375,0,1038240,0.0
bred_vector,2,12,72.0,z700,22212.912109375,36853.40625,0,1038240,0.0
bred_vector,2,12,72.0,z850,6549.2919921875,20070.74609375,0,1038240,0.0
bred_vector,2,12,72.0,z925,-418.78955078125,12972.99609375,0,1038240,0.0
bred_vector,2,12,72.0,z1000,-6893.85546875,6737.16259765625,0,1038240,0.0
bred_vector,2,12,72.0,t50,133.85446166992188,266.6518859863281,7271,1038240,0.0070031977192171364
bred_vector,2,12,72.0,t100,147.68873596191406,283.1721496582031,170,1038240,0.00016373863461242101
bred_vector,2,12,72.0,t150,166.07949829101562,292.62762451171875,0,1038240,0.0
bred_vector,2,12,72.0,t200,178.5050048828125,286.9710693359375,0,1038240,0.0
bred_vector,2,12,72.0,t250,201.20730590820312,275.3555603027344,0,1038240,0.0
bred_vector,2,12,72.0,t300,212.5570526123047,292.7945861816406,0,1038240,0.0
bred_vector,2,12,72.0,t400,226.08767700195312,297.04412841796875,0,1038240,0.0
bred_vector,2,12,72.0,t500,225.70858764648438,302.5622863769531,0,1038240,0.0
bred_vector,2,12,72.0,t600,222.68356323242188,312.33038330078125,0,1038240,0.0
bred_vector,2,12,72.0,t700,236.32667541503906,326.5029602050781,0,1038240,0.0
bred_vector,2,12,72.0,t850,233.10662841796875,340.7913513183594,9,1038240,8.668515950069348e-06
bred_vector,2,12,72.0,t925,235.85777282714844,326.7876281738281,0,1038240,0.0
bred_vector,2,12,72.0,t1000,235.00193786621094,332.9749755859375,0,1038240,0.0
bred_vector,2,12,72.0,q50,-5.881024117115885e-05,6.183340883580968e-05,504987,1038240,0.4863875404530744
bred_vector,2,12,72.0,q100,-1.6812067769933492e-05,2.649396628839895e-05,468386,1038240,0.4511346124210202
bred_vector,2,12,72.0,q150,-6.099533129599877e-05,0.00013642363774124533,285271,1038240,0.27476402373247033
bred_vector,2,12,72.0,q200,-0.00018242723308503628,0.0007912025903351605,211617,1038240,0.20382281553398057
bred_vector,2,12,72.0,q250,-0.0005973779479973018,0.0022830497473478317,166236,1038240,0.16011326860841424
bred_vector,2,12,72.0,q300,-0.0010178093798458576,0.005171682219952345,98710,1038240,0.09507435660348282
bred_vector,2,12,72.0,q400,-0.004202956333756447,0.011516313068568707,164553,1038240,0.15849225612575127
bred_vector,2,12,72.0,q500,-0.00793168880045414,0.019920112565159798,104898,1038240,0.10103444290337495
bred_vector,2,12,72.0,q600,-0.023399440571665764,0.02871478535234928,146004,1038240,0.14062644475265834
bred_vector,2,12,72.0,q700,-0.03244258463382721,0.04063773900270462,195169,1038240,0.1879806210510094
bred_vector,2,12,72.0,q850,-0.023638973012566566,0.03909549117088318,40777,1038240,0.039275119432886425
bred_vector,2,12,72.0,q925,-0.01960229128599167,0.04125114530324936,16902,1038240,0.016279472954230236
bred_vector,2,12,72.0,q1000,-0.01977093517780304,0.04134462773799896,12759,1038240,0.012289066111881646
bred_vector,2,13,78.0,u10m,-40.3310546875,29.89693260192871,0,1038240,0.0
bred_vector,2,13,78.0,v10m,-25.626039505004883,26.103269577026367,0,1038240,0.0
bred_vector,2,13,78.0,u100m,-46.9089469909668,35.85658264160156,0,1038240,0.0
bred_vector,2,13,78.0,v100m,-36.09824752807617,30.910722732543945,0,1038240,0.0
bred_vector,2,13,78.0,t2m,230.78309631347656,333.8297119140625,0,1038240,0.0
bred_vector,2,13,78.0,sp,45506.92578125,108212.390625,0,1038240,0.0
bred_vector,2,13,78.0,msl,91360.953125,108465.2265625,0,1038240,0.0
bred_vector,2,13,78.0,tcwv,-94.46993255615234,164.17355346679688,122288,1038240,0.11778394205578671
bred_vector,2,13,78.0,u50,-75.87261199951172,123.49967193603516,0,1038240,0.0
bred_vector,2,13,78.0,u100,-95.02377319335938,115.06787109375,0,1038240,0.0
bred_vector,2,13,78.0,u150,-137.72901916503906,110.239013671875,0,1038240,0.0
bred_vector,2,13,78.0,u200,-175.82041931152344,147.83123779296875,339,1038240,0.0003265141007859454
bred_vector,2,13,78.0,u250,-232.0861053466797,127.52703857421875,1244,1038240,0.0011981815379873632
bred_vector,2,13,78.0,u300,-230.08665466308594,107.07977294921875,764,1038240,0.000735860687316998
bred_vector,2,13,78.0,u400,-184.5720977783203,98.92534637451172,502,1038240,0.0004835105563260903
bred_vector,2,13,78.0,u500,-104.49388122558594,92.44792175292969,0,1038240,0.0
bred_vector,2,13,78.0,u600,-92.74526977539062,58.58881759643555,0,1038240,0.0
bred_vector,2,13,78.0,u700,-63.46676254272461,57.34614181518555,0,1038240,0.0
bred_vector,2,13,78.0,u850,-69.78689575195312,52.843414306640625,0,1038240,0.0
bred_vector,2,13,78.0,u925,-54.93224334716797,43.46428298950195,0,1038240,0.0
bred_vector,2,13,78.0,u1000,-47.58324432373047,31.623714447021484,0,1038240,0.0
bred_vector,2,13,78.0,v50,-77.36151885986328,79.68769836425781,0,1038240,0.0
bred_vector,2,13,78.0,v100,-94.8490982055664,92.46475219726562,0,1038240,0.0
bred_vector,2,13,78.0,v150,-92.60138702392578,81.669189453125,0,1038240,0.0
bred_vector,2,13,78.0,v200,-145.77566528320312,89.91974639892578,0,1038240,0.0
bred_vector,2,13,78.0,v250,-133.14804077148438,98.6469955444336,0,1038240,0.0
bred_vector,2,13,78.0,v300,-99.689697265625,105.45270538330078,0,1038240,0.0
bred_vector,2,13,78.0,v400,-72.5043716430664,87.38251495361328,0,1038240,0.0
bred_vector,2,13,78.0,v500,-66.80095672607422,81.48027038574219,0,1038240,0.0
bred_vector,2,13,78.0,v600,-58.22731018066406,53.611419677734375,0,1038240,0.0
bred_vector,2,13,78.0,v700,-53.48490524291992,72.5944595336914,0,1038240,0.0
bred_vector,2,13,78.0,v850,-39.52149963378906,39.529232025146484,0,1038240,0.0
bred_vector,2,13,78.0,v925,-37.85439682006836,37.52092742919922,0,1038240,0.0
bred_vector,2,13,78.0,v1000,-26.00128746032715,29.508892059326172,0,1038240,0.0
bred_vector,2,13,78.0,z50,179695.046875,220451.578125,0,1038240,0.0
bred_vector,2,13,78.0,z100,144802.53125,177848.203125,0,1038240,0.0
bred_vector,2,13,78.0,z150,122693.5,153822.0,0,1038240,0.0
bred_vector,2,13,78.0,z200,108174.7421875,134871.890625,0,1038240,0.0
bred_vector,2,13,78.0,z250,94501.734375,119435.5546875,0,1038240,0.0
bred_vector,2,13,78.0,z300,82029.71875,105811.03125,0,1038240,0.0
bred_vector,2,13,78.0,z400,62992.53515625,83435.21875,0,1038240,0.0
bred_vector,2,13,78.0,z500,48000.9921875,65275.15625,0,1038240,0.0
bred_vector,2,13,78.0,z600,34261.07421875,49663.9296875,0,1038240,0.0
bred_vector,2,13,78.0,z700,22171.865234375,36525.98828125,0,1038240,0.0
bred_vector,2,13,78.0,z850,6429.462890625,19821.220703125,0,1038240,0.0
bred_vector,2,13,78.0,z925,-597.07177734375,12704.4345703125,0,1038240,0.0
bred_vector,2,13,78.0,z1000,-7113.15869140625,6207.560546875,0,1038240,0.0
bred_vector,2,13,78.0,t50,132.23867797851562,268.1435546875,9672,1038240,0.00931576514100786
bred_vector,2,13,78.0,t100,148.1278076171875,278.91583251953125,298,1038240,0.00028702419479118506
bred_vector,2,13,78.0,t150,158.5695343017578,292.99652099609375,0,1038240,0.0
bred_vector,2,13,78.0,t200,177.88516235351562,285.6797790527344,0,1038240,0.0
bred_vector,2,13,78.0,t250,201.19879150390625,277.4632568359375,0,1038240,0.0
bred_vector,2,13,78.0,t300,213.88644409179688,290.6976318359375,0,1038240,0.0
bred_vector,2,13,78.0,t400,224.4222869873047,297.91290283203125,0,1038240,0.0
bred_vector,2,13,78.0,t500,224.59384155273438,300.4565734863281,0,1038240,0.0
bred_vector,2,13,78.0,t600,224.1499481201172,311.47198486328125,0,1038240,0.0
bred_vector,2,13,78.0,t700,233.0804901123047,325.3628845214844,0,1038240,0.0
bred_vector,2,13,78.0,t850,235.8854522705078,338.42388916015625,0,1038240,0.0
bred_vector,2,13,78.0,t925,242.93069458007812,324.8740234375,0,1038240,0.0
bred_vector,2,13,78.0,t1000,242.47732543945312,331.8828125,0,1038240,0.0
bred_vector,2,13,78.0,q50,-5.7715496950550005e-05,6.0791837313445285e-05,504771,1038240,0.4861794960702728
bred_vector,2,13,78.0,q100,-1.6928031982388347e-05,2.6491366952541284e-05,467257,1038240,0.45004719525350595
bred_vector,2,13,78.0,q150,-6.127838423708454e-05,0.00012359554239083081,286198,1038240,0.27565688087532747
bred_vector,2,13,78.0,q200,-0.0001812248956412077,0.0007628870662301779,214865,1038240,0.20695118662351672
bred_vector,2,13,78.0,q250,-0.000569844851270318,0.002216210588812828,165886,1038240,0.15977615965480044
bred_vector,2,13,78.0,q300,-0.0009023384191095829,0.0047523812390863895,98644,1038240,0.09501078748651565
bred_vector,2,13,78.0,q400,-0.004290053155273199,0.011041702702641487,162670,1038240,0.156678609955309
bred_vector,2,13,78.0,q500,-0.008590245619416237,0.02021602913737297,107051,1038240,0.10310814455231931
bred_vector,2,13,78.0,q600,-0.02239842526614666,0.0328979417681694,151261,1038240,0.14568982123593774
bred_vector,2,13,78.0,q700,-0.029759392142295837,0.04162439703941345,198918,1038240,0.19159153952843272
bred_vector,2,13,78.0,q850,-0.023547835648059845,0.0401771180331707,40124,1038240,0.038646170442286944
bred_vector,2,13,78.0,q925,-0.021677158772945404,0.04223557189106941,17661,1038240,0.01701051779935275
bred_vector,2,13,78.0,q1000,-0.024230651557445526,0.04221978783607483,13415,1038240,0.012920904607797812
bred_vector,2,14,84.0,u10m,-34.9700927734375,34.7111930847168,0,1038240,0.0
bred_vector,2,14,84.0,v10m,-24.69801902770996,29.097652435302734,0,1038240,0.0
bred_vector,2,14,84.0,u100m,-43.065040588378906,45.05226516723633,0,1038240,0.0
bred_vector,2,14,84.0,v100m,-31.393329620361328,35.7508659362793,0,1038240,0.0
bred_vector,2,14,84.0,t2m,226.59243774414062,334.26519775390625,0,1038240,0.0
bred_vector,2,14,84.0,sp,45464.8125,108006.1328125,0,1038240,0.0
bred_vector,2,14,84.0,msl,91760.2265625,108159.4375,0,1038240,0.0
bred_vector,2,14,84.0,tcwv,-94.35646057128906,165.85324096679688,127635,1038240,0.1229340036985668
bred_vector,2,14,84.0,u50,-89.42906951904297,131.42807006835938,0,1038240,0.0
bred_vector,2,14,84.0,u100,-91.7141342163086,117.64332580566406,0,1038240,0.0
bred_vector,2,14,84.0,u150,-138.30531311035156,119.52775573730469,0,1038240,0.0
bred_vector,2,14,84.0,u200,-176.0993194580078,141.3223876953125,696,1038240,0.0006703652334720296
bred_vector,2,14,84.0,u250,-221.8426971435547,114.59475708007812,1271,1038240,0.0012241870858375713
bred_vector,2,14,84.0,u300,-209.2873992919922,100.83905792236328,727,1038240,0.000700223455077824
bred_vector,2,14,84.0,u400,-178.04180908203125,101.22066497802734,639,1038240,0.0006154646324549237
bred_vector,2,14,84.0,u500,-101.36604309082031,91.67808532714844,0,1038240,0.0
bred_vector,2,14,84.0,u600,-85.22757720947266,56.35536575317383,0,1038240,0.0
bred_vector,2,14,84.0,u700,-58.008323669433594,63.89679718017578,0,1038240,0.0
bred_vector,2,14,84.0,u850,-62.40635299682617,62.43889236450195,0,1038240,0.0
bred_vector,2,14,84.0,u925,-45.97186279296875,53.245296478271484,0,1038240,0.0
bred_vector,2,14,84.0,u1000,-41.131736755371094,36.956912994384766,0,1038240,0.0
bred_vector,2,14,84.0,v50,-76.92308807373047,81.60504913330078,0,1038240,0.0
bred_vector,2,14,84.0,v100,-90.35514831542969,91.64285278320312,0,1038240,0.0
bred_vector,2,14,84.0,v150,-100.6480484008789,78.3335952758789,0,1038240,0.0
bred_vector,2,14,84.0,v200,-142.90692138671875,89.78945922851562,0,1038240,0.0
bred_vector,2,14,84.0,v250,-125.03292083740234,86.92134094238281,0,1038240,0.0
bred_vector,2,14,84.0,v300,-98.4086685180664,102.21238708496094,0,1038240,0.0
bred_vector,2,14,84.0,v400,-73.2196044921875,89.99078369140625,0,1038240,0.0
bred_vector,2,14,84.0,v500,-64.32256317138672,71.02367401123047,0,1038240,0.0
bred_vector,2,14,84.0,v600,-52.3828125,48.9205207824707,0,1038240,0.0
bred_vector,2,14,84.0,v700,-52.4456672668457,66.29937744140625,0,1038240,0.0
bred_vector,2,14,84.0,v850,-40.561153411865234,44.08097457885742,0,1038240,0.0
bred_vector,2,14,84.0,v925,-37.50548553466797,39.59061813354492,0,1038240,0.0
bred_vector,2,14,84.0,v1000,-26.38504409790039,31.993106842041016,0,1038240,0.0
bred_vector,2,14,84.0,z50,179496.734375,221051.46875,0,1038240,0.0
bred_vector,2,14,84.0,z100,145114.6875,177681.84375,0,1038240,0.0
bred_vector,2,14,84.0,z150,123539.5859375,153987.8125,0,1038240,0.0
bred_vector,2,14,84.0,z200,108457.671875,134723.75,0,1038240,0.0
bred_vector,2,14,84.0,z250,94733.8203125,119498.2109375,0,1038240,0.0
bred_vector,2,14,84.0,z300,82295.7734375,105785.578125,0,1038240,0.0
bred_vector,2,14,84.0,z400,63163.6796875,83234.7890625,0,1038240,0.0
bred_vector,2,14,84.0,z500,48024.5234375,65039.20703125,0,1038240,0.0
bred_vector,2,14,84.0,z600,34448.94140625,49636.40234375,0,1038240,0.0
bred_vector,2,14,84.0,z700,22400.42578125,36406.4609375,0,1038240,0.0
bred_vector,2,14,84.0,z850,6667.4892578125,19610.875,0,1038240,0.0
bred_vector,2,14,84.0,z925,-272.12158203125,12588.8369140625,0,1038240,0.0
bred_vector,2,14,84.0,z1000,-6761.44384765625,6064.04443359375,0,1038240,0.0
bred_vector,2,14,84.0,t50,128.7054443359375,270.74114990234375,12278,1038240,0.011825782092772383
bred_vector,2,14,84.0,t100,147.4623260498047,278.45208740234375,578,1038240,0.0005567113576822315
bred_vector,2,14,84.0,t150,152.20462036132812,294.28973388671875,0,1038240,0.0
bred_vector,2,14,84.0,t200,176.90171813964844,284.7382507324219,0,1038240,0.0
bred_vector,2,14,84.0,t250,201.44203186035156,278.6733703613281,0,1038240,0.0
bred_vector,2,14,84.0,t300,212.90383911132812,290.2738037109375,0,1038240,0.0
bred_vector,2,14,84.0,t400,226.75881958007812,296.6595458984375,0,1038240,0.0
bred_vector,2,14,84.0,t500,221.99501037597656,301.69000244140625,0,1038240,0.0
bred_vector,2,14,84.0,t600,221.35507202148438,312.85699462890625,0,1038240,0.0
bred_vector,2,14,84.0,t700,229.42153930664062,324.5934753417969,0,1038240,0.0
bred_vector,2,14,84.0,t850,235.34979248046875,340.77655029296875,3,1038240,2.889505316689783e-06
bred_vector,2,14,84.0,t925,243.01280212402344,326.5076904296875,0,1038240,0.0
bred_vector,2,14,84.0,t1000,241.58985900878906,332.27392578125,0,1038240,0.0
bred_vector,2,14,84.0,q50,-5.6669017794774845e-05,5.976153624942526e-05,504518,1038240,0.48593581445523193
bred_vector,2,14,84.0,q100,-1.7116373783210292e-05,2.6616069590090774e-05,466309,1038240,0.44913411157343197
bred_vector,2,14,84.0,q150,-6.181689241202548e-05,0.00012403714936226606,289765,1038240,0.27909250269687164
bred_vector,2,14,84.0,q200,-0.00017053235205821693,0.000734413624741137,216980,1038240,0.20898828787178303
bred_vector,2,14,84.0,q250,-0.0005121653666719794,0.0020602326840162277,160877,1038240,0.1549516489443674
bred_vector,2,14,84.0,q300,-0.0012965144123882055,0.004389353562146425,97360,1038240,0.09377407921097242
bred_vector,2,14,84.0,q400,-0.004106649197638035,0.01056461688131094,159839,1038240,0.15395188010479272
bred_vector,2,14,84.0,q500,-0.00815940834581852,0.02173433266580105,107743,1038240,0.10377465711203575
bred_vector,2,14,84.0,q600,-0.02176584117114544,0.02704096958041191,157255,1038240,0.15146305285868392
bred_vector,2,14,84.0,q700,-0.031432509422302246,0.04237407445907593,200252,1038240,0.19287640622592078
bred_vector,2,14,84.0,q850,-0.025157105177640915,0.04030173644423485,41034,1038240,0.03952265372168285
bred_vector,2,14,84.0,q925,-0.021599337458610535,0.04116767644882202,17637,1038240,0.01698740175681923
bred_vector,2,14,84.0,q1000,-0.024813422933220863,0.04104790836572647,13150,1038240,0.012665664971490215
bred_vector,2,15,90.0,u10m,-28.53570556640625,35.1214485168457,0,1038240,0.0
bred_vector,2,15,90.0,v10m,-24.28180694580078,25.91364097595215,0,1038240,0.0
bred_vector,2,15,90.0,u100m,-33.698848724365234,44.1274299621582,0,1038240,0.0
bred_vector,2,15,90.0,v100m,-31.812030792236328,31.335365295410156,0,1038240,0.0
bred_vector,2,15,90.0,t2m,228.30322265625,332.1027526855469,0,1038240,0.0
bred_vector,2,15,90.0,sp,45514.12890625,107834.6328125,0,1038240,0.0
bred_vector,2,15,90.0,msl,91964.2734375,108173.7109375,0,1038240,0.0
bred_vector,2,15,90.0,tcwv,-97.27230834960938,166.96852111816406,131152,1038240,0.12632146709816613
bred_vector,2,15,90.0,u50,-89.46903228759766,129.32968139648438,0,1038240,0.0
bred_vector,2,15,90.0,u100,-94.83995056152344,117.05392456054688,0,1038240,0.0
bred_vector,2,15,90.0,u150,-138.95474243164062,136.38343811035156,0,1038240,0.0
bred_vector,2,15,90.0,u200,-177.25782775878906,133.39869689941406,758,1038240,0.0007300816766836185
bred_vector,2,15,90.0,u250,-230.33900451660156,120.96382141113281,1177,1038240,0.0011336492525812914
bred_vector,2,15,90.0,u300,-207.67562866210938,103.10171508789062,630,1038240,0.0006067961165048543
bred_vector,2,15,90.0,u400,-160.10812377929688,100.4371109008789,150,1038240,0.00014447526583448913
bred_vector,2,15,90.0,u500,-98.06868743896484,83.29682159423828,0,1038240,0.0
bred_vector,2,15,90.0,u600,-99.07843017578125,57.335548400878906,0,1038240,0.0
bred_vector,2,15,90.0,u700,-75.06861877441406,62.82908630371094,0,1038240,0.0
bred_vector,2,15,90.0,u850,-53.50444030761719,60.70071792602539,0,1038240,0.0
bred_vector,2,15,90.0,u925,-47.305057525634766,54.16312789916992,0,1038240,0.0
bred_vector,2,15,90.0,u1000,-32.25474166870117,36.22091293334961,0,1038240,0.0
bred_vector,2,15,90.0,v50,-80.34288024902344,91.52809143066406,0,1038240,0.0
bred_vector,2,15,90.0,v100,-92.93479919433594,92.13249206542969,0,1038240,0.0
bred_vector,2,15,90.0,v150,-91.85591125488281,72.77798461914062,0,1038240,0.0
bred_vector,2,15,90.0,v200,-123.61531829833984,74.62731170654297,0,1038240,0.0
bred_vector,2,15,90.0,v250,-103.98566436767578,86.60767364501953,0,1038240,0.0
bred_vector,2,15,90.0,v300,-88.6621322631836,97.10686492919922,0,1038240,0.0
bred_vector,2,15,90.0,v400,-71.69761657714844,86.00349426269531,0,1038240,0.0
bred_vector,2,15,90.0,v500,-62.44652557373047,72.64739227294922,0,1038240,0.0
bred_vector,2,15,90.0,v600,-45.90496063232422,51.37479782104492,0,1038240,0.0
bred_vector,2,15,90.0,v700,-52.12290954589844,64.44043731689453,0,1038240,0.0
bred_vector,2,15,90.0,v850,-41.1790885925293,55.895530700683594,0,1038240,0.0
bred_vector,2,15,90.0,v925,-39.55042266845703,40.90224838256836,0,1038240,0.0
bred_vector,2,15,90.0,v1000,-25.42170524597168,31.595897674560547,0,1038240,0.0
bred_vector,2,15,90.0,z50,179642.328125,221384.375,0,1038240,0.0
bred_vector,2,15,90.0,z100,145609.109375,178158.984375,0,1038240,0.0
bred_vector,2,15,90.0,z150,124211.7890625,154089.984375,0,1038240,0.0
bred_vector,2,15,90.0,z200,108925.78125,135086.875,0,1038240,0.0
bred_vector,2,15,90.0,z250,94954.2578125,119415.21875,0,1038240,0.0
bred_vector,2,15,90.0,z300,82764.15625,105625.9375,0,1038240,0.0
bred_vector,2,15,90.0,z400,63554.1171875,83166.1328125,0,1038240,0.0
bred_vector,2,15,90.0,z500,48377.390625,64836.6484375,0,1038240,0.0
bred_vector,2,15,90.0,z600,34666.76171875,49381.6640625,0,1038240,0.0
bred_vector,2,15,90.0,z700,22556.763671875,36171.1015625,0,1038240,0.0
bred_vector,2,15,90.0,z850,6798.30322265625,19375.654296875,0,1038240,0.0
bred_vector,2,15,90.0,z925,-108.681640625,12291.650390625,0,1038240,0.0
bred_vector,2,15,90.0,z1000,-6549.78466796875,6042.84619140625,0,1038240,0.0
bred_vector,2,15,90.0,t50,127.01451110839844,273.0526428222656,13972,1038240,0.013457389428263215
bred_vector,2,15,90.0,t100,145.96109008789062,280.36785888671875,1081,1038240,0.0010411850824472184
bred_vector,2,15,90.0,t150,149.60533142089844,292.1909484863281,78,1038240,7.512713823393435e-05
bred_vector,2,15,90.0,t200,174.85414123535156,283.21234130859375,0,1038240,0.0
bred_vector,2,15,90.0,t250,199.06295776367188,282.5770263671875,0,1038240,0.0
bred_vector,2,15,90.0,t300,213.22886657714844,286.6863708496094,0,1038240,0.0
bred_vector,2,15,90.0,t400,228.10791015625,295.9169921875,0,1038240,0.0
bred_vector,2,15,90.0,t500,223.3837890625,301.2291564941406,0,1038240,0.0
bred_vector,2,15,90.0,t600,220.81060791015625,313.24896240234375,0,1038240,0.0
bred_vector,2,15,90.0,t700,228.5686798095703,324.5896301269531,0,1038240,0.0
bred_vector,2,15,90.0,t850,237.504638671875,343.12255859375,48,1038240,4.6232085067036525e-05
bred_vector,2,15,90.0,t925,245.33740234375,328.406494140625,0,1038240,0.0
bred_vector,2,15,90.0,t1000,243.07998657226562,329.31597900390625,0,1038240,0.0
bred_vector,2,15,90.0,q50,-5.565596075030044e-05,5.87580434512347e-05,504245,1038240,0.48567286947141314
bred_vector,2,15,90.0,q100,-1.717165287118405e-05,2.6792224161908962e-05,465036,1038240,0.4479079981507166
bred_vector,2,15,90.0,q150,-6.621568172704428e-05,0.00010855757136596367,293248,1038240,0.28244721836954845
bred_vector,2,15,90.0,q200,-0.00017107919848058373,0.0007042892975732684,217829,1038240,0.20980601787640624
bred_vector,2,15,90.0,q250,-0.00045891644549556077,0.002091911854222417,154517,1038240,0.14882589767298504
bred_vector,2,15,90.0,q300,-0.0014466072898358107,0.0041525657288730145,93525,1038240,0.09008032824780397
bred_vector,2,15,90.0,q400,-0.0033751679584383965,0.010437125340104103,150357,1038240,0.14481911696717523
bred_vector,2,15,90.0,q500,-0.007559261750429869,0.019480470567941666,114059,1038240,0.10985802897210664
bred_vector,2,15,90.0,q600,-0.023063858970999718,0.02819741889834404,161404,1038240,0.1554592387116659
bred_vector,2,15,90.0,q700,-0.031219452619552612,0.04267098754644394,203578,1038240,0.19607990445369086
bred_vector,2,15,90.0,q850,-0.02429504320025444,0.03880659118294716,42733,1038240,0.04115907689936816
bred_vector,2,15,90.0,q925,-0.02284151501953602,0.041627366095781326,17853,1038240,0.017195446139620898
bred_vector,2,15,90.0,q1000,-0.024034731090068817,0.0406731441617012,13592,1038240,0.01309138542148251
bred_vector,2,16,96.0,u10m,-26.49332618713379,27.54359245300293,0,1038240,0.0
bred_vector,2,16,96.0,v10m,-24.06822967529297,27.627605438232422,0,1038240,0.0
bred_vector,2,16,96.0,u100m,-36.7558708190918,33.92638397216797,0,1038240,0.0
bred_vector,2,16,96.0,v100m,-31.63475799560547,39.96125793457031,0,1038240,0.0
bred_vector,2,16,96.0,t2m,235.9151153564453,330.7797546386719,0,1038240,0.0
bred_vector,2,16,96.0,sp,45349.0390625,107901.90625,0,1038240,0.0
bred_vector,2,16,96.0,msl,92066.4921875,107893.75,0,1038240,0.0
bred_vector,2,16,96.0,tcwv,-90.96611785888672,170.9738006591797,134219,1038240,0.12927550470026197
bred_vector,2,16,96.0,u50,-78.97533416748047,126.67658233642578,0,1038240,0.0
bred_vector,2,16,96.0,u100,-85.50494384765625,112.67253875732422,0,1038240,0.0
bred_vector,2,16,96.0,u150,-138.90672302246094,141.17123413085938,0,1038240,0.0
bred_vector,2,16,96.0,u200,-191.512451171875,136.12379455566406,543,1038240,0.0005230004623208507
bred_vector,2,16,96.0,u250,-231.9003143310547,126.06405639648438,1190,1038240,0.001146170442286947
bred_vector,2,16,96.0,u300,-219.4403076171875,101.59078216552734,473,1038240,0.0004555786715980891
bred_vector,2,16,96.0,u400,-179.12802124023438,105.71955871582031,194,1038240,0.00018685467714593928
bred_vector,2,16,96.0,u500,-92.51862335205078,79.37962341308594,0,1038240,0.0
bred_vector,2,16,96.0,u600,-91.57540893554688,53.77705383300781,0,1038240,0.0
bred_vector,2,16,96.0,u700,-76.36307525634766,74.24787902832031,0,1038240,0.0
bred_vector,2,16,96.0,u850,-47.97356033325195,55.61710739135742,0,1038240,0.0
bred_vector,2,16,96.0,u925,-43.539337158203125,40.786590576171875,0,1038240,0.0
bred_vector,2,16,96.0,u1000,-35.48004150390625,29.97256851196289,0,1038240,0.0
bred_vector,2,16,96.0,v50,-81.81261444091797,97.03819274902344,0,1038240,0.0
bred_vector,2,16,96.0,v100,-84.93020629882812,107.91336059570312,0,1038240,0.0
bred_vector,2,16,96.0,v150,-108.39601135253906,83.68936920166016,0,1038240,0.0
bred_vector,2,16,96.0,v200,-111.31105041503906,72.99217224121094,0,1038240,0.0
bred_vector,2,16,96.0,v250,-106.18328857421875,92.45033264160156,0,1038240,0.0
bred_vector,2,16,96.0,v300,-109.05365753173828,92.30635070800781,0,1038240,0.0
bred_vector,2,16,96.0,v400,-68.48200988769531,83.00176239013672,0,1038240,0.0
bred_vector,2,16,96.0,v500,-66.06111907958984,72.0764389038086,0,1038240,0.0
bred_vector,2,16,96.0,v600,-43.09116744995117,53.71350860595703,0,1038240,0.0
bred_vector,2,16,96.0,v700,-52.51988220214844,61.34105682373047,0,1038240,0.0
bred_vector,2,16,96.0,v850,-37.72233581542969,68.29376983642578,0,1038240,0.0
bred_vector,2,16,96.0,v925,-36.67044448852539,62.615291595458984,0,1038240,0.0
bred_vector,2,16,96.0,v1000,-25.809497833251953,33.18146514892578,0,1038240,0.0
bred_vector,2,16,96.0,z50,179918.421875,222169.125,0,1038240,0.0
bred_vector,2,16,96.0,z100,146023.796875,178974.921875,0,1038240,0.0
bred_vector,2,16,96.0,z150,125046.078125,154352.328125,0,1038240,0.0
bred_vector,2,16,96.0,z200,109272.796875,134991.8125,0,1038240,0.0
bred_vector,2,16,96.0,z250,95292.96875,119729.2890625,0,1038240,0.0
bred_vector,2,16,96.0,z300,83124.3671875,105866.1875,0,1038240,0.0
bred_vector,2,16,96.0,z400,63660.41796875,83319.109375,0,1038240,0.0
bred_vector,2,16,96.0,z500,48588.890625,64829.53125,0,1038240,0.0
bred_vector,2,16,96.0,z600,34932.53515625,49491.99609375,0,1038240,0.0
bred_vector,2,16,96.0,z700,22839.533203125,36049.7890625,0,1038240,0.0
bred_vector,2,16,96.0,z850,6996.2744140625,19430.83984375,0,1038240,0.0
bred_vector,2,16,96.0,z925,5.384765625,12315.455078125,0,1038240,0.0
bred_vector,2,16,96.0,z1000,-6446.12646484375,5952.1240234375,0,1038240,0.0
bred_vector,2,16,96.0,t50,127.70680236816406,273.7519836425781,15872,1038240,0.015287409462166744
bred_vector,2,16,96.0,t100,143.59861755371094,282.87554931640625,2713,1038240,0.00261307597472646
bred_vector,2,16,96.0,t150,145.33047485351562,293.9309387207031,479,1038240,0.00046135768223146866
bred_vector,2,16,96.0,t200,176.23681640625,282.6137390136719,0,1038240,0.0
bred_vector,2,16,96.0,t250,199.50869750976562,286.2214050292969,0,1038240,0.0
bred_vector,2,16,96.0,t300,212.40370178222656,284.72991943359375,0,1038240,0.0
bred_vector,2,16,96.0,t400,226.192626953125,297.4256591796875,0,1038240,0.0
bred_vector,2,16,96.0,t500,223.93539428710938,300.03192138671875,0,1038240,0.0
bred_vector,2,16,96.0,t600,221.9433135986328,312.75421142578125,0,1038240,0.0
bred_vector,2,16,96.0,t700,228.39144897460938,323.3946533203125,0,1038240,0.0
bred_vector,2,16,96.0,t850,238.20333862304688,340.7170104980469,4,1038240,3.852673755586377e-06
bred_vector,2,16,96.0,t925,243.803466796875,331.5298156738281,0,1038240,0.0
bred_vector,2,16,96.0,t1000,241.78863525390625,329.3097229003906,0,1038240,0.0
bred_vector,2,16,96.0,q50,-5.465642607305199e-05,5.7793153246166185e-05,503983,1038240,0.48542051934042224
bred_vector,2,16,96.0,q100,-1.73018233908806e-05,2.677457086974755e-05,463613,1038240,0.44653740946216675
bred_vector,2,16,96.0,q150,-7.176679355325177e-05,0.00011589320638449863,295901,1038240,0.28500250423794116
bred_vector,2,16,96.0,q200,-0.0001543359539937228,0.0007006151718087494,214225,1038240,0.2063347588226229
bred_vector,2,16,96.0,q250,-0.0005435087368823588,0.0019790134392678738,151455,1038240,0.14587667591308368
bred_vector,2,16,96.0,q300,-0.0014596665278077126,0.004223531112074852,95451,1038240,0.09193539066111882
bred_vector,2,16,96.0,q400,-0.003573764581233263,0.010539685375988483,149565,1038240,0.1440562875635691
bred_vector,2,16,96.0,q500,-0.007884526625275612,0.02044064551591873,116976,1038240,0.11266759130836801
bred_vector,2,16,96.0,q600,-0.02262544073164463,0.027959587052464485,170267,1038240,0.16399580058560642
bred_vector,2,16,96.0,q700,-0.03451688587665558,0.04335403814911842,209491,1038240,0.20177511943288642
bred_vector,2,16,96.0,q850,-0.022845961153507233,0.03769015520811081,45181,1038240,0.043516913237787024
bred_vector,2,16,96.0,q925,-0.02132994681596756,0.03932350128889084,18381,1038240,0.017703999075358298
bred_vector,2,16,96.0,q1000,-0.02243790403008461,0.04117188975214958,14758,1038240,0.014214439821235937
bred_vector,2,17,102.0,u10m,-33.85834503173828,27.889259338378906,0,1038240,0.0
bred_vector,2,17,102.0,v10m,-25.22628402709961,31.03463363647461,0,1038240,0.0
bred_vector,2,17,102.0,u100m,-36.91413116455078,33.8005485534668,0,1038240,0.0
bred_vector,2,17,102.0,v100m,-32.08177185058594,40.31940841674805,0,1038240,0.0
bred_vector,2,17,102.0,t2m,237.68861389160156,328.50164794921875,0,1038240,0.0
bred_vector,2,17,102.0,sp,45410.83203125,107729.125,0,1038240,0.0
bred_vector,2,17,102.0,msl,92343.921875,108106.546875,0,1038240,0.0
bred_vector,2,17,102.0,tcwv,-86.10587310791016,173.3463592529297,138948,1038240,0.13383032824780397
bred_vector,2,17,102.0,u50,-81.16720581054688,131.8548583984375,0,1038240,0.0
bred_vector,2,17,102.0,u100,-86.602783203125,111.06411743164062,0,1038240,0.0
bred_vector,2,17,102.0,u150,-147.93881225585938,143.62274169921875,0,1038240,0.0
bred_vector,2,17,102.0,u200,-180.19044494628906,140.60989379882812,283,1038240,0.0002725766682077362
bred_vector,2,17,102.0,u250,-211.85845947265625,134.43768310546875,978,1038240,0.0009419787332408692
bred_vector,2,17,102.0,u300,-180.72076416015625,111.28437805175781,337,1038240,0.00032458776390815227
bred_vector,2,17,102.0,u400,-178.07667541503906,103.78544616699219,296,1038240,0.0002850978579133919
bred_vector,2,17,102.0,u500,-106.96117401123047,77.7774887084961,0,1038240,0.0
bred_vector,2,17,102.0,u600,-80.29334259033203,56.08686065673828,0,1038240,0.0
bred_vector,2,17,102.0,u700,-66.39552307128906,65.38435363769531,0,1038240,0.0
bred_vector,2,17,102.0,u850,-47.51934814453125,53.386844635009766,0,1038240,0.0
bred_vector,2,17,102.0,u925,-40.6738395690918,43.30768585205078,0,1038240,0.0
bred_vector,2,17,102.0,u1000,-41.26291275024414,30.938438415527344,0,1038240,0.0
bred_vector,2,17,102.0,v50,-90.47457885742188,94.8536376953125,0,1038240,0.0
bred_vector,2,17,102.0,v100,-79.44769287109375,98.53450012207031,0,1038240,0.0
bred_vector,2,17,102.0,v150,-103.27229309082031,72.35579681396484,0,1038240,0.0
bred_vector,2,17,102.0,v200,-113.46320343017578,75.9732666015625,0,1038240,0.0
bred_vector,2,17,102.0,v250,-109.58672332763672,84.51416778564453,0,1038240,0.0
bred_vector,2,17,102.0,v300,-82.93171691894531,98.32170104980469,0,1038240,0.0
bred_vector,2,17,102.0,v400,-69.41694641113281,86.49564361572266,0,1038240,0.0
bred_vector,2,17,102.0,v500,-63.135528564453125,66.98778533935547,0,1038240,0.0
bred_vector,2,17,102.0,v600,-40.87723922729492,56.093719482421875,0,1038240,0.0
bred_vector,2,17,102.0,v700,-54.994693756103516,60.28941345214844,0,1038240,0.0
bred_vector,2,17,102.0,v850,-37.337249755859375,59.51716613769531,0,1038240,0.0
bred_vector,2,17,102.0,v925,-37.34210968017578,58.136192321777344,0,1038240,0.0
bred_vector,2,17,102.0,v1000,-26.72347068786621,31.789968490600586,0,1038240,0.0
bred_vector,2,17,102.0,z50,179976.765625,222677.4375,0,1038240,0.0
bred_vector,2,17,102.0,z100,146604.453125,179384.8125,0,1038240,0.0
bred_vector,2,17,102.0,z150,126020.328125,154602.28125,0,1038240,0.0
bred_vector,2,17,102.0,z200,109757.8828125,134968.03125,0,1038240,0.0
bred_vector,2,17,102.0,z250,95849.265625,119677.125,0,1038240,0.0
bred_vector,2,17,102.0,z300,83646.328125,105772.421875,0,1038240,0.0
bred_vector,2,17,102.0,z400,64354.5625,83149.28125,0,1038240,0.0
bred_vector,2,17,102.0,z500,48886.02734375,64695.703125,0,1038240,0.0
bred_vector,2,17,102.0,z600,35086.3671875,49274.828125,0,1038240,0.0
bred_vector,2,17,102.0,z700,23001.90234375,35907.28515625,0,1038240,0.0
bred_vector,2,17,102.0,z850,7253.248046875,19306.650390625,0,1038240,0.0
bred_vector,2,17,102.0,z925,261.671875,12211.578125,0,1038240,0.0
bred_vector,2,17,102.0,z1000,-6200.74072265625,6070.69970703125,0,1038240,0.0
bred_vector,2,17,102.0,t50,129.36676025390625,271.85919189453125,17215,1038240,0.01658094467560487
bred_vector,2,17,102.0,t100,141.330810546875,279.91741943359375,3422,1038240,0.0032959623979041453
bred_vector,2,17,102.0,t150,141.67333984375,297.37420654296875,885,1038240,0.0008524040684234859
bred_vector,2,17,102.0,t200,181.8095245361328,281.5843811035156,0,1038240,0.0
bred_vector,2,17,102.0,t250,199.13540649414062,284.73577880859375,0,1038240,0.0
bred_vector,2,17,102.0,t300,213.7406768798828,286.823974609375,0,1038240,0.0
bred_vector,2,17,102.0,t400,226.2574462890625,298.6201171875,0,1038240,0.0
bred_vector,2,17,102.0,t500,227.04617309570312,301.1927185058594,0,1038240,0.0
bred_vector,2,17,102.0,t600,215.5300750732422,311.838623046875,0,1038240,0.0
bred_vector,2,17,102.0,t700,226.89776611328125,321.809814453125,0,1038240,0.0
bred_vector,2,17,102.0,t850,238.4253387451172,337.77581787109375,0,1038240,0.0
bred_vector,2,17,102.0,t925,242.56558227539062,330.3793640136719,0,1038240,0.0
bred_vector,2,17,102.0,t1000,239.5700225830078,332.1158142089844,0,1038240,0.0
bred_vector,2,17,102.0,q50,-5.368348502088338e-05,5.683245763066225e-05,503741,1038240,0.4851874325782093
bred_vector,2,17,102.0,q100,-1.6984460671665147e-05,2.6780498956213705e-05,462936,1038240,0.44588534442903377
bred_vector,2,17,102.0,q150,-6.746867438778281e-05,0.00012525581405498087,295730,1038240,0.2848378024348898
bred_vector,2,17,102.0,q200,-0.0001706373441265896,0.000728196871932596,211177,1038240,0.20339902142086608
bred_vector,2,17,102.0,q250,-0.0006138120079413056,0.002018003724515438,152577,1038240,0.14695735090152565
bred_vector,2,17,102.0,q300,-0.0014833689201623201,0.0043089790269732475,94714,1038240,0.09122553552165202
bred_vector,2,17,102.0,q400,-0.003181976266205311,0.010912615805864334,151597,1038240,0.146013445831407
bred_vector,2,17,102.0,q500,-0.007984140887856483,0.020453670993447304,119835,1038240,0.11542128987517337
bred_vector,2,17,102.0,q600,-0.02310669608414173,0.029847826808691025,177238,1038240,0.17071004777315457
bred_vector,2,17,102.0,q700,-0.03609838709235191,0.04253779724240303,211235,1038240,0.2034548851903221
bred_vector,2,17,102.0,q850,-0.02080310322344303,0.03765817731618881,47007,1038240,0.0452756588072122
bred_vector,2,17,102.0,q925,-0.019558528438210487,0.039303071796894073,20121,1038240,0.019379912159038372
bred_vector,2,17,102.0,q1000,-0.021943235769867897,0.04159513860940933,16508,1038240,0.01589998458930498
bred_vector,2,18,108.0,u10m,-30.587413787841797,27.447988510131836,0,1038240,0.0
bred_vector,2,18,108.0,v10m,-22.213443756103516,27.57512092590332,0,1038240,0.0
bred_vector,2,18,108.0,u100m,-35.91230010986328,37.27009582519531,0,1038240,0.0
bred_vector,2,18,108.0,v100m,-29.06189727783203,31.159652709960938,0,1038240,0.0
bred_vector,2,18,108.0,t2m,238.01266479492188,328.01739501953125,0,1038240,0.0
bred_vector,2,18,108.0,sp,45684.20703125,107592.5,0,1038240,0.0
bred_vector,2,18,108.0,msl,92486.59375,107820.359375,0,1038240,0.0
bred_vector,2,18,108.0,tcwv,-82.40718841552734,176.23590087890625,147290,1038240,0.14186507936507936
bred_vector,2,18,108.0,u50,-77.30168914794922,135.96868896484375,0,1038240,0.0
bred_vector,2,18,108.0,u100,-90.6478500366211,109.59490203857422,0,1038240,0.0
bred_vector,2,18,108.0,u150,-145.29576110839844,153.6885223388672,61,1038240,5.875327477269225e-05
bred_vector,2,18,108.0,u200,-171.742431640625,136.2984161376953,211,1038240,0.00020322854060718138
bred_vector,2,18,108.0,u250,-202.9676055908203,137.8035888671875,571,1038240,0.0005499691786099553
bred_vector,2,18,108.0,u300,-163.6134796142578,107.27914428710938,163,1038240,0.00015699645554014487
bred_vector,2,18,108.0,u400,-180.21334838867188,92.43319702148438,446,1038240,0.000429573123747881
bred_vector,2,18,108.0,u500,-113.64714813232422,85.62245178222656,0,1038240,0.0
bred_vector,2,18,108.0,u600,-80.65804290771484,55.04253387451172,0,1038240,0.0
bred_vector,2,18,108.0,u700,-65.35108947753906,64.9082260131836,0,1038240,0.0
bred_vector,2,18,108.0,u850,-48.50151824951172,68.07675170898438,0,1038240,0.0
bred_vector,2,18,108.0,u925,-39.75938415527344,46.97071838378906,0,1038240,0.0
bred_vector,2,18,108.0,u1000,-36.191314697265625,32.710140228271484,0,1038240,0.0
bred_vector,2,18,108.0,v50,-82.16275024414062,93.70938873291016,0,1038240,0.0
bred_vector,2,18,108.0,v100,-79.69810485839844,87.92202758789062,0,1038240,0.0
bred_vector,2,18,108.0,v150,-103.6265640258789,75.07044219970703,0,1038240,0.0
bred_vector,2,18,108.0,v200,-114.2671890258789,81.1125717163086,0,1038240,0.0
bred_vector,2,18,108.0,v250,-95.41114807128906,86.60557556152344,0,1038240,0.0
bred_vector,2,18,108.0,v300,-88.52470397949219,104.55975341796875,0,1038240,0.0
bred_vector,2,18,108.0,v400,-71.91768646240234,99.23921966552734,0,1038240,0.0
bred_vector,2,18,108.0,v500,-74.0235366821289,71.97542572021484,0,1038240,0.0
bred_vector,2,18,108.0,v600,-46.72217559814453,54.9875373840332,0,1038240,0.0
bred_vector,2,18,108.0,v700,-48.0305061340332,49.55947494506836,0,1038240,0.0
bred_vector,2,18,108.0,v850,-34.14359664916992,60.48286819458008,0,1038240,0.0
bred_vector,2,18,108.0,v925,-35.175071716308594,49.133827209472656,0,1038240,0.0
bred_vector,2,18,108.0,v1000,-24.997241973876953,28.68214988708496,0,1038240,0.0
bred_vector,2,18,108.0,z50,180145.90625,222699.015625,0,1038240,0.0
bred_vector,2,18,108.0,z100,146862.84375,179262.140625,0,1038240,0.0
bred_vector,2,18,108.0,z150,126580.0625,154729.484375,0,1038240,0.0
bred_vector,2,18,108.0,z200,110047.3203125,135010.53125,0,1038240,0.0
bred_vector,2,18,108.0,z250,96355.359375,119376.953125,0,1038240,0.0
bred_vector,2,18,108.0,z300,84037.078125,105604.5,0,1038240,0.0
bred_vector,2,18,108.0,z400,64868.80859375,82949.4609375,0,1038240,0.0
bred_vector,2,18,108.0,z500,48957.11328125,64702.17578125,0,1038240,0.0
bred_vector,2,18,108.0,z600,35090.5703125,49257.13671875,0,1038240,0.0
bred_vector,2,18,108.0,z700,23019.16796875,35910.01953125,0,1038240,0.0
bred_vector,2,18,108.0,z850,7301.03662109375,19339.34375,0,1038240,0.0
bred_vector,2,18,108.0,z925,310.81689453125,12179.5224609375,0,1038240,0.0
bred_vector,2,18,108.0,z1000,-6155.80322265625,5936.5263671875,0,1038240,0.0
bred_vector,2,18,108.0,t50,129.66445922851562,269.7086181640625,18494,1038240,0.017812837108953615
bred_vector,2,18,108.0,t100,141.3153533935547,277.76739501953125,3812,1038240,0.003671598089073817
bred_vector,2,18,108.0,t150,137.33505249023438,300.34332275390625,1575,1038240,0.001516990291262136
bred_vector,2,18,108.0,t200,181.9654541015625,282.2603759765625,0,1038240,0.0
bred_vector,2,18,108.0,t250,199.71646118164062,284.426025390625,0,1038240,0.0
bred_vector,2,18,108.0,t300,212.160400390625,288.550537109375,0,1038240,0.0
bred_vector,2,18,108.0,t400,224.95188903808594,296.7153625488281,0,1038240,0.0
bred_vector,2,18,108.0,t500,232.25343322753906,301.962646484375,0,1038240,0.0
bred_vector,2,18,108.0,t600,218.3438262939453,310.35247802734375,0,1038240,0.0
bred_vector,2,18,108.0,t700,228.3479461669922,321.5223388671875,0,1038240,0.0
bred_vector,2,18,108.0,t850,237.6019744873047,337.592529296875,0,1038240,0.0
bred_vector,2,18,108.0,t925,240.48660278320312,330.0624084472656,0,1038240,0.0
bred_vector,2,18,108.0,t1000,235.43670654296875,331.5917663574219,0,1038240,0.0
bred_vector,2,18,108.0,q50,-5.273387796478346e-05,5.5908483773237094e-05,503511,1038240,0.48496590383726307
bred_vector,2,18,108.0,q100,-1.6490957932546735e-05,2.685345862118993e-05,462635,1038240,0.4455954307289259
bred_vector,2,18,108.0,q150,-7.343178731389344e-05,0.00012591561244335026,295112,1038240,0.2842425643396517
bred_vector,2,18,108.0,q200,-0.0001674485974945128,0.0007423433125950396,208612,1038240,0.20092849437509633
bred_vector,2,18,108.0,q250,-0.0006343090208247304,0.0021294045727699995,154151,1038240,0.1484733780243489
bred_vector,2,18,108.0,q300,-0.0014467004220932722,0.004444859456270933,91453,1038240,0.08808464324241023
bred_vector,2,18,108.0,q400,-0.00330060045234859,0.010948914103209972,153485,1038240,0.14783190784404376
bred_vector,2,18,108.0,q500,-0.008796745911240578,0.021564316004514694,121315,1038240,0.11684677916474033
bred_vector,2,18,108.0,q600,-0.024835586547851562,0.030602216720581055,185129,1038240,0.1783104099244876
bred_vector,2,18,108.0,q700,-0.035230521112680435,0.04392389580607414,218289,1038240,0.21024907535829865
bred_vector,2,18,108.0,q850,-0.019688261672854424,0.03745913505554199,47919,1038240,0.0461540684234859
bred_vector,2,18,108.0,q925,-0.01918947882950306,0.04055178910493851,22545,1038240,0.021714632454923718
bred_vector,2,18,108.0,q1000,-0.021366365253925323,0.04197646304965019,19261,1038240,0.0185515873015873
bred_vector,2,19,114.0,u10m,-28.159076690673828,29.445785522460938,0,1038240,0.0
bred_vector,2,19,114.0,v10m,-20.57822036743164,30.88397789001465,0,1038240,0.0
bred_vector,2,19,114.0,u100m,-37.2920036315918,40.140201568603516,0,1038240,0.0
bred_vector,2,19,114.0,v100m,-27.161216735839844,35.311309814453125,0,1038240,0.0
bred_vector,2,19,114.0,t2m,232.95404052734375,329.4971618652344,0,1038240,0.0
bred_vector,2,19,114.0,sp,45920.890625,107349.3359375,0,1038240,0.0
bred_vector,2,19,114.0,msl,92712.828125,107659.578125,0,1038240,0.0
bred_vector,2,19,114.0,tcwv,-87.46268463134766,175.120849609375,155590,1038240,0.1498593774079211
bred_vector,2,19,114.0,u50,-76.07502746582031,139.2474365234375,0,1038240,0.0
bred_vector,2,19,114.0,u100,-99.1491470336914,116.70370483398438,0,1038240,0.0
bred_vector,2,19,114.0,u150,-144.98667907714844,157.31842041015625,52,1038240,5.00847588226229e-05
bred_vector,2,19,114.0,u200,-164.45529174804688,140.57150268554688,226,1038240,0.0002176760671906303
bred_vector,2,19,114.0,u250,-195.89370727539062,137.76365661621094,446,1038240,0.000429573123747881
bred_vector,2,19,114.0,u300,-168.0438232421875,113.48844146728516,122,1038240,0.0001175065495453845
bred_vector,2,19,114.0,u400,-188.4189910888672,94.61398315429688,558,1038240,0.0005374479889042996
bred_vector,2,19,114.0,u500,-120.8262710571289,76.118408203125,0,1038240,0.0
bred_vector,2,19,114.0,u600,-72.35118103027344,55.50862503051758,0,1038240,0.0
bred_vector,2,19,114.0,u700,-61.45852279663086,56.048606872558594,0,1038240,0.0
bred_vector,2,19,114.0,u850,-49.696964263916016,71.19883728027344,0,1038240,0.0
bred_vector,2,19,114.0,u925,-39.784873962402344,48.157081604003906,0,1038240,0.0
bred_vector,2,19,114.0,u1000,-37.31931686401367,30.113483428955078,0,1038240,0.0
bred_vector,2,19,114.0,v50,-78.8192367553711,97.26786041259766,0,1038240,0.0
bred_vector,2,19,114.0,v100,-75.1904067993164,84.43653869628906,0,1038240,0.0
bred_vector,2,19,114.0,v150,-101.65394592285156,79.2970199584961,0,1038240,0.0
bred_vector,2,19,114.0,v200,-118.10677337646484,69.88487243652344,0,1038240,0.0
bred_vector,2,19,114.0,v250,-122.05433654785156,89.34772491455078,0,1038240,0.0
bred_vector,2,19,114.0,v300,-95.91537475585938,99.63880920410156,0,1038240,0.0
bred_vector,2,19,114.0,v400,-68.82353973388672,88.3262710571289,0,1038240,0.0
bred_vector,2,19,114.0,v500,-71.24412536621094,61.26066589355469,0,1038240,0.0
bred_vector,2,19,114.0,v600,-43.949920654296875,49.033512115478516,0,1038240,0.0
bred_vector,2,19,114.0,v700,-46.267234802246094,49.25841522216797,0,1038240,0.0
bred_vector,2,19,114.0,v850,-34.73280334472656,55.289306640625,0,1038240,0.0
bred_vector,2,19,114.0,v925,-31.972251892089844,40.35192108154297,0,1038240,0.0
bred_vector,2,19,114.0,v1000,-24.47675895690918,30.79010581970215,0,1038240,0.0
bred_vector,2,19,114.0,z50,180289.109375,223169.859375,0,1038240,0.0
bred_vector,2,19,114.0,z100,146919.4375,179559.84375,0,1038240,0.0
bred_vector,2,19,114.0,z150,126969.8515625,154850.28125,0,1038240,0.0
bred_vector,2,19,114.0,z200,110535.953125,135109.359375,0,1038240,0.0
bred_vector,2,19,114.0,z250,96798.6953125,118949.265625,0,1038240,0.0
bred_vector,2,19,114.0,z300,84531.5078125,105307.953125,0,1038240,0.0
bred_vector,2,19,114.0,z400,65295.28515625,82760.640625,0,1038240,0.0
bred_vector,2,19,114.0,z500,49092.23046875,64502.5625,0,1038240,0.0
bred_vector,2,19,114.0,z600,35179.42578125,49205.01171875,0,1038240,0.0
bred_vector,2,19,114.0,z700,23157.255859375,35800.50390625,0,1038240,0.0
bred_vector,2,19,114.0,z850,7465.68115234375,19088.466796875,0,1038240,0.0
bred_vector,2,19,114.0,z925,479.1767578125,11942.041015625,0,1038240,0.0
bred_vector,2,19,114.0,z1000,-5989.91796875,5537.47998046875,0,1038240,0.0
bred_vector,2,19,114.0,t50,130.50877380371094,265.6905517578125,19113,1038240,0.018409038372630606
bred_vector,2,19,114.0,t100,141.75296020507812,279.8523254394531,3959,1038240,0.0038131838495916166
bred_vector,2,19,114.0,t150,135.36471557617188,300.63751220703125,1882,1038240,0.0018126830020033903
bred_vector,2,19,114.0,t200,183.1669158935547,281.71856689453125,0,1038240,0.0
bred_vector,2,19,114.0,t250,201.55825805664062,285.5438537597656,0,1038240,0.0
bred_vector,2,19,114.0,t300,212.20285034179688,290.5460205078125,0,1038240,0.0
bred_vector,2,19,114.0,t400,222.50753784179688,298.0430908203125,0,1038240,0.0
bred_vector,2,19,114.0,t500,233.46109008789062,301.015869140625,0,1038240,0.0
bred_vector,2,19,114.0,t600,225.01580810546875,308.834228515625,0,1038240,0.0
bred_vector,2,19,114.0,t700,232.9085693359375,324.8284912109375,0,1038240,0.0
bred_vector,2,19,114.0,t850,238.75827026367188,336.8766784667969,0,1038240,0.0
bred_vector,2,19,114.0,t925,240.62860107421875,331.0045166015625,0,1038240,0.0
bred_vector,2,19,114.0,t1000,230.033447265625,331.357421875,0,1038240,0.0
bred_vector,2,19,114.0,q50,-5.179265281185508e-05,5.496632002177648e-05,503299,1038240,0.484761712128217
bred_vector,2,19,114.0,q100,-1.606317891855724e-05,2.6626046746969223e-05,462076,1038240,0.44505701957158267
bred_vector,2,19,114.0,q150,-7.446066592819989e-05,0.00012343273556325585,298293,1038240,0.2873064031437818
bred_vector,2,19,114.0,q200,-0.00018603539501782507,0.0008038253290578723,205146,1038240,0.19759015256588072
bred_vector,2,19,114.0,q250,-0.0007340683368965983,0.002128578955307603,151760,1038240,0.14617044228694714
bred_vector,2,19,114.0,q300,-0.0013787588104605675,0.004291446413844824,93564,1038240,0.09011789181692094
bred_vector,2,19,114.0,q400,-0.0032606858294457197,0.011093339882791042,155648,1038240,0.1499152411773771
bred_vector,2,19,114.0,q500,-0.008355040103197098,0.023408429697155952,121160,1038240,0.11669748805671136
bred_vector,2,19,114.0,q600,-0.02495279349386692,0.029981674626469612,189581,1038240,0.18259843581445523
bred_vector,2,19,114.0,q700,-0.040449898689985275,0.04589128494262695,227001,1038240,0.21864019879796578
bred_vector,2,19,114.0,q850,-0.02085896208882332,0.037440791726112366,54123,1038240,0.05212956541840037
bred_vector,2,19,114.0,q925,-0.019398881122469902,0.04077491909265518,26560,1038240,0.02558175373709354
bred_vector,2,19,114.0,q1000,-0.020255662500858307,0.04158266633749008,20889,1038240,0.020119625520110956
bred_vector,2,20,120.0,u10m,-29.57276725769043,30.770719528198242,0,1038240,0.0
bred_vector,2,20,120.0,v10m,-23.086944580078125,38.912384033203125,0,1038240,0.0
bred_vector,2,20,120.0,u100m,-34.555240631103516,42.79844284057617,0,1038240,0.0
bred_vector,2,20,120.0,v100m,-30.387123107910156,46.58144760131836,0,1038240,0.0
bred_vector,2,20,120.0,t2m,219.92982482910156,330.2557373046875,0,1038240,0.0
bred_vector,2,20,120.0,sp,45948.5703125,107301.671875,0,1038240,0.0
bred_vector,2,20,120.0,msl,93150.6328125,107279.28125,0,1038240,0.0
bred_vector,2,20,120.0,tcwv,-96.10967254638672,185.48362731933594,162396,1038240,0.1564147018030513
bred_vector,2,20,120.0,u50,-77.85794067382812,143.86102294921875,0,1038240,0.0
bred_vector,2,20,120.0,u100,-107.68990325927734,126.00640869140625,0,1038240,0.0
bred_vector,2,20,120.0,u150,-138.92774963378906,147.67147827148438,0,1038240,0.0
bred_vector,2,20,120.0,u200,-167.79588317871094,150.63827514648438,210,1038240,0.0002022653721682848
bred_vector,2,20,120.0,u250,-172.8004150390625,116.18272399902344,238,1038240,0.00022923408845738942
bred_vector,2,20,120.0,u300,-171.49774169921875,119.69007873535156,179,1038240,0.00017240715056249036
bred_vector,2,20,120.0,u400,-188.03256225585938,89.41046905517578,776,1038240,0.0007474187085837571
bred_vector,2,20,120.0,u500,-116.53443145751953,68.16001892089844,0,1038240,0.0
bred_vector,2,20,120.0,u600,-72.73287200927734,55.281707763671875,0,1038240,0.0
bred_vector,2,20,120.0,u700,-62.33381271362305,79.69208526611328,0,1038240,0.0
bred_vector,2,20,120.0,u850,-42.12779998779297,74.62556457519531,0,1038240,0.0
bred_vector,2,20,120.0,u925,-38.99959182739258,53.37736129760742,0,1038240,0.0
bred_vector,2,20,120.0,u1000,-35.43358612060547,32.35784149169922,0,1038240,0.0
bred_vector,2,20,120.0,v50,-80.90286254882812,101.4139633178711,0,1038240,0.0
bred_vector,2,20,120.0,v100,-78.70857238769531,87.36931610107422,0,1038240,0.0
bred_vector,2,20,120.0,v150,-95.60824584960938,88.60608673095703,0,1038240,0.0
bred_vector,2,20,120.0,v200,-99.85884857177734,70.59082794189453,0,1038240,0.0
bred_vector,2,20,120.0,v250,-113.3741455078125,85.2896499633789,0,1038240,0.0
bred_vector,2,20,120.0,v300,-99.93484497070312,108.80367279052734,0,1038240,0.0
bred_vector,2,20,120.0,v400,-68.13934326171875,82.19557189941406,0,1038240,0.0
bred_vector,2,20,120.0,v500,-55.87743377685547,55.884830474853516,0,1038240,0.0
bred_vector,2,20,120.0,v600,-41.64765548706055,52.112342834472656,0,1038240,0.0
bred_vector,2,20,120.0,v700,-53.66148376464844,50.69138717651367,0,1038240,0.0
bred_vector,2,20,120.0,v850,-37.75848388671875,57.90741729736328,0,1038240,0.0
bred_vector,2,20,120.0,v925,-36.77292251586914,57.774200439453125,0,1038240,0.0
bred_vector,2,20,120.0,v1000,-26.020191192626953,38.734981536865234,0,1038240,0.0
bred_vector,2,20,120.0,z50,180363.890625,223157.15625,0,1038240,0.0
bred_vector,2,20,120.0,z100,147378.734375,180040.40625,0,1038240,0.0
bred_vector,2,20,120.0,z150,127375.3828125,155323.59375,0,1038240,0.0
bred_vector,2,20,120.0,z200,111233.5390625,135343.53125,0,1038240,0.0
bred_vector,2,20,120.0,z250,97415.1484375,118632.703125,0,1038240,0.0
bred_vector,2,20,120.0,z300,85067.2265625,105003.3984375,0,1038240,0.0
bred_vector,2,20,120.0,z400,65491.2890625,82787.375,0,1038240,0.0
bred_vector,2,20,120.0,z500,49510.2421875,64466.73046875,0,1038240,0.0
bred_vector,2,20,120.0,z600,35523.5234375,49047.31640625,0,1038240,0.0
bred_vector,2,20,120.0,z700,23553.546875,35839.8203125,0,1038240,0.0
bred_vector,2,20,120.0,z850,7831.94580078125,18917.111328125,0,1038240,0.0
bred_vector,2,20,120.0,z925,847.974609375,11793.826171875,0,1038240,0.0
bred_vector,2,20,120.0,z1000,-5655.3896484375,5271.92138671875,0,1038240,0.0
bred_vector,2,20,120.0,t50,131.02484130859375,263.89190673828125,19977,1038240,0.019241215903837264
bred_vector,2,20,120.0,t100,140.40863037109375,286.7877502441406,4388,1038240,0.004226383109878255
bred_vector,2,20,120.0,t150,131.00360107421875,305.7744140625,2556,1038240,0.002461858529819695
bred_vector,2,20,120.0,t200,182.3246612548828,282.2951965332031,0,1038240,0.0
bred_vector,2,20,120.0,t250,202.97084045410156,289.6695251464844,0,1038240,0.0
bred_vector,2,20,120.0,t300,213.64279174804688,291.8849182128906,0,1038240,0.0
bred_vector,2,20,120.0,t400,221.82720947265625,297.94580078125,0,1038240,0.0
bred_vector,2,20,120.0,t500,234.48721313476562,301.0317077636719,0,1038240,0.0
bred_vector,2,20,120.0,t600,224.9252471923828,308.28997802734375,0,1038240,0.0
bred_vector,2,20,120.0,t700,235.70252990722656,331.7374267578125,0,1038240,0.0
bred_vector,2,20,120.0,t850,240.85791015625,336.82440185546875,0,1038240,0.0
bred_vector,2,20,120.0,t925,241.24905395507812,328.1947021484375,0,1038240,0.0
bred_vector,2,20,120.0,t1000,221.68807983398438,330.03790283203125,0,1038240,0.0
bred_vector,2,20,120.0,q50,-5.088028046884574e-05,5.4070686019258574e-05,503084,1038240,0.4845546309138542
bred_vector,2,20,120.0,q100,-1.593672095623333e-05,2.665254032763187e-05,461706,1038240,0.44470064724919095
bred_vector,2,20,120.0,q150,-7.192490011220798e-05,0.00012740901729557663,299678,1038240,0.28864039143165354
bred_vector,2,20,120.0,q200,-0.00017598028352949768,0.0008529918850399554,203011,1038240,0.1955337879488365
bred_vector,2,20,120.0,q250,-0.0007945693214423954,0.002095823409035802,154499,1038240,0.1488085606410849
bred_vector,2,20,120.0,q300,-0.0011525676818564534,0.004237209912389517,95563,1038240,0.09204326552627523
bred_vector,2,20,120.0,q400,-0.003237185999751091,0.010792059823870659,155068,1038240,0.14935660348281707
bred_vector,2,20,120.0,q500,-0.008228667080402374,0.023353546857833862,121033,1038240,0.11657516566497149
bred_vector,2,20,120.0,q600,-0.026106515899300575,0.03286348283290863,193497,1038240,0.1863702034211743
bred_vector,2,20,120.0,q700,-0.03763776272535324,0.04731886833906174,232963,1038240,0.22438260903066728
bred_vector,2,20,120.0,q850,-0.021707899868488312,0.04148298129439354,60267,1038240,0.05804727230698104
bred_vector,2,20,120.0,q925,-0.021080676466226578,0.03801640868186951,28921,1038240,0.027855794421328402
bred_vector,2,20,120.0,q1000,-0.020396975800395012,0.040422581136226654,22124,1038240,0.02130913854214825
bred_vector,3,0,0.0,u10m,-31.398792266845703,26.17101287841797,0,1038240,0.0
bred_vector,3,0,0.0,v10m,-26.74042320251465,27.28132438659668,0,1038240,0.0
bred_vector,3,0,0.0,u100m,-41.41762924194336,32.22809600830078,0,1038240,0.0
bred_vector,3,0,0.0,v100m,-31.29192352294922,34.30453872680664,0,1038240,0.0
bred_vector,3,0,0.0,t2m,208.9432830810547,329.7970275878906,0,1038240,0.0
bred_vector,3,0,0.0,sp,49002.921875,105379.5390625,0,1038240,0.0
bred_vector,3,0,0.0,msl,91758.75,107138.53125,0,1038240,0.0
bred_vector,3,0,0.0,tcwv,-3.2566311359405518,141.4083709716797,53415,1038240,0.05144764216366158
bred_vector,3,0,0.0,u50,-50.049659729003906,62.4710693359375,0,1038240,0.0
bred_vector,3,0,0.0,u100,-50.61840057373047,64.60430908203125,0,1038240,0.0
bred_vector,3,0,0.0,u150,-38.92816162109375,94.71443176269531,0,1038240,0.0
bred_vector,3,0,0.0,u200,-54.689937591552734,102.74262237548828,0,1038240,0.0
bred_vector,3,0,0.0,u250,-58.63502502441406,95.42568969726562,0,1038240,0.0
bred_vector,3,0,0.0,u300,-46.591285705566406,96.8268814086914,0,1038240,0.0
bred_vector,3,0,0.0,u400,-44.49232482910156,73.35488891601562,0,1038240,0.0
bred_vector,3,0,0.0,u500,-48.95329284667969,49.56106185913086,0,1038240,0.0
bred_vector,3,0,0.0,u600,-51.60712432861328,39.717350006103516,0,1038240,0.0
bred_vector,3,0,0.0,u700,-51.49584197998047,39.39299392700195,0,1038240,0.0
bred_vector,3,0,0.0,u850,-57.313167572021484,34.799434661865234,0,1038240,0.0
bred_vector,3,0,0.0,u925,-45.62458801269531,34.913185119628906,0,1038240,0.0
bred_vector,3,0,0.0,u1000,-31.201004028320312,26.184345245361328,0,1038240,0.0
bred_vector,3,0,0.0,v50,-28.179128646850586,36.62200927734375,0,1038240,0.0
bred_vector,3,0,0.0,v100,-32.98149871826172,41.06993103027344,0,1038240,0.0
bred_vector,3,0,0.0,v150,-39.581825256347656,49.433563232421875,0,1038240,0.0
bred_vector,3,0,0.0,v200,-55.65065383911133,67.12669372558594,0,1038240,0.0
bred_vector,3,0,0.0,v250,-61.454315185546875,63.68788528442383,0,1038240,0.0
bred_vector,3,0,0.0,v300,-54.76992416381836,63.96295166015625,0,1038240,0.0
bred_vector,3,0,0.0,v400,-59.284114837646484,61.976806640625,0,1038240,0.0
bred_vector,3,0,0.0,v500,-49.66435623168945,56.05965805053711,0,1038240,0.0
bred_vector,3,0,0.0,v600,-44.698875427246094,39.465675354003906,0,1038240,0.0
bred_vector,3,0,0.0,v700,-38.77101516723633,41.949493408203125,0,1038240,0.0
bred_vector,3,0,0.0,v850,-41.42050552368164,37.614776611328125,0,1038240,0.0
bred_vector,3,0,0.0,v925,-34.15032196044922,40.908199310302734,0,1038240,0.0
bred_vector,3,0,0.0,v1000,-24.565401077270508,27.110105514526367,0,1038240,0.0
bred_vector,3,0,0.0,z50,178197.1875,216071.0625,0,1038240,0.0
bred_vector,3,0,0.0,z100,142625.234375,174909.375,0,1038240,0.0
bred_vector,3,0,0.0,z150,119688.7265625,152364.34375,0,1038240,0.0
bred_vector,3,0,0.0,z200,102580.21875,132825.53125,0,1038240,0.0
bred_vector,3,0,0.0,z250,89245.140625,117376.7578125,0,1038240,0.0
bred_vector,3,0,0.0,z300,78133.7421875,103487.0703125,0,1038240,0.0
bred_vector,3,0,0.0,z400,60019.95703125,80388.5,0,1038240,0.0
bred_vector,3,0,0.0,z500,45233.265625,62435.53515625,0,1038240,0.0
bred_vector,3,0,0.0,z600,32806.36328125,47363.46875,0,1038240,0.0
bred_vector,3,0,0.0,z700,22049.8046875,33961.80078125,0,1038240,0.0
bred_vector,3,0,0.0,z850,7046.9326171875,16969.228515625,0,1038240,0.0
bred_vector,3,0,0.0,z925,-43.3106689453125,9782.0087890625,0,1038240,0.0
bred_vector,3,0,0.0,z1000,-6548.43017578125,4379.34033203125,0,1038240,0.0
bred_vector,3,0,0.0,t50,161.5248565673828,249.34890747070312,0,1038240,0.0
bred_vector,3,0,0.0,t100,159.36233520507812,247.75552368164062,0,1038240,0.0
bred_vector,3,0,0.0,t150,183.46981811523438,250.02874755859375,0,1038240,0.0
bred_vector,3,0,0.0,t200,194.3377685546875,250.53240966796875,0,1038240,0.0
bred_vector,3,0,0.0,t250,201.914794921875,262.2930908203125,0,1038240,0.0
bred_vector,3,0,0.0,t300,209.0271759033203,275.47564697265625,0,1038240,0.0
bred_vector,3,0,0.0,t400,219.9736328125,287.1439514160156,0,1038240,0.0
bred_vector,3,0,0.0,t500,227.7730255126953,293.4071960449219,0,1038240,0.0
bred_vector,3,0,0.0,t600,214.14859008789062,301.127197265625,0,1038240,0.0
bred_vector,3,0,0.0,t700,214.08102416992188,309.88128662109375,0,1038240,0.0
bred_vector,3,0,0.0,t850,221.4605712890625,321.52423095703125,0,1038240,0.0
bred_vector,3,0,0.0,t925,224.15750122070312,324.08221435546875,0,1038240,0.0
bred_vector,3,0,0.0,t1000,227.23997497558594,327.8738098144531,0,1038240,0.0
bred_vector,3,0,0.0,q50,-6.957878213142976e-05,7.887444371590391e-05,533620,1038240,0.5139659423640006
bred_vector,3,0,0.0,q100,-2.7701275030267425e-05,3.1809679057914764e-05,438144,1038240,0.42200647249190937
bred_vector,3,0,0.0,q150,-6.789562121412018e-06,8.605810580775142e-05,24957,1038240,0.024037794729542303
bred_vector,3,0,0.0,q200,5.96657912410592e-07,0.00039788507274352014,0,1038240,0.0
bred_vector,3,0,0.0,q250,-2.0062282146682264e-06,0.0013213529018685222,17,1038240,1.6373863461242103e-05
bred_vector,3,0,0.0,q300,1.3397442671703175e-05,0.0030521289445459843,0,1038240,0.0
bred_vector,3,0,0.0,q400,-6.760228279745206e-05,0.007579709403216839,3591,1038240,0.00345873786407767
bred_vector,3,0,0.0,q500,-3.34448523062747e-05,0.012458208948373795,475,1038240,0.00045750500847588225
bred_vector,3,0,0.0,q600,-0.0019773277454078197,0.020102698355913162,3386,1038240,0.003261288334103868
bred_vector,3,0,0.0,q700,-0.0035498724319040775,0.028816604986786842,4274,1038240,0.004116581907844044
bred_vector,3,0,0.0,q850,-0.0012401117710396647,0.044558487832546234,5400,1038240,0.005201109570041609
bred_vector,3,0,0.0,q925,-0.0010497040348127484,0.05143413692712784,3394,1038240,0.003268993681615041
bred_vector,3,0,0.0,q1000,-0.0007315188995562494,0.057417504489421844,1349,1038240,0.0012993142240715057
bred_vector,3,1,6.0,u10m,-31.69232940673828,22.02886390686035,0,1038240,0.0
bred_vector,3,1,6.0,v10m,-18.18752670288086,19.119407653808594,0,1038240,0.0
bred_vector,3,1,6.0,u100m,-39.3343505859375,27.015840530395508,0,1038240,0.0
bred_vector,3,1,6.0,v100m,-26.322057723999023,22.633968353271484,0,1038240,0.0
bred_vector,3,1,6.0,t2m,211.78741455078125,328.057373046875,0,1038240,0.0
bred_vector,3,1,6.0,sp,47785.90234375,105921.9765625,0,1038240,0.0
bred_vector,3,1,6.0,msl,92071.6015625,105397.2734375,0,1038240,0.0
bred_vector,3,1,6.0,tcwv,-7.830299377441406,137.7240753173828,58928,1038240,0.05675758976729851
bred_vector,3,1,6.0,u50,-72.84814453125,105.7872543334961,0,1038240,0.0
bred_vector,3,1,6.0,u100,-61.23255157470703,82.43402862548828,0,1038240,0.0
bred_vector,3,1,6.0,u150,-70.3236083984375,103.3190689086914,0,1038240,0.0
bred_vector,3,1,6.0,u200,-80.67557525634766,108.78382110595703,0,1038240,0.0
bred_vector,3,1,6.0,u250,-89.63845825195312,128.76731872558594,0,1038240,0.0
bred_vector,3,1,6.0,u300,-88.75665283203125,115.3146743774414,0,1038240,0.0
bred_vector,3,1,6.0,u400,-60.16961669921875,66.85398864746094,0,1038240,0.0
bred_vector,3,1,6.0,u500,-57.96636962890625,61.26601791381836,0,1038240,0.0
bred_vector,3,1,6.0,u600,-44.332637786865234,50.60755920410156,0,1038240,0.0
bred_vector,3,1,6.0,u700,-39.822357177734375,44.437408447265625,0,1038240,0.0
bred_vector,3,1,6.0,u850,-62.77051544189453,35.5538444519043,0,1038240,0.0
bred_vector,3,1,6.0,u925,-43.31697463989258,37.18630599975586,0,1038240,0.0
bred_vector,3,1,6.0,u1000,-34.87166213989258,22.824016571044922,0,1038240,0.0
bred_vector,3,1,6.0,v50,-38.94624328613281,38.053524017333984,0,1038240,0.0
bred_vector,3,1,6.0,v100,-61.632965087890625,42.89330291748047,0,1038240,0.0
bred_vector,3,1,6.0,v150,-47.69092559814453,60.78888702392578,0,1038240,0.0
bred_vector,3,1,6.0,v200,-56.40964889526367,62.72519302368164,0,1038240,0.0
bred_vector,3,1,6.0,v250,-66.57833099365234,90.11487579345703,0,1038240,0.0
bred_vector,3,1,6.0,v300,-70.86490631103516,65.48866271972656,0,1038240,0.0
bred_vector,3,1,6.0,v400,-40.860965728759766,56.906532287597656,0,1038240,0.0
bred_vector,3,1,6.0,v500,-42.86103057861328,47.42240905761719,0,1038240,0.0
bred_vector,3,1,6.0,v600,-31.990345001220703,35.87308120727539,0,1038240,0.0
bred_vector,3,1,6.0,v700,-30.348779678344727,27.97406768798828,0,1038240,0.0
bred_vector,3,1,6.0,v850,-24.986478805541992,29.261554718017578,0,1038240,0.0
bred_vector,3,1,6.0,v925,-23.46029281616211,29.943368911743164,0,1038240,0.0
bred_vector,3,1,6.0,v1000,-16.85481071472168,23.24538803100586,0,1038240,0.0
bred_vector,3,1,6.0,z50,179631.78125,216093.15625,0,1038240,0.0
bred_vector,3,1,6.0,z100,144358.328125,174279.84375,0,1038240,0.0
bred_vector,3,1,6.0,z150,121035.21875,150607.1875,0,1038240,0.0
bred_vector,3,1,6.0,z200,104154.90625,131606.140625,0,1038240,0.0
bred_vector,3,1,6.0,z250,90862.34375,116151.453125,0,1038240,0.0
bred_vector,3,1,6.0,z300,79579.453125,102502.4140625,0,1038240,0.0
bred_vector,3,1,6.0,z400,61557.9609375,80395.6171875,0,1038240,0.0
bred_vector,3,1,6.0,z500,46747.4453125,62651.859375,0,1038240,0.0
bred_vector,3,1,6.0,z600,34381.0390625,48026.3515625,0,1038240,0.0
bred_vector,3,1,6.0,z700,22842.115234375,35249.046875,0,1038240,0.0
bred_vector,3,1,6.0,z850,7103.892578125,18453.78515625,0,1038240,0.0
bred_vector,3,1,6.0,z925,198.4423828125,11267.1611328125,0,1038240,0.0
bred_vector,3,1,6.0,z1000,-6226.59912109375,4506.4736328125,0,1038240,0.0
bred_vector,3,1,6.0,t50,151.9290771484375,248.72840881347656,0,1038240,0.0
bred_vector,3,1,6.0,t100,157.95718383789062,259.0196838378906,0,1038240,0.0
bred_vector,3,1,6.0,t150,181.6251678466797,249.04708862304688,0,1038240,0.0
bred_vector,3,1,6.0,t200,189.18226623535156,255.75686645507812,0,1038240,0.0
bred_vector,3,1,6.0,t250,200.46730041503906,268.26202392578125,0,1038240,0.0
bred_vector,3,1,6.0,t300,209.1901092529297,275.3105773925781,0,1038240,0.0
bred_vector,3,1,6.0,t400,219.0667266845703,292.11016845703125,0,1038240,0.0
bred_vector,3,1,6.0,t500,224.54534912109375,294.16015625,0,1038240,0.0
bred_vector,3,1,6.0,t600,231.51513671875,302.3208923339844,0,1038240,0.0
bred_vector,3,1,6.0,t700,221.73712158203125,306.8149719238281,0,1038240,0.0
bred_vector,3,1,6.0,t850,221.72036743164062,318.0374450683594,0,1038240,0.0
bred_vector,3,1,6.0,t925,226.15757751464844,324.1952819824219,0,1038240,0.0
bred_vector,3,1,6.0,t1000,230.28311157226562,329.11865234375,0,1038240,0.0
bred_vector,3,1,6.0,q50,-6.830312486272305e-05,7.7552926086355e-05,533430,1038240,0.5137829403606102
bred_vector,3,1,6.0,q100,-2.6690551749197766e-05,3.052519605262205e-05,437825,1038240,0.4216992217599014
bred_vector,3,1,6.0,q150,-1.8579812604002655e-05,8.804682147456333e-05,125518,1038240,0.12089497611342272
bred_vector,3,1,6.0,q200,-3.636594192357734e-05,0.0005065795849077404,14075,1038240,0.013556595777469564
bred_vector,3,1,6.0,q250,-0.00015383699792437255,0.00155181298032403,34408,1038240,0.033140699645554016
bred_vector,3,1,6.0,q300,-0.0002636440622154623,0.0030603220220655203,17629,1038240,0.01697969640930806
bred_vector,3,1,6.0,q400,-0.0012885351898148656,0.0090768588706851,25856,1038240,0.02490368315611034
bred_vector,3,1,6.0,q500,-0.0017193504609167576,0.014126254245638847,11924,1038240,0.01148482046540299
bred_vector,3,1,6.0,q600,-0.004740668926388025,0.02110838145017624,23375,1038240,0.02251406225920789
bred_vector,3,1,6.0,q700,-0.006516783963888884,0.0325394868850708,24788,1038240,0.02387501926336878
bred_vector,3,1,6.0,q850,-0.0029864655807614326,0.034688327461481094,5574,1038240,0.0053687008784096164
bred_vector,3,1,6.0,q925,-0.0019717379473149776,0.03584306687116623,5002,1038240,0.0048177685313607645
bred_vector,3,1,6.0,q1000,-0.002396793570369482,0.0398864708840847,7818,1038240,0.007530050855293574
bred_vector,3,2,12.0,u10m,-31.96963119506836,27.87973403930664,0,1038240,0.0
bred_vector,3,2,12.0,v10m,-15.678682327270508,20.69258689880371,0,1038240,0.0
bred_vector,3,2,12.0,u100m,-39.700626373291016,34.2009391784668,0,1038240,0.0
bred_vector,3,2,12.0,v100m,-18.70604133605957,25.258628845214844,0,1038240,0.0
bred_vector,3,2,12.0,t2m,214.9512481689453,327.4525146484375,0,1038240,0.0
bred_vector,3,2,12.0,sp,46282.15234375,107353.703125,0,1038240,0.0
bred_vector,3,2,12.0,msl,92398.484375,106964.0078125,0,1038240,0.0
bred_vector,3,2,12.0,tcwv,-13.545587539672852,141.26333618164062,67424,1038240,0.06494066882416397
bred_vector,3,2,12.0,u50,-79.04256439208984,112.84709167480469,0,1038240,0.0
bred_vector,3,2,12.0,u100,-60.161460876464844,95.40801239013672,0,1038240,0.0
bred_vector,3,2,12.0,u150,-71.74630737304688,99.48516845703125,0,1038240,0.0
bred_vector,3,2,12.0,u200,-108.59352111816406,114.12589263916016,0,1038240,0.0
bred_vector,3,2,12.0,u250,-128.1717529296875,116.41156005859375,0,1038240,0.0
bred_vector,3,2,12.0,u300,-128.91751098632812,112.69100189208984,0,1038240,0.0
bred_vector,3,2,12.0,u400,-82.76455688476562,78.67720031738281,0,1038240,0.0
bred_vector,3,2,12.0,u500,-75.78202819824219,67.2682113647461,0,1038240,0.0
bred_vector,3,2,12.0,u600,-48.77758026123047,50.88759231567383,0,1038240,0.0
bred_vector,3,2,12.0,u700,-43.76753234863281,50.38733673095703,0,1038240,0.0
bred_vector,3,2,12.0,u850,-43.201725006103516,44.08563232421875,0,1038240,0.0
bred_vector,3,2,12.0,u925,-43.24985122680664,44.2387809753418,0,1038240,0.0
bred_vector,3,2,12.0,u1000,-40.01177215576172,27.231855392456055,0,1038240,0.0
bred_vector,3,2,12.0,v50,-63.82770538330078,52.10477828979492,0,1038240,0.0
bred_vector,3,2,12.0,v100,-54.28598403930664,56.42497253417969,0,1038240,0.0
bred_vector,3,2,12.0,v150,-58.30831527709961,67.70800018310547,0,1038240,0.0
bred_vector,3,2,12.0,v200,-66.2980728149414,108.42343139648438,0,1038240,0.0
bred_vector,3,2,12.0,v250,-57.75562286376953,79.42806243896484,0,1038240,0.0
bred_vector,3,2,12.0,v300,-56.648109436035156,67.67252349853516,0,1038240,0.0
bred_vector,3,2,12.0,v400,-57.18278121948242,53.17052459716797,0,1038240,0.0
bred_vector,3,2,12.0,v500,-43.75059509277344,39.77679443359375,0,1038240,0.0
bred_vector,3,2,12.0,v600,-34.710304260253906,41.351905822753906,0,1038240,0.0
bred_vector,3,2,12.0,v700,-31.248964309692383,39.732242584228516,0,1038240,0.0
bred_vector,3,2,12.0,v850,-22.61527442932129,26.727514266967773,0,1038240,0.0
bred_vector,3,2,12.0,v925,-25.20139503479004,31.45846176147461,0,1038240,0.0
bred_vector,3,2,12.0,v1000,-16.26161003112793,24.408666610717773,0,1038240,0.0
bred_vector,3,2,12.0,z50,180389.5625,216939.9375,0,1038240,0.0
bred_vector,3,2,12.0,z100,145267.984375,173636.875,0,1038240,0.0
bred_vector,3,2,12.0,z150,122234.78125,150335.75,0,1038240,0.0
bred_vector,3,2,12.0,z200,105207.3671875,131745.484375,0,1038240,0.0
bred_vector,3,2,12.0,z250,91843.4921875,116409.765625,0,1038240,0.0
bred_vector,3,2,12.0,z300,80496.0625,103076.2890625,0,1038240,0.0
bred_vector,3,2,12.0,z400,62053.10546875,81198.7890625,0,1038240,0.0
bred_vector,3,2,12.0,z500,47193.015625,63634.02734375,0,1038240,0.0
bred_vector,3,2,12.0,z600,34616.078125,48910.4296875,0,1038240,0.0
bred_vector,3,2,12.0,z700,23095.6015625,36186.3984375,0,1038240,0.0
bred_vector,3,2,12.0,z850,7227.91845703125,19845.103515625,0,1038240,0.0
bred_vector,3,2,12.0,z925,297.17138671875,12600.6533203125,0,1038240,0.0
bred_vector,3,2,12.0,z1000,-6067.0009765625,5771.0087890625,0,1038240,0.0
bred_vector,3,2,12.0,t50,148.79176330566406,252.15679931640625,86,1038240,8.283248574510711e-05
bred_vector,3,2,12.0,t100,158.46148681640625,265.39129638671875,0,1038240,0.0
bred_vector,3,2,12.0,t150,177.7490997314453,255.76840209960938,0,1038240,0.0
bred_vector,3,2,12.0,t200,188.2891082763672,257.18927001953125,0,1038240,0.0
bred_vector,3,2,12.0,t250,202.2695770263672,266.73486328125,0,1038240,0.0
bred_vector,3,2,12.0,t300,209.67791748046875,274.34051513671875,0,1038240,0.0
bred_vector,3,2,12.0,t400,218.06939697265625,288.9901428222656,0,1038240,0.0
bred_vector,3,2,12.0,t500,224.23284912109375,295.8089904785156,0,1038240,0.0
bred_vector,3,2,12.0,t600,234.14691162109375,302.7506408691406,0,1038240,0.0
bred_vector,3,2,12.0,t700,228.72059631347656,309.9119567871094,0,1038240,0.0
bred_vector,3,2,12.0,t850,231.50189208984375,315.72979736328125,0,1038240,0.0
bred_vector,3,2,12.0,t925,235.7034912109375,324.0918884277344,0,1038240,0.0
bred_vector,3,2,12.0,t1000,238.9154052734375,327.9832458496094,0,1038240,0.0
bred_vector,3,2,12.0,q50,-6.708004366373643e-05,7.624083082191646e-05,533237,1038240,0.5135970488519033
bred_vector,3,2,12.0,q100,-2.5768778868950903e-05,2.9521861506509595e-05,437579,1038240,0.4214622823239328
bred_vector,3,2,12.0,q150,-3.5292672691866755e-05,9.115751163335517e-05,183714,1038240,0.17694752658344892
bred_vector,3,2,12.0,q200,-8.555503882234916e-05,0.0005472246557474136,86706,1038240,0.0835124826629681
bred_vector,3,2,12.0,q250,-0.0002267980162287131,0.0014588854974135756,81966,1038240,0.07894706426259825
bred_vector,3,2,12.0,q300,-0.0003507629444357008,0.003417161526158452,46030,1038240,0.04433464324241023
bred_vector,3,2,12.0,q400,-0.0016859195893630385,0.009167196229100227,69160,1038240,0.06661272923408845
bred_vector,3,2,12.0,q500,-0.0026779910549521446,0.015451760962605476,29365,1038240,0.02828344120819849
bred_vector,3,2,12.0,q600,-0.007325553335249424,0.02508760802447796,47424,1038240,0.045677300046232085
bred_vector,3,2,12.0,q700,-0.008081484586000443,0.03697707876563072,64371,1038240,0.06200011558021267
bred_vector,3,2,12.0,q850,-0.003941547591239214,0.03488099202513695,12607,1038240,0.012142664509169364
bred_vector,3,2,12.0,q925,-0.003134541679173708,0.03613460808992386,8822,1038240,0.008497071967945755
bred_vector,3,2,12.0,q1000,-0.003143461886793375,0.03991832956671715,11168,1038240,0.010756665125597165
bred_vector,3,3,18.0,u10m,-39.290523529052734,33.67566680908203,0,1038240,0.0
bred_vector,3,3,18.0,v10m,-21.199871063232422,22.489723205566406,0,1038240,0.0
bred_vector,3,3,18.0,u100m,-46.612525939941406,42.72653579711914,0,1038240,0.0
bred_vector,3,3,18.0,v100m,-25.50568962097168,33.58171081542969,0,1038240,0.0
bred_vector,3,3,18.0,t2m,223.74868774414062,330.5902404785156,0,1038240,0.0
bred_vector,3,3,18.0,sp,45147.59375,108024.7578125,0,1038240,0.0
bred_vector,3,3,18.0,msl,92649.96875,107755.53125,0,1038240,0.0
bred_vector,3,3,18.0,tcwv,-19.99220848083496,156.31236267089844,76685,1038240,0.07386057173678533
bred_vector,3,3,18.0,u50,-78.88377380371094,124.31981658935547,0,1038240,0.0
bred_vector,3,3,18.0,u100,-68.59225463867188,104.17899322509766,0,1038240,0.0
bred_vector,3,3,18.0,u150,-87.73432159423828,118.47181701660156,0,1038240,0.0
bred_vector,3,3,18.0,u200,-119.06114959716797,144.1411895751953,0,1038240,0.0
bred_vector,3,3,18.0,u250,-165.7730712890625,124.49276733398438,119,1038240,0.00011461704422869471
bred_vector,3,3,18.0,u300,-166.9773406982422,111.1707763671875,74,1038240,7.127446447834798e-05
bred_vector,3,3,18.0,u400,-133.16055297851562,97.0577392578125,0,1038240,0.0
bred_vector,3,3,18.0,u500,-97.57994842529297,73.35596466064453,0,1038240,0.0
bred_vector,3,3,18.0,u600,-67.67369079589844,55.14554214477539,0,1038240,0.0
bred_vector,3,3,18.0,u700,-66.43751525878906,51.447174072265625,0,1038240,0.0
bred_vector,3,3,18.0,u850,-58.91526794433594,61.224430084228516,0,1038240,0.0
bred_vector,3,3,18.0,u925,-48.32183837890625,53.88935089111328,0,1038240,0.0
bred_vector,3,3,18.0,u1000,-38.875247955322266,33.9639778137207,0,1038240,0.0
bred_vector,3,3,18.0,v50,-69.59949493408203,62.837242126464844,0,1038240,0.0
bred_vector,3,3,18.0,v100,-61.43919372558594,60.95455551147461,0,1038240,0.0
bred_vector,3,3,18.0,v150,-70.49254608154297,75.72325897216797,0,1038240,0.0
bred_vector,3,3,18.0,v200,-78.45613861083984,100.06729125976562,0,1038240,0.0
bred_vector,3,3,18.0,v250,-67.43489837646484,100.71659088134766,0,1038240,0.0
bred_vector,3,3,18.0,v300,-62.318870544433594,88.07027435302734,0,1038240,0.0
bred_vector,3,3,18.0,v400,-55.63522720336914,58.10795593261719,0,1038240,0.0
bred_vector,3,3,18.0,v500,-56.84736633300781,48.72681427001953,0,1038240,0.0
bred_vector,3,3,18.0,v600,-44.74284744262695,47.29286575317383,0,1038240,0.0
bred_vector,3,3,18.0,v700,-43.68156051635742,67.4242935180664,0,1038240,0.0
bred_vector,3,3,18.0,v850,-37.64677810668945,35.42280197143555,0,1038240,0.0
bred_vector,3,3,18.0,v925,-28.647459030151367,35.47770309448242,0,1038240,0.0
bred_vector,3,3,18.0,v1000,-21.99734115600586,24.167388916015625,0,1038240,0.0
bred_vector,3,3,18.0,z50,179729.640625,217665.203125,0,1038240,0.0
bred_vector,3,3,18.0,z100,145322.484375,173439.09375,0,1038240,0.0
bred_vector,3,3,18.0,z150,123738.6015625,150340.96875,0,1038240,0.0
bred_vector,3,3,18.0,z200,105584.6875,132069.8125,0,1038240,0.0
bred_vector,3,3,18.0,z250,91825.28125,116928.3671875,0,1038240,0.0
bred_vector,3,3,18.0,z300,80349.21875,103897.75,0,1038240,0.0
bred_vector,3,3,18.0,z400,61551.47265625,82047.109375,0,1038240,0.0
bred_vector,3,3,18.0,z500,46552.93359375,64232.9296875,0,1038240,0.0
bred_vector,3,3,18.0,z600,34032.5,49523.6328125,0,1038240,0.0
bred_vector,3,3,18.0,z700,22765.3984375,36770.875,0,1038240,0.0
bred_vector,3,3,18.0,z850,7352.07470703125,20512.900390625,0,1038240,0.0
bred_vector,3,3,18.0,z925,431.89794921875,13233.3671875,0,1038240,0.0
bred_vector,3,3,18.0,z1000,-5922.98583984375,6372.01708984375,0,1038240,0.0
bred_vector,3,3,18.0,t50,152.27708435058594,256.8284912109375,0,1038240,0.0
bred_vector,3,3,18.0,t100,155.60342407226562,272.53607177734375,0,1038240,0.0
bred_vector,3,3,18.0,t150,175.01454162597656,259.85968017578125,0,1038240,0.0
bred_vector,3,3,18.0,t200,186.80580139160156,255.5353240966797,0,1038240,0.0
bred_vector,3,3,18.0,t250,195.9663543701172,268.31103515625,0,1038240,0.0
bred_vector,3,3,18.0,t300,208.51202392578125,274.39837646484375,0,1038240,0.0
bred_vector,3,3,18.0,t400,221.30653381347656,289.08343505859375,0,1038240,0.0
bred_vector,3,3,18.0,t500,225.29518127441406,295.08172607421875,0,1038240,0.0
bred_vector,3,3,18.0,t600,229.9779052734375,304.3593444824219,0,1038240,0.0
bred_vector,3,3,18.0,t700,232.91929626464844,311.9027404785156,0,1038240,0.0
bred_vector,3,3,18.0,t850,237.48556518554688,319.17950439453125,0,1038240,0.0
bred_vector,3,3,18.0,t925,239.51025390625,326.13323974609375,0,1038240,0.0
bred_vector,3,3,18.0,t1000,243.4195556640625,327.43365478515625,0,1038240,0.0
bred_vector,3,3,18.0,q50,-6.588021642528474e-05,7.497035403503105e-05,533068,1038240,0.5134342733857297
bred_vector,3,3,18.0,q100,-2.5136396288871765e-05,2.856042920029722e-05,438199,1038240,0.4220594467560487
bred_vector,3,3,18.0,q150,-4.583984991768375e-05,9.34543350012973e-05,216175,1038240,0.20821293727847126
bred_vector,3,3,18.0,q200,-0.00011700860341079533,0.00057870929595083,127280,1038240,0.12259207890275851
bred_vector,3,3,18.0,q250,-0.00034533062716946006,0.0015480522997677326,121395,1038240,0.11692383263985205
bred_vector,3,3,18.0,q300,-0.0005111817736178637,0.0037989988923072815,71597,1038240,0.06895997071967946
bred_vector,3,3,18.0,q400,-0.002734999405220151,0.00981137901544571,121168,1038240,0.11670519340422253
bred_vector,3,3,18.0,q500,-0.0030083770398050547,0.017032189294695854,54008,1038240,0.05201880104792726
bred_vector,3,3,18.0,q600,-0.007783879525959492,0.02639433741569519,79790,1038240,0.07685120973955925
bred_vector,3,3,18.0,q700,-0.010710403323173523,0.04052504524588585,102379,1038240,0.09860822160579442
bred_vector,3,3,18.0,q850,-0.005665247794240713,0.03650839254260063,25667,1038240,0.024721644321158885
bred_vector,3,3,18.0,q925,-0.006132306065410376,0.038011401891708374,13398,1038240,0.012904530744336569
bred_vector,3,3,18.0,q1000,-0.004801007453352213,0.038210418075323105,13697,1038240,0.013192518107566652
bred_vector,3,4,24.0,u10m,-36.079471588134766,36.58296203613281,0,1038240,0.0
bred_vector,3,4,24.0,v10m,-32.04399108886719,32.82843780517578,0,1038240,0.0
bred_vector,3,4,24.0,u100m,-39.17692184448242,46.519466400146484,0,1038240,0.0
bred_vector,3,4,24.0,v100m,-38.428035736083984,37.33317947387695,0,1038240,0.0
bred_vector,3,4,24.0,t2m,228.45339965820312,335.912109375,0,1038240,0.0
bred_vector,3,4,24.0,sp,44179.1171875,108091.1171875,0,1038240,0.0
bred_vector,3,4,24.0,msl,92217.078125,108534.90625,0,1038240,0.0
bred_vector,3,4,24.0,tcwv,-25.86345863342285,175.34356689453125,89190,1038240,0.08590499306518724
bred_vector,3,4,24.0,u50,-95.13665008544922,131.07781982421875,0,1038240,0.0
bred_vector,3,4,24.0,u100,-89.45137786865234,107.52113342285156,0,1038240,0.0
bred_vector,3,4,24.0,u150,-106.58967590332031,130.36839294433594,0,1038240,0.0
bred_vector,3,4,24.0,u200,-136.118408203125,144.21115112304688,0,1038240,0.0
bred_vector,3,4,24.0,u250,-218.67884826660156,122.38789367675781,624,1038240,0.0006010171058714748
bred_vector,3,4,24.0,u300,-213.37416076660156,112.73178100585938,665,1038240,0.0006405070118662352
bred_vector,3,4,24.0,u400,-151.33404541015625,105.36141967773438,4,1038240,3.852673755586377e-06
bred_vector,3,4,24.0,u500,-126.5158462524414,79.21117401123047,0,1038240,0.0
bred_vector,3,4,24.0,u600,-95.6323471069336,67.03582000732422,0,1038240,0.0
bred_vector,3,4,24.0,u700,-73.42469024658203,58.93260955810547,0,1038240,0.0
bred_vector,3,4,24.0,u850,-61.61429214477539,53.16641616821289,0,1038240,0.0
bred_vector,3,4,24.0,u925,-45.170562744140625,47.17466735839844,0,1038240,0.0
bred_vector,3,4,24.0,u1000,-37.5479850769043,36.119529724121094,0,1038240,0.0
bred_vector,3,4,24.0,v50,-68.81262969970703,78.74129486083984,0,1038240,0.0
bred_vector,3,4,24.0,v100,-76.36077117919922,84.10397338867188,0,1038240,0.0
bred_vector,3,4,24.0,v150,-86.12971496582031,90.4339828491211,0,1038240,0.0
bred_vector,3,4,24.0,v200,-94.77261352539062,85.298583984375,0,1038240,0.0
bred_vector,3,4,24.0,v250,-91.05769348144531,103.50497436523438,0,1038240,0.0
bred_vector,3,4,24.0,v300,-87.34510803222656,101.97502899169922,0,1038240,0.0
bred_vector,3,4,24.0,v400,-71.50269317626953,55.5126953125,0,1038240,0.0
bred_vector,3,4,24.0,v500,-62.647430419921875,51.79807662963867,0,1038240,0.0
bred_vector,3,4,24.0,v600,-63.472633361816406,61.48747634887695,0,1038240,0.0
bred_vector,3,4,24.0,v700,-48.70589065551758,83.6937255859375,0,1038240,0.0
bred_vector,3,4,24.0,v850,-51.41445541381836,41.02815246582031,0,1038240,0.0
bred_vector,3,4,24.0,v925,-53.45086669921875,40.55458068847656,0,1038240,0.0
bred_vector,3,4,24.0,v1000,-29.9807186126709,34.98106384277344,0,1038240,0.0
bred_vector,3,4,24.0,z50,179323.140625,218423.109375,0,1038240,0.0
bred_vector,3,4,24.0,z100,145082.296875,173294.6875,0,1038240,0.0
bred_vector,3,4,24.0,z150,122820.5078125,150513.78125,0,1038240,0.0
bred_vector,3,4,24.0,z200,104683.65625,132307.953125,0,1038240,0.0
bred_vector,3,4,24.0,z250,90812.4765625,117361.1171875,0,1038240,0.0
bred_vector,3,4,24.0,z300,79592.65625,104259.03125,0,1038240,0.0
bred_vector,3,4,24.0,z400,60655.40625,82507.7578125,0,1038240,0.0
bred_vector,3,4,24.0,z500,45691.11328125,64928.9296875,0,1038240,0.0
bred_vector,3,4,24.0,z600,33296.77734375,50056.125,0,1038240,0.0
bred_vector,3,4,24.0,z700,21988.96484375,37358.94140625,0,1038240,0.0
bred_vector,3,4,24.0,z850,7001.88916015625,21038.759765625,0,1038240,0.0
bred_vector,3,4,24.0,z925,283.73193359375,13661.857421875,0,1038240,0.0
bred_vector,3,4,24.0,z1000,-6095.92919921875,6688.05224609375,0,1038240,0.0
bred_vector,3,4,24.0,t50,154.8647918701172,260.98248291015625,0,1038240,0.0
bred_vector,3,4,24.0,t100,148.45970153808594,274.4556884765625,49,1038240,4.7195253505933115e-05
bred_vector,3,4,24.0,t150,177.62026977539062,262.30926513671875,0,1038240,0.0
bred_vector,3,4,24.0,t200,188.42288208007812,261.3979797363281,0,1038240,0.0
bred_vector,3,4,24.0,t250,197.9328155517578,271.611083984375,0,1038240,0.0
bred_vector,3,4,24.0,t300,202.37559509277344,279.7684631347656,0,1038240,0.0
bred_vector,3,4,24.0,t400,216.94204711914062,294.62542724609375,0,1038240,0.0
bred_vector,3,4,24.0,t500,224.52774047851562,297.33544921875,0,1038240,0.0
bred_vector,3,4,24.0,t600,230.10121154785156,307.75201416015625,0,1038240,0.0
bred_vector,3,4,24.0,t700,234.4062957763672,316.32745361328125,0,1038240,0.0
bred_vector,3,4,24.0,t850,238.2834014892578,324.16302490234375,0,1038240,0.0
bred_vector,3,4,24.0,t925,241.76345825195312,331.26873779296875,0,1038240,0.0
bred_vector,3,4,24.0,t1000,245.9604034423828,334.3466491699219,0,1038240,0.0
bred_vector,3,4,24.0,q50,-6.469548679888248e-05,7.374046981567517e-05,532864,1038240,0.5132377870241948
bred_vector,3,4,24.0,q100,-2.418225813016761e-05,2.7616302759270184e-05,438883,1038240,0.42271825396825397
bred_vector,3,4,24.0,q150,-5.483200220623985e-05,0.00010222192213404924,233645,1038240,0.22503948990599476
bred_vector,3,4,24.0,q200,-0.0001413646386936307,0.0007045523379929364,149580,1038240,0.14407073509015256
bred_vector,3,4,24.0,q250,-0.0004455180314835161,0.0016724347369745374,146945,1038240,0.14153278625366003
bred_vector,3,4,24.0,q300,-0.0007716313702985644,0.00403848709538579,101532,1038240,0.097792417938049
bred_vector,3,4,24.0,q400,-0.002912693889811635,0.011278999969363213,165751,1038240,0.15964613191554938
bred_vector,3,4,24.0,q500,-0.0035772621631622314,0.018281154334545135,75306,1038240,0.07253236245954693
bred_vector,3,4,24.0,q600,-0.010124647058546543,0.02833818830549717,106313,1038240,0.10239732624441363
bred_vector,3,4,24.0,q700,-0.015026059001684189,0.04583459720015526,135229,1038240,0.13024830482354754
bred_vector,3,4,24.0,q850,-0.010160857811570168,0.03725392371416092,42697,1038240,0.04112440283556788
bred_vector,3,4,24.0,q925,-0.010010963305830956,0.039606764912605286,20840,1038240,0.020072430266605025
bred_vector,3,4,24.0,q1000,-0.008609741926193237,0.03989943861961365,17744,1038240,0.01709046077978117
bred_vector,3,5,30.0,u10m,-37.413665771484375,37.62008285522461,0,1038240,0.0
bred_vector,3,5,30.0,v10m,-29.688213348388672,31.198564529418945,0,1038240,0.0
bred_vector,3,5,30.0,u100m,-39.59393310546875,47.284427642822266,0,1038240,0.0
bred_vector,3,5,30.0,v100m,-38.150455474853516,36.14396286010742,0,1038240,0.0
bred_vector,3,5,30.0,t2m,226.203125,347.015869140625,26,1038240,2.504237941131145e-05
bred_vector,3,5,30.0,sp,44528.29296875,108166.3203125,0,1038240,0.0
bred_vector,3,5,30.0,msl,92134.859375,109279.984375,0,1038240,0.0
bred_vector,3,5,30.0,tcwv,-31.364904403686523,179.1777801513672,97205,1038240,0.09362478810294345
bred_vector,3,5,30.0,u50,-103.86517333984375,122.23319244384766,0,1038240,0.0
bred_vector,3,5,30.0,u100,-76.35302734375,115.89793395996094,0,1038240,0.0
bred_vector,3,5,30.0,u150,-116.96294403076172,139.08216857910156,0,1038240,0.0
bred_vector,3,5,30.0,u200,-157.2016143798828,144.75535583496094,19,1038240,1.830020033903529e-05
bred_vector,3,5,30.0,u250,-223.12876892089844,131.5153045654297,916,1038240,0.0008822622900292803
bred_vector,3,5,30.0,u300,-233.3848114013672,113.93665313720703,835,1038240,0.0008042456464786562
bred_vector,3,5,30.0,u400,-184.4495086669922,97.08575439453125,297,1038240,0.0002860610263522885
bred_vector,3,5,30.0,u500,-130.59295654296875,82.4638900756836,0,1038240,0.0
bred_vector,3,5,30.0,u600,-76.17186737060547,74.1214599609375,0,1038240,0.0
bred_vector,3,5,30.0,u700,-66.50341796875,64.86322784423828,0,1038240,0.0
bred_vector,3,5,30.0,u850,-62.32292175292969,65.29403686523438,0,1038240,0.0
bred_vector,3,5,30.0,u925,-62.87349319458008,58.57231903076172,0,1038240,0.0
bred_vector,3,5,30.0,u1000,-40.443233489990234,41.50000762939453,0,1038240,0.0
bred_vector,3,5,30.0,v50,-83.96649932861328,82.94176483154297,0,1038240,0.0
bred_vector,3,5,30.0,v100,-80.61677551269531,100.52288055419922,0,1038240,0.0
bred_vector,3,5,30.0,v150,-91.46244812011719,98.34053802490234,0,1038240,0.0
bred_vector,3,5,30.0,v200,-103.15687561035156,93.80492401123047,0,1038240,0.0
bred_vector,3,5,30.0,v250,-103.99669647216797,113.297119140625,0,1038240,0.0
bred_vector,3,5,30.0,v300,-84.92293548583984,97.8621826171875,0,1038240,0.0
bred_vector,3,5,30.0,v400,-82.26335906982422,70.61510467529297,0,1038240,0.0
bred_vector,3,5,30.0,v500,-67.82460021972656,70.0547103881836,0,1038240,0.0
bred_vector,3,5,30.0,v600,-64.53832244873047,69.7783203125,0,1038240,0.0
bred_vector,3,5,30.0,v700,-55.012142181396484,84.38023376464844,0,1038240,0.0
bred_vector,3,5,30.0,v850,-52.221065521240234,48.97159957885742,0,1038240,0.0
bred_vector,3,5,30.0,v925,-56.50956344604492,47.99530792236328,0,1038240,0.0
bred_vector,3,5,30.0,v1000,-33.88706970214844,35.17378616333008,0,1038240,0.0
bred_vector,3,5,30.0,z50,178869.046875,219385.15625,0,1038240,0.0
bred_vector,3,5,30.0,z100,145103.796875,175011.265625,0,1038240,0.0
bred_vector,3,5,30.0,z150,122483.765625,151093.4375,0,1038240,0.0
bred_vector,3,5,30.0,z200,104420.703125,132844.09375,0,1038240,0.0
bred_vector,3,5,30.0,z250,90617.4140625,117980.3984375,0,1038240,0.0
bred_vector,3,5,30.0,z300,79385.9140625,104994.7421875,0,1038240,0.0
bred_vector,3,5,30.0,z400,60724.5859375,82822.09375,0,1038240,0.0
bred_vector,3,5,30.0,z500,45843.5234375,65152.24609375,0,1038240,0.0
bred_vector,3,5,30.0,z600,33251.9921875,50252.16796875,0,1038240,0.0
bred_vector,3,5,30.0,z700,21675.787109375,37394.15625,0,1038240,0.0
bred_vector,3,5,30.0,z850,6743.65966796875,21000.34765625,0,1038240,0.0
bred_vector,3,5,30.0,z925,140.10107421875,13681.556640625,0,1038240,0.0
bred_vector,3,5,30.0,z1000,-6141.845703125,7143.75341796875,0,1038240,0.0
bred_vector,3,5,30.0,t50,153.25640869140625,264.495849609375,0,1038240,0.0
bred_vector,3,5,30.0,t100,141.301025390625,276.3985595703125,583,1038240,0.0005615271998767144
bred_vector,3,5,30.0,t150,176.31796264648438,272.3658447265625,0,1038240,0.0
bred_vector,3,5,30.0,t200,187.5386962890625,264.40087890625,0,1038240,0.0
bred_vector,3,5,30.0,t250,197.73902893066406,275.2542419433594,0,1038240,0.0
bred_vector,3,5,30.0,t300,202.60446166992188,284.087646484375,0,1038240,0.0
bred_vector,3,5,30.0,t400,217.5010528564453,294.2630310058594,0,1038240,0.0
bred_vector,3,5,30.0,t500,225.0663604736328,300.5226135253906,0,1038240,0.0
bred_vector,3,5,30.0,t600,229.23635864257812,308.837646484375,0,1038240,0.0
bred_vector,3,5,30.0,t700,235.6304931640625,322.2468566894531,0,1038240,0.0
bred_vector,3,5,30.0,t850,237.993408203125,332.3730163574219,0,1038240,0.0
bred_vector,3,5,30.0,t925,242.31405639648438,336.87176513671875,0,1038240,0.0
bred_vector,3,5,30.0,t1000,246.47471618652344,342.91204833984375,11,1038240,1.0594852827862536e-05
bred_vector,3,5,30.0,q50,-6.356694211717695e-05,7.253201329149306e-05,532650,1038240,0.5130316689782709
bred_vector,3,5,30.0,q100,-2.315236270078458e-05,2.7404919819673523e-05,440404,1038240,0.4241832331638157
bred_vector,3,5,30.0,q150,-5.9700261772377416e-05,0.00011428176367189735,247866,1038240,0.23873670827554322
bred_vector,3,5,30.0,q200,-0.00016802316531538963,0.0007208455936051905,171780,1038240,0.16545307443365695
bred_vector,3,5,30.0,q250,-0.0005279514007270336,0.0019000133033841848,157446,1038240,0.15164701803051317
bred_vector,3,5,30.0,q300,-0.0007181960390880704,0.004576055333018303,109196,1038240,0.1051741408537525
bred_vector,3,5,30.0,q400,-0.003392378333956003,0.012096471153199673,177846,1038240,0.1712956541840037
bred_vector,3,5,30.0,q500,-0.003945590928196907,0.019549386575818062,91024,1038240,0.08767144398212359
bred_vector,3,5,30.0,q600,-0.010475690476596355,0.031664762645959854,130520,1038240,0.1257127446447835
bred_vector,3,5,30.0,q700,-0.015429358929395676,0.04177727550268173,156662,1038240,0.15089189397441824
bred_vector,3,5,30.0,q850,-0.01070239208638668,0.03571734577417374,49982,1038240,0.04814108491292957
bred_vector,3,5,30.0,q925,-0.011756103485822678,0.0403740331530571,26286,1038240,0.025317845584835876
bred_vector,3,5,30.0,q1000,-0.010941023007035255,0.041493844240903854,21547,1038240,0.020753390352904917
bred_vector,3,6,36.0,u10m,-50.776981353759766,39.27165985107422,0,1038240,0.0
bred_vector,3,6,36.0,v10m,-27.729372024536133,29.834335327148438,0,1038240,0.0
bred_vector,3,6,36.0,u100m,-56.88014602661133,49.657020568847656,0,1038240,0.0
bred_vector,3,6,36.0,v100m,-37.6147575378418,35.03919219970703,0,1038240,0.0
bred_vector,3,6,36.0,t2m,229.87109375,332.9374084472656,0,1038240,0.0
bred_vector,3,6,36.0,sp,44329.01171875,108851.7734375,0,1038240,0.0
bred_vector,3,6,36.0,msl,91895.4296875,109937.5703125,0,1038240,0.0
bred_vector,3,6,36.0,tcwv,-33.509193420410156,185.3756866455078,100982,1038240,0.09726267529665587
bred_vector,3,6,36.0,u50,-109.18219757080078,129.11334228515625,0,1038240,0.0
bred_vector,3,6,36.0,u100,-86.904052734375,129.84742736816406,0,1038240,0.0
bred_vector,3,6,36.0,u150,-116.46459197998047,137.3710479736328,0,1038240,0.0
bred_vector,3,6,36.0,u200,-147.50897216796875,144.09742736816406,0,1038240,0.0
bred_vector,3,6,36.0,u250,-211.76544189453125,139.24754333496094,681,1038240,0.0006559177068885807
bred_vector,3,6,36.0,u300,-224.31068420410156,127.11563873291016,848,1038240,0.0008167668361843119
bred_vector,3,6,36.0,u400,-186.26455688476562,95.51055145263672,302,1038240,0.0002908768685467715
bred_vector,3,6,36.0,u500,-142.12310791015625,79.97169494628906,0,1038240,0.0
bred_vector,3,6,36.0,u600,-84.50121307373047,74.46377563476562,0,1038240,0.0
bred_vector,3,6,36.0,u700,-75.77291107177734,66.33065795898438,0,1038240,0.0
bred_vector,3,6,36.0,u850,-75.18379974365234,63.95077133178711,0,1038240,0.0
bred_vector,3,6,36.0,u925,-67.1334228515625,57.803043365478516,0,1038240,0.0
bred_vector,3,6,36.0,u1000,-53.91725158691406,44.99176788330078,0,1038240,0.0
bred_vector,3,6,36.0,v50,-84.98294830322266,86.29425811767578,0,1038240,0.0
bred_vector,3,6,36.0,v100,-92.14922332763672,95.05814361572266,0,1038240,0.0
bred_vector,3,6,36.0,v150,-103.42374420166016,109.0825424194336,0,1038240,0.0
bred_vector,3,6,36.0,v200,-108.49115753173828,116.2005615234375,0,1038240,0.0
bred_vector,3,6,36.0,v250,-98.10548400878906,112.40322875976562,0,1038240,0.0
bred_vector,3,6,36.0,v300,-95.57102966308594,95.09831237792969,0,1038240,0.0
bred_vector,3,6,36.0,v400,-94.44294738769531,72.59085845947266,0,1038240,0.0
bred_vector,3,6,36.0,v500,-64.18550872802734,72.24644470214844,0,1038240,0.0
bred_vector,3,6,36.0,v600,-60.37138748168945,79.55382537841797,0,1038240,0.0
bred_vector,3,6,36.0,v700,-60.45530319213867,81.16761016845703,0,1038240,0.0
bred_vector,3,6,36.0,v850,-46.91929244995117,52.962032318115234,0,1038240,0.0
bred_vector,3,6,36.0,v925,-42.916297912597656,47.32722854614258,0,1038240,0.0
bred_vector,3,6,36.0,v1000,-28.04827117919922,34.328025817871094,0,1038240,0.0
bred_vector,3,6,36.0,z50,178484.390625,220175.9375,0,1038240,0.0
bred_vector,3,6,36.0,z100,145135.875,177017.875,0,1038240,0.0
bred_vector,3,6,36.0,z150,122542.7578125,153317.375,0,1038240,0.0
bred_vector,3,6,36.0,z200,104212.734375,133413.96875,0,1038240,0.0
bred_vector,3,6,36.0,z250,90529.96875,118585.4140625,0,1038240,0.0
bred_vector,3,6,36.0,z300,79491.0,105526.5703125,0,1038240,0.0
bred_vector,3,6,36.0,z400,61130.609375,83244.6640625,0,1038240,0.0
bred_vector,3,6,36.0,z500,46065.40234375,65117.5390625,0,1038240,0.0
bred_vector,3,6,36.0,z600,33111.0,50310.18359375,0,1038240,0.0
bred_vector,3,6,36.0,z700,21608.39453125,37590.5,0,1038240,0.0
bred_vector,3,6,36.0,z850,6543.31982421875,21181.099609375,0,1038240,0.0
bred_vector,3,6,36.0,z925,-147.7978515625,13995.060546875,0,1038240,0.0
bred_vector,3,6,36.0,z1000,-6481.75,7581.38916015625,0,1038240,0.0
bred_vector,3,6,36.0,t50,150.02052307128906,267.5320739746094,0,1038240,0.0
bred_vector,3,6,36.0,t100,136.477783203125,274.9869384765625,998,1038240,0.000961242102018801
bred_vector,3,6,36.0,t150,175.47877502441406,282.5584716796875,0,1038240,0.0
bred_vector,3,6,36.0,t200,188.60040283203125,266.75146484375,0,1038240,0.0
bred_vector,3,6,36.0,t250,199.52108764648438,277.9942321777344,0,1038240,0.0
bred_vector,3,6,36.0,t300,201.6177978515625,285.9726867675781,0,1038240,0.0
bred_vector,3,6,36.0,t400,218.84652709960938,296.046875,0,1038240,0.0
bred_vector,3,6,36.0,t500,224.59939575195312,304.28228759765625,0,1038240,0.0
bred_vector,3,6,36.0,t600,226.8048553466797,311.72216796875,0,1038240,0.0
bred_vector,3,6,36.0,t700,236.88046264648438,325.7385559082031,0,1038240,0.0
bred_vector,3,6,36.0,t850,237.87486267089844,330.7759704589844,0,1038240,0.0
bred_vector,3,6,36.0,t925,241.19796752929688,328.4890441894531,0,1038240,0.0
bred_vector,3,6,36.0,t1000,245.0185546875,331.7669677734375,0,1038240,0.0
bred_vector,3,6,36.0,q50,-6.241645314730704e-05,7.134972111089155e-05,532415,1038240,0.5128053243951303
bred_vector,3,6,36.0,q100,-2.2209269445738755e-05,2.7272250008536503e-05,441575,1038240,0.4253111034057636
bred_vector,3,6,36.0,q150,-5.967680408502929e-05,0.00011981504212599248,258914,1038240,0.2493777931884728
bred_vector,3,6,36.0,q200,-0.00015771243488416076,0.000679317454341799,181701,1038240,0.17500866851595007
bred_vector,3,6,36.0,q250,-0.0006425382453016937,0.0018915679538622499,164076,1038240,0.1580328247803976
bred_vector,3,6,36.0,q300,-0.0006734982598572969,0.00443371944129467,114579,1038240,0.11035887656033287
bred_vector,3,6,36.0,q400,-0.0035565360449254513,0.013956606388092041,187590,1038240,0.1806807674526121
bred_vector,3,6,36.0,q500,-0.0035224766470491886,0.02105763927102089,97472,1038240,0.09388195407612883
bred_vector,3,6,36.0,q600,-0.012730165384709835,0.029330065473914146,141292,1038240,0.1360879950685776
bred_vector,3,6,36.0,q700,-0.020292187109589577,0.04809379577636719,178360,1038240,0.17179072276159654
bred_vector,3,6,36.0,q850,-0.010222379118204117,0.03861672058701515,57771,1038240,0.05564320388349515
bred_vector,3,6,36.0,q925,-0.009596724063158035,0.04175379499793053,27567,1038240,0.026551664355062413
bred_vector,3,6,36.0,q1000,-0.010448683053255081,0.0411311499774456,21244,1038240,0.020461550315919248
bred_vector,3,7,42.0,u10m,-39.02992630004883,48.91477966308594,0,1038240,0.0
bred_vector,3,7,42.0,v10m,-28.654987335205078,38.13016128540039,0,1038240,0.0
bred_vector,3,7,42.0,u100m,-43.51182174682617,60.34638214111328,0,1038240,0.0
bred_vector,3,7,42.0,v100m,-37.9865837097168,46.03388977050781,0,1038240,0.0
bred_vector,3,7,42.0,t2m,231.37217712402344,336.8005065917969,0,1038240,0.0
bred_vector,3,7,42.0,sp,44082.36328125,109073.8125,0,1038240,0.0
bred_vector,3,7,42.0,msl,91134.3671875,109925.90625,0,1038240,0.0
bred_vector,3,7,42.0,tcwv,-37.49608612060547,182.18472290039062,107270,1038240,0.10331907844043767
bred_vector,3,7,42.0,u50,-110.28082275390625,136.11569213867188,0,1038240,0.0
bred_vector,3,7,42.0,u100,-86.14153289794922,134.52239990234375,0,1038240,0.0
bred_vector,3,7,42.0,u150,-131.8836669921875,152.568115234375,19,1038240,1.830020033903529e-05
bred_vector,3,7,42.0,u200,-160.2019805908203,155.13705444335938,46,1038240,4.430574818924333e-05
bred_vector,3,7,42.0,u250,-207.65179443359375,133.1919403076172,411,1038240,0.0003958622283865002
bred_vector,3,7,42.0,u300,-217.3030242919922,121.12539672851562,589,1038240,0.000567306210510094
bred_vector,3,7,42.0,u400,-159.91256713867188,96.95305633544922,54,1038240,5.201109570041609e-05
bred_vector,3,7,42.0,u500,-135.58865356445312,82.19132995605469,0,1038240,0.0
bred_vector,3,7,42.0,u600,-84.74781036376953,76.68687438964844,0,1038240,0.0
bred_vector,3,7,42.0,u700,-74.2324447631836,71.69337463378906,0,1038240,0.0
bred_vector,3,7,42.0,u850,-67.95089721679688,84.65204620361328,0,1038240,0.0
bred_vector,3,7,42.0,u925,-54.53268051147461,69.55802917480469,0,1038240,0.0
bred_vector,3,7,42.0,u1000,-49.58662414550781,59.96372985839844,0,1038240,0.0
bred_vector,3,7,42.0,v50,-90.68223571777344,95.03824615478516,0,1038240,0.0
bred_vector,3,7,42.0,v100,-83.93048095703125,104.77974700927734,0,1038240,0.0
bred_vector,3,7,42.0,v150,-113.4474105834961,113.56426239013672,0,1038240,0.0
bred_vector,3,7,42.0,v200,-122.80984497070312,118.14954376220703,0,1038240,0.0
bred_vector,3,7,42.0,v250,-107.57855987548828,119.56427001953125,0,1038240,0.0
bred_vector,3,7,42.0,v300,-97.02139282226562,130.4481964111328,0,1038240,0.0
bred_vector,3,7,42.0,v400,-141.4021453857422,75.20682525634766,0,1038240,0.0
bred_vector,3,7,42.0,v500,-79.77078247070312,64.46868133544922,0,1038240,0.0
bred_vector,3,7,42.0,v600,-62.83181381225586,71.39808654785156,0,1038240,0.0
bred_vector,3,7,42.0,v700,-77.85232543945312,78.11007690429688,0,1038240,0.0
bred_vector,3,7,42.0,v850,-45.27998352050781,66.44025421142578,0,1038240,0.0
bred_vector,3,7,42.0,v925,-52.14469909667969,63.70134735107422,0,1038240,0.0
bred_vector,3,7,42.0,v1000,-32.45537185668945,38.267765045166016,0,1038240,0.0
bred_vector,3,7,42.0,z50,178406.625,221375.734375,0,1038240,0.0
bred_vector,3,7,42.0,z100,144909.078125,178633.84375,0,1038240,0.0
bred_vector,3,7,42.0,z150,122709.9375,155190.984375,0,1038240,0.0
bred_vector,3,7,42.0,z200,104225.453125,135184.59375,0,1038240,0.0
bred_vector,3,7,42.0,z250,90455.203125,118601.9609375,0,1038240,0.0
bred_vector,3,7,42.0,z300,79413.1328125,105460.4296875,0,1038240,0.0
bred_vector,3,7,42.0,z400,61312.9296875,83309.3125,0,1038240,0.0
bred_vector,3,7,42.0,z500,46151.5,65392.83984375,0,1038240,0.0
bred_vector,3,7,42.0,z600,33038.45703125,50623.91015625,0,1038240,0.0
bred_vector,3,7,42.0,z700,21367.8203125,37666.578125,0,1038240,0.0
bred_vector,3,7,42.0,z850,6127.90576171875,21304.9296875,0,1038240,0.0
bred_vector,3,7,42.0,z925,-704.68994140625,14126.03125,0,1038240,0.0
bred_vector,3,7,42.0,z1000,-7062.5703125,7663.951171875,0,1038240,0.0
bred_vector,3,7,42.0,t50,147.54351806640625,268.9366455078125,50,1038240,4.815842194482971e-05
bred_vector,3,7,42.0,t100,132.29214477539062,279.0460510253906,1898,1038240,0.0018280936970257358
bred_vector,3,7,42.0,t150,175.09600830078125,289.28082275390625,0,1038240,0.0
bred_vector,3,7,42.0,t200,187.33477783203125,269.8364562988281,0,1038240,0.0
bred_vector,3,7,42.0,t250,196.98684692382812,280.1667785644531,0,1038240,0.0
bred_vector,3,7,42.0,t300,201.0635223388672,287.6310119628906,0,1038240,0.0
bred_vector,3,7,42.0,t400,220.7913360595703,299.7015380859375,0,1038240,0.0
bred_vector,3,7,42.0,t500,225.09487915039062,307.739990234375,0,1038240,0.0
bred_vector,3,7,42.0,t600,229.30140686035156,312.44952392578125,0,1038240,0.0
bred_vector,3,7,42.0,t700,239.9608612060547,332.6524658203125,0,1038240,0.0
bred_vector,3,7,42.0,t850,242.6660919189453,333.5937194824219,0,1038240,0.0
bred_vector,3,7,42.0,t925,242.6847381591797,332.20208740234375,0,1038240,0.0
bred_vector,3,7,42.0,t1000,246.9854278564453,335.6153564453125,0,1038240,0.0
bred_vector,3,7,42.0,q50,-6.129223038442433e-05,7.014727452769876e-05,532199,1038240,0.5125972800123285
bred_vector,3,7,42.0,q100,-2.152847810066305e-05,2.7371797841624357e-05,441107,1038240,0.42486034057636
bred_vector,3,7,42.0,q150,-6.038830542820506e-05,0.00013146144920028746,269583,1038240,0.25965383726306057
bred_vector,3,7,42.0,q200,-0.00015442697622347623,0.0007228830363601446,194761,1038240,0.1875876483279396
bred_vector,3,7,42.0,q250,-0.0005502662970684469,0.0024181704502552748,177274,1038240,0.17074472183695485
bred_vector,3,7,42.0,q300,-0.0007217352977022529,0.004677376709878445,127889,1038240,0.12317864848204654
bred_vector,3,7,42.0,q400,-0.004344236571341753,0.013765059411525726,193766,1038240,0.1866292957312375
bred_vector,3,7,42.0,q500,-0.003619072027504444,0.02223943918943405,106858,1038240,0.10292225304361227
bred_vector,3,7,42.0,q600,-0.014564460143446922,0.02999618649482727,153208,1038240,0.14756511018646942
bred_vector,3,7,42.0,q700,-0.024322936311364174,0.04774608463048935,196367,1038240,0.18913449684080752
bred_vector,3,7,42.0,q850,-0.014464620500802994,0.04029113054275513,63380,1038240,0.06104561565726614
bred_vector,3,7,42.0,q925,-0.010112456977367401,0.04306744784116745,29844,1038240,0.028744798890429957
bred_vector,3,7,42.0,q1000,-0.011245548725128174,0.041385143995285034,23897,1038240,0.023016836184311912
bred_vector,3,8,48.0,u10m,-34.18730545043945,49.43265151977539,0,1038240,0.0
bred_vector,3,8,48.0,v10m,-25.244367599487305,39.287357330322266,0,1038240,0.0
bred_vector,3,8,48.0,u100m,-41.874752044677734,63.504798889160156,0,1038240,0.0
bred_vector,3,8,48.0,v100m,-31.16422462463379,48.54884719848633,0,1038240,0.0
bred_vector,3,8,48.0,t2m,232.24473571777344,337.47418212890625,0,1038240,0.0
bred_vector,3,8,48.0,sp,43933.6328125,108252.0390625,0,1038240,0.0
bred_vector,3,8,48.0,msl,91078.8828125,110569.6796875,86,1038240,8.283248574510711e-05
bred_vector,3,8,48.0,tcwv,-39.902198791503906,187.25164794921875,114279,1038240,0.11006992602866389
bred_vector,3,8,48.0,u50,-116.34546661376953,143.82559204101562,0,1038240,0.0
bred_vector,3,8,48.0,u100,-84.6464614868164,151.95745849609375,7,1038240,6.74217907227616e-06
bred_vector,3,8,48.0,u150,-117.2283706665039,169.64068603515625,499,1038240,0.0004806210510094005
bred_vector,3,8,48.0,u200,-172.80043029785156,145.03639221191406,37,1038240,3.563723223917399e-05
bred_vector,3,8,48.0,u250,-206.4648895263672,143.13589477539062,331,1038240,0.0003188087532747727
bred_vector,3,8,48.0,u300,-199.17959594726562,135.3460235595703,315,1038240,0.00030339805825242716
bred_vector,3,8,48.0,u400,-143.5908966064453,104.75820922851562,0,1038240,0.0
bred_vector,3,8,48.0,u500,-120.63516998291016,83.55631256103516,0,1038240,0.0
bred_vector,3,8,48.0,u600,-80.23821258544922,75.24972534179688,0,1038240,0.0
bred_vector,3,8,48.0,u700,-79.67610168457031,61.56523895263672,0,1038240,0.0
bred_vector,3,8,48.0,u850,-71.67711639404297,70.14586639404297,0,1038240,0.0
bred_vector,3,8,48.0,u925,-61.10682678222656,80.71925354003906,0,1038240,0.0
bred_vector,3,8,48.0,u1000,-44.03500747680664,61.68442153930664,0,1038240,0.0
bred_vector,3,8,48.0,v50,-80.21566009521484,81.23689270019531,0,1038240,0.0
bred_vector,3,8,48.0,v100,-83.77462005615234,94.51485443115234,0,1038240,0.0
bred_vector,3,8,48.0,v150,-89.85423278808594,105.64454650878906,0,1038240,0.0
bred_vector,3,8,48.0,v200,-137.72775268554688,111.71007537841797,0,1038240,0.0
bred_vector,3,8,48.0,v250,-102.85791778564453,130.37420654296875,0,1038240,0.0
bred_vector,3,8,48.0,v300,-80.1283187866211,152.64532470703125,5,1038240,4.8158421944829715e-06
bred_vector,3,8,48.0,v400,-89.23917388916016,74.74371337890625,0,1038240,0.0
bred_vector,3,8,48.0,v500,-79.47682189941406,62.66610336303711,0,1038240,0.0
bred_vector,3,8,48.0,v600,-72.05818176269531,87.12480926513672,0,1038240,0.0
bred_vector,3,8,48.0,v700,-69.45925903320312,77.31871032714844,0,1038240,0.0
bred_vector,3,8,48.0,v850,-46.67337417602539,64.86453247070312,0,1038240,0.0
bred_vector,3,8,48.0,v925,-47.10505294799805,53.59309387207031,0,1038240,0.0
bred_vector,3,8,48.0,v1000,-26.679462432861328,42.659027099609375,0,1038240,0.0
bred_vector,3,8,48.0,z50,178210.96875,222511.375,0,1038240,0.0
bred_vector,3,8,48.0,z100,144494.265625,179162.203125,0,1038240,0.0
bred_vector,3,8,48.0,z150,123252.4609375,155968.90625,0,1038240,0.0
bred_vector,3,8,48.0,z200,104244.0,135908.8125,0,1038240,0.0
bred_vector,3,8,48.0,z250,90450.34375,118819.90625,0,1038240,0.0
bred_vector,3,8,48.0,z300,79398.890625,105278.3203125,0,1038240,0.0
bred_vector,3,8,48.0,z400,60954.296875,83425.1484375,0,1038240,0.0
bred_vector,3,8,48.0,z500,45875.54296875,65572.1328125,0,1038240,0.0
bred_vector,3,8,48.0,z600,32845.45703125,50586.42578125,0,1038240,0.0
bred_vector,3,8,48.0,z700,21361.818359375,37645.8046875,0,1038240,0.0
bred_vector,3,8,48.0,z850,6125.73388671875,21556.23828125,0,1038240,0.0
bred_vector,3,8,48.0,z925,-798.8740234375,14577.2578125,0,1038240,0.0
bred_vector,3,8,48.0,z1000,-7179.658203125,8116.744140625,0,1038240,0.0
bred_vector,3,8,48.0,t50,144.9490966796875,269.2381286621094,696,1038240,0.0006703652334720296
bred_vector,3,8,48.0,t100,131.80838012695312,281.41900634765625,2505,1038240,0.0024127369394359686
bred_vector,3,8,48.0,t150,171.28268432617188,297.09552001953125,0,1038240,0.0
bred_vector,3,8,48.0,t200,186.09910583496094,272.2761535644531,0,1038240,0.0
bred_vector,3,8,48.0,t250,194.0017852783203,282.00494384765625,0,1038240,0.0
bred_vector,3,8,48.0,t300,201.95973205566406,289.95428466796875,0,1038240,0.0
bred_vector,3,8,48.0,t400,219.86639404296875,300.9646911621094,0,1038240,0.0
bred_vector,3,8,48.0,t500,226.1429901123047,308.19696044921875,0,1038240,0.0
bred_vector,3,8,48.0,t600,226.95851135253906,315.9801940917969,0,1038240,0.0
bred_vector,3,8,48.0,t700,239.2187042236328,333.92279052734375,0,1038240,0.0
bred_vector,3,8,48.0,t850,241.7215576171875,342.591064453125,12,1038240,1.1558021266759131e-05
bred_vector,3,8,48.0,t925,244.37841796875,335.2144470214844,0,1038240,0.0
bred_vector,3,8,48.0,t1000,247.82351684570312,338.8353271484375,0,1038240,0.0
bred_vector,3,8,48.0,q50,-6.01990323048085e-05,6.899611616972834e-05,531970,1038240,0.5123767144398212
bred_vector,3,8,48.0,q100,-2.0864041289314628e-05,2.736096939770505e-05,440729,1038240,0.4244962629064571
bred_vector,3,8,48.0,q150,-5.6524502724641934e-05,0.0001363322080578655,287598,1038240,0.27700531668978273
bred_vector,3,8,48.0,q200,-0.0001572006440255791,0.0007219230756163597,198167,1038240,0.1908682000308214
bred_vector,3,8,48.0,q250,-0.0006872330559417605,0.0021058679558336735,180942,1038240,0.17427762367082755
bred_vector,3,8,48.0,q300,-0.0008114093216136098,0.00555045623332262,131994,1038240,0.12713245492371705
bred_vector,3,8,48.0,q400,-0.0038470523431897163,0.013147221878170967,189826,1038240,0.1828344120819849
bred_vector,3,8,48.0,q500,-0.004720632452517748,0.023154007270932198,109944,1038240,0.10589459084604716
bred_vector,3,8,48.0,q600,-0.017398936673998833,0.03233249858021736,160867,1038240,0.15494201725997842
bred_vector,3,8,48.0,q700,-0.026963792741298676,0.047481000423431396,204990,1038240,0.19743989828941286
bred_vector,3,8,48.0,q850,-0.016249848529696465,0.04136570170521736,66328,1038240,0.0638850362151333
bred_vector,3,8,48.0,q925,-0.009875379502773285,0.04427909478545189,30656,1038240,0.029526891662813994
bred_vector,3,8,48.0,q1000,-0.011032437905669212,0.04093288630247116,24436,1038240,0.023535983972877178
bred_vector,3,9,54.0,u10m,-37.419769287109375,39.79176330566406,0,1038240,0.0
bred_vector,3,9,54.0,v10m,-22.22408103942871,29.799577713012695,0,1038240,0.0
bred_vector,3,9,54.0,u100m,-42.641693115234375,52.44979476928711,0,1038240,0.0
bred_vector,3,9,54.0,v100m,-29.21596908569336,35.33763885498047,0,1038240,0.0
bred_vector,3,9,54.0,t2m,228.0997772216797,331.06060791015625,0,1038240,0.0
bred_vector,3,9,54.0,sp,44072.38671875,108417.9921875,0,1038240,0.0
bred_vector,3,9,54.0,msl,91249.6640625,110734.3203125,256,1038240,0.00024657112035752815
bred_vector,3,9,54.0,tcwv,-47.91435241699219,198.3134307861328,120699,1038240,0.11625346740638003
bred_vector,3,9,54.0,u50,-116.20809173583984,140.81591796875,0,1038240,0.0
bred_vector,3,9,54.0,u100,-94.15711212158203,153.9980010986328,37,1038240,3.563723223917399e-05
bred_vector,3,9,54.0,u150,-116.8576431274414,175.47096252441406,821,1038240,0.0007907612883341038
bred_vector,3,9,54.0,u200,-147.56431579589844,153.4895477294922,24,1038240,2.3116042533518262e-05
bred_vector,3,9,54.0,u250,-189.93499755859375,126.10687255859375,319,1038240,0.00030725073200801357
bred_vector,3,9,54.0,u300,-175.28733825683594,124.052734375,268,1038240,0.00025812914162428723
bred_vector,3,9,54.0,u400,-127.45407104492188,95.68480682373047,0,1038240,0.0
bred_vector,3,9,54.0,u500,-103.63046264648438,84.46310424804688,0,1038240,0.0
bred_vector,3,9,54.0,u600,-76.0064697265625,78.11592102050781,0,1038240,0.0
bred_vector,3,9,54.0,u700,-65.11290740966797,76.96528625488281,0,1038240,0.0
bred_vector,3,9,54.0,u850,-66.89682006835938,57.84162902832031,0,1038240,0.0
bred_vector,3,9,54.0,u925,-58.425743103027344,59.11909484863281,0,1038240,0.0
bred_vector,3,9,54.0,u1000,-46.64634323120117,48.663597106933594,0,1038240,0.0
bred_vector,3,9,54.0,v50,-77.53977966308594,88.00000762939453,0,1038240,0.0
bred_vector,3,9,54.0,v100,-87.64803314208984,95.02552795410156,0,1038240,0.0
bred_vector,3,9,54.0,v150,-92.38261413574219,99.4469985961914,0,1038240,0.0
bred_vector,3,9,54.0,v200,-119.28031158447266,115.77848815917969,0,1038240,0.0
bred_vector,3,9,54.0,v250,-84.06840515136719,123.30619049072266,0,1038240,0.0
bred_vector,3,9,54.0,v300,-71.5699234008789,129.42794799804688,0,1038240,0.0
bred_vector,3,9,54.0,v400,-69.25541687011719,87.43641662597656,0,1038240,0.0
bred_vector,3,9,54.0,v500,-72.31155395507812,66.82472229003906,0,1038240,0.0
bred_vector,3,9,54.0,v600,-64.44671630859375,95.19526672363281,0,1038240,0.0
bred_vector,3,9,54.0,v700,-70.80066680908203,82.00122833251953,0,1038240,0.0
bred_vector,3,9,54.0,v850,-41.60041427612305,47.84284591674805,0,1038240,0.0
bred_vector,3,9,54.0,v925,-41.1052131652832,43.7431526184082,0,1038240,0.0
bred_vector,3,9,54.0,v1000,-26.875865936279297,34.537044525146484,0,1038240,0.0
bred_vector,3,9,54.0,z50,178179.53125,223622.9375,0,1038240,0.0
bred_vector,3,9,54.0,z100,144283.015625,179920.546875,0,1038240,0.0
bred_vector,3,9,54.0,z150,123634.328125,156657.578125,0,1038240,0.0
bred_vector,3,9,54.0,z200,103941.1953125,136513.109375,0,1038240,0.0
bred_vector,3,9,54.0,z250,90101.625,119159.1640625,0,1038240,0.0
bred_vector,3,9,54.0,z300,79144.890625,104942.65625,0,1038240,0.0
bred_vector,3,9,54.0,z400,60807.28515625,83074.5859375,0,1038240,0.0
bred_vector,3,9,54.0,z500,45903.75390625,65638.640625,0,1038240,0.0
bred_vector,3,9,54.0,z600,33188.5546875,50608.26171875,0,1038240,0.0
bred_vector,3,9,54.0,z700,21706.578125,37718.5,0,1038240,0.0
bred_vector,3,9,54.0,z850,6270.318359375,21902.6328125,0,1038240,0.0
bred_vector,3,9,54.0,z925,-635.4267578125,14926.6806640625,0,1038240,0.0
bred_vector,3,9,54.0,z1000,-6991.91552734375,8478.6689453125,0,1038240,0.0
bred_vector,3,9,54.0,t50,136.35739135742188,274.5654602050781,2623,1038240,0.0025263908152257666
bred_vector,3,9,54.0,t100,132.50511169433594,288.22369384765625,3067,1038240,0.0029540376020958546
bred_vector,3,9,54.0,t150,164.54318237304688,302.0738525390625,0,1038240,0.0
bred_vector,3,9,54.0,t200,183.9573974609375,275.475341796875,0,1038240,0.0
bred_vector,3,9,54.0,t250,192.19464111328125,285.0859069824219,0,1038240,0.0
bred_vector,3,9,54.0,t300,203.2825469970703,290.71563720703125,0,1038240,0.0
bred_vector,3,9,54.0,t400,220.39810180664062,302.3738708496094,0,1038240,0.0
bred_vector,3,9,54.0,t500,227.3948974609375,310.6182861328125,0,1038240,0.0
bred_vector,3,9,54.0,t600,225.8390655517578,320.42816162109375,0,1038240,0.0
bred_vector,3,9,54.0,t700,239.82684326171875,337.95025634765625,0,1038240,0.0
bred_vector,3,9,54.0,t850,240.6637420654297,338.7205505371094,0,1038240,0.0
bred_vector,3,9,54.0,t925,240.74327087402344,333.7421875,0,1038240,0.0
bred_vector,3,9,54.0,t1000,243.804931640625,332.8077697753906,0,1038240,0.0
bred_vector,3,9,54.0,q50,-5.9119782235939056e-05,6.786033191019669e-05,531732,1038240,0.5121474803513638
bred_vector,3,9,54.0,q100,-2.002816654567141e-05,2.7597297957981937e-05,441956,1038240,0.4256780705809832
bred_vector,3,9,54.0,q150,-5.4515567171620205e-05,0.0001394273858750239,300669,1038240,0.2895948913546001
bred_vector,3,9,54.0,q200,-0.0001679383567534387,0.0007546711130999029,206403,1038240,0.19880085529357375
bred_vector,3,9,54.0,q250,-0.0006727849249728024,0.0023036813363432884,179704,1038240,0.17308522114347358
bred_vector,3,9,54.0,q300,-0.0006490672240033746,0.005348243750631809,128497,1038240,0.12376425489289566
bred_vector,3,9,54.0,q400,-0.0036456980742514133,0.014116819016635418,189885,1038240,0.1828912390198798
bred_vector,3,9,54.0,q500,-0.004214114043861628,0.026631278917193413,112279,1038240,0.1081435891508707
bred_vector,3,9,54.0,q600,-0.018919507041573524,0.034180063754320145,166401,1038240,0.16027219140083218
bred_vector,3,9,54.0,q700,-0.030572231858968735,0.04883309453725815,209951,1038240,0.20221817691477886
bred_vector,3,9,54.0,q850,-0.015738466754555702,0.04054581746459007,70462,1038240,0.06786677454153182
bred_vector,3,9,54.0,q925,-0.010856129229068756,0.043597593903541565,34324,1038240,0.0330597934966867
bred_vector,3,9,54.0,q1000,-0.010420817881822586,0.043301939964294434,28739,1038240,0.027680497765449223
bred_vector,3,10,60.0,u10m,-35.7683219909668,34.806724548339844,0,1038240,0.0
bred_vector,3,10,60.0,v10m,-28.454753875732422,31.520286560058594,0,1038240,0.0
bred_vector,3,10,60.0,u100m,-43.2110595703125,45.52061080932617,0,1038240,0.0
bred_vector,3,10,60.0,v100m,-41.449424743652344,36.992835998535156,0,1038240,0.0
bred_vector,3,10,60.0,t2m,219.142822265625,330.94183349609375,0,1038240,0.0
bred_vector,3,10,60.0,sp,44202.9453125,108057.3046875,0,1038240,0.0
bred_vector,3,10,60.0,msl,91117.2109375,111218.734375,266,1038240,0.0002562028047464941
bred_vector,3,10,60.0,tcwv,-52.593597412109375,200.0988006591797,128808,1038240,0.12406380027739251
bred_vector,3,10,60.0,u50,-120.47640228271484,152.26438903808594,17,1038240,1.6373863461242103e-05
bred_vector,3,10,60.0,u100,-96.57125854492188,163.4612579345703,278,1038240,0.0002677608260132532
bred_vector,3,10,60.0,u150,-123.32231903076172,191.44338989257812,1230,1038240,0.001184697179842811
bred_vector,3,10,60.0,u200,-153.24951171875,153.57981872558594,75,1038240,7.223763291724457e-05
bred_vector,3,10,60.0,u250,-180.36154174804688,123.97581481933594,127,1038240,0.00012232239173986747
bred_vector,3,10,60.0,u300,-163.7732391357422,118.5496826171875,159,1038240,0.00015314378178455848
bred_vector,3,10,60.0,u400,-119.82574462890625,108.744873046875,0,1038240,0.0
bred_vector,3,10,60.0,u500,-96.27629089355469,96.90314483642578,0,1038240,0.0
bred_vector,3,10,60.0,u600,-85.49476623535156,83.87177276611328,0,1038240,0.0
bred_vector,3,10,60.0,u700,-67.7765121459961,77.57964324951172,0,1038240,0.0
bred_vector,3,10,60.0,u850,-66.60350036621094,60.524295806884766,0,1038240,0.0
bred_vector,3,10,60.0,u925,-61.09513473510742,56.41352462768555,0,1038240,0.0
bred_vector,3,10,60.0,u1000,-47.18415451049805,43.394126892089844,0,1038240,0.0
bred_vector,3,10,60.0,v50,-73.53365325927734,101.23152160644531,0,1038240,0.0
bred_vector,3,10,60.0,v100,-101.7901840209961,99.91915893554688,0,1038240,0.0
bred_vector,3,10,60.0,v150,-104.59391784667969,123.80445861816406,0,1038240,0.0
bred_vector,3,10,60.0,v200,-111.29508972167969,126.29884338378906,0,1038240,0.0
bred_vector,3,10,60.0,v250,-87.46106719970703,146.26829528808594,0,1038240,0.0
bred_vector,3,10,60.0,v300,-72.9343032836914,154.81234741210938,9,1038240,8.668515950069348e-06
bred_vector,3,10,60.0,v400,-69.91905975341797,86.50281524658203,0,1038240,0.0
bred_vector,3,10,60.0,v500,-71.13652038574219,92.8403549194336,0,1038240,0.0
bred_vector,3,10,60.0,v600,-68.29724884033203,102.01074981689453,0,1038240,0.0
bred_vector,3,10,60.0,v700,-71.10252380371094,83.80770111083984,0,1038240,0.0
bred_vector,3,10,60.0,v850,-54.56251907348633,49.318111419677734,0,1038240,0.0
bred_vector,3,10,60.0,v925,-47.66539764404297,44.781715393066406,0,1038240,0.0
bred_vector,3,10,60.0,v1000,-32.18460464477539,37.54591369628906,0,1038240,0.0
bred_vector,3,10,60.0,z50,177841.671875,224226.3125,0,1038240,0.0
bred_vector,3,10,60.0,z100,144022.640625,180815.21875,0,1038240,0.0
bred_vector,3,10,60.0,z150,123586.7734375,157169.984375,0,1038240,0.0
bred_vector,3,10,60.0,z200,103858.4296875,137342.6875,0,1038240,0.0
bred_vector,3,10,60.0,z250,90019.3046875,119805.4765625,0,1038240,0.0
bred_vector,3,10,60.0,z300,79026.453125,104886.53125,0,1038240,0.0
bred_vector,3,10,60.0,z400,60687.515625,82955.03125,0,1038240,0.0
bred_vector,3,10,60.0,z500,45885.140625,65683.796875,0,1038240,0.0
bred_vector,3,10,60.0,z600,33151.8671875,50577.26953125,0,1038240,0.0
bred_vector,3,10,60.0,z700,21568.28515625,37714.58203125,0,1038240,0.0
bred_vector,3,10,60.0,z850,6123.14111328125,22122.90625,0,1038240,0.0
bred_vector,3,10,60.0,z925,-760.3857421875,15176.31640625,0,1038240,0.0
bred_vector,3,10,60.0,z1000,-7141.6064453125,8733.9375,0,1038240,0.0
bred_vector,3,10,60.0,t50,133.63124084472656,276.0535888671875,5244,1038240,0.00505085529357374
bred_vector,3,10,60.0,t100,131.71780395507812,286.41290283203125,4504,1038240,0.00433811064879026
bred_vector,3,10,60.0,t150,155.20750427246094,306.8189392089844,0,1038240,0.0
bred_vector,3,10,60.0,t200,185.92295837402344,277.6914367675781,0,1038240,0.0
bred_vector,3,10,60.0,t250,191.9349822998047,285.4190673828125,0,1038240,0.0
bred_vector,3,10,60.0,t300,203.7036590576172,292.7025451660156,0,1038240,0.0
bred_vector,3,10,60.0,t400,218.04371643066406,306.11602783203125,0,1038240,0.0
bred_vector,3,10,60.0,t500,229.24806213378906,311.04217529296875,0,1038240,0.0
bred_vector,3,10,60.0,t600,228.78359985351562,326.4041748046875,0,1038240,0.0
bred_vector,3,10,60.0,t700,237.51638793945312,338.72564697265625,0,1038240,0.0
bred_vector,3,10,60.0,t850,243.41659545898438,337.7253112792969,0,1038240,0.0
bred_vector,3,10,60.0,t925,237.839599609375,332.639892578125,0,1038240,0.0
bred_vector,3,10,60.0,t1000,239.91615295410156,334.5458679199219,0,1038240,0.0
bred_vector,3,10,60.0,q50,-5.804586544400081e-05,6.674625910818577e-05,531537,1038240,0.511959662505779
bred_vector,3,10,60.0,q100,-1.943330789799802e-05,2.752496766333934e-05,442923,1038240,0.4266094544613962
bred_vector,3,10,60.0,q150,-5.948583202552982e-05,0.00014751151320524514,305081,1038240,0.2938443905070119
bred_vector,3,10,60.0,q200,-0.00015595211880281568,0.000739581068046391,212560,1038240,0.20473108337186008
bred_vector,3,10,60.0,q250,-0.0006463196477852762,0.002415180904790759,184915,1038240,0.17810429187856372
bred_vector,3,10,60.0,q300,-0.0006564095383509994,0.005529290065169334,132694,1038240,0.12780667283094468
bred_vector,3,10,60.0,q400,-0.0037817908450961113,0.014422968961298466,191907,1038240,0.1848387656033287
bred_vector,3,10,60.0,q500,-0.004893454257398844,0.026154877617955208,119909,1038240,0.11549256433965172
bred_vector,3,10,60.0,q600,-0.022725066170096397,0.03662610054016113,170357,1038240,0.16408248574510712
bred_vector,3,10,60.0,q700,-0.03380860760807991,0.05204988643527031,214219,1038240,0.20632897981198953
bred_vector,3,10,60.0,q850,-0.01678653620183468,0.04074358567595482,76832,1038240,0.07400215749730313
bred_vector,3,10,60.0,q925,-0.00969753973186016,0.04700144752860069,40842,1038240,0.0393377253814147
bred_vector,3,10,60.0,q1000,-0.010360375046730042,0.042494386434555054,32193,1038240,0.031007281553398058
bred_vector,3,11,66.0,u10m,-31.573455810546875,36.19245529174805,0,1038240,0.0
bred_vector,3,11,66.0,v10m,-23.268579483032227,31.77405548095703,0,1038240,0.0
bred_vector,3,11,66.0,u100m,-37.139530181884766,46.627506256103516,0,1038240,0.0
bred_vector,3,11,66.0,v100m,-29.981719970703125,40.18217849731445,0,1038240,0.0
bred_vector,3,11,66.0,t2m,211.5935516357422,334.9364929199219,0,1038240,0.0
bred_vector,3,11,66.0,sp,44487.9453125,107875.609375,0,1038240,0.0
bred_vector,3,11,66.0,msl,91217.3515625,110667.5859375,162,1038240,0.00015603328710124827
bred_vector,3,11,66.0,tcwv,-66.94606018066406,195.37806701660156,138385,1038240,0.13328806441670518
bred_vector,3,11,66.0,u50,-118.09265899658203,146.8456573486328,0,1038240,0.0
bred_vector,3,11,66.0,u100,-97.50213623046875,170.54454040527344,286,1038240,0.00027546617352442593
bred_vector,3,11,66.0,u150,-132.8628692626953,187.02304077148438,1128,1038240,0.0010864539990753583
bred_vector,3,11,66.0,u200,-145.75283813476562,166.3955535888672,298,1038240,0.00028702419479118506
bred_vector,3,11,66.0,u250,-162.51608276367188,136.42214965820312,41,1038240,3.948990599476036e-05
bred_vector,3,11,66.0,u300,-173.85513305664062,127.02738952636719,86,1038240,8.283248574510711e-05
bred_vector,3,11,66.0,u400,-124.74638366699219,112.6678237915039,0,1038240,0.0
bred_vector,3,11,66.0,u500,-113.47805786132812,101.12287902832031,0,1038240,0.0
bred_vector,3,11,66.0,u600,-88.16810607910156,75.9074478149414,0,1038240,0.0
bred_vector,3,11,66.0,u700,-66.48983001708984,74.59790802001953,0,1038240,0.0
bred_vector,3,11,66.0,u850,-78.50479125976562,69.43930053710938,0,1038240,0.0
bred_vector,3,11,66.0,u925,-55.225914001464844,64.04655456542969,0,1038240,0.0
bred_vector,3,11,66.0,u1000,-40.57448196411133,41.35747528076172,0,1038240,0.0
bred_vector,3,11,66.0,v50,-76.94599151611328,109.95069885253906,0,1038240,0.0
bred_vector,3,11,66.0,v100,-86.76312255859375,93.44908905029297,0,1038240,0.0
bred_vector,3,11,66.0,v150,-99.4206771850586,132.67149353027344,0,1038240,0.0
bred_vector,3,11,66.0,v200,-110.17961120605469,139.8170623779297,0,1038240,0.0
bred_vector,3,11,66.0,v250,-88.88113403320312,127.44103240966797,0,1038240,0.0
bred_vector,3,11,66.0,v300,-68.66776275634766,138.23223876953125,0,1038240,0.0
bred_vector,3,11,66.0,v400,-64.7121810913086,79.67237091064453,0,1038240,0.0
bred_vector,3,11,66.0,v500,-59.630836486816406,88.75459289550781,0,1038240,0.0
bred_vector,3,11,66.0,v600,-73.29045104980469,117.87460327148438,0,1038240,0.0
bred_vector,3,11,66.0,v700,-68.03974151611328,83.24205017089844,0,1038240,0.0
bred_vector,3,11,66.0,v850,-38.6955680847168,49.51075744628906,0,1038240,0.0
bred_vector,3,11,66.0,v925,-35.48464584350586,53.85680389404297,0,1038240,0.0
bred_vector,3,11,66.0,v1000,-26.62765121459961,40.47028732299805,0,1038240,0.0
bred_vector,3,11,66.0,z50,177550.265625,224923.09375,0,1038240,0.0
bred_vector,3,11,66.0,z100,144018.890625,181696.390625,0,1038240,0.0
bred_vector,3,11,66.0,z150,123569.53125,157909.453125,0,1038240,0.0
bred_vector,3,11,66.0,z200,104195.25,137798.515625,0,1038240,0.0
bred_vector,3,11,66.0,z250,90239.21875,120550.421875,0,1038240,0.0
bred_vector,3,11,66.0,z300,79193.515625,105486.5,0,1038240,0.0
bred_vector,3,11,66.0,z400,60984.14453125,83339.609375,0,1038240,0.0
bred_vector,3,11,66.0,z500,45774.1953125,65892.5859375,0,1038240,0.0
bred_vector,3,11,66.0,z600,32880.89453125,50907.3046875,0,1038240,0.0
bred_vector,3,11,66.0,z700,21415.0078125,37793.56640625,0,1038240,0.0
bred_vector,3,11,66.0,z850,6201.998046875,21808.541015625,0,1038240,0.0
bred_vector,3,11,66.0,z925,-645.091796875,14801.4287109375,0,1038240,0.0
bred_vector,3,11,66.0,z1000,-7085.45361328125,8316.0478515625,0,1038240,0.0
bred_vector,3,11,66.0,t50,130.5785369873047,269.95245361328125,7442,1038240,0.007167899522268454
bred_vector,3,11,66.0,t100,129.21002197265625,280.79205322265625,6085,1038240,0.005860879950685776
bred_vector,3,11,66.0,t150,147.36827087402344,310.5466613769531,140,1038240,0.00013484358144552318
bred_vector,3,11,66.0,t200,186.24102783203125,279.3837585449219,0,1038240,0.0
bred_vector,3,11,66.0,t250,193.59197998046875,286.6124267578125,0,1038240,0.0
bred_vector,3,11,66.0,t300,204.3452606201172,295.0638427734375,0,1038240,0.0
bred_vector,3,11,66.0,t400,219.68313598632812,305.98663330078125,0,1038240,0.0
bred_vector,3,11,66.0,t500,225.38856506347656,310.353515625,0,1038240,0.0
bred_vector,3,11,66.0,t600,226.72006225585938,327.9842834472656,0,1038240,0.0
bred_vector,3,11,66.0,t700,239.65382385253906,341.1950988769531,22,1038240,2.1189705655725073e-05
bred_vector,3,11,66.0,t850,241.50753784179688,341.26629638671875,8,1038240,7.705347511172755e-06
bred_vector,3,11,66.0,t925,235.67152404785156,337.4273681640625,0,1038240,0.0
bred_vector,3,11,66.0,t1000,234.8383331298828,334.5338134765625,0,1038240,0.0
bred_vector,3,11,66.0,q50,-5.69866388104856e-05,6.567472155438736e-05,531301,1038240,0.5117323547541994
bred_vector,3,11,66.0,q100,-1.8857510440284386e-05,2.7439973564469256e-05,443774,1038240,0.4274291108028972
bred_vector,3,11,66.0,q150,-5.918643364566378e-05,0.00016050015983637422,311179,1038240,0.2997177916474033
bred_vector,3,11,66.0,q200,-0.00015460771101061255,0.0008983659208752215,218847,1038240,0.21078652334720296
bred_vector,3,11,66.0,q250,-0.0006024924223311245,0.0025786475744098425,194445,1038240,0.18728328710124825
bred_vector,3,11,66.0,q300,-0.0007613319903612137,0.005160422530025244,141546,1038240,0.13633263985205732
bred_vector,3,11,66.0,q400,-0.004376452881842852,0.014975213445723057,190747,1038240,0.18372149021420867
bred_vector,3,11,66.0,q500,-0.006207286845892668,0.02559705637395382,123484,1038240,0.11893589150870704
bred_vector,3,11,66.0,q600,-0.026319287717342377,0.038019418716430664,181383,1038240,0.17470238095238094
bred_vector,3,11,66.0,q700,-0.0369027778506279,0.0562199167907238,217576,1038240,0.2095623362613654
bred_vector,3,11,66.0,q850,-0.01783023774623871,0.04271455109119415,83306,1038240,0.08023770997071968
bred_vector,3,11,66.0,q925,-0.01400827057659626,0.04614558815956116,42938,1038240,0.04135652642934196
bred_vector,3,11,66.0,q1000,-0.01393740251660347,0.04258792847394943,34381,1038240,0.0331146940977038
bred_vector,3,12,72.0,u10m,-36.9940299987793,40.65317153930664,0,1038240,0.0
bred_vector,3,12,72.0,v10m,-21.006126403808594,37.31632995605469,0,1038240,0.0
bred_vector,3,12,72.0,u100m,-44.81534957885742,51.490787506103516,0,1038240,0.0
bred_vector,3,12,72.0,v100m,-26.223636627197266,43.33534240722656,0,1038240,0.0
bred_vector,3,12,72.0,t2m,200.02493286132812,330.41510009765625,0,1038240,0.0
bred_vector,3,12,72.0,sp,44727.390625,107745.6875,0,1038240,0.0
bred_vector,3,12,72.0,msl,90734.8515625,110689.703125,141,1038240,0.00013580674988441978
bred_vector,3,12,72.0,tcwv,-67.75887298583984,211.14697265625,148009,1038240,0.142557597472646
bred_vector,3,12,72.0,u50,-107.35826873779297,148.3869171142578,0,1038240,0.0
bred_vector,3,12,72.0,u100,-103.35711669921875,162.20150756835938,380,1038240,0.0003660040067807058
bred_vector,3,12,72.0,u150,-136.4001007080078,194.2124481201172,1149,1038240,0.0011066805362921867
bred_vector,3,12,72.0,u200,-148.46751403808594,158.77069091796875,113,1038240,0.00010883803359531515
bred_vector,3,12,72.0,u250,-150.68882751464844,147.071533203125,2,1038240,1.9263368777931887e-06
bred_vector,3,12,72.0,u300,-156.1769561767578,144.22586059570312,28,1038240,2.696871628910464e-05
bred_vector,3,12,72.0,u400,-116.7365951538086,118.05964660644531,0,1038240,0.0
bred_vector,3,12,72.0,u500,-110.2486343383789,91.92325592041016,0,1038240,0.0
bred_vector,3,12,72.0,u600,-89.24678802490234,73.63151550292969,0,1038240,0.0
bred_vector,3,12,72.0,u700,-73.20450592041016,72.0196304321289,0,1038240,0.0
bred_vector,3,12,72.0,u850,-72.99166107177734,60.38357162475586,0,1038240,0.0
bred_vector,3,12,72.0,u925,-61.28208541870117,55.6540641784668,0,1038240,0.0
bred_vector,3,12,72.0,u1000,-41.48383331298828,46.648258209228516,0,1038240,0.0
bred_vector,3,12,72.0,v50,-83.7500991821289,109.48509216308594,0,1038240,0.0
bred_vector,3,12,72.0,v100,-84.67762756347656,78.34774017333984,0,1038240,0.0
bred_vector,3,12,72.0,v150,-108.64884948730469,110.3964614868164,0,1038240,0.0
bred_vector,3,12,72.0,v200,-122.50736999511719,135.8332061767578,0,1038240,0.0
bred_vector,3,12,72.0,v250,-98.58236694335938,144.4305877685547,0,1038240,0.0
bred_vector,3,12,72.0,v300,-96.99691009521484,151.00474548339844,3,1038240,2.889505316689783e-06
bred_vector,3,12,72.0,v400,-76.19694519042969,88.39129638671875,0,1038240,0.0
bred_vector,3,12,72.0,v500,-64.81586456298828,87.67163848876953,0,1038240,0.0
bred_vector,3,12,72.0,v600,-76.64246368408203,102.5566177368164,0,1038240,0.0
bred_vector,3,12,72.0,v700,-81.8568344116211,90.40937805175781,0,1038240,0.0
bred_vector,3,12,72.0,v850,-34.93073272705078,67.35249328613281,0,1038240,0.0
bred_vector,3,12,72.0,v925,-39.14125061035156,47.49173355102539,0,1038240,0.0
bred_vector,3,12,72.0,v1000,-28.271669387817383,38.40854263305664,0,1038240,0.0
bred_vector,3,12,72.0,z50,177279.984375,226222.296875,0,1038240,0.0
bred_vector,3,12,72.0,z100,143945.78125,182668.65625,0,1038240,0.0
bred_vector,3,12,72.0,z150,123477.8671875,159202.953125,0,1038240,0.0
bred_vector,3,12,72.0,z200,104792.953125,138729.234375,0,1038240,0.0
bred_vector,3,12,72.0,z250,90822.375,121018.8828125,0,1038240,0.0
bred_vector,3,12,72.0,z300,79834.875,105772.09375,0,1038240,0.0
bred_vector,3,12,72.0,z400,61174.390625,83463.5390625,0,1038240,0.0
bred_vector,3,12,72.0,z500,45788.26953125,65879.0,0,1038240,0.0
bred_vector,3,12,72.0,z600,32760.455078125,50657.17578125,0,1038240,0.0
bred_vector,3,12,72.0,z700,21235.025390625,37820.86328125,0,1038240,0.0
bred_vector,3,12,72.0,z850,5856.35546875,21911.9921875,0,1038240,0.0
bred_vector,3,12,72.0,z925,-1061.03076171875,14952.142578125,0,1038240,0.0
bred_vector,3,12,72.0,z1000,-7483.64599609375,8537.25,0,1038240,0.0
bred_vector,3,12,72.0,t50,130.77645874023438,268.1497497558594,9322,1038240,0.008978656187394051
bred_vector,3,12,72.0,t100,127.60118865966797,283.4350891113281,7316,1038240,0.007046540298967483
bred_vector,3,12,72.0,t150,144.88795471191406,314.7043151855469,255,1038240,0.00024560795191863155
bred_vector,3,12,72.0,t200,187.3383331298828,278.4935607910156,0,1038240,0.0
bred_vector,3,12,72.0,t250,193.5862274169922,287.85699462890625,0,1038240,0.0
bred_vector,3,12,72.0,t300,204.45004272460938,296.65069580078125,0,1038240,0.0
bred_vector,3,12,72.0,t400,218.8431396484375,305.71484375,0,1038240,0.0
bred_vector,3,12,72.0,t500,220.3114471435547,313.80010986328125,0,1038240,0.0
bred_vector,3,12,72.0,t600,220.49453735351562,325.6865234375,0,1038240,0.0
bred_vector,3,12,72.0,t700,240.67019653320312,338.23040771484375,0,1038240,0.0
bred_vector,3,12,72.0,t850,228.85289001464844,336.9958801269531,0,1038240,0.0
bred_vector,3,12,72.0,t925,235.581787109375,333.4140930175781,0,1038240,0.0
bred_vector,3,12,72.0,t1000,227.48182678222656,339.6075744628906,0,1038240,0.0
bred_vector,3,12,72.0,q50,-5.596997289103456e-05,6.460668373620138e-05,531064,1038240,0.5115040838341809
bred_vector,3,12,72.0,q100,-1.8649008779902942e-05,2.7551010134629905e-05,446037,1038240,0.4296087609801202
bred_vector,3,12,72.0,q150,-5.968546975054778e-05,0.0001617158850422129,310535,1038240,0.2990975111727539
bred_vector,3,12,72.0,q200,-0.00013385382771957666,0.0009794760262593627,224581,1038240,0.21630933117583603
bred_vector,3,12,72.0,q250,-0.0006162318168208003,0.002577340230345726,199085,1038240,0.19175238865772845
bred_vector,3,12,72.0,q300,-0.0009335649665445089,0.005177004262804985,150001,1038240,0.14447622900292803
bred_vector,3,12,72.0,q400,-0.003784515429288149,0.014701548032462597,186444,1038240,0.1795769764216366
bred_vector,3,12,72.0,q500,-0.007102543953806162,0.02689598686993122,127470,1038240,0.12277508090614887
bred_vector,3,12,72.0,q600,-0.024857977405190468,0.03663136065006256,193029,1038240,0.18591944059177068
bred_vector,3,12,72.0,q700,-0.040212132036685944,0.058630965650081635,218979,1038240,0.2109136615811373
bred_vector,3,12,72.0,q850,-0.020876608788967133,0.042936231940984726,87636,1038240,0.08440822931114193
bred_vector,3,12,72.0,q925,-0.0181418489664793,0.04741145670413971,49927,1038240,0.04808811064879026
bred_vector,3,12,72.0,q1000,-0.0185678880661726,0.04387328773736954,39493,1038240,0.038038411157343195
bred_vector,3,13,78.0,u10m,-37.134361267089844,46.622467041015625,0,1038240,0.0
bred_vector,3,13,78.0,v10m,-25.115407943725586,41.499088287353516,0,1038240,0.0
bred_vector,3,13,78.0,u100m,-46.532047271728516,57.262176513671875,0,1038240,0.0
bred_vector,3,13,78.0,v100m,-33.00352096557617,41.84591293334961,0,1038240,0.0
bred_vector,3,13,78.0,t2m,193.72035217285156,331.0021057128906,0,1038240,0.0
bred_vector,3,13,78.0,sp,44822.71484375,108200.75,0,1038240,0.0
bred_vector,3,13,78.0,msl,90794.0546875,110784.1953125,194,1038240,0.00018685467714593928
bred_vector,3,13,78.0,tcwv,-67.083984375,216.56613159179688,162489,1038240,0.1565042764678687
bred_vector,3,13,78.0,u50,-112.34573364257812,152.02273559570312,14,1038240,1.348435814455232e-05
bred_vector,3,13,78.0,u100,-107.33723449707031,175.62161254882812,657,1038240,0.0006328016643550624
bred_vector,3,13,78.0,u150,-126.2748031616211,198.35719299316406,808,1038240,0.0007782400986284481
bred_vector,3,13,78.0,u200,-157.77890014648438,165.480224609375,132,1038240,0.00012713823393435044
bred_vector,3,13,78.0,u250,-170.08106994628906,147.03173828125,38,1038240,3.660040067807058e-05
bred_vector,3,13,78.0,u300,-163.09213256835938,150.79409790039062,107,1038240,0.00010305902296193558
bred_vector,3,13,78.0,u400,-119.57258605957031,122.36038208007812,0,1038240,0.0
bred_vector,3,13,78.0,u500,-108.77073669433594,87.83282470703125,0,1038240,0.0
bred_vector,3,13,78.0,u600,-103.39579772949219,70.82278442382812,0,1038240,0.0
bred_vector,3,13,78.0,u700,-76.9349136352539,68.95130157470703,0,1038240,0.0
bred_vector,3,13,78.0,u850,-73.3989486694336,60.52100372314453,0,1038240,0.0
bred_vector,3,13,78.0,u925,-59.70001983642578,73.32449340820312,0,1038240,0.0
bred_vector,3,13,78.0,u1000,-46.7268180847168,50.560428619384766,0,1038240,0.0
bred_vector,3,13,78.0,v50,-85.46834564208984,103.82707214355469,0,1038240,0.0
bred_vector,3,13,78.0,v100,-75.17910766601562,89.14537811279297,0,1038240,0.0
bred_vector,3,13,78.0,v150,-115.19557189941406,103.30147552490234,0,1038240,0.0
bred_vector,3,13,78.0,v200,-117.80914306640625,134.19705200195312,0,1038240,0.0
bred_vector,3,13,78.0,v250,-118.77190399169922,141.7366485595703,0,1038240,0.0
bred_vector,3,13,78.0,v300,-123.22811126708984,149.0312042236328,0,1038240,0.0
bred_vector,3,13,78.0,v400,-93.45956420898438,96.26124572753906,0,1038240,0.0
bred_vector,3,13,78.0,v500,-59.577796936035156,102.46598815917969,0,1038240,0.0
bred_vector,3,13,78.0,v600,-70.03242492675781,104.08488464355469,0,1038240,0.0
bred_vector,3,13,78.0,v700,-75.16432189941406,101.05650329589844,0,1038240,0.0
bred_vector,3,13,78.0,v850,-42.03152847290039,55.225894927978516,0,1038240,0.0
bred_vector,3,13,78.0,v925,-44.175010681152344,52.6042594909668,0,1038240,0.0
bred_vector,3,13,78.0,v1000,-30.563854217529297,45.460777282714844,0,1038240,0.0
bred_vector,3,13,78.0,z50,176937.46875,226953.8125,0,1038240,0.0
bred_vector,3,13,78.0,z100,144186.9375,183763.6875,0,1038240,0.0
bred_vector,3,13,78.0,z150,123388.2890625,159115.578125,0,1038240,0.0
bred_vector,3,13,78.0,z200,104834.3046875,138794.59375,0,1038240,0.0
bred_vector,3,13,78.0,z250,91142.828125,121184.765625,0,1038240,0.0
bred_vector,3,13,78.0,z300,79878.3671875,105903.875,0,1038240,0.0
bred_vector,3,13,78.0,z400,60625.796875,83478.453125,0,1038240,0.0
bred_vector,3,13,78.0,z500,45238.8515625,65786.703125,0,1038240,0.0
bred_vector,3,13,78.0,z600,32199.73828125,50659.53125,0,1038240,0.0
bred_vector,3,13,78.0,z700,20694.64453125,37905.87890625,0,1038240,0.0
bred_vector,3,13,78.0,z850,5570.05224609375,21853.2109375,0,1038240,0.0
bred_vector,3,13,78.0,z925,-1142.8427734375,14972.42578125,0,1038240,0.0
bred_vector,3,13,78.0,z1000,-7392.765625,8633.6650390625,0,1038240,0.0
bred_vector,3,13,78.0,t50,129.60751342773438,268.49078369140625,11532,1038240,0.011107258437355525
bred_vector,3,13,78.0,t100,123.81436920166016,294.195068359375,8223,1038240,0.007920134073046694
bred_vector,3,13,78.0,t150,145.19271850585938,315.7433166503906,244,1038240,0.000235013099090769
bred_vector,3,13,78.0,t200,185.8169708251953,277.5791931152344,0,1038240,0.0
bred_vector,3,13,78.0,t250,193.82821655273438,289.3201904296875,0,1038240,0.0
bred_vector,3,13,78.0,t300,206.6939239501953,300.6862487792969,0,1038240,0.0
bred_vector,3,13,78.0,t400,218.6912841796875,303.8899230957031,0,1038240,0.0
bred_vector,3,13,78.0,t500,218.47088623046875,315.0315856933594,0,1038240,0.0
bred_vector,3,13,78.0,t600,226.7544708251953,323.77117919921875,0,1038240,0.0
bred_vector,3,13,78.0,t700,236.7197265625,330.28924560546875,0,1038240,0.0
bred_vector,3,13,78.0,t850,225.6930389404297,339.0595703125,0,1038240,0.0
bred_vector,3,13,78.0,t925,235.78636169433594,334.29156494140625,0,1038240,0.0
bred_vector,3,13,78.0,t1000,223.7502899169922,338.4520263671875,0,1038240,0.0
bred_vector,3,13,78.0,q50,-5.494585639098659e-05,6.352803757181391e-05,530856,1038240,0.5113037447988904
bred_vector,3,13,78.0,q100,-1.85986627911916e-05,2.755062268988695e-05,448170,1038240,0.4316631992602866
bred_vector,3,13,78.0,q150,-6.223371747182682e-05,0.00015963926853146404,310176,1038240,0.29875173370319
bred_vector,3,13,78.0,q200,-0.00016708388284314424,0.0010420831385999918,229856,1038240,0.22139004469101556
bred_vector,3,13,78.0,q250,-0.000647976528853178,0.0027252379804849625,200727,1038240,0.19333391123439667
bred_vector,3,13,78.0,q300,-0.0009436552645638585,0.005475503858178854,152632,1038240,0.14701032516566498
bred_vector,3,13,78.0,q400,-0.004175995476543903,0.014537502080202103,184131,1038240,0.1773491678224688
bred_vector,3,13,78.0,q500,-0.007134085055440664,0.02662418968975544,135769,1038240,0.1307684157805517
bred_vector,3,13,78.0,q600,-0.02592153288424015,0.03725411742925644,202625,1038240,0.1951620049314224
bred_vector,3,13,78.0,q700,-0.039287954568862915,0.058494068682193756,229132,1038240,0.22069271074125443
bred_vector,3,13,78.0,q850,-0.021955862641334534,0.04222947731614113,88482,1038240,0.08522306981044846
bred_vector,3,13,78.0,q925,-0.018932828679680824,0.044273246079683304,53670,1038240,0.051693250115580215
bred_vector,3,13,78.0,q1000,-0.020069744437932968,0.0447583943605423,42318,1038240,0.04075936199722607
bred_vector,3,14,84.0,u10m,-41.59611129760742,41.17216873168945,0,1038240,0.0
bred_vector,3,14,84.0,v10m,-26.484107971191406,38.93144607543945,0,1038240,0.0
bred_vector,3,14,84.0,u100m,-53.561805725097656,50.566341400146484,0,1038240,0.0
bred_vector,3,14,84.0,v100m,-34.58963394165039,43.19527816772461,0,1038240,0.0
bred_vector,3,14,84.0,t2m,192.9490966796875,333.116943359375,0,1038240,0.0
bred_vector,3,14,84.0,sp,44846.2734375,107479.625,0,1038240,0.0
bred_vector,3,14,84.0,msl,90596.6953125,110569.921875,102,1038240,9.824318076745262e-05
bred_vector,3,14,84.0,tcwv,-88.17183685302734,223.9493408203125,172783,1038240,0.16641913237787023
bred_vector,3,14,84.0,u50,-122.02381134033203,146.99716186523438,0,1038240,0.0
bred_vector,3,14,84.0,u100,-95.95565032958984,186.3346710205078,822,1038240,0.0007917244567730004
bred_vector,3,14,84.0,u150,-145.49501037597656,171.20285034179688,535,1038240,0.000515295114809678
bred_vector,3,14,84.0,u200,-155.1449432373047,159.29922485351562,193,1038240,0.00018589150870704268
bred_vector,3,14,84.0,u250,-159.3630828857422,139.8828887939453,21,1038240,2.022653721682848e-05
bred_vector,3,14,84.0,u300,-176.1997833251953,118.8881607055664,112,1038240,0.00010787486515641856
bred_vector,3,14,84.0,u400,-118.3111801147461,111.5668716430664,0,1038240,0.0
bred_vector,3,14,84.0,u500,-108.8917007446289,86.29924011230469,0,1038240,0.0
bred_vector,3,14,84.0,u600,-106.66887664794922,90.62496948242188,0,1038240,0.0
bred_vector,3,14,84.0,u700,-75.48056030273438,81.8355484008789,0,1038240,0.0
bred_vector,3,14,84.0,u850,-73.15091705322266,56.846282958984375,0,1038240,0.0
bred_vector,3,14,84.0,u925,-72.27560424804688,54.79632568359375,0,1038240,0.0
bred_vector,3,14,84.0,u1000,-48.92291259765625,44.15323257446289,0,1038240,0.0
bred_vector,3,14,84.0,v50,-83.97962951660156,105.82456970214844,0,1038240,0.0
bred_vector,3,14,84.0,v100,-89.50288391113281,94.45906066894531,0,1038240,0.0
bred_vector,3,14,84.0,v150,-105.3097152709961,111.30108642578125,0,1038240,0.0
bred_vector,3,14,84.0,v200,-114.58435821533203,135.6183319091797,0,1038240,0.0
bred_vector,3,14,84.0,v250,-118.84622955322266,128.04122924804688,0,1038240,0.0
bred_vector,3,14,84.0,v300,-112.3010025024414,122.1017074584961,0,1038240,0.0
bred_vector,3,14,84.0,v400,-114.73609924316406,90.42115020751953,0,1038240,0.0
bred_vector,3,14,84.0,v500,-61.61082458496094,93.40156555175781,0,1038240,0.0
bred_vector,3,14,84.0,v600,-65.6883773803711,95.89463806152344,0,1038240,0.0
bred_vector,3,14,84.0,v700,-63.959930419921875,90.72040557861328,0,1038240,0.0
bred_vector,3,14,84.0,v850,-45.90097427368164,51.320579528808594,0,1038240,0.0
bred_vector,3,14,84.0,v925,-36.88432693481445,51.181884765625,0,1038240,0.0
bred_vector,3,14,84.0,v1000,-29.285930633544922,44.036476135253906,0,1038240,0.0
bred_vector,3,14,84.0,z50,176980.53125,227036.59375,0,1038240,0.0
bred_vector,3,14,84.0,z100,144386.984375,184828.671875,0,1038240,0.0
bred_vector,3,14,84.0,z150,123383.0234375,159596.0625,0,1038240,0.0
bred_vector,3,14,84.0,z200,104746.265625,138845.0,0,1038240,0.0
bred_vector,3,14,84.0,z250,90846.546875,120998.2578125,0,1038240,0.0
bred_vector,3,14,84.0,z300,79479.9140625,105798.3359375,0,1038240,0.0
bred_vector,3,14,84.0,z400,61070.53515625,83386.65625,0,1038240,0.0
bred_vector,3,14,84.0,z500,45727.046875,65520.484375,0,1038240,0.0
bred_vector,3,14,84.0,z600,32454.060546875,50751.87109375,0,1038240,0.0
bred_vector,3,14,84.0,z700,20823.33984375,37999.03125,0,1038240,0.0
bred_vector,3,14,84.0,z850,5558.87646484375,21789.51171875,0,1038240,0.0
bred_vector,3,14,84.0,z925,-1202.9130859375,14900.7470703125,0,1038240,0.0
bred_vector,3,14,84.0,z1000,-7525.84912109375,8531.1357421875,0,1038240,0.0
bred_vector,3,14,84.0,t50,125.60098266601562,275.4720458984375,13320,1038240,0.012829403606102635
bred_vector,3,14,84.0,t100,120.94239807128906,296.4228515625,10635,1038240,0.01024329634766528
bred_vector,3,14,84.0,t150,144.3958740234375,313.0281066894531,273,1038240,0.00026294498381877025
bred_vector,3,14,84.0,t200,188.57534790039062,281.3519592285156,0,1038240,0.0
bred_vector,3,14,84.0,t250,192.3509063720703,290.6018981933594,0,1038240,0.0
bred_vector,3,14,84.0,t300,206.988037109375,302.43695068359375,0,1038240,0.0
bred_vector,3,14,84.0,t400,217.7323455810547,306.56878662109375,0,1038240,0.0
bred_vector,3,14,84.0,t500,217.08621215820312,313.1804504394531,0,1038240,0.0
bred_vector,3,14,84.0,t600,221.67477416992188,326.6805114746094,0,1038240,0.0
bred_vector,3,14,84.0,t700,233.42752075195312,332.19622802734375,0,1038240,0.0
bred_vector,3,14,84.0,t850,235.57896423339844,339.1975402832031,0,1038240,0.0
bred_vector,3,14,84.0,t925,226.6077880859375,335.66998291015625,0,1038240,0.0
bred_vector,3,14,84.0,t1000,211.6314697265625,340.2730407714844,6,1038240,5.779010633379566e-06
bred_vector,3,14,84.0,q50,-5.392973980633542e-05,6.2480554333888e-05,530631,1038240,0.5110870319001387
bred_vector,3,14,84.0,q100,-1.8453536540619098e-05,2.7183108613826334e-05,449907,1038240,0.43333622283865003
bred_vector,3,14,84.0,q150,-6.089722955948673e-05,0.00015133859415072948,311475,1038240,0.30000288950531667
bred_vector,3,14,84.0,q200,-0.00017496578220743686,0.0010320789879187942,234025,1038240,0.22540549391277548
bred_vector,3,14,84.0,q250,-0.0006563459173776209,0.0029293398838490248,201410,1038240,0.19399175527816304
bred_vector,3,14,84.0,q300,-0.0010905010858550668,0.00532903429120779,156185,1038240,0.15043246262906457
bred_vector,3,14,84.0,q400,-0.0045248293317854404,0.013709490187466145,187319,1038240,0.18041974880567113
bred_vector,3,14,84.0,q500,-0.007121156435459852,0.025889603421092033,141629,1038240,0.13641258283248575
bred_vector,3,14,84.0,q600,-0.02439524047076702,0.037928130477666855,211910,1038240,0.20410502388657728
bred_vector,3,14,84.0,q700,-0.036018744111061096,0.05917493253946304,237180,1038240,0.22844429033749422
bred_vector,3,14,84.0,q850,-0.02286604605615139,0.04575718939304352,91264,1038240,0.08790260440745877
bred_vector,3,14,84.0,q925,-0.024730274453759193,0.04562147334218025,56915,1038240,0.05481873169979966
bred_vector,3,14,84.0,q1000,-0.021805008873343468,0.04542975872755051,45395,1038240,0.0437230312837109
bred_vector,3,15,90.0,u10m,-34.26011657714844,33.76994323730469,0,1038240,0.0
bred_vector,3,15,90.0,v10m,-28.126394271850586,34.21908187866211,0,1038240,0.0
bred_vector,3,15,90.0,u100m,-42.42877197265625,43.06418991088867,0,1038240,0.0
bred_vector,3,15,90.0,v100m,-34.92389678955078,36.79273223876953,0,1038240,0.0
bred_vector,3,15,90.0,t2m,179.31640625,332.28570556640625,0,1038240,0.0
bred_vector,3,15,90.0,sp,44912.11328125,107534.9453125,0,1038240,0.0
bred_vector,3,15,90.0,msl,90630.5859375,110926.8515625,93,1038240,8.957466481738327e-05
bred_vector,3,15,90.0,tcwv,-107.41162872314453,217.8505401611328,186934,1038240,0.18004892895669594
bred_vector,3,15,90.0,u50,-123.4198226928711,139.62423706054688,0,1038240,0.0
bred_vector,3,15,90.0,u100,-99.81014251708984,181.5204315185547,614,1038240,0.0005913854214825089
bred_vector,3,15,90.0,u150,-138.1754913330078,167.90184020996094,615,1038240,0.0005923485899214055
bred_vector,3,15,90.0,u200,-144.8871612548828,182.49798583984375,479,1038240,0.00046135768223146866
bred_vector,3,15,90.0,u250,-147.86573791503906,146.99876403808594,0,1038240,0.0
bred_vector,3,15,90.0,u300,-161.57533264160156,122.57597351074219,64,1038240,6.164278008938204e-05
bred_vector,3,15,90.0,u400,-113.9985122680664,108.60186767578125,0,1038240,0.0
bred_vector,3,15,90.0,u500,-97.47510528564453,78.44798278808594,0,1038240,0.0
bred_vector,3,15,90.0,u600,-108.53553009033203,72.664306640625,0,1038240,0.0
bred_vector,3,15,90.0,u700,-80.8569107055664,71.8321762084961,0,1038240,0.0
bred_vector,3,15,90.0,u850,-72.39824676513672,59.9575080871582,0,1038240,0.0
bred_vector,3,15,90.0,u925,-61.736000061035156,58.18758773803711,0,1038240,0.0
bred_vector,3,15,90.0,u1000,-44.123573303222656,34.555233001708984,0,1038240,0.0
bred_vector,3,15,90.0,v50,-81.3004379272461,101.26048278808594,0,1038240,0.0
bred_vector,3,15,90.0,v100,-81.51177978515625,92.80265045166016,0,1038240,0.0
bred_vector,3,15,90.0,v150,-93.03186798095703,111.45674133300781,0,1038240,0.0
bred_vector,3,15,90.0,v200,-110.39103698730469,104.79607391357422,0,1038240,0.0
bred_vector,3,15,90.0,v250,-105.22007751464844,119.80105590820312,0,1038240,0.0
bred_vector,3,15,90.0,v300,-104.62300109863281,122.46080017089844,0,1038240,0.0
bred_vector,3,15,90.0,v400,-117.67404174804688,77.62092590332031,0,1038240,0.0
bred_vector,3,15,90.0,v500,-55.959625244140625,80.2740707397461,0,1038240,0.0
bred_vector,3,15,90.0,v600,-65.05096435546875,101.31382751464844,0,1038240,0.0
bred_vector,3,15,90.0,v700,-59.083038330078125,93.05101013183594,0,1038240,0.0
bred_vector,3,15,90.0,v850,-52.095027923583984,52.96160125732422,0,1038240,0.0
bred_vector,3,15,90.0,v925,-46.41552734375,46.851715087890625,0,1038240,0.0
bred_vector,3,15,90.0,v1000,-32.38245391845703,35.01251220703125,0,1038240,0.0
bred_vector,3,15,90.0,z50,177112.515625,227526.4375,0,1038240,0.0
bred_vector,3,15,90.0,z100,144491.53125,185559.328125,0,1038240,0.0
bred_vector,3,15,90.0,z150,123300.5234375,159667.515625,0,1038240,0.0
bred_vector,3,15,90.0,z200,105102.734375,139154.0,0,1038240,0.0
bred_vector,3,15,90.0,z250,91284.5625,121270.4296875,0,1038240,0.0
bred_vector,3,15,90.0,z300,79860.359375,105900.34375,0,1038240,0.0
bred_vector,3,15,90.0,z400,60870.171875,82959.5859375,0,1038240,0.0
bred_vector,3,15,90.0,z500,45814.2578125,65484.3515625,0,1038240,0.0
bred_vector,3,15,90.0,z600,32836.6484375,50839.84375,0,1038240,0.0
bred_vector,3,15,90.0,z700,21220.71484375,38012.17578125,0,1038240,0.0
bred_vector,3,15,90.0,z850,5727.0361328125,21672.14453125,0,1038240,0.0
bred_vector,3,15,90.0,z925,-1170.22119140625,14771.986328125,0,1038240,0.0
bred_vector,3,15,90.0,z1000,-7612.30712890625,8358.5986328125,0,1038240,0.0
bred_vector,3,15,90.0,t50,117.27134704589844,276.14971923828125,15782,1038240,0.01520072430266605
bred_vector,3,15,90.0,t100,114.89180755615234,297.01300048828125,13088,1038240,0.012605948528278626
bred_vector,3,15,90.0,t150,145.73046875,316.00677490234375,230,1038240,0.00022152874094621668
bred_vector,3,15,90.0,t200,186.74853515625,283.4673767089844,0,1038240,0.0
bred_vector,3,15,90.0,t250,194.6686553955078,290.9810485839844,0,1038240,0.0
bred_vector,3,15,90.0,t300,204.4904022216797,302.5833435058594,0,1038240,0.0
bred_vector,3,15,90.0,t400,219.44528198242188,305.42608642578125,0,1038240,0.0
bred_vector,3,15,90.0,t500,215.6962127685547,311.10125732421875,0,1038240,0.0
bred_vector,3,15,90.0,t600,224.50498962402344,326.3856506347656,0,1038240,0.0
bred_vector,3,15,90.0,t700,234.76895141601562,336.74700927734375,0,1038240,0.0
bred_vector,3,15,90.0,t850,230.4318084716797,340.49603271484375,4,1038240,3.852673755586377e-06
bred_vector,3,15,90.0,t925,222.58880615234375,332.0425720214844,0,1038240,0.0
bred_vector,3,15,90.0,t1000,217.9312744140625,341.827392578125,10,1038240,9.631684388965943e-06
bred_vector,3,15,90.0,q50,-5.2977135055698454e-05,6.146143277874216e-05,530365,1038240,0.5108308290953922
bred_vector,3,15,90.0,q100,-1.8322780306334607e-05,2.716268863878213e-05,452239,1038240,0.4355823316381569
bred_vector,3,15,90.0,q150,-6.546522490680218e-05,0.0001547119754832238,310206,1038240,0.2987806287563569
bred_vector,3,15,90.0,q200,-0.00016235673683695495,0.0011295179137960076,234085,1038240,0.22546328401910926
bred_vector,3,15,90.0,q250,-0.0006709302542731166,0.002754905028268695,202538,1038240,0.1950782092772384
bred_vector,3,15,90.0,q300,-0.001251701614819467,0.005549777764827013,149263,1038240,0.14376541069502236
bred_vector,3,15,90.0,q400,-0.004783960524946451,0.014405747875571251,188438,1038240,0.18149753428879642
bred_vector,3,15,90.0,q500,-0.007775906939059496,0.02515002340078354,143657,1038240,0.13836588842656805
bred_vector,3,15,90.0,q600,-0.024311475455760956,0.039846260100603104,220448,1038240,0.2123285560178764
bred_vector,3,15,90.0,q700,-0.043863411992788315,0.056735411286354065,245737,1038240,0.2366861226691324
bred_vector,3,15,90.0,q850,-0.02265980839729309,0.04528457671403885,94009,1038240,0.09054650177222993
bred_vector,3,15,90.0,q925,-0.02457348443567753,0.045247986912727356,59351,1038240,0.05716501001695176
bred_vector,3,15,90.0,q1000,-0.025025615468621254,0.046801287680864334,47850,1038240,0.04608760980120204
bred_vector,3,16,96.0,u10m,-38.2277946472168,30.28733253479004,0,1038240,0.0
bred_vector,3,16,96.0,v10m,-24.708276748657227,33.72822952270508,0,1038240,0.0
bred_vector,3,16,96.0,u100m,-46.95588684082031,38.339473724365234,0,1038240,0.0
bred_vector,3,16,96.0,v100m,-30.376684188842773,37.805355072021484,0,1038240,0.0
bred_vector,3,16,96.0,t2m,181.74496459960938,331.1002502441406,0,1038240,0.0
bred_vector,3,16,96.0,sp,44763.421875,107347.21875,0,1038240,0.0
bred_vector,3,16,96.0,msl,90946.34375,111215.359375,125,1038240,0.00012039605486207428
bred_vector,3,16,96.0,tcwv,-117.23033142089844,226.6389923095703,192156,1038240,0.18507859454461395
bred_vector,3,16,96.0,u50,-118.38788604736328,128.89373779296875,0,1038240,0.0
bred_vector,3,16,96.0,u100,-104.72050476074219,181.9178466796875,548,1038240,0.0005278163045153336
bred_vector,3,16,96.0,u150,-140.6362762451172,169.33880615234375,564,1038240,0.0005432269995376791
bred_vector,3,16,96.0,u200,-144.6091766357422,159.8087921142578,89,1038240,8.57219910617969e-05
bred_vector,3,16,96.0,u250,-130.38304138183594,142.89076232910156,0,1038240,0.0
bred_vector,3,16,96.0,u300,-173.7696533203125,126.99085235595703,82,1038240,7.897981198952072e-05
bred_vector,3,16,96.0,u400,-106.25068664550781,96.3189468383789,0,1038240,0.0
bred_vector,3,16,96.0,u500,-84.68011474609375,82.90718078613281,0,1038240,0.0
bred_vector,3,16,96.0,u600,-104.54067993164062,80.04949951171875,0,1038240,0.0
bred_vector,3,16,96.0,u700,-75.77153015136719,65.18201446533203,0,1038240,0.0
bred_vector,3,16,96.0,u850,-71.3582992553711,60.537818908691406,0,1038240,0.0
bred_vector,3,16,96.0,u925,-62.53159713745117,47.10478973388672,0,1038240,0.0
bred_vector,3,16,96.0,u1000,-42.008201599121094,32.553951263427734,0,1038240,0.0
bred_vector,3,16,96.0,v50,-83.65520477294922,105.70203399658203,0,1038240,0.0
bred_vector,3,16,96.0,v100,-80.00305938720703,103.20246887207031,0,1038240,0.0
bred_vector,3,16,96.0,v150,-99.58511352539062,95.61273956298828,0,1038240,0.0
bred_vector,3,16,96.0,v200,-122.7243881225586,122.2310791015625,0,1038240,0.0
bred_vector,3,16,96.0,v250,-111.33269500732422,130.49679565429688,0,1038240,0.0
bred_vector,3,16,96.0,v300,-106.4885482788086,127.52571105957031,0,1038240,0.0
bred_vector,3,16,96.0,v400,-90.5427474975586,90.46722412109375,0,1038240,0.0
bred_vector,3,16,96.0,v500,-58.64285659790039,94.33158111572266,0,1038240,0.0
bred_vector,3,16,96.0,v600,-59.113861083984375,98.97148132324219,0,1038240,0.0
bred_vector,3,16,96.0,v700,-66.06051635742188,83.38851928710938,0,1038240,0.0
bred_vector,3,16,96.0,v850,-43.68943786621094,48.73922348022461,0,1038240,0.0
bred_vector,3,16,96.0,v925,-39.16883850097656,45.364166259765625,0,1038240,0.0
bred_vector,3,16,96.0,v1000,-31.873140335083008,35.37370300292969,0,1038240,0.0
bred_vector,3,16,96.0,z50,177338.078125,227842.1875,0,1038240,0.0
bred_vector,3,16,96.0,z100,144648.109375,186391.203125,0,1038240,0.0
bred_vector,3,16,96.0,z150,122822.625,159657.546875,0,1038240,0.0
bred_vector,3,16,96.0,z200,105141.8828125,138879.96875,0,1038240,0.0
bred_vector,3,16,96.0,z250,91521.328125,121080.859375,0,1038240,0.0
bred_vector,3,16,96.0,z300,80114.8359375,105774.96875,0,1038240,0.0
bred_vector,3,16,96.0,z400,60992.8984375,82988.609375,0,1038240,0.0
bred_vector,3,16,96.0,z500,46253.29296875,65466.0703125,0,1038240,0.0
bred_vector,3,16,96.0,z600,33028.26171875,50683.62109375,0,1038240,0.0
bred_vector,3,16,96.0,z700,21150.119140625,37971.890625,0,1038240,0.0
bred_vector,3,16,96.0,z850,5809.07177734375,21775.654296875,0,1038240,0.0
bred_vector,3,16,96.0,z925,-973.14697265625,14828.490234375,0,1038240,0.0
bred_vector,3,16,96.0,z1000,-7255.67138671875,8332.390625,0,1038240,0.0
bred_vector,3,16,96.0,t50,124.03570556640625,272.8948974609375,19359,1038240,0.018645977808599168
bred_vector,3,16,96.0,t100,110.62774658203125,301.25408935546875,14753,1038240,0.014209623979041455
bred_vector,3,16,96.0,t150,143.97293090820312,319.8345642089844,294,1038240,0.0002831715210355987
bred_vector,3,16,96.0,t200,186.2532958984375,286.4105224609375,0,1038240,0.0
bred_vector,3,16,96.0,t250,195.4748077392578,292.659423828125,0,1038240,0.0
bred_vector,3,16,96.0,t300,203.83963012695312,302.6248779296875,0,1038240,0.0
bred_vector,3,16,96.0,t400,219.24978637695312,309.34307861328125,0,1038240,0.0
bred_vector,3,16,96.0,t500,215.99624633789062,310.51971435546875,0,1038240,0.0
bred_vector,3,16,96.0,t600,225.57345581054688,331.75213623046875,0,1038240,0.0
bred_vector,3,16,96.0,t700,233.99949645996094,335.8356628417969,0,1038240,0.0
bred_vector,3,16,96.0,t850,236.344482421875,337.6173400878906,0,1038240,0.0
bred_vector,3,16,96.0,t925,219.100341796875,333.04486083984375,0,1038240,0.0
bred_vector,3,16,96.0,t1000,212.25247192382812,337.0110168457031,0,1038240,0.0
bred_vector,3,16,96.0,q50,-5.20058638358023e-05,6.0457630752353e-05,530118,1038240,0.5105929264909848
bred_vector,3,16,96.0,q100,-1.8273480236530304e-05,2.6594092560117133e-05,454675,1038240,0.43792860995530897
bred_vector,3,16,96.0,q150,-7.764477049931884e-05,0.00016650503675919026,310989,1038240,0.2995347896440129
bred_vector,3,16,96.0,q200,-0.00014612388622481376,0.0011128946207463741,230373,1038240,0.2218880027739251
bred_vector,3,16,96.0,q250,-0.0006257198983803391,0.0026606423780322075,201909,1038240,0.19447237632917244
bred_vector,3,16,96.0,q300,-0.001376981963403523,0.005437081214040518,144089,1038240,0.13878197719217136
bred_vector,3,16,96.0,q400,-0.004291255958378315,0.015980245545506477,188997,1038240,0.18203594544613963
bred_vector,3,16,96.0,q500,-0.0075259036384522915,0.02723611332476139,143627,1038240,0.13833699337340113
bred_vector,3,16,96.0,q600,-0.0251997672021389,0.0387861430644989,230354,1038240,0.22186970257358607
bred_vector,3,16,96.0,q700,-0.041930489242076874,0.05798504129052162,250153,1038240,0.24093947449529973
bred_vector,3,16,96.0,q850,-0.027542684227228165,0.0439717173576355,98346,1038240,0.09472376329172445
bred_vector,3,16,96.0,q925,-0.02791788801550865,0.04495517536997795,62810,1038240,0.060496609647095086
bred_vector,3,16,96.0,q1000,-0.028227822855114937,0.048354025930166245,55897,1038240,0.05383822622900293
bred_vector,3,17,102.0,u10m,-37.92908477783203,37.070316314697266,0,1038240,0.0
bred_vector,3,17,102.0,v10m,-23.321701049804688,34.927734375,0,1038240,0.0
bred_vector,3,17,102.0,u100m,-45.76914978027344,48.47211456298828,0,1038240,0.0
bred_vector,3,17,102.0,v100m,-29.322364807128906,38.94796371459961,0,1038240,0.0
bred_vector,3,17,102.0,t2m,180.3782958984375,331.9344787597656,0,1038240,0.0
bred_vector,3,17,102.0,sp,44564.51171875,107759.4609375,0,1038240,0.0
bred_vector,3,17,102.0,msl,91013.2890625,111043.2265625,199,1038240,0.00019167051934042224
bred_vector,3,17,102.0,tcwv,-106.20030212402344,227.9496612548828,198608,1038240,0.19129295731237478
bred_vector,3,17,102.0,u50,-117.40629577636719,129.8131866455078,0,1038240,0.0
bred_vector,3,17,102.0,u100,-104.00823974609375,179.5745086669922,335,1038240,0.00032266142703035906
bred_vector,3,17,102.0,u150,-142.12184143066406,162.67266845703125,88,1038240,8.475882262290029e-05
bred_vector,3,17,102.0,u200,-154.92465209960938,152.945068359375,60,1038240,5.779010633379565e-05
bred_vector,3,17,102.0,u250,-138.3927764892578,145.00424194335938,0,1038240,0.0
bred_vector,3,17,102.0,u300,-140.85105895996094,123.09639739990234,0,1038240,0.0
bred_vector,3,17,102.0,u400,-123.40634155273438,113.86747741699219,0,1038240,0.0
bred_vector,3,17,102.0,u500,-87.37527465820312,90.77459716796875,0,1038240,0.0
bred_vector,3,17,102.0,u600,-91.99848175048828,76.85617065429688,0,1038240,0.0
bred_vector,3,17,102.0,u700,-88.9572525024414,73.73590087890625,0,1038240,0.0
bred_vector,3,17,102.0,u850,-72.07882690429688,56.585147857666016,0,1038240,0.0
bred_vector,3,17,102.0,u925,-58.04201889038086,52.01882553100586,0,1038240,0.0
bred_vector,3,17,102.0,u1000,-43.29405975341797,40.37089920043945,0,1038240,0.0
bred_vector,3,17,102.0,v50,-82.13895416259766,119.48101806640625,0,1038240,0.0
bred_vector,3,17,102.0,v100,-75.64353942871094,90.93841552734375,0,1038240,0.0
bred_vector,3,17,102.0,v150,-100.14629364013672,92.22323608398438,0,1038240,0.0
bred_vector,3,17,102.0,v200,-106.46283721923828,108.88459014892578,0,1038240,0.0
bred_vector,3,17,102.0,v250,-100.15199279785156,126.07666015625,0,1038240,0.0
bred_vector,3,17,102.0,v300,-111.61565399169922,120.66622161865234,0,1038240,0.0
bred_vector,3,17,102.0,v400,-97.25657653808594,104.38568115234375,0,1038240,0.0
bred_vector,3,17,102.0,v500,-62.83137512207031,94.19115447998047,0,1038240,0.0
bred_vector,3,17,102.0,v600,-57.17155456542969,96.7936019897461,0,1038240,0.0
bred_vector,3,17,102.0,v700,-73.6082763671875,81.9775390625,0,1038240,0.0
bred_vector,3,17,102.0,v850,-45.185546875,52.66636657714844,0,1038240,0.0
bred_vector,3,17,102.0,v925,-40.2522087097168,46.020381927490234,0,1038240,0.0
bred_vector,3,17,102.0,v1000,-25.47922134399414,38.94514465332031,0,1038240,0.0
bred_vector,3,17,102.0,z50,177227.53125,228072.0,0,1038240,0.0
bred_vector,3,17,102.0,z100,144725.890625,186898.53125,0,1038240,0.0
bred_vector,3,17,102.0,z150,122916.96875,159647.046875,0,1038240,0.0
bred_vector,3,17,102.0,z200,105340.015625,138564.484375,0,1038240,0.0
bred_vector,3,17,102.0,z250,91686.265625,120904.015625,0,1038240,0.0
bred_vector,3,17,102.0,z300,80250.1484375,105764.578125,0,1038240,0.0
bred_vector,3,17,102.0,z400,61246.62890625,82642.8046875,0,1038240,0.0
bred_vector,3,17,102.0,z500,46410.53125,65178.9375,0,1038240,0.0
bred_vector,3,17,102.0,z600,33359.5,50397.453125,0,1038240,0.0
bred_vector,3,17,102.0,z700,21360.83984375,37616.390625,0,1038240,0.0
bred_vector,3,17,102.0,z850,5826.10400390625,21970.01171875,0,1038240,0.0
bred_vector,3,17,102.0,z925,-1064.26708984375,14988.3515625,0,1038240,0.0
bred_vector,3,17,102.0,z1000,-7337.35986328125,8530.10546875,0,1038240,0.0
bred_vector,3,17,102.0,t50,121.6009750366211,274.92523193359375,24623,1038240,0.02371609647095084
bred_vector,3,17,102.0,t100,108.23932647705078,303.9043273925781,17872,1038240,0.017213746339959934
bred_vector,3,17,102.0,t150,142.42962646484375,323.2694091796875,425,1038240,0.00040934658653105256
bred_vector,3,17,102.0,t200,185.75924682617188,289.596435546875,0,1038240,0.0
bred_vector,3,17,102.0,t250,195.89370727539062,292.5715026855469,0,1038240,0.0
bred_vector,3,17,102.0,t300,205.83749389648438,303.1269836425781,0,1038240,0.0
bred_vector,3,17,102.0,t400,217.8231964111328,310.4747314453125,0,1038240,0.0
bred_vector,3,17,102.0,t500,214.6958465576172,311.2311096191406,0,1038240,0.0
bred_vector,3,17,102.0,t600,224.70635986328125,331.346923828125,0,1038240,0.0
bred_vector,3,17,102.0,t700,233.21682739257812,336.9312438964844,0,1038240,0.0
bred_vector,3,17,102.0,t850,232.46401977539062,339.4297790527344,0,1038240,0.0
bred_vector,3,17,102.0,t925,223.82630920410156,330.88348388671875,0,1038240,0.0
bred_vector,3,17,102.0,t1000,208.66455078125,339.2330322265625,0,1038240,0.0
bred_vector,3,17,102.0,q50,-5.108484401716851e-05,5.948184843873605e-05,529880,1038240,0.5103636924025273
bred_vector,3,17,102.0,q100,-1.817763586586807e-05,2.637713805597741e-05,457800,1038240,0.44093851132686085
bred_vector,3,17,102.0,q150,-7.52785344957374e-05,0.00016258783580269665,311165,1038240,0.29970430728925873
bred_vector,3,17,102.0,q200,-0.0001466736721340567,0.0010773355606943369,227454,1038240,0.21907651410078594
bred_vector,3,17,102.0,q250,-0.0006001025903970003,0.0026166108436882496,198514,1038240,0.1912024194791185
bred_vector,3,17,102.0,q300,-0.0012414612574502826,0.005076414439827204,133658,1038240,0.128735167206041
bred_vector,3,17,102.0,q400,-0.005246883258223534,0.015034863725304604,188504,1038240,0.1815611034057636
bred_vector,3,17,102.0,q500,-0.007761974353343248,0.029146119952201843,142797,1038240,0.13753756356911698
bred_vector,3,17,102.0,q600,-0.025933660566806793,0.03979090601205826,236477,1038240,0.2277671829249499
bred_vector,3,17,102.0,q700,-0.04464660957455635,0.05753520503640175,253763,1038240,0.24441651255971644
bred_vector,3,17,102.0,q850,-0.029084421694278717,0.044015124440193176,100381,1038240,0.09668381106487903
bred_vector,3,17,102.0,q925,-0.03143319860100746,0.05023881047964096,68498,1038240,0.06597511172753891
bred_vector,3,17,102.0,q1000,-0.02958071045577526,0.050901349633932114,61213,1038240,0.058958429650177224
bred_vector,3,18,108.0,u10m,-51.87055969238281,31.33707618713379,0,1038240,0.0
bred_vector,3,18,108.0,v10m,-27.389690399169922,30.0473575592041,0,1038240,0.0
bred_vector,3,18,108.0,u100m,-53.616886138916016,39.022605895996094,0,1038240,0.0
bred_vector,3,18,108.0,v100m,-36.46455383300781,37.48097229003906,0,1038240,0.0
bred_vector,3,18,108.0,t2m,174.82960510253906,337.29168701171875,0,1038240,0.0
bred_vector,3,18,108.0,sp,44440.25390625,108088.09375,0,1038240,0.0
bred_vector,3,18,108.0,msl,91401.265625,110929.2578125,177,1038240,0.00017048081368469718
bred_vector,3,18,108.0,tcwv,-104.57054901123047,249.05799865722656,203296,1038240,0.19580829095392202
bred_vector,3,18,108.0,u50,-119.91697692871094,137.2678680419922,0,1038240,0.0
bred_vector,3,18,108.0,u100,-111.72035217285156,160.1754608154297,127,1038240,0.00012232239173986747
bred_vector,3,18,108.0,u150,-147.42706298828125,149.85548400878906,0,1038240,0.0
bred_vector,3,18,108.0,u200,-147.38058471679688,162.87220764160156,36,1038240,3.467406380027739e-05
bred_vector,3,18,108.0,u250,-148.25552368164062,148.01683044433594,0,1038240,0.0
bred_vector,3,18,108.0,u300,-142.58262634277344,126.21214294433594,0,1038240,0.0
bred_vector,3,18,108.0,u400,-115.49815368652344,128.6458282470703,0,1038240,0.0
bred_vector,3,18,108.0,u500,-105.72227478027344,90.10083770751953,0,1038240,0.0
bred_vector,3,18,108.0,u600,-99.71745300292969,77.79203796386719,0,1038240,0.0
bred_vector,3,18,108.0,u700,-85.60740661621094,69.96192932128906,0,1038240,0.0
bred_vector,3,18,108.0,u850,-79.50004577636719,59.35246658325195,0,1038240,0.0
bred_vector,3,18,108.0,u925,-68.65492248535156,47.06940841674805,0,1038240,0.0
bred_vector,3,18,108.0,u1000,-56.40039825439453,38.366416931152344,0,1038240,0.0
bred_vector,3,18,108.0,v50,-86.70917510986328,113.52803802490234,0,1038240,0.0
bred_vector,3,18,108.0,v100,-87.6179428100586,95.65906524658203,0,1038240,0.0
bred_vector,3,18,108.0,v150,-111.62352752685547,110.8584976196289,0,1038240,0.0
bred_vector,3,18,108.0,v200,-124.83782958984375,107.80693054199219,0,1038240,0.0
bred_vector,3,18,108.0,v250,-126.12750244140625,115.57134246826172,0,1038240,0.0
bred_vector,3,18,108.0,v300,-106.32571411132812,113.2221908569336,0,1038240,0.0
bred_vector,3,18,108.0,v400,-114.75020599365234,115.24600982666016,0,1038240,0.0
bred_vector,3,18,108.0,v500,-70.09123992919922,98.65222930908203,0,1038240,0.0
bred_vector,3,18,108.0,v600,-58.437255859375,89.43783569335938,0,1038240,0.0
bred_vector,3,18,108.0,v700,-68.90567779541016,81.42906188964844,0,1038240,0.0
bred_vector,3,18,108.0,v850,-52.280784606933594,45.128299713134766,0,1038240,0.0
bred_vector,3,18,108.0,v925,-47.0106086730957,42.86680221557617,0,1038240,0.0
bred_vector,3,18,108.0,v1000,-32.2651252746582,35.11918258666992,0,1038240,0.0
bred_vector,3,18,108.0,z50,177156.65625,228154.5625,0,1038240,0.0
bred_vector,3,18,108.0,z100,144566.03125,187246.984375,0,1038240,0.0
bred_vector,3,18,108.0,z150,123417.5625,159600.6875,0,1038240,0.0
bred_vector,3,18,108.0,z200,106126.125,138893.234375,0,1038240,0.0
bred_vector,3,18,108.0,z250,92099.0546875,121124.40625,0,1038240,0.0
bred_vector,3,18,108.0,z300,80299.5546875,106023.4921875,0,1038240,0.0
bred_vector,3,18,108.0,z400,61503.87109375,82689.5859375,0,1038240,0.0
bred_vector,3,18,108.0,z500,46389.8828125,65374.25,0,1038240,0.0
bred_vector,3,18,108.0,z600,33513.87109375,50372.1171875,0,1038240,0.0
bred_vector,3,18,108.0,z700,21793.39453125,37603.41015625,0,1038240,0.0
bred_vector,3,18,108.0,z850,6241.32958984375,21892.236328125,0,1038240,0.0
bred_vector,3,18,108.0,z925,-577.5048828125,14989.783203125,0,1038240,0.0
bred_vector,3,18,108.0,z1000,-6895.38525390625,8536.3798828125,0,1038240,0.0
bred_vector,3,18,108.0,t50,116.27774810791016,275.78204345703125,28526,1038240,0.027475342887964247
bred_vector,3,18,108.0,t100,106.91021728515625,304.841552734375,22324,1038240,0.02150177222992757
bred_vector,3,18,108.0,t150,139.85958862304688,331.8271484375,568,1038240,0.0005470796732932656
bred_vector,3,18,108.0,t200,183.43675231933594,292.290283203125,0,1038240,0.0
bred_vector,3,18,108.0,t250,195.741943359375,291.21075439453125,0,1038240,0.0
bred_vector,3,18,108.0,t300,203.55772399902344,304.9527587890625,0,1038240,0.0
bred_vector,3,18,108.0,t400,215.3335723876953,310.2627258300781,0,1038240,0.0
bred_vector,3,18,108.0,t500,212.22222900390625,313.86456298828125,0,1038240,0.0
bred_vector,3,18,108.0,t600,228.23431396484375,334.7258605957031,0,1038240,0.0
bred_vector,3,18,108.0,t700,233.41314697265625,339.65264892578125,0,1038240,0.0
bred_vector,3,18,108.0,t850,227.22781372070312,339.9822692871094,0,1038240,0.0
bred_vector,3,18,108.0,t925,212.08572387695312,335.724365234375,0,1038240,0.0
bred_vector,3,18,108.0,t1000,198.3442840576172,340.3370056152344,2,1038240,1.9263368777931887e-06
bred_vector,3,18,108.0,q50,-5.015259375795722e-05,5.850977686350234e-05,529645,1038240,0.5101373478193867
bred_vector,3,18,108.0,q100,-1.8135353457182646e-05,2.6203006200375967e-05,460714,1038240,0.4437451841578055
bred_vector,3,18,108.0,q150,-7.097044726833701e-05,0.00017266502254642546,315826,1038240,0.3041936353829558
bred_vector,3,18,108.0,q200,-0.00015973047993611544,0.00099496531765908,231307,1038240,0.22278760209585452
bred_vector,3,18,108.0,q250,-0.0006447272608056664,0.002695014700293541,208377,1038240,0.2007021497919556
bred_vector,3,18,108.0,q300,-0.001076561864465475,0.004800520371645689,136331,1038240,0.1313097164432116
bred_vector,3,18,108.0,q400,-0.00476656062528491,0.014897923916578293,193153,1038240,0.18603887347819387
bred_vector,3,18,108.0,q500,-0.008495252579450607,0.028199248015880585,143669,1038240,0.13837744644783478
bred_vector,3,18,108.0,q600,-0.02628236450254917,0.04224983975291252,241305,1038240,0.23241736014794268
bred_vector,3,18,108.0,q700,-0.04489773511886597,0.06058139726519585,267778,1038240,0.25791531823085223
bred_vector,3,18,108.0,q850,-0.03399671986699104,0.04607844352722168,106452,1038240,0.10253120665742024
bred_vector,3,18,108.0,q925,-0.03706701099872589,0.048304829746484756,72135,1038240,0.06947815533980582
bred_vector,3,18,108.0,q1000,-0.03357255458831787,0.0507005900144577,64190,1038240,0.06182578209277238
bred_vector,3,19,114.0,u10m,-50.253578186035156,37.296112060546875,0,1038240,0.0
bred_vector,3,19,114.0,v10m,-31.619234085083008,36.65580368041992,0,1038240,0.0
bred_vector,3,19,114.0,u100m,-55.63310623168945,45.31484603881836,0,1038240,0.0
bred_vector,3,19,114.0,v100m,-40.106754302978516,44.51109313964844,0,1038240,0.0
bred_vector,3,19,114.0,t2m,169.76376342773438,332.88763427734375,0,1038240,0.0
bred_vector,3,19,114.0,sp,44439.85546875,107974.0234375,0,1038240,0.0
bred_vector,3,19,114.0,msl,91889.3359375,110568.5234375,54,1038240,5.201109570041609e-05
bred_vector,3,19,114.0,tcwv,-114.59175109863281,230.3275604248047,211547,1038240,0.20375539374325782
bred_vector,3,19,114.0,u50,-120.38298034667969,143.3042449951172,0,1038240,0.0
bred_vector,3,19,114.0,u100,-116.66790008544922,157.3148651123047,90,1038240,8.668515950069348e-05
bred_vector,3,19,114.0,u150,-140.6234893798828,160.35321044921875,198,1038240,0.00019070735090152567
bred_vector,3,19,114.0,u200,-156.06515502929688,155.90066528320312,48,1038240,4.6232085067036525e-05
bred_vector,3,19,114.0,u250,-179.20494079589844,135.8107452392578,158,1038240,0.00015218061334566188
bred_vector,3,19,114.0,u300,-153.74407958984375,137.36697387695312,11,1038240,1.0594852827862536e-05
bred_vector,3,19,114.0,u400,-141.14231872558594,113.73509979248047,0,1038240,0.0
bred_vector,3,19,114.0,u500,-113.40460205078125,88.49407958984375,0,1038240,0.0
bred_vector,3,19,114.0,u600,-128.94400024414062,76.52494812011719,0,1038240,0.0
bred_vector,3,19,114.0,u700,-91.50829315185547,64.35431671142578,0,1038240,0.0
bred_vector,3,19,114.0,u850,-114.96452331542969,65.11541748046875,0,1038240,0.0
bred_vector,3,19,114.0,u925,-76.4971694946289,48.41554260253906,0,1038240,0.0
bred_vector,3,19,114.0,u1000,-56.33110427856445,40.44245529174805,0,1038240,0.0
bred_vector,3,19,114.0,v50,-81.63410186767578,102.89056396484375,0,1038240,0.0
bred_vector,3,19,114.0,v100,-95.61991882324219,101.4900894165039,0,1038240,0.0
bred_vector,3,19,114.0,v150,-114.348388671875,124.44963836669922,0,1038240,0.0
bred_vector,3,19,114.0,v200,-127.77812194824219,128.8004150390625,0,1038240,0.0
bred_vector,3,19,114.0,v250,-129.64476013183594,115.60441589355469,0,1038240,0.0
bred_vector,3,19,114.0,v300,-130.2344970703125,146.6377410888672,0,1038240,0.0
bred_vector,3,19,114.0,v400,-123.68570709228516,93.29696655273438,0,1038240,0.0
bred_vector,3,19,114.0,v500,-66.7750473022461,84.77779388427734,0,1038240,0.0
bred_vector,3,19,114.0,v600,-65.73560333251953,95.11290740966797,0,1038240,0.0
bred_vector,3,19,114.0,v700,-69.25186157226562,88.20455169677734,0,1038240,0.0
bred_vector,3,19,114.0,v850,-57.56476593017578,52.785064697265625,0,1038240,0.0
bred_vector,3,19,114.0,v925,-43.95936965942383,62.953956604003906,0,1038240,0.0
bred_vector,3,19,114.0,v1000,-32.538692474365234,40.31644058227539,0,1038240,0.0
bred_vector,3,19,114.0,z50,177146.71875,228557.953125,0,1038240,0.0
bred_vector,3,19,114.0,z100,144556.46875,187651.53125,0,1038240,0.0
bred_vector,3,19,114.0,z150,124157.8359375,159800.609375,0,1038240,0.0
bred_vector,3,19,114.0,z200,107168.890625,138837.46875,0,1038240,0.0
bred_vector,3,19,114.0,z250,93448.46875,121094.4375,0,1038240,0.0
bred_vector,3,19,114.0,z300,81972.1015625,105968.6875,0,1038240,0.0
bred_vector,3,19,114.0,z400,62710.0703125,82797.125,0,1038240,0.0
bred_vector,3,19,114.0,z500,47257.82421875,65510.70703125,0,1038240,0.0
bred_vector,3,19,114.0,z600,34308.00390625,50468.1328125,0,1038240,0.0
bred_vector,3,19,114.0,z700,22259.568359375,37422.5625,0,1038240,0.0
bred_vector,3,19,114.0,z850,6922.87939453125,21561.57421875,0,1038240,0.0
bred_vector,3,19,114.0,z925,-79.11669921875,14718.25390625,0,1038240,0.0
bred_vector,3,19,114.0,z1000,-6512.65576171875,8326.5966796875,0,1038240,0.0
bred_vector,3,19,114.0,t50,114.57198333740234,275.081787109375,31479,1038240,0.03031957928802589
bred_vector,3,19,114.0,t100,105.76387786865234,302.3854064941406,27435,1038240,0.026424526121128063
bred_vector,3,19,114.0,t150,135.76356506347656,339.00299072265625,1473,1038240,0.0014187471104946832
bred_vector,3,19,114.0,t200,183.9705810546875,293.6195373535156,0,1038240,0.0
bred_vector,3,19,114.0,t250,191.73504638671875,293.5072937011719,0,1038240,0.0
bred_vector,3,19,114.0,t300,203.68148803710938,308.2649841308594,0,1038240,0.0
bred_vector,3,19,114.0,t400,213.75621032714844,309.6259460449219,0,1038240,0.0
bred_vector,3,19,114.0,t500,215.02383422851562,317.4825439453125,0,1038240,0.0
bred_vector,3,19,114.0,t600,229.93556213378906,332.5899658203125,0,1038240,0.0
bred_vector,3,19,114.0,t700,232.09222412109375,337.9432678222656,0,1038240,0.0
bred_vector,3,19,114.0,t850,232.35748291015625,339.1697082519531,0,1038240,0.0
bred_vector,3,19,114.0,t925,206.66714477539062,334.17230224609375,0,1038240,0.0
bred_vector,3,19,114.0,t1000,194.76303100585938,344.0079040527344,41,1038240,3.948990599476036e-05
bred_vector,3,19,114.0,q50,-4.923382948618382e-05,5.754890662501566e-05,529447,1038240,0.5099466404684851
bred_vector,3,19,114.0,q100,-1.7878810467664152e-05,2.6184039597865194e-05,462952,1038240,0.4459007551240561
bred_vector,3,19,114.0,q150,-6.960334576433524e-05,0.00017285073408856988,318755,1038240,0.30701475574048387
bred_vector,3,19,114.0,q200,-0.0001702011504676193,0.0011209400836378336,233834,1038240,0.22522152874094623
bred_vector,3,19,114.0,q250,-0.0006725611165165901,0.0027880521956831217,214843,1038240,0.206929996917861
bred_vector,3,19,114.0,q300,-0.0011279744794592261,0.005188148468732834,137929,1038240,0.13284885960856835
bred_vector,3,19,114.0,q400,-0.004716117866337299,0.015606754459440708,196016,1038240,0.18879642471875482
bred_vector,3,19,114.0,q500,-0.007739890832453966,0.02813393622636795,148658,1038240,0.14318269378948992
bred_vector,3,19,114.0,q600,-0.02525169961154461,0.04216731712222099,251583,1038240,0.24231680536292186
bred_vector,3,19,114.0,q700,-0.04366903007030487,0.06325233727693558,281734,1038240,0.27135729696409305
bred_vector,3,19,114.0,q850,-0.037219319492578506,0.04735792800784111,113589,1038240,0.10940533980582524
bred_vector,3,19,114.0,q925,-0.04016849398612976,0.048751652240753174,78122,1038240,0.07524464478347974
bred_vector,3,19,114.0,q1000,-0.04031879082322121,0.051342424005270004,66621,1038240,0.06416724456773
bred_vector,3,20,120.0,u10m,-52.77928161621094,39.57107925415039,0,1038240,0.0
bred_vector,3,20,120.0,v10m,-33.4707145690918,37.625789642333984,0,1038240,0.0
bred_vector,3,20,120.0,u100m,-59.52946853637695,46.318546295166016,0,1038240,0.0
bred_vector,3,20,120.0,v100m,-40.101783752441406,47.5917854309082,0,1038240,0.0
bred_vector,3,20,120.0,t2m,170.63214111328125,332.1844482421875,0,1038240,0.0
bred_vector,3,20,120.0,sp,44417.2578125,107510.125,0,1038240,0.0
bred_vector,3,20,120.0,msl,91772.9609375,110325.15625,34,1038240,3.2747726922484205e-05
bred_vector,3,20,120.0,tcwv,-131.84950256347656,238.6568145751953,221804,1038240,0.2136346124210202
bred_vector,3,20,120.0,u50,-133.85922241210938,155.810791015625,16,1038240,1.541069502234551e-05
bred_vector,3,20,120.0,u100,-134.43638610839844,158.58029174804688,121,1038240,0.0001165433811064879
bred_vector,3,20,120.0,u150,-142.93789672851562,172.1431884765625,519,1038240,0.0004998844197873324
bred_vector,3,20,120.0,u200,-167.3126220703125,170.81434631347656,463,1038240,0.0004459469872091231
bred_vector,3,20,120.0,u250,-168.2701416015625,164.64175415039062,373,1038240,0.00035926182770842967
bred_vector,3,20,120.0,u300,-168.748046875,137.19528198242188,282,1038240,0.00027161349976883957
bred_vector,3,20,120.0,u400,-117.69446563720703,124.1139144897461,0,1038240,0.0
bred_vector,3,20,120.0,u500,-115.00373077392578,99.24718475341797,0,1038240,0.0
bred_vector,3,20,120.0,u600,-139.69381713867188,83.84907531738281,0,1038240,0.0
bred_vector,3,20,120.0,u700,-92.79682159423828,64.50233459472656,0,1038240,0.0
bred_vector,3,20,120.0,u850,-98.73493957519531,69.47430419921875,0,1038240,0.0
bred_vector,3,20,120.0,u925,-71.33389282226562,56.03252029418945,0,1038240,0.0
bred_vector,3,20,120.0,u1000,-49.7989616394043,44.435550689697266,0,1038240,0.0
bred_vector,3,20,120.0,v50,-84.77399444580078,100.9287109375,0,1038240,0.0
bred_vector,3,20,120.0,v100,-98.37300109863281,124.9217758178711,0,1038240,0.0
bred_vector,3,20,120.0,v150,-124.35619354248047,131.3582763671875,0,1038240,0.0
bred_vector,3,20,120.0,v200,-139.92030334472656,142.96621704101562,0,1038240,0.0
bred_vector,3,20,120.0,v250,-130.0353240966797,114.23493957519531,0,1038240,0.0
bred_vector,3,20,120.0,v300,-118.30612182617188,117.5654067993164,0,1038240,0.0
bred_vector,3,20,120.0,v400,-110.8104476928711,93.14912414550781,0,1038240,0.0
bred_vector,3,20,120.0,v500,-73.04383087158203,86.9784164428711,0,1038240,0.0
bred_vector,3,20,120.0,v600,-68.62507629394531,106.83436584472656,0,1038240,0.0
bred_vector,3,20,120.0,v700,-68.84404754638672,90.68122100830078,0,1038240,0.0
bred_vector,3,20,120.0,v850,-56.62689971923828,56.2999153137207,0,1038240,0.0
bred_vector,3,20,120.0,v925,-54.2606201171875,59.52182388305664,0,1038240,0.0
bred_vector,3,20,120.0,v1000,-44.04633331298828,44.56001281738281,0,1038240,0.0
bred_vector,3,20,120.0,z50,177130.4375,229521.59375,0,1038240,0.0
bred_vector,3,20,120.0,z100,145153.328125,188807.9375,0,1038240,0.0
bred_vector,3,20,120.0,z150,124953.328125,160339.484375,0,1038240,0.0
bred_vector,3,20,120.0,z200,107723.1640625,138995.671875,0,1038240,0.0
bred_vector,3,20,120.0,z250,93823.5,121249.03125,0,1038240,0.0
bred_vector,3,20,120.0,z300,82499.0859375,106242.5546875,0,1038240,0.0
bred_vector,3,20,120.0,z400,63542.234375,82590.6484375,0,1038240,0.0
bred_vector,3,20,120.0,z500,48133.39453125,65223.515625,0,1038240,0.0
bred_vector,3,20,120.0,z600,34748.125,50328.9765625,0,1038240,0.0
bred_vector,3,20,120.0,z700,22232.171875,37477.3671875,0,1038240,0.0
bred_vector,3,20,120.0,z850,6858.248046875,21306.869140625,0,1038240,0.0
bred_vector,3,20,120.0,z925,-48.0234375,14463.4052734375,0,1038240,0.0
bred_vector,3,20,120.0,z1000,-6464.0048828125,8113.5185546875,0,1038240,0.0
bred_vector,3,20,120.0,t50,110.2717056274414,276.5401306152344,35260,1038240,0.03396131915549391
bred_vector,3,20,120.0,t100,104.20626068115234,305.6866760253906,32945,1038240,0.0317315842194483
bred_vector,3,20,120.0,t150,128.8341064453125,345.7345275878906,3053,1038240,0.002940553243951302
bred_vector,3,20,120.0,t200,183.83636474609375,298.19097900390625,0,1038240,0.0
bred_vector,3,20,120.0,t250,195.30569458007812,295.6347961425781,0,1038240,0.0
bred_vector,3,20,120.0,t300,204.98269653320312,306.9775695800781,0,1038240,0.0
bred_vector,3,20,120.0,t400,217.75169372558594,312.15899658203125,0,1038240,0.0
bred_vector,3,20,120.0,t500,217.86404418945312,315.7229919433594,0,1038240,0.0
bred_vector,3,20,120.0,t600,231.22186279296875,327.00970458984375,0,1038240,0.0
bred_vector,3,20,120.0,t700,231.79405212402344,339.901611328125,0,1038240,0.0
bred_vector,3,20,120.0,t850,225.26223754882812,340.78515625,5,1038240,4.8158421944829715e-06
bred_vector,3,20,120.0,t925,219.30288696289062,338.2243957519531,0,1038240,0.0
bred_vector,3,20,120.0,t1000,198.15399169921875,343.54302978515625,20,1038240,1.9263368777931886e-05
bred_vector,3,20,120.0,q50,-4.83440380776301e-05,5.6609751482028514e-05,529259,1038240,0.5097655648019725
bred_vector,3,20,120.0,q100,-1.7837613995652646e-05,2.609420334920287e-05,464044,1038240,0.4469525350593312
bred_vector,3,20,120.0,q150,-6.109185051172972e-05,0.00017507746815681458,322129,1038240,0.310264486053321
bred_vector,3,20,120.0,q200,-0.00020541180856525898,0.0011291233822703362,233029,1038240,0.22444617814763446
bred_vector,3,20,120.0,q250,-0.0007906790124252439,0.003248480847105384,223571,1038240,0.21533653105255046
bred_vector,3,20,120.0,q300,-0.0011320044286549091,0.005743000190705061,140627,1038240,0.13544748805671136
bred_vector,3,20,120.0,q400,-0.00454097893089056,0.01529574953019619,193824,1038240,0.18668515950069348
bred_vector,3,20,120.0,q500,-0.008254935964941978,0.027894826605916023,154453,1038240,0.14876425489289566
bred_vector,3,20,120.0,q600,-0.025565581396222115,0.042289819568395615,261924,1038240,0.25227693018955155
bred_vector,3,20,120.0,q700,-0.04471779614686966,0.06219233199954033,294360,1038240,0.2835182616736015
bred_vector,3,20,120.0,q850,-0.041139066219329834,0.04817435145378113,121968,1038240,0.11747572815533981
bred_vector,3,20,120.0,q925,-0.04271847382187843,0.050480183213949203,84410,1038240,0.08130104792726152
bred_vector,3,20,120.0,q1000,-0.045046091079711914,0.051107436418533325,70305,1038240,0.06771555709662506
