config,member,step,lead_time_hours,variable,min_value,max_value,n_bad_points,n_total_points,violating_fraction
brown_0.002,0,0,0.0,u10m,-29.98059844970703,25.07940101623535,0,1038240,0.0
brown_0.002,0,0,0.0,v10m,-27.66229820251465,25.987703323364258,0,1038240,0.0
brown_0.002,0,0,0.0,u100m,-38.64726257324219,30.782737731933594,0,1038240,0.0
brown_0.002,0,0,0.0,v100m,-33.108516693115234,32.41148376464844,0,1038240,0.0
brown_0.002,0,0,0.0,t2m,203.00914001464844,317.2091369628906,0,1038240,0.0
brown_0.002,0,0,0.0,sp,49593.44921875,104524.6484375,0,1038240,0.0
brown_0.002,0,0,0.0,msl,93167.375,107762.9765625,0,1038240,0.0
brown_0.002,0,0,0.0,tcwv,0.033688269555568695,80.67048645019531,0,1038240,0.0
brown_0.002,0,0,0.0,u50,-32.53466796875,69.6953353881836,0,1038240,0.0
brown_0.002,0,0,0.0,u100,-42.44437026977539,63.615631103515625,0,1038240,0.0
brown_0.002,0,0,0.0,u150,-43.69473648071289,76.46526336669922,0,1038240,0.0
brown_0.002,0,0,0.0,u200,-44.91203308105469,103.88796997070312,0,1038240,0.0
brown_0.002,0,0,0.0,u250,-45.851261138916016,105.44873809814453,0,1038240,0.0
brown_0.002,0,0,0.0,u300,-36.28936004638672,102.41063690185547,0,1038240,0.0
brown_0.002,0,0,0.0,u400,-35.72868347167969,71.8713150024414,0,1038240,0.0
brown_0.002,0,0,0.0,u500,-39.31422805786133,50.18577194213867,0,1038240,0.0
brown_0.002,0,0,0.0,u600,-45.0154914855957,45.66450500488281,0,1038240,0.0
brown_0.002,0,0,0.0,u700,-47.08867263793945,41.111328125,0,1038240,0.0
brown_0.002,0,0,0.0,u850,-52.83549880981445,36.304500579833984,0,1038240,0.0
brown_0.002,0,0,0.0,u925,-42.309513092041016,34.310489654541016,0,1038240,0.0
brown_0.002,0,0,0.0,u1000,-29.00948715209961,24.660512924194336,0,1038240,0.0
brown_0.002,0,0,0.0,v50,-28.3104305267334,37.03956985473633,0,1038240,0.0
brown_0.002,0,0,0.0,v100,-31.289772033691406,41.980228424072266,0,1038240,0.0
brown_0.002,0,0,0.0,v150,-39.73875427246094,46.22124481201172,0,1038240,0.0
brown_0.002,0,0,0.0,v200,-56.7220573425293,65.07794189453125,0,1038240,0.0
brown_0.002,0,0,0.0,v250,-63.08574295043945,62.81425857543945,0,1038240,0.0
brown_0.002,0,0,0.0,v300,-54.844512939453125,65.45549011230469,0,1038240,0.0
brown_0.002,0,0,0.0,v400,-59.89063262939453,63.009368896484375,0,1038240,0.0
brown_0.002,0,0,0.0,v500,-50.19239807128906,56.80760192871094,0,1038240,0.0
brown_0.002,0,0,0.0,v600,-45.045677185058594,40.0643196105957,0,1038240,0.0
brown_0.002,0,0,0.0,v700,-36.78691101074219,42.36308670043945,0,1038240,0.0
brown_0.002,0,0,0.0,v850,-42.88942337036133,34.960575103759766,0,1038240,0.0
brown_0.002,0,0,0.0,v925,-37.343692779541016,37.056304931640625,0,1038240,0.0
brown_0.002,0,0,0.0,v1000,-26.340137481689453,25.029863357543945,0,1038240,0.0
brown_0.002,0,0,0.0,z50,178325.890625,207936.40625,0,1038240,0.0
brown_0.002,0,0,0.0,z100,140693.140625,165755.734375,0,1038240,0.0
brown_0.002,0,0,0.0,z150,117632.0390625,141996.15625,0,1038240,0.0
brown_0.002,0,0,0.0,z200,100768.7421875,123884.2421875,0,1038240,0.0
brown_0.002,0,0,0.0,z250,87459.671875,109026.765625,0,1038240,0.0
brown_0.002,0,0,0.0,z300,76372.9453125,96320.9921875,0,1038240,0.0
brown_0.002,0,0,0.0,z400,58395.84765625,75588.4609375,0,1038240,0.0
brown_0.002,0,0,0.0,z500,43960.421875,58905.3671875,0,1038240,0.0
brown_0.002,0,0,0.0,z600,31816.14453125,44789.28125,0,1038240,0.0
brown_0.002,0,0,0.0,z700,21340.9609375,32460.98828125,0,1038240,0.0
brown_0.002,0,0,0.0,z850,7071.60302734375,16482.923828125,0,1038240,0.0
brown_0.002,0,0,0.0,z925,558.6236572265625,9957.2314453125,0,1038240,0.0
brown_0.002,0,0,0.0,z1000,-5507.95556640625,4905.5556640625,0,1038240,0.0
brown_0.002,0,0,0.0,t50,176.96493530273438,233.25494384765625,0,1038240,0.0
brown_0.002,0,0,0.0,t100,185.84442138671875,235.84442138671875,0,1038240,0.0
brown_0.002,0,0,0.0,t150,187.8889617919922,238.91896057128906,0,1038240,0.0
brown_0.002,0,0,0.0,t200,190.15658569335938,241.17657470703125,0,1038240,0.0
brown_0.002,0,0,0.0,t250,199.0135498046875,243.6435546875,0,1038240,0.0
brown_0.002,0,0,0.0,t300,204.70855712890625,251.70855712890625,0,1038240,0.0
brown_0.002,0,0,0.0,t400,216.0428466796875,266.5628662109375,0,1038240,0.0
brown_0.002,0,0,0.0,t500,224.4999542236328,276.89996337890625,0,1038240,0.0
brown_0.002,0,0,0.0,t600,204.55136108398438,287.2413635253906,0,1038240,0.0
brown_0.002,0,0,0.0,t700,208.45738220214844,296.9873962402344,0,1038240,0.0
brown_0.002,0,0,0.0,t850,216.30093383789062,309.6709289550781,0,1038240,0.0
brown_0.002,0,0,0.0,t925,219.8119354248047,315.3219299316406,0,1038240,0.0
brown_0.002,0,0,0.0,t1000,223.1019287109375,319.7119445800781,0,1038240,0.0
brown_0.002,0,0,0.0,q50,9.999999717180685e-10,1.9450640138529707e-06,0,1038240,0.0
brown_0.002,0,0,0.0,q100,1.000000082740371e-09,9.873159797280096e-06,0,1038240,0.0
brown_0.002,0,0,0.0,q150,1.0000005268295808e-09,4.6891240344848484e-05,0,1038240,0.0
brown_0.002,0,0,0.0,q200,9.999985284281365e-10,0.0002307913964614272,0,1038240,0.0
brown_0.002,0,0,0.0,q250,1.000000304784976e-09,0.0007995401974767447,0,1038240,0.0
brown_0.002,0,0,0.0,q300,9.999980843389267e-10,0.0018608650425449014,0,1038240,0.0
brown_0.002,0,0,0.0,q400,9.999975292274144e-10,0.004661120939999819,0,1038240,0.0
brown_0.002,0,0,0.0,q500,9.999941985583405e-10,0.007641600910574198,0,1038240,0.0
brown_0.002,0,0,0.0,q600,1.0000007488741858e-09,0.012534401379525661,0,1038240,0.0
brown_0.002,0,0,0.0,q700,9.999989725173464e-10,0.018419841304421425,0,1038240,0.0
brown_0.002,0,0,0.0,q850,1.635912212805124e-06,0.028813155367970467,0,1038240,0.0
brown_0.002,0,0,0.0,q925,4.967510903952643e-06,0.03459184616804123,0,1038240,0.0
brown_0.002,0,0,0.0,q1000,6.670324182778131e-06,0.04069339111447334,0,1038240,0.0
brown_0.002,0,1,6.0,u10m,-28.26662826538086,24.725343704223633,0,1038240,0.0
brown_0.002,0,1,6.0,v10m,-18.348295211791992,25.409976959228516,0,1038240,0.0
brown_0.002,0,1,6.0,u100m,-36.92644119262695,30.874807357788086,0,1038240,0.0
brown_0.002,0,1,6.0,v100m,-24.574291229248047,33.9788818359375,0,1038240,0.0
brown_0.002,0,1,6.0,t2m,201.16290283203125,315.77337646484375,0,1038240,0.0
brown_0.002,0,1,6.0,sp,49429.72265625,104052.21875,0,1038240,0.0
brown_0.002,0,1,6.0,msl,93364.265625,106022.015625,0,1038240,0.0
brown_0.002,0,1,6.0,tcwv,-5.554573059082031,78.99384307861328,71863,1038240,0.06921617352442595
brown_0.002,0,1,6.0,u50,-30.99331283569336,73.90312957763672,0,1038240,0.0
brown_0.002,0,1,6.0,u100,-39.639732360839844,61.74380111694336,0,1038240,0.0
brown_0.002,0,1,6.0,u150,-36.364349365234375,73.82738494873047,0,1038240,0.0
brown_0.002,0,1,6.0,u200,-44.386146545410156,94.17500305175781,0,1038240,0.0
brown_0.002,0,1,6.0,u250,-40.242340087890625,107.08670043945312,0,1038240,0.0
brown_0.002,0,1,6.0,u300,-36.5831298828125,100.92613220214844,0,1038240,0.0
brown_0.002,0,1,6.0,u400,-38.10851287841797,69.02294921875,0,1038240,0.0
brown_0.002,0,1,6.0,u500,-33.671321868896484,54.1348876953125,0,1038240,0.0
brown_0.002,0,1,6.0,u600,-39.60209655761719,43.45893859863281,0,1038240,0.0
brown_0.002,0,1,6.0,u700,-40.23883819580078,37.83327865600586,0,1038240,0.0
brown_0.002,0,1,6.0,u850,-46.781009674072266,36.94855880737305,0,1038240,0.0
brown_0.002,0,1,6.0,u925,-43.35582733154297,33.70161819458008,0,1038240,0.0
brown_0.002,0,1,6.0,u1000,-27.0113468170166,23.938142776489258,0,1038240,0.0
brown_0.002,0,1,6.0,v50,-23.687562942504883,30.955883026123047,0,1038240,0.0
brown_0.002,0,1,6.0,v100,-30.242816925048828,37.05029296875,0,1038240,0.0
brown_0.002,0,1,6.0,v150,-32.545005798339844,41.01648712158203,0,1038240,0.0
brown_0.002,0,1,6.0,v200,-45.699581146240234,53.78913497924805,0,1038240,0.0
brown_0.002,0,1,6.0,v250,-55.91434860229492,62.798702239990234,0,1038240,0.0
brown_0.002,0,1,6.0,v300,-48.57569122314453,65.55392456054688,0,1038240,0.0
brown_0.002,0,1,6.0,v400,-49.647560119628906,62.94601821899414,0,1038240,0.0
brown_0.002,0,1,6.0,v500,-45.10268783569336,49.73537063598633,0,1038240,0.0
brown_0.002,0,1,6.0,v600,-35.023216247558594,35.91107177734375,0,1038240,0.0
brown_0.002,0,1,6.0,v700,-30.072473526000977,34.23475646972656,0,1038240,0.0
brown_0.002,0,1,6.0,v850,-34.2606315612793,36.72390365600586,0,1038240,0.0
brown_0.002,0,1,6.0,v925,-34.349029541015625,32.49458694458008,0,1038240,0.0
brown_0.002,0,1,6.0,v1000,-21.297121047973633,25.758255004882812,0,1038240,0.0
brown_0.002,0,1,6.0,z50,178381.8125,207983.3125,0,1038240,0.0
brown_0.002,0,1,6.0,z100,140675.75,165754.28125,0,1038240,0.0
brown_0.002,0,1,6.0,z150,117538.3671875,142024.4375,0,1038240,0.0
brown_0.002,0,1,6.0,z200,100703.2734375,123902.203125,0,1038240,0.0
brown_0.002,0,1,6.0,z250,87383.34375,109060.5703125,0,1038240,0.0
brown_0.002,0,1,6.0,z300,76289.1640625,96385.84375,0,1038240,0.0
brown_0.002,0,1,6.0,z400,58355.328125,75593.2734375,0,1038240,0.0
brown_0.002,0,1,6.0,z500,43971.22265625,58831.37890625,0,1038240,0.0
brown_0.002,0,1,6.0,z600,31867.328125,44735.1484375,0,1038240,0.0
brown_0.002,0,1,6.0,z700,21432.73046875,32360.15625,0,1038240,0.0
brown_0.002,0,1,6.0,z850,7203.10400390625,16416.82421875,0,1038240,0.0
brown_0.002,0,1,6.0,z925,738.5751953125,9321.6767578125,0,1038240,0.0
brown_0.002,0,1,6.0,z1000,-5302.41162109375,3649.6826171875,0,1038240,0.0
brown_0.002,0,1,6.0,t50,179.83154296875,233.6676483154297,0,1038240,0.0
brown_0.002,0,1,6.0,t100,186.5077667236328,235.44126892089844,0,1038240,0.0
brown_0.002,0,1,6.0,t150,188.92953491210938,238.73724365234375,0,1038240,0.0
brown_0.002,0,1,6.0,t200,191.56875610351562,241.3602752685547,0,1038240,0.0
brown_0.002,0,1,6.0,t250,199.23068237304688,243.1333770751953,0,1038240,0.0
brown_0.002,0,1,6.0,t300,205.0389862060547,251.13470458984375,0,1038240,0.0
brown_0.002,0,1,6.0,t400,215.11151123046875,264.9374084472656,0,1038240,0.0
brown_0.002,0,1,6.0,t500,224.70770263671875,276.8890380859375,0,1038240,0.0
brown_0.002,0,1,6.0,t600,214.51953125,289.6756286621094,0,1038240,0.0
brown_0.002,0,1,6.0,t700,210.1229248046875,300.00384521484375,0,1038240,0.0
brown_0.002,0,1,6.0,t850,217.85513305664062,312.0284118652344,0,1038240,0.0
brown_0.002,0,1,6.0,t925,222.42501831054688,317.1992492675781,0,1038240,0.0
brown_0.002,0,1,6.0,t1000,225.74368286132812,322.233154296875,0,1038240,0.0
brown_0.002,0,1,6.0,q50,4.0225359043688513e-08,1.9511955997586483e-06,0,1038240,0.0
brown_0.002,0,1,6.0,q100,1.0800135896715801e-07,9.330646207672544e-06,0,1038240,0.0
brown_0.002,0,1,6.0,q150,6.372010830091313e-08,3.4251297620357946e-05,0,1038240,0.0
brown_0.002,0,1,6.0,q200,-2.2600506781600416e-06,0.00021032935183029622,7430,1038240,0.007156341501001695
brown_0.002,0,1,6.0,q250,-1.4107707102084532e-05,0.0006908549112267792,33336,1038240,0.032108183079056864
brown_0.002,0,1,6.0,q300,-2.6113033527508378e-05,0.0016040903283283114,11135,1038240,0.010724880567113577
brown_0.002,0,1,6.0,q400,-0.00011307830573059618,0.0044692386873066425,30081,1038240,0.028973069810448452
brown_0.002,0,1,6.0,q500,-0.00016424315981566906,0.007303062826395035,8712,1038240,0.00839112343966713
brown_0.002,0,1,6.0,q600,-0.0002337592886760831,0.009991299360990524,10765,1038240,0.010368508244721837
brown_0.002,0,1,6.0,q700,-0.0006407457403838634,0.013610556721687317,28070,1038240,0.0270361380798274
brown_0.002,0,1,6.0,q850,-0.0009649833664298058,0.018230805173516273,63996,1038240,0.061638927415626446
brown_0.002,0,1,6.0,q925,-0.001624805387109518,0.020304976031184196,67712,1038240,0.06521806133456619
brown_0.002,0,1,6.0,q1000,-0.0016579409129917622,0.024263590574264526,68408,1038240,0.06588842656803821
brown_0.002,0,2,12.0,u10m,-24.63167953491211,22.683988571166992,0,1038240,0.0
brown_0.002,0,2,12.0,v10m,-19.056657791137695,27.259506225585938,0,1038240,0.0
brown_0.002,0,2,12.0,u100m,-32.437835693359375,28.44456672668457,0,1038240,0.0
brown_0.002,0,2,12.0,v100m,-25.74309539794922,36.29791259765625,0,1038240,0.0
brown_0.002,0,2,12.0,t2m,205.36285400390625,321.945556640625,0,1038240,0.0
brown_0.002,0,2,12.0,sp,49203.0625,103868.3203125,0,1038240,0.0
brown_0.002,0,2,12.0,msl,93640.90625,104244.5703125,0,1038240,0.0
brown_0.002,0,2,12.0,tcwv,-5.963743209838867,77.52139282226562,73572,1038240,0.07086222838650023
brown_0.002,0,2,12.0,u50,-29.69406509399414,75.33419036865234,0,1038240,0.0
brown_0.002,0,2,12.0,u100,-39.417579650878906,64.45590209960938,0,1038240,0.0
brown_0.002,0,2,12.0,u150,-34.242095947265625,72.1448745727539,0,1038240,0.0
brown_0.002,0,2,12.0,u200,-44.21321105957031,89.13219451904297,0,1038240,0.0
brown_0.002,0,2,12.0,u250,-40.32534408569336,100.9635009765625,0,1038240,0.0
brown_0.002,0,2,12.0,u300,-40.87629699707031,91.8093032836914,0,1038240,0.0
brown_0.002,0,2,12.0,u400,-41.234535217285156,71.69613647460938,0,1038240,0.0
brown_0.002,0,2,12.0,u500,-36.49357986450195,56.88872528076172,0,1038240,0.0
brown_0.002,0,2,12.0,u600,-36.76103591918945,43.285003662109375,0,1038240,0.0
brown_0.002,0,2,12.0,u700,-38.5073356628418,39.211395263671875,0,1038240,0.0
brown_0.002,0,2,12.0,u850,-42.931495666503906,37.081966400146484,0,1038240,0.0
brown_0.002,0,2,12.0,u925,-41.2228889465332,34.475345611572266,0,1038240,0.0
brown_0.002,0,2,12.0,u1000,-24.141632080078125,22.374244689941406,0,1038240,0.0
brown_0.002,0,2,12.0,v50,-24.8616943359375,30.88040542602539,0,1038240,0.0
brown_0.002,0,2,12.0,v100,-28.49932861328125,35.016632080078125,0,1038240,0.0
brown_0.002,0,2,12.0,v150,-32.54144287109375,38.26191329956055,0,1038240,0.0
brown_0.002,0,2,12.0,v200,-46.50296401977539,51.424400329589844,0,1038240,0.0
brown_0.002,0,2,12.0,v250,-54.8858528137207,55.025062561035156,0,1038240,0.0
brown_0.002,0,2,12.0,v300,-51.806453704833984,62.73646545410156,0,1038240,0.0
brown_0.002,0,2,12.0,v400,-48.00126266479492,57.52073287963867,0,1038240,0.0
brown_0.002,0,2,12.0,v500,-43.181427001953125,46.25382995605469,0,1038240,0.0
brown_0.002,0,2,12.0,v600,-33.286712646484375,36.841548919677734,0,1038240,0.0
brown_0.002,0,2,12.0,v700,-27.727201461791992,34.439693450927734,0,1038240,0.0
brown_0.002,0,2,12.0,v850,-36.857513427734375,38.818878173828125,0,1038240,0.0
brown_0.002,0,2,12.0,v925,-32.10883331298828,36.67573547363281,0,1038240,0.0
brown_0.002,0,2,12.0,v1000,-19.76866912841797,28.057533264160156,0,1038240,0.0
brown_0.002,0,2,12.0,z50,178425.3125,208132.046875,0,1038240,0.0
brown_0.002,0,2,12.0,z100,140601.109375,165767.71875,0,1038240,0.0
brown_0.002,0,2,12.0,z150,117500.1875,142046.609375,0,1038240,0.0
brown_0.002,0,2,12.0,z200,100662.625,123892.1875,0,1038240,0.0
brown_0.002,0,2,12.0,z250,87341.2421875,109062.3203125,0,1038240,0.0
brown_0.002,0,2,12.0,z300,76238.71875,96355.875,0,1038240,0.0
brown_0.002,0,2,12.0,z400,58364.21875,75480.828125,0,1038240,0.0
brown_0.002,0,2,12.0,z500,44087.7578125,58903.60546875,0,1038240,0.0
brown_0.002,0,2,12.0,z600,31994.970703125,44796.171875,0,1038240,0.0
brown_0.002,0,2,12.0,z700,21556.119140625,32431.1171875,0,1038240,0.0
brown_0.002,0,2,12.0,z850,7360.654296875,16491.619140625,0,1038240,0.0
brown_0.002,0,2,12.0,z925,969.54541015625,9397.40625,0,1038240,0.0
brown_0.002,0,2,12.0,z1000,-5071.58935546875,3096.43701171875,0,1038240,0.0
brown_0.002,0,2,12.0,t50,180.73435974121094,234.05763244628906,0,1038240,0.0
brown_0.002,0,2,12.0,t100,186.34329223632812,235.4652557373047,0,1038240,0.0
brown_0.002,0,2,12.0,t150,188.22149658203125,238.62452697753906,0,1038240,0.0
brown_0.002,0,2,12.0,t200,191.9323272705078,241.485107421875,0,1038240,0.0
brown_0.002,0,2,12.0,t250,199.12103271484375,242.9459228515625,0,1038240,0.0
brown_0.002,0,2,12.0,t300,204.8271484375,251.21499633789062,0,1038240,0.0
brown_0.002,0,2,12.0,t400,214.71810913085938,265.0132141113281,0,1038240,0.0
brown_0.002,0,2,12.0,t500,223.65162658691406,276.45135498046875,0,1038240,0.0
brown_0.002,0,2,12.0,t600,217.67056274414062,290.3299865722656,0,1038240,0.0
brown_0.002,0,2,12.0,t700,214.6513671875,302.19256591796875,0,1038240,0.0
brown_0.002,0,2,12.0,t850,222.50567626953125,314.0937194824219,0,1038240,0.0
brown_0.002,0,2,12.0,t925,226.85049438476562,319.78216552734375,0,1038240,0.0
brown_0.002,0,2,12.0,t1000,230.6319580078125,324.8677673339844,0,1038240,0.0
brown_0.002,0,2,12.0,q50,8.485653779644053e-08,1.959241217264207e-06,0,1038240,0.0
brown_0.002,0,2,12.0,q100,2.667875378392637e-07,8.742030331632122e-06,0,1038240,0.0
brown_0.002,0,2,12.0,q150,3.6976962292101234e-07,3.52549395756796e-05,0,1038240,0.0
brown_0.002,0,2,12.0,q200,-2.756447429419495e-06,0.00020802393555641174,9652,1038240,0.009296501772229928
brown_0.002,0,2,12.0,q250,-9.911320375977084e-06,0.0007063564844429493,38349,1038240,0.03693654646324549
brown_0.002,0,2,12.0,q300,-1.2277188943699002e-05,0.00153423473238945,19211,1038240,0.018503428879642472
brown_0.002,0,2,12.0,q400,-7.395376451313496e-05,0.004148497711867094,48370,1038240,0.04658845738942826
brown_0.002,0,2,12.0,q500,-0.0001120157539844513,0.006989193614572287,25526,1038240,0.024585837571274465
brown_0.002,0,2,12.0,q600,-0.0002304170047864318,0.010147817432880402,20414,1038240,0.019662120511635076
brown_0.002,0,2,12.0,q700,-0.0006534510757774115,0.013357657939195633,54619,1038240,0.05260729696409308
brown_0.002,0,2,12.0,q850,-0.0012465603649616241,0.017900627106428146,70587,1038240,0.06798717059639389
brown_0.002,0,2,12.0,q925,-0.0015205289237201214,0.020125605165958405,73388,1038240,0.07068500539374326
brown_0.002,0,2,12.0,q1000,-0.0017796200700104237,0.02522667497396469,73094,1038240,0.07040183387270765
brown_0.002,0,3,18.0,u10m,-22.75889778137207,20.836395263671875,0,1038240,0.0
brown_0.002,0,3,18.0,v10m,-19.845441818237305,26.773466110229492,0,1038240,0.0
brown_0.002,0,3,18.0,u100m,-29.590038299560547,25.75139045715332,0,1038240,0.0
brown_0.002,0,3,18.0,v100m,-25.642412185668945,36.57195281982422,0,1038240,0.0
brown_0.002,0,3,18.0,t2m,206.3167724609375,320.8795166015625,0,1038240,0.0
brown_0.002,0,3,18.0,sp,49166.3671875,103798.109375,0,1038240,0.0
brown_0.002,0,3,18.0,msl,93883.8125,103938.9140625,0,1038240,0.0
brown_0.002,0,3,18.0,tcwv,-5.101558685302734,77.45545959472656,73572,1038240,0.07086222838650023
brown_0.002,0,3,18.0,u50,-29.240447998046875,76.20945739746094,0,1038240,0.0
brown_0.002,0,3,18.0,u100,-37.244102478027344,65.86787414550781,0,1038240,0.0
brown_0.002,0,3,18.0,u150,-32.91249084472656,74.45291137695312,0,1038240,0.0
brown_0.002,0,3,18.0,u200,-40.92115020751953,86.29351043701172,0,1038240,0.0
brown_0.002,0,3,18.0,u250,-37.48995590209961,101.04899597167969,0,1038240,0.0
brown_0.002,0,3,18.0,u300,-39.115543365478516,97.71902465820312,0,1038240,0.0
brown_0.002,0,3,18.0,u400,-37.67832946777344,71.58952331542969,0,1038240,0.0
brown_0.002,0,3,18.0,u500,-34.5335578918457,58.22721862792969,0,1038240,0.0
brown_0.002,0,3,18.0,u600,-32.902992248535156,45.48898696899414,0,1038240,0.0
brown_0.002,0,3,18.0,u700,-34.03733825683594,39.04045867919922,0,1038240,0.0
brown_0.002,0,3,18.0,u850,-36.35478973388672,35.62174606323242,0,1038240,0.0
brown_0.002,0,3,18.0,u925,-36.856231689453125,32.01686477661133,0,1038240,0.0
brown_0.002,0,3,18.0,u1000,-22.246217727661133,21.52625846862793,0,1038240,0.0
brown_0.002,0,3,18.0,v50,-23.21405601501465,29.55408477783203,0,1038240,0.0
brown_0.002,0,3,18.0,v100,-26.698583602905273,33.70105743408203,0,1038240,0.0
brown_0.002,0,3,18.0,v150,-29.464670181274414,36.502464294433594,0,1038240,0.0
brown_0.002,0,3,18.0,v200,-45.37077713012695,54.95509719848633,0,1038240,0.0
brown_0.002,0,3,18.0,v250,-57.1181526184082,62.68858337402344,0,1038240,0.0
brown_0.002,0,3,18.0,v300,-52.77499008178711,59.16200256347656,0,1038240,0.0
brown_0.002,0,3,18.0,v400,-44.96057891845703,52.57611846923828,0,1038240,0.0
brown_0.002,0,3,18.0,v500,-42.510108947753906,43.3453483581543,0,1038240,0.0
brown_0.002,0,3,18.0,v600,-33.117759704589844,36.51829528808594,0,1038240,0.0
brown_0.002,0,3,18.0,v700,-27.336721420288086,34.29627227783203,0,1038240,0.0
brown_0.002,0,3,18.0,v850,-32.71282958984375,37.79958724975586,0,1038240,0.0
brown_0.002,0,3,18.0,v925,-31.23782730102539,37.620487213134766,0,1038240,0.0
brown_0.002,0,3,18.0,v1000,-20.67019271850586,27.404064178466797,0,1038240,0.0
brown_0.002,0,3,18.0,z50,178364.59375,208026.84375,0,1038240,0.0
brown_0.002,0,3,18.0,z100,140505.75,165755.703125,0,1038240,0.0
brown_0.002,0,3,18.0,z150,117417.9765625,142009.5,0,1038240,0.0
brown_0.002,0,3,18.0,z200,100615.4921875,123871.2265625,0,1038240,0.0
brown_0.002,0,3,18.0,z250,87318.046875,109031.84375,0,1038240,0.0
brown_0.002,0,3,18.0,z300,76233.15625,96387.7421875,0,1038240,0.0
brown_0.002,0,3,18.0,z400,58392.1640625,75614.703125,0,1038240,0.0
brown_0.002,0,3,18.0,z500,44144.34375,58856.78125,0,1038240,0.0
brown_0.002,0,3,18.0,z600,32108.4609375,44696.90234375,0,1038240,0.0
brown_0.002,0,3,18.0,z700,21648.76171875,32401.078125,0,1038240,0.0
brown_0.002,0,3,18.0,z850,7493.36572265625,16458.3828125,0,1038240,0.0
brown_0.002,0,3,18.0,z925,1167.32470703125,9416.931640625,0,1038240,0.0
brown_0.002,0,3,18.0,z1000,-4780.74169921875,3016.40234375,0,1038240,0.0
brown_0.002,0,3,18.0,t50,180.44265747070312,234.35751342773438,0,1038240,0.0
brown_0.002,0,3,18.0,t100,186.37977600097656,235.3859100341797,0,1038240,0.0
brown_0.002,0,3,18.0,t150,188.81300354003906,239.08558654785156,0,1038240,0.0
brown_0.002,0,3,18.0,t200,192.62982177734375,241.7964324951172,0,1038240,0.0
brown_0.002,0,3,18.0,t250,199.32684326171875,242.4601287841797,0,1038240,0.0
brown_0.002,0,3,18.0,t300,204.73536682128906,250.66036987304688,0,1038240,0.0
brown_0.002,0,3,18.0,t400,214.79324340820312,264.7555236816406,0,1038240,0.0
brown_0.002,0,3,18.0,t500,223.2855682373047,276.767578125,0,1038240,0.0
brown_0.002,0,3,18.0,t600,216.60836791992188,288.46844482421875,0,1038240,0.0
brown_0.002,0,3,18.0,t700,215.436767578125,299.6343994140625,0,1038240,0.0
brown_0.002,0,3,18.0,t850,223.75790405273438,310.33349609375,0,1038240,0.0
brown_0.002,0,3,18.0,t925,227.81832885742188,316.83099365234375,0,1038240,0.0
brown_0.002,0,3,18.0,t1000,231.50430297851562,321.9698791503906,0,1038240,0.0
brown_0.002,0,3,18.0,q50,1.2880468602816109e-07,1.9686690393427853e-06,0,1038240,0.0
brown_0.002,0,3,18.0,q100,3.991415269410936e-07,8.172139132511802e-06,0,1038240,0.0
brown_0.002,0,3,18.0,q150,3.3531705412315205e-07,3.6804962292080745e-05,0,1038240,0.0
brown_0.002,0,3,18.0,q200,-1.6774611140135676e-06,0.0002112554939230904,5729,1038240,0.005517991986438589
brown_0.002,0,3,18.0,q250,-1.5080837329151109e-05,0.0006485458579845726,34104,1038240,0.03284789644012945
brown_0.002,0,3,18.0,q300,-1.5704077668488026e-05,0.0015144519275054336,28133,1038240,0.027096817691477884
brown_0.002,0,3,18.0,q400,-7.630229811184108e-05,0.004055245313793421,56813,1038240,0.05472048851903221
brown_0.002,0,3,18.0,q500,-0.0001225915621034801,0.006949522998183966,40876,1038240,0.03937047310833718
brown_0.002,0,3,18.0,q600,-0.00031697750091552734,0.009602718986570835,35743,1038240,0.034426529511480966
brown_0.002,0,3,18.0,q700,-0.000734423054382205,0.013106845319271088,60746,1038240,0.05850862998921252
brown_0.002,0,3,18.0,q850,-0.001195005141198635,0.018031185492873192,72769,1038240,0.07008880413006627
brown_0.002,0,3,18.0,q925,-0.0014863749966025352,0.01987578347325325,75193,1038240,0.07242352442595161
brown_0.002,0,3,18.0,q1000,-0.0015490413643419743,0.024602830410003662,73760,1038240,0.07104330405301279
brown_0.002,0,4,24.0,u10m,-20.917194366455078,25.45136833190918,0,1038240,0.0
brown_0.002,0,4,24.0,v10m,-19.721416473388672,25.55338478088379,0,1038240,0.0
brown_0.002,0,4,24.0,u100m,-27.972076416015625,32.5674934387207,0,1038240,0.0
brown_0.002,0,4,24.0,v100m,-26.21065902709961,34.56995391845703,0,1038240,0.0
brown_0.002,0,4,24.0,t2m,205.80441284179688,319.51104736328125,0,1038240,0.0
brown_0.002,0,4,24.0,sp,49046.63671875,103879.9375,0,1038240,0.0
brown_0.002,0,4,24.0,msl,93893.953125,103863.3515625,0,1038240,0.0
brown_0.002,0,4,24.0,tcwv,-4.607563018798828,75.87976837158203,72313,1038240,0.06964959932192942
brown_0.002,0,4,24.0,u50,-29.716625213623047,77.6054458618164,0,1038240,0.0
brown_0.002,0,4,24.0,u100,-37.615013122558594,65.92705535888672,0,1038240,0.0
brown_0.002,0,4,24.0,u150,-31.637746810913086,73.64391326904297,0,1038240,0.0
brown_0.002,0,4,24.0,u200,-37.446144104003906,85.67019653320312,0,1038240,0.0
brown_0.002,0,4,24.0,u250,-36.50111770629883,96.27857971191406,0,1038240,0.0
brown_0.002,0,4,24.0,u300,-38.976383209228516,93.82947540283203,0,1038240,0.0
brown_0.002,0,4,24.0,u400,-35.79047393798828,72.43921661376953,0,1038240,0.0
brown_0.002,0,4,24.0,u500,-30.368812561035156,62.87274932861328,0,1038240,0.0
brown_0.002,0,4,24.0,u600,-30.034753799438477,51.09969711303711,0,1038240,0.0
brown_0.002,0,4,24.0,u700,-31.62246322631836,41.607696533203125,0,1038240,0.0
brown_0.002,0,4,24.0,u850,-36.18781280517578,35.333248138427734,0,1038240,0.0
brown_0.002,0,4,24.0,u925,-34.67414093017578,35.86801528930664,0,1038240,0.0
brown_0.002,0,4,24.0,u1000,-20.431760787963867,25.139568328857422,0,1038240,0.0
brown_0.002,0,4,24.0,v50,-22.934934616088867,29.34223175048828,0,1038240,0.0
brown_0.002,0,4,24.0,v100,-25.026094436645508,32.71303176879883,0,1038240,0.0
brown_0.002,0,4,24.0,v150,-29.512609481811523,34.76947784423828,0,1038240,0.0
brown_0.002,0,4,24.0,v200,-42.445064544677734,53.335357666015625,0,1038240,0.0
brown_0.002,0,4,24.0,v250,-55.13445281982422,63.16233825683594,0,1038240,0.0
brown_0.002,0,4,24.0,v300,-54.23842239379883,60.661895751953125,0,1038240,0.0
brown_0.002,0,4,24.0,v400,-38.77946090698242,53.00190734863281,0,1038240,0.0
brown_0.002,0,4,24.0,v500,-36.5388298034668,46.0913200378418,0,1038240,0.0
brown_0.002,0,4,24.0,v600,-33.31260681152344,36.933876037597656,0,1038240,0.0
brown_0.002,0,4,24.0,v700,-29.956241607666016,32.057132720947266,0,1038240,0.0
brown_0.002,0,4,24.0,v850,-36.65741729736328,38.78407287597656,0,1038240,0.0
brown_0.002,0,4,24.0,v925,-32.073265075683594,36.681880950927734,0,1038240,0.0
brown_0.002,0,4,24.0,v1000,-20.378957748413086,26.2869815826416,0,1038240,0.0
brown_0.002,0,4,24.0,z50,178282.921875,208038.75,0,1038240,0.0
brown_0.002,0,4,24.0,z100,140450.34375,165511.640625,0,1038240,0.0
brown_0.002,0,4,24.0,z150,117386.8125,141741.390625,0,1038240,0.0
brown_0.002,0,4,24.0,z200,100595.2578125,123627.8203125,0,1038240,0.0
brown_0.002,0,4,24.0,z250,87301.546875,108931.859375,0,1038240,0.0
brown_0.002,0,4,24.0,z300,76199.046875,96398.125,0,1038240,0.0
brown_0.002,0,4,24.0,z400,58367.57421875,75583.09375,0,1038240,0.0
brown_0.002,0,4,24.0,z500,44144.39453125,58800.78125,0,1038240,0.0
brown_0.002,0,4,24.0,z600,32159.912109375,44669.2734375,0,1038240,0.0
brown_0.002,0,4,24.0,z700,21596.25,32390.37109375,0,1038240,0.0
brown_0.002,0,4,24.0,z850,7355.69189453125,16492.4609375,0,1038240,0.0
brown_0.002,0,4,24.0,z925,1074.4677734375,9512.21484375,0,1038240,0.0
brown_0.002,0,4,24.0,z1000,-4791.412109375,3068.01806640625,0,1038240,0.0
brown_0.002,0,4,24.0,t50,180.0303192138672,234.6508026123047,0,1038240,0.0
brown_0.002,0,4,24.0,t100,186.5146484375,235.38568115234375,0,1038240,0.0
brown_0.002,0,4,24.0,t150,188.56765747070312,239.3572235107422,0,1038240,0.0
brown_0.002,0,4,24.0,t200,192.23849487304688,241.90878295898438,0,1038240,0.0
brown_0.002,0,4,24.0,t250,199.6746826171875,242.63880920410156,0,1038240,0.0
brown_0.002,0,4,24.0,t300,204.74929809570312,250.16761779785156,0,1038240,0.0
brown_0.002,0,4,24.0,t400,214.6383056640625,264.619384765625,0,1038240,0.0
brown_0.002,0,4,24.0,t500,222.8271484375,276.62127685546875,0,1038240,0.0
brown_0.002,0,4,24.0,t600,217.0934295654297,286.6383361816406,0,1038240,0.0
brown_0.002,0,4,24.0,t700,215.74066162109375,295.4066467285156,0,1038240,0.0
brown_0.002,0,4,24.0,t850,224.3338623046875,308.165283203125,0,1038240,0.0
brown_0.002,0,4,24.0,t925,228.18467712402344,313.81573486328125,0,1038240,0.0
brown_0.002,0,4,24.0,t1000,231.87257385253906,318.2935485839844,0,1038240,0.0
brown_0.002,0,4,24.0,q50,1.697510469966801e-07,1.9753165361180436e-06,0,1038240,0.0
brown_0.002,0,4,24.0,q100,4.764326604345115e-07,7.67300934967352e-06,0,1038240,0.0
brown_0.002,0,4,24.0,q150,-5.803758540423587e-08,3.535357245709747e-05,3,1038240,2.889505316689783e-06
brown_0.002,0,4,24.0,q200,-1.429141775588505e-06,0.00019477208843454719,4921,1038240,0.00473975188781014
brown_0.002,0,4,24.0,q250,-1.2783562851836905e-05,0.0006223827367648482,40805,1038240,0.039302088149175525
brown_0.002,0,4,24.0,q300,-1.8117454601451755e-05,0.0014741343911737204,31123,1038240,0.0299766913237787
brown_0.002,0,4,24.0,q400,-6.268353899940848e-05,0.004100874066352844,53525,1038240,0.05155359069194021
brown_0.002,0,4,24.0,q500,-0.00012134184362366796,0.00690223416313529,44515,1038240,0.04287544305748189
brown_0.002,0,4,24.0,q600,-0.00025674502830952406,0.009479974396526814,43285,1038240,0.04169074587763908
brown_0.002,0,4,24.0,q700,-0.0006537095177918673,0.013035442680120468,59704,1038240,0.05750500847588226
brown_0.002,0,4,24.0,q850,-0.0010119020007550716,0.018072044476866722,72156,1038240,0.06949838187702265
brown_0.002,0,4,24.0,q925,-0.0012711919844150543,0.019603118300437927,74829,1038240,0.07207293111419324
brown_0.002,0,4,24.0,q1000,-0.001388773787766695,0.02463974803686142,72898,1038240,0.07021305285868393
brown_0.002,0,5,30.0,u10m,-21.71149444580078,27.016817092895508,0,1038240,0.0
brown_0.002,0,5,30.0,v10m,-19.779186248779297,24.1138858795166,0,1038240,0.0
brown_0.002,0,5,30.0,u100m,-29.05400276184082,34.12095642089844,0,1038240,0.0
brown_0.002,0,5,30.0,v100m,-26.066762924194336,32.99931335449219,0,1038240,0.0
brown_0.002,0,5,30.0,t2m,205.74844360351562,316.18450927734375,0,1038240,0.0
brown_0.002,0,5,30.0,sp,49072.515625,103788.28125,0,1038240,0.0
brown_0.002,0,5,30.0,msl,93969.5625,103797.0859375,0,1038240,0.0
brown_0.002,0,5,30.0,tcwv,-4.130058288574219,75.21121978759766,70733,1038240,0.0681277931884728
brown_0.002,0,5,30.0,u50,-30.319225311279297,77.09723663330078,0,1038240,0.0
brown_0.002,0,5,30.0,u100,-38.03550338745117,68.66584777832031,0,1038240,0.0
brown_0.002,0,5,30.0,u150,-30.393064498901367,73.16688537597656,0,1038240,0.0
brown_0.002,0,5,30.0,u200,-37.570594787597656,85.42444610595703,0,1038240,0.0
brown_0.002,0,5,30.0,u250,-33.46573257446289,93.52374267578125,0,1038240,0.0
brown_0.002,0,5,30.0,u300,-37.42467498779297,91.71481323242188,0,1038240,0.0
brown_0.002,0,5,30.0,u400,-34.37147521972656,75.02721405029297,0,1038240,0.0
brown_0.002,0,5,30.0,u500,-30.877262115478516,60.9599494934082,0,1038240,0.0
brown_0.002,0,5,30.0,u600,-29.28685188293457,49.4787712097168,0,1038240,0.0
brown_0.002,0,5,30.0,u700,-35.627994537353516,40.05741882324219,0,1038240,0.0
brown_0.002,0,5,30.0,u850,-38.30747604370117,39.31468963623047,0,1038240,0.0
brown_0.002,0,5,30.0,u925,-35.180747985839844,36.404178619384766,0,1038240,0.0
brown_0.002,0,5,30.0,u1000,-21.658950805664062,26.452539443969727,0,1038240,0.0
brown_0.002,0,5,30.0,v50,-23.59062957763672,27.967533111572266,0,1038240,0.0
brown_0.002,0,5,30.0,v100,-21.95770835876465,31.379308700561523,0,1038240,0.0
brown_0.002,0,5,30.0,v150,-28.411693572998047,33.08298873901367,0,1038240,0.0
brown_0.002,0,5,30.0,v200,-42.47712326049805,51.72807312011719,0,1038240,0.0
brown_0.002,0,5,30.0,v250,-54.371971130371094,63.67271423339844,0,1038240,0.0
brown_0.002,0,5,30.0,v300,-53.51603698730469,66.13902282714844,0,1038240,0.0
brown_0.002,0,5,30.0,v400,-39.70134735107422,56.45737838745117,0,1038240,0.0
brown_0.002,0,5,30.0,v500,-37.28642654418945,48.50705337524414,0,1038240,0.0
brown_0.002,0,5,30.0,v600,-33.24876403808594,39.388301849365234,0,1038240,0.0
brown_0.002,0,5,30.0,v700,-28.799392700195312,32.52214431762695,0,1038240,0.0
brown_0.002,0,5,30.0,v850,-36.25537109375,38.75423812866211,0,1038240,0.0
brown_0.002,0,5,30.0,v925,-30.859251022338867,31.939714431762695,0,1038240,0.0
brown_0.002,0,5,30.0,v1000,-20.341773986816406,24.565027236938477,0,1038240,0.0
brown_0.002,0,5,30.0,z50,178072.78125,208175.96875,0,1038240,0.0
brown_0.002,0,5,30.0,z100,140335.25,165621.3125,0,1038240,0.0
brown_0.002,0,5,30.0,z150,117312.875,141766.09375,0,1038240,0.0
brown_0.002,0,5,30.0,z200,100544.890625,123667.1875,0,1038240,0.0
brown_0.002,0,5,30.0,z250,87257.8828125,108939.84375,0,1038240,0.0
brown_0.002,0,5,30.0,z300,76183.3125,96394.453125,0,1038240,0.0
brown_0.002,0,5,30.0,z400,58362.3828125,75591.9765625,0,1038240,0.0
brown_0.002,0,5,30.0,z500,44137.60546875,58647.421875,0,1038240,0.0
brown_0.002,0,5,30.0,z600,31988.392578125,44514.7734375,0,1038240,0.0
brown_0.002,0,5,30.0,z700,21274.240234375,32219.62109375,0,1038240,0.0
brown_0.002,0,5,30.0,z850,7283.6142578125,16517.9140625,0,1038240,0.0
brown_0.002,0,5,30.0,z925,1122.7177734375,9523.12890625,0,1038240,0.0
brown_0.002,0,5,30.0,z1000,-4677.46142578125,3027.6923828125,0,1038240,0.0
brown_0.002,0,5,30.0,t50,179.8109588623047,234.92864990234375,0,1038240,0.0
brown_0.002,0,5,30.0,t100,186.2783660888672,235.23265075683594,0,1038240,0.0
brown_0.002,0,5,30.0,t150,189.11053466796875,240.01864624023438,0,1038240,0.0
brown_0.002,0,5,30.0,t200,192.11367797851562,242.1234893798828,0,1038240,0.0
brown_0.002,0,5,30.0,t250,199.81578063964844,242.5130157470703,0,1038240,0.0
brown_0.002,0,5,30.0,t300,204.80889892578125,250.23452758789062,0,1038240,0.0
brown_0.002,0,5,30.0,t400,214.09217834472656,264.1508483886719,0,1038240,0.0
brown_0.002,0,5,30.0,t500,222.83909606933594,276.0257568359375,0,1038240,0.0
brown_0.002,0,5,30.0,t600,216.96939086914062,289.0409851074219,0,1038240,0.0
brown_0.002,0,5,30.0,t700,215.1461639404297,300.839599609375,0,1038240,0.0
brown_0.002,0,5,30.0,t850,223.910888671875,312.13201904296875,0,1038240,0.0
brown_0.002,0,5,30.0,t925,227.73651123046875,317.29022216796875,0,1038240,0.0
brown_0.002,0,5,30.0,t1000,231.31365966796875,322.4418640136719,0,1038240,0.0
brown_0.002,0,5,30.0,q50,2.115789357048925e-07,1.982776211661985e-06,0,1038240,0.0
brown_0.002,0,5,30.0,q100,5.700976544176228e-07,7.222646217996953e-06,0,1038240,0.0
brown_0.002,0,5,30.0,q150,-4.4267926568863913e-07,3.5022592783207074e-05,63,1038240,6.0679611650485434e-05
brown_0.002,0,5,30.0,q200,-2.2192452888702974e-06,0.0002028890303336084,7397,1038240,0.007124556942518108
brown_0.002,0,5,30.0,q250,-1.5604204236296937e-05,0.0006366627640090883,32131,1038240,0.03094756511018647
brown_0.002,0,5,30.0,q300,-2.065078297164291e-05,0.0015164284268394113,28539,1038240,0.027487864077669903
brown_0.002,0,5,30.0,q400,-6.835826206952333e-05,0.004192057065665722,50365,1038240,0.04850997842502697
brown_0.002,0,5,30.0,q500,-0.00011361984070390463,0.007218089420348406,40712,1038240,0.03921251348435814
brown_0.002,0,5,30.0,q600,-0.00029274309054017067,0.010798525996506214,44128,1038240,0.04250269687162891
brown_0.002,0,5,30.0,q700,-0.0005520053673535585,0.013304576277732849,61849,1038240,0.05957100477731546
brown_0.002,0,5,30.0,q850,-0.000838790088891983,0.017994707450270653,70108,1038240,0.06752581291416243
brown_0.002,0,5,30.0,q925,-0.0010583591647446156,0.020056303590536118,72473,1038240,0.06980370627215288
brown_0.002,0,5,30.0,q1000,-0.0011323303915560246,0.023933596909046173,71211,1038240,0.06858818770226537
brown_0.002,0,6,36.0,u10m,-22.132970809936523,23.299482345581055,0,1038240,0.0
brown_0.002,0,6,36.0,v10m,-19.48523712158203,22.847206115722656,0,1038240,0.0
brown_0.002,0,6,36.0,u100m,-29.32468032836914,29.09923553466797,0,1038240,0.0
brown_0.002,0,6,36.0,v100m,-25.404306411743164,31.7803955078125,0,1038240,0.0
brown_0.002,0,6,36.0,t2m,204.12667846679688,322.08502197265625,0,1038240,0.0
brown_0.002,0,6,36.0,sp,49000.6484375,103833.609375,0,1038240,0.0
brown_0.002,0,6,36.0,msl,94192.6875,103783.0,0,1038240,0.0
brown_0.002,0,6,36.0,tcwv,-3.719867706298828,75.5044937133789,67034,1038240,0.0645650331329943
brown_0.002,0,6,36.0,u50,-27.42876434326172,75.8682632446289,0,1038240,0.0
brown_0.002,0,6,36.0,u100,-37.70653533935547,67.94447326660156,0,1038240,0.0
brown_0.002,0,6,36.0,u150,-31.963117599487305,71.17867279052734,0,1038240,0.0
brown_0.002,0,6,36.0,u200,-37.26325225830078,83.00004577636719,0,1038240,0.0
brown_0.002,0,6,36.0,u250,-34.47074508666992,90.77217102050781,0,1038240,0.0
brown_0.002,0,6,36.0,u300,-31.747379302978516,86.57569122314453,0,1038240,0.0
brown_0.002,0,6,36.0,u400,-28.24733543395996,73.01483154296875,0,1038240,0.0
brown_0.002,0,6,36.0,u500,-27.763275146484375,59.6470832824707,0,1038240,0.0
brown_0.002,0,6,36.0,u600,-29.986486434936523,48.4382438659668,0,1038240,0.0
brown_0.002,0,6,36.0,u700,-37.37109375,40.95806884765625,0,1038240,0.0
brown_0.002,0,6,36.0,u850,-37.854408264160156,36.43061447143555,0,1038240,0.0
brown_0.002,0,6,36.0,u925,-35.07291030883789,31.023197174072266,0,1038240,0.0
brown_0.002,0,6,36.0,u1000,-21.839340209960938,23.246950149536133,0,1038240,0.0
brown_0.002,0,6,36.0,v50,-25.393430709838867,27.560331344604492,0,1038240,0.0
brown_0.002,0,6,36.0,v100,-21.453378677368164,29.022310256958008,0,1038240,0.0
brown_0.002,0,6,36.0,v150,-29.067523956298828,32.701419830322266,0,1038240,0.0
brown_0.002,0,6,36.0,v200,-40.6501579284668,47.994998931884766,0,1038240,0.0
brown_0.002,0,6,36.0,v250,-50.556121826171875,54.300750732421875,0,1038240,0.0
brown_0.002,0,6,36.0,v300,-54.707645416259766,53.91728591918945,0,1038240,0.0
brown_0.002,0,6,36.0,v400,-45.78324508666992,53.82649230957031,0,1038240,0.0
brown_0.002,0,6,36.0,v500,-37.62321090698242,45.88722610473633,0,1038240,0.0
brown_0.002,0,6,36.0,v600,-30.042675018310547,38.60389709472656,0,1038240,0.0
brown_0.002,0,6,36.0,v700,-26.067346572875977,31.22124481201172,0,1038240,0.0
brown_0.002,0,6,36.0,v850,-32.5027961730957,37.788414001464844,0,1038240,0.0
brown_0.002,0,6,36.0,v925,-31.155445098876953,31.004680633544922,0,1038240,0.0
brown_0.002,0,6,36.0,v1000,-20.4096736907959,23.545185089111328,0,1038240,0.0
brown_0.002,0,6,36.0,z50,177778.078125,208346.4375,0,1038240,0.0
brown_0.002,0,6,36.0,z100,140343.4375,165804.75,0,1038240,0.0
brown_0.002,0,6,36.0,z150,117383.15625,141954.921875,0,1038240,0.0
brown_0.002,0,6,36.0,z200,100662.9375,123788.8125,0,1038240,0.0
brown_0.002,0,6,36.0,z250,87421.1953125,108870.7109375,0,1038240,0.0
brown_0.002,0,6,36.0,z300,76357.9609375,96253.5859375,0,1038240,0.0
brown_0.002,0,6,36.0,z400,58530.4140625,75455.671875,0,1038240,0.0
brown_0.002,0,6,36.0,z500,44135.0078125,58723.75,0,1038240,0.0
brown_0.002,0,6,36.0,z600,31880.859375,44603.3828125,0,1038240,0.0
brown_0.002,0,6,36.0,z700,21234.38671875,32268.96875,0,1038240,0.0
brown_0.002,0,6,36.0,z850,7409.6572265625,16569.791015625,0,1038240,0.0
brown_0.002,0,6,36.0,z925,1300.3046875,9576.146484375,0,1038240,0.0
brown_0.002,0,6,36.0,z1000,-4471.5390625,3087.31396484375,0,1038240,0.0
brown_0.002,0,6,36.0,t50,179.49038696289062,235.19728088378906,0,1038240,0.0
brown_0.002,0,6,36.0,t100,185.99537658691406,235.69029235839844,0,1038240,0.0
brown_0.002,0,6,36.0,t150,189.07444763183594,240.2223663330078,0,1038240,0.0
brown_0.002,0,6,36.0,t200,192.00888061523438,241.98191833496094,0,1038240,0.0
brown_0.002,0,6,36.0,t250,200.2344207763672,242.7882537841797,0,1038240,0.0
brown_0.002,0,6,36.0,t300,204.64405822753906,251.33343505859375,0,1038240,0.0
brown_0.002,0,6,36.0,t400,213.6080780029297,265.4929504394531,0,1038240,0.0
brown_0.002,0,6,36.0,t500,222.52633666992188,276.8248291015625,0,1038240,0.0
brown_0.002,0,6,36.0,t600,217.43362426757812,291.0350036621094,0,1038240,0.0
brown_0.002,0,6,36.0,t700,215.04237365722656,303.3629455566406,0,1038240,0.0
brown_0.002,0,6,36.0,t850,223.51712036132812,313.70947265625,0,1038240,0.0
brown_0.002,0,6,36.0,t925,227.426025390625,318.6377868652344,0,1038240,0.0
brown_0.002,0,6,36.0,t1000,231.00607299804688,323.59063720703125,0,1038240,0.0
brown_0.002,0,6,36.0,q50,2.488977770553902e-07,1.9891083411494037e-06,0,1038240,0.0
brown_0.002,0,6,36.0,q100,6.479251624114113e-07,6.820849648647709e-06,0,1038240,0.0
brown_0.002,0,6,36.0,q150,1.771804818417877e-07,3.9006885344861075e-05,0,1038240,0.0
brown_0.002,0,6,36.0,q200,-3.7297304515959695e-06,0.00021334897610358894,11502,1038240,0.011078363384188626
brown_0.002,0,6,36.0,q250,-1.3802749890601262e-05,0.0006453224341385067,30906,1038240,0.02976768377253814
brown_0.002,0,6,36.0,q300,-1.6538790077902377e-05,0.0014782900689169765,27401,1038240,0.02639177839420558
brown_0.002,0,6,36.0,q400,-5.644679185934365e-05,0.003988725133240223,48969,1038240,0.047165395284327324
brown_0.002,0,6,36.0,q500,-0.00010134920012205839,0.007915443740785122,36907,1038240,0.0355476575743566
brown_0.002,0,6,36.0,q600,-0.00021642097271978855,0.009869061410427094,42271,1038240,0.04071409308059794
brown_0.002,0,6,36.0,q700,-0.00048431288450956345,0.012852009385824203,56809,1038240,0.05471663584527662
brown_0.002,0,6,36.0,q850,-0.0006326688453555107,0.018176821991801262,65809,1038240,0.06338515179534597
brown_0.002,0,6,36.0,q925,-0.0007958114147186279,0.020159905776381493,67537,1038240,0.06504950685775929
brown_0.002,0,6,36.0,q1000,-0.0009281770326197147,0.02565820701420307,67190,1038240,0.06471528740946217
brown_0.002,0,7,42.0,u10m,-21.94186782836914,18.602632522583008,0,1038240,0.0
brown_0.002,0,7,42.0,v10m,-20.331466674804688,23.66864013671875,0,1038240,0.0
brown_0.002,0,7,42.0,u100m,-28.438690185546875,24.115659713745117,0,1038240,0.0
brown_0.002,0,7,42.0,v100m,-27.385011672973633,32.626800537109375,0,1038240,0.0
brown_0.002,0,7,42.0,t2m,202.6654052734375,321.0466613769531,0,1038240,0.0
brown_0.002,0,7,42.0,sp,49104.9453125,103867.8359375,0,1038240,0.0
brown_0.002,0,7,42.0,msl,94657.578125,103827.1640625,0,1038240,0.0
brown_0.002,0,7,42.0,tcwv,-2.7529525756835938,76.8407974243164,61226,1038240,0.05897095083988288
brown_0.002,0,7,42.0,u50,-27.991546630859375,75.67066955566406,0,1038240,0.0
brown_0.002,0,7,42.0,u100,-33.94633483886719,67.02249145507812,0,1038240,0.0
brown_0.002,0,7,42.0,u150,-30.924333572387695,70.41038513183594,0,1038240,0.0
brown_0.002,0,7,42.0,u200,-37.868141174316406,81.59500885009766,0,1038240,0.0
brown_0.002,0,7,42.0,u250,-35.897396087646484,87.04409790039062,0,1038240,0.0
brown_0.002,0,7,42.0,u300,-32.44971466064453,85.19685363769531,0,1038240,0.0
brown_0.002,0,7,42.0,u400,-24.49724769592285,69.9443588256836,0,1038240,0.0
brown_0.002,0,7,42.0,u500,-26.782005310058594,59.724143981933594,0,1038240,0.0
brown_0.002,0,7,42.0,u600,-32.80142593383789,48.802879333496094,0,1038240,0.0
brown_0.002,0,7,42.0,u700,-39.57291793823242,40.73200988769531,0,1038240,0.0
brown_0.002,0,7,42.0,u850,-37.376182556152344,35.4329948425293,0,1038240,0.0
brown_0.002,0,7,42.0,u925,-36.297088623046875,30.60029411315918,0,1038240,0.0
brown_0.002,0,7,42.0,u1000,-21.960790634155273,20.86015510559082,0,1038240,0.0
brown_0.002,0,7,42.0,v50,-26.43909454345703,25.861984252929688,0,1038240,0.0
brown_0.002,0,7,42.0,v100,-21.727130889892578,25.755308151245117,0,1038240,0.0
brown_0.002,0,7,42.0,v150,-28.530241012573242,32.38082504272461,0,1038240,0.0
brown_0.002,0,7,42.0,v200,-40.27671432495117,47.69972610473633,0,1038240,0.0
brown_0.002,0,7,42.0,v250,-53.14247512817383,52.617958068847656,0,1038240,0.0
brown_0.002,0,7,42.0,v300,-58.94460678100586,54.78640365600586,0,1038240,0.0
brown_0.002,0,7,42.0,v400,-54.89338302612305,55.89350509643555,0,1038240,0.0
brown_0.002,0,7,42.0,v500,-39.772586822509766,48.720802307128906,0,1038240,0.0
brown_0.002,0,7,42.0,v600,-28.111618041992188,39.707157135009766,0,1038240,0.0
brown_0.002,0,7,42.0,v700,-24.591896057128906,32.660614013671875,0,1038240,0.0
brown_0.002,0,7,42.0,v850,-33.96984100341797,35.9310188293457,0,1038240,0.0
brown_0.002,0,7,42.0,v925,-34.299583435058594,31.039478302001953,0,1038240,0.0
brown_0.002,0,7,42.0,v1000,-20.53017234802246,24.38636589050293,0,1038240,0.0
brown_0.002,0,7,42.0,z50,177525.890625,208246.796875,0,1038240,0.0
brown_0.002,0,7,42.0,z100,140318.140625,165771.984375,0,1038240,0.0
brown_0.002,0,7,42.0,z150,117450.734375,141869.1875,0,1038240,0.0
brown_0.002,0,7,42.0,z200,100796.1328125,123717.921875,0,1038240,0.0
brown_0.002,0,7,42.0,z250,87601.25,108900.8046875,0,1038240,0.0
brown_0.002,0,7,42.0,z300,76563.2578125,96392.96875,0,1038240,0.0
brown_0.002,0,7,42.0,z400,58697.03515625,75591.921875,0,1038240,0.0
brown_0.002,0,7,42.0,z500,44249.8984375,58723.9921875,0,1038240,0.0
brown_0.002,0,7,42.0,z600,32054.51171875,44522.4375,0,1038240,0.0
brown_0.002,0,7,42.0,z700,21463.6875,32293.25390625,0,1038240,0.0
brown_0.002,0,7,42.0,z850,7726.7490234375,16584.3203125,0,1038240,0.0
brown_0.002,0,7,42.0,z925,1646.13818359375,9590.3154296875,0,1038240,0.0
brown_0.002,0,7,42.0,z1000,-4094.07080078125,3115.46875,0,1038240,0.0
brown_0.002,0,7,42.0,t50,179.8211669921875,235.57220458984375,0,1038240,0.0
brown_0.002,0,7,42.0,t100,186.2761993408203,235.93264770507812,0,1038240,0.0
brown_0.002,0,7,42.0,t150,189.25692749023438,241.1226806640625,0,1038240,0.0
brown_0.002,0,7,42.0,t200,192.1251983642578,242.03634643554688,0,1038240,0.0
brown_0.002,0,7,42.0,t250,199.79345703125,243.1295166015625,0,1038240,0.0
brown_0.002,0,7,42.0,t300,204.8927764892578,249.8478240966797,0,1038240,0.0
brown_0.002,0,7,42.0,t400,213.84954833984375,264.4804992675781,0,1038240,0.0
brown_0.002,0,7,42.0,t500,221.8052978515625,275.6808776855469,0,1038240,0.0
brown_0.002,0,7,42.0,t600,215.56936645507812,288.592529296875,0,1038240,0.0
brown_0.002,0,7,42.0,t700,214.48211669921875,299.1353759765625,0,1038240,0.0
brown_0.002,0,7,42.0,t850,224.8916778564453,310.1998291015625,0,1038240,0.0
brown_0.002,0,7,42.0,t925,228.67637634277344,315.9730224609375,0,1038240,0.0
brown_0.002,0,7,42.0,t1000,232.42929077148438,321.0892639160156,0,1038240,0.0
brown_0.002,0,7,42.0,q50,2.8405133889464196e-07,1.997025492528337e-06,0,1038240,0.0
brown_0.002,0,7,42.0,q100,7.093042313499609e-07,6.409571142285131e-06,0,1038240,0.0
brown_0.002,0,7,42.0,q150,3.8281723391264677e-07,3.8054098695283756e-05,0,1038240,0.0
brown_0.002,0,7,42.0,q200,-4.057323167216964e-06,0.0002128596097463742,12675,1038240,0.012208159963014331
brown_0.002,0,7,42.0,q250,-1.370908648823388e-05,0.0006464270991273224,26005,1038240,0.025047195253505933
brown_0.002,0,7,42.0,q300,-2.1027139155194163e-05,0.0014349335106089711,27669,1038240,0.026649907535829867
brown_0.002,0,7,42.0,q400,-6.278615910559893e-05,0.004203618969768286,45025,1038240,0.04336665896131916
brown_0.002,0,7,42.0,q500,-9.121495531871915e-05,0.007443426642566919,29260,1038240,0.028182308522114348
brown_0.002,0,7,42.0,q600,-0.0002548986813053489,0.00951139535754919,33473,1038240,0.0322401371551857
brown_0.002,0,7,42.0,q700,-0.00045926659367978573,0.01287977583706379,53403,1038240,0.051436084142394825
brown_0.002,0,7,42.0,q850,-0.0005438318476080894,0.018216725438833237,58560,1038240,0.05640314378178456
brown_0.002,0,7,42.0,q925,-0.0007316088303923607,0.019708391278982162,63259,1038240,0.06092907227615965
brown_0.002,0,7,42.0,q1000,-0.0008182558231055737,0.024858996272087097,62065,1038240,0.05977904916011712
brown_0.002,0,8,48.0,u10m,-23.269380569458008,20.360130310058594,0,1038240,0.0
brown_0.002,0,8,48.0,v10m,-24.07297706604004,23.01742935180664,0,1038240,0.0
brown_0.002,0,8,48.0,u100m,-29.66024398803711,26.093503952026367,0,1038240,0.0
brown_0.002,0,8,48.0,v100m,-31.891345977783203,32.0821647644043,0,1038240,0.0
brown_0.002,0,8,48.0,t2m,201.46743774414062,320.2019958496094,0,1038240,0.0
brown_0.002,0,8,48.0,sp,48955.87109375,103880.1484375,0,1038240,0.0
brown_0.002,0,8,48.0,msl,94919.9140625,103833.4140625,0,1038240,0.0
brown_0.002,0,8,48.0,tcwv,-2.6006603240966797,77.08879089355469,56364,1038240,0.05428802588996764
brown_0.002,0,8,48.0,u50,-28.576080322265625,73.10050964355469,0,1038240,0.0
brown_0.002,0,8,48.0,u100,-34.21907424926758,64.93463134765625,0,1038240,0.0
brown_0.002,0,8,48.0,u150,-31.8406925201416,68.49323272705078,0,1038240,0.0
brown_0.002,0,8,48.0,u200,-40.700218200683594,79.90088653564453,0,1038240,0.0
brown_0.002,0,8,48.0,u250,-36.04273986816406,84.66120910644531,0,1038240,0.0
brown_0.002,0,8,48.0,u300,-36.51304626464844,81.74260711669922,0,1038240,0.0
brown_0.002,0,8,48.0,u400,-32.809173583984375,67.98973083496094,0,1038240,0.0
brown_0.002,0,8,48.0,u500,-26.064289093017578,58.951236724853516,0,1038240,0.0
brown_0.002,0,8,48.0,u600,-28.13474464416504,49.753334045410156,0,1038240,0.0
brown_0.002,0,8,48.0,u700,-37.114986419677734,40.63144302368164,0,1038240,0.0
brown_0.002,0,8,48.0,u850,-38.423160552978516,34.40220642089844,0,1038240,0.0
brown_0.002,0,8,48.0,u925,-35.8642463684082,31.374181747436523,0,1038240,0.0
brown_0.002,0,8,48.0,u1000,-23.229820251464844,20.61588478088379,0,1038240,0.0
brown_0.002,0,8,48.0,v50,-26.25051498413086,24.509822845458984,0,1038240,0.0
brown_0.002,0,8,48.0,v100,-22.222515106201172,22.66226577758789,0,1038240,0.0
brown_0.002,0,8,48.0,v150,-27.47273826599121,32.64603805541992,0,1038240,0.0
brown_0.002,0,8,48.0,v200,-45.95158004760742,45.32463836669922,0,1038240,0.0
brown_0.002,0,8,48.0,v250,-52.89139175415039,47.56272888183594,0,1038240,0.0
brown_0.002,0,8,48.0,v300,-57.851158142089844,55.96025466918945,0,1038240,0.0
brown_0.002,0,8,48.0,v400,-55.6840705871582,55.19140625,0,1038240,0.0
brown_0.002,0,8,48.0,v500,-42.467140197753906,48.266563415527344,0,1038240,0.0
brown_0.002,0,8,48.0,v600,-29.60890769958496,38.9727897644043,0,1038240,0.0
brown_0.002,0,8,48.0,v700,-26.188556671142578,32.62063217163086,0,1038240,0.0
brown_0.002,0,8,48.0,v850,-37.718177795410156,35.216548919677734,0,1038240,0.0
brown_0.002,0,8,48.0,v925,-35.411258697509766,31.034730911254883,0,1038240,0.0
brown_0.002,0,8,48.0,v1000,-24.49220848083496,23.661935806274414,0,1038240,0.0
brown_0.002,0,8,48.0,z50,177227.421875,208247.828125,0,1038240,0.0
brown_0.002,0,8,48.0,z100,140360.984375,165661.71875,0,1038240,0.0
brown_0.002,0,8,48.0,z150,117617.6796875,141655.15625,0,1038240,0.0
brown_0.002,0,8,48.0,z200,100984.6796875,123636.5390625,0,1038240,0.0
brown_0.002,0,8,48.0,z250,87778.421875,109002.078125,0,1038240,0.0
brown_0.002,0,8,48.0,z300,76744.6953125,96461.96875,0,1038240,0.0
brown_0.002,0,8,48.0,z400,58820.23046875,75573.546875,0,1038240,0.0
brown_0.002,0,8,48.0,z500,44393.5390625,58801.54296875,0,1038240,0.0
brown_0.002,0,8,48.0,z600,32217.1953125,44595.265625,0,1038240,0.0
brown_0.002,0,8,48.0,z700,21638.80859375,32362.83984375,0,1038240,0.0
brown_0.002,0,8,48.0,z850,7915.1357421875,16616.251953125,0,1038240,0.0
brown_0.002,0,8,48.0,z925,1847.662109375,9600.02734375,0,1038240,0.0
brown_0.002,0,8,48.0,z1000,-3874.3125,3118.68408203125,0,1038240,0.0
brown_0.002,0,8,48.0,t50,179.98785400390625,235.70169067382812,0,1038240,0.0
brown_0.002,0,8,48.0,t100,186.71026611328125,236.33778381347656,0,1038240,0.0
brown_0.002,0,8,48.0,t150,190.11892700195312,241.36732482910156,0,1038240,0.0
brown_0.002,0,8,48.0,t200,192.32989501953125,241.7529296875,0,1038240,0.0
brown_0.002,0,8,48.0,t250,199.4614715576172,243.6459197998047,0,1038240,0.0
brown_0.002,0,8,48.0,t300,204.694091796875,250.23472595214844,0,1038240,0.0
brown_0.002,0,8,48.0,t400,214.44802856445312,264.4364318847656,0,1038240,0.0
brown_0.002,0,8,48.0,t500,221.51303100585938,275.6092834472656,0,1038240,0.0
brown_0.002,0,8,48.0,t600,212.08209228515625,286.54681396484375,0,1038240,0.0
brown_0.002,0,8,48.0,t700,214.2127227783203,295.7898254394531,0,1038240,0.0
brown_0.002,0,8,48.0,t850,223.79287719726562,308.6041564941406,0,1038240,0.0
brown_0.002,0,8,48.0,t925,227.57516479492188,314.3842468261719,0,1038240,0.0
brown_0.002,0,8,48.0,t1000,231.3575439453125,318.9427490234375,0,1038240,0.0
brown_0.002,0,8,48.0,q50,3.22091636917321e-07,2.0050226794410264e-06,0,1038240,0.0
brown_0.002,0,8,48.0,q100,7.811966042936547e-07,6.078947080823127e-06,0,1038240,0.0
brown_0.002,0,8,48.0,q150,2.2314816305879503e-07,3.398639819351956e-05,0,1038240,0.0
brown_0.002,0,8,48.0,q200,-4.129926310270093e-06,0.00019423470075707883,12310,1038240,0.011856603482817075
brown_0.002,0,8,48.0,q250,-1.104078910429962e-05,0.0006339395768009126,23615,1038240,0.022745222684543074
brown_0.002,0,8,48.0,q300,-2.8868933441117406e-05,0.0014783750521019101,22784,1038240,0.021944829711820005
brown_0.002,0,8,48.0,q400,-6.158280302770436e-05,0.004341329447925091,38541,1038240,0.03712147480351364
brown_0.002,0,8,48.0,q500,-0.00011366652324795723,0.007152688689529896,31792,1038240,0.030621051009400525
brown_0.002,0,8,48.0,q600,-0.00020417245104908943,0.009577627293765545,28819,1038240,0.027757551240560948
brown_0.002,0,8,48.0,q700,-0.0003782752901315689,0.012879755347967148,45643,1038240,0.04396189705655725
brown_0.002,0,8,48.0,q850,-0.0005588908679783344,0.018215881660580635,51275,1038240,0.04938646170442287
brown_0.002,0,8,48.0,q925,-0.0006445734761655331,0.01953912526369095,54760,1038240,0.0527431037139775
brown_0.002,0,8,48.0,q1000,-0.0008433735929429531,0.024845093488693237,55667,1038240,0.05361669748805671
brown_0.002,0,9,54.0,u10m,-22.316370010375977,21.400712966918945,0,1038240,0.0
brown_0.002,0,9,54.0,v10m,-20.129589080810547,22.984508514404297,0,1038240,0.0
brown_0.002,0,9,54.0,u100m,-28.916637420654297,27.767780303955078,0,1038240,0.0
brown_0.002,0,9,54.0,v100m,-26.454143524169922,29.793243408203125,0,1038240,0.0
brown_0.002,0,9,54.0,t2m,200.0710906982422,315.7739562988281,0,1038240,0.0
brown_0.002,0,9,54.0,sp,49011.41015625,103854.546875,0,1038240,0.0
brown_0.002,0,9,54.0,msl,95096.734375,103801.828125,0,1038240,0.0
brown_0.002,0,9,54.0,tcwv,-2.220104217529297,78.44709777832031,49020,1038240,0.04721451687471105
brown_0.002,0,9,54.0,u50,-30.790531158447266,72.24613952636719,0,1038240,0.0
brown_0.002,0,9,54.0,u100,-33.4671516418457,63.424530029296875,0,1038240,0.0
brown_0.002,0,9,54.0,u150,-32.94805145263672,67.55609893798828,0,1038240,0.0
brown_0.002,0,9,54.0,u200,-39.82048034667969,81.31107330322266,0,1038240,0.0
brown_0.002,0,9,54.0,u250,-35.17023849487305,82.01799011230469,0,1038240,0.0
brown_0.002,0,9,54.0,u300,-36.85823059082031,77.27205657958984,0,1038240,0.0
brown_0.002,0,9,54.0,u400,-34.79131317138672,63.165618896484375,0,1038240,0.0
brown_0.002,0,9,54.0,u500,-26.16469955444336,54.28226089477539,0,1038240,0.0
brown_0.002,0,9,54.0,u600,-28.55034828186035,45.17289352416992,0,1038240,0.0
brown_0.002,0,9,54.0,u700,-32.4520149230957,36.12060546875,0,1038240,0.0
brown_0.002,0,9,54.0,u850,-38.012454986572266,33.0816764831543,0,1038240,0.0
brown_0.002,0,9,54.0,u925,-36.611907958984375,34.45677947998047,0,1038240,0.0
brown_0.002,0,9,54.0,u1000,-23.217426300048828,21.71506690979004,0,1038240,0.0
brown_0.002,0,9,54.0,v50,-24.54950714111328,21.894882202148438,0,1038240,0.0
brown_0.002,0,9,54.0,v100,-23.722082138061523,21.143571853637695,0,1038240,0.0
brown_0.002,0,9,54.0,v150,-29.184335708618164,31.14800262451172,0,1038240,0.0
brown_0.002,0,9,54.0,v200,-43.9315299987793,45.24760055541992,0,1038240,0.0
brown_0.002,0,9,54.0,v250,-52.166587829589844,50.30107498168945,0,1038240,0.0
brown_0.002,0,9,54.0,v300,-54.981868743896484,57.03443145751953,0,1038240,0.0
brown_0.002,0,9,54.0,v400,-48.51835632324219,57.840362548828125,0,1038240,0.0
brown_0.002,0,9,54.0,v500,-43.64825439453125,51.18163299560547,0,1038240,0.0
brown_0.002,0,9,54.0,v600,-32.88499069213867,39.06575012207031,0,1038240,0.0
brown_0.002,0,9,54.0,v700,-28.479785919189453,35.2551383972168,0,1038240,0.0
brown_0.002,0,9,54.0,v850,-33.17165756225586,36.72772216796875,0,1038240,0.0
brown_0.002,0,9,54.0,v925,-31.725046157836914,36.82398223876953,0,1038240,0.0
brown_0.002,0,9,54.0,v1000,-20.67896842956543,23.628578186035156,0,1038240,0.0
brown_0.002,0,9,54.0,z50,176973.828125,208367.0,0,1038240,0.0
brown_0.002,0,9,54.0,z100,140336.328125,165838.140625,0,1038240,0.0
brown_0.002,0,9,54.0,z150,117640.921875,141902.625,0,1038240,0.0
brown_0.002,0,9,54.0,z200,100933.4375,123804.0625,0,1038240,0.0
brown_0.002,0,9,54.0,z250,87747.59375,109022.4453125,0,1038240,0.0
brown_0.002,0,9,54.0,z300,76716.8125,96496.328125,0,1038240,0.0
brown_0.002,0,9,54.0,z400,58759.9765625,75632.359375,0,1038240,0.0
brown_0.002,0,9,54.0,z500,44360.796875,58782.5234375,0,1038240,0.0
brown_0.002,0,9,54.0,z600,32208.73828125,44585.3671875,0,1038240,0.0
brown_0.002,0,9,54.0,z700,21684.41015625,32340.736328125,0,1038240,0.0
brown_0.002,0,9,54.0,z850,8019.5908203125,16581.15234375,0,1038240,0.0
brown_0.002,0,9,54.0,z925,1981.6826171875,9556.4072265625,0,1038240,0.0
brown_0.002,0,9,54.0,z1000,-3715.314453125,3082.38818359375,0,1038240,0.0
brown_0.002,0,9,54.0,t50,180.21913146972656,235.83340454101562,0,1038240,0.0
brown_0.002,0,9,54.0,t100,186.95028686523438,236.60604858398438,0,1038240,0.0
brown_0.002,0,9,54.0,t150,190.5070343017578,241.82339477539062,0,1038240,0.0
brown_0.002,0,9,54.0,t200,192.8318634033203,241.62496948242188,0,1038240,0.0
brown_0.002,0,9,54.0,t250,199.91366577148438,243.63555908203125,0,1038240,0.0
brown_0.002,0,9,54.0,t300,203.52725219726562,251.0033416748047,0,1038240,0.0
brown_0.002,0,9,54.0,t400,213.6504364013672,264.6889343261719,0,1038240,0.0
brown_0.002,0,9,54.0,t500,220.0083465576172,275.9632568359375,0,1038240,0.0
brown_0.002,0,9,54.0,t600,210.19903564453125,288.5321044921875,0,1038240,0.0
brown_0.002,0,9,54.0,t700,212.15585327148438,299.93292236328125,0,1038240,0.0
brown_0.002,0,9,54.0,t850,222.02796936035156,311.8040466308594,0,1038240,0.0
brown_0.002,0,9,54.0,t925,225.8137969970703,316.65740966796875,0,1038240,0.0
brown_0.002,0,9,54.0,t1000,229.4046173095703,321.7862548828125,0,1038240,0.0
brown_0.002,0,9,54.0,q50,3.6068558983970433e-07,2.0126728941249894e-06,0,1038240,0.0
brown_0.002,0,9,54.0,q100,8.636569646114367e-07,5.781103027402423e-06,0,1038240,0.0
brown_0.002,0,9,54.0,q150,-5.489437171490863e-08,3.5151057090843096e-05,73,1038240,7.031129603945137e-05
brown_0.002,0,9,54.0,q200,-6.150436092866585e-06,0.0002113323862431571,10152,1038240,0.009778085991678225
brown_0.002,0,9,54.0,q250,-1.3588196452474222e-05,0.0006953076808713377,20050,1038240,0.019311527199876714
brown_0.002,0,9,54.0,q300,-2.412270987406373e-05,0.001581369200721383,19830,1038240,0.019099630143319463
brown_0.002,0,9,54.0,q400,-6.03503140155226e-05,0.00437864800915122,36355,1038240,0.035015988596085686
brown_0.002,0,9,54.0,q500,-0.00013210519682615995,0.007840447127819061,26667,1038240,0.025684812760055478
brown_0.002,0,9,54.0,q600,-0.00017609656788408756,0.011011367663741112,21861,1038240,0.021055825242718446
brown_0.002,0,9,54.0,q700,-0.0004543506074696779,0.013197602704167366,44398,1038240,0.04276275235013099
brown_0.002,0,9,54.0,q850,-0.0005718083120882511,0.018307900056242943,48839,1038240,0.04704018338727076
brown_0.002,0,9,54.0,q925,-0.0006123315542936325,0.020510779693722725,56068,1038240,0.05400292803205425
brown_0.002,0,9,54.0,q1000,-0.0006207735277712345,0.024745618924498558,54800,1038240,0.05278163045153336
brown_0.002,0,10,60.0,u10m,-24.264076232910156,20.875858306884766,0,1038240,0.0
brown_0.002,0,10,60.0,v10m,-20.094833374023438,23.147830963134766,0,1038240,0.0
brown_0.002,0,10,60.0,u100m,-31.101791381835938,26.813819885253906,0,1038240,0.0
brown_0.002,0,10,60.0,v100m,-26.01957130432129,29.430343627929688,0,1038240,0.0
brown_0.002,0,10,60.0,t2m,200.30552673339844,321.6271057128906,0,1038240,0.0
brown_0.002,0,10,60.0,sp,48971.6953125,103892.703125,0,1038240,0.0
brown_0.002,0,10,60.0,msl,95220.140625,103841.59375,0,1038240,0.0
brown_0.002,0,10,60.0,tcwv,-2.3933067321777344,78.9484634399414,40773,1038240,0.039271266759130834
brown_0.002,0,10,60.0,u50,-29.167850494384766,69.68124389648438,0,1038240,0.0
brown_0.002,0,10,60.0,u100,-32.79086685180664,60.101470947265625,0,1038240,0.0
brown_0.002,0,10,60.0,u150,-31.875349044799805,67.23529052734375,0,1038240,0.0
brown_0.002,0,10,60.0,u200,-36.201011657714844,82.67559814453125,0,1038240,0.0
brown_0.002,0,10,60.0,u250,-33.59458541870117,79.01741027832031,0,1038240,0.0
brown_0.002,0,10,60.0,u300,-29.624927520751953,76.87681579589844,0,1038240,0.0
brown_0.002,0,10,60.0,u400,-28.205373764038086,64.24644470214844,0,1038240,0.0
brown_0.002,0,10,60.0,u500,-28.09915542602539,53.0040283203125,0,1038240,0.0
brown_0.002,0,10,60.0,u600,-29.955556869506836,43.0086555480957,0,1038240,0.0
brown_0.002,0,10,60.0,u700,-35.77786636352539,35.71703338623047,0,1038240,0.0
brown_0.002,0,10,60.0,u850,-40.63029861450195,30.77976417541504,0,1038240,0.0
brown_0.002,0,10,60.0,u925,-36.800655364990234,32.823997497558594,0,1038240,0.0
brown_0.002,0,10,60.0,u1000,-24.121986389160156,21.55070686340332,0,1038240,0.0
brown_0.002,0,10,60.0,v50,-24.393985748291016,21.29648780822754,0,1038240,0.0
brown_0.002,0,10,60.0,v100,-25.3895320892334,22.69675636291504,0,1038240,0.0
brown_0.002,0,10,60.0,v150,-31.374303817749023,33.2540168762207,0,1038240,0.0
brown_0.002,0,10,60.0,v200,-47.61839294433594,43.65334701538086,0,1038240,0.0
brown_0.002,0,10,60.0,v250,-55.29203414916992,51.591888427734375,0,1038240,0.0
brown_0.002,0,10,60.0,v300,-57.188873291015625,57.690643310546875,0,1038240,0.0
brown_0.002,0,10,60.0,v400,-51.34061050415039,56.582725524902344,0,1038240,0.0
brown_0.002,0,10,60.0,v500,-44.09587097167969,49.463645935058594,0,1038240,0.0
brown_0.002,0,10,60.0,v600,-34.029624938964844,38.61102294921875,0,1038240,0.0
brown_0.002,0,10,60.0,v700,-27.797752380371094,34.782554626464844,0,1038240,0.0
brown_0.002,0,10,60.0,v850,-31.65796661376953,34.58765411376953,0,1038240,0.0
brown_0.002,0,10,60.0,v925,-33.37458038330078,35.83333969116211,0,1038240,0.0
brown_0.002,0,10,60.0,v1000,-21.587291717529297,23.677265167236328,0,1038240,0.0
brown_0.002,0,10,60.0,z50,176782.71875,208509.40625,0,1038240,0.0
brown_0.002,0,10,60.0,z100,140269.140625,166035.859375,0,1038240,0.0
brown_0.002,0,10,60.0,z150,117516.703125,142153.6875,0,1038240,0.0
brown_0.002,0,10,60.0,z200,100690.1484375,123958.28125,0,1038240,0.0
brown_0.002,0,10,60.0,z250,87464.890625,108986.2734375,0,1038240,0.0
brown_0.002,0,10,60.0,z300,76626.4921875,96402.8046875,0,1038240,0.0
brown_0.002,0,10,60.0,z400,58739.8828125,75561.5078125,0,1038240,0.0
brown_0.002,0,10,60.0,z500,44344.203125,58726.73046875,0,1038240,0.0
brown_0.002,0,10,60.0,z600,32221.9375,44575.25390625,0,1038240,0.0
brown_0.002,0,10,60.0,z700,21741.458984375,32346.6875,0,1038240,0.0
brown_0.002,0,10,60.0,z850,8121.34716796875,16585.33203125,0,1038240,0.0
brown_0.002,0,10,60.0,z925,2081.81103515625,9557.75390625,0,1038240,0.0
brown_0.002,0,10,60.0,z1000,-3608.24072265625,3107.8388671875,0,1038240,0.0
brown_0.002,0,10,60.0,t50,180.18576049804688,235.94729614257812,0,1038240,0.0
brown_0.002,0,10,60.0,t100,186.97515869140625,237.20407104492188,0,1038240,0.0
brown_0.002,0,10,60.0,t150,190.73287963867188,241.9358673095703,0,1038240,0.0
brown_0.002,0,10,60.0,t200,192.99635314941406,241.67112731933594,0,1038240,0.0
brown_0.002,0,10,60.0,t250,198.98602294921875,243.79469299316406,0,1038240,0.0
brown_0.002,0,10,60.0,t300,202.72073364257812,250.99618530273438,0,1038240,0.0
brown_0.002,0,10,60.0,t400,213.3221435546875,265.92724609375,0,1038240,0.0
brown_0.002,0,10,60.0,t500,219.3096923828125,278.4256591796875,0,1038240,0.0
brown_0.002,0,10,60.0,t600,213.11520385742188,290.4239196777344,0,1038240,0.0
brown_0.002,0,10,60.0,t700,210.87326049804688,303.1926574707031,0,1038240,0.0
brown_0.002,0,10,60.0,t850,220.8291015625,313.824951171875,0,1038240,0.0
brown_0.002,0,10,60.0,t925,224.49586486816406,319.012939453125,0,1038240,0.0
brown_0.002,0,10,60.0,t1000,228.1044464111328,324.234619140625,0,1038240,0.0
brown_0.002,0,10,60.0,q50,3.9541237129014917e-07,2.017645556406933e-06,0,1038240,0.0
brown_0.002,0,10,60.0,q100,9.439849009140744e-07,5.516509190783836e-06,0,1038240,0.0
brown_0.002,0,10,60.0,q150,2.231627149740234e-08,4.391556649352424e-05,0,1038240,0.0
brown_0.002,0,10,60.0,q200,-8.18538319435902e-06,0.00021718656353186816,9400,1038240,0.009053783325627986
brown_0.002,0,10,60.0,q250,-1.3715685781789944e-05,0.0006901876186020672,16551,1038240,0.01594140083217753
brown_0.002,0,10,60.0,q300,-2.375719486735761e-05,0.001619432121515274,16212,1038240,0.015614886731391586
brown_0.002,0,10,60.0,q400,-7.060810457915068e-05,0.004474132787436247,32196,1038240,0.031010171058714748
brown_0.002,0,10,60.0,q500,-0.00020669959485530853,0.008123423904180527,24075,1038240,0.023188280166435506
brown_0.002,0,10,60.0,q600,-0.00023690576199442148,0.00995984859764576,18921,1038240,0.018224110032362458
brown_0.002,0,10,60.0,q700,-0.00041822041384875774,0.013009782880544662,37098,1038240,0.035731622746185854
brown_0.002,0,10,60.0,q850,-0.0004878104664385319,0.018411001190543175,42575,1038240,0.0410068962860225
brown_0.002,0,10,60.0,q925,-0.0005072839558124542,0.02058616280555725,50356,1038240,0.048501309909076896
brown_0.002,0,10,60.0,q1000,-0.0006462708115577698,0.025555454194545746,47516,1038240,0.045765911542610574
brown_0.002,0,11,66.0,u10m,-26.1512508392334,21.282739639282227,0,1038240,0.0
brown_0.002,0,11,66.0,v10m,-22.98360252380371,22.652603149414062,0,1038240,0.0
brown_0.002,0,11,66.0,u100m,-33.99697494506836,27.24342918395996,0,1038240,0.0
brown_0.002,0,11,66.0,v100m,-29.805938720703125,29.12238883972168,0,1038240,0.0
brown_0.002,0,11,66.0,t2m,201.0216064453125,320.8657531738281,0,1038240,0.0
brown_0.002,0,11,66.0,sp,49144.046875,103864.28125,0,1038240,0.0
brown_0.002,0,11,66.0,msl,95515.453125,103814.59375,0,1038240,0.0
brown_0.002,0,11,66.0,tcwv,-2.027599334716797,78.95275115966797,31862,1038240,0.030688472800123285
brown_0.002,0,11,66.0,u50,-28.883155822753906,69.71513366699219,0,1038240,0.0
brown_0.002,0,11,66.0,u100,-30.09450912475586,59.04525375366211,0,1038240,0.0
brown_0.002,0,11,66.0,u150,-33.060447692871094,69.38392639160156,0,1038240,0.0
brown_0.002,0,11,66.0,u200,-34.606239318847656,84.67808532714844,0,1038240,0.0
brown_0.002,0,11,66.0,u250,-36.98251724243164,80.86613464355469,0,1038240,0.0
brown_0.002,0,11,66.0,u300,-32.255855560302734,76.48756408691406,0,1038240,0.0
brown_0.002,0,11,66.0,u400,-30.995325088500977,64.13362121582031,0,1038240,0.0
brown_0.002,0,11,66.0,u500,-32.400333404541016,54.59541320800781,0,1038240,0.0
brown_0.002,0,11,66.0,u600,-28.737565994262695,43.496578216552734,0,1038240,0.0
brown_0.002,0,11,66.0,u700,-31.43722152709961,37.69674301147461,0,1038240,0.0
brown_0.002,0,11,66.0,u850,-43.903533935546875,33.363834381103516,0,1038240,0.0
brown_0.002,0,11,66.0,u925,-40.434207916259766,33.04189682006836,0,1038240,0.0
brown_0.002,0,11,66.0,u1000,-26.21222686767578,22.64877700805664,0,1038240,0.0
brown_0.002,0,11,66.0,v50,-22.324941635131836,20.153060913085938,0,1038240,0.0
brown_0.002,0,11,66.0,v100,-24.895753860473633,20.706024169921875,0,1038240,0.0
brown_0.002,0,11,66.0,v150,-34.85643005371094,33.53907012939453,0,1038240,0.0
brown_0.002,0,11,66.0,v200,-47.047386169433594,42.18169021606445,0,1038240,0.0
brown_0.002,0,11,66.0,v250,-55.504066467285156,46.780433654785156,0,1038240,0.0
brown_0.002,0,11,66.0,v300,-54.3241081237793,51.83675765991211,0,1038240,0.0
brown_0.002,0,11,66.0,v400,-52.804443359375,54.36347961425781,0,1038240,0.0
brown_0.002,0,11,66.0,v500,-43.6859245300293,47.37936019897461,0,1038240,0.0
brown_0.002,0,11,66.0,v600,-37.111087799072266,37.39496994018555,0,1038240,0.0
brown_0.002,0,11,66.0,v700,-31.76580238342285,33.332603454589844,0,1038240,0.0
brown_0.002,0,11,66.0,v850,-32.43692398071289,35.75955581665039,0,1038240,0.0
brown_0.002,0,11,66.0,v925,-30.014949798583984,37.20769119262695,0,1038240,0.0
brown_0.002,0,11,66.0,v1000,-23.531673431396484,23.045291900634766,0,1038240,0.0
brown_0.002,0,11,66.0,z50,176715.375,208390.640625,0,1038240,0.0
brown_0.002,0,11,66.0,z100,140183.53125,166101.3125,0,1038240,0.0
brown_0.002,0,11,66.0,z150,117403.375,142017.5625,0,1038240,0.0
brown_0.002,0,11,66.0,z200,100558.5234375,123862.203125,0,1038240,0.0
brown_0.002,0,11,66.0,z250,87313.8984375,109124.890625,0,1038240,0.0
brown_0.002,0,11,66.0,z300,76457.0390625,96616.3203125,0,1038240,0.0
brown_0.002,0,11,66.0,z400,58818.08203125,75781.75,0,1038240,0.0
brown_0.002,0,11,66.0,z500,44436.0234375,58813.00390625,0,1038240,0.0
brown_0.002,0,11,66.0,z600,32365.38671875,44532.1484375,0,1038240,0.0
brown_0.002,0,11,66.0,z700,21929.55859375,32306.466796875,0,1038240,0.0
brown_0.002,0,11,66.0,z850,8337.44140625,16547.01953125,0,1038240,0.0
brown_0.002,0,11,66.0,z925,2315.0615234375,9516.099609375,0,1038240,0.0
brown_0.002,0,11,66.0,z1000,-3374.0986328125,3075.517578125,0,1038240,0.0
brown_0.002,0,11,66.0,t50,180.39602661132812,236.0895233154297,0,1038240,0.0
brown_0.002,0,11,66.0,t100,187.4844970703125,237.63414001464844,0,1038240,0.0
brown_0.002,0,11,66.0,t150,191.40760803222656,242.72694396972656,0,1038240,0.0
brown_0.002,0,11,66.0,t200,192.88409423828125,242.6237335205078,0,1038240,0.0
brown_0.002,0,11,66.0,t250,198.29632568359375,243.61569213867188,0,1038240,0.0
brown_0.002,0,11,66.0,t300,202.33663940429688,250.69712829589844,0,1038240,0.0
brown_0.002,0,11,66.0,t400,212.8785400390625,265.0557556152344,0,1038240,0.0
brown_0.002,0,11,66.0,t500,219.30078125,275.8186340332031,0,1038240,0.0
brown_0.002,0,11,66.0,t600,213.015380859375,288.6510009765625,0,1038240,0.0
brown_0.002,0,11,66.0,t700,212.1254119873047,299.8362121582031,0,1038240,0.0
brown_0.002,0,11,66.0,t850,219.93296813964844,310.3692626953125,0,1038240,0.0
brown_0.002,0,11,66.0,t925,223.63720703125,315.61669921875,0,1038240,0.0
brown_0.002,0,11,66.0,t1000,227.19186401367188,320.6077575683594,0,1038240,0.0
brown_0.002,0,11,66.0,q50,4.3267277760605793e-07,2.025861249421723e-06,0,1038240,0.0
brown_0.002,0,11,66.0,q100,1.0109670256497338e-06,5.249768037174363e-06,0,1038240,0.0
brown_0.002,0,11,66.0,q150,1.8573518900666386e-07,4.0918886952567846e-05,0,1038240,0.0
brown_0.002,0,11,66.0,q200,-8.112525392789394e-06,0.00021313641627784818,10902,1038240,0.010500462320850671
brown_0.002,0,11,66.0,q250,-1.3784705515718088e-05,0.0006800378323532641,16591,1038240,0.015979927569733394
brown_0.002,0,11,66.0,q300,-2.7969435905106366e-05,0.0016068816184997559,17549,1038240,0.016902642934196334
brown_0.002,0,11,66.0,q400,-7.097437628544867e-05,0.004450828768312931,27300,1038240,0.026294498381877023
brown_0.002,0,11,66.0,q500,-8.251110557466745e-05,0.007701373193413019,15156,1038240,0.014597780859916783
brown_0.002,0,11,66.0,q600,-0.00023067800793796778,0.009797397069633007,17799,1038240,0.01714343504392048
brown_0.002,0,11,66.0,q700,-0.0003731141332536936,0.01259494386613369,38366,1038240,0.03695292032670673
brown_0.002,0,11,66.0,q850,-0.0006578518077731133,0.018812650814652443,41400,1038240,0.039875173370319004
brown_0.002,0,11,66.0,q925,-0.0005487860180437565,0.020310331135988235,47781,1038240,0.04602115117891817
brown_0.002,0,11,66.0,q1000,-0.0006351848132908344,0.025939831510186195,41789,1038240,0.04024984589304978
brown_0.002,0,12,72.0,u10m,-21.79624366760254,22.072715759277344,0,1038240,0.0
brown_0.002,0,12,72.0,v10m,-23.000638961791992,21.246288299560547,0,1038240,0.0
brown_0.002,0,12,72.0,u100m,-27.84198760986328,28.054275512695312,0,1038240,0.0
brown_0.002,0,12,72.0,v100m,-29.902772903442383,26.557727813720703,0,1038240,0.0
brown_0.002,0,12,72.0,t2m,202.27786254882812,320.02008056640625,0,1038240,0.0
brown_0.002,0,12,72.0,sp,49049.21875,103852.9375,0,1038240,0.0
brown_0.002,0,12,72.0,msl,95902.484375,103811.9140625,0,1038240,0.0
brown_0.002,0,12,72.0,tcwv,-2.0361289978027344,76.1798324584961,34061,1038240,0.0328064801972569
brown_0.002,0,12,72.0,u50,-30.058475494384766,68.28323364257812,0,1038240,0.0
brown_0.002,0,12,72.0,u100,-31.140888214111328,58.460201263427734,0,1038240,0.0
brown_0.002,0,12,72.0,u150,-33.441612243652344,69.3653335571289,0,1038240,0.0
brown_0.002,0,12,72.0,u200,-35.613525390625,84.2560043334961,0,1038240,0.0
brown_0.002,0,12,72.0,u250,-36.69982147216797,83.79649353027344,0,1038240,0.0
brown_0.002,0,12,72.0,u300,-32.930694580078125,76.99068450927734,0,1038240,0.0
brown_0.002,0,12,72.0,u400,-36.70240783691406,63.464683532714844,0,1038240,0.0
brown_0.002,0,12,72.0,u500,-39.51482391357422,53.486595153808594,0,1038240,0.0
brown_0.002,0,12,72.0,u600,-35.515830993652344,43.666072845458984,0,1038240,0.0
brown_0.002,0,12,72.0,u700,-30.660011291503906,38.68492126464844,0,1038240,0.0
brown_0.002,0,12,72.0,u850,-37.32106018066406,32.88412857055664,0,1038240,0.0
brown_0.002,0,12,72.0,u925,-35.84368896484375,34.53853225708008,0,1038240,0.0
brown_0.002,0,12,72.0,u1000,-21.897315979003906,22.510883331298828,0,1038240,0.0
brown_0.002,0,12,72.0,v50,-22.79969596862793,21.01438331604004,0,1038240,0.0
brown_0.002,0,12,72.0,v100,-23.980934143066406,21.798559188842773,0,1038240,0.0
brown_0.002,0,12,72.0,v150,-35.954219818115234,34.68651580810547,0,1038240,0.0
brown_0.002,0,12,72.0,v200,-46.21722412109375,42.730716705322266,0,1038240,0.0
brown_0.002,0,12,72.0,v250,-56.18873596191406,48.38077163696289,0,1038240,0.0
brown_0.002,0,12,72.0,v300,-56.03044128417969,51.42806625366211,0,1038240,0.0
brown_0.002,0,12,72.0,v400,-51.581787109375,50.40361785888672,0,1038240,0.0
brown_0.002,0,12,72.0,v500,-43.58616256713867,44.75580596923828,0,1038240,0.0
brown_0.002,0,12,72.0,v600,-35.423851013183594,34.78396987915039,0,1038240,0.0
brown_0.002,0,12,72.0,v700,-28.99012565612793,30.48494529724121,0,1038240,0.0
brown_0.002,0,12,72.0,v850,-30.65569305419922,31.600271224975586,0,1038240,0.0
brown_0.002,0,12,72.0,v925,-30.312503814697266,33.00041198730469,0,1038240,0.0
brown_0.002,0,12,72.0,v1000,-23.28748893737793,21.243566513061523,0,1038240,0.0
brown_0.002,0,12,72.0,z50,176656.875,208413.6875,0,1038240,0.0
brown_0.002,0,12,72.0,z100,140199.5,165985.703125,0,1038240,0.0
brown_0.002,0,12,72.0,z150,117400.7265625,141872.28125,0,1038240,0.0
brown_0.002,0,12,72.0,z200,100552.375,123870.6328125,0,1038240,0.0
brown_0.002,0,12,72.0,z250,87312.046875,109257.96875,0,1038240,0.0
brown_0.002,0,12,72.0,z300,76451.59375,96720.8046875,0,1038240,0.0
brown_0.002,0,12,72.0,z400,59034.51171875,75812.78125,0,1038240,0.0
brown_0.002,0,12,72.0,z500,44654.38671875,58781.4609375,0,1038240,0.0
brown_0.002,0,12,72.0,z600,32617.345703125,44571.6796875,0,1038240,0.0
brown_0.002,0,12,72.0,z700,22232.4921875,32338.86328125,0,1038240,0.0
brown_0.002,0,12,72.0,z850,8620.046875,16548.873046875,0,1038240,0.0
brown_0.002,0,12,72.0,z925,2596.751953125,9509.4755859375,0,1038240,0.0
brown_0.002,0,12,72.0,z1000,-3120.3125,3073.46044921875,0,1038240,0.0
brown_0.002,0,12,72.0,t50,180.0858154296875,236.2884979248047,0,1038240,0.0
brown_0.002,0,12,72.0,t100,186.95401000976562,238.22975158691406,0,1038240,0.0
brown_0.002,0,12,72.0,t150,191.1875762939453,243.19630432128906,0,1038240,0.0
brown_0.002,0,12,72.0,t200,192.02981567382812,243.42440795898438,0,1038240,0.0
brown_0.002,0,12,72.0,t250,197.93307495117188,243.84396362304688,0,1038240,0.0
brown_0.002,0,12,72.0,t300,201.8430938720703,250.83633422851562,0,1038240,0.0
brown_0.002,0,12,72.0,t400,212.04330444335938,264.32330322265625,0,1038240,0.0
brown_0.002,0,12,72.0,t500,219.2464599609375,275.00604248046875,0,1038240,0.0
brown_0.002,0,12,72.0,t600,211.74298095703125,286.7428894042969,0,1038240,0.0
brown_0.002,0,12,72.0,t700,211.21530151367188,295.1944885253906,0,1038240,0.0
brown_0.002,0,12,72.0,t850,219.19915771484375,309.7471923828125,0,1038240,0.0
brown_0.002,0,12,72.0,t925,222.74710083007812,314.9470520019531,0,1038240,0.0
brown_0.002,0,12,72.0,t1000,226.2602996826172,319.82550048828125,0,1038240,0.0
brown_0.002,0,12,72.0,q50,4.610969881468918e-07,2.0345073608041275e-06,0,1038240,0.0
brown_0.002,0,12,72.0,q100,1.0658609426172916e-06,5.044582394475583e-06,0,1038240,0.0
brown_0.002,0,12,72.0,q150,3.607442522479687e-07,3.474991171970032e-05,0,1038240,0.0
brown_0.002,0,12,72.0,q200,-6.7954570113215595e-06,0.00020054803462699056,10096,1038240,0.009724148559100015
brown_0.002,0,12,72.0,q250,-1.2485306797316298e-05,0.0006795689114369452,18569,1038240,0.017885074741870857
brown_0.002,0,12,72.0,q300,-2.3256201529875398e-05,0.0015896722907200456,19650,1038240,0.018926259824318076
brown_0.002,0,12,72.0,q400,-4.8160116421058774e-05,0.004279779735952616,24555,1038240,0.023650601017105873
brown_0.002,0,12,72.0,q500,-8.140539284795523e-05,0.0073349252343177795,14125,1038240,0.013604754199414393
brown_0.002,0,12,72.0,q600,-0.00019334221724420786,0.009922751225531101,17400,1038240,0.01675913083680074
brown_0.002,0,12,72.0,q700,-0.00042011518962681293,0.012729700654745102,28932,1038240,0.027866389274156265
brown_0.002,0,12,72.0,q850,-0.0006082113832235336,0.018417587503790855,36083,1038240,0.03475400678070581
brown_0.002,0,12,72.0,q925,-0.0005898694507777691,0.02036883868277073,40341,1038240,0.03885517799352751
brown_0.002,0,12,72.0,q1000,-0.0006419899873435497,0.025858687236905098,37466,1038240,0.0360860687316998
brown_0.002,0,13,78.0,u10m,-18.569259643554688,20.620540618896484,0,1038240,0.0
brown_0.002,0,13,78.0,v10m,-25.451242446899414,18.587345123291016,0,1038240,0.0
brown_0.002,0,13,78.0,u100m,-24.83624267578125,25.920656204223633,0,1038240,0.0
brown_0.002,0,13,78.0,v100m,-32.228858947753906,23.24692726135254,0,1038240,0.0
brown_0.002,0,13,78.0,t2m,202.70237731933594,316.01580810546875,0,1038240,0.0
brown_0.002,0,13,78.0,sp,49067.75,103782.9140625,0,1038240,0.0
brown_0.002,0,13,78.0,msl,95951.3046875,103743.8515625,0,1038240,0.0
brown_0.002,0,13,78.0,tcwv,-1.9851264953613281,75.17382049560547,33569,1038240,0.032332601325319774
brown_0.002,0,13,78.0,u50,-31.892898559570312,68.86507415771484,0,1038240,0.0
brown_0.002,0,13,78.0,u100,-31.24679946899414,57.026180267333984,0,1038240,0.0
brown_0.002,0,13,78.0,u150,-34.15351104736328,69.36675262451172,0,1038240,0.0
brown_0.002,0,13,78.0,u200,-36.01458740234375,84.66136932373047,0,1038240,0.0
brown_0.002,0,13,78.0,u250,-36.99419403076172,83.81900024414062,0,1038240,0.0
brown_0.002,0,13,78.0,u300,-33.27984619140625,77.3450927734375,0,1038240,0.0
brown_0.002,0,13,78.0,u400,-36.31990051269531,60.33009338378906,0,1038240,0.0
brown_0.002,0,13,78.0,u500,-40.59070587158203,51.88328170776367,0,1038240,0.0
brown_0.002,0,13,78.0,u600,-37.164527893066406,45.3140869140625,0,1038240,0.0
brown_0.002,0,13,78.0,u700,-29.93541717529297,38.789466857910156,0,1038240,0.0
brown_0.002,0,13,78.0,u850,-31.945039749145508,34.76224136352539,0,1038240,0.0
brown_0.002,0,13,78.0,u925,-30.402053833007812,33.257469177246094,0,1038240,0.0
brown_0.002,0,13,78.0,u1000,-20.550256729125977,24.004507064819336,0,1038240,0.0
brown_0.002,0,13,78.0,v50,-22.98807144165039,19.61348533630371,0,1038240,0.0
brown_0.002,0,13,78.0,v100,-22.14203643798828,22.17285919189453,0,1038240,0.0
brown_0.002,0,13,78.0,v150,-34.877769470214844,35.47475814819336,0,1038240,0.0
brown_0.002,0,13,78.0,v200,-44.45830154418945,43.97752380371094,0,1038240,0.0
brown_0.002,0,13,78.0,v250,-56.09941101074219,46.65704345703125,0,1038240,0.0
brown_0.002,0,13,78.0,v300,-56.247154235839844,49.880584716796875,0,1038240,0.0
brown_0.002,0,13,78.0,v400,-59.763519287109375,49.13238525390625,0,1038240,0.0
brown_0.002,0,13,78.0,v500,-50.65699005126953,43.4079475402832,0,1038240,0.0
brown_0.002,0,13,78.0,v600,-35.54153823852539,32.952911376953125,0,1038240,0.0
brown_0.002,0,13,78.0,v700,-32.454368591308594,29.902551651000977,0,1038240,0.0
brown_0.002,0,13,78.0,v850,-35.408103942871094,28.97873878479004,0,1038240,0.0
brown_0.002,0,13,78.0,v925,-32.46934127807617,29.486730575561523,0,1038240,0.0
brown_0.002,0,13,78.0,v1000,-25.88256072998047,21.009811401367188,0,1038240,0.0
brown_0.002,0,13,78.0,z50,176674.625,208528.234375,0,1038240,0.0
brown_0.002,0,13,78.0,z100,140175.40625,166109.5625,0,1038240,0.0
brown_0.002,0,13,78.0,z150,117350.671875,142001.40625,0,1038240,0.0
brown_0.002,0,13,78.0,z200,100511.6484375,123846.7109375,0,1038240,0.0
brown_0.002,0,13,78.0,z250,87264.546875,109248.25,0,1038240,0.0
brown_0.002,0,13,78.0,z300,76413.625,96728.09375,0,1038240,0.0
brown_0.002,0,13,78.0,z400,59143.0859375,75855.515625,0,1038240,0.0
brown_0.002,0,13,78.0,z500,44790.68359375,58847.0234375,0,1038240,0.0
brown_0.002,0,13,78.0,z600,32763.52734375,44535.83203125,0,1038240,0.0
brown_0.002,0,13,78.0,z700,22363.9296875,32306.50390625,0,1038240,0.0
brown_0.002,0,13,78.0,z850,8756.921875,16498.05859375,0,1038240,0.0
brown_0.002,0,13,78.0,z925,2766.55224609375,9447.6171875,0,1038240,0.0
brown_0.002,0,13,78.0,z1000,-3228.220703125,3017.013671875,0,1038240,0.0
brown_0.002,0,13,78.0,t50,179.92208862304688,236.676025390625,0,1038240,0.0
brown_0.002,0,13,78.0,t100,185.74984741210938,238.62351989746094,0,1038240,0.0
brown_0.002,0,13,78.0,t150,188.84133911132812,244.0372314453125,0,1038240,0.0
brown_0.002,0,13,78.0,t200,191.53622436523438,244.09890747070312,0,1038240,0.0
brown_0.002,0,13,78.0,t250,197.80780029296875,244.03274536132812,0,1038240,0.0
brown_0.002,0,13,78.0,t300,201.7696533203125,250.62948608398438,0,1038240,0.0
brown_0.002,0,13,78.0,t400,211.9027557373047,264.6112365722656,0,1038240,0.0
brown_0.002,0,13,78.0,t500,218.95086669921875,276.28082275390625,0,1038240,0.0
brown_0.002,0,13,78.0,t600,209.41213989257812,288.277099609375,0,1038240,0.0
brown_0.002,0,13,78.0,t700,212.03408813476562,299.9707336425781,0,1038240,0.0
brown_0.002,0,13,78.0,t850,219.88209533691406,312.27874755859375,0,1038240,0.0
brown_0.002,0,13,78.0,t925,223.50108337402344,317.04229736328125,0,1038240,0.0
brown_0.002,0,13,78.0,t1000,227.0367889404297,322.05230712890625,0,1038240,0.0
brown_0.002,0,13,78.0,q50,4.939229256706312e-07,2.042350160991191e-06,0,1038240,0.0
brown_0.002,0,13,78.0,q100,1.0694191132643027e-06,4.859754426433938e-06,0,1038240,0.0
brown_0.002,0,13,78.0,q150,2.370784386585001e-07,3.603204095270485e-05,0,1038240,0.0
brown_0.002,0,13,78.0,q200,-7.116957931430079e-06,0.0001989198790397495,9826,1038240,0.009464093080597934
brown_0.002,0,13,78.0,q250,-9.41460530157201e-06,0.000676727679092437,19731,1038240,0.0190042764678687
brown_0.002,0,13,78.0,q300,-2.4745429982431233e-05,0.0015804253052920103,19969,1038240,0.01923351055632609
brown_0.002,0,13,78.0,q400,-4.055091994814575e-05,0.00421800184994936,26148,1038240,0.025184928340268146
brown_0.002,0,13,78.0,q500,-0.00011928105959668756,0.007834025658667088,13505,1038240,0.013007589767298506
brown_0.002,0,13,78.0,q600,-0.00019781605806201696,0.01131477952003479,14500,1038240,0.013965942364000616
brown_0.002,0,13,78.0,q700,-0.00038469256833195686,0.013245174661278725,34700,1038240,0.03342194482971182
brown_0.002,0,13,78.0,q850,-0.0006101983599364758,0.018512867391109467,39998,1038240,0.038524811218985974
brown_0.002,0,13,78.0,q925,-0.0005554314702749252,0.02108200080692768,48931,1038240,0.04712879488364925
brown_0.002,0,13,78.0,q1000,-0.0006105131469666958,0.025904269888997078,39512,1038240,0.03805671135768223
brown_0.002,0,14,84.0,u10m,-22.23958969116211,19.307485580444336,0,1038240,0.0
brown_0.002,0,14,84.0,v10m,-24.451448440551758,17.101167678833008,0,1038240,0.0
brown_0.002,0,14,84.0,u100m,-29.01654815673828,24.297542572021484,0,1038240,0.0
brown_0.002,0,14,84.0,v100m,-31.17430305480957,20.948410034179688,0,1038240,0.0
brown_0.002,0,14,84.0,t2m,202.88592529296875,321.6744384765625,0,1038240,0.0
brown_0.002,0,14,84.0,sp,48978.89453125,103760.8359375,0,1038240,0.0
brown_0.002,0,14,84.0,msl,95897.2109375,103731.9140625,0,1038240,0.0
brown_0.002,0,14,84.0,tcwv,-2.092081069946289,75.51634216308594,31909,1038240,0.030733741716751424
brown_0.002,0,14,84.0,u50,-30.292709350585938,68.08882141113281,0,1038240,0.0
brown_0.002,0,14,84.0,u100,-30.957565307617188,55.834022521972656,0,1038240,0.0
brown_0.002,0,14,84.0,u150,-35.045936584472656,69.23927307128906,0,1038240,0.0
brown_0.002,0,14,84.0,u200,-36.04718780517578,86.0697250366211,0,1038240,0.0
brown_0.002,0,14,84.0,u250,-36.54533386230469,85.97525024414062,0,1038240,0.0
brown_0.002,0,14,84.0,u300,-32.56271743774414,79.60595703125,0,1038240,0.0
brown_0.002,0,14,84.0,u400,-39.66316223144531,59.257080078125,0,1038240,0.0
brown_0.002,0,14,84.0,u500,-36.879764556884766,51.26533126831055,0,1038240,0.0
brown_0.002,0,14,84.0,u600,-33.98063278198242,45.13752746582031,0,1038240,0.0
brown_0.002,0,14,84.0,u700,-28.117450714111328,38.55241394042969,0,1038240,0.0
brown_0.002,0,14,84.0,u850,-32.71063232421875,36.40597915649414,0,1038240,0.0
brown_0.002,0,14,84.0,u925,-34.62804412841797,30.539587020874023,0,1038240,0.0
brown_0.002,0,14,84.0,u1000,-21.4665470123291,22.446949005126953,0,1038240,0.0
brown_0.002,0,14,84.0,v50,-23.4541072845459,20.557754516601562,0,1038240,0.0
brown_0.002,0,14,84.0,v100,-21.512588500976562,21.63664436340332,0,1038240,0.0
brown_0.002,0,14,84.0,v150,-35.233055114746094,36.795955657958984,0,1038240,0.0
brown_0.002,0,14,84.0,v200,-45.00654602050781,47.14646911621094,0,1038240,0.0
brown_0.002,0,14,84.0,v250,-54.22856521606445,46.88444900512695,0,1038240,0.0
brown_0.002,0,14,84.0,v300,-56.26841735839844,45.469783782958984,0,1038240,0.0
brown_0.002,0,14,84.0,v400,-60.543922424316406,47.010589599609375,0,1038240,0.0
brown_0.002,0,14,84.0,v500,-51.64397430419922,42.17451858520508,0,1038240,0.0
brown_0.002,0,14,84.0,v600,-39.569610595703125,36.14905548095703,0,1038240,0.0
brown_0.002,0,14,84.0,v700,-34.35677719116211,30.968000411987305,0,1038240,0.0
brown_0.002,0,14,84.0,v850,-36.80828094482422,26.325286865234375,0,1038240,0.0
brown_0.002,0,14,84.0,v925,-31.378049850463867,27.413875579833984,0,1038240,0.0
brown_0.002,0,14,84.0,v1000,-24.90189552307129,18.693622589111328,0,1038240,0.0
brown_0.002,0,14,84.0,z50,176582.015625,208633.671875,0,1038240,0.0
brown_0.002,0,14,84.0,z100,140189.78125,166245.75,0,1038240,0.0
brown_0.002,0,14,84.0,z150,117372.09375,142230.640625,0,1038240,0.0
brown_0.002,0,14,84.0,z200,100528.4296875,123952.5390625,0,1038240,0.0
brown_0.002,0,14,84.0,z250,87283.3671875,109064.421875,0,1038240,0.0
brown_0.002,0,14,84.0,z300,76424.9375,96556.0234375,0,1038240,0.0
brown_0.002,0,14,84.0,z400,59136.31640625,75707.7890625,0,1038240,0.0
brown_0.002,0,14,84.0,z500,45049.17578125,58726.01953125,0,1038240,0.0
brown_0.002,0,14,84.0,z600,32988.4453125,44499.359375,0,1038240,0.0
brown_0.002,0,14,84.0,z700,22603.890625,32282.615234375,0,1038240,0.0
brown_0.002,0,14,84.0,z850,8878.9296875,16489.6015625,0,1038240,0.0
brown_0.002,0,14,84.0,z925,2654.6240234375,9435.341796875,0,1038240,0.0
brown_0.002,0,14,84.0,z1000,-3264.7548828125,3006.8798828125,0,1038240,0.0
brown_0.002,0,14,84.0,t50,179.22239685058594,237.06179809570312,0,1038240,0.0
brown_0.002,0,14,84.0,t100,184.4710693359375,239.11561584472656,0,1038240,0.0
brown_0.002,0,14,84.0,t150,187.578857421875,243.90216064453125,0,1038240,0.0
brown_0.002,0,14,84.0,t200,192.18045043945312,243.7438201904297,0,1038240,0.0
brown_0.002,0,14,84.0,t250,197.80763244628906,244.49330139160156,0,1038240,0.0
brown_0.002,0,14,84.0,t300,202.17333984375,251.1168975830078,0,1038240,0.0
brown_0.002,0,14,84.0,t400,211.9483184814453,265.8208312988281,0,1038240,0.0
brown_0.002,0,14,84.0,t500,218.78817749023438,278.5989685058594,0,1038240,0.0
brown_0.002,0,14,84.0,t600,209.20188903808594,291.1495361328125,0,1038240,0.0
brown_0.002,0,14,84.0,t700,213.5719757080078,302.830322265625,0,1038240,0.0
brown_0.002,0,14,84.0,t850,221.50599670410156,313.3919677734375,0,1038240,0.0
brown_0.002,0,14,84.0,t925,225.04214477539062,318.3984375,0,1038240,0.0
brown_0.002,0,14,84.0,t1000,228.63392639160156,323.54998779296875,0,1038240,0.0
brown_0.002,0,14,84.0,q50,5.269932898954721e-07,2.0471190964599373e-06,0,1038240,0.0
brown_0.002,0,14,84.0,q100,1.0383459994045552e-06,4.718069249065593e-06,0,1038240,0.0
brown_0.002,0,14,84.0,q150,2.4588644009782e-07,4.481427822611295e-05,0,1038240,0.0
brown_0.002,0,14,84.0,q200,-6.6900174715556204e-06,0.00022732643992640078,11111,1038240,0.010701764524580059
brown_0.002,0,14,84.0,q250,-1.2184533261461183e-05,0.0006438971613533795,19096,1038240,0.018392664509169362
brown_0.002,0,14,84.0,q300,-2.8757305699400604e-05,0.001530577428638935,20923,1038240,0.02015237324703344
brown_0.002,0,14,84.0,q400,-0.00014109149924479425,0.004131725057959557,28034,1038240,0.027001464016027123
brown_0.002,0,14,84.0,q500,-0.00015863834414631128,0.007905367761850357,13186,1038240,0.01270033903529049
brown_0.002,0,14,84.0,q600,-0.0001634268555790186,0.010196131654083729,13266,1038240,0.012777392510402219
brown_0.002,0,14,84.0,q700,-0.00038368371315300465,0.013229485601186752,26406,1038240,0.02543342579750347
brown_0.002,0,14,84.0,q850,-0.0004629967734217644,0.018705690279603004,37719,1038240,0.03632975034674064
brown_0.002,0,14,84.0,q925,-0.0005223853513598442,0.021260902285575867,46600,1038240,0.044883649252581294
brown_0.002,0,14,84.0,q1000,-0.0006105704233050346,0.02545034885406494,35289,1038240,0.033989251040221914
brown_0.002,0,15,90.0,u10m,-25.08003044128418,18.444461822509766,0,1038240,0.0
brown_0.002,0,15,90.0,v10m,-22.06021499633789,17.245832443237305,0,1038240,0.0
brown_0.002,0,15,90.0,u100m,-32.229122161865234,23.09794044494629,0,1038240,0.0
brown_0.002,0,15,90.0,v100m,-27.834177017211914,21.155216217041016,0,1038240,0.0
brown_0.002,0,15,90.0,t2m,202.80824279785156,320.7934265136719,0,1038240,0.0
brown_0.002,0,15,90.0,sp,49108.0078125,103720.0390625,0,1038240,0.0
brown_0.002,0,15,90.0,msl,95620.5078125,103684.9375,0,1038240,0.0
brown_0.002,0,15,90.0,tcwv,-2.0752525329589844,77.9925537109375,28560,1038240,0.02750809061488673
brown_0.002,0,15,90.0,u50,-30.231182098388672,69.27913665771484,0,1038240,0.0
brown_0.002,0,15,90.0,u100,-31.86286163330078,56.26702880859375,0,1038240,0.0
brown_0.002,0,15,90.0,u150,-39.648704528808594,71.27079772949219,0,1038240,0.0
brown_0.002,0,15,90.0,u200,-35.00023651123047,86.29097747802734,0,1038240,0.0
brown_0.002,0,15,90.0,u250,-35.416996002197266,86.15830993652344,0,1038240,0.0
brown_0.002,0,15,90.0,u300,-41.125770568847656,81.04948425292969,0,1038240,0.0
brown_0.002,0,15,90.0,u400,-42.51512145996094,58.4766845703125,0,1038240,0.0
brown_0.002,0,15,90.0,u500,-35.952640533447266,49.03740692138672,0,1038240,0.0
brown_0.002,0,15,90.0,u600,-27.211074829101562,42.318328857421875,0,1038240,0.0
brown_0.002,0,15,90.0,u700,-29.632244110107422,38.35588455200195,0,1038240,0.0
brown_0.002,0,15,90.0,u850,-38.090538024902344,37.11991500854492,0,1038240,0.0
brown_0.002,0,15,90.0,u925,-38.52544021606445,31.08654022216797,0,1038240,0.0
brown_0.002,0,15,90.0,u1000,-24.382408142089844,20.271766662597656,0,1038240,0.0
brown_0.002,0,15,90.0,v50,-23.28314781188965,19.650592803955078,0,1038240,0.0
brown_0.002,0,15,90.0,v100,-19.013471603393555,23.164443969726562,0,1038240,0.0
brown_0.002,0,15,90.0,v150,-34.864845275878906,35.625545501708984,0,1038240,0.0
brown_0.002,0,15,90.0,v200,-43.09724807739258,47.2142219543457,0,1038240,0.0
brown_0.002,0,15,90.0,v250,-53.6983642578125,54.50640106201172,0,1038240,0.0
brown_0.002,0,15,90.0,v300,-53.61213302612305,56.1181755065918,0,1038240,0.0
brown_0.002,0,15,90.0,v400,-57.52791213989258,51.13086700439453,0,1038240,0.0
brown_0.002,0,15,90.0,v500,-52.386512756347656,46.56179428100586,0,1038240,0.0
brown_0.002,0,15,90.0,v600,-42.28843688964844,39.31501007080078,0,1038240,0.0
brown_0.002,0,15,90.0,v700,-33.358245849609375,31.439626693725586,0,1038240,0.0
brown_0.002,0,15,90.0,v850,-33.25934600830078,26.967453002929688,0,1038240,0.0
brown_0.002,0,15,90.0,v925,-32.390342712402344,27.431964874267578,0,1038240,0.0
brown_0.002,0,15,90.0,v1000,-22.1315860748291,19.444095611572266,0,1038240,0.0
brown_0.002,0,15,90.0,z50,176510.171875,208529.515625,0,1038240,0.0
brown_0.002,0,15,90.0,z100,140157.96875,166369.96875,0,1038240,0.0
brown_0.002,0,15,90.0,z150,117318.8515625,142241.015625,0,1038240,0.0
brown_0.002,0,15,90.0,z200,100456.796875,123970.5625,0,1038240,0.0
brown_0.002,0,15,90.0,z250,87193.2109375,109190.078125,0,1038240,0.0
brown_0.002,0,15,90.0,z300,76307.6484375,96678.2421875,0,1038240,0.0
brown_0.002,0,15,90.0,z400,59019.98046875,75823.40625,0,1038240,0.0
brown_0.002,0,15,90.0,z500,45261.140625,58826.59765625,0,1038240,0.0
brown_0.002,0,15,90.0,z600,33204.41015625,44417.77734375,0,1038240,0.0
brown_0.002,0,15,90.0,z700,22610.33984375,32206.7734375,0,1038240,0.0
brown_0.002,0,15,90.0,z850,8607.224609375,16435.208984375,0,1038240,0.0
brown_0.002,0,15,90.0,z925,2410.75732421875,9387.978515625,0,1038240,0.0
brown_0.002,0,15,90.0,z1000,-3386.13037109375,2969.80810546875,0,1038240,0.0
brown_0.002,0,15,90.0,t50,179.15597534179688,237.39547729492188,0,1038240,0.0
brown_0.002,0,15,90.0,t100,184.40762329101562,239.3587646484375,0,1038240,0.0
brown_0.002,0,15,90.0,t150,186.70986938476562,244.26194763183594,0,1038240,0.0
brown_0.002,0,15,90.0,t200,192.80947875976562,243.5218505859375,0,1038240,0.0
brown_0.002,0,15,90.0,t250,198.01080322265625,244.6913604736328,0,1038240,0.0
brown_0.002,0,15,90.0,t300,202.3616485595703,250.4105224609375,0,1038240,0.0
brown_0.002,0,15,90.0,t400,211.86886596679688,264.7266540527344,0,1038240,0.0
brown_0.002,0,15,90.0,t500,218.0529022216797,275.403076171875,0,1038240,0.0
brown_0.002,0,15,90.0,t600,208.31704711914062,287.37969970703125,0,1038240,0.0
brown_0.002,0,15,90.0,t700,213.63662719726562,296.9383544921875,0,1038240,0.0
brown_0.002,0,15,90.0,t850,222.48069763183594,309.2781677246094,0,1038240,0.0
brown_0.002,0,15,90.0,t925,226.1573486328125,314.97100830078125,0,1038240,0.0
brown_0.002,0,15,90.0,t1000,229.302734375,320.39666748046875,0,1038240,0.0
brown_0.002,0,15,90.0,q50,5.626811798720155e-07,2.0599695744749624e-06,0,1038240,0.0
brown_0.002,0,15,90.0,q100,1.02566218629363e-06,4.6465956984320655e-06,0,1038240,0.0
brown_0.002,0,15,90.0,q150,-1.31154138216516e-07,4.122123937122524e-05,6,1038240,5.779010633379566e-06
brown_0.002,0,15,90.0,q200,-7.5499792728805915e-06,0.00021608415408991277,11089,1038240,0.010680574818924333
brown_0.002,0,15,90.0,q250,-1.2610584235517308e-05,0.0006970620015636086,17717,1038240,0.01706445523193096
brown_0.002,0,15,90.0,q300,-3.3442338462919e-05,0.0015132222324609756,19719,1038240,0.01899271844660194
brown_0.002,0,15,90.0,q400,-6.335970829240978e-05,0.004264745861291885,31116,1038240,0.029969949144706427
brown_0.002,0,15,90.0,q500,-0.00011788890697062016,0.007594159804284573,13242,1038240,0.0127542764678687
brown_0.002,0,15,90.0,q600,-0.00021716835908591747,0.0100321089848876,14563,1038240,0.014026621975651101
brown_0.002,0,15,90.0,q700,-0.00042190123349428177,0.013044686987996101,36115,1038240,0.0347848281707505
brown_0.002,0,15,90.0,q850,-0.000522972084581852,0.0186636783182621,40930,1038240,0.0394224842040376
brown_0.002,0,15,90.0,q925,-0.00044853612780570984,0.02105565369129181,51699,1038240,0.04979484512251502
brown_0.002,0,15,90.0,q1000,-0.0005161343142390251,0.02536056376993656,39706,1038240,0.03824356603482817
brown_0.002,0,16,96.0,u10m,-22.474075317382812,18.969070434570312,0,1038240,0.0
brown_0.002,0,16,96.0,v10m,-20.35141372680664,21.257661819458008,0,1038240,0.0
brown_0.002,0,16,96.0,u100m,-29.5142822265625,23.261259078979492,0,1038240,0.0
brown_0.002,0,16,96.0,v100m,-25.807470321655273,26.9627742767334,0,1038240,0.0
brown_0.002,0,16,96.0,t2m,202.68203735351562,317.02142333984375,0,1038240,0.0
brown_0.002,0,16,96.0,sp,48952.83984375,103675.3515625,0,1038240,0.0
brown_0.002,0,16,96.0,msl,95425.921875,103646.140625,0,1038240,0.0
brown_0.002,0,16,96.0,tcwv,-2.550661087036133,76.43809509277344,36505,1038240,0.03516046386192017
brown_0.002,0,16,96.0,u50,-30.54467010498047,68.73957824707031,0,1038240,0.0
brown_0.002,0,16,96.0,u100,-31.418987274169922,57.55498504638672,0,1038240,0.0
brown_0.002,0,16,96.0,u150,-40.404640197753906,73.51761627197266,0,1038240,0.0
brown_0.002,0,16,96.0,u200,-34.44037628173828,85.09452056884766,0,1038240,0.0
brown_0.002,0,16,96.0,u250,-34.706703186035156,86.79795837402344,0,1038240,0.0
brown_0.002,0,16,96.0,u300,-34.39015197753906,80.32971954345703,0,1038240,0.0
brown_0.002,0,16,96.0,u400,-42.353179931640625,59.463233947753906,0,1038240,0.0
brown_0.002,0,16,96.0,u500,-36.61579895019531,49.743343353271484,0,1038240,0.0
brown_0.002,0,16,96.0,u600,-32.432586669921875,42.056358337402344,0,1038240,0.0
brown_0.002,0,16,96.0,u700,-34.90666198730469,39.47418975830078,0,1038240,0.0
brown_0.002,0,16,96.0,u850,-40.709808349609375,38.909061431884766,0,1038240,0.0
brown_0.002,0,16,96.0,u925,-33.29780578613281,32.90504455566406,0,1038240,0.0
brown_0.002,0,16,96.0,u1000,-22.352340698242188,19.91145896911621,0,1038240,0.0
brown_0.002,0,16,96.0,v50,-22.653240203857422,21.10773468017578,0,1038240,0.0
brown_0.002,0,16,96.0,v100,-17.90554428100586,25.312650680541992,0,1038240,0.0
brown_0.002,0,16,96.0,v150,-33.919456481933594,37.354801177978516,0,1038240,0.0
brown_0.002,0,16,96.0,v200,-42.5847053527832,50.35261154174805,0,1038240,0.0
brown_0.002,0,16,96.0,v250,-53.11116027832031,57.73219299316406,0,1038240,0.0
brown_0.002,0,16,96.0,v300,-51.451072692871094,61.19480514526367,0,1038240,0.0
brown_0.002,0,16,96.0,v400,-56.152252197265625,52.86784744262695,0,1038240,0.0
brown_0.002,0,16,96.0,v500,-49.90711975097656,50.397274017333984,0,1038240,0.0
brown_0.002,0,16,96.0,v600,-39.086631774902344,42.983646392822266,0,1038240,0.0
brown_0.002,0,16,96.0,v700,-32.85019302368164,33.746429443359375,0,1038240,0.0
brown_0.002,0,16,96.0,v850,-31.346792221069336,31.536405563354492,0,1038240,0.0
brown_0.002,0,16,96.0,v925,-31.026241302490234,30.920602798461914,0,1038240,0.0
brown_0.002,0,16,96.0,v1000,-20.61593246459961,20.970041275024414,0,1038240,0.0
brown_0.002,0,16,96.0,z50,176400.21875,208514.359375,0,1038240,0.0
brown_0.002,0,16,96.0,z100,140138.5625,166236.875,0,1038240,0.0
brown_0.002,0,16,96.0,z150,117288.609375,142087.765625,0,1038240,0.0
brown_0.002,0,16,96.0,z200,100395.4453125,123890.734375,0,1038240,0.0
brown_0.002,0,16,96.0,z250,87118.65625,109254.1171875,0,1038240,0.0
brown_0.002,0,16,96.0,z300,76239.6484375,96697.921875,0,1038240,0.0
brown_0.002,0,16,96.0,z400,58993.7734375,75753.21875,0,1038240,0.0
brown_0.002,0,16,96.0,z500,45084.52734375,58690.9453125,0,1038240,0.0
brown_0.002,0,16,96.0,z600,32959.46484375,44428.85546875,0,1038240,0.0
brown_0.002,0,16,96.0,z700,22350.96484375,32211.166015625,0,1038240,0.0
brown_0.002,0,16,96.0,z850,8405.9375,16431.43359375,0,1038240,0.0
brown_0.002,0,16,96.0,z925,2246.26953125,9378.0322265625,0,1038240,0.0
brown_0.002,0,16,96.0,z1000,-3654.23681640625,2943.966796875,0,1038240,0.0
brown_0.002,0,16,96.0,t50,179.30126953125,237.5140838623047,0,1038240,0.0
brown_0.002,0,16,96.0,t100,184.82789611816406,239.85289001464844,0,1038240,0.0
brown_0.002,0,16,96.0,t150,186.85302734375,244.4467010498047,0,1038240,0.0
brown_0.002,0,16,96.0,t200,193.36785888671875,243.46102905273438,0,1038240,0.0
brown_0.002,0,16,96.0,t250,198.1512451171875,245.0250244140625,0,1038240,0.0
brown_0.002,0,16,96.0,t300,202.56077575683594,250.17474365234375,0,1038240,0.0
brown_0.002,0,16,96.0,t400,211.17877197265625,264.29669189453125,0,1038240,0.0
brown_0.002,0,16,96.0,t500,217.80747985839844,275.3083190917969,0,1038240,0.0
brown_0.002,0,16,96.0,t600,207.2651824951172,284.9672546386719,0,1038240,0.0
brown_0.002,0,16,96.0,t700,213.85350036621094,293.6943664550781,0,1038240,0.0
brown_0.002,0,16,96.0,t850,222.34622192382812,310.2032775878906,0,1038240,0.0
brown_0.002,0,16,96.0,t925,226.05995178222656,315.1363525390625,0,1038240,0.0
brown_0.002,0,16,96.0,t1000,229.249267578125,320.01678466796875,0,1038240,0.0
brown_0.002,0,16,96.0,q50,5.959543614153517e-07,2.0785648757737363e-06,0,1038240,0.0
brown_0.002,0,16,96.0,q100,1.0224592870144988e-06,4.635814548237249e-06,0,1038240,0.0
brown_0.002,0,16,96.0,q150,-8.632027856947388e-07,3.53189607267268e-05,18,1038240,1.7337031900138696e-05
brown_0.002,0,16,96.0,q200,-8.215050911530852e-06,0.00019065501692239195,12490,1038240,0.012029973801818462
brown_0.002,0,16,96.0,q250,-1.2679196515819058e-05,0.0006711882306262851,16417,1038240,0.015812336261365387
brown_0.002,0,16,96.0,q300,-3.0429160688072443e-05,0.0015222744550555944,20071,1038240,0.019331753737093543
brown_0.002,0,16,96.0,q400,-5.194018012844026e-05,0.004127090331166983,23189,1038240,0.022334912929573125
brown_0.002,0,16,96.0,q500,-0.00010832981206476688,0.007284155581146479,13236,1038240,0.012748497457235322
brown_0.002,0,16,96.0,q600,-0.0002591616939753294,0.009956177324056625,16285,1038240,0.015685198027431037
brown_0.002,0,16,96.0,q700,-0.00045000528916716576,0.012691177427768707,32264,1038240,0.031075666512559715
brown_0.002,0,16,96.0,q850,-0.0007223454304039478,0.018846888095140457,44007,1038240,0.042386153490522424
brown_0.002,0,16,96.0,q925,-0.000544773880392313,0.02205169014632702,50768,1038240,0.0488981353059023
brown_0.002,0,16,96.0,q1000,-0.000577055849134922,0.025569362565875053,45659,1038240,0.0439773077515796
brown_0.002,0,17,102.0,u10m,-20.452238082885742,21.105030059814453,0,1038240,0.0
brown_0.002,0,17,102.0,v10m,-18.147756576538086,20.100069046020508,0,1038240,0.0
brown_0.002,0,17,102.0,u100m,-26.947351455688477,26.942861557006836,0,1038240,0.0
brown_0.002,0,17,102.0,v100m,-23.189876556396484,24.537864685058594,0,1038240,0.0
brown_0.002,0,17,102.0,t2m,202.48294067382812,314.726806640625,0,1038240,0.0
brown_0.002,0,17,102.0,sp,48953.71484375,103567.453125,0,1038240,0.0
brown_0.002,0,17,102.0,msl,95323.9296875,103542.5703125,0,1038240,0.0
brown_0.002,0,17,102.0,tcwv,-2.539052963256836,76.61666870117188,41111,1038240,0.03959681769147789
brown_0.002,0,17,102.0,u50,-31.936546325683594,70.77770233154297,0,1038240,0.0
brown_0.002,0,17,102.0,u100,-31.359088897705078,59.46858215332031,0,1038240,0.0
brown_0.002,0,17,102.0,u150,-39.88264465332031,73.352294921875,0,1038240,0.0
brown_0.002,0,17,102.0,u200,-33.14563751220703,85.62171936035156,0,1038240,0.0
brown_0.002,0,17,102.0,u250,-34.04746627807617,86.94436645507812,0,1038240,0.0
brown_0.002,0,17,102.0,u300,-37.02272415161133,80.27560424804688,0,1038240,0.0
brown_0.002,0,17,102.0,u400,-40.682579040527344,59.89916229248047,0,1038240,0.0
brown_0.002,0,17,102.0,u500,-39.180908203125,49.35222625732422,0,1038240,0.0
brown_0.002,0,17,102.0,u600,-34.938499450683594,42.5914421081543,0,1038240,0.0
brown_0.002,0,17,102.0,u700,-34.55389404296875,39.060630798339844,0,1038240,0.0
brown_0.002,0,17,102.0,u850,-35.09437942504883,37.084739685058594,0,1038240,0.0
brown_0.002,0,17,102.0,u925,-32.32777786254883,32.73314666748047,0,1038240,0.0
brown_0.002,0,17,102.0,u1000,-20.739484786987305,21.09910011291504,0,1038240,0.0
brown_0.002,0,17,102.0,v50,-22.20673942565918,21.752182006835938,0,1038240,0.0
brown_0.002,0,17,102.0,v100,-19.331127166748047,25.936397552490234,0,1038240,0.0
brown_0.002,0,17,102.0,v150,-37.20642852783203,34.265899658203125,0,1038240,0.0
brown_0.002,0,17,102.0,v200,-43.089813232421875,49.48123550415039,0,1038240,0.0
brown_0.002,0,17,102.0,v250,-53.40550994873047,56.769432067871094,0,1038240,0.0
brown_0.002,0,17,102.0,v300,-46.55559158325195,61.842437744140625,0,1038240,0.0
brown_0.002,0,17,102.0,v400,-48.72575378417969,57.23585891723633,0,1038240,0.0
brown_0.002,0,17,102.0,v500,-46.17031478881836,49.03868103027344,0,1038240,0.0
brown_0.002,0,17,102.0,v600,-37.59957504272461,41.06836700439453,0,1038240,0.0
brown_0.002,0,17,102.0,v700,-31.033674240112305,32.774173736572266,0,1038240,0.0
brown_0.002,0,17,102.0,v850,-29.893400192260742,30.734256744384766,0,1038240,0.0
brown_0.002,0,17,102.0,v925,-30.83200454711914,27.466745376586914,0,1038240,0.0
brown_0.002,0,17,102.0,v1000,-21.287944793701172,19.809412002563477,0,1038240,0.0
brown_0.002,0,17,102.0,z50,176375.703125,208561.09375,0,1038240,0.0
brown_0.002,0,17,102.0,z100,140050.765625,166289.40625,0,1038240,0.0
brown_0.002,0,17,102.0,z150,117173.21875,142155.71875,0,1038240,0.0
brown_0.002,0,17,102.0,z200,100264.34375,123873.875,0,1038240,0.0
brown_0.002,0,17,102.0,z250,86975.890625,109149.4609375,0,1038240,0.0
brown_0.002,0,17,102.0,z300,76116.6640625,96610.4375,0,1038240,0.0
brown_0.002,0,17,102.0,z400,58921.58984375,75721.125,0,1038240,0.0
brown_0.002,0,17,102.0,z500,44976.76953125,58699.66796875,0,1038240,0.0
brown_0.002,0,17,102.0,z600,32868.703125,44351.859375,0,1038240,0.0
brown_0.002,0,17,102.0,z700,22294.9296875,32141.091796875,0,1038240,0.0
brown_0.002,0,17,102.0,z850,8421.986328125,16362.064453125,0,1038240,0.0
brown_0.002,0,17,102.0,z925,2302.150390625,9300.1396484375,0,1038240,0.0
brown_0.002,0,17,102.0,z1000,-3760.35205078125,2861.0146484375,0,1038240,0.0
brown_0.002,0,17,102.0,t50,179.34976196289062,237.70755004882812,0,1038240,0.0
brown_0.002,0,17,102.0,t100,185.2606964111328,240.26956176757812,0,1038240,0.0
brown_0.002,0,17,102.0,t150,189.1009979248047,245.207763671875,0,1038240,0.0
brown_0.002,0,17,102.0,t200,193.96351623535156,244.2508544921875,0,1038240,0.0
brown_0.002,0,17,102.0,t250,198.31289672851562,244.9810333251953,0,1038240,0.0
brown_0.002,0,17,102.0,t300,202.13294982910156,250.5882110595703,0,1038240,0.0
brown_0.002,0,17,102.0,t400,211.00900268554688,264.61090087890625,0,1038240,0.0
brown_0.002,0,17,102.0,t500,217.82101440429688,276.3851318359375,0,1038240,0.0
brown_0.002,0,17,102.0,t600,207.28250122070312,288.7837829589844,0,1038240,0.0
brown_0.002,0,17,102.0,t700,214.31521606445312,298.1341552734375,0,1038240,0.0
brown_0.002,0,17,102.0,t850,223.20870971679688,309.7430419921875,0,1038240,0.0
brown_0.002,0,17,102.0,t925,226.8894805908203,315.1636657714844,0,1038240,0.0
brown_0.002,0,17,102.0,t1000,230.0815887451172,320.0914306640625,0,1038240,0.0
brown_0.002,0,17,102.0,q50,6.314166967058554e-07,2.095652007483295e-06,0,1038240,0.0
brown_0.002,0,17,102.0,q100,1.0142829296455602e-06,4.748081664729398e-06,0,1038240,0.0
brown_0.002,0,17,102.0,q150,-8.837209861667361e-07,3.7161305954214185e-05,18,1038240,1.7337031900138696e-05
brown_0.002,0,17,102.0,q200,-1.0474122973391786e-05,0.00019109838467556983,13185,1038240,0.012699375866851595
brown_0.002,0,17,102.0,q250,-1.2690255971392617e-05,0.0006493148393929005,18038,1038240,0.017373632300816767
brown_0.002,0,17,102.0,q300,-3.022728196810931e-05,0.0014973614597693086,20541,1038240,0.019784442903374944
brown_0.002,0,17,102.0,q400,-6.199328345246613e-05,0.004120741039514542,24538,1038240,0.02363422715364463
brown_0.002,0,17,102.0,q500,-0.00010007282253354788,0.007972901687026024,10586,1038240,0.010196101094159346
brown_0.002,0,17,102.0,q600,-0.00028159713838249445,0.01161078829318285,14530,1038240,0.013994837417167514
brown_0.002,0,17,102.0,q700,-0.00047171791084110737,0.013232851400971413,37011,1038240,0.03564782709200185
brown_0.002,0,17,102.0,q850,-0.0005514039658010006,0.018884986639022827,50201,1038240,0.048352018801047926
brown_0.002,0,17,102.0,q925,-0.0005741245113313198,0.02181566320359707,60255,1038240,0.05803571428571429
brown_0.002,0,17,102.0,q1000,-0.0005790339782834053,0.0250104907900095,53977,1038240,0.051988942826321466
brown_0.002,0,18,108.0,u10m,-22.600868225097656,21.938093185424805,0,1038240,0.0
brown_0.002,0,18,108.0,v10m,-18.70751190185547,18.06290626525879,0,1038240,0.0
brown_0.002,0,18,108.0,u100m,-29.255916595458984,28.25188446044922,0,1038240,0.0
brown_0.002,0,18,108.0,v100m,-24.148635864257812,23.794347763061523,0,1038240,0.0
brown_0.002,0,18,108.0,t2m,200.84719848632812,322.0848388671875,0,1038240,0.0
brown_0.002,0,18,108.0,sp,48868.6796875,103547.3828125,0,1038240,0.0
brown_0.002,0,18,108.0,msl,95496.234375,103520.28125,0,1038240,0.0
brown_0.002,0,18,108.0,tcwv,-2.577056884765625,78.56250762939453,40233,1038240,0.03875115580212667
brown_0.002,0,18,108.0,u50,-29.983734130859375,70.83098602294922,0,1038240,0.0
brown_0.002,0,18,108.0,u100,-31.149944305419922,61.33114242553711,0,1038240,0.0
brown_0.002,0,18,108.0,u150,-37.268890380859375,72.52477264404297,0,1038240,0.0
brown_0.002,0,18,108.0,u200,-32.240509033203125,87.4623031616211,0,1038240,0.0
brown_0.002,0,18,108.0,u250,-34.177574157714844,91.25042724609375,0,1038240,0.0
brown_0.002,0,18,108.0,u300,-32.13776779174805,81.52510833740234,0,1038240,0.0
brown_0.002,0,18,108.0,u400,-38.88780975341797,59.81163787841797,0,1038240,0.0
brown_0.002,0,18,108.0,u500,-37.85107421875,52.56499099731445,0,1038240,0.0
brown_0.002,0,18,108.0,u600,-34.23952102661133,44.874534606933594,0,1038240,0.0
brown_0.002,0,18,108.0,u700,-33.679466247558594,38.12638854980469,0,1038240,0.0
brown_0.002,0,18,108.0,u850,-35.561771392822266,37.190311431884766,0,1038240,0.0
brown_0.002,0,18,108.0,u925,-37.72056198120117,34.63713836669922,0,1038240,0.0
brown_0.002,0,18,108.0,u1000,-22.564361572265625,22.236507415771484,0,1038240,0.0
brown_0.002,0,18,108.0,v50,-22.028200149536133,23.016132354736328,0,1038240,0.0
brown_0.002,0,18,108.0,v100,-18.609342575073242,25.489126205444336,0,1038240,0.0
brown_0.002,0,18,108.0,v150,-35.43141174316406,32.49324417114258,0,1038240,0.0
brown_0.002,0,18,108.0,v200,-41.18354034423828,47.28921127319336,0,1038240,0.0
brown_0.002,0,18,108.0,v250,-50.25947570800781,55.109004974365234,0,1038240,0.0
brown_0.002,0,18,108.0,v300,-45.109500885009766,59.140472412109375,0,1038240,0.0
brown_0.002,0,18,108.0,v400,-42.71841049194336,59.52428436279297,0,1038240,0.0
brown_0.002,0,18,108.0,v500,-38.459564208984375,51.196533203125,0,1038240,0.0
brown_0.002,0,18,108.0,v600,-31.51435661315918,39.52700424194336,0,1038240,0.0
brown_0.002,0,18,108.0,v700,-28.304527282714844,31.202884674072266,0,1038240,0.0
brown_0.002,0,18,108.0,v850,-30.216167449951172,26.435110092163086,0,1038240,0.0
brown_0.002,0,18,108.0,v925,-31.251174926757812,27.08350944519043,0,1038240,0.0
brown_0.002,0,18,108.0,v1000,-20.352291107177734,18.773088455200195,0,1038240,0.0
brown_0.002,0,18,108.0,z50,176244.890625,208762.796875,0,1038240,0.0
brown_0.002,0,18,108.0,z100,139978.84375,166394.609375,0,1038240,0.0
brown_0.002,0,18,108.0,z150,117084.28125,142254.078125,0,1038240,0.0
brown_0.002,0,18,108.0,z200,100151.703125,123983.2265625,0,1038240,0.0
brown_0.002,0,18,108.0,z250,86853.8046875,109078.6484375,0,1038240,0.0
brown_0.002,0,18,108.0,z300,75981.1171875,96425.828125,0,1038240,0.0
brown_0.002,0,18,108.0,z400,58798.99609375,75501.71875,0,1038240,0.0
brown_0.002,0,18,108.0,z500,44843.91796875,58533.1484375,0,1038240,0.0
brown_0.002,0,18,108.0,z600,32769.89453125,44405.83984375,0,1038240,0.0
brown_0.002,0,18,108.0,z700,22250.34375,32079.70703125,0,1038240,0.0
brown_0.002,0,18,108.0,z850,8500.388671875,16320.9677734375,0,1038240,0.0
brown_0.002,0,18,108.0,z925,2422.45166015625,9260.189453125,0,1038240,0.0
brown_0.002,0,18,108.0,z1000,-3613.61328125,2837.662109375,0,1038240,0.0
brown_0.002,0,18,108.0,t50,179.09815979003906,237.72137451171875,0,1038240,0.0
brown_0.002,0,18,108.0,t100,185.6496124267578,240.719482421875,0,1038240,0.0
brown_0.002,0,18,108.0,t150,191.15074157714844,245.07846069335938,0,1038240,0.0
brown_0.002,0,18,108.0,t200,194.67962646484375,244.13751220703125,0,1038240,0.0
brown_0.002,0,18,108.0,t250,198.3719024658203,245.00546264648438,0,1038240,0.0
brown_0.002,0,18,108.0,t300,201.68197631835938,251.47091674804688,0,1038240,0.0
brown_0.002,0,18,108.0,t400,210.78456115722656,265.9872131347656,0,1038240,0.0
brown_0.002,0,18,108.0,t500,217.5303955078125,278.97027587890625,0,1038240,0.0
brown_0.002,0,18,108.0,t600,207.36508178710938,291.9407653808594,0,1038240,0.0
brown_0.002,0,18,108.0,t700,214.1774139404297,301.22900390625,0,1038240,0.0
brown_0.002,0,18,108.0,t850,223.5850067138672,312.1790466308594,0,1038240,0.0
brown_0.002,0,18,108.0,t925,227.50677490234375,317.34405517578125,0,1038240,0.0
brown_0.002,0,18,108.0,t1000,230.87796020507812,322.6144104003906,0,1038240,0.0
brown_0.002,0,18,108.0,q50,6.651562216575257e-07,2.1116620700922795e-06,0,1038240,0.0
brown_0.002,0,18,108.0,q100,9.894389449982555e-07,4.69543965664343e-06,0,1038240,0.0
brown_0.002,0,18,108.0,q150,-3.671666490845382e-07,4.4833719584858045e-05,9,1038240,8.668515950069348e-06
brown_0.002,0,18,108.0,q200,-1.0738604032667354e-05,0.00023146302555687726,12757,1038240,0.012287139775003854
brown_0.002,0,18,108.0,q250,-1.5304740372812375e-05,0.0006949338130652905,19828,1038240,0.01909770380644167
brown_0.002,0,18,108.0,q300,-3.272545291110873e-05,0.0015900613507255912,20757,1038240,0.019992487286176606
brown_0.002,0,18,108.0,q400,-0.00011877654469572008,0.00432118633762002,25410,1038240,0.02447411003236246
brown_0.002,0,18,108.0,q500,-0.00011001538950949907,0.007976364344358444,10678,1038240,0.010284712590537834
brown_0.002,0,18,108.0,q600,-0.00027065782342106104,0.010196765884757042,13549,1038240,0.013049969178609955
brown_0.002,0,18,108.0,q700,-0.0005225874483585358,0.013575270771980286,29211,1038240,0.028135113268608413
brown_0.002,0,18,108.0,q850,-0.0005520540289580822,0.019756203517317772,44691,1038240,0.043044960702727696
brown_0.002,0,18,108.0,q925,-0.0006079133599996567,0.020988503471016884,55127,1038240,0.05309658653105255
brown_0.002,0,18,108.0,q1000,-0.0005898410454392433,0.025215618312358856,45037,1038240,0.04337821698258591
brown_0.002,0,19,114.0,u10m,-25.719457626342773,23.46124267578125,0,1038240,0.0
brown_0.002,0,19,114.0,v10m,-19.08692169189453,17.930984497070312,0,1038240,0.0
brown_0.002,0,19,114.0,u100m,-33.36606979370117,29.532400131225586,0,1038240,0.0
brown_0.002,0,19,114.0,v100m,-24.85392951965332,24.28973388671875,0,1038240,0.0
brown_0.002,0,19,114.0,t2m,199.54037475585938,321.2210998535156,0,1038240,0.0
brown_0.002,0,19,114.0,sp,49022.4609375,103461.9296875,0,1038240,0.0
brown_0.002,0,19,114.0,msl,95564.625,103427.1640625,0,1038240,0.0
brown_0.002,0,19,114.0,tcwv,-2.6532344818115234,79.43367004394531,39023,1038240,0.0375857219910618
brown_0.002,0,19,114.0,u50,-30.181381225585938,72.37725067138672,0,1038240,0.0
brown_0.002,0,19,114.0,u100,-33.87191390991211,62.37068557739258,0,1038240,0.0
brown_0.002,0,19,114.0,u150,-38.74751281738281,71.47331237792969,0,1038240,0.0
brown_0.002,0,19,114.0,u200,-32.55989074707031,87.51451873779297,0,1038240,0.0
brown_0.002,0,19,114.0,u250,-34.016300201416016,95.21719360351562,0,1038240,0.0
brown_0.002,0,19,114.0,u300,-32.22426986694336,84.22948455810547,0,1038240,0.0
brown_0.002,0,19,114.0,u400,-40.50190734863281,63.54521942138672,0,1038240,0.0
brown_0.002,0,19,114.0,u500,-35.79493713378906,56.406761169433594,0,1038240,0.0
brown_0.002,0,19,114.0,u600,-28.789884567260742,47.96515655517578,0,1038240,0.0
brown_0.002,0,19,114.0,u700,-31.233177185058594,40.116275787353516,0,1038240,0.0
brown_0.002,0,19,114.0,u850,-43.340370178222656,35.851131439208984,0,1038240,0.0
brown_0.002,0,19,114.0,u925,-42.04658889770508,34.50395584106445,0,1038240,0.0
brown_0.002,0,19,114.0,u1000,-25.744503021240234,23.50141143798828,0,1038240,0.0
brown_0.002,0,19,114.0,v50,-22.679351806640625,21.666231155395508,0,1038240,0.0
brown_0.002,0,19,114.0,v100,-18.850601196289062,23.495603561401367,0,1038240,0.0
brown_0.002,0,19,114.0,v150,-30.540687561035156,31.812973022460938,0,1038240,0.0
brown_0.002,0,19,114.0,v200,-39.79246520996094,43.2203483581543,0,1038240,0.0
brown_0.002,0,19,114.0,v250,-45.989830017089844,49.82695770263672,0,1038240,0.0
brown_0.002,0,19,114.0,v300,-42.847415924072266,58.404945373535156,0,1038240,0.0
brown_0.002,0,19,114.0,v400,-46.25213623046875,58.93613815307617,0,1038240,0.0
brown_0.002,0,19,114.0,v500,-35.42091369628906,49.73388671875,0,1038240,0.0
brown_0.002,0,19,114.0,v600,-28.297618865966797,38.278236389160156,0,1038240,0.0
brown_0.002,0,19,114.0,v700,-29.385812759399414,29.244951248168945,0,1038240,0.0
brown_0.002,0,19,114.0,v850,-33.795562744140625,24.395536422729492,0,1038240,0.0
brown_0.002,0,19,114.0,v925,-31.954879760742188,27.19449234008789,0,1038240,0.0
brown_0.002,0,19,114.0,v1000,-20.134273529052734,18.79889488220215,0,1038240,0.0
brown_0.002,0,19,114.0,z50,176117.296875,208768.9375,0,1038240,0.0
brown_0.002,0,19,114.0,z100,139869.609375,166481.34375,0,1038240,0.0
brown_0.002,0,19,114.0,z150,116950.6484375,142313.5625,0,1038240,0.0
brown_0.002,0,19,114.0,z200,99979.8359375,124035.4453125,0,1038240,0.0
brown_0.002,0,19,114.0,z250,86647.7109375,109132.359375,0,1038240,0.0
brown_0.002,0,19,114.0,z300,75743.4921875,96475.3515625,0,1038240,0.0
brown_0.002,0,19,114.0,z400,58557.296875,75594.96875,0,1038240,0.0
brown_0.002,0,19,114.0,z500,44862.8203125,58599.7734375,0,1038240,0.0
brown_0.002,0,19,114.0,z600,32809.76171875,44399.515625,0,1038240,0.0
brown_0.002,0,19,114.0,z700,22328.44921875,31968.833984375,0,1038240,0.0
brown_0.002,0,19,114.0,z850,8650.5234375,16229.3984375,0,1038240,0.0
brown_0.002,0,19,114.0,z925,2509.85986328125,9175.505859375,0,1038240,0.0
brown_0.002,0,19,114.0,z1000,-3549.02978515625,2765.53076171875,0,1038240,0.0
brown_0.002,0,19,114.0,t50,179.11512756347656,237.774658203125,0,1038240,0.0
brown_0.002,0,19,114.0,t100,186.8868408203125,240.89364624023438,0,1038240,0.0
brown_0.002,0,19,114.0,t150,193.30393981933594,245.2826385498047,0,1038240,0.0
brown_0.002,0,19,114.0,t200,195.2653045654297,243.96937561035156,0,1038240,0.0
brown_0.002,0,19,114.0,t250,198.6766815185547,245.0660858154297,0,1038240,0.0
brown_0.002,0,19,114.0,t300,201.80941772460938,250.75137329101562,0,1038240,0.0
brown_0.002,0,19,114.0,t400,210.4883575439453,264.74603271484375,0,1038240,0.0
brown_0.002,0,19,114.0,t500,216.4962615966797,276.3531188964844,0,1038240,0.0
brown_0.002,0,19,114.0,t600,205.12069702148438,287.3123779296875,0,1038240,0.0
brown_0.002,0,19,114.0,t700,213.88104248046875,295.8121337890625,0,1038240,0.0
brown_0.002,0,19,114.0,t850,223.19271850585938,309.168701171875,0,1038240,0.0
brown_0.002,0,19,114.0,t925,227.228515625,315.284912109375,0,1038240,0.0
brown_0.002,0,19,114.0,t1000,230.49539184570312,320.7605285644531,0,1038240,0.0
brown_0.002,0,19,114.0,q50,7.011101388343377e-07,2.1256093987176428e-06,0,1038240,0.0
brown_0.002,0,19,114.0,q100,9.930024589266395e-07,4.627173439075705e-06,0,1038240,0.0
brown_0.002,0,19,114.0,q150,2.714969014050439e-07,4.101239755982533e-05,0,1038240,0.0
brown_0.002,0,19,114.0,q200,-1.1792684745159931e-05,0.00022037807502783835,11328,1038240,0.01091077207582062
brown_0.002,0,19,114.0,q250,-1.5027751942398027e-05,0.0007090764702297747,23444,1038240,0.022580520881491754
brown_0.002,0,19,114.0,q300,-3.277198993600905e-05,0.0016463464125990868,25352,1038240,0.024418246262906458
brown_0.002,0,19,114.0,q400,-6.198944174684584e-05,0.004422006197273731,32618,1038240,0.03141662813992911
brown_0.002,0,19,114.0,q500,-8.273788262158632e-05,0.0076739173382520676,9746,1038240,0.009387039605486208
brown_0.002,0,19,114.0,q600,-0.0002715566661208868,0.010140884667634964,13197,1038240,0.012710933888118354
brown_0.002,0,19,114.0,q700,-0.00045541138388216496,0.013127263635396957,34701,1038240,0.03342290799815072
brown_0.002,0,19,114.0,q850,-0.0005627297796308994,0.019957534968852997,46380,1038240,0.04467175219602404
brown_0.002,0,19,114.0,q925,-0.0006003309972584248,0.020922962576150894,58402,1038240,0.056250963168438896
brown_0.002,0,19,114.0,q1000,-0.0006521157920360565,0.025264954194426537,47431,1038240,0.04568404222530436
brown_0.002,0,20,120.0,u10m,-24.847007751464844,27.06855010986328,0,1038240,0.0
brown_0.002,0,20,120.0,v10m,-19.162263870239258,18.420459747314453,0,1038240,0.0
brown_0.002,0,20,120.0,u100m,-32.13675308227539,35.61039733886719,0,1038240,0.0
brown_0.002,0,20,120.0,v100m,-24.95670509338379,25.06751251220703,0,1038240,0.0
brown_0.002,0,20,120.0,t2m,197.45811462402344,318.8695068359375,0,1038240,0.0
brown_0.002,0,20,120.0,sp,48861.09765625,103387.0546875,0,1038240,0.0
brown_0.002,0,20,120.0,msl,94799.9453125,103347.7265625,0,1038240,0.0
brown_0.002,0,20,120.0,tcwv,-2.566244125366211,77.0665512084961,45832,1038240,0.04414393589150871
brown_0.002,0,20,120.0,u50,-30.230777740478516,72.2542953491211,0,1038240,0.0
brown_0.002,0,20,120.0,u100,-33.81621551513672,62.17155075073242,0,1038240,0.0
brown_0.002,0,20,120.0,u150,-38.87903594970703,70.37364196777344,0,1038240,0.0
brown_0.002,0,20,120.0,u200,-32.155487060546875,87.9024887084961,0,1038240,0.0
brown_0.002,0,20,120.0,u250,-31.7354736328125,92.39454650878906,0,1038240,0.0
brown_0.002,0,20,120.0,u300,-31.490421295166016,84.77928924560547,0,1038240,0.0
brown_0.002,0,20,120.0,u400,-42.45897674560547,63.95201110839844,0,1038240,0.0
brown_0.002,0,20,120.0,u500,-36.58472442626953,58.140113830566406,0,1038240,0.0
brown_0.002,0,20,120.0,u600,-27.825345993041992,49.59501647949219,0,1038240,0.0
brown_0.002,0,20,120.0,u700,-30.464847564697266,44.39479446411133,0,1038240,0.0
brown_0.002,0,20,120.0,u850,-41.886329650878906,42.8766975402832,0,1038240,0.0
brown_0.002,0,20,120.0,u925,-39.22478103637695,41.400177001953125,0,1038240,0.0
brown_0.002,0,20,120.0,u1000,-24.71157455444336,27.431133270263672,0,1038240,0.0
brown_0.002,0,20,120.0,v50,-23.66014862060547,21.7301082611084,0,1038240,0.0
brown_0.002,0,20,120.0,v100,-18.545961380004883,22.334667205810547,0,1038240,0.0
brown_0.002,0,20,120.0,v150,-27.179908752441406,31.973892211914062,0,1038240,0.0
brown_0.002,0,20,120.0,v200,-42.48051834106445,41.67681884765625,0,1038240,0.0
brown_0.002,0,20,120.0,v250,-51.0056037902832,45.154300689697266,0,1038240,0.0
brown_0.002,0,20,120.0,v300,-44.561248779296875,54.376338958740234,0,1038240,0.0
brown_0.002,0,20,120.0,v400,-46.00813674926758,56.31049728393555,0,1038240,0.0
brown_0.002,0,20,120.0,v500,-37.817142486572266,48.121482849121094,0,1038240,0.0
brown_0.002,0,20,120.0,v600,-30.270906448364258,37.705204010009766,0,1038240,0.0
brown_0.002,0,20,120.0,v700,-28.335613250732422,27.86553192138672,0,1038240,0.0
brown_0.002,0,20,120.0,v850,-34.718902587890625,27.698579788208008,0,1038240,0.0
brown_0.002,0,20,120.0,v925,-32.61906051635742,28.010467529296875,0,1038240,0.0
brown_0.002,0,20,120.0,v1000,-20.239288330078125,19.43103790283203,0,1038240,0.0
brown_0.002,0,20,120.0,z50,175951.0,208726.34375,0,1038240,0.0
brown_0.002,0,20,120.0,z100,139788.625,166307.640625,0,1038240,0.0
brown_0.002,0,20,120.0,z150,116838.6171875,142118.765625,0,1038240,0.0
brown_0.002,0,20,120.0,z200,99817.921875,123836.140625,0,1038240,0.0
brown_0.002,0,20,120.0,z250,86460.03125,109013.7265625,0,1038240,0.0
brown_0.002,0,20,120.0,z300,75546.9609375,96447.3046875,0,1038240,0.0
brown_0.002,0,20,120.0,z400,58380.171875,75498.578125,0,1038240,0.0
brown_0.002,0,20,120.0,z500,44782.8359375,58643.58203125,0,1038240,0.0
brown_0.002,0,20,120.0,z600,33066.0234375,44503.9375,0,1038240,0.0
brown_0.002,0,20,120.0,z700,22707.25390625,32015.69921875,0,1038240,0.0
brown_0.002,0,20,120.0,z850,8354.35546875,16190.365234375,0,1038240,0.0
brown_0.002,0,20,120.0,z925,1861.72412109375,9122.826171875,0,1038240,0.0
brown_0.002,0,20,120.0,z1000,-4223.14453125,2713.52734375,0,1038240,0.0
brown_0.002,0,20,120.0,t50,178.968505859375,237.82217407226562,0,1038240,0.0
brown_0.002,0,20,120.0,t100,188.1171417236328,241.2647247314453,0,1038240,0.0
brown_0.002,0,20,120.0,t150,193.59402465820312,245.2626953125,0,1038240,0.0
brown_0.002,0,20,120.0,t200,195.49058532714844,243.6638641357422,0,1038240,0.0
brown_0.002,0,20,120.0,t250,199.1956024169922,245.30238342285156,0,1038240,0.0
brown_0.002,0,20,120.0,t300,202.361572265625,250.52426147460938,0,1038240,0.0
brown_0.002,0,20,120.0,t400,209.74281311035156,264.39373779296875,0,1038240,0.0
brown_0.002,0,20,120.0,t500,215.78260803222656,275.1464538574219,0,1038240,0.0
brown_0.002,0,20,120.0,t600,206.03662109375,283.6194763183594,0,1038240,0.0
brown_0.002,0,20,120.0,t700,213.13795471191406,294.01214599609375,0,1038240,0.0
brown_0.002,0,20,120.0,t850,222.384521484375,309.5363464355469,0,1038240,0.0
brown_0.002,0,20,120.0,t925,226.58328247070312,315.0103759765625,0,1038240,0.0
brown_0.002,0,20,120.0,t1000,229.92117309570312,319.7308349609375,0,1038240,0.0
brown_0.002,0,20,120.0,q50,7.39207507649553e-07,2.142281800843193e-06,0,1038240,0.0
brown_0.002,0,20,120.0,q100,1.0000975407820079e-06,4.682582130044466e-06,0,1038240,0.0
brown_0.002,0,20,120.0,q150,2.340038918191567e-07,3.4649423469090834e-05,0,1038240,0.0
brown_0.002,0,20,120.0,q200,-1.2001770301139913e-05,0.00019734686065930873,12498,1038240,0.012037679149329635
brown_0.002,0,20,120.0,q250,-1.5459936548722908e-05,0.0006782049895264208,24501,1038240,0.023598589921405455
brown_0.002,0,20,120.0,q300,-3.5052711609750986e-05,0.0015855955425649881,24275,1038240,0.023380913854214824
brown_0.002,0,20,120.0,q400,-5.151121877133846e-05,0.004189633298665285,30200,1038240,0.029087686854677147
brown_0.002,0,20,120.0,q500,-0.00010439747711643577,0.007359515409916639,12372,1038240,0.011916319926028663
brown_0.002,0,20,120.0,q600,-0.00028042064514011145,0.00997164100408554,15524,1038240,0.01495222684543073
brown_0.002,0,20,120.0,q700,-0.0004100147634744644,0.013151060789823532,34081,1038240,0.03282574356603483
brown_0.002,0,20,120.0,q850,-0.0005426504649221897,0.01910041831433773,50898,1038240,0.04902334720295885
brown_0.002,0,20,120.0,q925,-0.0006509763188660145,0.02072303369641304,56272,1038240,0.05419941439358915
brown_0.002,0,20,120.0,q1000,-0.0006354157812893391,0.02518639899790287,47663,1038240,0.04590749730312837
brown_0.002,1,0,0.0,u10m,-29.980792999267578,25.07976531982422,0,1038240,0.0
brown_0.002,1,0,0.0,v10m,-27.66252899169922,25.987442016601562,0,1038240,0.0
brown_0.002,1,0,0.0,u100m,-38.646949768066406,30.78426170349121,0,1038240,0.0
brown_0.002,1,0,0.0,v100m,-33.10552215576172,32.40911102294922,0,1038240,0.0
brown_0.002,1,0,0.0,t2m,203.00985717773438,317.2066650390625,0,1038240,0.0
brown_0.002,1,0,0.0,sp,49593.44921875,104524.6484375,0,1038240,0.0
brown_0.002,1,0,0.0,msl,93167.375,107762.9765625,0,1038240,0.0
brown_0.002,1,0,0.0,tcwv,0.03446986526250839,80.6695785522461,0,1038240,0.0
brown_0.002,1,0,0.0,u50,-32.53577423095703,69.69510650634766,0,1038240,0.0
brown_0.002,1,0,0.0,u100,-42.44432830810547,63.61236572265625,0,1038240,0.0
brown_0.002,1,0,0.0,u150,-43.694366455078125,76.46424102783203,0,1038240,0.0
brown_0.002,1,0,0.0,u200,-44.91496658325195,103.89027404785156,0,1038240,0.0
brown_0.002,1,0,0.0,u250,-45.85110855102539,105.446533203125,0,1038240,0.0
brown_0.002,1,0,0.0,u300,-36.29021453857422,102.409912109375,0,1038240,0.0
brown_0.002,1,0,0.0,u400,-35.72820281982422,71.8709716796875,0,1038240,0.0
brown_0.002,1,0,0.0,u500,-39.314178466796875,50.187408447265625,0,1038240,0.0
brown_0.002,1,0,0.0,u600,-45.015689849853516,45.66444396972656,0,1038240,0.0
brown_0.002,1,0,0.0,u700,-47.09256362915039,41.11029052734375,0,1038240,0.0
brown_0.002,1,0,0.0,u850,-52.833065032958984,36.30812454223633,0,1038240,0.0
brown_0.002,1,0,0.0,u925,-42.30762481689453,34.308433532714844,0,1038240,0.0
brown_0.002,1,0,0.0,u1000,-29.005264282226562,24.65756607055664,0,1038240,0.0
brown_0.002,1,0,0.0,v50,-28.310222625732422,37.040733337402344,0,1038240,0.0
brown_0.002,1,0,0.0,v100,-31.287107467651367,41.976707458496094,0,1038240,0.0
brown_0.002,1,0,0.0,v150,-39.738304138183594,46.22064208984375,0,1038240,0.0
brown_0.002,1,0,0.0,v200,-56.72262954711914,65.07870483398438,0,1038240,0.0
brown_0.002,1,0,0.0,v250,-63.083248138427734,62.819305419921875,0,1038240,0.0
brown_0.002,1,0,0.0,v300,-54.8427734375,65.4571533203125,0,1038240,0.0
brown_0.002,1,0,0.0,v400,-59.88930892944336,63.007568359375,0,1038240,0.0
brown_0.002,1,0,0.0,v500,-50.19186782836914,56.8067626953125,0,1038240,0.0
brown_0.002,1,0,0.0,v600,-45.044639587402344,40.06632995605469,0,1038240,0.0
brown_0.002,1,0,0.0,v700,-36.78477096557617,42.35971450805664,0,1038240,0.0
brown_0.002,1,0,0.0,v850,-42.88669204711914,34.95854568481445,0,1038240,0.0
brown_0.002,1,0,0.0,v925,-37.343040466308594,37.05693817138672,0,1038240,0.0
brown_0.002,1,0,0.0,v1000,-26.340818405151367,25.029232025146484,0,1038240,0.0
brown_0.002,1,0,0.0,z50,178325.890625,207936.40625,0,1038240,0.0
brown_0.002,1,0,0.0,z100,140693.140625,165755.734375,0,1038240,0.0
brown_0.002,1,0,0.0,z150,117632.0390625,141996.15625,0,1038240,0.0
brown_0.002,1,0,0.0,z200,100768.7421875,123884.2421875,0,1038240,0.0
brown_0.002,1,0,0.0,z250,87459.671875,109026.765625,0,1038240,0.0
brown_0.002,1,0,0.0,z300,76372.9375,96320.9921875,0,1038240,0.0
brown_0.002,1,0,0.0,z400,58395.84765625,75588.4609375,0,1038240,0.0
brown_0.002,1,0,0.0,z500,43960.421875,58905.3671875,0,1038240,0.0
brown_0.002,1,0,0.0,z600,31816.146484375,44789.28125,0,1038240,0.0
brown_0.002,1,0,0.0,z700,21340.9609375,32460.98828125,0,1038240,0.0
brown_0.002,1,0,0.0,z850,7071.5986328125,16482.92578125,0,1038240,0.0
brown_0.002,1,0,0.0,z925,558.6221313476562,9957.236328125,0,1038240,0.0
brown_0.002,1,0,0.0,z1000,-5507.9560546875,4905.552734375,0,1038240,0.0
brown_0.002,1,0,0.0,t50,176.9652099609375,233.25442504882812,0,1038240,0.0
brown_0.002,1,0,0.0,t100,185.8448944091797,235.84288024902344,0,1038240,0.0
brown_0.002,1,0,0.0,t150,187.88961791992188,238.92051696777344,0,1038240,0.0
brown_0.002,1,0,0.0,t200,190.15606689453125,241.17526245117188,0,1038240,0.0
brown_0.002,1,0,0.0,t250,199.01126098632812,243.6453399658203,0,1038240,0.0
brown_0.002,1,0,0.0,t300,204.70677185058594,251.70887756347656,0,1038240,0.0
brown_0.002,1,0,0.0,t400,216.0413360595703,266.5617980957031,0,1038240,0.0
brown_0.002,1,0,0.0,t500,224.4996795654297,276.8993225097656,0,1038240,0.0
brown_0.002,1,0,0.0,t600,204.54690551757812,287.2420654296875,0,1038240,0.0
brown_0.002,1,0,0.0,t700,208.4556121826172,296.9850769042969,0,1038240,0.0
brown_0.002,1,0,0.0,t850,216.30252075195312,309.667236328125,0,1038240,0.0
brown_0.002,1,0,0.0,t925,219.8119659423828,315.32122802734375,0,1038240,0.0
brown_0.002,1,0,0.0,t1000,223.10296630859375,319.7147216796875,0,1038240,0.0
brown_0.002,1,0,0.0,q50,-0.003941995091736317,0.0030228937976062298,495571,1038240,0.4773183464324241
brown_0.002,1,0,0.0,q100,-0.006085241213440895,0.005209454335272312,516759,1038240,0.49772595931576513
brown_0.002,1,0,0.0,q150,-0.004168960731476545,0.005029924679547548,494260,1038240,0.47605563260903067
brown_0.002,1,0,0.0,q200,-0.002884512534365058,0.002898180391639471,521857,1038240,0.50263619201726
brown_0.002,1,0,0.0,q250,-0.003507607849314809,0.00342925894074142,538439,1038240,0.5186074510710433
brown_0.002,1,0,0.0,q300,-0.0027446269523352385,0.003649526508525014,510699,1038240,0.49188915857605175
brown_0.002,1,0,0.0,q400,-0.004355467390269041,0.00755899865180254,421521,1038240,0.4059957235321313
brown_0.002,1,0,0.0,q500,-0.0044080656953155994,0.00823076069355011,349349,1038240,0.3364819309600863
brown_0.002,1,0,0.0,q600,-0.002419312484562397,0.012436402030289173,215751,1038240,0.2078045538603791
brown_0.002,1,0,0.0,q700,-0.0036538620479404926,0.02091071382164955,194299,1038240,0.18714266450916936
brown_0.002,1,0,0.0,q850,-0.0017876991769298911,0.029456792399287224,125095,1038240,0.12048755586376945
brown_0.002,1,0,0.0,q925,-0.004208190366625786,0.03786344826221466,136887,1038240,0.1318452380952381
brown_0.002,1,0,0.0,q1000,-0.0022189931478351355,0.0426141656935215,45382,1038240,0.04371051009400524
brown_0.002,1,1,6.0,u10m,-77.90148162841797,44.230712890625,0,1038240,0.0
brown_0.002,1,1,6.0,v10m,-52.81803894042969,102.59601593017578,162,1038240,0.00015603328710124827
brown_0.002,1,1,6.0,u100m,-84.03687286376953,62.7147102355957,0,1038240,0.0
brown_0.002,1,1,6.0,v100m,-45.028106689453125,126.43965148925781,20921,1038240,0.020150446910155648
brown_0.002,1,1,6.0,t2m,91.51094055175781,310.8755798339844,26809,1038240,0.025821582678378793
brown_0.002,1,1,6.0,sp,29859.4453125,141612.28125,356857,1038240,0.34371339959932196
brown_0.002,1,1,6.0,msl,92468.6796875,117955.234375,35967,1038240,0.034642279241793805
brown_0.002,1,1,6.0,tcwv,-53.5836181640625,798.0346069335938,581925,1038240,0.5604917938049006
brown_0.002,1,1,6.0,u50,-246.02906799316406,426.90325927734375,406001,1038240,0.39104734936045615
brown_0.002,1,1,6.0,u100,-138.09234619140625,323.2979736328125,215110,1038240,0.20718716289104638
brown_0.002,1,1,6.0,u150,-121.1990737915039,467.26092529296875,339050,1038240,0.3265622592078903
brown_0.002,1,1,6.0,u200,-57.314308166503906,243.016845703125,44691,1038240,0.043044960702727696
brown_0.002,1,1,6.0,u250,-624.1983032226562,146.9250946044922,142253,1038240,0.1370135999383572
brown_0.002,1,1,6.0,u300,-385.5708923339844,214.1639404296875,151342,1038240,0.14576783787948835
brown_0.002,1,1,6.0,u400,-152.08197021484375,192.5456085205078,19801,1038240,0.019071698258591462
brown_0.002,1,1,6.0,u500,-225.67279052734375,92.59479522705078,41740,1038240,0.04020265063954384
brown_0.002,1,1,6.0,u600,-145.956298828125,94.13787078857422,0,1038240,0.0
brown_0.002,1,1,6.0,u700,-67.28446197509766,124.03007507324219,0,1038240,0.0
brown_0.002,1,1,6.0,u850,-34.45632553100586,78.10933685302734,0,1038240,0.0
brown_0.002,1,1,6.0,u925,-47.4303092956543,91.2432632446289,0,1038240,0.0
brown_0.002,1,1,6.0,u1000,-112.51300048828125,65.12469482421875,0,1038240,0.0
brown_0.002,1,1,6.0,v50,-120.72647094726562,67.99922180175781,0,1038240,0.0
brown_0.002,1,1,6.0,v100,-101.63582611083984,121.46005249023438,0,1038240,0.0
brown_0.002,1,1,6.0,v150,-204.9385528564453,282.1649169921875,107154,1038240,0.10320735090152566
brown_0.002,1,1,6.0,v200,-204.18165588378906,146.9819793701172,3508,1038240,0.003378794883649253
brown_0.002,1,1,6.0,v250,-66.20587921142578,266.8858337402344,80489,1038240,0.07752446447834797
brown_0.002,1,1,6.0,v300,-88.4935302734375,145.05145263671875,0,1038240,0.0
brown_0.002,1,1,6.0,v400,-154.7423095703125,91.56965637207031,75,1038240,7.223763291724457e-05
brown_0.002,1,1,6.0,v500,-67.01732635498047,48.517181396484375,0,1038240,0.0
brown_0.002,1,1,6.0,v600,-92.74822235107422,66.80937957763672,0,1038240,0.0
brown_0.002,1,1,6.0,v700,-174.10475158691406,131.22618103027344,4571,1038240,0.004402642934196332
brown_0.002,1,1,6.0,v850,-64.12979125976562,75.44430541992188,0,1038240,0.0
brown_0.002,1,1,6.0,v925,-81.35848236083984,95.692138671875,0,1038240,0.0
brown_0.002,1,1,6.0,v1000,-34.974220275878906,123.57118225097656,0,1038240,0.0
brown_0.002,1,1,6.0,z50,145194.625,261885.96875,241808,1038240,0.23290183387270766
brown_0.002,1,1,6.0,z100,124342.765625,191312.0625,0,1038240,0.0
brown_0.002,1,1,6.0,z150,110033.9921875,171521.890625,0,1038240,0.0
brown_0.002,1,1,6.0,z200,99098.671875,134155.328125,0,1038240,0.0
brown_0.002,1,1,6.0,z250,86140.359375,122187.2890625,0,1038240,0.0
brown_0.002,1,1,6.0,z300,74132.671875,109331.453125,0,1038240,0.0
brown_0.002,1,1,6.0,z400,60187.34375,79700.0703125,0,1038240,0.0
brown_0.002,1,1,6.0,z500,39036.140625,67713.5546875,0,1038240,0.0
brown_0.002,1,1,6.0,z600,30974.548828125,50153.79296875,0,1038240,0.0
brown_0.002,1,1,6.0,z700,18362.76171875,40129.69921875,0,1038240,0.0
brown_0.002,1,1,6.0,z850,5746.96533203125,19802.896484375,0,1038240,0.0
brown_0.002,1,1,6.0,z925,-2198.650390625,17172.947265625,0,1038240,0.0
brown_0.002,1,1,6.0,z1000,-8506.2109375,11289.4296875,0,1038240,0.0
brown_0.002,1,1,6.0,t50,79.36396789550781,365.09649658203125,102248,1038240,0.09848204654029896
brown_0.002,1,1,6.0,t100,-37.8194580078125,369.8931884765625,284071,1038240,0.2736082216057944
brown_0.002,1,1,6.0,t150,61.14727783203125,348.49346923828125,121554,1038240,0.11707697642163661
brown_0.002,1,1,6.0,t200,172.06887817382812,337.42779541015625,0,1038240,0.0
brown_0.002,1,1,6.0,t250,78.49128723144531,278.14520263671875,3179,1038240,0.003061912467252273
brown_0.002,1,1,6.0,t300,165.56103515625,333.1247863769531,0,1038240,0.0
brown_0.002,1,1,6.0,t400,197.92251586914062,308.4346923828125,0,1038240,0.0
brown_0.002,1,1,6.0,t500,205.32984924316406,322.26373291015625,0,1038240,0.0
brown_0.002,1,1,6.0,t600,147.2674560546875,341.34600830078125,454,1038240,0.0004372784712590538
brown_0.002,1,1,6.0,t700,167.66119384765625,301.3993835449219,0,1038240,0.0
brown_0.002,1,1,6.0,t850,115.19442749023438,347.2143249511719,12412,1038240,0.011954846663584527
brown_0.002,1,1,6.0,t925,69.48660278320312,340.1234436035156,46299,1038240,0.04459373555247342
brown_0.002,1,1,6.0,t1000,89.86335754394531,334.4755554199219,26611,1038240,0.02563087532747727
brown_0.002,1,1,6.0,q50,-0.003874346613883972,0.002971428679302335,495629,1038240,0.4773742102018801
brown_0.002,1,1,6.0,q100,-0.005545920226722956,0.004810671787708998,518654,1038240,0.4995511635074742
brown_0.002,1,1,6.0,q150,-0.002591709839180112,0.0033994391560554504,524427,1038240,0.5051115349052242
brown_0.002,1,1,6.0,q200,-0.001116916653700173,0.00400281697511673,195355,1038240,0.18815977038064416
brown_0.002,1,1,6.0,q250,-0.002237333683297038,0.0084147984161973,364881,1038240,0.3514418631530282
brown_0.002,1,1,6.0,q300,-0.0044756256975233555,0.02418670803308487,295526,1038240,0.2846413160733549
brown_0.002,1,1,6.0,q400,-0.005276571959257126,0.045157093554735184,228743,1038240,0.22031803821852367
brown_0.002,1,1,6.0,q500,-0.010736020281910896,0.041740093380212784,175151,1038240,0.1686999152411774
brown_0.002,1,1,6.0,q600,-0.011748101562261581,0.08089426159858704,141635,1038240,0.13641836184311912
brown_0.002,1,1,6.0,q700,-0.023164784535765648,0.11613789200782776,267274,1038240,0.2574298813376483
brown_0.002,1,1,6.0,q850,-0.03174643591046333,0.17245253920555115,301233,1038240,0.2901381183541378
brown_0.002,1,1,6.0,q925,-0.04124153405427933,0.1461881697177887,436272,1038240,0.42020342117429493
brown_0.002,1,1,6.0,q1000,-0.029689447954297066,0.11619406938552856,309693,1038240,0.29828652334720296
brown_0.002,1,2,12.0,u10m,-118.4160385131836,67.0005874633789,2570,1038240,0.002475342887964247
brown_0.002,1,2,12.0,v10m,-62.2607421875,119.08716583251953,16862,1038240,0.016240946216674372
brown_0.002,1,2,12.0,u100m,-149.89266967773438,83.53101348876953,10926,1038240,0.010523578363384188
brown_0.002,1,2,12.0,v100m,-57.22648239135742,137.92950439453125,37016,1038240,0.03565264293419633
brown_0.002,1,2,12.0,t2m,26.138031005859375,315.12933349609375,89514,1038240,0.08621705963938973
brown_0.002,1,2,12.0,sp,-839.140625,175137.0625,451225,1038240,0.43460567884111573
brown_0.002,1,2,12.0,msl,89252.34375,131361.78125,232671,1038240,0.22410136384650947
brown_0.002,1,2,12.0,tcwv,-75.52520751953125,1380.666748046875,755873,1038240,0.7280330174140853
brown_0.002,1,2,12.0,u50,-417.45916748046875,754.5599975585938,618280,1038240,0.5955077824009862
brown_0.002,1,2,12.0,u100,-267.84197998046875,534.3502197265625,330518,1038240,0.31834450608722453
brown_0.002,1,2,12.0,u150,-173.75514221191406,648.0271606445312,553260,1038240,0.5328825705039297
brown_0.002,1,2,12.0,u200,-163.16647338867188,335.1032409667969,166838,1038240,0.16069309600863
brown_0.002,1,2,12.0,u250,-891.3255004882812,229.68310546875,255121,1038240,0.24572449529973803
brown_0.002,1,2,12.0,u300,-603.4813232421875,266.57769775390625,343742,1038240,0.3310814455231931
brown_0.002,1,2,12.0,u400,-275.07073974609375,257.56451416015625,92981,1038240,0.08955636461704423
brown_0.002,1,2,12.0,u500,-335.88519287109375,125.45687866210938,92517,1038240,0.0891094544613962
brown_0.002,1,2,12.0,u600,-252.0118865966797,110.69373321533203,54557,1038240,0.052547580520881494
brown_0.002,1,2,12.0,u700,-111.7064437866211,165.859130859375,2136,1038240,0.0020573277854831254
brown_0.002,1,2,12.0,u850,-55.21824264526367,117.63361358642578,0,1038240,0.0
brown_0.002,1,2,12.0,u925,-103.11408233642578,128.26771545410156,0,1038240,0.0
brown_0.002,1,2,12.0,u1000,-162.0977020263672,92.35457611083984,743,1038240,0.0007156341501001695
brown_0.002,1,2,12.0,v50,-149.03208923339844,91.18968963623047,0,1038240,0.0
brown_0.002,1,2,12.0,v100,-119.43563842773438,155.6419677734375,573,1038240,0.0005518955154877485
brown_0.002,1,2,12.0,v150,-268.1260986328125,362.4264221191406,236976,1038240,0.2282478039759593
brown_0.002,1,2,12.0,v200,-227.26808166503906,250.43092346191406,54017,1038240,0.052027469563877334
brown_0.002,1,2,12.0,v250,-107.06017303466797,334.56671142578125,89774,1038240,0.08646748343350286
brown_0.002,1,2,12.0,v300,-113.26860809326172,153.97947692871094,280,1038240,0.00026968716289104636
brown_0.002,1,2,12.0,v400,-152.09930419921875,104.94221496582031,194,1038240,0.00018685467714593928
brown_0.002,1,2,12.0,v500,-79.35916137695312,70.71156311035156,0,1038240,0.0
brown_0.002,1,2,12.0,v600,-96.9455795288086,82.60742950439453,0,1038240,0.0
brown_0.002,1,2,12.0,v700,-182.64794921875,143.3294219970703,16019,1038240,0.015428995222684544
brown_0.002,1,2,12.0,v850,-66.23169708251953,98.79148864746094,0,1038240,0.0
brown_0.002,1,2,12.0,v925,-81.86410522460938,130.16883850097656,0,1038240,0.0
brown_0.002,1,2,12.0,v1000,-38.54716110229492,147.0362091064453,0,1038240,0.0
brown_0.002,1,2,12.0,z50,105323.6875,302941.1875,593616,1038240,0.5717521960240407
brown_0.002,1,2,12.0,z100,121759.3359375,205074.4375,54829,1038240,0.05280956233626136
brown_0.002,1,2,12.0,z150,105539.96875,196216.625,62453,1038240,0.060152758514409
brown_0.002,1,2,12.0,z200,99377.0546875,146595.703125,0,1038240,0.0
brown_0.002,1,2,12.0,z250,87785.015625,141277.140625,150,1038240,0.00014447526583448913
brown_0.002,1,2,12.0,z300,73404.5,123807.34375,0,1038240,0.0
brown_0.002,1,2,12.0,z400,60193.5703125,85508.5546875,0,1038240,0.0
brown_0.002,1,2,12.0,z500,37154.1171875,72279.359375,0,1038240,0.0
brown_0.002,1,2,12.0,z600,28923.580078125,55022.84765625,0,1038240,0.0
brown_0.002,1,2,12.0,z700,15221.0810546875,47160.19140625,0,1038240,0.0
brown_0.002,1,2,12.0,z850,3765.384765625,25173.88671875,0,1038240,0.0
brown_0.002,1,2,12.0,z925,-4505.619140625,23433.82421875,0,1038240,0.0
brown_0.002,1,2,12.0,z1000,-10760.5126953125,19084.4140625,0,1038240,0.0
brown_0.002,1,2,12.0,t50,13.050491333007812,481.4644470214844,386285,1038240,0.3720575204191709
brown_0.002,1,2,12.0,t100,-225.1085205078125,512.4300537109375,605984,1038240,0.5836646632763137
brown_0.002,1,2,12.0,t150,-30.06072998046875,424.062255859375,336414,1038240,0.32402334720295883
brown_0.002,1,2,12.0,t200,129.45285034179688,402.830078125,69152,1038240,0.06660502388657728
brown_0.002,1,2,12.0,t250,41.14149475097656,310.71832275390625,6417,1038240,0.006180651872399445
brown_0.002,1,2,12.0,t300,157.15414428710938,450.9508972167969,69413,1038240,0.0668564108491293
brown_0.002,1,2,12.0,t400,184.64584350585938,365.78387451171875,19133,1038240,0.018428301741408536
brown_0.002,1,2,12.0,t500,197.6884765625,356.568603515625,23035,1038240,0.02218658498998305
brown_0.002,1,2,12.0,t600,121.75657653808594,393.504638671875,126895,1038240,0.12222125905378332
brown_0.002,1,2,12.0,t700,141.1548614501953,320.9735107421875,1260,1038240,0.0012135922330097086
brown_0.002,1,2,12.0,t850,96.61256408691406,379.0206604003906,83481,1038240,0.08040626444752659
brown_0.002,1,2,12.0,t925,-13.09539794921875,362.161865234375,115371,1038240,0.11112170596393897
brown_0.002,1,2,12.0,t1000,4.919036865234375,350.6352844238281,80612,1038240,0.07764293419633225
brown_0.002,1,2,12.0,q50,-0.0038067346904426813,0.0029205437749624252,495656,1038240,0.4774002157497303
brown_0.002,1,2,12.0,q100,-0.0050602443516254425,0.004453558009117842,520570,1038240,0.5013965942364
brown_0.002,1,2,12.0,q150,-0.0023038031067699194,0.002523607574403286,510672,1038240,0.49186315302820155
brown_0.002,1,2,12.0,q200,-0.0009144053910858929,0.005047807469964027,157704,1038240,0.1518955154877485
brown_0.002,1,2,12.0,q250,-0.002092634793370962,0.013023745268583298,235869,1038240,0.22718157651410079
brown_0.002,1,2,12.0,q300,-0.004560005851089954,0.03711879253387451,259971,1038240,0.2503958622283865
brown_0.002,1,2,12.0,q400,-0.006579025648534298,0.0728134736418724,231048,1038240,0.2225381414701803
brown_0.002,1,2,12.0,q500,-0.01315167173743248,0.08581792563199997,179087,1038240,0.17249094621667438
brown_0.002,1,2,12.0,q600,-0.019505947828292847,0.1731763631105423,266538,1038240,0.2567209893666204
brown_0.002,1,2,12.0,q700,-0.04042096436023712,0.21344062685966492,406844,1038240,0.391859300354446
brown_0.002,1,2,12.0,q850,-0.04584547504782677,0.29377710819244385,542524,1038240,0.5225419941439359
brown_0.002,1,2,12.0,q925,-0.059540700167417526,0.304343581199646,587499,1038240,0.5658604946833102
brown_0.002,1,2,12.0,q1000,-0.05114785581827164,0.21162240207195282,513366,1038240,0.494457928802589
brown_0.002,1,3,18.0,u10m,-147.3606719970703,80.09373474121094,13406,1038240,0.012912236091847742
brown_0.002,1,3,18.0,v10m,-63.22481918334961,117.93638610839844,18411,1038240,0.017732894128525196
brown_0.002,1,3,18.0,u100m,-190.79498291015625,102.93798828125,30158,1038240,0.02904723378024349
brown_0.002,1,3,18.0,v100m,-56.30016326904297,142.15875244140625,31108,1038240,0.029962243797195254
brown_0.002,1,3,18.0,t2m,-1.69476318359375,322.16778564453125,120245,1038240,0.11581618893512097
brown_0.002,1,3,18.0,sp,-25576.1484375,199978.34375,568301,1038240,0.5473695869933733
brown_0.002,1,3,18.0,msl,82940.984375,142441.3125,349999,1038240,0.3371079904453691
brown_0.002,1,3,18.0,tcwv,-87.08769226074219,1781.3841552734375,850500,1038240,0.8191747572815534
brown_0.002,1,3,18.0,u50,-570.4590454101562,1001.8131103515625,685315,1038240,0.6600737787024195
brown_0.002,1,3,18.0,u100,-377.23699951171875,682.0972900390625,385513,1038240,0.3713139543843427
brown_0.002,1,3,18.0,u150,-219.64181518554688,739.5858154296875,608005,1038240,0.5856112266913238
brown_0.002,1,3,18.0,u200,-376.2236022949219,418.55792236328125,297522,1038240,0.28656380027739253
brown_0.002,1,3,18.0,u250,-1030.16357421875,340.8160400390625,365165,1038240,0.35171540298967485
brown_0.002,1,3,18.0,u300,-703.4111938476562,332.8953552246094,424902,1038240,0.40925219602404067
brown_0.002,1,3,18.0,u400,-332.96734619140625,327.8819580078125,177534,1038240,0.17099514563106796
brown_0.002,1,3,18.0,u500,-421.7510070800781,202.30075073242188,128231,1038240,0.12350805208814918
brown_0.002,1,3,18.0,u600,-314.26849365234375,156.14056396484375,91096,1038240,0.08774079210972414
brown_0.002,1,3,18.0,u700,-153.26702880859375,195.91436767578125,18021,1038240,0.017357258437355524
brown_0.002,1,3,18.0,u850,-106.24664306640625,148.62173461914062,0,1038240,0.0
brown_0.002,1,3,18.0,u925,-166.86207580566406,146.12179565429688,638,1038240,0.0006145014640160271
brown_0.002,1,3,18.0,u1000,-192.4658966064453,109.31280517578125,8393,1038240,0.008083872707659116
brown_0.002,1,3,18.0,v50,-166.6444549560547,99.54256439208984,1750,1038240,0.00168554476806904
brown_0.002,1,3,18.0,v100,-138.8221435546875,170.13536071777344,3288,1038240,0.0031668978270920018
brown_0.002,1,3,18.0,v150,-300.97369384765625,392.15283203125,254082,1038240,0.24472376329172446
brown_0.002,1,3,18.0,v200,-236.7739715576172,277.3108215332031,49178,1038240,0.04736669748805671
brown_0.002,1,3,18.0,v250,-117.25320434570312,355.89788818359375,81771,1038240,0.0787592464170134
brown_0.002,1,3,18.0,v300,-110.0904541015625,171.101806640625,3682,1038240,0.00354638619201726
brown_0.002,1,3,18.0,v400,-144.89678955078125,111.74263763427734,0,1038240,0.0
brown_0.002,1,3,18.0,v500,-87.09735107421875,80.92638397216797,0,1038240,0.0
brown_0.002,1,3,18.0,v600,-88.81867980957031,91.00069427490234,0,1038240,0.0
brown_0.002,1,3,18.0,v700,-187.88409423828125,143.9730224609375,18773,1038240,0.018081561103405763
brown_0.002,1,3,18.0,v850,-57.333675384521484,115.19647216796875,0,1038240,0.0
brown_0.002,1,3,18.0,v925,-70.2069320678711,152.99156188964844,207,1038240,0.00019937586685159502
brown_0.002,1,3,18.0,v1000,-38.150577545166016,149.57359313964844,0,1038240,0.0
brown_0.002,1,3,18.0,z50,74972.46875,335333.59375,693448,1038240,0.6679072276159654
brown_0.002,1,3,18.0,z100,125369.78125,214341.328125,132301,1038240,0.1274281476344583
brown_0.002,1,3,18.0,z150,104952.59375,220289.0,145994,1038240,0.14061681306826937
brown_0.002,1,3,18.0,z200,98457.3984375,166758.296875,23364,1038240,0.022503467406380026
brown_0.002,1,3,18.0,z250,86757.1875,162234.65625,60877,1038240,0.058634805054707965
brown_0.002,1,3,18.0,z300,75350.140625,139590.375,29022,1038240,0.02795307443365696
brown_0.002,1,3,18.0,z400,59489.546875,93968.8203125,0,1038240,0.0
brown_0.002,1,3,18.0,z500,36299.66015625,76160.0703125,0,1038240,0.0
brown_0.002,1,3,18.0,z600,27016.921875,59367.578125,0,1038240,0.0
brown_0.002,1,3,18.0,z700,12757.4697265625,52276.15625,0,1038240,0.0
brown_0.002,1,3,18.0,z850,1676.8681640625,30501.484375,0,1038240,0.0
brown_0.002,1,3,18.0,z925,-6795.666015625,29020.814453125,0,1038240,0.0
brown_0.002,1,3,18.0,z1000,-13490.30078125,25614.998046875,0,1038240,0.0
brown_0.002,1,3,18.0,t50,-81.05038452148438,580.14208984375,544806,1038240,0.524739944521498
brown_0.002,1,3,18.0,t100,-364.4445495605469,637.9609375,739721,1038240,0.7124759207890276
brown_0.002,1,3,18.0,t150,-92.43333435058594,507.8416748046875,462924,1038240,0.445873786407767
brown_0.002,1,3,18.0,t200,91.26112365722656,459.49609375,156718,1038240,0.15094583140699647
brown_0.002,1,3,18.0,t250,35.622161865234375,353.1912841796875,13807,1038240,0.013298466635845276
brown_0.002,1,3,18.0,t300,155.74838256835938,559.1448364257812,143572,1038240,0.13828401910926183
brown_0.002,1,3,18.0,t400,159.70449829101562,434.865966796875,86141,1038240,0.08296829249499152
brown_0.002,1,3,18.0,t500,182.74569702148438,380.623291015625,92871,1038240,0.0894504160887656
brown_0.002,1,3,18.0,t600,134.96868896484375,437.590576171875,191263,1038240,0.1842184851286793
brown_0.002,1,3,18.0,t700,154.92984008789062,349.3001708984375,2457,1038240,0.002366504854368932
brown_0.002,1,3,18.0,t850,114.81257629394531,391.1432800292969,72557,1038240,0.06988461242102019
brown_0.002,1,3,18.0,t925,-27.3017578125,368.1701965332031,126421,1038240,0.12176471721374633
brown_0.002,1,3,18.0,t1000,-21.57843017578125,350.4764099121094,93099,1038240,0.08967001849283403
brown_0.002,1,3,18.0,q50,-0.003741935594007373,0.002869680058211088,495695,1038240,0.4774377793188473
brown_0.002,1,3,18.0,q100,-0.004621902015060186,0.0041346377693116665,522418,1038240,0.503176529511481
brown_0.002,1,3,18.0,q150,-0.0025222832337021828,0.0027167692314833403,506217,1038240,0.48757223763291724
brown_0.002,1,3,18.0,q200,-0.0009631378343328834,0.005500072613358498,134305,1038240,0.1293583371860071
brown_0.002,1,3,18.0,q250,-0.0020374308805912733,0.01556380931288004,163969,1038240,0.15792976575743567
brown_0.002,1,3,18.0,q300,-0.003819151781499386,0.04376239329576492,163208,1038240,0.15719679457543534
brown_0.002,1,3,18.0,q400,-0.006633069831877947,0.09085454046726227,240738,1038240,0.2318712436430883
brown_0.002,1,3,18.0,q500,-0.013831334188580513,0.12677912414073944,207253,1038240,0.19961954846663585
brown_0.002,1,3,18.0,q600,-0.030742082744836807,0.24423889815807343,367422,1038240,0.3538892741562644
brown_0.002,1,3,18.0,q700,-0.0495678149163723,0.2792416214942932,495709,1038240,0.4774512636769918
brown_0.002,1,3,18.0,q850,-0.05136418342590332,0.3629603385925293,640401,1038240,0.6168140314378179
brown_0.002,1,3,18.0,q925,-0.06828884780406952,0.38245129585266113,667811,1038240,0.6432144783479735
brown_0.002,1,3,18.0,q1000,-0.061271924525499344,0.28384125232696533,654445,1038240,0.6303407689936816
brown_0.002,1,4,24.0,u10m,-170.31234741210938,87.10204315185547,25860,1038240,0.024907535829865927
brown_0.002,1,4,24.0,v10m,-61.13515853881836,118.57624816894531,21515,1038240,0.020722568962860226
brown_0.002,1,4,24.0,u100m,-215.38075256347656,120.45970153808594,58215,1038240,0.056070850670365234
brown_0.002,1,4,24.0,v100m,-52.4523811340332,141.24188232421875,31538,1038240,0.03037640622592079
brown_0.002,1,4,24.0,t2m,-16.533660888671875,326.17779541015625,136149,1038240,0.1311344197873324
brown_0.002,1,4,24.0,sp,-45195.78125,217754.3125,644580,1038240,0.6208391123439667
brown_0.002,1,4,24.0,msl,74519.8359375,151274.25,453061,1038240,0.4363740560949299
brown_0.002,1,4,24.0,tcwv,-93.78295135498047,2053.7392578125,900000,1038240,0.8668515950069348
brown_0.002,1,4,24.0,u50,-690.5427856445312,1187.6761474609375,716274,1038240,0.6898925104022191
brown_0.002,1,4,24.0,u100,-477.23388671875,783.7684936523438,412728,1038240,0.39752658344891356
brown_0.002,1,4,24.0,u150,-250.74713134765625,824.495361328125,611893,1038240,0.5893560255817537
brown_0.002,1,4,24.0,u200,-583.1238403320312,519.3317260742188,419696,1038240,0.40423794113114503
brown_0.002,1,4,24.0,u250,-1151.7650146484375,435.75567626953125,472170,1038240,0.4547792417938049
brown_0.002,1,4,24.0,u300,-768.582275390625,380.14898681640625,464073,1038240,0.4469804669440592
brown_0.002,1,4,24.0,u400,-388.8861083984375,380.344970703125,224281,1038240,0.21602038064416706
brown_0.002,1,4,24.0,u500,-486.48992919921875,266.14471435546875,173560,1038240,0.1671675142548929
brown_0.002,1,4,24.0,u600,-360.7668762207031,202.01116943359375,135456,1038240,0.13046694405917708
brown_0.002,1,4,24.0,u700,-195.23638916015625,222.73703002929688,71020,1038240,0.06840422253043613
brown_0.002,1,4,24.0,u850,-148.00604248046875,173.97811889648438,2702,1038240,0.002602481121898598
brown_0.002,1,4,24.0,u925,-215.38829040527344,152.173828125,8909,1038240,0.008580867622129758
brown_0.002,1,4,24.0,u1000,-215.7606658935547,115.53685760498047,17171,1038240,0.01653856526429342
brown_0.002,1,4,24.0,v50,-175.09732055664062,92.98484802246094,2427,1038240,0.002337609801202034
brown_0.002,1,4,24.0,v100,-159.05426025390625,170.91607666015625,6583,1038240,0.00634053783325628
brown_0.002,1,4,24.0,v150,-297.9290771484375,401.9371337890625,255447,1038240,0.2460384882108183
brown_0.002,1,4,24.0,v200,-227.5795135498047,288.1135559082031,39821,1038240,0.03835433040530128
brown_0.002,1,4,24.0,v250,-116.57066345214844,356.98541259765625,66042,1038240,0.06360957004160887
brown_0.002,1,4,24.0,v300,-125.65789794921875,175.54986572265625,9088,1038240,0.008753274772692249
brown_0.002,1,4,24.0,v400,-132.1690216064453,114.87640380859375,0,1038240,0.0
brown_0.002,1,4,24.0,v500,-91.21541595458984,82.67350006103516,0,1038240,0.0
brown_0.002,1,4,24.0,v600,-81.22412109375,88.44097137451172,0,1038240,0.0
brown_0.002,1,4,24.0,v700,-187.44802856445312,142.70303344726562,19143,1038240,0.018437933425797505
brown_0.002,1,4,24.0,v850,-50.03173828125,127.82191467285156,0,1038240,0.0
brown_0.002,1,4,24.0,v925,-58.219573974609375,171.65493774414062,4461,1038240,0.004296694405917707
brown_0.002,1,4,24.0,v1000,-37.61728286743164,155.05905151367188,1126,1038240,0.001084527662197565
brown_0.002,1,4,24.0,z50,49819.75,361752.9375,739446,1038240,0.712211049468331
brown_0.002,1,4,24.0,z100,131778.203125,225944.46875,218595,1038240,0.210543804900601
brown_0.002,1,4,24.0,z150,106509.6796875,243233.15625,227037,1038240,0.21867487286176607
brown_0.002,1,4,24.0,z200,98042.53125,188764.9375,84620,1038240,0.08150331329942981
brown_0.002,1,4,24.0,z250,85007.125,182156.28125,123128,1038240,0.11859300354445985
brown_0.002,1,4,24.0,z300,74342.3828125,155320.5,82538,1038240,0.0794979966096471
brown_0.002,1,4,24.0,z400,57548.37109375,102991.2265625,0,1038240,0.0
brown_0.002,1,4,24.0,z500,35563.0234375,80696.3125,0,1038240,0.0
brown_0.002,1,4,24.0,z600,25316.87890625,64158.71875,0,1038240,0.0
brown_0.002,1,4,24.0,z700,10774.4453125,56118.703125,0,1038240,0.0
brown_0.002,1,4,24.0,z850,-449.1123046875,35623.578125,0,1038240,0.0
brown_0.002,1,4,24.0,z925,-10233.75,33972.1640625,0,1038240,0.0
brown_0.002,1,4,24.0,z1000,-16683.533203125,31050.69921875,0,1038240,0.0
brown_0.002,1,4,24.0,t50,-169.23208618164062,662.9487915039062,641565,1038240,0.6179351595006934
brown_0.002,1,4,24.0,t100,-464.2978210449219,746.869384765625,810804,1038240,0.7809408229311142
brown_0.002,1,4,24.0,t150,-133.2418670654297,576.2866821289062,554302,1038240,0.53388619201726
brown_0.002,1,4,24.0,t200,76.67684936523438,509.31817626953125,231761,1038240,0.22322488056711356
brown_0.002,1,4,24.0,t250,46.0020751953125,421.35577392578125,68849,1038240,0.06631318384959162
brown_0.002,1,4,24.0,t300,132.33395385742188,645.1064453125,202635,1038240,0.19517163661581138
brown_0.002,1,4,24.0,t400,131.499267578125,507.65960693359375,155446,1038240,0.14972068115272
brown_0.002,1,4,24.0,t500,162.2039794921875,403.305419921875,182325,1038240,0.17560968562182155
brown_0.002,1,4,24.0,t600,145.52659606933594,469.9014587402344,214897,1038240,0.20698200801356142
brown_0.002,1,4,24.0,t700,190.0860137939453,378.83245849609375,25370,1038240,0.024435583294806596
brown_0.002,1,4,24.0,t850,143.9295654296875,393.95513916015625,63647,1038240,0.06130278163045153
brown_0.002,1,4,24.0,t925,1.198944091796875,362.2785949707031,104602,1038240,0.10074934504546156
brown_0.002,1,4,24.0,t1000,-0.718414306640625,340.0247802734375,86634,1038240,0.08344313453536754
brown_0.002,1,4,24.0,q50,-0.0036770999431610107,0.0028202065732330084,495747,1038240,0.4774878640776699
brown_0.002,1,4,24.0,q100,-0.004222102928906679,0.003845011815428734,523921,1038240,0.5046241716751425
brown_0.002,1,4,24.0,q150,-0.0025450203102082014,0.0028893076814711094,500348,1038240,0.48191940206503314
brown_0.002,1,4,24.0,q200,-0.001032153028063476,0.005747149232774973,113246,1038240,0.10907497303128372
brown_0.002,1,4,24.0,q250,-0.0020334268920123577,0.017196286469697952,130067,1038240,0.1252764293419633
brown_0.002,1,4,24.0,q300,-0.0026948112063109875,0.04793548211455345,93930,1038240,0.0904704114655571
brown_0.002,1,4,24.0,q400,-0.006106812972575426,0.10358214378356934,247391,1038240,0.23827920326706734
brown_0.002,1,4,24.0,q500,-0.013361876830458641,0.15525101125240326,253163,1038240,0.24383861149637848
brown_0.002,1,4,24.0,q600,-0.040865205228328705,0.2830547094345093,421899,1038240,0.4063598012020342
brown_0.002,1,4,24.0,q700,-0.05564333125948906,0.32486146688461304,544566,1038240,0.5245087840961628
brown_0.002,1,4,24.0,q850,-0.05521569773554802,0.4055054485797882,674093,1038240,0.6492651024811219
brown_0.002,1,4,24.0,q925,-0.07289174199104309,0.429183691740036,692537,1038240,0.6670297811681307
brown_0.002,1,4,24.0,q1000,-0.06580989062786102,0.34424257278442383,697578,1038240,0.6718851132686084
brown_0.002,1,5,30.0,u10m,-186.4801788330078,99.48420715332031,37502,1038240,0.03612074279550008
brown_0.002,1,5,30.0,v10m,-57.75993347167969,123.26166534423828,25666,1038240,0.024720681152719987
brown_0.002,1,5,30.0,u100m,-230.58103942871094,136.4016876220703,86353,1038240,0.0831724842040376
brown_0.002,1,5,30.0,v100m,-56.19032287597656,140.1618194580078,35215,1038240,0.033917976575743566
brown_0.002,1,5,30.0,t2m,-25.08782958984375,360.47979736328125,160253,1038240,0.15435063183849593
brown_0.002,1,5,30.0,sp,-60326.828125,230211.6875,691402,1038240,0.6659365849899831
brown_0.002,1,5,30.0,msl,66281.3125,158377.03125,554519,1038240,0.5340951995685005
brown_0.002,1,5,30.0,tcwv,-97.9753189086914,2250.21728515625,926887,1038240,0.8927483048235475
brown_0.002,1,5,30.0,u50,-790.065673828125,1315.611572265625,736705,1038240,0.7095710047773155
brown_0.002,1,5,30.0,u100,-570.1384887695312,861.4895629882812,448456,1038240,0.43193866543381104
brown_0.002,1,5,30.0,u150,-270.8580322265625,935.093017578125,599077,1038240,0.577012058868855
brown_0.002,1,5,30.0,u200,-734.4669189453125,607.2470092773438,489545,1038240,0.47151429341963325
brown_0.002,1,5,30.0,u250,-1274.442138671875,513.06201171875,541626,1038240,0.5216770688858068
brown_0.002,1,5,30.0,u300,-835.443359375,427.6144714355469,484199,1038240,0.46636519494529205
brown_0.002,1,5,30.0,u400,-446.0164794921875,428.8896789550781,266499,1038240,0.2566834257975035
brown_0.002,1,5,30.0,u500,-543.8350830078125,312.4888610839844,217910,1038240,0.20988403451995685
brown_0.002,1,5,30.0,u600,-401.2366638183594,240.84524536132812,180679,1038240,0.17402431037139776
brown_0.002,1,5,30.0,u700,-228.9250030517578,243.13385009765625,102309,1038240,0.09854079981507166
brown_0.002,1,5,30.0,u850,-182.5812225341797,195.04483032226562,13839,1038240,0.013329288025889967
brown_0.002,1,5,30.0,u925,-249.6995849609375,154.8072052001953,20008,1038240,0.019271074125443058
brown_0.002,1,5,30.0,u1000,-231.3301544189453,118.08195495605469,24241,1038240,0.02334816612729234
brown_0.002,1,5,30.0,v50,-176.11349487304688,91.1097412109375,2418,1038240,0.002328941285251965
brown_0.002,1,5,30.0,v100,-170.61041259765625,165.29339599609375,8883,1038240,0.008555825242718447
brown_0.002,1,5,30.0,v150,-280.1373291015625,402.5535888671875,253784,1038240,0.24443673909693328
brown_0.002,1,5,30.0,v200,-213.15066528320312,283.1457824707031,33417,1038240,0.032186199722607486
brown_0.002,1,5,30.0,v250,-121.45079803466797,345.1457824707031,58286,1038240,0.05613923562952689
brown_0.002,1,5,30.0,v300,-133.48126220703125,181.3914794921875,10911,1038240,0.01050913083680074
brown_0.002,1,5,30.0,v400,-126.10948181152344,115.0517578125,0,1038240,0.0
brown_0.002,1,5,30.0,v500,-93.66358947753906,80.1912841796875,0,1038240,0.0
brown_0.002,1,5,30.0,v600,-76.03601837158203,81.65187072753906,0,1038240,0.0
brown_0.002,1,5,30.0,v700,-187.99635314941406,138.92282104492188,19196,1038240,0.018488981353059025
brown_0.002,1,5,30.0,v850,-44.80250930786133,136.70237731933594,0,1038240,0.0
brown_0.002,1,5,30.0,v925,-50.494415283203125,188.3482666015625,10027,1038240,0.009657689936816151
brown_0.002,1,5,30.0,v1000,-40.02552795410156,161.26556396484375,3516,1038240,0.003386500231160425
brown_0.002,1,5,30.0,z50,29438.796875,384089.125,772071,1038240,0.7436344197873324
brown_0.002,1,5,30.0,z100,139436.140625,239467.046875,317140,1038240,0.3054592387116659
brown_0.002,1,5,30.0,z150,108976.2578125,265175.96875,280123,1038240,0.2698056326090307
brown_0.002,1,5,30.0,z200,98046.109375,211043.9375,173759,1038240,0.1673591847742333
brown_0.002,1,5,30.0,z250,83569.171875,202038.921875,175069,1038240,0.16862093542918785
brown_0.002,1,5,30.0,z300,72806.515625,170711.75,136922,1038240,0.1318789489905995
brown_0.002,1,5,30.0,z400,55723.828125,112403.3828125,4346,1038240,0.004185930035444599
brown_0.002,1,5,30.0,z500,34812.83203125,85605.4296875,0,1038240,0.0
brown_0.002,1,5,30.0,z600,23894.20703125,68623.5,0,1038240,0.0
brown_0.002,1,5,30.0,z700,9073.486328125,59197.1875,0,1038240,0.0
brown_0.002,1,5,30.0,z850,-3765.201171875,40270.2734375,0,1038240,0.0
brown_0.002,1,5,30.0,z925,-13233.15234375,38577.8203125,0,1038240,0.0
brown_0.002,1,5,30.0,z1000,-20075.125,35522.328125,0,1038240,0.0
brown_0.002,1,5,30.0,t50,-284.5180969238281,731.0166625976562,697644,1038240,0.6719486823855756
brown_0.002,1,5,30.0,t100,-536.4720458984375,838.9190673828125,843259,1038240,0.8122004546155032
brown_0.002,1,5,30.0,t150,-160.39381408691406,632.123779296875,602713,1038240,0.580514139312683
brown_0.002,1,5,30.0,t200,72.95338439941406,546.32958984375,267555,1038240,0.25770053166897827
brown_0.002,1,5,30.0,t250,63.215118408203125,494.98321533203125,105058,1038240,0.1011885498535984
brown_0.002,1,5,30.0,t300,108.7105484008789,719.454345703125,272495,1038240,0.26245858375712744
brown_0.002,1,5,30.0,t400,110.45536804199219,581.1106567382812,249432,1038240,0.2402450300508553
brown_0.002,1,5,30.0,t500,145.14407348632812,443.0364074707031,292300,1038240,0.28153413468947447
brown_0.002,1,5,30.0,t600,136.86074829101562,496.2348327636719,231546,1038240,0.22301779935275082
brown_0.002,1,5,30.0,t700,208.54315185546875,406.4865417480469,58623,1038240,0.056463823393435045
brown_0.002,1,5,30.0,t850,134.4268798828125,393.1949462890625,63534,1038240,0.06119394359685622
brown_0.002,1,5,30.0,t925,44.15301513671875,356.87554931640625,72663,1038240,0.06998670827554322
brown_0.002,1,5,30.0,t1000,39.30006408691406,337.99383544921875,70461,1038240,0.06786581137309293
brown_0.002,1,5,30.0,q50,-0.003612260101363063,0.0027711382135748863,495801,1038240,0.4775398751733703
brown_0.002,1,5,30.0,q100,-0.0038692455273121595,0.0035833653528243303,525337,1038240,0.5059880181846201
brown_0.002,1,5,30.0,q150,-0.002473270520567894,0.0029827230609953403,484974,1038240,0.4671116504854369
brown_0.002,1,5,30.0,q200,-0.0010354246478527784,0.005958529654890299,96585,1038240,0.09302762367082755
brown_0.002,1,5,30.0,q250,-0.0020298282615840435,0.018499355763196945,106687,1038240,0.10275755124056095
brown_0.002,1,5,30.0,q300,-0.0021587915252894163,0.050909485667943954,53154,1038240,0.05119625520110957
brown_0.002,1,5,30.0,q400,-0.005404905416071415,0.11283225566148758,258887,1038240,0.2493517876406226
brown_0.002,1,5,30.0,q500,-0.012621117755770683,0.1749085634946823,276540,1038240,0.26635460009246414
brown_0.002,1,5,30.0,q600,-0.047322507947683334,0.30668359994888306,484513,1038240,0.46666762983510557
brown_0.002,1,5,30.0,q700,-0.06017688661813736,0.358278751373291,584837,1038240,0.5632965402989675
brown_0.002,1,5,30.0,q850,-0.05530315637588501,0.43964871764183044,682893,1038240,0.6577409847434119
brown_0.002,1,5,30.0,q925,-0.0735216960310936,0.46410447359085083,706106,1038240,0.6800990137155186
brown_0.002,1,5,30.0,q1000,-0.06695659458637238,0.3928104043006897,725422,1038240,0.6987035752812452
brown_0.002,1,6,36.0,u10m,-197.35459899902344,112.2425765991211,47469,1038240,0.04572064262598243
brown_0.002,1,6,36.0,v10m,-56.02188491821289,132.22564697265625,30404,1038240,0.029284173216212052
brown_0.002,1,6,36.0,u100m,-240.26544189453125,150.5616912841797,113470,1038240,0.10929072276159654
brown_0.002,1,6,36.0,v100m,-62.502296447753906,145.15435791015625,39043,1038240,0.03760498535983973
brown_0.002,1,6,36.0,t2m,-27.246978759765625,405.9340515136719,233614,1038240,0.22500963168438898
brown_0.002,1,6,36.0,sp,-71600.765625,238697.84375,724465,1038240,0.6977818230852212
brown_0.002,1,6,36.0,msl,59011.765625,163814.671875,623471,1038240,0.6005075897672985
brown_0.002,1,6,36.0,tcwv,-113.29753112792969,2398.082275390625,940096,1038240,0.9054707967329326
brown_0.002,1,6,36.0,u50,-878.4465942382812,1393.88720703125,747897,1038240,0.7203507859454461
brown_0.002,1,6,36.0,u100,-662.0028076171875,914.7570190429688,482749,1038240,0.46496860070889195
brown_0.002,1,6,36.0,u150,-371.0837097167969,1022.1082153320312,586239,1038240,0.5646469024503005
brown_0.002,1,6,36.0,u200,-855.831787109375,686.1976318359375,540838,1038240,0.5209180921559562
brown_0.002,1,6,36.0,u250,-1404.2060546875,580.1871337890625,591964,1038240,0.5701610417629835
brown_0.002,1,6,36.0,u300,-902.49462890625,471.8633728027344,492991,1038240,0.4748333718600709
brown_0.002,1,6,36.0,u400,-506.1022644042969,466.6159973144531,302735,1038240,0.29158479734936044
brown_0.002,1,6,36.0,u500,-599.6484985351562,345.80633544921875,252794,1038240,0.24348320234242565
brown_0.002,1,6,36.0,u600,-435.8479309082031,273.2520751953125,212518,1038240,0.2046906302974264
brown_0.002,1,6,36.0,u700,-256.7587585449219,260.24603271484375,127389,1038240,0.12269706426259824
brown_0.002,1,6,36.0,u850,-206.9175262451172,213.208251953125,31839,1038240,0.030666319926028664
brown_0.002,1,6,36.0,u925,-273.31048583984375,165.9730987548828,31581,1038240,0.03041782246879334
brown_0.002,1,6,36.0,u1000,-241.4523162841797,120.05013275146484,29186,1038240,0.028111034057636
brown_0.002,1,6,36.0,v50,-173.7864227294922,88.68272399902344,1959,1038240,0.0018868469717984282
brown_0.002,1,6,36.0,v100,-178.57806396484375,158.44931030273438,6397,1038240,0.006161388503621514
brown_0.002,1,6,36.0,v150,-277.11029052734375,391.6082763671875,253201,1038240,0.24387521189705655
brown_0.002,1,6,36.0,v200,-198.8382568359375,267.72418212890625,31701,1038240,0.030533402681460934
brown_0.002,1,6,36.0,v250,-127.6608657836914,329.68658447265625,59443,1038240,0.05725362151333025
brown_0.002,1,6,36.0,v300,-134.72470092773438,180.2431640625,8827,1038240,0.008501887810140238
brown_0.002,1,6,36.0,v400,-122.47956085205078,113.35099792480469,0,1038240,0.0
brown_0.002,1,6,36.0,v500,-93.49351501464844,80.15890502929688,0,1038240,0.0
brown_0.002,1,6,36.0,v600,-72.65756225585938,81.66661071777344,0,1038240,0.0
brown_0.002,1,6,36.0,v700,-190.60333251953125,132.9169921875,18887,1038240,0.018191362305439975
brown_0.002,1,6,36.0,v850,-41.296974182128906,144.1817626953125,0,1038240,0.0
brown_0.002,1,6,36.0,v925,-46.786376953125,201.7840118408203,13912,1038240,0.013399599321929419
brown_0.002,1,6,36.0,v1000,-41.56594467163086,164.27642822265625,6386,1038240,0.006150793650793651
brown_0.002,1,6,36.0,z50,12860.265625,403522.75,798836,1038240,0.7694136230543998
brown_0.002,1,6,36.0,z100,144784.671875,254358.25,397671,1038240,0.3830241562644475
brown_0.002,1,6,36.0,z150,109822.953125,286528.1875,315216,1038240,0.30360610263522886
brown_0.002,1,6,36.0,z200,97741.7109375,232831.984375,255440,1038240,0.24603174603174602
brown_0.002,1,6,36.0,z250,82597.859375,221015.65625,228289,1038240,0.2198807597472646
brown_0.002,1,6,36.0,z300,71647.71875,185772.171875,178075,1038240,0.17151621975651102
brown_0.002,1,6,36.0,z400,54108.95703125,121636.359375,50236,1038240,0.04838572969640931
brown_0.002,1,6,36.0,z500,34178.1875,90335.234375,0,1038240,0.0
brown_0.002,1,6,36.0,z600,22747.728515625,72762.265625,0,1038240,0.0
brown_0.002,1,6,36.0,z700,6948.591796875,62145.09375,0,1038240,0.0
brown_0.002,1,6,36.0,z850,-6624.3046875,44422.6640625,0,1038240,0.0
brown_0.002,1,6,36.0,z925,-15823.87890625,42623.24609375,0,1038240,0.0
brown_0.002,1,6,36.0,z1000,-24427.263671875,39269.234375,0,1038240,0.0
brown_0.002,1,6,36.0,t50,-393.8372802734375,786.5338745117188,737258,1038240,0.7101036369240252
brown_0.002,1,6,36.0,t100,-589.2794189453125,917.4501953125,863084,1038240,0.8312952689166282
brown_0.002,1,6,36.0,t150,-172.5591583251953,679.3181762695312,629858,1038240,0.6066593465865311
brown_0.002,1,6,36.0,t200,82.14671325683594,571.4388427734375,279358,1038240,0.26906880875327477
brown_0.002,1,6,36.0,t250,84.00636291503906,572.2998657226562,145365,1038240,0.1400109801202034
brown_0.002,1,6,36.0,t300,84.98757934570312,786.017578125,353688,1038240,0.3406611188164586
brown_0.002,1,6,36.0,t400,95.11909484863281,649.6572265625,358710,1038240,0.34549815071659734
brown_0.002,1,6,36.0,t500,132.05804443359375,494.013427734375,375817,1038240,0.36197507320080136
brown_0.002,1,6,36.0,t600,125.69784545898438,518.1790771484375,289186,1038240,0.2785348281707505
brown_0.002,1,6,36.0,t700,201.06436157226562,431.27374267578125,105467,1038240,0.1015824857451071
brown_0.002,1,6,36.0,t850,128.8484649658203,389.8268737792969,107809,1038240,0.10383822622900293
brown_0.002,1,6,36.0,t925,93.80792236328125,357.25897216796875,37108,1038240,0.03574125443057482
brown_0.002,1,6,36.0,t1000,87.98149108886719,338.8234558105469,48464,1038240,0.046678995222684545
brown_0.002,1,6,36.0,q50,-0.0035502517130225897,0.0027230686973780394,495841,1038240,0.4775784019109262
brown_0.002,1,6,36.0,q100,-0.003556072013452649,0.003344037802889943,526813,1038240,0.5074096548004315
brown_0.002,1,6,36.0,q150,-0.002358176978304982,0.0029833053704351187,475772,1038240,0.45824857451071044
brown_0.002,1,6,36.0,q200,-0.0010273479856550694,0.006185485050082207,85069,1038240,0.08193577592849438
brown_0.002,1,6,36.0,q250,-0.0020594692323356867,0.019666513428092003,93394,1038240,0.08995415318230852
brown_0.002,1,6,36.0,q300,-0.0014764716615900397,0.0532073937356472,31945,1038240,0.030768415780551703
brown_0.002,1,6,36.0,q400,-0.00491970032453537,0.11933361738920212,264554,1038240,0.2548100631838496
brown_0.002,1,6,36.0,q500,-0.011948293074965477,0.18741852045059204,287571,1038240,0.2769793111419325
brown_0.002,1,6,36.0,q600,-0.05203154310584068,0.3222295939922333,547887,1038240,0.5277074664817383
brown_0.002,1,6,36.0,q700,-0.06567250192165375,0.3844664692878723,616951,1038240,0.5942277315456928
brown_0.002,1,6,36.0,q850,-0.053457748144865036,0.4685453176498413,699583,1038240,0.6738162659885961
brown_0.002,1,6,36.0,q925,-0.07280948758125305,0.4938281774520874,719434,1038240,0.6929361226691324
brown_0.002,1,6,36.0,q1000,-0.06570728123188019,0.4334944486618042,750634,1038240,0.7229869779627062
brown_0.002,1,7,42.0,u10m,-207.67893981933594,122.9708251953125,58742,1038240,0.05657844043766374
brown_0.002,1,7,42.0,v10m,-55.041015625,140.38868713378906,34036,1038240,0.03278240098628448
brown_0.002,1,7,42.0,u100m,-250.76675415039062,161.7125244140625,141016,1038240,0.13582216057944213
brown_0.002,1,7,42.0,v100m,-67.59614562988281,149.49154663085938,41731,1038240,0.04019398212359378
brown_0.002,1,7,42.0,t2m,-24.87347412109375,453.9928894042969,320921,1038240,0.30910097857913393
brown_0.002,1,7,42.0,sp,-79806.359375,244068.078125,740920,1038240,0.7136307597472646
brown_0.002,1,7,42.0,msl,52315.3125,167840.890625,675311,1038240,0.650438241639698
brown_0.002,1,7,42.0,tcwv,-125.90769958496094,2517.88916015625,949536,1038240,0.9145631067961165
brown_0.002,1,7,42.0,u50,-964.1968383789062,1431.3941650390625,752657,1038240,0.7249354677145939
brown_0.002,1,7,42.0,u100,-756.5299072265625,947.4633178710938,513983,1038240,0.4950522037293882
brown_0.002,1,7,42.0,u150,-489.9902648925781,1087.259033203125,588259,1038240,0.5665925026968717
brown_0.002,1,7,42.0,u200,-993.9310913085938,758.5587768554688,583948,1038240,0.5624402835567884
brown_0.002,1,7,42.0,u250,-1514.4407958984375,640.6492309570312,624420,1038240,0.6014216366158114
brown_0.002,1,7,42.0,u300,-966.8203125,510.9873962402344,502593,1038240,0.484081715210356
brown_0.002,1,7,42.0,u400,-561.3451538085938,495.6367492675781,333236,1038240,0.3209623979041455
brown_0.002,1,7,42.0,u500,-652.8001098632812,374.39501953125,280567,1038240,0.27023327939590075
brown_0.002,1,7,42.0,u600,-466.5039367675781,297.3959045410156,234435,1038240,0.22580039297272306
brown_0.002,1,7,42.0,u700,-281.9587707519531,272.6820373535156,147143,1038240,0.14172349360456157
brown_0.002,1,7,42.0,u850,-226.5293426513672,229.00137329101562,54716,1038240,0.05270072430266605
brown_0.002,1,7,42.0,u925,-291.90850830078125,177.9444580078125,44961,1038240,0.043305016181229776
brown_0.002,1,7,42.0,u1000,-250.88742065429688,124.09017944335938,33411,1038240,0.03218042071197411
brown_0.002,1,7,42.0,v50,-168.08245849609375,83.90863800048828,1322,1038240,0.0012733086762212976
brown_0.002,1,7,42.0,v100,-185.92283630371094,150.3060760498047,3950,1038240,0.003804515333641547
brown_0.002,1,7,42.0,v150,-276.9512023925781,389.5798645019531,252196,1038240,0.24290722761596548
brown_0.002,1,7,42.0,v200,-187.9928741455078,245.95318603515625,42054,1038240,0.040505085529357374
brown_0.002,1,7,42.0,v250,-128.85336303710938,310.9977111816406,59922,1038240,0.05771497919556172
brown_0.002,1,7,42.0,v300,-135.02108764648438,169.49551391601562,5188,1038240,0.004996917860995531
brown_0.002,1,7,42.0,v400,-116.9854965209961,110.91868591308594,0,1038240,0.0
brown_0.002,1,7,42.0,v500,-91.30738067626953,79.28518676757812,0,1038240,0.0
brown_0.002,1,7,42.0,v600,-71.64202117919922,82.88668823242188,0,1038240,0.0
brown_0.002,1,7,42.0,v700,-191.72946166992188,126.47756958007812,18002,1038240,0.017338958237016488
brown_0.002,1,7,42.0,v850,-41.3471565246582,151.14707946777344,63,1038240,6.0679611650485434e-05
brown_0.002,1,7,42.0,v925,-44.30194854736328,211.25587463378906,16008,1038240,0.01541840036985668
brown_0.002,1,7,42.0,v1000,-42.43672180175781,169.94247436523438,8172,1038240,0.007871012482662969
brown_0.002,1,7,42.0,z50,-829.875,420579.0625,820679,1038240,0.7904521112652181
brown_0.002,1,7,42.0,z100,144544.03125,271034.0625,476018,1038240,0.45848551394667897
brown_0.002,1,7,42.0,z150,110072.1953125,307747.9375,350481,1038240,0.33757223763291727
brown_0.002,1,7,42.0,z200,97119.09375,253783.53125,320300,1038240,0.30850285097857916
brown_0.002,1,7,42.0,z250,81936.2890625,239057.71875,278973,1038240,0.2686979889042996
brown_0.002,1,7,42.0,z300,70762.359375,200131.3125,215598,1038240,0.20765718908922792
brown_0.002,1,7,42.0,z400,52704.125,130386.2890625,86787,1038240,0.08359049930651873
brown_0.002,1,7,42.0,z500,33755.84375,94889.53125,333,1038240,0.00032073509015256586
brown_0.002,1,7,42.0,z600,20783.80859375,76588.6953125,0,1038240,0.0
brown_0.002,1,7,42.0,z700,5242.626953125,64876.6953125,0,1038240,0.0
brown_0.002,1,7,42.0,z850,-9064.173828125,47990.265625,0,1038240,0.0
brown_0.002,1,7,42.0,z925,-18968.439453125,46103.4375,0,1038240,0.0
brown_0.002,1,7,42.0,z1000,-29590.95703125,42260.30859375,2384,1038240,0.0022961935583294805
brown_0.002,1,7,42.0,t50,-495.49578857421875,831.6170043945312,762610,1038240,0.7345218831869317
brown_0.002,1,7,42.0,t100,-634.6912841796875,984.3809814453125,876686,1038240,0.8443962860224996
brown_0.002,1,7,42.0,t150,-173.60435485839844,717.30224609375,643445,1038240,0.6197459161658191
brown_0.002,1,7,42.0,t200,101.82538604736328,582.5906982421875,260381,1038240,0.2507907612883341
brown_0.002,1,7,42.0,t250,88.84719848632812,647.58740234375,213887,1038240,0.20600920789027585
brown_0.002,1,7,42.0,t300,64.53561401367188,847.4281616210938,429835,1038240,0.4140035059331176
brown_0.002,1,7,42.0,t400,84.33450317382812,712.614013671875,439816,1038240,0.42361689012174447
brown_0.002,1,7,42.0,t500,122.72044372558594,542.534912109375,433764,1038240,0.4177877947295423
brown_0.002,1,7,42.0,t600,117.82015991210938,536.7269287109375,367702,1038240,0.3541589613191555
brown_0.002,1,7,42.0,t700,188.89028930664062,453.30474853515625,212953,1038240,0.20510960856834642
brown_0.002,1,7,42.0,t850,127.35792541503906,415.3247375488281,224388,1038240,0.216123439667129
brown_0.002,1,7,42.0,t925,108.5865478515625,357.7709655761719,16597,1038240,0.015985706580366774
brown_0.002,1,7,42.0,t1000,94.6708984375,344.1063537597656,28367,1038240,0.02732219910617969
brown_0.002,1,7,42.0,q50,-0.0034882272593677044,0.002676411299034953,495888,1038240,0.4776236708275543
brown_0.002,1,7,42.0,q100,-0.0032719953451305628,0.0031251544132828712,528393,1038240,0.5089314609338881
brown_0.002,1,7,42.0,q150,-0.002220908412709832,0.0029383853543549776,466630,1038240,0.44944328864231775
brown_0.002,1,7,42.0,q200,-0.001013721339404583,0.006397199351340532,77565,1038240,0.07470815996301433
brown_0.002,1,7,42.0,q250,-0.002124978695064783,0.020652897655963898,85497,1038240,0.08234801202034212
brown_0.002,1,7,42.0,q300,-0.0009523587068542838,0.05499523505568504,19980,1038240,0.01924410540915395
brown_0.002,1,7,42.0,q400,-0.004893697798252106,0.12393173575401306,265319,1038240,0.2555468870396055
brown_0.002,1,7,42.0,q500,-0.012574071064591408,0.1963592916727066,305777,1038240,0.2945147557404839
brown_0.002,1,7,42.0,q600,-0.05532810837030411,0.33350810408592224,597656,1038240,0.5756433965171829
brown_0.002,1,7,42.0,q700,-0.06955058127641678,0.4042472541332245,649267,1038240,0.625353482817075
brown_0.002,1,7,42.0,q850,-0.05138823017477989,0.4930221438407898,725683,1038240,0.6989549622437972
brown_0.002,1,7,42.0,q925,-0.06995774060487747,0.52298504114151,739266,1038240,0.7120376791493296
brown_0.002,1,7,42.0,q1000,-0.0628175213932991,0.4725181460380554,770878,1038240,0.7424853598397287
brown_0.002,1,8,48.0,u10m,-217.7122039794922,131.9263153076172,69390,1038240,0.06683425797503467
brown_0.002,1,8,48.0,v10m,-53.73910140991211,146.7327117919922,36249,1038240,0.03491389274156265
brown_0.002,1,8,48.0,u100m,-261.7899475097656,170.14981079101562,159554,1038240,0.1536773770997072
brown_0.002,1,8,48.0,v100m,-70.90106201171875,152.88796997070312,43104,1038240,0.0415164123901988
brown_0.002,1,8,48.0,t2m,-18.820343017578125,499.26904296875,361581,1038240,0.3482634073046694
brown_0.002,1,8,48.0,sp,-85267.84375,246954.34375,748128,1038240,0.7205732778548313
brown_0.002,1,8,48.0,msl,46104.50390625,170610.625,706421,1038240,0.680402411773771
brown_0.002,1,8,48.0,tcwv,-133.85708618164062,2622.7158203125,958553,1038240,0.9232479966096471
brown_0.002,1,8,48.0,u50,-1042.9549560546875,1435.932373046875,755732,1038240,0.727897210664201
brown_0.002,1,8,48.0,u100,-846.25927734375,976.339111328125,547337,1038240,0.5271777238403452
brown_0.002,1,8,48.0,u150,-594.5511474609375,1137.5162353515625,590711,1038240,0.568954191709046
brown_0.002,1,8,48.0,u200,-1107.6480712890625,821.57666015625,616626,1038240,0.5939147018030513
brown_0.002,1,8,48.0,u250,-1604.5328369140625,692.98193359375,645698,1038240,0.6219159346586531
brown_0.002,1,8,48.0,u300,-1025.182373046875,545.834716796875,512033,1038240,0.4931740252735398
brown_0.002,1,8,48.0,u400,-617.4969482421875,517.5521850585938,358193,1038240,0.34500019263368775
brown_0.002,1,8,48.0,u500,-700.000732421875,400.10406494140625,305062,1038240,0.29382609030667284
brown_0.002,1,8,48.0,u600,-495.19573974609375,312.21697998046875,249941,1038240,0.24073528278625367
brown_0.002,1,8,48.0,u700,-306.90606689453125,283.3985900878906,163503,1038240,0.15748092926490984
brown_0.002,1,8,48.0,u850,-243.95285034179688,239.56396484375,79312,1038240,0.07639081522576668
brown_0.002,1,8,48.0,u925,-308.9986267089844,187.41688537597656,54034,1038240,0.052043843427338574
brown_0.002,1,8,48.0,u1000,-259.90936279296875,133.83282470703125,36239,1038240,0.03490426105717368
brown_0.002,1,8,48.0,v50,-159.25669860839844,83.61653900146484,345,1038240,0.000332293111419325
brown_0.002,1,8,48.0,v100,-194.3787841796875,143.57740783691406,4880,1038240,0.00470026198181538
brown_0.002,1,8,48.0,v150,-272.8968505859375,386.7191162109375,251529,1038240,0.24226479426722144
brown_0.002,1,8,48.0,v200,-184.24533081054688,222.79100036621094,46754,1038240,0.04503197719217137
brown_0.002,1,8,48.0,v250,-125.89350128173828,292.7298583984375,64316,1038240,0.06194714131607335
brown_0.002,1,8,48.0,v300,-134.4404296875,157.23794555664062,927,1038240,0.0008928571428571428
brown_0.002,1,8,48.0,v400,-111.248779296875,108.91353607177734,0,1038240,0.0
brown_0.002,1,8,48.0,v500,-87.85140991210938,82.39859008789062,0,1038240,0.0
brown_0.002,1,8,48.0,v600,-72.40924072265625,82.68891143798828,0,1038240,0.0
brown_0.002,1,8,48.0,v700,-191.3107452392578,120.30104064941406,16970,1038240,0.016344968408075203
brown_0.002,1,8,48.0,v850,-40.781402587890625,155.54733276367188,613,1038240,0.0005904222530436123
brown_0.002,1,8,48.0,v925,-41.89673614501953,217.30169677734375,17171,1038240,0.01653856526429342
brown_0.002,1,8,48.0,v1000,-42.84709930419922,176.2164764404297,8907,1038240,0.008578941285251964
brown_0.002,1,8,48.0,z50,-12143.875,435730.1875,835690,1038240,0.8049102327014949
brown_0.002,1,8,48.0,z100,143301.0625,288194.8125,542964,1038240,0.5229657882570504
brown_0.002,1,8,48.0,z150,108164.421875,328715.5,406371,1038240,0.39140372168284787
brown_0.002,1,8,48.0,z200,95755.6171875,273808.78125,374640,1038240,0.36084142394822005
brown_0.002,1,8,48.0,z250,81479.8125,256111.046875,332229,1038240,0.31999248728617663
brown_0.002,1,8,48.0,z300,70142.96875,213740.5625,261368,1038240,0.251741408537525
brown_0.002,1,8,48.0,z400,51432.61328125,140195.5,132596,1038240,0.1277122823239328
brown_0.002,1,8,48.0,z500,32389.982421875,99702.84375,22757,1038240,0.021918824163969796
brown_0.002,1,8,48.0,z600,17683.888671875,80174.28125,0,1038240,0.0
brown_0.002,1,8,48.0,z700,3202.470703125,67364.2890625,0,1038240,0.0
brown_0.002,1,8,48.0,z850,-11083.845703125,50910.265625,0,1038240,0.0
brown_0.002,1,8,48.0,z925,-22190.537109375,48924.21484375,1747,1038240,0.0016826552627523502
brown_0.002,1,8,48.0,z1000,-34594.8046875,45163.36328125,7101,1038240,0.006839459084604716
brown_0.002,1,8,48.0,t50,-587.864990234375,866.8866577148438,783576,1038240,0.7547156726768377
brown_0.002,1,8,48.0,t100,-671.8177490234375,1039.643798828125,889299,1038240,0.8565447295423023
brown_0.002,1,8,48.0,t150,-166.44679260253906,746.3688354492188,650560,1038240,0.6265988596085683
brown_0.002,1,8,48.0,t200,116.2398910522461,584.3627319335938,245325,1038240,0.236289297272307
brown_0.002,1,8,48.0,t250,82.04397583007812,718.3522338867188,292123,1038240,0.2813636538757898
brown_0.002,1,8,48.0,t300,46.85578918457031,904.48291015625,480356,1038240,0.4626637386346124
brown_0.002,1,8,48.0,t400,76.95101928710938,770.691162109375,492555,1038240,0.474413430420712
brown_0.002,1,8,48.0,t500,116.60446166992188,587.98291015625,480912,1038240,0.46319926028663894
brown_0.002,1,8,48.0,t600,113.80088806152344,553.0050048828125,440689,1038240,0.4244577361689012
brown_0.002,1,8,48.0,t700,179.32366943359375,472.147705078125,298847,1038240,0.2878399984589305
brown_0.002,1,8,48.0,t850,129.7049560546875,465.32635498046875,293011,1038240,0.28221894744952997
brown_0.002,1,8,48.0,t925,105.39328002929688,358.99566650390625,19476,1038240,0.01875866851595007
brown_0.002,1,8,48.0,t1000,93.06828308105469,353.9490051269531,31899,1038240,0.03072411003236246
brown_0.002,1,8,48.0,q50,-0.0034290137700736523,0.0026297548320144415,495922,1038240,0.4776564185544768
brown_0.002,1,8,48.0,q100,-0.003010832704603672,0.0029249475337564945,529131,1038240,0.5096422792417938
brown_0.002,1,8,48.0,q150,-0.0020782039500772953,0.002872483804821968,456734,1038240,0.43991177377099705
brown_0.002,1,8,48.0,q200,-0.0010089250281453133,0.006592464167624712,75689,1038240,0.07290125597164432
brown_0.002,1,8,48.0,q250,-0.0022240537218749523,0.021515674889087677,80042,1038240,0.07709392818616119
brown_0.002,1,8,48.0,q300,-0.0004959102952852845,0.056463275104761124,16567,1038240,0.015956811527199875
brown_0.002,1,8,48.0,q400,-0.004974547307938337,0.12743869423866272,264960,1038240,0.2552011095700416
brown_0.002,1,8,48.0,q500,-0.012972084805369377,0.2030796855688095,330490,1038240,0.31831753737093543
brown_0.002,1,8,48.0,q600,-0.059688277542591095,0.34161731600761414,632683,1038240,0.609380297426414
brown_0.002,1,8,48.0,q700,-0.0749678909778595,0.4194192588329315,678938,1038240,0.6539316535675759
brown_0.002,1,8,48.0,q850,-0.04865812882781029,0.5139726400375366,744531,1038240,0.7171087609801202
brown_0.002,1,8,48.0,q925,-0.06699579209089279,0.5511375665664673,757862,1038240,0.7299487594390507
brown_0.002,1,8,48.0,q1000,-0.0587172694504261,0.5079928040504456,794837,1038240,0.7655619124672522
brown_0.002,1,9,54.0,u10m,-226.14593505859375,138.89520263671875,79106,1038240,0.07619240252735399
brown_0.002,1,9,54.0,v10m,-52.35499572753906,151.34814453125,37829,1038240,0.03643569887501926
brown_0.002,1,9,54.0,u100m,-271.93841552734375,176.0281219482422,170952,1038240,0.16465557096625058
brown_0.002,1,9,54.0,v100m,-72.49653625488281,158.95921325683594,43575,1038240,0.04197006472491909
brown_0.002,1,9,54.0,t2m,-10.370147705078125,542.8590087890625,395354,1038240,0.3807924949915241
brown_0.002,1,9,54.0,sp,-88637.25,247797.0625,749818,1038240,0.7222010325165665
brown_0.002,1,9,54.0,msl,41101.953125,172273.890625,723907,1038240,0.6972443750963169
brown_0.002,1,9,54.0,tcwv,-139.59169006347656,2708.310546875,966768,1038240,0.9311604253351826
brown_0.002,1,9,54.0,u50,-1115.53076171875,1415.129150390625,756520,1038240,0.7286561873940515
brown_0.002,1,9,54.0,u100,-930.32421875,1009.1559448242188,580959,1038240,0.5595613730929265
brown_0.002,1,9,54.0,u150,-689.8059692382812,1191.32666015625,596513,1038240,0.5745424949915241
brown_0.002,1,9,54.0,u200,-1205.0653076171875,874.1729736328125,645849,1038240,0.6220613730929265
brown_0.002,1,9,54.0,u250,-1677.0750732421875,738.7156372070312,661442,1038240,0.6370800585606411
brown_0.002,1,9,54.0,u300,-1075.7122802734375,576.0735473632812,520325,1038240,0.5011606179688703
brown_0.002,1,9,54.0,u400,-667.1400756835938,533.4423828125,375528,1038240,0.36169671752196025
brown_0.002,1,9,54.0,u500,-739.2738037109375,418.101806640625,323717,1038240,0.31179399753428877
brown_0.002,1,9,54.0,u600,-522.2910766601562,318.1604919433594,260184,1038240,0.25060101710587146
brown_0.002,1,9,54.0,u700,-330.6695556640625,291.5911865234375,174057,1038240,0.1676462089690245
brown_0.002,1,9,54.0,u850,-259.5751647949219,245.9598388671875,99346,1038240,0.09568693173062105
brown_0.002,1,9,54.0,u925,-323.4311828613281,195.48220825195312,62086,1038240,0.059799275697333946
brown_0.002,1,9,54.0,u1000,-268.5110168457031,142.0650634765625,38286,1038240,0.03687586685159501
brown_0.002,1,9,54.0,v50,-148.92965698242188,83.24922180175781,0,1038240,0.0
brown_0.002,1,9,54.0,v100,-204.33123779296875,138.5603485107422,6504,1038240,0.006264447526583449
brown_0.002,1,9,54.0,v150,-269.021484375,381.4939880371094,251928,1038240,0.24264909847434118
brown_0.002,1,9,54.0,v200,-182.7762908935547,212.21316528320312,44522,1038240,0.04288218523655417
brown_0.002,1,9,54.0,v250,-121.4747085571289,277.6580810546875,70761,1038240,0.0681547619047619
brown_0.002,1,9,54.0,v300,-133.4405059814453,154.8236541748047,188,1038240,0.0001810756665125597
brown_0.002,1,9,54.0,v400,-108.2601547241211,107.30836486816406,0,1038240,0.0
brown_0.002,1,9,54.0,v500,-84.35993194580078,85.72560119628906,0,1038240,0.0
brown_0.002,1,9,54.0,v600,-72.84925842285156,81.59538269042969,0,1038240,0.0
brown_0.002,1,9,54.0,v700,-190.4411163330078,115.17045593261719,15907,1038240,0.015321120357528124
brown_0.002,1,9,54.0,v850,-39.75161361694336,157.32632446289062,820,1038240,0.0007897981198952072
brown_0.002,1,9,54.0,v925,-39.30490493774414,221.5490264892578,18046,1038240,0.01738133764832794
brown_0.002,1,9,54.0,v1000,-42.67894744873047,180.7496337890625,9166,1038240,0.008828401910926183
brown_0.002,1,9,54.0,z50,-21131.625,449278.71875,845673,1038240,0.8145255432269995
brown_0.002,1,9,54.0,z100,142153.0,305462.34375,601667,1038240,0.5795066651255971
brown_0.002,1,9,54.0,z150,106086.375,348976.5625,464202,1038240,0.44710471567267684
brown_0.002,1,9,54.0,z200,94088.59375,292809.4375,426289,1038240,0.41058811064879025
brown_0.002,1,9,54.0,z250,79862.421875,272087.40625,378321,1038240,0.3643868469717984
brown_0.002,1,9,54.0,z300,68539.484375,226974.828125,311547,1038240,0.30007223763291724
brown_0.002,1,9,54.0,z400,49276.7265625,149702.28125,168106,1038240,0.16191439358915088
brown_0.002,1,9,54.0,z500,29573.84375,106145.5625,73526,1038240,0.07081792263831099
brown_0.002,1,9,54.0,z600,14652.072265625,83588.6328125,3954,1038240,0.0038083680073971336
brown_0.002,1,9,54.0,z700,530.4296875,69629.6484375,478,1038240,0.00046039451379257206
brown_0.002,1,9,54.0,z850,-12678.869140625,53241.02734375,0,1038240,0.0
brown_0.002,1,9,54.0,z925,-25106.044921875,51113.63671875,4482,1038240,0.004316920943134535
brown_0.002,1,9,54.0,z1000,-38838.93359375,47366.91015625,11737,1038240,0.011304707967329327
brown_0.002,1,9,54.0,t50,-671.0968627929688,893.365234375,797162,1038240,0.7678012790876868
brown_0.002,1,9,54.0,t100,-702.097900390625,1084.2659912109375,896321,1038240,0.8633080983202343
brown_0.002,1,9,54.0,t150,-153.3295440673828,768.23291015625,650566,1038240,0.6266046386192017
brown_0.002,1,9,54.0,t200,130.8160858154297,579.9929809570312,233687,1038240,0.2250799429804284
brown_0.002,1,9,54.0,t250,76.40386962890625,782.8202514648438,349515,1038240,0.33664181692094314
brown_0.002,1,9,54.0,t300,30.358078002929688,957.5907592773438,520418,1038240,0.5012501926336878
brown_0.002,1,9,54.0,t400,72.93936157226562,824.3838500976562,530912,1038240,0.5113576822314686
brown_0.002,1,9,54.0,t500,113.8681640625,630.2603759765625,511404,1038240,0.4925681923254739
brown_0.002,1,9,54.0,t600,112.72232055664062,566.9234008789062,484718,1038240,0.46686507936507937
brown_0.002,1,9,54.0,t700,171.52825927734375,507.2540283203125,354808,1038240,0.3417398674680228
brown_0.002,1,9,54.0,t850,135.51255798339844,513.544677734375,331107,1038240,0.31891181229773463
brown_0.002,1,9,54.0,t925,105.61019897460938,365.40264892578125,30470,1038240,0.029347742333179227
brown_0.002,1,9,54.0,t1000,93.73715209960938,362.84429931640625,38506,1038240,0.03708776390815226
brown_0.002,1,9,54.0,q50,-0.0033697900362312794,0.002584518864750862,495964,1038240,0.47769687162891045
brown_0.002,1,9,54.0,q100,-0.002772740088403225,0.002741596195846796,528871,1038240,0.5093918554476807
brown_0.002,1,9,54.0,q150,-0.0019351840019226074,0.002798105590045452,446992,1038240,0.4305285868392664
brown_0.002,1,9,54.0,q200,-0.001062745344825089,0.006759094540029764,73485,1038240,0.07077843273231622
brown_0.002,1,9,54.0,q250,-0.002370958449319005,0.022257259115576744,76005,1038240,0.07320561719833564
brown_0.002,1,9,54.0,q300,-0.0006106783403083682,0.05769321322441101,23949,1038240,0.023066920943134537
brown_0.002,1,9,54.0,q400,-0.005081978626549244,0.13035258650779724,264245,1038240,0.25451244413623053
brown_0.002,1,9,54.0,q500,-0.013118516653776169,0.20821987092494965,356863,1038240,0.3437191786099553
brown_0.002,1,9,54.0,q600,-0.06729381531476974,0.3476504981517792,660461,1038240,0.6361351903220835
brown_0.002,1,9,54.0,q700,-0.08254023641347885,0.4311285614967346,707697,1038240,0.6816314147018031
brown_0.002,1,9,54.0,q850,-0.0464986115694046,0.5318595767021179,758913,1038240,0.7309610494683311
brown_0.002,1,9,54.0,q925,-0.06360095739364624,0.5768279433250427,767840,1038240,0.7395592541223609
brown_0.002,1,9,54.0,q1000,-0.053233034908771515,0.5391820073127747,806990,1038240,0.7772672985051626
brown_0.002,1,10,60.0,u10m,-234.08807373046875,144.0170135498047,91201,1038240,0.0878419247958083
brown_0.002,1,10,60.0,v10m,-50.86070251464844,154.615966796875,38717,1038240,0.03729099244875944
brown_0.002,1,10,60.0,u100m,-280.9027404785156,179.4403839111328,177641,1038240,0.1710982046540299
brown_0.002,1,10,60.0,v100m,-73.3094253540039,163.48402404785156,43549,1038240,0.04194502234550778
brown_0.002,1,10,60.0,t2m,-0.95361328125,585.6492919921875,416727,1038240,0.401378294036061
brown_0.002,1,10,60.0,sp,-90166.703125,247067.03125,748399,1038240,0.7208342965017722
brown_0.002,1,10,60.0,msl,37170.98046875,173051.4375,732753,1038240,0.7057645631067961
brown_0.002,1,10,60.0,tcwv,-159.3189239501953,2780.7578125,971651,1038240,0.9358635768223147
brown_0.002,1,10,60.0,u50,-1183.0234375,1376.43798828125,757582,1038240,0.7296790722761597
brown_0.002,1,10,60.0,u100,-1006.5879516601562,1030.197021484375,611543,1038240,0.5890189166281399
brown_0.002,1,10,60.0,u150,-775.256591796875,1231.1175537109375,602712,1038240,0.5805131761442441
brown_0.002,1,10,60.0,u200,-1288.21337890625,918.1203002929688,671184,1038240,0.6464632454923717
brown_0.002,1,10,60.0,u250,-1735.700439453125,777.1399536132812,673804,1038240,0.6489867468022807
brown_0.002,1,10,60.0,u300,-1119.8731689453125,601.2552490234375,525777,1038240,0.5064118122977346
brown_0.002,1,10,60.0,u400,-709.850341796875,544.1470947265625,388305,1038240,0.37400312066574204
brown_0.002,1,10,60.0,u500,-771.6920776367188,430.088134765625,336995,1038240,0.3245829480659578
brown_0.002,1,10,60.0,u600,-546.011474609375,322.2789611816406,265367,1038240,0.25559311912467253
brown_0.002,1,10,60.0,u700,-353.8844909667969,296.6376953125,181293,1038240,0.17461569579288025
brown_0.002,1,10,60.0,u850,-273.81768798828125,249.8248291015625,113798,1038240,0.10960664200955463
brown_0.002,1,10,60.0,u925,-335.65838623046875,201.34169006347656,69179,1038240,0.06663102943442749
brown_0.002,1,10,60.0,u1000,-276.25421142578125,148.4667510986328,40025,1038240,0.038550816766836186
brown_0.002,1,10,60.0,v50,-137.88351440429688,83.6614990234375,0,1038240,0.0
brown_0.002,1,10,60.0,v100,-213.57098388671875,135.7626495361328,8748,1038240,0.008425797503467407
brown_0.002,1,10,60.0,v150,-265.1615905761719,375.2561340332031,252351,1038240,0.24305651872399445
brown_0.002,1,10,60.0,v200,-180.90045166015625,216.25881958007812,37904,1038240,0.03650793650793651
brown_0.002,1,10,60.0,v250,-115.65830993652344,261.1310119628906,77887,1038240,0.07501830020033903
brown_0.002,1,10,60.0,v300,-132.3953399658203,151.30209350585938,23,1038240,2.2152874094621666e-05
brown_0.002,1,10,60.0,v400,-106.50965881347656,103.64828491210938,0,1038240,0.0
brown_0.002,1,10,60.0,v500,-81.58869171142578,89.32530975341797,0,1038240,0.0
brown_0.002,1,10,60.0,v600,-71.12405395507812,81.275390625,0,1038240,0.0
brown_0.002,1,10,60.0,v700,-189.60362243652344,110.9618148803711,15084,1038240,0.014528432732316228
brown_0.002,1,10,60.0,v850,-40.861610412597656,158.94081115722656,914,1038240,0.0008803359531514871
brown_0.002,1,10,60.0,v925,-39.3193359375,224.76846313476562,18320,1038240,0.017645245800585605
brown_0.002,1,10,60.0,v1000,-41.87391662597656,183.57791137695312,9126,1038240,0.008789875173370319
brown_0.002,1,10,60.0,z50,-28155.46875,461357.8125,853598,1038240,0.822158653105255
brown_0.002,1,10,60.0,z100,141163.5,323152.125,647250,1038240,0.6234107720758206
brown_0.002,1,10,60.0,z150,104245.609375,368398.6875,518335,1038240,0.49924391277546615
brown_0.002,1,10,60.0,z200,92592.3671875,311182.84375,477342,1038240,0.4597607489597781
brown_0.002,1,10,60.0,z250,78353.046875,287346.0,423690,1038240,0.408084835876098
brown_0.002,1,10,60.0,z300,66774.9375,239791.796875,358825,1038240,0.3456089150870704
brown_0.002,1,10,60.0,z400,46598.2421875,158884.4375,204650,1038240,0.197112421020188
brown_0.002,1,10,60.0,z500,26902.99609375,112611.828125,114369,1038240,0.11015661118816458
brown_0.002,1,10,60.0,z600,11812.708984375,86838.953125,15212,1038240,0.014651718292494991
brown_0.002,1,10,60.0,z700,-1943.8671875,71688.515625,7762,1038240,0.007476113422715365
brown_0.002,1,10,60.0,z850,-15146.9765625,55123.390625,1148,1038240,0.0011057173678532901
brown_0.002,1,10,60.0,z925,-27489.046875,52753.4375,7450,1038240,0.007175604869779627
brown_0.002,1,10,60.0,z1000,-42350.66796875,48962.71484375,21422,1038240,0.020632994298042842
brown_0.002,1,10,60.0,t50,-743.7662353515625,912.3849487304688,807292,1038240,0.7775581753737093
brown_0.002,1,10,60.0,t100,-725.6134033203125,1119.75,900903,1038240,0.8677213361072584
brown_0.002,1,10,60.0,t150,-136.6041717529297,783.2720336914062,644332,1038240,0.6206002465711203
brown_0.002,1,10,60.0,t200,127.71802520751953,579.5242309570312,234131,1038240,0.2255075897672985
brown_0.002,1,10,60.0,t250,74.19012451171875,840.6068725585938,402779,1038240,0.38794402065033134
brown_0.002,1,10,60.0,t300,15.499191284179688,1006.9509887695312,554046,1038240,0.5336396208969024
brown_0.002,1,10,60.0,t400,71.28167724609375,873.2059326171875,561010,1038240,0.5403471259053784
brown_0.002,1,10,60.0,t500,113.41874694824219,669.6629028320312,534215,1038240,0.5145390275851441
brown_0.002,1,10,60.0,t600,107.87580871582031,579.434326171875,507335,1038240,0.48864905994760366
brown_0.002,1,10,60.0,t700,162.89019775390625,551.308837890625,405163,1038240,0.3902402142086608
brown_0.002,1,10,60.0,t850,144.08482360839844,558.0977172851562,359047,1038240,0.3458227384805055
brown_0.002,1,10,60.0,t925,108.87306213378906,381.82421875,109322,1038240,0.10529550007705347
brown_0.002,1,10,60.0,t1000,97.16943359375,380.342041015625,97275,1038240,0.09369220989366621
brown_0.002,1,10,60.0,q50,-0.0033105623442679644,0.0025392957031726837,496033,1038240,0.47776333025119433
brown_0.002,1,10,60.0,q100,-0.002555654151365161,0.002574593061581254,528140,1038240,0.5086877793188472
brown_0.002,1,10,60.0,q150,-0.0017984327860176563,0.0027202873025089502,436228,1038240,0.4201610417629835
brown_0.002,1,10,60.0,q200,-0.0012052858946844935,0.006905239075422287,70652,1038240,0.06804977654492217
brown_0.002,1,10,60.0,q250,-0.0025939466431736946,0.022884415462613106,72373,1038240,0.06970738942826321
brown_0.002,1,10,60.0,q300,-0.0009647413389757276,0.05880650505423546,37629,1038240,0.036243065187239944
brown_0.002,1,10,60.0,q400,-0.006109058391302824,0.13340787589550018,263320,1038240,0.2536215133302512
brown_0.002,1,10,60.0,q500,-0.01350550726056099,0.21296793222427368,384522,1038240,0.37035945446139623
brown_0.002,1,10,60.0,q600,-0.07238742709159851,0.35274964570999146,680584,1038240,0.6555170288179997
brown_0.002,1,10,60.0,q700,-0.08913107216358185,0.4406631588935852,724524,1038240,0.6978386500231161
brown_0.002,1,10,60.0,q850,-0.045523110777139664,0.5530146956443787,771896,1038240,0.7434658653105255
brown_0.002,1,10,60.0,q925,-0.06030808016657829,0.5997337698936462,777579,1038240,0.7489395515487749
brown_0.002,1,10,60.0,q1000,-0.048336733132600784,0.5666066408157349,814346,1038240,0.784352365541686
brown_0.002,1,11,66.0,u10m,-241.9418182373047,147.0305938720703,101838,1038240,0.09808714748035137
brown_0.002,1,11,66.0,v10m,-49.189491271972656,156.73947143554688,39036,1038240,0.03759824318076745
brown_0.002,1,11,66.0,u100m,-289.2138366699219,181.33982849121094,182232,1038240,0.17552011095700415
brown_0.002,1,11,66.0,v100m,-73.34249877929688,166.8097381591797,42803,1038240,0.04122649869009092
brown_0.002,1,11,66.0,t2m,4.58990478515625,626.6553955078125,430599,1038240,0.4147393666204346
brown_0.002,1,11,66.0,sp,-90377.84375,245025.8125,744348,1038240,0.7169325011558021
brown_0.002,1,11,66.0,msl,34081.6484375,173376.5,736603,1038240,0.709472761596548
brown_0.002,1,11,66.0,tcwv,-175.35052490234375,2843.786865234375,975348,1038240,0.9394244105409154
brown_0.002,1,11,66.0,u50,-1245.7027587890625,1327.0216064453125,756986,1038240,0.7291050238865773
brown_0.002,1,11,66.0,u100,-1074.1397705078125,1040.258056640625,635547,1038240,0.6121388118354137
brown_0.002,1,11,66.0,u150,-851.7933959960938,1258.9814453125,609944,1038240,0.5874788102943442
brown_0.002,1,11,66.0,u200,-1359.9560546875,952.4874267578125,686934,1038240,0.6616331484049931
brown_0.002,1,11,66.0,u250,-1784.559326171875,813.3924560546875,682053,1038240,0.6569319232547388
brown_0.002,1,11,66.0,u300,-1158.137451171875,618.7127075195312,528453,1038240,0.508989251040222
brown_0.002,1,11,66.0,u400,-744.6444702148438,549.2608642578125,397817,1038240,0.38316477885652644
brown_0.002,1,11,66.0,u500,-810.0595092773438,436.0202331542969,346058,1038240,0.3333121436276776
brown_0.002,1,11,66.0,u600,-569.2581176757812,323.0021667480469,268637,1038240,0.2587426799198644
brown_0.002,1,11,66.0,u700,-375.0644226074219,298.2142639160156,186984,1038240,0.18009708737864077
brown_0.002,1,11,66.0,u850,-286.8309631347656,252.81024169921875,124734,1038240,0.12013985205732779
brown_0.002,1,11,66.0,u925,-346.7010498046875,205.3582763671875,76145,1038240,0.07334046077978117
brown_0.002,1,11,66.0,u1000,-283.3154602050781,152.4586181640625,41681,1038240,0.040145823701648944
brown_0.002,1,11,66.0,v50,-126.32096099853516,83.64462280273438,0,1038240,0.0
brown_0.002,1,11,66.0,v100,-223.75299072265625,140.2846221923828,11219,1038240,0.01080578671598089
brown_0.002,1,11,66.0,v150,-261.2625732421875,377.883544921875,253228,1038240,0.24390121744490675
brown_0.002,1,11,66.0,v200,-179.04702758789062,214.59454345703125,31475,1038240,0.030315726614270302
brown_0.002,1,11,66.0,v250,-109.6998062133789,245.0094757080078,83389,1038240,0.0803176529511481
brown_0.002,1,11,66.0,v300,-133.5218048095703,146.05039978027344,0,1038240,0.0
brown_0.002,1,11,66.0,v400,-104.5570068359375,98.69685363769531,0,1038240,0.0
brown_0.002,1,11,66.0,v500,-79.518798828125,93.25192260742188,0,1038240,0.0
brown_0.002,1,11,66.0,v600,-67.47175598144531,80.71073913574219,0,1038240,0.0
brown_0.002,1,11,66.0,v700,-188.95115661621094,107.24385833740234,14460,1038240,0.013927415626444752
brown_0.002,1,11,66.0,v850,-41.62445068359375,159.5975799560547,980,1038240,0.0009439050701186624
brown_0.002,1,11,66.0,v925,-42.56515884399414,227.0388641357422,18151,1038240,0.01748247033441208
brown_0.002,1,11,66.0,v1000,-42.493404388427734,185.34341430664062,8814,1038240,0.008489366620434582
brown_0.002,1,11,66.0,z50,-33630.34375,472134.53125,861605,1038240,0.8298707427955001
brown_0.002,1,11,66.0,z100,140305.5,341867.75,685372,1038240,0.6601286793034365
brown_0.002,1,11,66.0,z150,102611.125,386949.09375,564665,1038240,0.5438675065495454
brown_0.002,1,11,66.0,z200,91188.296875,329029.59375,532991,1038240,0.5133601094159347
brown_0.002,1,11,66.0,z250,76900.546875,301715.625,465992,1038240,0.44882878717830177
brown_0.002,1,11,66.0,z300,64679.921875,251965.125,400444,1038240,0.3856950223455078
brown_0.002,1,11,66.0,z400,44042.140625,167702.4375,241625,1038240,0.2327255740483896
brown_0.002,1,11,66.0,z500,24380.341796875,118914.40625,150130,1038240,0.1446004777315457
brown_0.002,1,11,66.0,z600,9170.419921875,89897.265625,44488,1038240,0.04284943750963168
brown_0.002,1,11,66.0,z700,-4208.431640625,73555.0546875,21903,1038240,0.021096278317152103
brown_0.002,1,11,66.0,z850,-17504.396484375,56629.0078125,2499,1038240,0.002406957928802589
brown_0.002,1,11,66.0,z925,-29404.0546875,54019.05078125,9917,1038240,0.009551741408537526
brown_0.002,1,11,66.0,z1000,-45225.3828125,50058.7265625,33481,1038240,0.03224784250269687
brown_0.002,1,11,66.0,t50,-813.5805053710938,925.2284545898438,815037,1038240,0.7850179149329635
brown_0.002,1,11,66.0,t100,-749.06005859375,1148.3660888671875,904558,1038240,0.8712417167514255
brown_0.002,1,11,66.0,t150,-124.09391784667969,792.3622436523438,632043,1038240,0.6087638696255201
brown_0.002,1,11,66.0,t200,126.01661682128906,582.1018676757812,252693,1038240,0.2433859223300971
brown_0.002,1,11,66.0,t250,77.95391845703125,893.054931640625,449983,1038240,0.4334094236400062
brown_0.002,1,11,66.0,t300,2.7039337158203125,1052.8514404296875,586375,1038240,0.5647778933579904
brown_0.002,1,11,66.0,t400,71.46644592285156,917.5364379882812,587287,1038240,0.5656563029742642
brown_0.002,1,11,66.0,t500,114.86514282226562,706.6351928710938,556774,1038240,0.5362671443982123
brown_0.002,1,11,66.0,t600,104.66860961914062,593.7402954101562,523343,1038240,0.5040674603174603
brown_0.002,1,11,66.0,t700,156.01239013671875,591.1163330078125,448702,1038240,0.43217560486977963
brown_0.002,1,11,66.0,t850,154.02896118164062,600.1494140625,384362,1038240,0.37020534751117273
brown_0.002,1,11,66.0,t925,115.451904296875,419.96820068359375,224915,1038240,0.2166310294344275
brown_0.002,1,11,66.0,t1000,103.36679077148438,417.9627990722656,204536,1038240,0.1970026198181538
brown_0.002,1,11,66.0,q50,-0.0032541505061089993,0.0024954909458756447,496096,1038240,0.4778240098628448
brown_0.002,1,11,66.0,q100,-0.0023555411025881767,0.0024201814085245132,528639,1038240,0.5091684003698567
brown_0.002,1,11,66.0,q150,-0.0016690660268068314,0.0026450271252542734,426084,1038240,0.41039066111881645
brown_0.002,1,11,66.0,q200,-0.0013421723851934075,0.0070443726144731045,68221,1038240,0.06570831406996455
brown_0.002,1,11,66.0,q250,-0.0027924797032028437,0.023423288017511368,70181,1038240,0.06759612421020188
brown_0.002,1,11,66.0,q300,-0.0012753900373354554,0.059881389141082764,48688,1038240,0.04689474495299738
brown_0.002,1,11,66.0,q400,-0.006560340989381075,0.13643567264080048,264191,1038240,0.2544604330405301
brown_0.002,1,11,66.0,q500,-0.013552254065871239,0.21847963333129883,413707,1038240,0.3984695253505933
brown_0.002,1,11,66.0,q600,-0.07591203600168228,0.357591837644577,698337,1038240,0.6726161581137309
brown_0.002,1,11,66.0,q700,-0.09475985914468765,0.4489496648311615,736122,1038240,0.7090094775774387
brown_0.002,1,11,66.0,q850,-0.045827459543943405,0.5722955465316772,787291,1038240,0.7582938434273385
brown_0.002,1,11,66.0,q925,-0.05701785907149315,0.6200925707817078,790167,1038240,0.7610639158576051
brown_0.002,1,11,66.0,q1000,-0.04522721469402313,0.591109573841095,821440,1038240,0.7911850824472184
brown_0.002,1,12,72.0,u10m,-248.63040161132812,147.8422393798828,109231,1038240,0.10520785174911389
brown_0.002,1,12,72.0,v10m,-48.65731430053711,158.16966247558594,38937,1038240,0.03750288950531669
brown_0.002,1,12,72.0,u100m,-297.6952819824219,182.74388122558594,185231,1038240,0.17840865310525506
brown_0.002,1,12,72.0,v100m,-73.60017395019531,169.1160430908203,41617,1038240,0.04008418092155956
brown_0.002,1,12,72.0,t2m,11.427703857421875,665.779052734375,447160,1038240,0.4306903991370011
brown_0.002,1,12,72.0,sp,-89401.109375,241951.40625,737524,1038240,0.7103598397287718
brown_0.002,1,12,72.0,msl,31805.4140625,173654.21875,737507,1038240,0.7103434658653105
brown_0.002,1,12,72.0,tcwv,-186.8416290283203,2901.702880859375,977925,1038240,0.9419064956079519
brown_0.002,1,12,72.0,u50,-1297.0167236328125,1270.31298828125,754102,1038240,0.7263272461087995
brown_0.002,1,12,72.0,u100,-1131.420654296875,1043.6126708984375,653409,1038240,0.6293429264909848
brown_0.002,1,12,72.0,u150,-919.4139404296875,1282.471923828125,618308,1038240,0.5955347511172754
brown_0.002,1,12,72.0,u200,-1423.836669921875,976.18603515625,694802,1038240,0.6692113576822315
brown_0.002,1,12,72.0,u250,-1825.365478515625,842.4175415039062,685965,1038240,0.6606998381877023
brown_0.002,1,12,72.0,u300,-1193.304443359375,628.6075439453125,528197,1038240,0.5087426799198644
brown_0.002,1,12,72.0,u400,-776.3185424804688,551.2141723632812,403631,1038240,0.38876464016027124
brown_0.002,1,12,72.0,u500,-843.873779296875,433.25897216796875,351568,1038240,0.33861920172599785
brown_0.002,1,12,72.0,u600,-593.2951049804688,317.8517761230469,270454,1038240,0.2604927569733395
brown_0.002,1,12,72.0,u700,-395.3227233886719,295.2832946777344,191060,1038240,0.1840229619355833
brown_0.002,1,12,72.0,u850,-302.1480712890625,255.44837951660156,133149,1038240,0.12824491447064262
brown_0.002,1,12,72.0,u925,-356.72503662109375,207.1841278076172,84227,1038240,0.08112478810294345
brown_0.002,1,12,72.0,u1000,-289.45013427734375,153.6773223876953,43313,1038240,0.04171771459392819
brown_0.002,1,12,72.0,v50,-135.86524963378906,83.43798828125,0,1038240,0.0
brown_0.002,1,12,72.0,v100,-234.58035278320312,144.7776641845703,14625,1038240,0.014086338418862691
brown_0.002,1,12,72.0,v150,-256.904296875,380.8048095703125,253824,1038240,0.24447526583448914
brown_0.002,1,12,72.0,v200,-176.70281982421875,210.7218780517578,26563,1038240,0.02558464324241023
brown_0.002,1,12,72.0,v250,-104.20490264892578,231.06338500976562,86676,1038240,0.08348358760980121
brown_0.002,1,12,72.0,v300,-135.79547119140625,145.7023162841797,0,1038240,0.0
brown_0.002,1,12,72.0,v400,-102.37559509277344,94.27569580078125,0,1038240,0.0
brown_0.002,1,12,72.0,v500,-77.81098937988281,97.04531860351562,0,1038240,0.0
brown_0.002,1,12,72.0,v600,-63.1237678527832,80.9866714477539,0,1038240,0.0
brown_0.002,1,12,72.0,v700,-189.93124389648438,103.89599609375,14358,1038240,0.0138291724456773
brown_0.002,1,12,72.0,v850,-42.29451370239258,159.33834838867188,909,1038240,0.0008755201109570042
brown_0.002,1,12,72.0,v925,-46.88371658325195,227.9864959716797,17760,1038240,0.017105871474803514
brown_0.002,1,12,72.0,v1000,-46.01045608520508,186.19818115234375,8348,1038240,0.00804053012790877
brown_0.002,1,12,72.0,z50,-37619.328125,481783.78125,867573,1038240,0.835618932038835
brown_0.002,1,12,72.0,z100,139487.34375,360141.5625,717659,1038240,0.6912264986900909
brown_0.002,1,12,72.0,z150,101130.28125,404699.03125,609084,1038240,0.5866504854368932
brown_0.002,1,12,72.0,z200,89793.3828125,345764.375,586010,1038240,0.5644263368777932
brown_0.002,1,12,72.0,z250,75464.984375,315313.0,505275,1038240,0.4866649329634766
brown_0.002,1,12,72.0,z300,62473.0390625,263549.59375,436268,1038240,0.42019956850053936
brown_0.002,1,12,72.0,z400,41555.11328125,176209.21875,277275,1038240,0.26706252889505316
brown_0.002,1,12,72.0,z500,21992.40234375,125037.765625,181832,1038240,0.17513484358144552
brown_0.002,1,12,72.0,z600,6712.93359375,92726.171875,69198,1038240,0.06664932963476652
brown_0.002,1,12,72.0,z700,-6268.255859375,75234.4375,36606,1038240,0.03525774387424873
brown_0.002,1,12,72.0,z850,-19678.37109375,57686.84765625,3611,1038240,0.0034780012328556017
brown_0.002,1,12,72.0,z925,-31411.3828125,54949.1015625,11781,1038240,0.011347087378640777
brown_0.002,1,12,72.0,z1000,-47996.00390625,50815.66796875,43815,1038240,0.042201225150254276
brown_0.002,1,12,72.0,t50,-875.2539672851562,932.4979858398438,821393,1038240,0.7911398135305903
brown_0.002,1,12,72.0,t100,-769.19189453125,1170.1513671875,906602,1038240,0.8732104330405301
brown_0.002,1,12,72.0,t150,-109.86198425292969,797.42236328125,624099,1038240,0.6011124595469256
brown_0.002,1,12,72.0,t200,124.98644256591797,582.1054077148438,297701,1038240,0.286736207427955
brown_0.002,1,12,72.0,t250,78.27098083496094,941.41357421875,488177,1038240,0.47019667899522266
brown_0.002,1,12,72.0,t300,-7.0541229248046875,1096.4141845703125,613450,1038240,0.5908556788411158
brown_0.002,1,12,72.0,t400,73.51217651367188,957.88330078125,612370,1038240,0.5898154569271075
brown_0.002,1,12,72.0,t500,117.87992858886719,741.0239868164062,583244,1038240,0.5617622129758052
brown_0.002,1,12,72.0,t600,102.29048156738281,628.760009765625,541964,1038240,0.5220026198181538
brown_0.002,1,12,72.0,t700,150.61500549316406,627.5364379882812,493110,1038240,0.47494798890429957
brown_0.002,1,12,72.0,t850,165.62530517578125,639.9487915039062,410049,1038240,0.3949462552011096
brown_0.002,1,12,72.0,t925,124.85456848144531,456.1970520019531,292001,1038240,0.2812461473262444
brown_0.002,1,12,72.0,t1000,111.71539306640625,454.41400146484375,291099,1038240,0.2803773693943597
brown_0.002,1,12,72.0,q50,-0.003197731450200081,0.0024516943376511335,496143,1038240,0.47786927877947294
brown_0.002,1,12,72.0,q100,-0.0021730982698500156,0.0022782848682254553,529836,1038240,0.5103213129912159
brown_0.002,1,12,72.0,q150,-0.0015483400784432888,0.002573170233517885,414798,1038240,0.3995203421174295
brown_0.002,1,12,72.0,q200,-0.0013965197140350938,0.007130350451916456,65809,1038240,0.06338515179534597
brown_0.002,1,12,72.0,q250,-0.002931372495368123,0.02383963018655777,68771,1038240,0.06623805671135768
brown_0.002,1,12,72.0,q300,-0.0015059731667861342,0.0608380101621151,56787,1038240,0.0546954461396209
brown_0.002,1,12,72.0,q400,-0.0068426127545535564,0.1393032819032669,266364,1038240,0.25655339805825245
brown_0.002,1,12,72.0,q500,-0.013742953538894653,0.2239072024822235,439960,1038240,0.4237555863769456
brown_0.002,1,12,72.0,q600,-0.07870212942361832,0.36130180954933167,712469,1038240,0.6862276544922176
brown_0.002,1,12,72.0,q700,-0.09969502687454224,0.456059068441391,745820,1038240,0.7183502850978579
brown_0.002,1,12,72.0,q850,-0.0462397001683712,0.5893949866294861,801373,1038240,0.7718571813838804
brown_0.002,1,12,72.0,q925,-0.052860915660858154,0.6385422945022583,801415,1038240,0.771897634458314
brown_0.002,1,12,72.0,q1000,-0.04192551597952843,0.6120877861976624,827529,1038240,0.7970498150716597
brown_0.002,1,13,78.0,u10m,-254.9498291015625,147.2245330810547,115164,1038240,0.11092233009708738
brown_0.002,1,13,78.0,v10m,-49.596397399902344,158.40701293945312,38423,1038240,0.03700782092772384
brown_0.002,1,13,78.0,u100m,-307.41619873046875,183.6648712158203,188283,1038240,0.18134824318076745
brown_0.002,1,13,78.0,v100m,-73.10557556152344,169.42665100097656,40038,1038240,0.03856333795654184
brown_0.002,1,13,78.0,t2m,19.066009521484375,700.683349609375,463408,1038240,0.44633995993219294
brown_0.002,1,13,78.0,sp,-87491.46875,238372.96875,728345,1038240,0.7015189166281399
brown_0.002,1,13,78.0,msl,29778.1796875,173382.078125,737153,1038240,0.7100025042379411
brown_0.002,1,13,78.0,tcwv,-194.04493713378906,2957.1005859375,980310,1038240,0.9442036523347203
brown_0.002,1,13,78.0,u50,-1339.2607421875,1209.538330078125,744114,1038240,0.7167071197411004
brown_0.002,1,13,78.0,u100,-1179.7357177734375,1046.704345703125,666948,1038240,0.6423832639852057
brown_0.002,1,13,78.0,u150,-979.7320556640625,1298.2772216796875,626598,1038240,0.6035194174757281
brown_0.002,1,13,78.0,u200,-1483.08447265625,990.4691162109375,698440,1038240,0.6727153644629372
brown_0.002,1,13,78.0,u250,-1860.0421142578125,864.1143798828125,685508,1038240,0.6602596702111265
brown_0.002,1,13,78.0,u300,-1224.9544677734375,632.2989501953125,525866,1038240,0.5064975342887964
brown_0.002,1,13,78.0,u400,-806.0785522460938,548.5293579101562,406495,1038240,0.39152315456927106
brown_0.002,1,13,78.0,u500,-874.2924194335938,426.77508544921875,354719,1038240,0.341654145476961
brown_0.002,1,13,78.0,u600,-616.6453247070312,308.7153015136719,268618,1038240,0.25872437971952533
brown_0.002,1,13,78.0,u700,-415.7894287109375,288.3280334472656,193139,1038240,0.18602538912004932
brown_0.002,1,13,78.0,u850,-317.0538024902344,257.167236328125,139478,1038240,0.13434080752041916
brown_0.002,1,13,78.0,u925,-368.0797424316406,207.259521484375,91442,1038240,0.08807404838958237
brown_0.002,1,13,78.0,u1000,-295.3253173828125,153.0120391845703,44944,1038240,0.04328864231776853
brown_0.002,1,13,78.0,v50,-147.38916015625,82.1207275390625,0,1038240,0.0
brown_0.002,1,13,78.0,v100,-245.71603393554688,148.4279327392578,17537,1038240,0.016891084912929573
brown_0.002,1,13,78.0,v150,-251.77084350585938,381.88690185546875,253276,1038240,0.2439474495299738
brown_0.002,1,13,78.0,v200,-174.16249084472656,213.47511291503906,22022,1038240,0.021210895361380797
brown_0.002,1,13,78.0,v250,-102.84942626953125,222.7015838623047,86982,1038240,0.08377831715210356
brown_0.002,1,13,78.0,v300,-138.66058349609375,145.09616088867188,0,1038240,0.0
brown_0.002,1,13,78.0,v400,-100.11665344238281,91.0298080444336,0,1038240,0.0
brown_0.002,1,13,78.0,v500,-77.24224853515625,100.72352600097656,0,1038240,0.0
brown_0.002,1,13,78.0,v600,-59.9692268371582,83.66143035888672,0,1038240,0.0
brown_0.002,1,13,78.0,v700,-191.81689453125,100.46054077148438,14587,1038240,0.01404973801818462
brown_0.002,1,13,78.0,v850,-43.63557434082031,157.90066528320312,730,1038240,0.0007031129603945138
brown_0.002,1,13,78.0,v925,-50.140167236328125,227.94424438476562,17375,1038240,0.016735051625828324
brown_0.002,1,13,78.0,v1000,-49.27665328979492,185.4404754638672,7674,1038240,0.007391354600092465
brown_0.002,1,13,78.0,z50,-40160.21875,490276.34375,871830,1038240,0.8397191400832178
brown_0.002,1,13,78.0,z100,138700.125,377861.625,753315,1038240,0.7255692325473879
brown_0.002,1,13,78.0,z150,99682.828125,421561.46875,654252,1038240,0.6301548774849746
brown_0.002,1,13,78.0,z200,88306.0,361399.75,632749,1038240,0.6094438665433811
brown_0.002,1,13,78.0,z250,74049.9453125,328196.46875,543913,1038240,0.5238798351055632
brown_0.002,1,13,78.0,z300,60399.6640625,274544.6875,471170,1038240,0.4538160733549083
brown_0.002,1,13,78.0,z400,39235.9140625,184362.25,310307,1038240,0.2988779087686855
brown_0.002,1,13,78.0,z500,19645.63671875,130964.6953125,205763,1038240,0.19818442749267992
brown_0.002,1,13,78.0,z600,4439.47265625,95356.671875,95100,1038240,0.09159731853906611
brown_0.002,1,13,78.0,z700,-8145.845703125,76784.3828125,48930,1038240,0.04712783171521036
brown_0.002,1,13,78.0,z850,-21672.15625,58404.17578125,4850,1038240,0.0046713669286484825
brown_0.002,1,13,78.0,z925,-32960.046875,55470.16796875,13229,1038240,0.012741755278163045
brown_0.002,1,13,78.0,z1000,-50248.484375,51200.58203125,50206,1038240,0.04835683464324241
brown_0.002,1,13,78.0,t50,-929.6597290039062,934.9545288085938,823338,1038240,0.7930131761442442
brown_0.002,1,13,78.0,t100,-784.501953125,1186.785888671875,907737,1038240,0.8743036292186778
brown_0.002,1,13,78.0,t150,-96.13813781738281,798.9935913085938,618332,1038240,0.595557867159809
brown_0.002,1,13,78.0,t200,124.47632598876953,579.8539428710938,355460,1038240,0.3423678532901834
brown_0.002,1,13,78.0,t250,77.06900024414062,986.1939086914062,522059,1038240,0.5028307520419171
brown_0.002,1,13,78.0,t300,-13.684982299804688,1136.9207763671875,638548,1038240,0.6150292803205425
brown_0.002,1,13,78.0,t400,77.24041748046875,995.2589721679688,636745,1038240,0.6132926876252119
brown_0.002,1,13,78.0,t500,122.41363525390625,772.5816650390625,608062,1038240,0.5856661272923409
brown_0.002,1,13,78.0,t600,100.74833679199219,661.7985229492188,564181,1038240,0.5434013330251194
brown_0.002,1,13,78.0,t700,146.48472595214844,660.900390625,537567,1038240,0.5177675681923255
brown_0.002,1,13,78.0,t850,175.48931884765625,676.7725219726562,436573,1038240,0.4204933348744028
brown_0.002,1,13,78.0,t925,135.06175231933594,492.5140686035156,341242,1038240,0.3286735244259516
brown_0.002,1,13,78.0,t1000,118.95866394042969,490.14129638671875,343613,1038240,0.3309571967945754
brown_0.002,1,13,78.0,q50,-0.0031413089018315077,0.0024093191605061293,496195,1038240,0.47791936353829556
brown_0.002,1,13,78.0,q100,-0.0020064550917595625,0.0021479122806340456,532727,1038240,0.513105832948066
brown_0.002,1,13,78.0,q150,-0.0014381229411810637,0.002518857130780816,400747,1038240,0.38598686238249347
brown_0.002,1,13,78.0,q200,-0.001437315484508872,0.007162690628319979,63725,1038240,0.061377908768685464
brown_0.002,1,13,78.0,q250,-0.003014457644894719,0.024302823469042778,67418,1038240,0.06493488981353059
brown_0.002,1,13,78.0,q300,-0.001686328323557973,0.06170952320098877,61948,1038240,0.05966635845276622
brown_0.002,1,13,78.0,q400,-0.006997610442340374,0.14196595549583435,269786,1038240,0.2598493604561566
brown_0.002,1,13,78.0,q500,-0.013869905844330788,0.22887682914733887,466123,1038240,0.4489549622437972
brown_0.002,1,13,78.0,q600,-0.0809430480003357,0.3639967441558838,723394,1038240,0.6967502696871629
brown_0.002,1,13,78.0,q700,-0.10508639365434647,0.46300607919692993,754321,1038240,0.7265381799969178
brown_0.002,1,13,78.0,q850,-0.046479638665914536,0.6043192148208618,814561,1038240,0.7845594467560487
brown_0.002,1,13,78.0,q925,-0.0485515259206295,0.6550957560539246,813223,1038240,0.7832707273848051
brown_0.002,1,13,78.0,q1000,-0.037640225142240524,0.6304927468299866,834080,1038240,0.8033595315148713
brown_0.002,1,14,84.0,u10m,-261.0616760253906,146.02809143066406,118834,1038240,0.11445715826783788
brown_0.002,1,14,84.0,v10m,-50.161197662353516,157.6357421875,37471,1038240,0.03609088457389428
brown_0.002,1,14,84.0,u100m,-317.9211730957031,182.82748413085938,190894,1038240,0.18386307597472645
brown_0.002,1,14,84.0,v100m,-71.85839080810547,168.45179748535156,38254,1038240,0.03684504546155032
brown_0.002,1,14,84.0,t2m,27.327056884765625,732.6852416992188,475343,1038240,0.4578353752504238
brown_0.002,1,14,84.0,sp,-85018.0625,234280.828125,716625,1038240,0.6902305825242718
brown_0.002,1,14,84.0,msl,28053.21875,172944.375,733688,1038240,0.7066651255971644
brown_0.002,1,14,84.0,tcwv,-197.21670532226562,3009.799560546875,981782,1038240,0.9456214362767761
brown_0.002,1,14,84.0,u50,-1374.236328125,1148.4892578125,729782,1038240,0.7029029896748343
brown_0.002,1,14,84.0,u100,-1221.207763671875,1043.426025390625,679699,1038240,0.6546646247495762
brown_0.002,1,14,84.0,u150,-1045.3038330078125,1303.668701171875,631855,1038240,0.6085827939590076
brown_0.002,1,14,84.0,u200,-1537.7408447265625,997.4530639648438,699135,1038240,0.6733847665279704
brown_0.002,1,14,84.0,u250,-1889.17138671875,876.6312255859375,682876,1038240,0.6577246108799507
brown_0.002,1,14,84.0,u300,-1260.7406005859375,639.2064208984375,521563,1038240,0.5023530204962244
brown_0.002,1,14,84.0,u400,-834.5493774414062,541.2125854492188,407147,1038240,0.3921511403914317
brown_0.002,1,14,84.0,u500,-903.6604614257812,416.9468688964844,356807,1038240,0.3436652411773771
brown_0.002,1,14,84.0,u600,-638.987060546875,300.5307312011719,266634,1038240,0.2568134535367545
brown_0.002,1,14,84.0,u700,-435.8829040527344,279.9512023925781,193147,1038240,0.1860330944675605
brown_0.002,1,14,84.0,u850,-331.84027099609375,258.13372802734375,144336,1038240,0.13901987979657882
brown_0.002,1,14,84.0,u925,-379.5111999511719,206.35995483398438,96956,1038240,0.09338495916165819
brown_0.002,1,14,84.0,u1000,-301.61822509765625,151.7764129638672,46439,1038240,0.04472857913391894
brown_0.002,1,14,84.0,v50,-157.4960174560547,81.04517364501953,2118,1038240,0.0020399907535829866
brown_0.002,1,14,84.0,v100,-256.8701477050781,152.9940948486328,20316,1038240,0.01956773000462321
brown_0.002,1,14,84.0,v150,-245.24790954589844,383.01568603515625,251235,1038240,0.24198162274618584
brown_0.002,1,14,84.0,v200,-173.3284149169922,216.71800231933594,18673,1038240,0.017985244259516104
brown_0.002,1,14,84.0,v250,-103.22486114501953,218.4318389892578,83843,1038240,0.08075493142240715
brown_0.002,1,14,84.0,v300,-141.75148010253906,143.98399353027344,0,1038240,0.0
brown_0.002,1,14,84.0,v400,-98.27283477783203,88.43553161621094,0,1038240,0.0
brown_0.002,1,14,84.0,v500,-76.48851013183594,103.70854187011719,0,1038240,0.0
brown_0.002,1,14,84.0,v600,-58.32221984863281,86.01377868652344,0,1038240,0.0
brown_0.002,1,14,84.0,v700,-193.61785888671875,96.96240997314453,14823,1038240,0.014277045769764216
brown_0.002,1,14,84.0,v850,-45.468719482421875,154.95970153808594,458,1038240,0.00044113114501464015
brown_0.002,1,14,84.0,v925,-52.45349884033203,226.5330810546875,16795,1038240,0.0161764139312683
brown_0.002,1,14,84.0,v1000,-51.85242462158203,183.698486328125,6682,1038240,0.006435891508707043
brown_0.002,1,14,84.0,z50,-41618.015625,497980.53125,875310,1038240,0.8430709662505779
brown_0.002,1,14,84.0,z100,138050.6875,394966.875,781243,1038240,0.752468600708892
brown_0.002,1,14,84.0,z150,98317.46875,437524.84375,704613,1038240,0.678661003236246
brown_0.002,1,14,84.0,z200,86787.203125,375996.09375,672521,1038240,0.6477510016951764
brown_0.002,1,14,84.0,z250,72601.5703125,340377.125,584172,1038240,0.5626560332871012
brown_0.002,1,14,84.0,z300,58496.07421875,284944.125,503087,1038240,0.4845575204191709
brown_0.002,1,14,84.0,z400,37106.5703125,192133.296875,341303,1038240,0.32873227770072433
brown_0.002,1,14,84.0,z500,17466.26171875,136655.421875,223802,1038240,0.21555902296193558
brown_0.002,1,14,84.0,z600,2351.33203125,99253.5,124531,1038240,0.11994432886423177
brown_0.002,1,14,84.0,z700,-9904.466796875,78180.84375,59686,1038240,0.057487671443982126
brown_0.002,1,14,84.0,z850,-23512.06640625,58778.2265625,5813,1038240,0.0055988981353059025
brown_0.002,1,14,84.0,z925,-34082.74609375,55634.21875,14867,1038240,0.014319425181075667
brown_0.002,1,14,84.0,z1000,-52016.18359375,51233.62890625,53217,1038240,0.05125693481276006
brown_0.002,1,14,84.0,t50,-977.2356567382812,933.650390625,824477,1038240,0.7941102249961474
brown_0.002,1,14,84.0,t100,-796.4471435546875,1198.558349609375,908162,1038240,0.8747129758052088
brown_0.002,1,14,84.0,t150,-81.30189514160156,796.58642578125,607684,1038240,0.5853020496224379
brown_0.002,1,14,84.0,t200,122.88934326171875,575.6546630859375,413432,1038240,0.39820465402989674
brown_0.002,1,14,84.0,t250,76.55436706542969,1027.5137939453125,553039,1038240,0.5326697102789336
brown_0.002,1,14,84.0,t300,-18.253524780273438,1174.477294921875,662074,1038240,0.6376887810140237
brown_0.002,1,14,84.0,t400,75.71066284179688,1029.6666259765625,659036,1038240,0.6347626752966559
brown_0.002,1,14,84.0,t500,127.65495300292969,801.4085693359375,628437,1038240,0.605290684234859
brown_0.002,1,14,84.0,t600,100.43833923339844,692.4671630859375,585423,1038240,0.5638609570041608
brown_0.002,1,14,84.0,t700,143.038818359375,691.69189453125,578448,1038240,0.5571428571428572
brown_0.002,1,14,84.0,t850,186.30401611328125,710.6727294921875,469943,1038240,0.4526342656803822
brown_0.002,1,14,84.0,t925,144.82528686523438,525.7477416992188,372698,1038240,0.3589709508398829
brown_0.002,1,14,84.0,t1000,127.07646179199219,522.828857421875,380712,1038240,0.36668978270920016
brown_0.002,1,14,84.0,q50,-0.003087700344622135,0.0023669488728046417,496240,1038240,0.4779627061180459
brown_0.002,1,14,84.0,q100,-0.0018535132985562086,0.0020280664321035147,537336,1038240,0.5175450762829403
brown_0.002,1,14,84.0,q150,-0.0013388971565291286,0.002471172483637929,385469,1038240,0.37127157497303126
brown_0.002,1,14,84.0,q200,-0.0014375175815075636,0.007198445498943329,61980,1038240,0.05969717984281091
brown_0.002,1,14,84.0,q250,-0.0030707998666912317,0.02468421310186386,66165,1038240,0.06372803975959315
brown_0.002,1,14,84.0,q300,-0.0018653864972293377,0.062496770173311234,65178,1038240,0.06277739251040222
brown_0.002,1,14,84.0,q400,-0.007040570490062237,0.14439764618873596,274008,1038240,0.263915857605178
brown_0.002,1,14,84.0,q500,-0.013625334948301315,0.2333652228116989,488426,1038240,0.47043650793650793
brown_0.002,1,14,84.0,q600,-0.08289269357919693,0.3659367263317108,732673,1038240,0.7056875096316844
brown_0.002,1,14,84.0,q700,-0.11121393740177155,0.46983256936073303,761019,1038240,0.7329894822006473
brown_0.002,1,14,84.0,q850,-0.046531494706869125,0.6172640323638916,826886,1038240,0.7964304977654493
brown_0.002,1,14,84.0,q925,-0.044929131865501404,0.6696571707725525,823383,1038240,0.7930565187239944
brown_0.002,1,14,84.0,q1000,-0.03727295994758606,0.646626353263855,838960,1038240,0.8080597934966867
brown_0.002,1,15,90.0,u10m,-266.6380310058594,143.95843505859375,120634,1038240,0.11619086145785175
brown_0.002,1,15,90.0,v10m,-50.64752197265625,156.26446533203125,36344,1038240,0.03500539374325782
brown_0.002,1,15,90.0,u100m,-327.7205505371094,180.99131774902344,192834,1038240,0.18573162274618585
brown_0.002,1,15,90.0,v100m,-71.38276672363281,166.69430541992188,36210,1038240,0.03487632917244568
brown_0.002,1,15,90.0,t2m,35.71186828613281,762.779052734375,485451,1038240,0.46757108183079055
brown_0.002,1,15,90.0,sp,-81981.296875,229681.1875,701280,1038240,0.6754507628294036
brown_0.002,1,15,90.0,msl,26868.046875,172303.625,729937,1038240,0.7030522807828633
brown_0.002,1,15,90.0,tcwv,-195.5465545654297,3059.865478515625,982646,1038240,0.9464536138079828
brown_0.002,1,15,90.0,u50,-1403.8739013671875,1087.961669921875,710684,1038240,0.6845083988287872
brown_0.002,1,15,90.0,u100,-1256.7554931640625,1035.5184326171875,690886,1038240,0.6654395900755125
brown_0.002,1,15,90.0,u150,-1127.2344970703125,1302.2630615234375,635236,1038240,0.6118392664509169
brown_0.002,1,15,90.0,u200,-1588.7271728515625,997.752197265625,696355,1038240,0.6707071582678379
brown_0.002,1,15,90.0,u250,-1915.1756591796875,879.5618896484375,679969,1038240,0.6549246802280783
brown_0.002,1,15,90.0,u300,-1302.4947509765625,641.706787109375,516174,1038240,0.4971625057790106
brown_0.002,1,15,90.0,u400,-868.7766723632812,532.660400390625,407788,1038240,0.3927685313607644
brown_0.002,1,15,90.0,u500,-930.5878295898438,404.9146423339844,357315,1038240,0.34415453074433655
brown_0.002,1,15,90.0,u600,-660.12841796875,294.12310791015625,263588,1038240,0.2538796424718755
brown_0.002,1,15,90.0,u700,-454.69610595703125,275.3222351074219,192551,1038240,0.1854590460779781
brown_0.002,1,15,90.0,u850,-346.2588195800781,257.66864013671875,148430,1038240,0.1429630913854215
brown_0.002,1,15,90.0,u925,-391.686279296875,204.7777557373047,101288,1038240,0.09755740483895824
brown_0.002,1,15,90.0,u1000,-307.9463806152344,150.0588836669922,47839,1038240,0.04607701494837417
brown_0.002,1,15,90.0,v50,-166.6126708984375,80.76402282714844,4544,1038240,0.004376637386346124
brown_0.002,1,15,90.0,v100,-266.2787170410156,156.57167053222656,22730,1038240,0.021892818616119587
brown_0.002,1,15,90.0,v150,-238.842041015625,382.8675842285156,248739,1038240,0.23957755432269995
brown_0.002,1,15,90.0,v200,-172.78700256347656,217.6633758544922,17256,1038240,0.01662043458159963
brown_0.002,1,15,90.0,v250,-103.78759765625,215.42735290527344,77964,1038240,0.07509246417013407
brown_0.002,1,15,90.0,v300,-144.73513793945312,142.1939697265625,0,1038240,0.0
brown_0.002,1,15,90.0,v400,-95.86773681640625,88.10034942626953,0,1038240,0.0
brown_0.002,1,15,90.0,v500,-75.31688690185547,106.05967712402344,0,1038240,0.0
brown_0.002,1,15,90.0,v600,-56.70969772338867,88.1196517944336,0,1038240,0.0
brown_0.002,1,15,90.0,v700,-194.76797485351562,93.40080261230469,15037,1038240,0.014483163815688087
brown_0.002,1,15,90.0,v850,-47.20060348510742,151.95932006835938,146,1038240,0.00014062259207890275
brown_0.002,1,15,90.0,v925,-53.81193542480469,224.5729217529297,16158,1038240,0.01556287563569117
brown_0.002,1,15,90.0,v1000,-53.75355911254883,181.28192138671875,5599,1038240,0.005392780089382031
brown_0.002,1,15,90.0,z50,-42156.859375,504888.34375,878045,1038240,0.84570523193096
brown_0.002,1,15,90.0,z100,137494.34375,411525.375,801590,1038240,0.772066188935121
brown_0.002,1,15,90.0,z150,97127.34375,452598.8125,741564,1038240,0.714251040221914
brown_0.002,1,15,90.0,z200,85385.453125,389954.8125,706143,1038240,0.6801346509477577
brown_0.002,1,15,90.0,z250,71221.78125,351900.8125,626351,1038240,0.6032815148713206
brown_0.002,1,15,90.0,z300,56734.48046875,294805.125,532585,1038240,0.5129690630297427
brown_0.002,1,15,90.0,z400,35148.35546875,199524.65625,371758,1038240,0.3580655725073201
brown_0.002,1,15,90.0,z500,15488.55859375,142076.09375,239152,1038240,0.2303436584989983
brown_0.002,1,15,90.0,z600,444.484375,103213.953125,152766,1038240,0.1471393897364771
brown_0.002,1,15,90.0,z700,-11538.724609375,79466.609375,68240,1038240,0.06572661427030359
brown_0.002,1,15,90.0,z850,-25180.3828125,58858.05078125,6443,1038240,0.006205694251810757
brown_0.002,1,15,90.0,z925,-34786.25,55481.46875,15726,1038240,0.015146786870087841
brown_0.002,1,15,90.0,z1000,-53293.5546875,50957.47265625,54774,1038240,0.05275658807212205
brown_0.002,1,15,90.0,t50,-1017.5746459960938,929.0715942382812,824084,1038240,0.793731699799661
brown_0.002,1,15,90.0,t100,-804.7789306640625,1205.3116455078125,907991,1038240,0.8745482740021575
brown_0.002,1,15,90.0,t150,-76.81178283691406,790.87158203125,592484,1038240,0.5706618893512098
brown_0.002,1,15,90.0,t200,120.45309448242188,569.4340209960938,466936,1038240,0.4497380181846201
brown_0.002,1,15,90.0,t250,74.68972778320312,1064.5648193359375,584453,1038240,0.5629266836184312
brown_0.002,1,15,90.0,t300,-21.060073852539062,1209.05810546875,686184,1038240,0.6609107720758206
brown_0.002,1,15,90.0,t400,71.28044128417969,1061.780029296875,681915,1038240,0.656799006010171
brown_0.002,1,15,90.0,t500,128.23939514160156,828.025390625,648921,1038240,0.6250202265372168
brown_0.002,1,15,90.0,t600,101.57695007324219,720.7130126953125,608771,1038240,0.5863490137155186
brown_0.002,1,15,90.0,t700,139.72177124023438,720.1358642578125,611913,1038240,0.5893752889505317
brown_0.002,1,15,90.0,t850,192.98519897460938,742.032470703125,513444,1038240,0.4945330559408229
brown_0.002,1,15,90.0,t925,153.72296142578125,556.7362060546875,401880,1038240,0.3870781322237633
brown_0.002,1,15,90.0,t1000,135.73817443847656,553.41943359375,412656,1038240,0.397457235321313
brown_0.002,1,15,90.0,q50,-0.0030340813100337982,0.0023259955924004316,496290,1038240,0.47801086453999075
brown_0.002,1,15,90.0,q100,-0.0017131108324974775,0.0019184008706361055,541136,1038240,0.5212051163507474
brown_0.002,1,15,90.0,q150,-0.0012490636436268687,0.0024215583689510822,369869,1038240,0.35624614732624443
brown_0.002,1,15,90.0,q200,-0.001410672441124916,0.0072770374827086926,60610,1038240,0.058377639081522575
brown_0.002,1,15,90.0,q250,-0.003103201510384679,0.024905022233724594,64839,1038240,0.06245087840961627
brown_0.002,1,15,90.0,q300,-0.002013824414461851,0.06317291408777237,67802,1038240,0.06530474649406688
brown_0.002,1,15,90.0,q400,-0.006980604492127895,0.14653554558753967,279668,1038240,0.2693673909693327
brown_0.002,1,15,90.0,q500,-0.01351545937359333,0.23745115101337433,509811,1038240,0.4910338650023116
brown_0.002,1,15,90.0,q600,-0.0846339762210846,0.3684539198875427,740302,1038240,0.7130355216520265
brown_0.002,1,15,90.0,q700,-0.11716826260089874,0.47595280408859253,767490,1038240,0.7392221451687471
brown_0.002,1,15,90.0,q850,-0.04657136648893356,0.6294012069702148,838906,1038240,0.8080077824009863
brown_0.002,1,15,90.0,q925,-0.05160628631711006,0.6826468110084534,835489,1038240,0.8047166358452766
brown_0.002,1,15,90.0,q1000,-0.042117055505514145,0.6607575416564941,845912,1038240,0.8147557404838959
brown_0.002,1,16,96.0,u10m,-271.7226867675781,142.54702758789062,121186,1038240,0.11672253043612267
brown_0.002,1,16,96.0,v10m,-51.26244354248047,154.51300048828125,34783,1038240,0.03350188781014024
brown_0.002,1,16,96.0,u100m,-336.28143310546875,178.5517578125,194463,1038240,0.1873006241331484
brown_0.002,1,16,96.0,v100m,-70.38980102539062,164.24862670898438,33940,1038240,0.03268993681615041
brown_0.002,1,16,96.0,t2m,43.99214172363281,791.4951782226562,493980,1038240,0.4757859454461396
brown_0.002,1,16,96.0,sp,-78603.21875,224733.75,682817,1038240,0.6576677839420558
brown_0.002,1,16,96.0,msl,26164.4609375,171304.5625,725949,1038240,0.6992111650485436
brown_0.002,1,16,96.0,tcwv,-192.79269409179688,3107.075439453125,981369,1038240,0.9452236477115118
brown_0.002,1,16,96.0,u50,-1428.5892333984375,1027.59912109375,689179,1038240,0.6637954615503159
brown_0.002,1,16,96.0,u100,-1287.68310546875,1028.7059326171875,700202,1038240,0.6744124672522731
brown_0.002,1,16,96.0,u150,-1204.9788818359375,1296.3310546875,640603,1038240,0.617008591462475
brown_0.002,1,16,96.0,u200,-1638.5941162109375,994.0913696289062,690227,1038240,0.6648048620742796
brown_0.002,1,16,96.0,u250,-1939.1888427734375,875.7977905273438,675566,1038240,0.6506838495916166
brown_0.002,1,16,96.0,u300,-1340.175537109375,638.9702758789062,511860,1038240,0.49300739713361075
brown_0.002,1,16,96.0,u400,-901.7698974609375,524.3063354492188,408643,1038240,0.39359204037602097
brown_0.002,1,16,96.0,u500,-954.0159301757812,393.7138671875,356154,1038240,0.3430362921867776
brown_0.002,1,16,96.0,u600,-679.2098388671875,287.1871032714844,261010,1038240,0.25139659423640004
brown_0.002,1,16,96.0,u700,-471.84783935546875,273.86309814453125,191943,1038240,0.184873439667129
brown_0.002,1,16,96.0,u850,-361.7724914550781,257.10638427734375,151339,1038240,0.14576494837417167
brown_0.002,1,16,96.0,u925,-403.6976623535156,203.704345703125,104826,1038240,0.10096509477577438
brown_0.002,1,16,96.0,u1000,-313.85308837890625,148.67578125,49480,1038240,0.047657574356603484
brown_0.002,1,16,96.0,v50,-175.6479034423828,82.02064514160156,8487,1038240,0.008174410540915396
brown_0.002,1,16,96.0,v100,-274.013671875,158.83447265625,24700,1038240,0.023790260440745878
brown_0.002,1,16,96.0,v150,-237.8951873779297,381.3868713378906,244336,1038240,0.23533672368623826
brown_0.002,1,16,96.0,v200,-173.03305053710938,217.41876220703125,16597,1038240,0.015985706580366774
brown_0.002,1,16,96.0,v250,-104.41381072998047,213.3631134033203,70621,1038240,0.06801991832331639
brown_0.002,1,16,96.0,v300,-147.6884307861328,139.9180145263672,0,1038240,0.0
brown_0.002,1,16,96.0,v400,-99.45311737060547,89.31696319580078,0,1038240,0.0
brown_0.002,1,16,96.0,v500,-73.9228744506836,108.21465301513672,0,1038240,0.0
brown_0.002,1,16,96.0,v600,-54.67499923706055,90.2659683227539,0,1038240,0.0
brown_0.002,1,16,96.0,v700,-195.67100524902344,89.90324401855469,15225,1038240,0.014664239482200647
brown_0.002,1,16,96.0,v850,-48.10874557495117,148.51625061035156,0,1038240,0.0
brown_0.002,1,16,96.0,v925,-54.41563034057617,222.56739807128906,15468,1038240,0.01489828941285252
brown_0.002,1,16,96.0,v1000,-54.516517639160156,178.59454345703125,4468,1038240,0.004303436584989983
brown_0.002,1,16,96.0,z50,-41947.71875,510952.5,879803,1038240,0.8473984820465403
brown_0.002,1,16,96.0,z100,136959.59375,427471.5,817392,1038240,0.787286176606565
brown_0.002,1,16,96.0,z150,96024.828125,466731.90625,770531,1038240,0.7421511403914317
brown_0.002,1,16,96.0,z200,84040.5546875,403369.3125,737194,1038240,0.7100419941439359
brown_0.002,1,16,96.0,z250,69856.78125,362760.0,661595,1038240,0.6372274233317923
brown_0.002,1,16,96.0,z300,55041.640625,304125.78125,564830,1038240,0.5440264293419633
brown_0.002,1,16,96.0,z400,33301.7109375,206537.546875,401653,1038240,0.38685949298813377
brown_0.002,1,16,96.0,z500,13665.72265625,147274.8125,253776,1038240,0.2444290337494221
brown_0.002,1,16,96.0,z600,-1302.24609375,107055.578125,170900,1038240,0.16460548620742796
brown_0.002,1,16,96.0,z700,-13038.302734375,80618.6875,75498,1038240,0.07271729079981507
brown_0.002,1,16,96.0,z850,-26660.03515625,58650.96875,6962,1038240,0.006705578671598089
brown_0.002,1,16,96.0,z925,-35116.328125,55027.53125,16104,1038240,0.015510864539990754
brown_0.002,1,16,96.0,z1000,-54242.19921875,50374.23828125,54966,1038240,0.0529415164123902
brown_0.002,1,16,96.0,t50,-1050.856689453125,921.66162109375,823662,1038240,0.7933252427184466
brown_0.002,1,16,96.0,t100,-810.9747314453125,1208.0792236328125,907429,1038240,0.8740069733394976
brown_0.002,1,16,96.0,t150,-85.66590881347656,786.7410888671875,578213,1038240,0.5569165125597164
brown_0.002,1,16,96.0,t200,118.24273681640625,603.1802978515625,511965,1038240,0.4931085298196949
brown_0.002,1,16,96.0,t250,71.33726501464844,1098.3143310546875,612993,1038240,0.59041551086454
brown_0.002,1,16,96.0,t300,-24.225997924804688,1241.0592041015625,707982,1038240,0.6819059177068886
brown_0.002,1,16,96.0,t400,67.69515991210938,1091.11962890625,704601,1038240,0.6786494452149792
brown_0.002,1,16,96.0,t500,126.62875366210938,852.3811645507812,669464,1038240,0.6448065957774696
brown_0.002,1,16,96.0,t600,104.12539672851562,746.79931640625,633469,1038240,0.6101373478193867
brown_0.002,1,16,96.0,t700,136.7579803466797,746.511474609375,642190,1038240,0.6185371397750039
brown_0.002,1,16,96.0,t850,187.05470275878906,771.10205078125,555683,1038240,0.5352163276313762
brown_0.002,1,16,96.0,t925,162.3145294189453,586.0723876953125,427002,1038240,0.41127484974572354
brown_0.002,1,16,96.0,t1000,142.82943725585938,582.5403442382812,440598,1038240,0.42437008784096164
brown_0.002,1,16,96.0,q50,-0.0029804599471390247,0.0022850462701171637,496343,1038240,0.47806191246725227
brown_0.002,1,16,96.0,q100,-0.0015847347676753998,0.0018194869626313448,543665,1038240,0.5236409693327169
brown_0.002,1,16,96.0,q150,-0.0011665363563224673,0.0023731254041194916,353217,1038240,0.34020746648173833
brown_0.002,1,16,96.0,q200,-0.001370130805298686,0.0073023284785449505,59013,1038240,0.056839459084604714
brown_0.002,1,16,96.0,q250,-0.0030958910938352346,0.02501636929810047,63199,1038240,0.06087128216982586
brown_0.002,1,16,96.0,q300,-0.0021168095991015434,0.06376340985298157,70056,1038240,0.06747572815533981
brown_0.002,1,16,96.0,q400,-0.006842713337391615,0.14852707087993622,286488,1038240,0.27593619972260747
brown_0.002,1,16,96.0,q500,-0.01289726234972477,0.24108803272247314,526113,1038240,0.5067354368932039
brown_0.002,1,16,96.0,q600,-0.08699499815702438,0.37113794684410095,746912,1038240,0.719402065033133
brown_0.002,1,16,96.0,q700,-0.12288769334554672,0.48067334294319153,773066,1038240,0.7445927723840345
brown_0.002,1,16,96.0,q850,-0.048416271805763245,0.6424528956413269,848590,1038240,0.8173351055632609
brown_0.002,1,16,96.0,q925,-0.05888139829039574,0.6940128207206726,847562,1038240,0.8163449684080752
brown_0.002,1,16,96.0,q1000,-0.04761142283678055,0.6731492877006531,854340,1038240,0.8228733240869163
brown_0.002,1,17,102.0,u10m,-275.8677978515625,141.2777862548828,120629,1038240,0.11618604561565726
brown_0.002,1,17,102.0,v10m,-51.392723083496094,152.24461364746094,33073,1038240,0.03185486977962706
brown_0.002,1,17,102.0,u100m,-343.8299560546875,177.41053771972656,195867,1038240,0.18865291262135922
brown_0.002,1,17,102.0,v100m,-69.17686462402344,161.16583251953125,31428,1038240,0.030270457697642163
brown_0.002,1,17,102.0,t2m,52.72309875488281,818.2825927734375,502098,1038240,0.4836049468331022
brown_0.002,1,17,102.0,sp,-74887.25,219485.28125,664143,1038240,0.6396815765141007
brown_0.002,1,17,102.0,msl,25820.1484375,169981.3125,718774,1038240,0.6923004314994606
brown_0.002,1,17,102.0,tcwv,-199.29881286621094,3152.179931640625,979006,1038240,0.9429476806903991
brown_0.002,1,17,102.0,u50,-1449.63427734375,968.4130859375,664484,1038240,0.6400100169517645
brown_0.002,1,17,102.0,u100,-1313.4224853515625,1020.5905151367188,706307,1038240,0.6802926105717367
brown_0.002,1,17,102.0,u150,-1277.1011962890625,1288.1563720703125,647130,1038240,0.6232951918631531
brown_0.002,1,17,102.0,u200,-1695.1885986328125,987.9697265625,682183,1038240,0.6570571351517953
brown_0.002,1,17,102.0,u250,-1964.222412109375,867.8906860351562,670204,1038240,0.645519340422253
brown_0.002,1,17,102.0,u300,-1375.0439453125,632.843505859375,508132,1038240,0.48941670519340424
brown_0.002,1,17,102.0,u400,-938.1279907226562,516.69384765625,409252,1038240,0.394178609955309
brown_0.002,1,17,102.0,u500,-975.3762817382812,384.187255859375,354090,1038240,0.34104831252889506
brown_0.002,1,17,102.0,u600,-696.9125366210938,279.77276611328125,260549,1038240,0.2509525735860687
brown_0.002,1,17,102.0,u700,-488.6241149902344,272.2230529785156,190725,1038240,0.18370030050855293
brown_0.002,1,17,102.0,u850,-376.4228820800781,256.47564697265625,152906,1038240,0.14727423331792264
brown_0.002,1,17,102.0,u925,-414.4607849121094,203.0916748046875,107336,1038240,0.10338264755740484
brown_0.002,1,17,102.0,u1000,-319.1398620605469,147.7427978515625,51123,1038240,0.04924006010171059
brown_0.002,1,17,102.0,v50,-184.58023071289062,82.54460906982422,13746,1038240,0.013239713361072585
brown_0.002,1,17,102.0,v100,-280.53936767578125,160.16690063476562,26355,1038240,0.02538430420711974
brown_0.002,1,17,102.0,v150,-243.8345947265625,379.0788269042969,238828,1038240,0.2300315919247958
brown_0.002,1,17,102.0,v200,-171.2927703857422,216.14724731445312,15510,1038240,0.014938742487286176
brown_0.002,1,17,102.0,v250,-105.30225372314453,209.5320281982422,62820,1038240,0.06050624133148405
brown_0.002,1,17,102.0,v300,-149.69497680664062,136.3156280517578,0,1038240,0.0
brown_0.002,1,17,102.0,v400,-101.67047882080078,90.1331787109375,0,1038240,0.0
brown_0.002,1,17,102.0,v500,-72.65735626220703,110.07360076904297,0,1038240,0.0
brown_0.002,1,17,102.0,v600,-55.90188217163086,92.29464721679688,0,1038240,0.0
brown_0.002,1,17,102.0,v700,-196.22132873535156,86.43446350097656,15425,1038240,0.014856873169979965
brown_0.002,1,17,102.0,v850,-48.3953857421875,145.00035095214844,0,1038240,0.0
brown_0.002,1,17,102.0,v925,-54.96563720703125,219.55259704589844,14645,1038240,0.014105601787640622
brown_0.002,1,17,102.0,v1000,-54.49072265625,175.31398010253906,3582,1038240,0.0034500693481276006
brown_0.002,1,17,102.0,z50,-40937.140625,516354.4375,880414,1038240,0.8479869779627062
brown_0.002,1,17,102.0,z100,136493.96875,442713.25,828891,1038240,0.798361650485437
brown_0.002,1,17,102.0,z150,95033.203125,480086.03125,797733,1038240,0.7683512482662969
brown_0.002,1,17,102.0,z200,82799.234375,416041.8125,765597,1038240,0.7373988673139159
brown_0.002,1,17,102.0,z250,68527.2890625,373057.5,692317,1038240,0.6668178841115734
brown_0.002,1,17,102.0,z300,53460.0,312966.1875,595315,1038240,0.573388619201726
brown_0.002,1,17,102.0,z400,31579.1640625,213226.71875,429590,1038240,0.41376752966558794
brown_0.002,1,17,102.0,z500,11998.22265625,152242.5,269415,1038240,0.2594920249653259
brown_0.002,1,17,102.0,z600,-2904.72265625,110797.3125,186443,1038240,0.17957601325319772
brown_0.002,1,17,102.0,z700,-14412.525390625,81677.0546875,82346,1038240,0.07931306826937895
brown_0.002,1,17,102.0,z850,-27980.44921875,58204.8515625,7163,1038240,0.006899175527816304
brown_0.002,1,17,102.0,z925,-35201.07421875,54304.12890625,15751,1038240,0.015170866081060256
brown_0.002,1,17,102.0,z1000,-55035.10546875,49510.75,54581,1038240,0.05257069656341501
brown_0.002,1,17,102.0,t50,-1078.07421875,911.4786987304688,823424,1038240,0.7930960086299892
brown_0.002,1,17,102.0,t100,-815.2418212890625,1207.88232421875,906383,1038240,0.8729994991524118
brown_0.002,1,17,102.0,t150,-93.23396301269531,783.7279663085938,561891,1038240,0.5411956773000463
brown_0.002,1,17,102.0,t200,116.48323822021484,643.3128662109375,549699,1038240,0.529452727693019
brown_0.002,1,17,102.0,t250,68.45753479003906,1131.185302734375,638680,1038240,0.6151564185544768
brown_0.002,1,17,102.0,t300,-26.992904663085938,1269.7816162109375,729281,1038240,0.7024204422869471
brown_0.002,1,17,102.0,t400,65.27320861816406,1118.0843505859375,726043,1038240,0.6993017028817999
brown_0.002,1,17,102.0,t500,125.46610260009766,875.4102783203125,690114,1038240,0.6646960240406843
brown_0.002,1,17,102.0,t600,107.6507568359375,771.734130859375,662510,1038240,0.6381087224533827
brown_0.002,1,17,102.0,t700,134.1762237548828,772.050048828125,671086,1038240,0.6463688549853598
brown_0.002,1,17,102.0,t850,181.14483642578125,797.2510375976562,597021,1038240,0.5750317845584836
brown_0.002,1,17,102.0,t925,170.78334045410156,613.36279296875,451135,1038240,0.43451899368161506
brown_0.002,1,17,102.0,t1000,149.6755828857422,609.8135986328125,465375,1038240,0.44823451225150257
brown_0.002,1,17,102.0,q50,-0.0029296602588146925,0.002245512558147311,496382,1038240,0.47809947603636926
brown_0.002,1,17,102.0,q100,-0.0014673869591206312,0.0017278640298172832,546509,1038240,0.5263802203729389
brown_0.002,1,17,102.0,q150,-0.0010896490421146154,0.0023259692825376987,334251,1038240,0.3219400138696255
brown_0.002,1,17,102.0,q200,-0.001320057432167232,0.007298682816326618,57360,1038240,0.055247341655108646
brown_0.002,1,17,102.0,q250,-0.003056761110201478,0.025177396833896637,61683,1038240,0.05941111881645862
brown_0.002,1,17,102.0,q300,-0.002177863148972392,0.06426440179347992,71772,1038240,0.06912852519648637
brown_0.002,1,17,102.0,q400,-0.0068078492768108845,0.15028898417949677,292888,1038240,0.2821004777315457
brown_0.002,1,17,102.0,q500,-0.0121193528175354,0.24430418014526367,540015,1038240,0.5201254045307443
brown_0.002,1,17,102.0,q600,-0.08991705626249313,0.37348073720932007,753491,1038240,0.7257387501926337
brown_0.002,1,17,102.0,q700,-0.12911051511764526,0.48478424549102783,778891,1038240,0.7502032285406072
brown_0.002,1,17,102.0,q850,-0.053981442004442215,0.6556372046470642,857973,1038240,0.8263725150254276
brown_0.002,1,17,102.0,q925,-0.06671550124883652,0.7039711475372314,860103,1038240,0.8284240638002774
brown_0.002,1,17,102.0,q1000,-0.05378754436969757,0.6883082389831543,863158,1038240,0.8313665433811065
brown_0.002,1,18,108.0,u10m,-278.7778015136719,140.1307830810547,119377,1038240,0.11498015873015872
brown_0.002,1,18,108.0,v10m,-51.245792388916016,149.47686767578125,31371,1038240,0.03021555709662506
brown_0.002,1,18,108.0,u100m,-350.01043701171875,177.29563903808594,197548,1038240,0.1902719987671444
brown_0.002,1,18,108.0,v100m,-67.59490966796875,157.58042907714844,28818,1038240,0.027756588072122054
brown_0.002,1,18,108.0,t2m,61.92669677734375,843.8826293945312,506533,1038240,0.48787659885960855
brown_0.002,1,18,108.0,sp,-71092.359375,214077.921875,644278,1038240,0.6205482354754199
brown_0.002,1,18,108.0,msl,25793.234375,168375.5625,709330,1038240,0.6832042687625212
brown_0.002,1,18,108.0,tcwv,-204.8351593017578,3193.40478515625,976507,1038240,0.9405407227615965
brown_0.002,1,18,108.0,u50,-1468.4608154296875,910.3908081054688,642869,1038240,0.6191911311450147
brown_0.002,1,18,108.0,u100,-1336.7850341796875,1008.5350341796875,711021,1038240,0.6848329865926953
brown_0.002,1,18,108.0,u150,-1349.8199462890625,1276.8267822265625,654128,1038240,0.6300354445985514
brown_0.002,1,18,108.0,u200,-1747.1470947265625,979.7394409179688,671986,1038240,0.6472357065803668
brown_0.002,1,18,108.0,u250,-1995.6171875,856.638671875,664994,1038240,0.6405012328556018
brown_0.002,1,18,108.0,u300,-1409.4703369140625,624.4841918945312,504039,1038240,0.48547445677300044
brown_0.002,1,18,108.0,u400,-973.7069702148438,509.50433349609375,409249,1038240,0.3941757204499923
brown_0.002,1,18,108.0,u500,-995.0647583007812,376.05487060546875,352684,1038240,0.33969409770380643
brown_0.002,1,18,108.0,u600,-713.0266723632812,272.58526611328125,258814,1038240,0.24928147634458314
brown_0.002,1,18,108.0,u700,-504.5246887207031,269.813232421875,189003,1038240,0.182041724456773
brown_0.002,1,18,108.0,u850,-390.520751953125,255.93460083007812,153862,1038240,0.14819502234550777
brown_0.002,1,18,108.0,u925,-424.4531555175781,202.84274291992188,109206,1038240,0.10518377253814147
brown_0.002,1,18,108.0,u1000,-323.489990234375,147.0076904296875,52685,1038240,0.050744529203267066
brown_0.002,1,18,108.0,v50,-193.4082489013672,82.69969940185547,21107,1038240,0.020329596239790415
brown_0.002,1,18,108.0,v100,-286.88226318359375,160.84420776367188,28159,1038240,0.0271218600708892
brown_0.002,1,18,108.0,v150,-250.7349090576172,375.4029846191406,233301,1038240,0.22470815996301433
brown_0.002,1,18,108.0,v200,-168.7658233642578,214.27284240722656,14159,1038240,0.013637501926336879
brown_0.002,1,18,108.0,v250,-106.19525909423828,204.6764373779297,54921,1038240,0.05289817383263985
brown_0.002,1,18,108.0,v300,-151.50616455078125,132.81167602539062,40,1038240,3.852673755586377e-05
brown_0.002,1,18,108.0,v400,-102.37299346923828,90.98245239257812,0,1038240,0.0
brown_0.002,1,18,108.0,v500,-71.26258087158203,111.55307006835938,0,1038240,0.0
brown_0.002,1,18,108.0,v600,-57.877479553222656,94.13846588134766,0,1038240,0.0
brown_0.002,1,18,108.0,v700,-197.17532348632812,84.49937438964844,15533,1038240,0.014960895361380799
brown_0.002,1,18,108.0,v850,-48.51045608520508,141.59957885742188,0,1038240,0.0
brown_0.002,1,18,108.0,v925,-55.2626953125,216.76333618164062,13607,1038240,0.013105832948065959
brown_0.002,1,18,108.0,v1000,-53.942806243896484,171.73094177246094,2689,1038240,0.002589959932192942
brown_0.002,1,18,108.0,z50,-39366.90625,521700.375,879095,1038240,0.8467165587918015
brown_0.002,1,18,108.0,z100,134303.09375,457078.6875,839647,1038240,0.8087214902142087
brown_0.002,1,18,108.0,z150,94256.015625,492675.8125,820592,1038240,0.790368315611034
brown_0.002,1,18,108.0,z200,81739.375,428021.4375,790120,1038240,0.761018646940977
brown_0.002,1,18,108.0,z250,67356.984375,382791.5625,719928,1038240,0.6934119278779473
brown_0.002,1,18,108.0,z300,52021.46875,321330.875,626758,1038240,0.6036735244259516
brown_0.002,1,18,108.0,z400,30021.04296875,219620.609375,457803,1038240,0.44094140083217753
brown_0.002,1,18,108.0,z500,10519.48046875,157004.6875,285726,1038240,0.2752022653721683
brown_0.002,1,18,108.0,z600,-4343.4375,114404.0,202724,1038240,0.19525735860687318
brown_0.002,1,18,108.0,z700,-15651.501953125,82682.8828125,88429,1038240,0.08517202188318693
brown_0.002,1,18,108.0,z850,-29157.93359375,57676.74609375,7020,1038240,0.006761442441054091
brown_0.002,1,18,108.0,z925,-36028.6796875,53524.08984375,15163,1038240,0.014604523038989058
brown_0.002,1,18,108.0,z1000,-55561.296875,48424.4453125,53933,1038240,0.051946563415010014
brown_0.002,1,18,108.0,t50,-1099.707275390625,899.2061767578125,822679,1038240,0.7923784481430113
brown_0.002,1,18,108.0,t100,-817.6280517578125,1204.6229248046875,904871,1038240,0.8715431884728001
brown_0.002,1,18,108.0,t150,-99.73124694824219,796.4469604492188,542049,1038240,0.52208448913546
brown_0.002,1,18,108.0,t200,115.19915008544922,680.9745483398438,576600,1038240,0.5553629218677762
brown_0.002,1,18,108.0,t250,66.00425720214844,1162.3131103515625,659894,1038240,0.6355890738172292
brown_0.002,1,18,108.0,t300,-26.859466552734375,1294.650146484375,750045,1038240,0.722419671752196
brown_0.002,1,18,108.0,t400,63.916107177734375,1142.95458984375,748561,1038240,0.7209903297888735
brown_0.002,1,18,108.0,t500,124.85905456542969,897.3722534179688,712492,1038240,0.6862498073663122
brown_0.002,1,18,108.0,t600,111.29443359375,795.2034912109375,688809,1038240,0.6634390892279242
brown_0.002,1,18,108.0,t700,131.82359313964844,797.1873168945312,698440,1038240,0.6727153644629372
brown_0.002,1,18,108.0,t850,175.8780517578125,821.1581420898438,634985,1038240,0.6115975111727538
brown_0.002,1,18,108.0,t925,169.72377014160156,638.6967163085938,480393,1038240,0.4626993758668516
brown_0.002,1,18,108.0,t1000,156.83602905273438,635.794677734375,491606,1038240,0.4734993835721991
brown_0.002,1,18,108.0,q50,-0.002878855913877487,0.002205984201282263,496427,1038240,0.47814281861611957
brown_0.002,1,18,108.0,q100,-0.0013594796182587743,0.001643568859435618,550916,1038240,0.5306249036831561
brown_0.002,1,18,108.0,q150,-0.00101755210198462,0.0022807177156209946,314777,1038240,0.30318327169055326
brown_0.002,1,18,108.0,q200,-0.0012633012374863029,0.007331722881644964,56209,1038240,0.05413873478193867
brown_0.002,1,18,108.0,q250,-0.002998377662152052,0.02537863329052925,60379,1038240,0.05815514717213746
brown_0.002,1,18,108.0,q300,-0.00229588127695024,0.06466110795736313,72988,1038240,0.07029973801818462
brown_0.002,1,18,108.0,q400,-0.006864452268928289,0.15175063908100128,298521,1038240,0.2875260055478502
brown_0.002,1,18,108.0,q500,-0.011606650426983833,0.2470128983259201,552141,1038240,0.5318047850208044
brown_0.002,1,18,108.0,q600,-0.09280656278133392,0.37563052773475647,759225,1038240,0.7312615580212668
brown_0.002,1,18,108.0,q700,-0.1361779123544693,0.48884302377700806,785632,1038240,0.7566959469872091
brown_0.002,1,18,108.0,q850,-0.060298461467027664,0.6683069467544556,866140,1038240,0.8342387116658961
brown_0.002,1,18,108.0,q925,-0.07514026015996933,0.713554859161377,871382,1038240,0.8392876406225921
brown_0.002,1,18,108.0,q1000,-0.06057222560048103,0.7031458020210266,871121,1038240,0.8390362536600401
brown_0.002,1,19,114.0,u10m,-281.08709716796875,138.81405639648438,117668,1038240,0.11333410386808446
brown_0.002,1,19,114.0,v10m,-50.48646545410156,147.01918029785156,29423,1038240,0.02833930497765449
brown_0.002,1,19,114.0,u100m,-355.2478942871094,177.3589630126953,198939,1038240,0.19161176606564956
brown_0.002,1,19,114.0,v100m,-65.58496856689453,153.88955688476562,25938,1038240,0.02498266296809986
brown_0.002,1,19,114.0,t2m,71.61500549316406,867.82763671875,510686,1038240,0.4918766373863461
brown_0.002,1,19,114.0,sp,-67091.015625,208550.15625,622866,1038240,0.5999248728617661
brown_0.002,1,19,114.0,msl,25907.90625,166587.453125,700136,1038240,0.6743488981353059
brown_0.002,1,19,114.0,tcwv,-209.35400390625,3231.5498046875,974400,1038240,0.9385113268608414
brown_0.002,1,19,114.0,u50,-1486.7562255859375,855.861083984375,625202,1038240,0.6021748343350285
brown_0.002,1,19,114.0,u100,-1358.0457763671875,993.5568237304688,715472,1038240,0.6891200493142241
brown_0.002,1,19,114.0,u150,-1416.9444580078125,1263.33251953125,660986,1038240,0.6366408537525042
brown_0.002,1,19,114.0,u200,-1793.335205078125,969.9795532226562,662184,1038240,0.6377947295423023
brown_0.002,1,19,114.0,u250,-2026.09033203125,844.4783325195312,659189,1038240,0.634910040067807
brown_0.002,1,19,114.0,u300,-1443.501708984375,614.820068359375,501966,1038240,0.48347780859916784
brown_0.002,1,19,114.0,u400,-1007.0542602539062,501.87408447265625,408386,1038240,0.39334450608722454
brown_0.002,1,19,114.0,u500,-1014.2772216796875,368.0105895996094,351269,1038240,0.33833121436276775
brown_0.002,1,19,114.0,u600,-728.4526977539062,265.3623962402344,257851,1038240,0.24835394513792572
brown_0.002,1,19,114.0,u700,-519.2205200195312,266.4598083496094,187703,1038240,0.18078960548620743
brown_0.002,1,19,114.0,u850,-404.3022155761719,255.2753143310547,154122,1038240,0.1484454461396209
brown_0.002,1,19,114.0,u925,-435.1512756347656,203.06849670410156,110446,1038240,0.10637810140237325
brown_0.002,1,19,114.0,u1000,-327.0500793457031,146.44895935058594,54107,1038240,0.05211415472337803
brown_0.002,1,19,114.0,v50,-201.4053497314453,82.76253509521484,28520,1038240,0.027469563877330867
brown_0.002,1,19,114.0,v100,-292.550537109375,160.92568969726562,29741,1038240,0.02864559254122361
brown_0.002,1,19,114.0,v150,-257.17340087890625,369.7730712890625,228075,1038240,0.21967464170134074
brown_0.002,1,19,114.0,v200,-168.9351043701172,211.99891662597656,12677,1038240,0.012210086299892125
brown_0.002,1,19,114.0,v250,-107.24202728271484,199.29359436035156,47575,1038240,0.04582273848050547
brown_0.002,1,19,114.0,v300,-153.8564453125,128.75405883789062,67,1038240,6.453228540607181e-05
brown_0.002,1,19,114.0,v400,-101.4886245727539,92.00011444091797,0,1038240,0.0
brown_0.002,1,19,114.0,v500,-69.99388885498047,112.6484603881836,0,1038240,0.0
brown_0.002,1,19,114.0,v600,-59.892860412597656,95.89015197753906,0,1038240,0.0
brown_0.002,1,19,114.0,v700,-198.14540100097656,83.53992462158203,15586,1038240,0.015011943288642318
brown_0.002,1,19,114.0,v850,-48.18972396850586,138.46434020996094,0,1038240,0.0
brown_0.002,1,19,114.0,v925,-55.37943649291992,213.93846130371094,12594,1038240,0.012130143319463708
brown_0.002,1,19,114.0,v1000,-52.68427276611328,168.15115356445312,1364,1038240,0.0013137617506549545
brown_0.002,1,19,114.0,z50,-37204.546875,526957.4375,874826,1038240,0.842604792726152
brown_0.002,1,19,114.0,z100,131338.40625,470753.625,849044,1038240,0.8177723840345199
brown_0.002,1,19,114.0,z150,93675.421875,504619.875,838955,1038240,0.8080549776544922
brown_0.002,1,19,114.0,z200,80842.6796875,439304.46875,810228,1038240,0.7803860379103098
brown_0.002,1,19,114.0,z250,66328.203125,392061.75,744544,1038240,0.7171212821698258
brown_0.002,1,19,114.0,z300,50740.765625,329275.9375,656562,1038240,0.6323797965788257
brown_0.002,1,19,114.0,z400,28583.890625,225690.140625,483551,1038240,0.465741061796887
brown_0.002,1,19,114.0,z500,9203.5078125,161536.25,302649,1038240,0.29150196486361535
brown_0.002,1,19,114.0,z600,-5628.3046875,117886.234375,215320,1038240,0.20738942826321466
brown_0.002,1,19,114.0,z700,-16771.529296875,83594.5390625,94766,1038240,0.09127562028047465
brown_0.002,1,19,114.0,z850,-30215.09765625,56997.05078125,6457,1038240,0.006219178609955309
brown_0.002,1,19,114.0,z925,-36989.421875,52580.1796875,14767,1038240,0.014223108337186006
brown_0.002,1,19,114.0,z1000,-55851.3984375,47189.33984375,53019,1038240,0.05106622746185853
brown_0.002,1,19,114.0,t50,-1116.192138671875,885.3326416015625,820915,1038240,0.7906794190167976
brown_0.002,1,19,114.0,t100,-819.2747802734375,1199.5262451171875,903205,1038240,0.8699385498535984
brown_0.002,1,19,114.0,t150,-105.43562316894531,807.9931640625,521697,1038240,0.5024820850670365
brown_0.002,1,19,114.0,t200,114.32263946533203,717.1381225585938,597659,1038240,0.5756462860224996
brown_0.002,1,19,114.0,t250,64.04765319824219,1191.1253662109375,680203,1038240,0.6551500616427801
brown_0.002,1,19,114.0,t300,-25.304946899414062,1317.814208984375,767360,1038240,0.7390969332716906
brown_0.002,1,19,114.0,t400,63.613128662109375,1165.9862060546875,766851,1038240,0.7386066805362922
brown_0.002,1,19,114.0,t500,124.74775695800781,917.867431640625,734724,1038240,0.7076629680998613
brown_0.002,1,19,114.0,t600,114.86297607421875,816.5526733398438,713899,1038240,0.6876049853598397
brown_0.002,1,19,114.0,t700,129.97434997558594,821.1173095703125,722690,1038240,0.6960721991061797
brown_0.002,1,19,114.0,t850,170.88427734375,846.1187133789062,669723,1038240,0.6450560564031438
brown_0.002,1,19,114.0,t925,161.72637939453125,665.0324096679688,513326,1038240,0.49441940206503315
brown_0.002,1,19,114.0,t1000,164.2459259033203,661.6818237304688,516741,1038240,0.497708622283865
brown_0.002,1,19,114.0,q50,-0.002829464618116617,0.0021664579398930073,496471,1038240,0.47818519802743104
brown_0.002,1,19,114.0,q100,-0.0012600847985595465,0.0015647966647520661,552758,1038240,0.5323990599476036
brown_0.002,1,19,114.0,q150,-0.0009496351121924818,0.002238798188045621,296014,1038240,0.28511134227153645
brown_0.002,1,19,114.0,q200,-0.0012043964816257358,0.007392677944153547,54862,1038240,0.052841346894744956
brown_0.002,1,19,114.0,q250,-0.0029261629097163677,0.025565920397639275,59193,1038240,0.0570128294036061
brown_0.002,1,19,114.0,q300,-0.002378032775595784,0.06495006382465363,73769,1038240,0.07105197256896285
brown_0.002,1,19,114.0,q400,-0.006964182481169701,0.15298311412334442,304622,1038240,0.29340229619355834
brown_0.002,1,19,114.0,q500,-0.011053627356886864,0.2493857443332672,562962,1038240,0.5422272306981045
brown_0.002,1,19,114.0,q600,-0.09539777785539627,0.37716981768608093,764077,1038240,0.735934851286793
brown_0.002,1,19,114.0,q700,-0.14306199550628662,0.4927618205547333,791578,1038240,0.7624229465248883
brown_0.002,1,19,114.0,q850,-0.06723713129758835,0.6805245280265808,873929,1038240,0.8417408306364617
brown_0.002,1,19,114.0,q925,-0.08406317234039307,0.7228550314903259,879722,1038240,0.8473204654029897
brown_0.002,1,19,114.0,q1000,-0.06784230470657349,0.7170906662940979,878058,1038240,0.8457177531206658
brown_0.002,1,20,120.0,u10m,-283.4150085449219,138.2428741455078,116191,1038240,0.11191150408383418
brown_0.002,1,20,120.0,v10m,-49.27383804321289,144.27252197265625,26978,1038240,0.02598435814455232
brown_0.002,1,20,120.0,u100m,-360.0370788574219,177.2154998779297,199780,1038240,0.1924217907227616
brown_0.002,1,20,120.0,v100m,-63.34568405151367,150.3745574951172,22783,1038240,0.021943866543381107
brown_0.002,1,20,120.0,t2m,81.47871398925781,890.5203247070312,519514,1038240,0.5003794883649253
brown_0.002,1,20,120.0,sp,-62999.84375,203236.78125,602303,1038240,0.5801192402527354
brown_0.002,1,20,120.0,msl,26022.71875,164612.1875,689609,1038240,0.6642096239790415
brown_0.002,1,20,120.0,tcwv,-216.54281616210938,3265.90234375,973310,1038240,0.9374614732624441
brown_0.002,1,20,120.0,u50,-1502.0023193359375,804.587158203125,604553,1038240,0.5822863692402528
brown_0.002,1,20,120.0,u100,-1376.1146240234375,975.828125,717680,1038240,0.6912467252273078
brown_0.002,1,20,120.0,u150,-1478.91943359375,1248.351318359375,667121,1038240,0.6425498921251348
brown_0.002,1,20,120.0,u200,-1835.6611328125,958.6829223632812,653234,1038240,0.6291743720141778
brown_0.002,1,20,120.0,u250,-2055.189208984375,834.4000854492188,653205,1038240,0.6291464401294499
brown_0.002,1,20,120.0,u300,-1478.077880859375,605.610595703125,501358,1038240,0.4828922021883187
brown_0.002,1,20,120.0,u400,-1038.8541259765625,493.4149169921875,407540,1038240,0.392529665587918
brown_0.002,1,20,120.0,u500,-1031.8720703125,361.5360107421875,349718,1038240,0.33683734011403915
brown_0.002,1,20,120.0,u600,-742.9248657226562,257.998291015625,257764,1038240,0.2482701494837417
brown_0.002,1,20,120.0,u700,-532.8267211914062,262.3460998535156,187067,1038240,0.1801770303590692
brown_0.002,1,20,120.0,u850,-416.563232421875,254.3957061767578,153649,1038240,0.1479898674680228
brown_0.002,1,20,120.0,u925,-445.0142517089844,203.08201599121094,111321,1038240,0.10722087378640777
brown_0.002,1,20,120.0,u1000,-330.1820983886719,145.758056640625,55391,1038240,0.05335086299892125
brown_0.002,1,20,120.0,v50,-209.01087951660156,86.58222198486328,34167,1038240,0.032908576051779936
brown_0.002,1,20,120.0,v100,-298.2455139160156,160.03712463378906,31157,1038240,0.030009439050701185
brown_0.002,1,20,120.0,v150,-264.4347229003906,363.1641540527344,223106,1038240,0.21488865772846355
brown_0.002,1,20,120.0,v200,-170.5820770263672,208.73890686035156,11228,1038240,0.01081445523193096
brown_0.002,1,20,120.0,v250,-108.10808563232422,194.1189422607422,41180,1038240,0.03966327631376175
brown_0.002,1,20,120.0,v300,-156.1494903564453,124.14458465576172,103,1038240,9.92063492063492e-05
brown_0.002,1,20,120.0,v400,-99.74372100830078,93.0211181640625,0,1038240,0.0
brown_0.002,1,20,120.0,v500,-68.60580444335938,113.62256622314453,0,1038240,0.0
brown_0.002,1,20,120.0,v600,-61.807003021240234,97.69981384277344,0,1038240,0.0
brown_0.002,1,20,120.0,v700,-198.1708526611328,82.0909423828125,15512,1038240,0.01494066882416397
brown_0.002,1,20,120.0,v850,-47.486846923828125,135.70643615722656,0,1038240,0.0
brown_0.002,1,20,120.0,v925,-55.1037712097168,211.56390380859375,11825,1038240,0.011389466789952226
brown_0.002,1,20,120.0,v1000,-51.64093780517578,164.49012756347656,731,1038240,0.0007040761288334104
brown_0.002,1,20,120.0,z50,-34547.953125,531704.75,869427,1038240,0.8374046463245493
brown_0.002,1,20,120.0,z100,128763.5859375,483769.6875,856681,1038240,0.8251281014023732
brown_0.002,1,20,120.0,z150,93220.515625,515879.6875,853295,1038240,0.8218668130682694
brown_0.002,1,20,120.0,z200,80020.2265625,449922.15625,828407,1038240,0.7978954769610109
brown_0.002,1,20,120.0,z250,65390.671875,400876.625,766002,1038240,0.7377889505316689
brown_0.002,1,20,120.0,z300,49531.90234375,336858.625,684083,1038240,0.6588871551856988
brown_0.002,1,20,120.0,z400,27223.015625,231542.46875,506820,1038240,0.4881530282015719
brown_0.002,1,20,120.0,z500,7944.09375,165852.15625,321449,1038240,0.3096095315148713
brown_0.002,1,20,120.0,z600,-6795.703125,121203.421875,226372,1038240,0.21803436584989982
brown_0.002,1,20,120.0,z700,-17774.841796875,84514.734375,100700,1038240,0.09699106179688705
brown_0.002,1,20,120.0,z850,-31127.9609375,56126.640625,6739,1038240,0.006490792109724149
brown_0.002,1,20,120.0,z925,-37816.93359375,51459.921875,14180,1038240,0.013657728463553707
brown_0.002,1,20,120.0,z1000,-55949.73046875,45944.5703125,51860,1038240,0.049949915241177374
brown_0.002,1,20,120.0,t50,-1127.968994140625,870.5758666992188,818547,1038240,0.7883986361534905
brown_0.002,1,20,120.0,t100,-820.6710205078125,1195.39794921875,901322,1038240,0.8681249036831561
brown_0.002,1,20,120.0,t150,-110.28828430175781,818.1007690429688,505985,1038240,0.48734878255509323
brown_0.002,1,20,120.0,t200,113.79419708251953,751.933837890625,616513,1038240,0.593805863769456
brown_0.002,1,20,120.0,t250,62.61030578613281,1217.47900390625,698385,1038240,0.6726623901987979
brown_0.002,1,20,120.0,t300,-22.088638305664062,1338.310791015625,781398,1038240,0.752617891816921
brown_0.002,1,20,120.0,t400,64.76309204101562,1187.53857421875,784180,1038240,0.7552974264139313
brown_0.002,1,20,120.0,t500,125.43238830566406,936.2545776367188,756626,1038240,0.7287582832485745
brown_0.002,1,20,120.0,t600,118.74176025390625,836.3443603515625,738323,1038240,0.7111294113114501
brown_0.002,1,20,120.0,t700,129.2984619140625,843.3609008789062,745814,1038240,0.7183445060872246
brown_0.002,1,20,120.0,t850,165.9093475341797,869.6632690429688,698889,1038240,0.6731478270920018
brown_0.002,1,20,120.0,t925,154.1873016357422,690.7740478515625,548727,1038240,0.5285165279704115
brown_0.002,1,20,120.0,t1000,168.9816131591797,687.3526611328125,542099,1038240,0.5221326475574048
brown_0.002,1,20,120.0,q50,-0.0027800723910331726,0.0021283451933413744,496517,1038240,0.4782295037756203
brown_0.002,1,20,120.0,q100,-0.0011689842212945223,0.0014921294059604406,554467,1038240,0.5340451148096779
brown_0.002,1,20,120.0,q150,-0.0008889732416719198,0.002199636772274971,278735,1038240,0.2684687548158422
brown_0.002,1,20,120.0,q200,-0.0011437843786552548,0.007456921506673098,53648,1038240,0.05167206040992449
brown_0.002,1,20,120.0,q250,-0.0028398216236382723,0.02572554349899292,58147,1038240,0.05600535521652027
brown_0.002,1,20,120.0,q300,-0.002442006254568696,0.0651697888970375,74006,1038240,0.07128024348898135
brown_0.002,1,20,120.0,q400,-0.007016506977379322,0.15388113260269165,309954,1038240,0.29853791030975496
brown_0.002,1,20,120.0,q500,-0.01042526587843895,0.2512270212173462,572259,1038240,0.5511818076745261
brown_0.002,1,20,120.0,q600,-0.09753605723381042,0.3783375322818756,768778,1038240,0.7404627061180459
brown_0.002,1,20,120.0,q700,-0.1491308957338333,0.4977526366710663,797227,1038240,0.7678638850362152
brown_0.002,1,20,120.0,q850,-0.07482866197824478,0.691773533821106,880500,1038240,0.8480698104484512
brown_0.002,1,20,120.0,q925,-0.09348100423812866,0.7333038449287415,885797,1038240,0.8531717136692865
brown_0.002,1,20,120.0,q1000,-0.07540430873632431,0.730094850063324,884293,1038240,0.851723108337186
brown_0.002,2,0,0.0,u10m,-29.978036880493164,25.080936431884766,0,1038240,0.0
brown_0.002,2,0,0.0,v10m,-27.664247512817383,25.98574447631836,0,1038240,0.0
brown_0.002,2,0,0.0,u100m,-38.64410400390625,30.784297943115234,0,1038240,0.0
brown_0.002,2,0,0.0,v100m,-33.10651779174805,32.41142654418945,0,1038240,0.0
brown_0.002,2,0,0.0,t2m,203.01309204101562,317.2064208984375,0,1038240,0.0
brown_0.002,2,0,0.0,sp,49593.44921875,104524.6484375,0,1038240,0.0
brown_0.002,2,0,0.0,msl,93167.375,107762.9765625,0,1038240,0.0
brown_0.002,2,0,0.0,tcwv,0.03501102700829506,80.67315673828125,0,1038240,0.0
brown_0.002,2,0,0.0,u50,-32.536170959472656,69.6971664428711,0,1038240,0.0
brown_0.002,2,0,0.0,u100,-42.442726135253906,63.61613464355469,0,1038240,0.0
brown_0.002,2,0,0.0,u150,-43.695030212402344,76.46394348144531,0,1038240,0.0
brown_0.002,2,0,0.0,u200,-44.91548538208008,103.89008331298828,0,1038240,0.0
brown_0.002,2,0,0.0,u250,-45.85133361816406,105.45133972167969,0,1038240,0.0
brown_0.002,2,0,0.0,u300,-36.29221725463867,102.41112518310547,0,1038240,0.0
brown_0.002,2,0,0.0,u400,-35.728939056396484,71.87044525146484,0,1038240,0.0
brown_0.002,2,0,0.0,u500,-39.31697082519531,50.183353424072266,0,1038240,0.0
brown_0.002,2,0,0.0,u600,-45.01651382446289,45.66465759277344,0,1038240,0.0
brown_0.002,2,0,0.0,u700,-47.09231948852539,41.10851287841797,0,1038240,0.0
brown_0.002,2,0,0.0,u850,-52.83496856689453,36.30370330810547,0,1038240,0.0
brown_0.002,2,0,0.0,u925,-42.31224060058594,34.311241149902344,0,1038240,0.0
brown_0.002,2,0,0.0,u1000,-29.01289939880371,24.66170883178711,0,1038240,0.0
brown_0.002,2,0,0.0,v50,-28.306968688964844,37.0389289855957,0,1038240,0.0
brown_0.002,2,0,0.0,v100,-31.286306381225586,41.97501754760742,0,1038240,0.0
brown_0.002,2,0,0.0,v150,-39.73612976074219,46.224937438964844,0,1038240,0.0
brown_0.002,2,0,0.0,v200,-56.72056579589844,65.07951354980469,0,1038240,0.0
brown_0.002,2,0,0.0,v250,-63.08769607543945,62.81201934814453,0,1038240,0.0
brown_0.002,2,0,0.0,v300,-54.842952728271484,65.45671081542969,0,1038240,0.0
brown_0.002,2,0,0.0,v400,-59.892757415771484,63.00973129272461,0,1038240,0.0
brown_0.002,2,0,0.0,v500,-50.190521240234375,56.808467864990234,0,1038240,0.0
brown_0.002,2,0,0.0,v600,-45.04313278198242,40.06522750854492,0,1038240,0.0
brown_0.002,2,0,0.0,v700,-36.78923034667969,42.366207122802734,0,1038240,0.0
brown_0.002,2,0,0.0,v850,-42.88530349731445,34.95832061767578,0,1038240,0.0
brown_0.002,2,0,0.0,v925,-37.347198486328125,37.05279541015625,0,1038240,0.0
brown_0.002,2,0,0.0,v1000,-26.342069625854492,25.02793312072754,0,1038240,0.0
brown_0.002,2,0,0.0,z50,178325.890625,207936.40625,0,1038240,0.0
brown_0.002,2,0,0.0,z100,140693.140625,165755.734375,0,1038240,0.0
brown_0.002,2,0,0.0,z150,117632.0390625,141996.15625,0,1038240,0.0
brown_0.002,2,0,0.0,z200,100768.7421875,123884.2421875,0,1038240,0.0
brown_0.002,2,0,0.0,z250,87459.671875,109026.765625,0,1038240,0.0
brown_0.002,2,0,0.0,z300,76372.9453125,96320.9921875,0,1038240,0.0
brown_0.002,2,0,0.0,z400,58395.8515625,75588.4609375,0,1038240,0.0
brown_0.002,2,0,0.0,z500,43960.42578125,58905.3671875,0,1038240,0.0
brown_0.002,2,0,0.0,z600,31816.146484375,44789.28125,0,1038240,0.0
brown_0.002,2,0,0.0,z700,21340.9609375,32460.98828125,0,1038240,0.0
brown_0.002,2,0,0.0,z850,7071.60595703125,16482.923828125,0,1038240,0.0
brown_0.002,2,0,0.0,z925,558.6226196289062,9957.2314453125,0,1038240,0.0
brown_0.002,2,0,0.0,z1000,-5507.95556640625,4905.55908203125,0,1038240,0.0
brown_0.002,2,0,0.0,t50,176.96156311035156,233.25172424316406,0,1038240,0.0
brown_0.002,2,0,0.0,t100,185.84471130371094,235.84320068359375,0,1038240,0.0
brown_0.002,2,0,0.0,t150,187.88861083984375,238.9154052734375,0,1038240,0.0
brown_0.002,2,0,0.0,t200,190.1553192138672,241.1783905029297,0,1038240,0.0
brown_0.002,2,0,0.0,t250,199.01345825195312,243.645751953125,0,1038240,0.0
brown_0.002,2,0,0.0,t300,204.7047882080078,251.70631408691406,0,1038240,0.0
brown_0.002,2,0,0.0,t400,216.0404510498047,266.56341552734375,0,1038240,0.0
brown_0.002,2,0,0.0,t500,224.4993133544922,276.89935302734375,0,1038240,0.0
brown_0.002,2,0,0.0,t600,204.5535125732422,287.2445983886719,0,1038240,0.0
brown_0.002,2,0,0.0,t700,208.459228515625,296.9901428222656,0,1038240,0.0
brown_0.002,2,0,0.0,t850,216.3003692626953,309.6717224121094,0,1038240,0.0
brown_0.002,2,0,0.0,t925,219.8113555908203,315.32257080078125,0,1038240,0.0
brown_0.002,2,0,0.0,t1000,223.10382080078125,319.7142028808594,0,1038240,0.0
brown_0.002,2,0,0.0,q50,-0.003787123830989003,0.003508966416120529,514369,1038240,0.49542398674680227
brown_0.002,2,0,0.0,q100,-0.0030350114684551954,0.0026522825937718153,494459,1038240,0.4762473031283711
brown_0.002,2,0,0.0,q150,-0.006051904056221247,0.006676624994724989,540827,1038240,0.5209074973031284
brown_0.002,2,0,0.0,q200,-0.003172423457726836,0.0036738375201821327,557186,1038240,0.5366639697950377
brown_0.002,2,0,0.0,q250,-0.004270119592547417,0.004813206847757101,491901,1038240,0.4737835182616736
brown_0.002,2,0,0.0,q300,-0.0035568263847380877,0.0034254747442901134,471383,1038240,0.45402122823239327
brown_0.002,2,0,0.0,q400,-0.005683221388608217,0.008486662991344929,497957,1038240,0.4796164663276314
brown_0.002,2,0,0.0,q500,-0.0051415348425507545,0.012002557516098022,423149,1038240,0.40756376175065495
brown_0.002,2,0,0.0,q600,-0.0033655629958957434,0.014804936945438385,250714,1038240,0.24147981198952073
brown_0.002,2,0,0.0,q700,-0.003943770192563534,0.01769259013235569,199551,1038240,0.19220122515025428
brown_0.002,2,0,0.0,q850,-0.0036848450545221567,0.029951879754662514,122199,1038240,0.11769822006472491
brown_0.002,2,0,0.0,q925,-0.004051883239299059,0.03197937086224556,141237,1038240,0.13603502080443827
brown_0.002,2,0,0.0,q1000,-0.0027242100331932306,0.037911757826805115,55129,1038240,0.053098512867930346
brown_0.002,2,1,6.0,u10m,-45.91766357421875,53.567283630371094,0,1038240,0.0
brown_0.002,2,1,6.0,v10m,-39.20183181762695,91.95623779296875,0,1038240,0.0
brown_0.002,2,1,6.0,u100m,-44.1376838684082,80.36278533935547,0,1038240,0.0
brown_0.002,2,1,6.0,v100m,-57.281978607177734,119.81240844726562,15280,1038240,0.01471721374633996
brown_0.002,2,1,6.0,t2m,138.3424072265625,311.94091796875,2099,1038240,0.002021690553243951
brown_0.002,2,1,6.0,sp,41811.1484375,116754.859375,67507,1038240,0.06502061180459238
brown_0.002,2,1,6.0,msl,94171.46875,115052.7109375,68264,1038240,0.06574973031283711
brown_0.002,2,1,6.0,tcwv,-33.593162536621094,647.6055908203125,648347,1038240,0.6244673678532902
brown_0.002,2,1,6.0,u50,-114.11163330078125,198.4494171142578,4760,1038240,0.004584681769147788
brown_0.002,2,1,6.0,u100,-39.59131622314453,173.34274291992188,11129,1038240,0.010719101556480197
brown_0.002,2,1,6.0,u150,-87.13328552246094,472.2281188964844,281698,1038240,0.2713226229002928
brown_0.002,2,1,6.0,u200,-119.65962982177734,249.63026428222656,43652,1038240,0.04204422869471413
brown_0.002,2,1,6.0,u250,-452.4832458496094,161.83164978027344,147366,1038240,0.1419382801664355
brown_0.002,2,1,6.0,u300,-303.338623046875,147.83705139160156,84854,1038240,0.0817286947141316
brown_0.002,2,1,6.0,u400,-115.55558013916016,159.25523376464844,325,1038240,0.00031302974264139314
brown_0.002,2,1,6.0,u500,-196.43234252929688,75.57594299316406,22901,1038240,0.022057520419170903
brown_0.002,2,1,6.0,u600,-146.6965789794922,81.50520324707031,0,1038240,0.0
brown_0.002,2,1,6.0,u700,-71.40799713134766,120.14451599121094,0,1038240,0.0
brown_0.002,2,1,6.0,u850,-25.494901657104492,98.02249908447266,0,1038240,0.0
brown_0.002,2,1,6.0,u925,-37.1740608215332,105.98519897460938,0,1038240,0.0
brown_0.002,2,1,6.0,u1000,-74.40181732177734,55.481876373291016,0,1038240,0.0
brown_0.002,2,1,6.0,v50,-72.08390045166016,70.49607849121094,0,1038240,0.0
brown_0.002,2,1,6.0,v100,-88.01993560791016,113.1991958618164,0,1038240,0.0
brown_0.002,2,1,6.0,v150,-161.07321166992188,334.5824279785156,134840,1038240,0.12987363230081678
brown_0.002,2,1,6.0,v200,-134.95938110351562,123.11549377441406,0,1038240,0.0
brown_0.002,2,1,6.0,v250,-64.32184600830078,260.35687255859375,16212,1038240,0.015614886731391586
brown_0.002,2,1,6.0,v300,-86.07582092285156,119.68451690673828,0,1038240,0.0
brown_0.002,2,1,6.0,v400,-101.3702163696289,61.82775115966797,0,1038240,0.0
brown_0.002,2,1,6.0,v500,-61.55155563354492,52.55302810668945,0,1038240,0.0
brown_0.002,2,1,6.0,v600,-57.770408630371094,56.600860595703125,0,1038240,0.0
brown_0.002,2,1,6.0,v700,-124.00827026367188,58.395301818847656,0,1038240,0.0
brown_0.002,2,1,6.0,v850,-31.622507095336914,80.80319213867188,0,1038240,0.0
brown_0.002,2,1,6.0,v925,-44.941856384277344,94.1230239868164,0,1038240,0.0
brown_0.002,2,1,6.0,v1000,-40.720054626464844,115.89403533935547,0,1038240,0.0
brown_0.002,2,1,6.0,z50,150203.390625,247234.0625,19820,1038240,0.019089998458930498
brown_0.002,2,1,6.0,z100,131146.765625,190495.109375,0,1038240,0.0
brown_0.002,2,1,6.0,z150,108722.8359375,173939.5,1164,1038240,0.0011211280628756358
brown_0.002,2,1,6.0,z200,95919.4765625,137476.796875,0,1038240,0.0
brown_0.002,2,1,6.0,z250,88815.6484375,122780.9375,0,1038240,0.0
brown_0.002,2,1,6.0,z300,76618.921875,111215.484375,0,1038240,0.0
brown_0.002,2,1,6.0,z400,58906.7265625,81232.25,0,1038240,0.0
brown_0.002,2,1,6.0,z500,46042.765625,63770.1484375,0,1038240,0.0
brown_0.002,2,1,6.0,z600,34773.14453125,49065.078125,0,1038240,0.0
brown_0.002,2,1,6.0,z700,23106.494140625,36385.8203125,0,1038240,0.0
brown_0.002,2,1,6.0,z850,9300.9140625,19820.25,0,1038240,0.0
brown_0.002,2,1,6.0,z925,2244.8876953125,13826.580078125,0,1038240,0.0
brown_0.002,2,1,6.0,z1000,-4532.6103515625,7380.59423828125,0,1038240,0.0
brown_0.002,2,1,6.0,t50,57.66389465332031,289.77130126953125,152285,1038240,0.14667610571736786
brown_0.002,2,1,6.0,t100,-27.86053466796875,395.41339111328125,366175,1038240,0.3526882031129604
brown_0.002,2,1,6.0,t150,84.16737365722656,398.8631286621094,132878,1038240,0.12798389582370165
brown_0.002,2,1,6.0,t200,161.7808837890625,313.5633850097656,0,1038240,0.0
brown_0.002,2,1,6.0,t250,152.7335968017578,338.8834228515625,0,1038240,0.0
brown_0.002,2,1,6.0,t300,185.39097595214844,308.88409423828125,0,1038240,0.0
brown_0.002,2,1,6.0,t400,182.83900451660156,300.835693359375,0,1038240,0.0
brown_0.002,2,1,6.0,t500,198.3984375,297.86541748046875,0,1038240,0.0
brown_0.002,2,1,6.0,t600,190.49920654296875,315.8877258300781,0,1038240,0.0
brown_0.002,2,1,6.0,t700,171.931640625,300.1665344238281,0,1038240,0.0
brown_0.002,2,1,6.0,t850,169.43170166015625,339.96173095703125,0,1038240,0.0
brown_0.002,2,1,6.0,t925,109.74127197265625,316.3952331542969,21473,1038240,0.02068211588842657
brown_0.002,2,1,6.0,t1000,140.63523864746094,325.9626770019531,881,1038240,0.0008485513946678995
brown_0.002,2,1,6.0,q50,-0.0037219023797661066,0.0034458590671420097,514352,1038240,0.49540761288334106
brown_0.002,2,1,6.0,q100,-0.0027427186723798513,0.002433972666040063,496478,1038240,0.4781919402065033
brown_0.002,2,1,6.0,q150,-0.003358899848535657,0.0038261699955910444,528373,1038240,0.5089121975651102
brown_0.002,2,1,6.0,q200,-0.0015319915255531669,0.003526019398123026,258538,1038240,0.24901564185544767
brown_0.002,2,1,6.0,q250,-0.0017950775800272822,0.006450342014431953,233100,1038240,0.22451456310679613
brown_0.002,2,1,6.0,q300,-0.002145021688193083,0.017298145219683647,130199,1038240,0.12540356757589768
brown_0.002,2,1,6.0,q400,-0.005377895198762417,0.036942705512046814,155652,1038240,0.1499190938511327
brown_0.002,2,1,6.0,q500,-0.007802025880664587,0.028403939679265022,103622,1038240,0.09980543997534289
brown_0.002,2,1,6.0,q600,-0.010347031988203526,0.06654950976371765,94645,1038240,0.09115907689936815
brown_0.002,2,1,6.0,q700,-0.0130402110517025,0.08559555560350418,207687,1038240,0.20003756356911698
brown_0.002,2,1,6.0,q850,-0.016929764300584793,0.13947680592536926,278771,1038240,0.26850342887964246
brown_0.002,2,1,6.0,q925,-0.02546258270740509,0.140516459941864,317614,1038240,0.3059157805517029
brown_0.002,2,1,6.0,q1000,-0.01614660583436489,0.10215694457292557,312571,1038240,0.30105852211434736
brown_0.002,2,2,12.0,u10m,-69.860595703125,79.67699432373047,0,1038240,0.0
brown_0.002,2,2,12.0,v10m,-45.49491882324219,123.97125244140625,16344,1038240,0.015742024965325938
brown_0.002,2,2,12.0,u100m,-88.92691040039062,111.07501983642578,6940,1038240,0.006684388965942364
brown_0.002,2,2,12.0,v100m,-63.06105422973633,158.0484161376953,50998,1038240,0.04911966404684851
brown_0.002,2,2,12.0,t2m,79.30284118652344,326.12213134765625,70481,1038240,0.06788507474187086
brown_0.002,2,2,12.0,sp,35058.953125,128140.28125,256325,1038240,0.2468841501001695
brown_0.002,2,2,12.0,msl,89735.9296875,125733.484375,235571,1038240,0.2268945523193096
brown_0.002,2,2,12.0,tcwv,-72.48760986328125,1135.072021484375,801578,1038240,0.7720546309138542
brown_0.002,2,2,12.0,u50,-195.6180419921875,335.93035888671875,50490,1038240,0.04863037447988904
brown_0.002,2,2,12.0,u100,-99.84526062011719,343.35321044921875,218623,1038240,0.2105707736168901
brown_0.002,2,2,12.0,u150,-102.37786102294922,739.1746215820312,472168,1038240,0.4547773154569271
brown_0.002,2,2,12.0,u200,-127.87931060791016,289.57220458984375,184200,1038240,0.17741562644475267
brown_0.002,2,2,12.0,u250,-695.3128662109375,232.00570678710938,294150,1038240,0.28331599630143317
brown_0.002,2,2,12.0,u300,-516.818115234375,210.1241455078125,175561,1038240,0.16909481430112497
brown_0.002,2,2,12.0,u400,-217.66209411621094,219.50326538085938,30039,1038240,0.028932616736014796
brown_0.002,2,2,12.0,u500,-296.0926208496094,113.74597930908203,69191,1038240,0.06664258745569425
brown_0.002,2,2,12.0,u600,-255.12327575683594,105.2710189819336,44805,1038240,0.043154761904761904
brown_0.002,2,2,12.0,u700,-96.53765869140625,148.5026397705078,0,1038240,0.0
brown_0.002,2,2,12.0,u850,-44.13738250732422,155.16465759277344,668,1038240,0.0006433965171829249
brown_0.002,2,2,12.0,u925,-65.9251708984375,147.89476013183594,0,1038240,0.0
brown_0.002,2,2,12.0,u1000,-104.22904205322266,83.72337341308594,0,1038240,0.0
brown_0.002,2,2,12.0,v50,-85.32909393310547,84.42100524902344,0,1038240,0.0
brown_0.002,2,2,12.0,v100,-124.44698333740234,143.53948974609375,0,1038240,0.0
brown_0.002,2,2,12.0,v150,-217.5692901611328,413.8946533203125,215735,1038240,0.20778914316535677
brown_0.002,2,2,12.0,v200,-150.42298889160156,167.91162109375,123,1038240,0.00011846971798428109
brown_0.002,2,2,12.0,v250,-94.8365478515625,225.83963012695312,57203,1038240,0.05509612421020188
brown_0.002,2,2,12.0,v300,-144.466064453125,165.01942443847656,2385,1038240,0.002297156726768377
brown_0.002,2,2,12.0,v400,-103.58161163330078,86.46000671386719,0,1038240,0.0
brown_0.002,2,2,12.0,v500,-63.659568786621094,63.96150588989258,0,1038240,0.0
brown_0.002,2,2,12.0,v600,-66.7678451538086,48.33716583251953,0,1038240,0.0
brown_0.002,2,2,12.0,v700,-133.14402770996094,69.77806091308594,0,1038240,0.0
brown_0.002,2,2,12.0,v850,-37.926300048828125,116.14612579345703,0,1038240,0.0
brown_0.002,2,2,12.0,v925,-48.128570556640625,132.3500518798828,0,1038240,0.0
brown_0.002,2,2,12.0,v1000,-46.02409362792969,157.56053161621094,2236,1038240,0.002153644629372785
brown_0.002,2,2,12.0,z50,134281.75,277162.5625,151977,1038240,0.1463794498381877
brown_0.002,2,2,12.0,z100,129571.390625,205786.28125,28645,1038240,0.02758995993219294
brown_0.002,2,2,12.0,z150,107369.15625,195604.25,43584,1038240,0.04197873324086916
brown_0.002,2,2,12.0,z200,95089.78125,153442.9375,0,1038240,0.0
brown_0.002,2,2,12.0,z250,87311.6015625,140876.28125,1,1038240,9.631684388965943e-07
brown_0.002,2,2,12.0,z300,75331.078125,124771.7265625,0,1038240,0.0
brown_0.002,2,2,12.0,z400,56579.95703125,88460.6171875,0,1038240,0.0
brown_0.002,2,2,12.0,z500,44637.515625,68860.34375,0,1038240,0.0
brown_0.002,2,2,12.0,z600,34486.60546875,53515.18359375,0,1038240,0.0
brown_0.002,2,2,12.0,z700,22420.62109375,40397.0703125,0,1038240,0.0
brown_0.002,2,2,12.0,z850,7659.33984375,23683.8046875,0,1038240,0.0
brown_0.002,2,2,12.0,z925,-419.0830078125,17828.275390625,0,1038240,0.0
brown_0.002,2,2,12.0,z1000,-7508.13916015625,12709.1474609375,0,1038240,0.0
brown_0.002,2,2,12.0,t50,-74.05313110351562,351.92315673828125,282188,1038240,0.2717945754353521
brown_0.002,2,2,12.0,t100,-213.70758056640625,509.8838806152344,544039,1038240,0.5240011943288643
brown_0.002,2,2,12.0,t150,18.8902587890625,505.185546875,379430,1038240,0.3654550007705348
brown_0.002,2,2,12.0,t200,128.37147521972656,340.84112548828125,9503,1038240,0.009152989674834335
brown_0.002,2,2,12.0,t250,143.56854248046875,397.26300048828125,62492,1038240,0.06019032208352597
brown_0.002,2,2,12.0,t300,175.3572540283203,392.43890380859375,30389,1038240,0.0292697256896286
brown_0.002,2,2,12.0,t400,162.88873291015625,352.5703430175781,10141,1038240,0.009767491138850361
brown_0.002,2,2,12.0,t500,178.8593292236328,315.4157409667969,0,1038240,0.0
brown_0.002,2,2,12.0,t600,154.080322265625,333.55377197265625,0,1038240,0.0
brown_0.002,2,2,12.0,t700,164.8759002685547,301.29351806640625,0,1038240,0.0
brown_0.002,2,2,12.0,t850,158.46353149414062,360.6681823730469,217,1038240,0.00020900755124056094
brown_0.002,2,2,12.0,t925,32.60719299316406,320.09442138671875,96617,1038240,0.09305844506087224
brown_0.002,2,2,12.0,t1000,61.05220031738281,333.60595703125,52553,1038240,0.050617390969332716
brown_0.002,2,2,12.0,q50,-0.0036570848897099495,0.0033838634844869375,514322,1038240,0.4953787178301741
brown_0.002,2,2,12.0,q100,-0.0024779087398201227,0.0022343401797115803,498478,1038240,0.4801182770842965
brown_0.002,2,2,12.0,q150,-0.0020424514077603817,0.0025590064469724894,510863,1038240,0.49204711820003083
brown_0.002,2,2,12.0,q200,-0.0010543763637542725,0.003997390158474445,130838,1038240,0.1260190322083526
brown_0.002,2,2,12.0,q250,-0.0017413755413144827,0.01063838042318821,145113,1038240,0.13976826167360148
brown_0.002,2,2,12.0,q300,-0.00206744228489697,0.02669820934534073,98846,1038240,0.09520534751117275
brown_0.002,2,2,12.0,q400,-0.005745163653045893,0.05683530867099762,144261,1038240,0.1389476421636616
brown_0.002,2,2,12.0,q500,-0.009508457034826279,0.06721244007349014,95290,1038240,0.09178032054245647
brown_0.002,2,2,12.0,q600,-0.008793364278972149,0.13043707609176636,337721,1038240,0.3252822083525967
brown_0.002,2,2,12.0,q700,-0.021745312958955765,0.17830012738704681,460002,1038240,0.44305940822931117
brown_0.002,2,2,12.0,q850,-0.03495974838733673,0.24174870550632477,558106,1038240,0.5375500847588226
brown_0.002,2,2,12.0,q925,-0.03623154014348984,0.2718784213066101,597691,1038240,0.5756771074125443
brown_0.002,2,2,12.0,q1000,-0.02752961404621601,0.18970894813537598,595907,1038240,0.5739588149175527
brown_0.002,2,3,18.0,u10m,-90.92900085449219,98.9275131225586,0,1038240,0.0
brown_0.002,2,3,18.0,v10m,-46.80939865112305,133.78587341308594,18956,1038240,0.01825782092772384
brown_0.002,2,3,18.0,u100m,-117.35733032226562,134.76983642578125,34597,1038240,0.03332273848050547
brown_0.002,2,3,18.0,v100m,-63.265724182128906,166.1306915283203,55991,1038240,0.05392876406225921
brown_0.002,2,3,18.0,t2m,41.28076171875,336.0151062011719,95884,1038240,0.09235244259516104
brown_0.002,2,3,18.0,sp,28867.03125,137272.59375,314136,1038240,0.30256588072122054
brown_0.002,2,3,18.0,msl,84725.125,133485.96875,291253,1038240,0.2805256973339498
brown_0.002,2,3,18.0,tcwv,-96.97114562988281,1505.529052734375,867690,1038240,0.8357316227461858
brown_0.002,2,3,18.0,u50,-254.44546508789062,427.3360290527344,96386,1038240,0.09283595315148713
brown_0.002,2,3,18.0,u100,-166.9458465576172,498.9742431640625,337299,1038240,0.32487575127138235
brown_0.002,2,3,18.0,u150,-126.63220977783203,920.7550048828125,530335,1038240,0.5108019340422253
brown_0.002,2,3,18.0,u200,-164.72607421875,416.4464111328125,262173,1038240,0.2525167591308368
brown_0.002,2,3,18.0,u250,-841.9848022460938,341.4884338378906,417658,1038240,0.40227500385267373
brown_0.002,2,3,18.0,u300,-641.616455078125,262.2801208496094,243644,1038240,0.2346702111265218
brown_0.002,2,3,18.0,u400,-284.2709045410156,270.70965576171875,90023,1038240,0.0867073123747881
brown_0.002,2,3,18.0,u500,-367.6876220703125,170.55987548828125,103749,1038240,0.09992776236708276
brown_0.002,2,3,18.0,u600,-313.0243225097656,122.78214263916016,72711,1038240,0.07003294036061027
brown_0.002,2,3,18.0,u700,-121.13040161132812,171.25619506835938,3067,1038240,0.0029540376020958546
brown_0.002,2,3,18.0,u850,-78.11029815673828,190.61880493164062,21738,1038240,0.020937355524734167
brown_0.002,2,3,18.0,u925,-96.47283935546875,184.4351806640625,14558,1038240,0.014021806133456619
brown_0.002,2,3,18.0,u1000,-123.15010070800781,103.77978515625,0,1038240,0.0
brown_0.002,2,3,18.0,v50,-79.49137878417969,95.03770446777344,0,1038240,0.0
brown_0.002,2,3,18.0,v100,-149.29629516601562,153.9634552001953,309,1038240,0.00029761904761904765
brown_0.002,2,3,18.0,v150,-243.07569885253906,432.048583984375,250852,1038240,0.24161272923408847
brown_0.002,2,3,18.0,v200,-183.8871307373047,184.613037109375,6970,1038240,0.006713284019109262
brown_0.002,2,3,18.0,v250,-133.70347595214844,263.0912780761719,90623,1038240,0.08728521343812606
brown_0.002,2,3,18.0,v300,-160.49697875976562,184.8805694580078,14272,1038240,0.013746339959932193
brown_0.002,2,3,18.0,v400,-114.03714752197266,106.1849594116211,0,1038240,0.0
brown_0.002,2,3,18.0,v500,-71.31136322021484,72.431884765625,0,1038240,0.0
brown_0.002,2,3,18.0,v600,-68.44002532958984,64.09052276611328,0,1038240,0.0
brown_0.002,2,3,18.0,v700,-142.1739959716797,81.38001251220703,0,1038240,0.0
brown_0.002,2,3,18.0,v850,-39.76308059692383,132.9627685546875,0,1038240,0.0
brown_0.002,2,3,18.0,v925,-45.93692398071289,157.6803436279297,978,1038240,0.0009419787332408692
brown_0.002,2,3,18.0,v1000,-46.017547607421875,173.83871459960938,9316,1038240,0.008972877176760673
brown_0.002,2,3,18.0,z50,125075.921875,299620.4375,291481,1038240,0.2807452997380182
brown_0.002,2,3,18.0,z100,132397.765625,216273.046875,63313,1038240,0.06098108337186007
brown_0.002,2,3,18.0,z150,106800.9296875,216357.5625,83634,1038240,0.08055362921867776
brown_0.002,2,3,18.0,z200,96009.859375,172437.96875,24249,1038240,0.023355871474803513
brown_0.002,2,3,18.0,z250,86589.09375,160391.953125,35735,1038240,0.0344188241639698
brown_0.002,2,3,18.0,z300,74345.078125,139474.625,20804,1038240,0.020037756202804746
brown_0.002,2,3,18.0,z400,55636.8359375,96997.1796875,0,1038240,0.0
brown_0.002,2,3,18.0,z500,43902.9140625,73548.6875,0,1038240,0.0
brown_0.002,2,3,18.0,z600,33920.0859375,57689.0,0,1038240,0.0
brown_0.002,2,3,18.0,z700,20953.650390625,44121.05859375,0,1038240,0.0
brown_0.002,2,3,18.0,z850,5262.447265625,26964.9140625,0,1038240,0.0
brown_0.002,2,3,18.0,z925,-3323.65234375,21407.650390625,0,1038240,0.0
brown_0.002,2,3,18.0,z1000,-10849.1630859375,17002.63671875,0,1038240,0.0
brown_0.002,2,3,18.0,t50,-186.73660278320312,413.93035888671875,428307,1038240,0.4125317845584836
brown_0.002,2,3,18.0,t100,-340.8538513183594,587.1572265625,643204,1038240,0.619513792572045
brown_0.002,2,3,18.0,t150,-22.38385009765625,577.367919921875,454731,1038240,0.43798254738788717
brown_0.002,2,3,18.0,t200,94.42262268066406,353.78167724609375,57989,1038240,0.055853174603174606
brown_0.002,2,3,18.0,t250,136.94346618652344,429.7335205078125,79012,1038240,0.0761018646940977
brown_0.002,2,3,18.0,t300,166.27471923828125,479.5294189453125,102999,1038240,0.0992053860379103
brown_0.002,2,3,18.0,t400,151.6993408203125,412.9812927246094,63090,1038240,0.06076629680998613
brown_0.002,2,3,18.0,t500,166.50555419921875,350.9175109863281,6225,1038240,0.005995723532131299
brown_0.002,2,3,18.0,t600,129.25340270996094,345.7435302734375,3143,1038240,0.0030272384034519956
brown_0.002,2,3,18.0,t700,151.36187744140625,316.2482604980469,0,1038240,0.0
brown_0.002,2,3,18.0,t850,177.540771484375,361.0211486816406,3515,1038240,0.0033855370627215286
brown_0.002,2,3,18.0,t925,22.549819946289062,324.3394775390625,100371,1038240,0.09667417938049006
brown_0.002,2,3,18.0,t1000,42.961517333984375,336.9412841796875,84768,1038240,0.0816458622283865
brown_0.002,2,3,18.0,q50,-0.003592260181903839,0.003321810159832239,514312,1038240,0.4953690861457852
brown_0.002,2,3,18.0,q100,-0.002235670806840062,0.0020528174936771393,499656,1038240,0.4812528895053167
brown_0.002,2,3,18.0,q150,-0.001545081497170031,0.00197200826369226,485860,1038240,0.46796501772229926
brown_0.002,2,3,18.0,q200,-0.0008193547837436199,0.0042279623448848724,70716,1038240,0.06811141932501155
brown_0.002,2,3,18.0,q250,-0.0014070990728214383,0.01301213726401329,91575,1038240,0.08820214979195562
brown_0.002,2,3,18.0,q300,-0.0016298862174153328,0.03271353617310524,59478,1038240,0.05728733240869163
brown_0.002,2,3,18.0,q400,-0.00574489263817668,0.07297735661268234,143925,1038240,0.13862401756819231
brown_0.002,2,3,18.0,q500,-0.010517489165067673,0.10481005162000656,155421,1038240,0.14969660194174758
brown_0.002,2,3,18.0,q600,-0.008777222596108913,0.19269002974033356,481756,1038240,0.46401217444906767
brown_0.002,2,3,18.0,q700,-0.02564050443470478,0.23481345176696777,590016,1038240,0.568284789644013
brown_0.002,2,3,18.0,q850,-0.044605229049921036,0.31193575263023376,644035,1038240,0.620314185544768
brown_0.002,2,3,18.0,q925,-0.04085046797990799,0.3516627550125122,673779,1038240,0.6489626675913084
brown_0.002,2,3,18.0,q1000,-0.03275064751505852,0.2573052942752838,681482,1038240,0.6563819540761289
brown_0.002,2,4,24.0,u10m,-107.52477264404297,116.22793579101562,12620,1038240,0.01215518569887502
brown_0.002,2,4,24.0,v10m,-46.618343353271484,137.4082794189453,20386,1038240,0.01963515179534597
brown_0.002,2,4,24.0,u100m,-137.18092346191406,154.75070190429688,59152,1038240,0.05697333949761134
brown_0.002,2,4,24.0,v100m,-62.1280632019043,169.9681396484375,57943,1038240,0.05580886885498536
brown_0.002,2,4,24.0,t2m,19.517852783203125,365.18072509765625,129557,1038240,0.12478521343812606
brown_0.002,2,4,24.0,sp,23774.8984375,145670.875,338899,1038240,0.3264168207736169
brown_0.002,2,4,24.0,msl,77584.015625,138948.125,387149,1038240,0.3728896979503776
brown_0.002,2,4,24.0,tcwv,-105.61785125732422,1786.07177734375,911599,1038240,0.8780233857296964
brown_0.002,2,4,24.0,u50,-296.40069580078125,486.7929382324219,141097,1038240,0.13590017722299275
brown_0.002,2,4,24.0,u100,-240.7852783203125,630.8169555664062,407524,1038240,0.39251425489289565
brown_0.002,2,4,24.0,u150,-162.21482849121094,1050.7027587890625,544113,1038240,0.5240724687933426
brown_0.002,2,4,24.0,u200,-349.3469543457031,527.1276245117188,354929,1038240,0.3418564108491293
brown_0.002,2,4,24.0,u250,-969.2407836914062,442.851806640625,493005,1038240,0.47484685621821543
brown_0.002,2,4,24.0,u300,-712.822021484375,304.8814697265625,337243,1038240,0.32482181383880415
brown_0.002,2,4,24.0,u400,-342.64569091796875,319.3143310546875,156071,1038240,0.15032266142703035
brown_0.002,2,4,24.0,u500,-425.5601806640625,213.54080200195312,152361,1038240,0.146749306518724
brown_0.002,2,4,24.0,u600,-350.97479248046875,152.27203369140625,92627,1038240,0.08921540298967483
brown_0.002,2,4,24.0,u700,-149.8434600830078,189.49497985839844,11105,1038240,0.010695985513946678
brown_0.002,2,4,24.0,u850,-105.69861602783203,214.66055297851562,41686,1038240,0.04015063954384343
brown_0.002,2,4,24.0,u925,-120.5453872680664,206.75074768066406,25621,1038240,0.02467733857296964
brown_0.002,2,4,24.0,u1000,-138.85337829589844,121.97260284423828,0,1038240,0.0
brown_0.002,2,4,24.0,v50,-72.0591812133789,98.64994812011719,0,1038240,0.0
brown_0.002,2,4,24.0,v100,-161.45272827148438,154.04624938964844,2519,1038240,0.002426221297580521
brown_0.002,2,4,24.0,v150,-235.94436645507812,433.06121826171875,260448,1038240,0.2508552935737402
brown_0.002,2,4,24.0,v200,-203.3896484375,188.8361053466797,15188,1038240,0.014628602249961473
brown_0.002,2,4,24.0,v250,-148.20741271972656,270.7641906738281,101986,1038240,0.09822969640930806
brown_0.002,2,4,24.0,v300,-170.3656005859375,193.7738800048828,21305,1038240,0.02052030359069194
brown_0.002,2,4,24.0,v400,-118.23091888427734,117.4609146118164,0,1038240,0.0
brown_0.002,2,4,24.0,v500,-77.37693786621094,74.91986083984375,0,1038240,0.0
brown_0.002,2,4,24.0,v600,-65.69719696044922,69.07386779785156,0,1038240,0.0
brown_0.002,2,4,24.0,v700,-147.15174865722656,85.38907623291016,0,1038240,0.0
brown_0.002,2,4,24.0,v850,-41.42204284667969,139.10316467285156,0,1038240,0.0
brown_0.002,2,4,24.0,v925,-44.01283264160156,171.9999542236328,6718,1038240,0.00647056557250732
brown_0.002,2,4,24.0,v1000,-44.314453125,180.96131896972656,11068,1038240,0.010660348281707505
brown_0.002,2,4,24.0,z50,119636.9921875,318399.25,409671,1038240,0.39458217753120667
brown_0.002,2,4,24.0,z100,137428.921875,224693.09375,117762,1038240,0.11342464170134073
brown_0.002,2,4,24.0,z150,106547.25,237229.1875,149077,1038240,0.14358626136538757
brown_0.002,2,4,24.0,z200,96529.4921875,192386.0,64918,1038240,0.0625269687162891
brown_0.002,2,4,24.0,z250,84919.921875,180066.28125,79670,1038240,0.07673562952689167
brown_0.002,2,4,24.0,z300,73593.578125,154612.140625,55347,1038240,0.0533084835876098
brown_0.002,2,4,24.0,z400,55404.90625,106270.953125,0,1038240,0.0
brown_0.002,2,4,24.0,z500,43548.734375,77765.609375,0,1038240,0.0
brown_0.002,2,4,24.0,z600,33306.32421875,61467.046875,0,1038240,0.0
brown_0.002,2,4,24.0,z700,19222.2109375,47377.203125,0,1038240,0.0
brown_0.002,2,4,24.0,z850,2952.275390625,29808.1796875,0,1038240,0.0
brown_0.002,2,4,24.0,z925,-6209.650390625,24728.482421875,0,1038240,0.0
brown_0.002,2,4,24.0,z1000,-14248.3193359375,20629.48828125,0,1038240,0.0
brown_0.002,2,4,24.0,t50,-282.2642822265625,475.8458557128906,538306,1038240,0.51847934966867
brown_0.002,2,4,24.0,t100,-427.5459899902344,656.1495361328125,708607,1038240,0.6825078979811989
brown_0.002,2,4,24.0,t150,-44.92347717285156,628.9620971679688,487096,1038240,0.46915549391277545
brown_0.002,2,4,24.0,t200,54.864013671875,369.0711669921875,111010,1038240,0.10692132840191093
brown_0.002,2,4,24.0,t250,134.3883056640625,444.04681396484375,96080,1038240,0.09254122360918478
brown_0.002,2,4,24.0,t300,154.77249145507812,566.4622192382812,188968,1038240,0.1820080135614116
brown_0.002,2,4,24.0,t400,145.98675537109375,481.1204833984375,124053,1038240,0.1194839343504392
brown_0.002,2,4,24.0,t500,158.34173583984375,398.55218505859375,58432,1038240,0.05627985822160579
brown_0.002,2,4,24.0,t600,112.45057678222656,354.234130859375,9004,1038240,0.008672368623824934
brown_0.002,2,4,24.0,t700,147.03265380859375,331.5920715332031,243,1038240,0.0002340499306518724
brown_0.002,2,4,24.0,t850,196.92189025878906,362.2135314941406,4325,1038240,0.0041657034982277704
brown_0.002,2,4,24.0,t925,47.84193420410156,327.25616455078125,72687,1038240,0.07000982431807674
brown_0.002,2,4,24.0,t1000,61.202728271484375,341.3082580566406,94958,1038240,0.0914605486207428
brown_0.002,2,4,24.0,q50,-0.0035302587784826756,0.0032625989988446236,514331,1038240,0.4953873863461242
brown_0.002,2,4,24.0,q100,-0.002013498218730092,0.001887945574708283,500782,1038240,0.48233741716751427
brown_0.002,2,4,24.0,q150,-0.001267251675017178,0.001716460334137082,437653,1038240,0.42153355678841115
brown_0.002,2,4,24.0,q200,-0.0006536224391311407,0.004694605246186256,45501,1038240,0.04382512713823394
brown_0.002,2,4,24.0,q250,-0.0009640553616918623,0.014607389457523823,54292,1038240,0.05229234088457389
brown_0.002,2,4,24.0,q300,-0.0012323749251663685,0.037251077592372894,38417,1038240,0.03700204191709046
brown_0.002,2,4,24.0,q400,-0.006089359521865845,0.08638553321361542,147402,1038240,0.1419729542302358
brown_0.002,2,4,24.0,q500,-0.010568663477897644,0.13361868262290955,229611,1038240,0.2211540684234859
brown_0.002,2,4,24.0,q600,-0.010009080171585083,0.23779922723770142,553956,1038240,0.5335529357374018
brown_0.002,2,4,24.0,q700,-0.02814565971493721,0.2716176211833954,667362,1038240,0.6427820157189089
brown_0.002,2,4,24.0,q850,-0.05116131529211998,0.36304786801338196,707038,1038240,0.6809966867005702
brown_0.002,2,4,24.0,q925,-0.045438408851623535,0.40457621216773987,713207,1038240,0.6869384728001233
brown_0.002,2,4,24.0,q1000,-0.033334217965602875,0.30981120467185974,725783,1038240,0.6990512790876868
brown_0.002,2,5,30.0,u10m,-121.03575134277344,128.16921997070312,27861,1038240,0.02683483587609801
brown_0.002,2,5,30.0,v10m,-45.54823303222656,139.85162353515625,22043,1038240,0.021231121898597625
brown_0.002,2,5,30.0,u100m,-148.20889282226562,164.50157165527344,74160,1038240,0.07142857142857142
brown_0.002,2,5,30.0,v100m,-60.11468505859375,171.51304626464844,59049,1038240,0.05687413314840499
brown_0.002,2,5,30.0,t2m,6.47564697265625,402.5299377441406,178193,1038240,0.1716298736323008
brown_0.002,2,5,30.0,sp,19518.8046875,151760.1875,353284,1038240,0.3402719987671444
brown_0.002,2,5,30.0,msl,70049.59375,143147.6875,467762,1038240,0.4505335953151487
brown_0.002,2,5,30.0,tcwv,-117.29617309570312,2001.9453125,941228,1038240,0.9065611034057636
brown_0.002,2,5,30.0,u50,-327.9835510253906,520.6411743164062,177247,1038240,0.17071871628910465
brown_0.002,2,5,30.0,u100,-314.451171875,740.657958984375,447756,1038240,0.43126444752658344
brown_0.002,2,5,30.0,u150,-194.32501220703125,1149.3739013671875,541186,1038240,0.5212532747726922
brown_0.002,2,5,30.0,u200,-529.5819702148438,624.4351196289062,428261,1038240,0.41248747881029435
brown_0.002,2,5,30.0,u250,-1088.475341796875,521.7434692382812,544617,1038240,0.5245579056865465
brown_0.002,2,5,30.0,u300,-774.6504516601562,340.5151062011719,418729,1038240,0.403306557250732
brown_0.002,2,5,30.0,u400,-387.5431823730469,358.3685607910156,222983,1038240,0.21477018801047928
brown_0.002,2,5,30.0,u500,-472.50836181640625,253.620849609375,204344,1038240,0.19681769147788566
brown_0.002,2,5,30.0,u600,-380.7298583984375,172.8486328125,112385,1038240,0.10824568500539375
brown_0.002,2,5,30.0,u700,-177.90713500976562,209.61988830566406,31549,1038240,0.03038700107874865
brown_0.002,2,5,30.0,u850,-125.07461547851562,230.1776580810547,53076,1038240,0.05112112806287564
brown_0.002,2,5,30.0,u925,-138.2567138671875,219.41307067871094,32038,1038240,0.030857990445369087
brown_0.002,2,5,30.0,u1000,-151.8420867919922,135.20675659179688,64,1038240,6.164278008938204e-05
brown_0.002,2,5,30.0,v50,-66.21802520751953,100.41928100585938,0,1038240,0.0
brown_0.002,2,5,30.0,v100,-165.2637176513672,150.1109619140625,3268,1038240,0.00314763445831407
brown_0.002,2,5,30.0,v150,-222.16958618164062,427.9267883300781,254207,1038240,0.24484415934658654
brown_0.002,2,5,30.0,v200,-213.97872924804688,187.89552307128906,18612,1038240,0.01792649098474341
brown_0.002,2,5,30.0,v250,-151.06759643554688,272.2740173339844,107970,1038240,0.10399329634766528
brown_0.002,2,5,30.0,v300,-171.42210388183594,198.3774871826172,24513,1038240,0.023610147942672216
brown_0.002,2,5,30.0,v400,-117.21674346923828,124.63285827636719,0,1038240,0.0
brown_0.002,2,5,30.0,v500,-80.81996154785156,76.47523498535156,0,1038240,0.0
brown_0.002,2,5,30.0,v600,-62.51749801635742,68.55838775634766,0,1038240,0.0
brown_0.002,2,5,30.0,v700,-150.70199584960938,84.42533111572266,24,1038240,2.3116042533518262e-05
brown_0.002,2,5,30.0,v850,-42.843994140625,141.0496063232422,0,1038240,0.0
brown_0.002,2,5,30.0,v925,-48.37842559814453,178.43228149414062,9056,1038240,0.008722453382647558
brown_0.002,2,5,30.0,v1000,-41.974002838134766,184.26527404785156,11886,1038240,0.011448220064724918
brown_0.002,2,5,30.0,z50,115864.1171875,334858.28125,493532,1038240,0.47535444598551396
brown_0.002,2,5,30.0,z100,143586.90625,232864.921875,175178,1038240,0.1687259207890276
brown_0.002,2,5,30.0,z150,106532.296875,258211.4375,234152,1038240,0.22552781630451532
brown_0.002,2,5,30.0,z200,95955.453125,212391.859375,125834,1038240,0.12119933734011404
brown_0.002,2,5,30.0,z250,83660.1484375,198896.71875,136618,1038240,0.1315861457851749
brown_0.002,2,5,30.0,z300,73250.5859375,169679.765625,89927,1038240,0.08661484820465402
brown_0.002,2,5,30.0,z400,55422.84375,115725.390625,13340,1038240,0.012848666974880567
brown_0.002,2,5,30.0,z500,43483.07421875,83222.8515625,0,1038240,0.0
brown_0.002,2,5,30.0,z600,31910.25390625,64880.89453125,0,1038240,0.0
brown_0.002,2,5,30.0,z700,17842.75,50226.6484375,0,1038240,0.0
brown_0.002,2,5,30.0,z850,775.234375,32527.41015625,0,1038240,0.0
brown_0.002,2,5,30.0,z925,-11118.99609375,27863.548828125,0,1038240,0.0
brown_0.002,2,5,30.0,z1000,-19269.763671875,24034.76171875,0,1038240,0.0
brown_0.002,2,5,30.0,t50,-362.476806640625,528.5631103515625,600052,1038240,0.5779511480967792
brown_0.002,2,5,30.0,t100,-487.0304260253906,711.1079711914062,749636,1038240,0.7220257358606873
brown_0.002,2,5,30.0,t150,-59.71693420410156,666.013671875,493764,1038240,0.47557790106333797
brown_0.002,2,5,30.0,t200,35.628265380859375,381.03216552734375,140621,1038240,0.13544170904607797
brown_0.002,2,5,30.0,t250,133.97320556640625,454.9581298828125,135180,1038240,0.1302011095700416
brown_0.002,2,5,30.0,t300,146.21029663085938,641.5593872070312,260388,1038240,0.25079750346740637
brown_0.002,2,5,30.0,t400,144.57516479492188,550.5718994140625,215277,1038240,0.20734801202034212
brown_0.002,2,5,30.0,t500,154.06161499023438,447.385986328125,122741,1038240,0.11822025735860688
brown_0.002,2,5,30.0,t600,103.17291259765625,362.34967041015625,35297,1038240,0.033996956387733084
brown_0.002,2,5,30.0,t700,142.0145721435547,352.4030456542969,9944,1038240,0.009577746956387733
brown_0.002,2,5,30.0,t850,213.27626037597656,363.9657287597656,6258,1038240,0.006027508090614887
brown_0.002,2,5,30.0,t925,92.55615234375,326.2672424316406,30347,1038240,0.029229272615194944
brown_0.002,2,5,30.0,t1000,58.31126403808594,345.26812744140625,81274,1038240,0.0782805517028818
brown_0.002,2,5,30.0,q50,-0.003468242008239031,0.003203400643542409,514315,1038240,0.49537197565110186
brown_0.002,2,5,30.0,q100,-0.0018103702459484339,0.0017376712057739496,501029,1038240,0.4825753197719217
brown_0.002,2,5,30.0,q150,-0.0010816624853760004,0.001581542193889618,398883,1038240,0.3841915164123902
brown_0.002,2,5,30.0,q200,-0.0005330379353836179,0.00508183753117919,32160,1038240,0.030975496994914472
brown_0.002,2,5,30.0,q250,-0.0011471782345324755,0.015956098213791847,33944,1038240,0.03269378948990599
brown_0.002,2,5,30.0,q300,-0.001248214510269463,0.0408097580075264,26732,1038240,0.02574741870858376
brown_0.002,2,5,30.0,q400,-0.005715198814868927,0.09753891080617905,158367,1038240,0.15253409616273694
brown_0.002,2,5,30.0,q500,-0.0101894810795784,0.15442992746829987,287549,1038240,0.2769581214362768
brown_0.002,2,5,30.0,q600,-0.011445115320384502,0.263726145029068,605660,1038240,0.5833525967021113
brown_0.002,2,5,30.0,q700,-0.029756903648376465,0.29928573966026306,708483,1038240,0.6823884650947758
brown_0.002,2,5,30.0,q850,-0.05658787861466408,0.4018844664096832,743975,1038240,0.7165732393280937
brown_0.002,2,5,30.0,q925,-0.04866495355963707,0.44248688220977783,741706,1038240,0.7143878101402373
brown_0.002,2,5,30.0,q1000,-0.03538348898291588,0.35801076889038086,755010,1038240,0.7272018030513177
brown_0.002,2,6,36.0,u10m,-130.44569396972656,135.2710723876953,38774,1038240,0.03734589304977654
brown_0.002,2,6,36.0,v10m,-44.10397720336914,141.7036590576172,24401,1038240,0.023502273077515796
brown_0.002,2,6,36.0,u100m,-154.038330078125,169.48939514160156,84775,1038240,0.08165260440745878
brown_0.002,2,6,36.0,v100m,-57.759559631347656,172.30291748046875,59495,1038240,0.05730370627215287
brown_0.002,2,6,36.0,t2m,2.718719482421875,440.70660400390625,252129,1038240,0.2428426953305594
brown_0.002,2,6,36.0,sp,15920.109375,156206.578125,360516,1038240,0.3472376329172446
brown_0.002,2,6,36.0,msl,63092.7890625,145943.015625,528184,1038240,0.5087301587301587
brown_0.002,2,6,36.0,tcwv,-131.42076110839844,2171.05712890625,958315,1038240,0.9230187625211898
brown_0.002,2,6,36.0,u50,-351.8412170410156,538.6343994140625,205710,1038240,0.1981333795654184
brown_0.002,2,6,36.0,u100,-386.694580078125,825.9058227539062,494488,1038240,0.4762752350130991
brown_0.002,2,6,36.0,u150,-284.7164611816406,1223.8916015625,548628,1038240,0.5284211742949607
brown_0.002,2,6,36.0,u200,-692.3446655273438,699.8361206054688,492526,1038240,0.474385498535984
brown_0.002,2,6,36.0,u250,-1205.332763671875,576.498291015625,585569,1038240,0.5640015795962398
brown_0.002,2,6,36.0,u300,-838.2252807617188,374.34930419921875,467433,1038240,0.45021671289875176
brown_0.002,2,6,36.0,u400,-430.06744384765625,391.70819091796875,273141,1038240,0.26308079056865463
brown_0.002,2,6,36.0,u500,-516.2444458007812,290.10308837890625,255126,1038240,0.2457293111419325
brown_0.002,2,6,36.0,u600,-406.0068359375,188.1163330078125,136382,1038240,0.13135883803359533
brown_0.002,2,6,36.0,u700,-203.2142791748047,226.0308074951172,61724,1038240,0.059450608722453384
brown_0.002,2,6,36.0,u850,-137.5913543701172,240.7454833984375,61188,1038240,0.05893435043920481
brown_0.002,2,6,36.0,u925,-154.30694580078125,225.99343872070312,36021,1038240,0.03469429033749422
brown_0.002,2,6,36.0,u1000,-160.32347106933594,144.06214904785156,2246,1038240,0.0021632763137617505
brown_0.002,2,6,36.0,v50,-62.10424041748047,100.87977600097656,0,1038240,0.0
brown_0.002,2,6,36.0,v100,-167.74847412109375,145.51742553710938,3659,1038240,0.003524233317922638
brown_0.002,2,6,36.0,v150,-208.3511962890625,421.2856140136719,242389,1038240,0.23346143473570657
brown_0.002,2,6,36.0,v200,-218.0367431640625,193.88133239746094,19518,1038240,0.018799121590383727
brown_0.002,2,6,36.0,v250,-150.71334838867188,276.57464599609375,109704,1038240,0.10566343042071197
brown_0.002,2,6,36.0,v300,-167.52481079101562,200.20574951171875,24471,1038240,0.023569694868238556
brown_0.002,2,6,36.0,v400,-113.75587463378906,126.96307373046875,0,1038240,0.0
brown_0.002,2,6,36.0,v500,-83.3559341430664,78.5017318725586,0,1038240,0.0
brown_0.002,2,6,36.0,v600,-61.04833984375,66.13436126708984,0,1038240,0.0
brown_0.002,2,6,36.0,v700,-153.59902954101562,82.18917846679688,185,1038240,0.00017818616119586993
brown_0.002,2,6,36.0,v850,-44.031246185302734,143.5811004638672,0,1038240,0.0
brown_0.002,2,6,36.0,v925,-51.878150939941406,182.70880126953125,11305,1038240,0.010888619201725997
brown_0.002,2,6,36.0,v1000,-39.561302185058594,185.7555694580078,12264,1038240,0.011812297734627832
brown_0.002,2,6,36.0,z50,112878.890625,349823.1875,550506,1038240,0.5302300046232085
brown_0.002,2,6,36.0,z100,148749.953125,247475.84375,242801,1038240,0.23385826013253197
brown_0.002,2,6,36.0,z150,106711.671875,279304.75,301799,1038240,0.29068327169055325
brown_0.002,2,6,36.0,z200,95734.0859375,232160.59375,227438,1038240,0.2190611034057636
brown_0.002,2,6,36.0,z250,82804.640625,217648.0625,231058,1038240,0.22254777315456928
brown_0.002,2,6,36.0,z300,73187.2421875,184293.53125,144769,1038240,0.13943693173062105
brown_0.002,2,6,36.0,z400,55605.66015625,124953.078125,33462,1038240,0.03222954230235783
brown_0.002,2,6,36.0,z500,43628.56640625,88956.375,0,1038240,0.0
brown_0.002,2,6,36.0,z600,30930.591796875,67975.546875,0,1038240,0.0
brown_0.002,2,6,36.0,z700,16794.349609375,52733.7109375,0,1038240,0.0
brown_0.002,2,6,36.0,z850,-2381.138671875,35265.640625,0,1038240,0.0
brown_0.002,2,6,36.0,z925,-15662.615234375,30493.990234375,0,1038240,0.0
brown_0.002,2,6,36.0,z1000,-24617.107421875,26677.955078125,0,1038240,0.0
brown_0.002,2,6,36.0,t50,-428.54852294921875,572.3021850585938,639526,1038240,0.6159712590537834
brown_0.002,2,6,36.0,t100,-528.7342529296875,756.042724609375,779471,1038240,0.7507618662351672
brown_0.002,2,6,36.0,t150,-72.31376647949219,688.2103271484375,492484,1038240,0.4743450454615503
brown_0.002,2,6,36.0,t200,35.54884338378906,395.11029052734375,148743,1038240,0.1432645631067961
brown_0.002,2,6,36.0,t250,130.08985900878906,502.70233154296875,184704,1038240,0.17790106333795655
brown_0.002,2,6,36.0,t300,139.68408203125,707.9498901367188,313286,1038240,0.30174718754815844
brown_0.002,2,6,36.0,t400,146.25839233398438,617.16796875,295901,1038240,0.28500250423794116
brown_0.002,2,6,36.0,t500,152.96942138671875,495.59564208984375,194318,1038240,0.1871609647095084
brown_0.002,2,6,36.0,t600,99.25106811523438,405.3605041503906,87413,1038240,0.08419344274926799
brown_0.002,2,6,36.0,t700,136.5653076171875,390.95489501953125,50336,1038240,0.048482046540298966
brown_0.002,2,6,36.0,t850,209.35491943359375,379.26983642578125,45246,1038240,0.0435795191863153
brown_0.002,2,6,36.0,t925,116.79782104492188,324.2616882324219,7847,1038240,0.007557982740021575
brown_0.002,2,6,36.0,t1000,44.50404357910156,349.69586181640625,75845,1038240,0.07305151024811218
brown_0.002,2,6,36.0,q50,-0.003409067401662469,0.003147037932649255,514312,1038240,0.4953690861457852
brown_0.002,2,6,36.0,q100,-0.001625192817300558,0.0015999129973351955,500431,1038240,0.48199934504546155
brown_0.002,2,6,36.0,q150,-0.0009493169491179287,0.0015160302864387631,361646,1038240,0.34832601325319773
brown_0.002,2,6,36.0,q200,-0.0004918010672554374,0.005433807149529457,26860,1038240,0.02587070426876252
brown_0.002,2,6,36.0,q250,-0.0012373952195048332,0.017129603773355484,23377,1038240,0.022515988596085685
brown_0.002,2,6,36.0,q300,-0.0014304241631180048,0.04350830242037773,19916,1038240,0.019182462629064572
brown_0.002,2,6,36.0,q400,-0.005640693940222263,0.10609634220600128,169851,1038240,0.16359512251502542
brown_0.002,2,6,36.0,q500,-0.01001538336277008,0.16955874860286713,334034,1038240,0.32173100631838497
brown_0.002,2,6,36.0,q600,-0.013559353537857533,0.2804977595806122,641982,1038240,0.6183368007397133
brown_0.002,2,6,36.0,q700,-0.03190770000219345,0.32091039419174194,738342,1038240,0.7111477115117891
brown_0.002,2,6,36.0,q850,-0.06092381849884987,0.4353514611721039,773373,1038240,0.7448884650947758
brown_0.002,2,6,36.0,q925,-0.053176384419202805,0.47397279739379883,765186,1038240,0.7370030050855294
brown_0.002,2,6,36.0,q1000,-0.039600618183612823,0.401964008808136,778935,1038240,0.7502456079519186
brown_0.002,2,7,42.0,u10m,-137.7810821533203,138.791015625,45302,1038240,0.043633456618893514
brown_0.002,2,7,42.0,v10m,-42.64985275268555,142.16172790527344,26771,1038240,0.025784982277700725
brown_0.002,2,7,42.0,u100m,-156.9558563232422,172.15231323242188,94492,1038240,0.09101171212821699
brown_0.002,2,7,42.0,v100m,-55.49169921875,171.277099609375,58946,1038240,0.05677492679919864
brown_0.002,2,7,42.0,t2m,5.4677734375,483.9203186035156,341082,1038240,0.32851941747572816
brown_0.002,2,7,42.0,sp,12911.546875,159071.203125,359517,1038240,0.34627542764678687
brown_0.002,2,7,42.0,msl,56548.71484375,147639.53125,566978,1038240,0.5460953151487132
brown_0.002,2,7,42.0,tcwv,-145.43960571289062,2304.700927734375,969290,1038240,0.9335895361380798
brown_0.002,2,7,42.0,u50,-372.4407043457031,540.7530517578125,241171,1038240,0.23228829557713052
brown_0.002,2,7,42.0,u100,-457.52386474609375,891.6421508789062,540655,1038240,0.5207418323316382
brown_0.002,2,7,42.0,u150,-398.1211242675781,1281.1348876953125,567743,1038240,0.5468321390044691
brown_0.002,2,7,42.0,u200,-830.447021484375,765.2808227539062,545153,1038240,0.525074163969795
brown_0.002,2,7,42.0,u250,-1309.156494140625,619.0095825195312,617391,1038240,0.5946515256588072
brown_0.002,2,7,42.0,u300,-896.2345581054688,430.8331604003906,501640,1038240,0.48316381568808753
brown_0.002,2,7,42.0,u400,-474.59112548828125,427.65087890625,313152,1038240,0.3016181229773463
brown_0.002,2,7,42.0,u500,-558.5326538085938,317.8724365234375,303643,1038240,0.2924593542918786
brown_0.002,2,7,42.0,u600,-429.7925720214844,199.55532836914062,164607,1038240,0.15854426722145168
brown_0.002,2,7,42.0,u700,-225.58128356933594,237.307373046875,81638,1038240,0.07863114501464016
brown_0.002,2,7,42.0,u850,-145.4291534423828,246.94784545898438,68548,1038240,0.06602327014948374
brown_0.002,2,7,42.0,u925,-168.1637725830078,228.8160400390625,44158,1038240,0.04253159192479581
brown_0.002,2,7,42.0,u1000,-166.7740478515625,149.39373779296875,6017,1038240,0.005795384496840808
brown_0.002,2,7,42.0,v50,-59.47159957885742,100.66637420654297,0,1038240,0.0
brown_0.002,2,7,42.0,v100,-169.1055908203125,141.74932861328125,4378,1038240,0.00421675142548929
brown_0.002,2,7,42.0,v150,-198.40609741210938,415.71575927734375,230600,1038240,0.22210664200955463
brown_0.002,2,7,42.0,v200,-217.99395751953125,197.15286254882812,20706,1038240,0.01994336569579288
brown_0.002,2,7,42.0,v250,-149.52850341796875,281.9657287597656,107105,1038240,0.10316015564801972
brown_0.002,2,7,42.0,v300,-160.32850646972656,200.8223114013672,23796,1038240,0.022919556171983355
brown_0.002,2,7,42.0,v400,-112.21709442138672,126.47998046875,0,1038240,0.0
brown_0.002,2,7,42.0,v500,-84.42625427246094,81.05778503417969,0,1038240,0.0
brown_0.002,2,7,42.0,v600,-58.6708869934082,64.24644470214844,0,1038240,0.0
brown_0.002,2,7,42.0,v700,-155.8064422607422,79.46476745605469,296,1038240,0.0002850978579133919
brown_0.002,2,7,42.0,v850,-43.94707489013672,144.565673828125,0,1038240,0.0
brown_0.002,2,7,42.0,v925,-53.77859115600586,186.08432006835938,12370,1038240,0.011914393589150871
brown_0.002,2,7,42.0,v1000,-37.40492630004883,185.5224609375,12060,1038240,0.011615811373092927
brown_0.002,2,7,42.0,z50,111147.78125,363852.5625,598493,1038240,0.5764495685005394
brown_0.002,2,7,42.0,z100,148881.03125,266414.0625,334596,1038240,0.32227230698104486
brown_0.002,2,7,42.0,z150,107084.078125,300260.75,365533,1038240,0.3520698489751888
brown_0.002,2,7,42.0,z200,95852.359375,252504.125,333787,1038240,0.3214931037139775
brown_0.002,2,7,42.0,z250,82286.453125,235465.046875,312733,1038240,0.3012145554014486
brown_0.002,2,7,42.0,z300,73248.4296875,198523.9375,211460,1038240,0.2036715980890738
brown_0.002,2,7,42.0,z400,55087.734375,133765.5,55205,1038240,0.05317171366928648
brown_0.002,2,7,42.0,z500,43909.37109375,94583.90625,195,1038240,0.00018781784558483588
brown_0.002,2,7,42.0,z600,30306.3046875,70786.5625,0,1038240,0.0
brown_0.002,2,7,42.0,z700,15875.0888671875,55208.796875,0,1038240,0.0
brown_0.002,2,7,42.0,z850,-5468.154296875,37591.9453125,0,1038240,0.0
brown_0.002,2,7,42.0,z925,-19676.849609375,32654.765625,0,1038240,0.0
brown_0.002,2,7,42.0,z1000,-29381.7734375,28713.05859375,0,1038240,0.0
brown_0.002,2,7,42.0,t50,-482.16021728515625,605.9053955078125,671182,1038240,0.6464613191554939
brown_0.002,2,7,42.0,t100,-559.702880859375,791.637939453125,802398,1038240,0.7728444290337494
brown_0.002,2,7,42.0,t150,-80.99656677246094,711.5172729492188,487554,1038240,0.4695966250577901
brown_0.002,2,7,42.0,t200,39.73072814941406,406.6436767578125,140426,1038240,0.13525389120049314
brown_0.002,2,7,42.0,t250,126.9127197265625,570.8889770507812,236947,1038240,0.22821987209123132
brown_0.002,2,7,42.0,t300,136.03518676757812,770.1380615234375,357148,1038240,0.34399368161504085
brown_0.002,2,7,42.0,t400,150.09967041015625,679.3633422851562,340038,1038240,0.3275138696255201
brown_0.002,2,7,42.0,t500,153.5961151123047,542.0956420898438,273253,1038240,0.2631886654338111
brown_0.002,2,7,42.0,t600,98.45223999023438,450.978759765625,157801,1038240,0.15198894282632147
brown_0.002,2,7,42.0,t700,130.51466369628906,430.88311767578125,117907,1038240,0.11356430112498074
brown_0.002,2,7,42.0,t850,205.56195068359375,424.2337951660156,120296,1038240,0.1158653105255047
brown_0.002,2,7,42.0,t925,117.47145080566406,333.78839111328125,8244,1038240,0.007940360610263522
brown_0.002,2,7,42.0,t1000,40.961273193359375,353.94818115234375,80193,1038240,0.07723936662043458
brown_0.002,2,7,42.0,q50,-0.0033498741686344147,0.003090669633820653,514315,1038240,0.49537197565110186
brown_0.002,2,7,42.0,q100,-0.0014558046823367476,0.001474696327932179,498638,1038240,0.48027238403451994
brown_0.002,2,7,42.0,q150,-0.0008473548223264515,0.0014896434731781483,329536,1038240,0.3173986746802281
brown_0.002,2,7,42.0,q200,-0.0005364891258068383,0.00572429271414876,24389,1038240,0.023490715056249035
brown_0.002,2,7,42.0,q250,-0.0012482211459428072,0.018132461234927177,19656,1038240,0.018932038834951457
brown_0.002,2,7,42.0,q300,-0.0016442544292658567,0.04573589563369751,17726,1038240,0.01707312374788103
brown_0.002,2,7,42.0,q400,-0.005631198640912771,0.11235005408525467,180422,1038240,0.17377677608260134
brown_0.002,2,7,42.0,q500,-0.009855851531028748,0.180059015750885,371053,1038240,0.357386538757898
brown_0.002,2,7,42.0,q600,-0.015604948624968529,0.2924318313598633,671601,1038240,0.6468648867313915
brown_0.002,2,7,42.0,q700,-0.03532462939620018,0.341654896736145,760646,1038240,0.7326302203729388
brown_0.002,2,7,42.0,q850,-0.06407245993614197,0.4645671248435974,797921,1038240,0.7685323239328093
brown_0.002,2,7,42.0,q925,-0.05755855515599251,0.5016106367111206,786049,1038240,0.757097588226229
brown_0.002,2,7,42.0,q1000,-0.04354194551706314,0.4402795135974884,798542,1038240,0.7691304515333641
brown_0.002,2,8,48.0,u10m,-143.68646240234375,140.1899871826172,49786,1038240,0.04795230389890584
brown_0.002,2,8,48.0,v10m,-42.55595779418945,142.0347900390625,27817,1038240,0.026792456464786563
brown_0.002,2,8,48.0,u100m,-161.79847717285156,173.7911834716797,102889,1038240,0.09909943750963168
brown_0.002,2,8,48.0,v100m,-54.392879486083984,169.743408203125,58062,1038240,0.05592348589921405
brown_0.002,2,8,48.0,t2m,12.21124267578125,528.093505859375,405533,1038240,0.39059658653105256
brown_0.002,2,8,48.0,sp,9892.890625,160614.40625,354546,1038240,0.3414875173370319
brown_0.002,2,8,48.0,msl,50781.01953125,148558.796875,594180,1038240,0.5722954230235784
brown_0.002,2,8,48.0,tcwv,-160.7264404296875,2412.47412109375,976279,1038240,0.9403211203575281
brown_0.002,2,8,48.0,u50,-420.3326416015625,530.3296508789062,292044,1038240,0.281287563569117
brown_0.002,2,8,48.0,u100,-525.7730712890625,943.2057495117188,576908,1038240,0.5556595777469564
brown_0.002,2,8,48.0,u150,-519.6237182617188,1322.7855224609375,591531,1038240,0.5697439898289413
brown_0.002,2,8,48.0,u200,-945.2264404296875,824.3916625976562,584420,1038240,0.5628948990599476
brown_0.002,2,8,48.0,u250,-1396.583251953125,650.89013671875,642993,1038240,0.6193105640314378
brown_0.002,2,8,48.0,u300,-944.7293090820312,480.772216796875,529307,1038240,0.5098117968870396
brown_0.002,2,8,48.0,u400,-517.334716796875,456.2066955566406,348487,1038240,0.33565167976575744
brown_0.002,2,8,48.0,u500,-598.5503540039062,339.0028991699219,343582,1038240,0.33092733857296963
brown_0.002,2,8,48.0,u600,-457.107421875,208.32827758789062,191855,1038240,0.1847886808445061
brown_0.002,2,8,48.0,u700,-247.76925659179688,245.8775177001953,98961,1038240,0.09531611188164586
brown_0.002,2,8,48.0,u850,-153.66738891601562,250.8223876953125,74850,1038240,0.07209315765141008
brown_0.002,2,8,48.0,u925,-180.2994384765625,229.48953247070312,51212,1038240,0.049325782092772386
brown_0.002,2,8,48.0,u1000,-171.84051513671875,152.45663452148438,8896,1038240,0.008568346432424103
brown_0.002,2,8,48.0,v50,-74.36713409423828,100.06726837158203,0,1038240,0.0
brown_0.002,2,8,48.0,v100,-170.2471466064453,137.42076110839844,5562,1038240,0.005357142857142857
brown_0.002,2,8,48.0,v150,-190.81224060058594,407.2516784667969,218915,1038240,0.21085201880104792
brown_0.002,2,8,48.0,v200,-215.57618713378906,202.57374572753906,23079,1038240,0.022228964401294498
brown_0.002,2,8,48.0,v250,-147.0630340576172,285.4981689453125,102402,1038240,0.09863037447988904
brown_0.002,2,8,48.0,v300,-153.21298217773438,200.1138153076172,21824,1038240,0.021020188010479272
brown_0.002,2,8,48.0,v400,-110.77568054199219,124.28205871582031,0,1038240,0.0
brown_0.002,2,8,48.0,v500,-85.60401153564453,83.39353942871094,0,1038240,0.0
brown_0.002,2,8,48.0,v600,-58.242435455322266,62.95138168334961,0,1038240,0.0
brown_0.002,2,8,48.0,v700,-157.10775756835938,79.31871032714844,388,1038240,0.00037370935429187856
brown_0.002,2,8,48.0,v850,-43.12275314331055,144.13681030273438,0,1038240,0.0
brown_0.002,2,8,48.0,v925,-54.56639099121094,187.29302978515625,12874,1038240,0.012399830482354754
brown_0.002,2,8,48.0,v1000,-35.604591369628906,184.33546447753906,11418,1038240,0.010997457235321313
brown_0.002,2,8,48.0,z50,110536.171875,377370.875,639313,1038240,0.6157661041762984
brown_0.002,2,8,48.0,z100,147170.3125,285400.3125,422409,1038240,0.40685101710587146
brown_0.002,2,8,48.0,z150,107588.7265625,321059.34375,426532,1038240,0.41082216057944215
brown_0.002,2,8,48.0,z200,96254.59375,272861.5625,417373,1038240,0.4020005008475882
brown_0.002,2,8,48.0,z250,82090.140625,252440.5625,386959,1038240,0.3727066959469872
brown_0.002,2,8,48.0,z300,72964.796875,212106.609375,279494,1038240,0.2691997996609647
brown_0.002,2,8,48.0,z400,54670.1328125,142171.84375,77619,1038240,0.07476017105871474
brown_0.002,2,8,48.0,z500,43484.7734375,100020.234375,12102,1038240,0.011656264447526583
brown_0.002,2,8,48.0,z600,29998.853515625,73328.984375,0,1038240,0.0
brown_0.002,2,8,48.0,z700,15216.029296875,57513.03125,0,1038240,0.0
brown_0.002,2,8,48.0,z850,-8031.076171875,39530.0390625,0,1038240,0.0
brown_0.002,2,8,48.0,z925,-23135.033203125,34835.58984375,0,1038240,0.0
brown_0.002,2,8,48.0,z1000,-33528.00390625,30272.029296875,0,1038240,0.0
brown_0.002,2,8,48.0,t50,-525.185546875,632.8555908203125,695739,1038240,0.6701138465094776
brown_0.002,2,8,48.0,t100,-583.814697265625,819.052001953125,819478,1038240,0.7892953459701032
brown_0.002,2,8,48.0,t150,-86.56782531738281,731.764404296875,479795,1038240,0.4621234011403914
brown_0.002,2,8,48.0,t200,51.9947509765625,414.92889404296875,112419,1038240,0.10827843273231623
brown_0.002,2,8,48.0,t250,124.79022979736328,639.6578369140625,302656,1038240,0.2915087070426876
brown_0.002,2,8,48.0,t300,134.77122497558594,829.76513671875,397301,1038240,0.3826677839420558
brown_0.002,2,8,48.0,t400,155.33413696289062,737.416259765625,378542,1038240,0.3645997071967946
brown_0.002,2,8,48.0,t500,155.86932373046875,586.7527465820312,327642,1038240,0.3155744336569579
brown_0.002,2,8,48.0,t600,99.60713195800781,495.24493408203125,234814,1038240,0.22616543381106488
brown_0.002,2,8,48.0,t700,125.75039672851562,474.66363525390625,206387,1038240,0.1987854445985514
brown_0.002,2,8,48.0,t850,202.1146697998047,473.1458435058594,213987,1038240,0.20610552473416552
brown_0.002,2,8,48.0,t925,121.06072998046875,360.9478759765625,17073,1038240,0.016444174757281552
brown_0.002,2,8,48.0,t1000,43.86335754394531,362.8045959472656,92706,1038240,0.08929149329634767
brown_0.002,2,8,48.0,q50,-0.0032906648702919483,0.0030343011021614075,514330,1038240,0.49538642317768533
brown_0.002,2,8,48.0,q100,-0.001301160198636353,0.0013599407393485308,495893,1038240,0.47762848666974883
brown_0.002,2,8,48.0,q150,-0.0007640692638233304,0.0014855602057650685,303034,1038240,0.29187278471259054
brown_0.002,2,8,48.0,q200,-0.0005945875309407711,0.005989992991089821,23016,1038240,0.022168284789644013
brown_0.002,2,8,48.0,q250,-0.0012150970287621021,0.01901293732225895,18223,1038240,0.017551818462012637
brown_0.002,2,8,48.0,q300,-0.0018082113238051534,0.04762892797589302,17550,1038240,0.01690360610263523
brown_0.002,2,8,48.0,q400,-0.005724180955439806,0.11703850328922272,192126,1038240,0.18504969949144706
brown_0.002,2,8,48.0,q500,-0.009538348764181137,0.18769823014736176,401250,1038240,0.3864713361072584
brown_0.002,2,8,48.0,q600,-0.01756250113248825,0.3014211356639862,692960,1038240,0.667437201417784
brown_0.002,2,8,48.0,q700,-0.03965815156698227,0.3586426079273224,777774,1038240,0.7491273693943596
brown_0.002,2,8,48.0,q850,-0.06686218082904816,0.49071574211120605,819984,1038240,0.7897827092001849
brown_0.002,2,8,48.0,q925,-0.06194661930203438,0.5268038511276245,809039,1038240,0.7792408306364617
brown_0.002,2,8,48.0,q1000,-0.048619382083415985,0.473592072725296,817567,1038240,0.7874547310833718
brown_0.002,2,9,54.0,u10m,-148.66746520996094,140.47984313964844,53415,1038240,0.05144764216366158
brown_0.002,2,9,54.0,v10m,-44.18070602416992,141.3961944580078,28416,1038240,0.027369394359685623
brown_0.002,2,9,54.0,u100m,-167.84158325195312,174.8030548095703,109974,1038240,0.10592348589921405
brown_0.002,2,9,54.0,v100m,-55.1666145324707,167.77015686035156,56775,1038240,0.05468388811835414
brown_0.002,2,9,54.0,t2m,20.812255859375,571.5457153320312,458654,1038240,0.44176105717367853
brown_0.002,2,9,54.0,sp,6785.8125,161074.09375,346598,1038240,0.33383225458468174
brown_0.002,2,9,54.0,msl,45881.64453125,148965.75,612720,1038240,0.5901525658807212
brown_0.002,2,9,54.0,tcwv,-175.8075408935547,2501.96728515625,980970,1038240,0.944839343504392
brown_0.002,2,9,54.0,u50,-462.7218322753906,511.0487365722656,349127,1038240,0.33626810756665126
brown_0.002,2,9,54.0,u100,-599.914306640625,982.1070556640625,612180,1038240,0.5896324549237171
brown_0.002,2,9,54.0,u150,-641.9990844726562,1352.4677734375,617295,1038240,0.5945590614886731
brown_0.002,2,9,54.0,u200,-1041.1578369140625,863.8253173828125,618478,1038240,0.5956984897518878
brown_0.002,2,9,54.0,u250,-1470.2740478515625,676.4239501953125,662704,1038240,0.6382955771305285
brown_0.002,2,9,54.0,u300,-987.7904663085938,520.0694580078125,552270,1038240,0.5319290337494221
brown_0.002,2,9,54.0,u400,-557.6292114257812,477.684326171875,383375,1038240,0.3692547002619818
brown_0.002,2,9,54.0,u500,-640.2725830078125,354.3890686035156,375456,1038240,0.3616273693943597
brown_0.002,2,9,54.0,u600,-482.6755065917969,217.93251037597656,221558,1038240,0.21339767298505163
brown_0.002,2,9,54.0,u700,-268.8631286621094,252.77943420410156,113756,1038240,0.10956618893512098
brown_0.002,2,9,54.0,u850,-164.3832244873047,253.37277221679688,82751,1038240,0.07970315148713207
brown_0.002,2,9,54.0,u925,-191.18228149414062,229.59078979492188,56961,1038240,0.054863037447988906
brown_0.002,2,9,54.0,u1000,-176.1049041748047,154.19786071777344,10473,1038240,0.010087263060564032
brown_0.002,2,9,54.0,v50,-90.74366760253906,99.33683013916016,0,1038240,0.0
brown_0.002,2,9,54.0,v100,-177.25271606445312,132.3520965576172,6823,1038240,0.006571698258591462
brown_0.002,2,9,54.0,v150,-185.90017700195312,398.26287841796875,207732,1038240,0.2000809061488673
brown_0.002,2,9,54.0,v200,-212.12510681152344,210.97686767578125,24312,1038240,0.023416551086453997
brown_0.002,2,9,54.0,v250,-143.64312744140625,288.5600891113281,95892,1038240,0.09236014794267221
brown_0.002,2,9,54.0,v300,-146.49710083007812,199.07980346679688,20950,1038240,0.02017837879488365
brown_0.002,2,9,54.0,v400,-111.60147094726562,121.45005798339844,0,1038240,0.0
brown_0.002,2,9,54.0,v500,-88.30287170410156,84.8838882446289,0,1038240,0.0
brown_0.002,2,9,54.0,v600,-57.71611404418945,62.70002746582031,0,1038240,0.0
brown_0.002,2,9,54.0,v700,-156.6007080078125,79.73622131347656,355,1038240,0.00034192479580829097
brown_0.002,2,9,54.0,v850,-42.243324279785156,143.42555236816406,0,1038240,0.0
brown_0.002,2,9,54.0,v925,-54.88178634643555,186.69383239746094,12979,1038240,0.012500963168438897
brown_0.002,2,9,54.0,v1000,-34.87946319580078,182.55331420898438,10796,1038240,0.010398366466327632
brown_0.002,2,9,54.0,z50,110854.1015625,390506.28125,673313,1038240,0.6485138310987826
brown_0.002,2,9,54.0,z100,145837.5625,304223.6875,518361,1038240,0.49926895515487746
brown_0.002,2,9,54.0,z150,108225.8125,341510.25,487910,1038240,0.4699395130220373
brown_0.002,2,9,54.0,z200,96860.9296875,292580.65625,480916,1038240,0.4632031129603945
brown_0.002,2,9,54.0,z250,82153.0546875,268673.875,438769,1038240,0.4226084527662198
brown_0.002,2,9,54.0,z300,72376.3203125,225139.078125,346841,1038240,0.33406630451533365
brown_0.002,2,9,54.0,z400,54314.89453125,150249.5625,120452,1038240,0.11601556480197257
brown_0.002,2,9,54.0,z500,42946.7265625,105249.3984375,25606,1038240,0.024662891046386193
brown_0.002,2,9,54.0,z600,29539.86328125,75677.359375,0,1038240,0.0
brown_0.002,2,9,54.0,z700,14846.91015625,59579.7578125,0,1038240,0.0
brown_0.002,2,9,54.0,z850,-10174.76953125,41427.17578125,0,1038240,0.0
brown_0.002,2,9,54.0,z925,-26110.80859375,36591.828125,0,1038240,0.0
brown_0.002,2,9,54.0,z1000,-37194.30859375,31405.865234375,0,1038240,0.0
brown_0.002,2,9,54.0,t50,-559.0179443359375,654.552978515625,712961,1038240,0.6867015333641547
brown_0.002,2,9,54.0,t100,-602.7279052734375,839.79296875,833096,1038240,0.802411773770997
brown_0.002,2,9,54.0,t150,-89.41398620605469,747.5818481445312,469341,1038240,0.45205443828016645
brown_0.002,2,9,54.0,t200,67.63192749023438,422.95928955078125,72712,1038240,0.07003390352904916
brown_0.002,2,9,54.0,t250,124.0633544921875,706.6814575195312,374428,1038240,0.360637232239174
brown_0.002,2,9,54.0,t300,135.5590057373047,886.5750732421875,437806,1038240,0.4216809215595623
brown_0.002,2,9,54.0,t400,161.47239685058594,791.5082397460938,432087,1038240,0.41617256125751273
brown_0.002,2,9,54.0,t500,157.792724609375,629.5941162109375,376165,1038240,0.3623102558175374
brown_0.002,2,9,54.0,t600,101.65231323242188,537.388916015625,306481,1038240,0.2951928263214671
brown_0.002,2,9,54.0,t700,122.46437072753906,518.3636474609375,274363,1038240,0.2642577824009863
brown_0.002,2,9,54.0,t850,199.77066040039062,520.6292724609375,285203,1038240,0.27469852827862534
brown_0.002,2,9,54.0,t925,126.23008728027344,392.19085693359375,49276,1038240,0.047461087995068575
brown_0.002,2,9,54.0,t1000,50.71073913574219,390.5179443359375,132890,1038240,0.1279954538449684
brown_0.002,2,9,54.0,q50,-0.0032342644408345222,0.0029807512182742357,514347,1038240,0.49540279704114654
brown_0.002,2,9,54.0,q100,-0.0011601916048675776,0.0012546336511150002,490807,1038240,0.47272981198952074
brown_0.002,2,9,54.0,q150,-0.0006942084874026477,0.001493388437665999,283036,1038240,0.27261134227153644
brown_0.002,2,9,54.0,q200,-0.0006080163875594735,0.006242798175662756,22185,1038240,0.021367891816920944
brown_0.002,2,9,54.0,q250,-0.0012621304485946894,0.019803792238235474,17855,1038240,0.01719737247649869
brown_0.002,2,9,54.0,q300,-0.001923346659168601,0.04922163486480713,17998,1038240,0.017335105563260903
brown_0.002,2,9,54.0,q400,-0.005880944896489382,0.12065175175666809,204452,1038240,0.19692171366928649
brown_0.002,2,9,54.0,q500,-0.00904124602675438,0.19352933764457703,428002,1038240,0.41223801818462014
brown_0.002,2,9,54.0,q600,-0.021909546107053757,0.3077628016471863,709233,1038240,0.6831108414239482
brown_0.002,2,9,54.0,q700,-0.04394364356994629,0.3725508749485016,791341,1038240,0.7621946756048698
brown_0.002,2,9,54.0,q850,-0.07096899300813675,0.5142799615859985,840976,1038240,0.8100015410695023
brown_0.002,2,9,54.0,q925,-0.06776102632284164,0.5503600835800171,831390,1038240,0.8007686084142395
brown_0.002,2,9,54.0,q1000,-0.053700756281614304,0.503028154373169,836089,1038240,0.8052945369086146
brown_0.002,2,10,60.0,u10m,-152.87989807128906,140.1669921875,56851,1038240,0.054757088919710276
brown_0.002,2,10,60.0,v10m,-45.062705993652344,139.98060607910156,28957,1038240,0.02789046848512868
brown_0.002,2,10,60.0,u100m,-173.84449768066406,175.34808349609375,116530,1038240,0.11223801818462012
brown_0.002,2,10,60.0,v100m,-55.199520111083984,164.8979949951172,55649,1038240,0.05359936045615657
brown_0.002,2,10,60.0,t2m,28.89874267578125,614.3706665039062,495200,1038240,0.4769610109415935
brown_0.002,2,10,60.0,sp,3971.1171875,160680.046875,337332,1038240,0.3249075358298659
brown_0.002,2,10,60.0,msl,41963.625,148961.890625,627221,1038240,0.6041194714131607
brown_0.002,2,10,60.0,tcwv,-190.77874755859375,2576.237548828125,984349,1038240,0.9480938896594236
brown_0.002,2,10,60.0,u50,-499.4811706542969,513.454833984375,405343,1038240,0.39041358452766217
brown_0.002,2,10,60.0,u100,-673.69970703125,1009.2433471679688,644439,1038240,0.6207033055940823
brown_0.002,2,10,60.0,u150,-765.2867431640625,1373.5340576171875,642300,1038240,0.6186430883032825
brown_0.002,2,10,60.0,u200,-1125.12744140625,889.6563110351562,645856,1038240,0.6220681152719988
brown_0.002,2,10,60.0,u250,-1530.950439453125,706.92041015625,676656,1038240,0.6517337031900139
brown_0.002,2,10,60.0,u300,-1028.4588623046875,549.3895874023438,569536,1038240,0.5485591000154107
brown_0.002,2,10,60.0,u400,-597.320556640625,493.0596923828125,415309,1038240,0.40001252118970565
brown_0.002,2,10,60.0,u500,-678.4547729492188,365.03912353515625,398915,1038240,0.38422233780243487
brown_0.002,2,10,60.0,u600,-505.9701843261719,225.90541076660156,247228,1038240,0.2381222068115272
brown_0.002,2,10,60.0,u700,-288.629638671875,258.5461120605469,126717,1038240,0.12204981507165973
brown_0.002,2,10,60.0,u850,-175.18499755859375,254.23040771484375,90953,1038240,0.08760305902296193
brown_0.002,2,10,60.0,u925,-200.30575561523438,228.96499633789062,61340,1038240,0.05908075204191709
brown_0.002,2,10,60.0,u1000,-179.7894287109375,154.82058715820312,11700,1038240,0.011269070735090153
brown_0.002,2,10,60.0,v50,-107.98686981201172,98.30228424072266,0,1038240,0.0
brown_0.002,2,10,60.0,v100,-183.1328582763672,127.4620361328125,7631,1038240,0.00734993835721991
brown_0.002,2,10,60.0,v150,-182.95472717285156,389.626220703125,202064,1038240,0.1946216674372014
brown_0.002,2,10,60.0,v200,-208.54660034179688,218.02435302734375,24032,1038240,0.023146863923562952
brown_0.002,2,10,60.0,v250,-141.02146911621094,290.5679626464844,89395,1038240,0.08610244259516105
brown_0.002,2,10,60.0,v300,-144.62478637695312,197.23715209960938,19799,1038240,0.01906977192171367
brown_0.002,2,10,60.0,v400,-113.53742980957031,118.39977264404297,0,1038240,0.0
brown_0.002,2,10,60.0,v500,-90.52332305908203,85.5340576171875,0,1038240,0.0
brown_0.002,2,10,60.0,v600,-56.91006088256836,62.2574462890625,0,1038240,0.0
brown_0.002,2,10,60.0,v700,-155.3839874267578,79.79737091064453,281,1038240,0.00027065033132994297
brown_0.002,2,10,60.0,v850,-41.16291046142578,141.58665466308594,0,1038240,0.0
brown_0.002,2,10,60.0,v925,-54.472049713134766,183.70545959472656,12903,1038240,0.012427762367082755
brown_0.002,2,10,60.0,v1000,-34.4466552734375,179.8493194580078,10143,1038240,0.009769417475728156
brown_0.002,2,10,60.0,z50,112013.3359375,403160.46875,702689,1038240,0.6768078671598089
brown_0.002,2,10,60.0,z100,144858.359375,322758.6875,601369,1038240,0.579219640930806
brown_0.002,2,10,60.0,z150,108227.9453125,361419.875,544987,1038240,0.5249142780089382
brown_0.002,2,10,60.0,z200,95986.75,311507.28125,535878,1038240,0.5161407766990291
brown_0.002,2,10,60.0,z250,82467.5703125,284026.0625,486104,1038240,0.46820003082139006
brown_0.002,2,10,60.0,z300,72056.0703125,237484.265625,402710,1038240,0.38787756202804746
brown_0.002,2,10,60.0,z400,54015.7890625,158052.34375,173599,1038240,0.16720507782400987
brown_0.002,2,10,60.0,z500,42444.375,110253.5234375,37663,1038240,0.03627581291416243
brown_0.002,2,10,60.0,z600,28851.0546875,78384.125,0,1038240,0.0
brown_0.002,2,10,60.0,z700,14695.19140625,61440.3359375,0,1038240,0.0
brown_0.002,2,10,60.0,z850,-11865.423828125,43052.0703125,0,1038240,0.0
brown_0.002,2,10,60.0,z925,-28652.0859375,37961.49609375,0,1038240,0.0
brown_0.002,2,10,60.0,z1000,-40359.12890625,32404.53515625,1553,1038240,0.0014958005856064108
brown_0.002,2,10,60.0,t50,-584.3984985351562,671.51416015625,723283,1038240,0.6966433579904454
brown_0.002,2,10,60.0,t100,-618.085693359375,855.6409912109375,842798,1038240,0.8117564339651718
brown_0.002,2,10,60.0,t150,-90.11351013183594,760.4841918945312,454779,1038240,0.4380287794729542
brown_0.002,2,10,60.0,t200,85.45149230957031,429.5162048339844,63347,1038240,0.061013831098782556
brown_0.002,2,10,60.0,t250,124.91694641113281,769.8449096679688,430173,1038240,0.4143290568654646
brown_0.002,2,10,60.0,t300,138.33511352539062,940.1304931640625,476483,1038240,0.45893338727076594
brown_0.002,2,10,60.0,t400,168.28530883789062,841.0318603515625,485595,1038240,0.4677097780859917
brown_0.002,2,10,60.0,t500,160.1103973388672,669.9093627929688,430312,1038240,0.4144629372784713
brown_0.002,2,10,60.0,t600,104.32884216308594,577.693115234375,359706,1038240,0.3464574664817383
brown_0.002,2,10,60.0,t700,120.97463989257812,559.9439697265625,334248,1038240,0.3219371243643088
brown_0.002,2,10,60.0,t850,198.4873046875,566.0107421875,337885,1038240,0.32544016797657577
brown_0.002,2,10,60.0,t925,131.07334899902344,423.96282958984375,117421,1038240,0.11309620126367699
brown_0.002,2,10,60.0,t1000,60.418914794921875,420.3795166015625,196282,1038240,0.1890526275235013
brown_0.002,2,10,60.0,q50,-0.0031778598204255104,0.002927202731370926,514358,1038240,0.49541339189397443
brown_0.002,2,10,60.0,q100,-0.0010314068058505654,0.001158839208073914,483847,1038240,0.46602615965480043
brown_0.002,2,10,60.0,q150,-0.0006344562279991806,0.0015047352062538266,267491,1038240,0.25763888888888886
brown_0.002,2,10,60.0,q200,-0.0006050863303244114,0.0065118977800011635,21721,1038240,0.020920981661272924
brown_0.002,2,10,60.0,q250,-0.0013361667515709996,0.020587721839547157,17703,1038240,0.017050970873786406
brown_0.002,2,10,60.0,q300,-0.001972088823094964,0.0505824089050293,17719,1038240,0.017066381568808752
brown_0.002,2,10,60.0,q400,-0.005981806665658951,0.12342234700918198,214674,1038240,0.20676722145168747
brown_0.002,2,10,60.0,q500,-0.008405225351452827,0.19825711846351624,448282,1038240,0.4317710741254431
brown_0.002,2,10,60.0,q600,-0.025791967287659645,0.31202152371406555,722945,1038240,0.6963178070580983
brown_0.002,2,10,60.0,q700,-0.048746507614851,0.38627567887306213,804073,1038240,0.7744577361689012
brown_0.002,2,10,60.0,q850,-0.07504930347204208,0.534862756729126,858631,1038240,0.8270062798582216
brown_0.002,2,10,60.0,q925,-0.07358269393444061,0.5719571709632874,851507,1038240,0.8201446678995222
brown_0.002,2,10,60.0,q1000,-0.05839628353714943,0.5298010110855103,854003,1038240,0.8225487363230082
brown_0.002,2,11,66.0,u10m,-156.77032470703125,139.55007934570312,60693,1038240,0.058457582061950994
brown_0.002,2,11,66.0,v10m,-45.317874908447266,138.73252868652344,29643,1038240,0.028551202034211742
brown_0.002,2,11,66.0,u100m,-179.5478515625,175.60179138183594,122495,1038240,0.11798331792263832
brown_0.002,2,11,66.0,v100m,-54.63530731201172,161.8937225341797,54703,1038240,0.052688203112960394
brown_0.002,2,11,66.0,t2m,38.26924133300781,654.5367431640625,517425,1038240,0.49836742949607027
brown_0.002,2,11,66.0,sp,1425.6953125,159584.71875,326417,1038240,0.31439455231930963
brown_0.002,2,11,66.0,msl,38901.59765625,149115.09375,636602,1038240,0.6131549545384497
brown_0.002,2,11,66.0,tcwv,-204.72677612304688,2640.48046875,987289,1038240,0.9509256048697796
brown_0.002,2,11,66.0,u50,-531.68896484375,511.23077392578125,449666,1038240,0.4331040992448759
brown_0.002,2,11,66.0,u100,-744.0639038085938,1026.3074951171875,673102,1038240,0.6483106025581754
brown_0.002,2,11,66.0,u150,-884.0225830078125,1388.18603515625,667981,1038240,0.6433782169825859
brown_0.002,2,11,66.0,u200,-1198.810546875,907.2869262695312,665289,1038240,0.6407853675450763
brown_0.002,2,11,66.0,u250,-1583.7740478515625,732.1058959960938,686796,1038240,0.6615002311604253
brown_0.002,2,11,66.0,u300,-1064.7626953125,568.7890625,583412,1038240,0.5619240252735398
brown_0.002,2,11,66.0,u400,-633.0093994140625,503.9378356933594,440333,1038240,0.424114848204654
brown_0.002,2,11,66.0,u500,-713.9793701171875,372.1385803222656,417617,1038240,0.402235513946679
brown_0.002,2,11,66.0,u600,-527.6009521484375,233.8025665283203,271181,1038240,0.2611929804284173
brown_0.002,2,11,66.0,u700,-307.1007385253906,263.31024169921875,137259,1038240,0.13220353675450763
brown_0.002,2,11,66.0,u850,-184.60110473632812,253.99008178710938,97804,1038240,0.0942017259978425
brown_0.002,2,11,66.0,u925,-209.32379150390625,227.8053741455078,64973,1038240,0.06257994298042842
brown_0.002,2,11,66.0,u1000,-182.95545959472656,154.72882080078125,13158,1038240,0.012673370319001388
brown_0.002,2,11,66.0,v50,-123.46411895751953,98.77792358398438,0,1038240,0.0
brown_0.002,2,11,66.0,v100,-188.99111938476562,123.10034942626953,8449,1038240,0.008137810140237324
brown_0.002,2,11,66.0,v150,-182.169921875,381.2486267089844,200263,1038240,0.19288700107874865
brown_0.002,2,11,66.0,v200,-204.55967712402344,223.1168975830078,23736,1038240,0.02286176606564956
brown_0.002,2,11,66.0,v250,-138.85850524902344,291.6253356933594,85046,1038240,0.08191362305439975
brown_0.002,2,11,66.0,v300,-142.58087158203125,195.52725219726562,18357,1038240,0.01768088303282478
brown_0.002,2,11,66.0,v400,-115.0695571899414,115.19859313964844,0,1038240,0.0
brown_0.002,2,11,66.0,v500,-90.94192504882812,85.58478546142578,0,1038240,0.0
brown_0.002,2,11,66.0,v600,-56.21859359741211,61.39151382446289,0,1038240,0.0
brown_0.002,2,11,66.0,v700,-154.9729461669922,79.4346694946289,245,1038240,0.0002359762675296656
brown_0.002,2,11,66.0,v850,-39.816829681396484,139.5763397216797,0,1038240,0.0
brown_0.002,2,11,66.0,v925,-53.857574462890625,180.50015258789062,12650,1038240,0.012184080752041916
brown_0.002,2,11,66.0,v1000,-34.32564163208008,177.0730438232422,9220,1038240,0.008880413006626599
brown_0.002,2,11,66.0,z50,113925.15625,415512.0,725529,1038240,0.6988066343042071
brown_0.002,2,11,66.0,z100,144178.03125,341008.78125,662964,1038240,0.6385460009246418
brown_0.002,2,11,66.0,z150,107568.671875,380815.21875,595551,1038240,0.5736159269533055
brown_0.002,2,11,66.0,z200,94840.796875,329678.125,585165,1038240,0.5636124595469255
brown_0.002,2,11,66.0,z250,83041.9609375,298619.625,529554,1038240,0.5100496994914471
brown_0.002,2,11,66.0,z300,71965.359375,249250.375,444632,1038240,0.4282555093234705
brown_0.002,2,11,66.0,z400,53797.05078125,165480.625,228314,1038240,0.219904838958237
brown_0.002,2,11,66.0,z500,41976.90625,115033.0234375,54875,1038240,0.05285386808445061
brown_0.002,2,11,66.0,z600,28254.99609375,81333.09375,263,1038240,0.00025331329942980427
brown_0.002,2,11,66.0,z700,14241.40625,63122.7890625,0,1038240,0.0
brown_0.002,2,11,66.0,z850,-13159.505859375,44351.28125,0,1038240,0.0
brown_0.002,2,11,66.0,z925,-30765.69140625,38983.78125,0,1038240,0.0
brown_0.002,2,11,66.0,z1000,-43058.81640625,33269.18359375,7353,1038240,0.007082177531206657
brown_0.002,2,11,66.0,t50,-603.10888671875,682.975830078125,731516,1038240,0.7045731237478811
brown_0.002,2,11,66.0,t100,-630.8857421875,867.992431640625,849921,1038240,0.8186170827554323
brown_0.002,2,11,66.0,t150,-89.42253112792969,771.30322265625,439233,1038240,0.4230553629218678
brown_0.002,2,11,66.0,t200,105.22059631347656,436.7989501953125,82887,1038240,0.079834142394822
brown_0.002,2,11,66.0,t250,127.54705047607422,829.1502685546875,475274,1038240,0.45776891662813995
brown_0.002,2,11,66.0,t300,138.91787719726562,990.5097045898438,517689,1038240,0.49862170596393895
brown_0.002,2,11,66.0,t400,172.86766052246094,886.980712890625,532446,1038240,0.512835182616736
brown_0.002,2,11,66.0,t500,162.7266845703125,708.1476440429688,478288,1038240,0.4606719063029743
brown_0.002,2,11,66.0,t600,106.62590026855469,615.7450561523438,410017,1038240,0.39491543381106486
brown_0.002,2,11,66.0,t700,121.47218322753906,599.3623046875,380779,1038240,0.36675431499460626
brown_0.002,2,11,66.0,t850,197.20956420898438,608.44482421875,377376,1038240,0.36347665279704117
brown_0.002,2,11,66.0,t925,137.66331481933594,457.02081298828125,190034,1038240,0.18303475111727538
brown_0.002,2,11,66.0,t1000,70.97723388671875,452.8583068847656,268280,1038240,0.2583988287871783
brown_0.002,2,11,66.0,q50,-0.0031242736149579287,0.0028750638011842966,514366,1038240,0.4954210972414856
brown_0.002,2,11,66.0,q100,-0.0009558371384628117,0.0010719808051362634,477541,1038240,0.4599524194791185
brown_0.002,2,11,66.0,q150,-0.0005829003057442605,0.0015156054869294167,255343,1038240,0.24593831869317306
brown_0.002,2,11,66.0,q200,-0.0005972210201434791,0.006779724266380072,21594,1038240,0.020798659269533056
brown_0.002,2,11,66.0,q250,-0.0013876429293304682,0.02134731598198414,17580,1038240,0.016932501155802127
brown_0.002,2,11,66.0,q300,-0.0019602493848651648,0.051909998059272766,18170,1038240,0.017500770534751117
brown_0.002,2,11,66.0,q400,-0.006000414490699768,0.12595197558403015,223189,1038240,0.21496860070889198
brown_0.002,2,11,66.0,q500,-0.008083831518888474,0.20268353819847107,464018,1038240,0.4469274926799199
brown_0.002,2,11,66.0,q600,-0.02931138500571251,0.3156324028968811,733921,1038240,0.7068895438434274
brown_0.002,2,11,66.0,q700,-0.05369759351015091,0.39927923679351807,816639,1038240,0.7865609107720758
brown_0.002,2,11,66.0,q850,-0.079813651740551,0.5530221462249756,873984,1038240,0.8417938049006011
brown_0.002,2,11,66.0,q925,-0.0792984887957573,0.590817391872406,871806,1038240,0.8396960240406842
brown_0.002,2,11,66.0,q1000,-0.06274823099374771,0.5538934469223022,872043,1038240,0.8399242949607028
brown_0.002,2,12,72.0,u10m,-160.50389099121094,138.39048767089844,64000,1038240,0.06164278008938203
brown_0.002,2,12,72.0,v10m,-45.29594802856445,137.11181640625,29962,1038240,0.028858452766219757
brown_0.002,2,12,72.0,u100m,-186.64854431152344,175.2888641357422,128258,1038240,0.12353405763599938
brown_0.002,2,12,72.0,v100m,-53.86745834350586,158.6460418701172,53823,1038240,0.05184061488673139
brown_0.002,2,12,72.0,t2m,48.62437438964844,692.331298828125,535649,1038240,0.5159202111265218
brown_0.002,2,12,72.0,sp,-824.6875,158024.9375,315551,1038240,0.3039287640622592
brown_0.002,2,12,72.0,msl,36484.37109375,149067.171875,644280,1038240,0.6205501618122977
brown_0.002,2,12,72.0,tcwv,-217.97174072265625,2697.431640625,989589,1038240,0.9531408922792418
brown_0.002,2,12,72.0,u50,-569.3128662109375,545.1385498046875,480916,1038240,0.4632031129603945
brown_0.002,2,12,72.0,u100,-811.5850830078125,1035.71826171875,695891,1038240,0.6702602481121899
brown_0.002,2,12,72.0,u150,-996.3499145507812,1395.927001953125,687942,1038240,0.6626040221914008
brown_0.002,2,12,72.0,u200,-1265.1396484375,917.7635498046875,677024,1038240,0.6520881491755278
brown_0.002,2,12,72.0,u250,-1630.4818115234375,751.0860595703125,694141,1038240,0.6685747033441208
brown_0.002,2,12,72.0,u300,-1097.9251708984375,581.3843383789062,594328,1038240,0.5724379719525351
brown_0.002,2,12,72.0,u400,-666.216064453125,511.3228759765625,462106,1038240,0.44508591462474956
brown_0.002,2,12,72.0,u500,-745.0621948242188,377.00390625,431811,1038240,0.41590672676837726
brown_0.002,2,12,72.0,u600,-547.6461791992188,240.59307861328125,294731,1038240,0.2838755971644321
brown_0.002,2,12,72.0,u700,-323.92510986328125,267.2446594238281,146894,1038240,0.1414836646632763
brown_0.002,2,12,72.0,u850,-193.85006713867188,253.0657501220703,103777,1038240,0.09995473108337186
brown_0.002,2,12,72.0,u925,-218.74917602539062,226.1833953857422,68365,1038240,0.06584701032516567
brown_0.002,2,12,72.0,u1000,-185.9826202392578,153.95835876464844,14301,1038240,0.013774271844660194
brown_0.002,2,12,72.0,v50,-138.24966430664062,99.68983459472656,0,1038240,0.0
brown_0.002,2,12,72.0,v100,-196.52674865722656,119.09725952148438,9589,1038240,0.009235822160579442
brown_0.002,2,12,72.0,v150,-188.4281463623047,373.06463623046875,200421,1038240,0.1930391816920943
brown_0.002,2,12,72.0,v200,-201.43170166015625,225.81491088867188,23955,1038240,0.023072699953767914
brown_0.002,2,12,72.0,v250,-135.8787078857422,288.49896240234375,82478,1038240,0.0794402065033133
brown_0.002,2,12,72.0,v300,-142.38587951660156,193.0726776123047,16464,1038240,0.015857605177993526
brown_0.002,2,12,72.0,v400,-117.07447052001953,112.2095947265625,0,1038240,0.0
brown_0.002,2,12,72.0,v500,-90.98011779785156,85.04509735107422,0,1038240,0.0
brown_0.002,2,12,72.0,v600,-55.96544647216797,60.38445281982422,0,1038240,0.0
brown_0.002,2,12,72.0,v700,-154.1738739013672,78.85283660888672,195,1038240,0.00018781784558483588
brown_0.002,2,12,72.0,v850,-38.79520797729492,137.2300262451172,0,1038240,0.0
brown_0.002,2,12,72.0,v925,-52.598663330078125,177.2422332763672,12377,1038240,0.011921135768223148
brown_0.002,2,12,72.0,v1000,-33.895042419433594,173.9261016845703,8044,1038240,0.007747726922484204
brown_0.002,2,12,72.0,z50,116442.5625,427801.0625,742603,1038240,0.7152517722299275
brown_0.002,2,12,72.0,z100,143746.6875,359621.125,708742,1038240,0.68263792572045
brown_0.002,2,12,72.0,z150,107217.625,399680.8125,638808,1038240,0.6152797041146556
brown_0.002,2,12,72.0,z200,93773.1171875,347160.5625,627902,1038240,0.6047753891200494
brown_0.002,2,12,72.0,z250,82696.453125,312610.9375,571729,1038240,0.5506713284019109
brown_0.002,2,12,72.0,z300,72075.359375,260562.015625,483429,1038240,0.46562355524734167
brown_0.002,2,12,72.0,z400,53688.484375,172735.03125,276643,1038240,0.2664538064416705
brown_0.002,2,12,72.0,z500,41385.7421875,119679.8359375,79905,1038240,0.07696197411003236
brown_0.002,2,12,72.0,z600,27749.01171875,84236.328125,8802,1038240,0.008477808599167823
brown_0.002,2,12,72.0,z700,13754.6640625,64660.5546875,0,1038240,0.0
brown_0.002,2,12,72.0,z850,-14046.5,45401.4921875,0,1038240,0.0
brown_0.002,2,12,72.0,z925,-32432.05078125,39751.2265625,191,1038240,0.0001839651718292495
brown_0.002,2,12,72.0,z1000,-45288.30078125,33860.25390625,14715,1038240,0.014173023578363385
brown_0.002,2,12,72.0,t50,-615.9688110351562,688.9736328125,738550,1038240,0.7113480505470797
brown_0.002,2,12,72.0,t100,-641.6064453125,876.98095703125,854379,1038240,0.8229108876560333
brown_0.002,2,12,72.0,t150,-87.54457092285156,780.867431640625,423760,1038240,0.4081522576668208
brown_0.002,2,12,72.0,t200,124.48056030273438,474.9249267578125,115953,1038240,0.1116822699953768
brown_0.002,2,12,72.0,t250,131.84100341796875,884.6329345703125,516786,1038240,0.49775196486361534
brown_0.002,2,12,72.0,t300,138.06890869140625,1038.5216064453125,558438,1038240,0.5378698566805363
brown_0.002,2,12,72.0,t400,175.50424194335938,930.322021484375,581512,1038240,0.5600940052396363
brown_0.002,2,12,72.0,t500,165.9559326171875,744.228271484375,525404,1038240,0.5060525504700262
brown_0.002,2,12,72.0,t600,109.28938293457031,652.263427734375,458823,1038240,0.4419238326398521
brown_0.002,2,12,72.0,t700,123.88093566894531,636.707763671875,424615,1038240,0.40897576668207736
brown_0.002,2,12,72.0,t850,196.22265625,648.031494140625,419186,1038240,0.40374672522730776
brown_0.002,2,12,72.0,t925,137.68927001953125,491.5177001953125,253749,1038240,0.2444030282015719
brown_0.002,2,12,72.0,t1000,82.49737548828125,488.6204833984375,329416,1038240,0.3172830944675605
brown_0.002,2,12,72.0,q50,-0.0030706811230629683,0.0028229220770299435,514373,1038240,0.49542783942055785
brown_0.002,2,12,72.0,q100,-0.0009041710873134434,0.0009929698426276445,474740,1038240,0.45725458468176916
brown_0.002,2,12,72.0,q150,-0.0005375220789574087,0.001524343271739781,244080,1038240,0.23509015256588073
brown_0.002,2,12,72.0,q200,-0.0005891997716389596,0.007010064087808132,21546,1038240,0.02075242718446602
brown_0.002,2,12,72.0,q250,-0.001429240102879703,0.02203945629298687,17370,1038240,0.01673023578363384
brown_0.002,2,12,72.0,q300,-0.0019324526656419039,0.05317019671201706,19718,1038240,0.018991755278163044
brown_0.002,2,12,72.0,q400,-0.005929159931838512,0.12835612893104553,230118,1038240,0.22164239482200648
brown_0.002,2,12,72.0,q500,-0.0076543171890079975,0.20693911612033844,477184,1038240,0.45960856834643243
brown_0.002,2,12,72.0,q600,-0.03254362940788269,0.32175612449645996,742409,1038240,0.7150649175527817
brown_0.002,2,12,72.0,q700,-0.05865368992090225,0.41098859906196594,828159,1038240,0.7976566111881646
brown_0.002,2,12,72.0,q850,-0.08444090187549591,0.5690725445747375,888416,1038240,0.8556942518107566
brown_0.002,2,12,72.0,q925,-0.08482963591814041,0.6081741452217102,887614,1038240,0.8549217907227616
brown_0.002,2,12,72.0,q1000,-0.0676046758890152,0.5757379531860352,890062,1038240,0.8572796270611804
brown_0.002,2,13,78.0,u10m,-163.91134643554688,137.0116424560547,66438,1038240,0.06399098474341193
brown_0.002,2,13,78.0,v10m,-44.953426361083984,135.27316284179688,30084,1038240,0.028975959315765142
brown_0.002,2,13,78.0,u100m,-195.6018829345703,174.58055114746094,134455,1038240,0.1295028124518416
brown_0.002,2,13,78.0,v100m,-52.90578842163086,155.37008666992188,53077,1038240,0.05112209123131453
brown_0.002,2,13,78.0,t2m,58.07841491699219,726.8365478515625,547115,1038240,0.5269639004469101
brown_0.002,2,13,78.0,sp,-2824.1796875,156113.71875,303325,1038240,0.29215306672830943
brown_0.002,2,13,78.0,msl,34684.375,148829.484375,650231,1038240,0.6262819771921714
brown_0.002,2,13,78.0,tcwv,-230.6771697998047,2747.514892578125,991737,1038240,0.9552097780859917
brown_0.002,2,13,78.0,u50,-616.5740966796875,572.9100341796875,501865,1038240,0.4833805285868393
brown_0.002,2,13,78.0,u100,-875.6199951171875,1046.754638671875,712484,1038240,0.6862421020188011
brown_0.002,2,13,78.0,u150,-1102.54541015625,1398.780517578125,702833,1038240,0.67694656341501
brown_0.002,2,13,78.0,u200,-1329.9854736328125,924.3798828125,685819,1038240,0.6605592155956234
brown_0.002,2,13,78.0,u250,-1676.389892578125,764.8359985351562,699352,1038240,0.673593774079211
brown_0.002,2,13,78.0,u300,-1128.960205078125,589.8794555664062,603076,1038240,0.5808637694560025
brown_0.002,2,13,78.0,u400,-699.0667114257812,515.9637451171875,480886,1038240,0.4631742179072276
brown_0.002,2,13,78.0,u500,-771.9611206054688,379.7579650878906,443198,1038240,0.4268743257820928
brown_0.002,2,13,78.0,u600,-566.1617431640625,245.78988647460938,314150,1038240,0.30257936507936506
brown_0.002,2,13,78.0,u700,-339.6460876464844,270.28057861328125,155192,1038240,0.14947603636924026
brown_0.002,2,13,78.0,u850,-204.26824951171875,251.19093322753906,108702,1038240,0.10469833564493759
brown_0.002,2,13,78.0,u925,-227.5830078125,224.11607360839844,71329,1038240,0.06870184157805517
brown_0.002,2,13,78.0,u1000,-188.9462432861328,152.73875427246094,15193,1038240,0.014633418092155957
brown_0.002,2,13,78.0,v50,-151.1111297607422,99.95638275146484,37,1038240,3.563723223917399e-05
brown_0.002,2,13,78.0,v100,-203.8159942626953,117.23036193847656,11030,1038240,0.010623747881029435
brown_0.002,2,13,78.0,v150,-197.41650390625,365.0192565917969,202778,1038240,0.1953093697025736
brown_0.002,2,13,78.0,v200,-198.46559143066406,226.00306701660156,23960,1038240,0.023077515795962397
brown_0.002,2,13,78.0,v250,-133.05459594726562,286.11590576171875,80476,1038240,0.07751194328864232
brown_0.002,2,13,78.0,v300,-143.0763702392578,191.12353515625,13750,1038240,0.013243566034828172
brown_0.002,2,13,78.0,v400,-120.05210876464844,109.54669952392578,0,1038240,0.0
brown_0.002,2,13,78.0,v500,-92.13291931152344,84.18101501464844,0,1038240,0.0
brown_0.002,2,13,78.0,v600,-58.40917205810547,59.14614486694336,0,1038240,0.0
brown_0.002,2,13,78.0,v700,-153.85511779785156,78.27268981933594,162,1038240,0.00015603328710124827
brown_0.002,2,13,78.0,v850,-39.28176498413086,134.2046356201172,0,1038240,0.0
brown_0.002,2,13,78.0,v925,-51.171051025390625,173.98423767089844,12062,1038240,0.011617737709970719
brown_0.002,2,13,78.0,v1000,-33.24323272705078,170.29644775390625,6611,1038240,0.006367506549545384
brown_0.002,2,13,78.0,z50,118227.4765625,439912.1875,755461,1038240,0.7276361920172599
brown_0.002,2,13,78.0,z100,143520.21875,377811.3125,749579,1038240,0.7219708352596702
brown_0.002,2,13,78.0,z150,107233.96875,417970.21875,681129,1038240,0.6560419556171984
brown_0.002,2,13,78.0,z200,92704.234375,363939.40625,669398,1038240,0.6447430266605024
brown_0.002,2,13,78.0,z250,81697.984375,326042.8125,609450,1038240,0.5870030050855294
brown_0.002,2,13,78.0,z300,72268.3125,271504.96875,519203,1038240,0.5000799429804285
brown_0.002,2,13,78.0,z400,53638.859375,180160.53125,324938,1038240,0.31297002619818154
brown_0.002,2,13,78.0,z500,40494.01171875,124272.578125,112679,1038240,0.10852885652642934
brown_0.002,2,13,78.0,z600,27129.88671875,87060.7109375,20023,1038240,0.019285521652026506
brown_0.002,2,13,78.0,z700,13337.7578125,66076.5078125,0,1038240,0.0
brown_0.002,2,13,78.0,z850,-14621.67578125,46231.3203125,0,1038240,0.0
brown_0.002,2,13,78.0,z925,-33667.87890625,40291.83984375,531,1038240,0.0005114424410540916
brown_0.002,2,13,78.0,z1000,-47052.15234375,34207.0859375,21554,1038240,0.020760132531977192
brown_0.002,2,13,78.0,t50,-623.8012084960938,691.55615234375,744025,1038240,0.7166213977500385
brown_0.002,2,13,78.0,t100,-651.482421875,883.7972412109375,857314,1038240,0.8257377870241948
brown_0.002,2,13,78.0,t150,-85.41468811035156,789.161865234375,409847,1038240,0.3947516951764525
brown_0.002,2,13,78.0,t200,136.92678833007812,518.5350952148438,159064,1038240,0.15320542456464786
brown_0.002,2,13,78.0,t250,134.18521118164062,935.5874633789062,551929,1038240,0.5316005933117584
brown_0.002,2,13,78.0,t300,138.30670166015625,1083.998779296875,602582,1038240,0.5803879642471875
brown_0.002,2,13,78.0,t400,174.79859924316406,971.1361694335938,634914,1038240,0.6115291262135922
brown_0.002,2,13,78.0,t500,169.49058532714844,779.7644653320312,568969,1038240,0.5480129835105563
brown_0.002,2,13,78.0,t600,112.28553771972656,688.7783813476562,508971,1038240,0.49022480351363845
brown_0.002,2,13,78.0,t700,128.09613037109375,671.79736328125,477277,1038240,0.4596981430112498
brown_0.002,2,13,78.0,t850,195.4201202392578,683.7330932617188,473394,1038240,0.4559581599630143
brown_0.002,2,13,78.0,t925,136.86688232421875,525.7535400390625,313549,1038240,0.3020005008475882
brown_0.002,2,13,78.0,t1000,89.69712829589844,524.1737060546875,381901,1038240,0.36783498998304826
brown_0.002,2,13,78.0,q50,-0.0030170835088938475,0.0027721875812858343,514381,1038240,0.49543554476806906
brown_0.002,2,13,78.0,q100,-0.0008561777649447322,0.0009208348346874118,475540,1038240,0.45802511943288643
brown_0.002,2,13,78.0,q150,-0.0004974600160494447,0.0015368553576990962,233001,1038240,0.22441920943134536
brown_0.002,2,13,78.0,q200,-0.0005800303188152611,0.007162095978856087,21236,1038240,0.020453844968408075
brown_0.002,2,13,78.0,q250,-0.0014562347205355763,0.022607017308473587,17536,1038240,0.016890121744490675
brown_0.002,2,13,78.0,q300,-0.00187955261208117,0.05434330180287361,21710,1038240,0.02091038680844506
brown_0.002,2,13,78.0,q400,-0.005805157590657473,0.13037626445293427,234927,1038240,0.2262742718446602
brown_0.002,2,13,78.0,q500,-0.007241707760840654,0.2105875313282013,487576,1038240,0.46961781476344583
brown_0.002,2,13,78.0,q600,-0.035645924508571625,0.32699230313301086,750085,1038240,0.7224581984897519
brown_0.002,2,13,78.0,q700,-0.06353972852230072,0.4219406247138977,839105,1038240,0.8081994529203267
brown_0.002,2,13,78.0,q850,-0.0891602411866188,0.5834527015686035,901589,1038240,0.8683820696563415
brown_0.002,2,13,78.0,q925,-0.09011401981115341,0.6239648461341858,902247,1038240,0.8690158344891354
brown_0.002,2,13,78.0,q1000,-0.0724056139588356,0.5957289338111877,904873,1038240,0.8715451148096779
brown_0.002,2,14,84.0,u10m,-166.8906707763672,135.57440185546875,68365,1038240,0.06584701032516567
brown_0.002,2,14,84.0,v10m,-44.17204284667969,133.15931701660156,30025,1038240,0.028919132377870242
brown_0.002,2,14,84.0,u100m,-204.33059692382812,173.56214904785156,140641,1038240,0.1354609724148559
brown_0.002,2,14,84.0,v100m,-52.04008865356445,152.1505584716797,52306,1038240,0.05037948836492526
brown_0.002,2,14,84.0,t2m,61.75164794921875,757.999755859375,556295,1038240,0.5358057867159809
brown_0.002,2,14,84.0,sp,-4610.7109375,153934.625,288658,1038240,0.2780262752350131
brown_0.002,2,14,84.0,msl,33416.4453125,148383.21875,656995,1038240,0.6327968485128679
brown_0.002,2,14,84.0,tcwv,-242.62135314941406,2792.395751953125,993864,1038240,0.9572584373555247
brown_0.002,2,14,84.0,u50,-687.222900390625,594.7872314453125,518139,1038240,0.49905513176144245
brown_0.002,2,14,84.0,u100,-936.9653930664062,1053.2088623046875,724247,1038240,0.6975718523655416
brown_0.002,2,14,84.0,u150,-1203.6744384765625,1398.7877197265625,716078,1038240,0.6897037293881954
brown_0.002,2,14,84.0,u200,-1389.7615966796875,928.3257446289062,691984,1038240,0.6664971490214209
brown_0.002,2,14,84.0,u250,-1719.6099853515625,775.9907836914062,703280,1038240,0.6773770997071968
brown_0.002,2,14,84.0,u300,-1160.254638671875,594.5067749023438,610871,1038240,0.5883716674372014
brown_0.002,2,14,84.0,u400,-733.1427612304688,518.8446044921875,495726,1038240,0.47746763754045307
brown_0.002,2,14,84.0,u500,-796.3644409179688,380.54815673828125,452018,1038240,0.43536947141316074
brown_0.002,2,14,84.0,u600,-583.213134765625,249.52232360839844,329238,1038240,0.3171116504854369
brown_0.002,2,14,84.0,u700,-354.2441711425781,272.3343505859375,162858,1038240,0.15685968562182154
brown_0.002,2,14,84.0,u850,-214.85977172851562,248.8155517578125,112683,1038240,0.10853270920018493
brown_0.002,2,14,84.0,u925,-235.99790954589844,221.72427368164062,74338,1038240,0.07160001541069502
brown_0.002,2,14,84.0,u1000,-191.2688446044922,151.12820434570312,16026,1038240,0.015435737401756819
brown_0.002,2,14,84.0,v50,-163.26882934570312,99.0126953125,2265,1038240,0.002181576514100786
brown_0.002,2,14,84.0,v100,-208.63836669921875,115.68940734863281,12114,1038240,0.011667822468793342
brown_0.002,2,14,84.0,v150,-206.70291137695312,356.8907775878906,206241,1038240,0.1986448220064725
brown_0.002,2,14,84.0,v200,-195.89218139648438,224.24935913085938,24352,1038240,0.02345507782400986
brown_0.002,2,14,84.0,v250,-132.1005401611328,281.920654296875,77947,1038240,0.07507609030667282
brown_0.002,2,14,84.0,v300,-145.33096313476562,187.5971221923828,11413,1038240,0.01099264139312683
brown_0.002,2,14,84.0,v400,-122.128662109375,106.72807312011719,0,1038240,0.0
brown_0.002,2,14,84.0,v500,-93.32059478759766,83.23187255859375,0,1038240,0.0
brown_0.002,2,14,84.0,v600,-61.63865661621094,57.478759765625,0,1038240,0.0
brown_0.002,2,14,84.0,v700,-153.81124877929688,77.6332015991211,158,1038240,0.00015218061334566188
brown_0.002,2,14,84.0,v850,-39.81999969482422,130.7451934814453,0,1038240,0.0
brown_0.002,2,14,84.0,v925,-49.8842887878418,170.70668029785156,11452,1038240,0.011030204962243797
brown_0.002,2,14,84.0,v1000,-33.57347869873047,166.77284240722656,5105,1038240,0.004916974880567113
brown_0.002,2,14,84.0,z50,117347.0390625,451748.0625,765363,1038240,0.737173485899214
brown_0.002,2,14,84.0,z100,143538.671875,395492.90625,788849,1038240,0.7597944598551395
brown_0.002,2,14,84.0,z150,107599.390625,435524.9375,716059,1038240,0.6896854291878564
brown_0.002,2,14,84.0,z200,91649.0703125,379853.96875,703166,1038240,0.6772672985051625
brown_0.002,2,14,84.0,z250,80723.1328125,338827.6875,644789,1038240,0.6210404145476961
brown_0.002,2,14,84.0,z300,71436.0390625,281987.9375,553639,1038240,0.5332476113422715
brown_0.002,2,14,84.0,z400,53616.046875,187331.125,366257,1038240,0.3527671829249499
brown_0.002,2,14,84.0,z500,39645.0234375,128690.8515625,144506,1038240,0.13918361843119126
brown_0.002,2,14,84.0,z600,26314.26953125,89856.71875,32198,1038240,0.03101209739559254
brown_0.002,2,14,84.0,z700,12958.251953125,67383.234375,0,1038240,0.0
brown_0.002,2,14,84.0,z850,-14816.486328125,46876.828125,0,1038240,0.0
brown_0.002,2,14,84.0,z925,-34482.62109375,40630.90234375,750,1038240,0.0007223763291724456
brown_0.002,2,14,84.0,z1000,-48409.0234375,34338.07421875,25990,1038240,0.025032747726922485
brown_0.002,2,14,84.0,t50,-626.9908447265625,695.618408203125,748189,1038240,0.720632031129604
brown_0.002,2,14,84.0,t100,-660.341064453125,889.2066650390625,859478,1038240,0.827822083525967
brown_0.002,2,14,84.0,t150,-82.89826965332031,796.7576904296875,397466,1038240,0.3828267067344737
brown_0.002,2,14,84.0,t200,135.77708435058594,562.1717529296875,203681,1038240,0.1961791108028972
brown_0.002,2,14,84.0,t250,135.70408630371094,982.3711547851562,584587,1038240,0.5630557481892433
brown_0.002,2,14,84.0,t300,139.75601196289062,1125.5562744140625,642778,1038240,0.6191034828170751
brown_0.002,2,14,84.0,t400,175.05538940429688,1009.5697631835938,675333,1038240,0.6504594313453537
brown_0.002,2,14,84.0,t500,173.34567260742188,813.9356689453125,608758,1038240,0.5863364925258129
brown_0.002,2,14,84.0,t600,115.65301513671875,723.0567016601562,554995,1038240,0.5345536677454154
brown_0.002,2,14,84.0,t700,133.40830993652344,704.4207763671875,531897,1038240,0.5123064031437817
brown_0.002,2,14,84.0,t850,194.86871337890625,716.59130859375,534846,1038240,0.5151467868700879
brown_0.002,2,14,84.0,t925,136.7660675048828,559.3563232421875,378300,1038240,0.3643666204345816
brown_0.002,2,14,84.0,t1000,91.39360046386719,558.1183471679688,431146,1038240,0.415266219756511
brown_0.002,2,14,84.0,q50,-0.0029663005843758583,0.002722859615460038,514407,1038240,0.49546058714748037
brown_0.002,2,14,84.0,q100,-0.0008118714322336018,0.0008549834019504488,475563,1038240,0.45804727230698106
brown_0.002,2,14,84.0,q150,-0.00046140773338265717,0.0015453374944627285,221744,1038240,0.2135768223146864
brown_0.002,2,14,84.0,q200,-0.0005683645140379667,0.007275102194398642,20781,1038240,0.020015603328710125
brown_0.002,2,14,84.0,q250,-0.0014798358315601945,0.023038946092128754,17763,1038240,0.017108760980120204
brown_0.002,2,14,84.0,q300,-0.0018239680211991072,0.05544821172952652,22754,1038240,0.021915934658653106
brown_0.002,2,14,84.0,q400,-0.005735692102462053,0.13221707940101624,237829,1038240,0.2290693866543381
brown_0.002,2,14,84.0,q500,-0.007293245289474726,0.21391047537326813,496608,1038240,0.47831715210355985
brown_0.002,2,14,84.0,q600,-0.03870406001806259,0.3314493000507355,757125,1038240,0.7292389042995839
brown_0.002,2,14,84.0,q700,-0.06831353902816772,0.43170905113220215,848391,1038240,0.8171434350439205
brown_0.002,2,14,84.0,q850,-0.09353279322385788,0.5962732434272766,913484,1038240,0.8798389582370165
brown_0.002,2,14,84.0,q925,-0.09534171223640442,0.6380665302276611,913952,1038240,0.8802897210664201
brown_0.002,2,14,84.0,q1000,-0.07670878618955612,0.6130680441856384,915146,1038240,0.8814397441824626
brown_0.002,2,15,90.0,u10m,-171.46702575683594,133.9310302734375,69274,1038240,0.06672253043612267
brown_0.002,2,15,90.0,v10m,-43.556739807128906,131.53976440429688,29831,1038240,0.028732277700724302
brown_0.002,2,15,90.0,u100m,-212.472900390625,172.1609649658203,145896,1038240,0.14052242256125752
brown_0.002,2,15,90.0,v100m,-50.519840240478516,149.24229431152344,51481,1038240,0.049584874402835565
brown_0.002,2,15,90.0,t2m,65.62788391113281,787.8113403320312,563701,1038240,0.5429390121744491
brown_0.002,2,15,90.0,sp,-6262.828125,151567.40625,271800,1038240,0.2617891816920943
brown_0.002,2,15,90.0,msl,32516.078125,147802.21875,660815,1038240,0.636476151949453
brown_0.002,2,15,90.0,tcwv,-253.8302764892578,2832.529541015625,995691,1038240,0.9590181460933888
brown_0.002,2,15,90.0,u50,-751.0048217773438,611.6419067382812,529366,1038240,0.5098686238249345
brown_0.002,2,15,90.0,u100,-995.7954711914062,1055.468017578125,732791,1038240,0.7058011635074742
brown_0.002,2,15,90.0,u150,-1297.903076171875,1396.040771484375,727456,1038240,0.7006626598859609
brown_0.002,2,15,90.0,u200,-1445.8973388671875,929.8822631835938,695761,1038240,0.6701350362151333
brown_0.002,2,15,90.0,u250,-1760.3060302734375,784.4686279296875,706121,1038240,0.680113461242102
brown_0.002,2,15,90.0,u300,-1189.87939453125,595.9315185546875,617100,1038240,0.5943712436430884
brown_0.002,2,15,90.0,u400,-765.4387817382812,519.8551635742188,508340,1038240,0.48961704422869473
brown_0.002,2,15,90.0,u500,-818.7916259765625,380.673583984375,459188,1038240,0.4422753891200493
brown_0.002,2,15,90.0,u600,-598.6650390625,251.90731811523438,341838,1038240,0.32924757281553396
brown_0.002,2,15,90.0,u700,-367.47607421875,273.6120300292969,171003,1038240,0.1647046925566343
brown_0.002,2,15,90.0,u850,-224.959716796875,245.74697875976562,116622,1038240,0.11232662968099862
brown_0.002,2,15,90.0,u925,-244.7709197998047,218.9344024658203,76690,1038240,0.07386538757897981
brown_0.002,2,15,90.0,u1000,-195.17381286621094,149.05477905273438,16781,1038240,0.01616292957312375
brown_0.002,2,15,90.0,v50,-173.6102752685547,96.91018676757812,5213,1038240,0.005020997071967946
brown_0.002,2,15,90.0,v100,-212.50137329101562,114.17291259765625,13200,1038240,0.012713823393435044
brown_0.002,2,15,90.0,v150,-215.52272033691406,348.61151123046875,208301,1038240,0.20062894899059946
brown_0.002,2,15,90.0,v200,-193.17689514160156,222.4210205078125,24991,1038240,0.024070542456464786
brown_0.002,2,15,90.0,v250,-131.14959716796875,277.38726806640625,74585,1038240,0.07183791801510248
brown_0.002,2,15,90.0,v300,-147.76321411132812,184.7099609375,9712,1038240,0.009354291878563722
brown_0.002,2,15,90.0,v400,-124.30243682861328,103.78685760498047,0,1038240,0.0
brown_0.002,2,15,90.0,v500,-93.47667694091797,82.4993667602539,0,1038240,0.0
brown_0.002,2,15,90.0,v600,-64.76493835449219,57.05467987060547,0,1038240,0.0
brown_0.002,2,15,90.0,v700,-153.9104461669922,77.1968765258789,174,1038240,0.0001675913083680074
brown_0.002,2,15,90.0,v850,-40.302520751953125,128.67210388183594,0,1038240,0.0
brown_0.002,2,15,90.0,v925,-48.72429275512695,167.98745727539062,10139,1038240,0.009765564801972569
brown_0.002,2,15,90.0,v1000,-33.62054443359375,163.53140258789062,3682,1038240,0.00354638619201726
brown_0.002,2,15,90.0,z50,116904.0078125,463288.6875,774259,1038240,0.7457418323316382
brown_0.002,2,15,90.0,z100,143854.234375,412617.1875,819228,1038240,0.7890545538603791
brown_0.002,2,15,90.0,z150,108234.828125,452356.65625,746280,1038240,0.7187933425797504
brown_0.002,2,15,90.0,z200,90702.875,394898.1875,732787,1038240,0.7057973108337185
brown_0.002,2,15,90.0,z250,79845.3046875,350905.0625,673625,1038240,0.6488143396517183
brown_0.002,2,15,90.0,z300,70551.7734375,291922.125,586584,1038240,0.5649791955617198
brown_0.002,2,15,90.0,z400,53582.828125,194129.21875,397881,1038240,0.3832264216366158
brown_0.002,2,15,90.0,z500,38883.18359375,133006.734375,179299,1038240,0.17269513792572044
brown_0.002,2,15,90.0,z600,25555.0703125,92641.796875,47891,1038240,0.04612709970719679
brown_0.002,2,15,90.0,z700,12684.0693359375,68597.2734375,0,1038240,0.0
brown_0.002,2,15,90.0,z850,-14669.83984375,47361.92578125,0,1038240,0.0
brown_0.002,2,15,90.0,z925,-34901.09765625,40805.50390625,853,1038240,0.0008215826783787949
brown_0.002,2,15,90.0,z1000,-49658.69921875,34302.98046875,29123,1038240,0.028050354445985515
brown_0.002,2,15,90.0,t50,-626.27587890625,696.3601684570312,749970,1038240,0.7223474341192788
brown_0.002,2,15,90.0,t100,-667.4525146484375,893.1009521484375,861253,1038240,0.8295317075050085
brown_0.002,2,15,90.0,t150,-79.52427673339844,803.8563842773438,388049,1038240,0.3737565495453845
brown_0.002,2,15,90.0,t200,135.38705444335938,605.9727783203125,251277,1038240,0.24202207582061952
brown_0.002,2,15,90.0,t250,137.99717712402344,1025.7891845703125,616851,1038240,0.5941314147018031
brown_0.002,2,15,90.0,t300,142.367431640625,1165.312255859375,676766,1038240,0.6518396517182925
brown_0.002,2,15,90.0,t400,176.0491485595703,1045.2154541015625,709619,1038240,0.6834826244413623
brown_0.002,2,15,90.0,t500,175.6231689453125,844.5271606445312,645046,1038240,0.6212879488364925
brown_0.002,2,15,90.0,t600,119.21560668945312,753.950927734375,600567,1038240,0.5784471798428109
brown_0.002,2,15,90.0,t700,139.4488983154297,735.1553955078125,586948,1038240,0.5653297888734782
brown_0.002,2,15,90.0,t850,194.2130126953125,748.01513671875,582768,1038240,0.5613037447988904
brown_0.002,2,15,90.0,t925,137.26577758789062,590.4730224609375,421751,1038240,0.40621725227307753
brown_0.002,2,15,90.0,t1000,93.57427978515625,590.0811767578125,462931,1038240,0.44588052858683924
brown_0.002,2,15,90.0,q50,-0.0029155113734304905,0.002673530485481024,514430,1038240,0.495482740021575
brown_0.002,2,15,90.0,q100,-0.0007707174518145621,0.0007948643760755658,478084,1038240,0.46047541994143937
brown_0.002,2,15,90.0,q150,-0.00042905472218990326,0.0015502215828746557,209814,1038240,0.20208622283865002
brown_0.002,2,15,90.0,q200,-0.0005555519019253552,0.0073526278138160706,20248,1038240,0.01950223455077824
brown_0.002,2,15,90.0,q250,-0.00150383822619915,0.02336203120648861,17729,1038240,0.01707601325319772
brown_0.002,2,15,90.0,q300,-0.0017650945810601115,0.05640004202723503,23418,1038240,0.022555478502080444
brown_0.002,2,15,90.0,q400,-0.005603347439318895,0.13385409116744995,240524,1038240,0.23166512559716443
brown_0.002,2,15,90.0,q500,-0.007285655941814184,0.21670770645141602,503864,1038240,0.4853059022961936
brown_0.002,2,15,90.0,q600,-0.0416647344827652,0.33571839332580566,763817,1038240,0.7356844274926799
brown_0.002,2,15,90.0,q700,-0.07291551679372787,0.44071945548057556,856929,1038240,0.8253669671752196
brown_0.002,2,15,90.0,q850,-0.09760859608650208,0.6078200340270996,923292,1038240,0.8892857142857142
brown_0.002,2,15,90.0,q925,-0.10018354654312134,0.6505273580551147,922768,1038240,0.8887810140237324
brown_0.002,2,15,90.0,q1000,-0.08045157045125961,0.6297134160995483,923832,1038240,0.8898058252427185
brown_0.002,2,16,96.0,u10m,-175.41136169433594,131.9939727783203,70036,1038240,0.06745646478656188
brown_0.002,2,16,96.0,v10m,-42.64997482299805,130.0870819091797,29584,1038240,0.028494375096316842
brown_0.002,2,16,96.0,u100m,-219.28506469726562,170.50091552734375,150934,1038240,0.14537486515641856
brown_0.002,2,16,96.0,v100m,-48.42861557006836,146.56719970703125,50451,1038240,0.048592810910772076
brown_0.002,2,16,96.0,t2m,70.00736999511719,815.9094848632812,570333,1038240,0.5493267452612113
brown_0.002,2,16,96.0,sp,-7872.5234375,149116.25,254078,1038240,0.24471991061796888
brown_0.002,2,16,96.0,msl,31938.5546875,147170.296875,663100,1038240,0.6386769918323316
brown_0.002,2,16,96.0,tcwv,-264.21856689453125,2868.14794921875,997751,1038240,0.9610022730775158
brown_0.002,2,16,96.0,u50,-808.2775268554688,623.483642578125,540328,1038240,0.5204268762521189
brown_0.002,2,16,96.0,u100,-1051.6475830078125,1053.963623046875,739037,1038240,0.7118171135768223
brown_0.002,2,16,96.0,u150,-1378.2314453125,1391.268798828125,736153,1038240,0.7090393357990445
brown_0.002,2,16,96.0,u200,-1500.0235595703125,929.1184692382812,698644,1038240,0.6729118508244721
brown_0.002,2,16,96.0,u250,-1799.2054443359375,792.9535522460938,707927,1038240,0.6818529434427493
brown_0.002,2,16,96.0,u300,-1217.78466796875,593.7645263671875,622669,1038240,0.5997351286793035
brown_0.002,2,16,96.0,u400,-796.1445922851562,519.3516845703125,518164,1038240,0.49907921097241487
brown_0.002,2,16,96.0,u500,-839.47705078125,379.9970397949219,464839,1038240,0.447718253968254
brown_0.002,2,16,96.0,u600,-612.61328125,254.11972045898438,352229,1038240,0.3392558560641085
brown_0.002,2,16,96.0,u700,-379.0941467285156,274.26190185546875,180977,1038240,0.17431133456618894
brown_0.002,2,16,96.0,u850,-234.40194702148438,244.5780487060547,119892,1038240,0.11547619047619048
brown_0.002,2,16,96.0,u925,-252.9872283935547,215.7862091064453,78264,1038240,0.07538141470180305
brown_0.002,2,16,96.0,u1000,-198.56344604492188,147.13809204101562,17497,1038240,0.01685255817537371
brown_0.002,2,16,96.0,v50,-182.99478149414062,94.0187759399414,9255,1038240,0.00891412390198798
brown_0.002,2,16,96.0,v100,-215.4124298095703,112.49995422363281,14342,1038240,0.013813761750654954
brown_0.002,2,16,96.0,v150,-221.4647674560547,339.695556640625,209618,1038240,0.2018974418246263
brown_0.002,2,16,96.0,v200,-190.04930114746094,220.6198272705078,25317,1038240,0.024384535367545077
brown_0.002,2,16,96.0,v250,-130.0804443359375,272.4422912597656,71182,1038240,0.06856025581753737
brown_0.002,2,16,96.0,v300,-149.366455078125,182.7523193359375,8117,1038240,0.007818038218523655
brown_0.002,2,16,96.0,v400,-126.09628295898438,101.20144653320312,0,1038240,0.0
brown_0.002,2,16,96.0,v500,-93.44223022460938,82.00592041015625,0,1038240,0.0
brown_0.002,2,16,96.0,v600,-67.02912902832031,56.82486343383789,0,1038240,0.0
brown_0.002,2,16,96.0,v700,-154.1705780029297,77.8801040649414,206,1038240,0.0001984126984126984
brown_0.002,2,16,96.0,v850,-40.74006652832031,127.03926849365234,0,1038240,0.0
brown_0.002,2,16,96.0,v925,-48.740013122558594,165.8402557373047,7961,1038240,0.007667783942055787
brown_0.002,2,16,96.0,v1000,-33.50319290161133,160.72225952148438,2207,1038240,0.0021257127446447834
brown_0.002,2,16,96.0,z50,116818.59375,474687.15625,779555,1038240,0.7508427723840345
brown_0.002,2,16,96.0,z100,144143.953125,429180.0,841993,1038240,0.81098108337186
brown_0.002,2,16,96.0,z150,109079.234375,468419.90625,774650,1038240,0.7461184311912468
brown_0.002,2,16,96.0,z200,89888.890625,409135.9375,760821,1038240,0.7327987748497458
brown_0.002,2,16,96.0,z250,79064.4375,362354.5,700409,1038240,0.6746118431191247
brown_0.002,2,16,96.0,z300,69759.8046875,301365.65625,616712,1038240,0.5939975342887964
brown_0.002,2,16,96.0,z400,52671.671875,200668.09375,427687,1038240,0.4119346201263677
brown_0.002,2,16,96.0,z500,38205.1328125,137225.21875,215775,1038240,0.20782766990291263
brown_0.002,2,16,96.0,z600,24808.671875,95457.34375,65073,1038240,0.06267625982431807
brown_0.002,2,16,96.0,z700,12337.875,69718.0234375,384,1038240,0.0003698566805362922
brown_0.002,2,16,96.0,z850,-14235.984375,47722.32421875,0,1038240,0.0
brown_0.002,2,16,96.0,z925,-35010.33203125,40858.06640625,882,1038240,0.0008495145631067961
brown_0.002,2,16,96.0,z1000,-50922.21875,34158.421875,31374,1038240,0.030218446601941746
brown_0.002,2,16,96.0,t50,-622.3853759765625,694.8673706054688,750562,1038240,0.7229176298351055
brown_0.002,2,16,96.0,t100,-673.6041259765625,896.253662109375,862538,1038240,0.8307693789489906
brown_0.002,2,16,96.0,t150,-75.59767150878906,810.258056640625,380114,1038240,0.36611380798274
brown_0.002,2,16,96.0,t200,135.78155517578125,647.640625,296457,1038240,0.28553802588996763
brown_0.002,2,16,96.0,t250,140.659423828125,1065.81884765625,645829,1038240,0.6220421097241485
brown_0.002,2,16,96.0,t300,145.26913452148438,1202.11572265625,706492,1038240,0.6804707967329326
brown_0.002,2,16,96.0,t400,177.6602783203125,1078.97021484375,738604,1038240,0.7114000616427801
brown_0.002,2,16,96.0,t500,175.61367797851562,872.5411376953125,682113,1038240,0.6569897133610726
brown_0.002,2,16,96.0,t600,122.83676147460938,782.3782348632812,646877,1038240,0.6230515102481122
brown_0.002,2,16,96.0,t700,146.08651733398438,764.224365234375,636880,1038240,0.6134227153644629
brown_0.002,2,16,96.0,t850,193.53077697753906,777.5677490234375,620375,1038240,0.5975256202804746
brown_0.002,2,16,96.0,t925,138.20660400390625,619.4828491210938,456206,1038240,0.4394032208352597
brown_0.002,2,16,96.0,t1000,96.13053894042969,620.24169921875,482360,1038240,0.4645939281861612
brown_0.002,2,16,96.0,q50,-0.0028647202998399734,0.0026256085839122534,514445,1038240,0.4954971875481584
brown_0.002,2,16,96.0,q100,-0.0007327471976168454,0.0007394489366561174,483630,1038240,0.4658171521035599
brown_0.002,2,16,96.0,q150,-0.0003998451284132898,0.0015524982009083033,199276,1038240,0.1919363538295577
brown_0.002,2,16,96.0,q200,-0.0005418102955445647,0.007409085053950548,19609,1038240,0.018886769918323318
brown_0.002,2,16,96.0,q250,-0.001521608093753457,0.023571152240037918,17352,1038240,0.016712898751733703
brown_0.002,2,16,96.0,q300,-0.001709757256321609,0.057095836848020554,24125,1038240,0.023236438588380336
brown_0.002,2,16,96.0,q400,-0.005561169236898422,0.13506752252578735,241662,1038240,0.23276121128062877
brown_0.002,2,16,96.0,q500,-0.007196155842393637,0.21947640180587769,509037,1038240,0.49028837263060565
brown_0.002,2,16,96.0,q600,-0.044396333396434784,0.33948466181755066,770594,1038240,0.7422118200030822
brown_0.002,2,16,96.0,q700,-0.07719369977712631,0.44906362891197205,865025,1038240,0.8331647788565264
brown_0.002,2,16,96.0,q850,-0.10142263770103455,0.6182652115821838,930214,1038240,0.8959527662197565
brown_0.002,2,16,96.0,q925,-0.10465730726718903,0.6618656516075134,930110,1038240,0.8958525967021113
brown_0.002,2,16,96.0,q1000,-0.08375599980354309,0.6455140113830566,931707,1038240,0.8973907766990291
brown_0.002,2,17,102.0,u10m,-179.77525329589844,130.04306030273438,70830,1038240,0.06822122052704577
brown_0.002,2,17,102.0,v10m,-41.475399017333984,128.6229248046875,29236,1038240,0.02815919247958083
brown_0.002,2,17,102.0,u100m,-226.16607666015625,168.85020446777344,157951,1038240,0.15213341809215597
brown_0.002,2,17,102.0,v100m,-45.89215850830078,144.37733459472656,49368,1038240,0.047549699491447064
brown_0.002,2,17,102.0,t2m,74.34091186523438,842.6649169921875,575025,1038240,0.5538459315765141
brown_0.002,2,17,102.0,sp,-9247.5390625,147099.8125,238095,1038240,0.2293255894590846
brown_0.002,2,17,102.0,msl,31300.734375,146471.703125,663929,1038240,0.6394754584681769
brown_0.002,2,17,102.0,tcwv,-274.6529846191406,2914.80712890625,999588,1038240,0.9627716134997688
brown_0.002,2,17,102.0,u50,-878.7415771484375,630.1703491210938,549629,1038240,0.5293853059022962
brown_0.002,2,17,102.0,u100,-1104.5126953125,1049.57568359375,743606,1038240,0.7162178301741409
brown_0.002,2,17,102.0,u150,-1442.826416015625,1384.548095703125,742787,1038240,0.7154289952226845
brown_0.002,2,17,102.0,u200,-1553.2030029296875,926.899169921875,701395,1038240,0.6755615271998767
brown_0.002,2,17,102.0,u250,-1835.5843505859375,797.9462890625,709471,1038240,0.6833400755124056
brown_0.002,2,17,102.0,u300,-1244.8792724609375,589.3895874023438,627391,1038240,0.6042832100477732
brown_0.002,2,17,102.0,u400,-828.2711181640625,517.3344116210938,526625,1038240,0.5072285791339189
brown_0.002,2,17,102.0,u500,-858.0618286132812,378.05194091796875,470220,1038240,0.45290106333795654
brown_0.002,2,17,102.0,u600,-625.4577026367188,255.22265625,360354,1038240,0.34708159963014334
brown_0.002,2,17,102.0,u700,-389.8891906738281,274.0706481933594,192981,1038240,0.18587320850670366
brown_0.002,2,17,102.0,u850,-243.48399353027344,243.5536346435547,122328,1038240,0.11782246879334259
brown_0.002,2,17,102.0,u925,-260.7604064941406,212.52981567382812,79470,1038240,0.07654299583911234
brown_0.002,2,17,102.0,u1000,-202.5856170654297,145.02154541015625,18235,1038240,0.017563376483279394
brown_0.002,2,17,102.0,v50,-192.3531494140625,90.6089096069336,12804,1038240,0.012332408691631993
brown_0.002,2,17,102.0,v100,-218.7683563232422,110.38521575927734,15466,1038240,0.014896363075974726
brown_0.002,2,17,102.0,v150,-225.71495056152344,334.476806640625,209438,1038240,0.2017240715056249
brown_0.002,2,17,102.0,v200,-186.35223388671875,217.34307861328125,24911,1038240,0.023993488981353058
brown_0.002,2,17,102.0,v250,-128.99444580078125,268.1919860839844,66853,1038240,0.06439069964555401
brown_0.002,2,17,102.0,v300,-150.6121368408203,180.8416748046875,6931,1038240,0.006675720449992295
brown_0.002,2,17,102.0,v400,-127.32455444335938,98.64944458007812,0,1038240,0.0
brown_0.002,2,17,102.0,v500,-94.68529510498047,81.34493255615234,0,1038240,0.0
brown_0.002,2,17,102.0,v600,-68.52819061279297,56.473304748535156,0,1038240,0.0
brown_0.002,2,17,102.0,v700,-154.24948120117188,78.33580017089844,256,1038240,0.00024657112035752815
brown_0.002,2,17,102.0,v850,-41.31151580810547,125.87464904785156,0,1038240,0.0
brown_0.002,2,17,102.0,v925,-49.21845626831055,166.298095703125,5811,1038240,0.005596971798428109
brown_0.002,2,17,102.0,v1000,-33.23496627807617,157.94424438476562,1420,1038240,0.0013676991832331639
brown_0.002,2,17,102.0,z50,116941.9140625,485897.8125,783374,1038240,0.7545211126521806
brown_0.002,2,17,102.0,z100,143871.875,445149.0625,861219,1038240,0.829498959778086
brown_0.002,2,17,102.0,z150,110099.140625,483618.3125,801815,1038240,0.7722829018338727
brown_0.002,2,17,102.0,z200,89139.8359375,422577.90625,787499,1038240,0.7584941824626291
brown_0.002,2,17,102.0,z250,78311.1875,373181.1875,726465,1038240,0.6997081599630144
brown_0.002,2,17,102.0,z300,68983.7265625,310386.5625,645232,1038240,0.6214670981661273
brown_0.002,2,17,102.0,z400,51795.0703125,207006.859375,458741,1038240,0.4418448528278625
brown_0.002,2,17,102.0,z500,37577.76171875,141398.59375,246458,1038240,0.23738056711357683
brown_0.002,2,17,102.0,z600,24119.947265625,98290.8125,90195,1038240,0.08687297734627832
brown_0.002,2,17,102.0,z700,11647.611328125,70761.2890625,2292,1038240,0.002207582061950994
brown_0.002,2,17,102.0,z850,-13573.802734375,47983.07421875,0,1038240,0.0
brown_0.002,2,17,102.0,z925,-34877.63671875,40811.37109375,975,1038240,0.0009390892279241794
brown_0.002,2,17,102.0,z1000,-51923.61328125,33929.04296875,33264,1038240,0.03203883495145631
brown_0.002,2,17,102.0,t50,-615.634765625,691.5391845703125,749769,1038240,0.7221538372630606
brown_0.002,2,17,102.0,t100,-678.52978515625,898.6451416015625,863731,1038240,0.8319184388965942
brown_0.002,2,17,102.0,t150,-71.63078308105469,816.449951171875,371891,1038240,0.3581936739096933
brown_0.002,2,17,102.0,t200,136.93502807617188,687.6810913085938,338309,1038240,0.3258485513946679
brown_0.002,2,17,102.0,t250,143.57127380371094,1102.021728515625,672036,1038240,0.6472838650023116
brown_0.002,2,17,102.0,t300,148.91860961914062,1235.7320556640625,737152,1038240,0.7100015410695022
brown_0.002,2,17,102.0,t400,179.7987518310547,1110.94921875,765122,1038240,0.7369413623054399
brown_0.002,2,17,102.0,t500,176.25335693359375,898.5347290039062,715961,1038240,0.6895910386808445
brown_0.002,2,17,102.0,t600,126.45407104492188,808.7279663085938,690660,1038240,0.6652219140083218
brown_0.002,2,17,102.0,t700,150.55551147460938,791.5101318359375,681710,1038240,0.6566015564801972
brown_0.002,2,17,102.0,t850,193.6750030517578,805.3990478515625,652425,1038240,0.6283951687471105
brown_0.002,2,17,102.0,t925,139.4798126220703,647.2119140625,488736,1038240,0.47073509015256587
brown_0.002,2,17,102.0,t1000,98.88177490234375,648.6773681640625,502162,1038240,0.48366658961319153
brown_0.002,2,17,102.0,q50,-0.0028153376188129187,0.0025790934450924397,514450,1038240,0.4955020033903529
brown_0.002,2,17,102.0,q100,-0.0006974209100008011,0.0006961125181987882,489171,1038240,0.4711540684234859
brown_0.002,2,17,102.0,q150,-0.0003732088953256607,0.0015523843467235565,188249,1038240,0.18131549545384495
brown_0.002,2,17,102.0,q200,-0.0005276536685414612,0.007459564134478569,18978,1038240,0.018279010633379566
brown_0.002,2,17,102.0,q250,-0.0015393581707030535,0.02371905744075775,16892,1038240,0.01626984126984127
brown_0.002,2,17,102.0,q300,-0.001644839416258037,0.057483259588479996,24863,1038240,0.02394725689628602
brown_0.002,2,17,102.0,q400,-0.005879383999854326,0.13585881888866425,242738,1038240,0.23379758052088148
brown_0.002,2,17,102.0,q500,-0.00701651768758893,0.2229762226343155,512368,1038240,0.4934966867005702
brown_0.002,2,17,102.0,q600,-0.04679631441831589,0.3429364860057831,776936,1038240,0.7483202342425643
brown_0.002,2,17,102.0,q700,-0.0809323713183403,0.45701828598976135,872233,1038240,0.840107296964093
brown_0.002,2,17,102.0,q850,-0.10494652390480042,0.6300087571144104,936003,1038240,0.9015285483125289
brown_0.002,2,17,102.0,q925,-0.10880967229604721,0.675089418888092,936179,1038240,0.9016980659577747
brown_0.002,2,17,102.0,q1000,-0.08657856285572052,0.6620905995368958,938805,1038240,0.9042273462783171
brown_0.002,2,18,108.0,u10m,-183.7496795654297,128.03097534179688,72025,1038240,0.0693722068115272
brown_0.002,2,18,108.0,v10m,-41.53582000732422,127.00773620605469,28849,1038240,0.027786446293727847
brown_0.002,2,18,108.0,u100m,-232.32420349121094,167.14089965820312,164350,1038240,0.15829673293265525
brown_0.002,2,18,108.0,v100m,-43.051239013671875,142.60107421875,48195,1038240,0.04641990291262136
brown_0.002,2,18,108.0,t2m,78.6925048828125,867.5978393554688,580325,1038240,0.558950724302666
brown_0.002,2,18,108.0,sp,-10426.9609375,146060.21875,225220,1038240,0.21692479580829097
brown_0.002,2,18,108.0,msl,30820.8046875,145669.6875,663573,1038240,0.6391325705039297
brown_0.002,2,18,108.0,tcwv,-286.12835693359375,2961.244873046875,1001443,1038240,0.964558290953922
brown_0.002,2,18,108.0,u50,-938.99072265625,632.606689453125,556588,1038240,0.5360879950685776
brown_0.002,2,18,108.0,u100,-1154.533447265625,1043.1474609375,745912,1038240,0.7184388965942364
brown_0.002,2,18,108.0,u150,-1496.63525390625,1376.2633056640625,748639,1038240,0.7210654569271074
brown_0.002,2,18,108.0,u200,-1603.0767822265625,922.6834106445312,704387,1038240,0.6784433271690553
brown_0.002,2,18,108.0,u250,-1869.9605712890625,799.6443481445312,710770,1038240,0.6845912313145323
brown_0.002,2,18,108.0,u300,-1272.839111328125,582.1959228515625,630640,1038240,0.6074125443057482
brown_0.002,2,18,108.0,u400,-860.1883544921875,514.0877075195312,532865,1038240,0.5132387501926337
brown_0.002,2,18,108.0,u500,-875.144775390625,375.2001953125,474029,1038240,0.45656977192171366
brown_0.002,2,18,108.0,u600,-637.7330322265625,255.44891357421875,366761,1038240,0.3532526198181538
brown_0.002,2,18,108.0,u700,-399.4731140136719,273.146240234375,202686,1038240,0.1952207582061951
brown_0.002,2,18,108.0,u850,-251.85133361816406,242.0083770751953,124073,1038240,0.11950319771921714
brown_0.002,2,18,108.0,u925,-269.4381103515625,209.13702392578125,80786,1038240,0.07781052550470026
brown_0.002,2,18,108.0,u1000,-206.37242126464844,144.1938934326172,19326,1038240,0.01861419325011558
brown_0.002,2,18,108.0,v50,-201.67385864257812,90.04766845703125,15797,1038240,0.015215171829249498
brown_0.002,2,18,108.0,v100,-222.510986328125,107.9404296875,16656,1038240,0.016042533518261674
brown_0.002,2,18,108.0,v150,-228.60556030273438,329.4894714355469,208286,1038240,0.20061450146401602
brown_0.002,2,18,108.0,v200,-182.8231201171875,212.97781372070312,24239,1038240,0.023346239790414548
brown_0.002,2,18,108.0,v250,-127.44065856933594,262.4847106933594,61828,1038240,0.05955077824009863
brown_0.002,2,18,108.0,v300,-150.5902099609375,178.97215270996094,6236,1038240,0.006006318384959162
brown_0.002,2,18,108.0,v400,-128.455322265625,96.11331939697266,0,1038240,0.0
brown_0.002,2,18,108.0,v500,-96.16905212402344,80.53309631347656,0,1038240,0.0
brown_0.002,2,18,108.0,v600,-69.77069091796875,56.15583038330078,0,1038240,0.0
brown_0.002,2,18,108.0,v700,-154.85342407226562,78.5306396484375,482,1038240,0.0004642471875481584
brown_0.002,2,18,108.0,v850,-41.78042221069336,124.5989990234375,0,1038240,0.0
brown_0.002,2,18,108.0,v925,-49.60379409790039,167.0915985107422,4428,1038240,0.004264909847434119
brown_0.002,2,18,108.0,v1000,-32.791725158691406,155.44296264648438,687,1038240,0.0006616967175219603
brown_0.002,2,18,108.0,z50,117260.0546875,496634.59375,789969,1038240,0.7608732085067037
brown_0.002,2,18,108.0,z100,143860.1875,460421.75,876371,1038240,0.8440928879642472
brown_0.002,2,18,108.0,z150,111248.421875,498009.5,826668,1038240,0.7962205270457697
brown_0.002,2,18,108.0,z200,88471.9140625,435205.4375,813952,1038240,0.7839728771767607
brown_0.002,2,18,108.0,z250,77612.03125,383384.75,751576,1038240,0.7238942826321467
brown_0.002,2,18,108.0,z300,68199.1484375,318914.96875,669227,1038240,0.644578324857451
brown_0.002,2,18,108.0,z400,50932.6796875,213070.796875,489098,1038240,0.47108375712744643
brown_0.002,2,18,108.0,z500,37009.3828125,145474.921875,279773,1038240,0.26946852365541685
brown_0.002,2,18,108.0,z600,23476.71875,101093.625,112718,1038240,0.1085664200955463
brown_0.002,2,18,108.0,z700,11017.408203125,71737.796875,3737,1038240,0.003599360456156573
brown_0.002,2,18,108.0,z850,-12730.62109375,48147.375,0,1038240,0.0
brown_0.002,2,18,108.0,z925,-34524.30078125,40675.8828125,1171,1038240,0.0011278702419479118
brown_0.002,2,18,108.0,z1000,-52695.859375,33605.8828125,34533,1038240,0.03326109570041609
brown_0.002,2,18,108.0,t50,-606.0201416015625,686.1187133789062,748264,1038240,0.7207042687625211
brown_0.002,2,18,108.0,t100,-681.9700927734375,900.8232421875,864688,1038240,0.8328401910926183
brown_0.002,2,18,108.0,t150,-67.22526550292969,821.7938842773438,363097,1038240,0.34972357065803666
brown_0.002,2,18,108.0,t200,138.66859436035156,726.9625854492188,378259,1038240,0.36432713052858684
brown_0.002,2,18,108.0,t250,146.99697875976562,1136.0318603515625,697332,1038240,0.6716481738326399
brown_0.002,2,18,108.0,t300,153.20867919921875,1266.8057861328125,763160,1038240,0.7350516258283248
brown_0.002,2,18,108.0,t400,181.1132354736328,1141.19677734375,789596,1038240,0.7605139466789952
brown_0.002,2,18,108.0,t500,177.56076049804688,922.7542724609375,743169,1038240,0.715796925566343
brown_0.002,2,18,108.0,t600,130.1110382080078,833.46337890625,725944,1038240,0.6992063492063492
brown_0.002,2,18,108.0,t700,153.86514282226562,817.348876953125,720483,1038240,0.6939464863615349
brown_0.002,2,18,108.0,t850,194.64633178710938,831.6752319335938,682585,1038240,0.6574443288642318
brown_0.002,2,18,108.0,t925,141.01406860351562,674.2064208984375,521204,1038240,0.5020072430266606
brown_0.002,2,18,108.0,t1000,101.83918762207031,674.8587036132812,520867,1038240,0.5016826552627524
brown_0.002,2,18,108.0,q50,-0.0027673644945025444,0.0025325750466436148,514479,1038240,0.4955299352750809
brown_0.002,2,18,108.0,q100,-0.000664197257719934,0.0006861456786282361,492537,1038240,0.47439609338881183
brown_0.002,2,18,108.0,q150,-0.0003489216323941946,0.00155724142678082,177407,1038240,0.1708728232393281
brown_0.002,2,18,108.0,q200,-0.0005137649714015424,0.007504362612962723,18234,1038240,0.0175624133148405
brown_0.002,2,18,108.0,q250,-0.0015481433365494013,0.023832565173506737,16312,1038240,0.015711203575281246
brown_0.002,2,18,108.0,q300,-0.001555540133267641,0.057689592242240906,24901,1038240,0.023983857296964093
brown_0.002,2,18,108.0,q400,-0.006146722007542849,0.13636034727096558,243667,1038240,0.23469236400061644
brown_0.002,2,18,108.0,q500,-0.006723437458276749,0.2258772999048233,517079,1038240,0.4980341732162121
brown_0.002,2,18,108.0,q600,-0.048870135098695755,0.3458234965801239,782593,1038240,0.7537688781014024
brown_0.002,2,18,108.0,q700,-0.08406814187765121,0.46421098709106445,877946,1038240,0.8456098782555094
brown_0.002,2,18,108.0,q850,-0.10821264237165451,0.6437898874282837,940784,1038240,0.9061334566188936
brown_0.002,2,18,108.0,q925,-0.11252149939537048,0.6892423629760742,941444,1038240,0.9067691477885652
brown_0.002,2,18,108.0,q1000,-0.08883066475391388,0.6782868504524231,945621,1038240,0.9107923023578364
brown_0.002,2,19,114.0,u10m,-187.3065643310547,125.89865112304688,73063,1038240,0.07037197565110187
brown_0.002,2,19,114.0,v10m,-41.727909088134766,125.65176391601562,28531,1038240,0.02748015873015873
brown_0.002,2,19,114.0,u100m,-237.61865234375,165.3817138671875,170615,1038240,0.16433098320234243
brown_0.002,2,19,114.0,v100m,-41.897857666015625,140.93783569335938,47051,1038240,0.045318038218523655
brown_0.002,2,19,114.0,t2m,83.03233337402344,890.4415893554688,584946,1038240,0.5634015256588072
brown_0.002,2,19,114.0,sp,-11412.375,145006.234375,211691,1038240,0.20389408999845893
brown_0.002,2,19,114.0,msl,30537.671875,144830.96875,662650,1038240,0.6382435660348281
brown_0.002,2,19,114.0,tcwv,-296.410888671875,3005.1484375,1003140,1038240,0.9661927877947295
brown_0.002,2,19,114.0,u50,-988.3575439453125,631.3395385742188,562412,1038240,0.5416974880567114
brown_0.002,2,19,114.0,u100,-1200.8411865234375,1035.2593994140625,746782,1038240,0.7192768531360765
brown_0.002,2,19,114.0,u150,-1543.1202392578125,1365.948974609375,753452,1038240,0.7257011866235167
brown_0.002,2,19,114.0,u200,-1647.40087890625,916.744140625,707006,1038240,0.6809658653105255
brown_0.002,2,19,114.0,u250,-1903.4425048828125,798.0481567382812,711330,1038240,0.6851306056403144
brown_0.002,2,19,114.0,u300,-1302.7166748046875,572.4774780273438,632807,1038240,0.6094997303128371
brown_0.002,2,19,114.0,u400,-890.9766235351562,510.3804626464844,536490,1038240,0.5167302357836339
brown_0.002,2,19,114.0,u500,-890.5260009765625,372.1714172363281,476844,1038240,0.4592810910772076
brown_0.002,2,19,114.0,u600,-649.36328125,255.21197509765625,371719,1038240,0.35802800893820313
brown_0.002,2,19,114.0,u700,-408.40240478515625,271.80560302734375,210567,1038240,0.20281148867313917
brown_0.002,2,19,114.0,u850,-259.6603698730469,240.29454040527344,125108,1038240,0.12050007705347511
brown_0.002,2,19,114.0,u925,-277.29364013671875,205.21566772460938,83156,1038240,0.08009323470488519
brown_0.002,2,19,114.0,u1000,-209.82212829589844,143.0540008544922,21070,1038240,0.02029395900755124
brown_0.002,2,19,114.0,v50,-209.84530639648438,89.9070053100586,19116,1038240,0.018411927877947296
brown_0.002,2,19,114.0,v100,-225.51658630371094,105.65414428710938,17818,1038240,0.017161735244259516
brown_0.002,2,19,114.0,v150,-231.2054901123047,324.87176513671875,206249,1038240,0.19865252735398367
brown_0.002,2,19,114.0,v200,-184.8519287109375,208.6302032470703,23737,1038240,0.02286272923408846
brown_0.002,2,19,114.0,v250,-125.36158752441406,257.2925109863281,57254,1038240,0.05514524580058561
brown_0.002,2,19,114.0,v300,-151.09580993652344,176.50442504882812,5634,1038240,0.005426490984743412
brown_0.002,2,19,114.0,v400,-129.651611328125,95.53488159179688,0,1038240,0.0
brown_0.002,2,19,114.0,v500,-96.88335418701172,79.80742645263672,0,1038240,0.0
brown_0.002,2,19,114.0,v600,-70.7041244506836,55.73773193359375,0,1038240,0.0
brown_0.002,2,19,114.0,v700,-155.11984252929688,78.34912872314453,936,1038240,0.0009015256588072122
brown_0.002,2,19,114.0,v850,-42.04766082763672,123.0321044921875,0,1038240,0.0
brown_0.002,2,19,114.0,v925,-49.94007873535156,167.50851440429688,3167,1038240,0.003050354445985514
brown_0.002,2,19,114.0,v1000,-32.30412292480469,153.13429260253906,212,1038240,0.00020419170904607798
brown_0.002,2,19,114.0,z50,117844.9375,506902.21875,796944,1038240,0.7675913083680074
brown_0.002,2,19,114.0,z100,144085.078125,475066.0,888615,1038240,0.8558859223300971
brown_0.002,2,19,114.0,z150,112520.390625,511650.5625,849179,1038240,0.817902411773771
brown_0.002,2,19,114.0,z200,87996.1015625,447130.875,838005,1038240,0.8071399676375405
brown_0.002,2,19,114.0,z250,77070.5234375,393039.5,775216,1038240,0.7466635845276622
brown_0.002,2,19,114.0,z300,67533.1875,326958.78125,691039,1038240,0.6655869548466636
brown_0.002,2,19,114.0,z400,50186.8828125,218844.671875,515519,1038240,0.49653163045153337
brown_0.002,2,19,114.0,z500,36519.26171875,149663.828125,314790,1038240,0.3031957928802589
brown_0.002,2,19,114.0,z600,22905.189453125,103901.7890625,131019,1038240,0.12619336569579287
brown_0.002,2,19,114.0,z700,10451.376953125,72659.0078125,5944,1038240,0.005725073200801356
brown_0.002,2,19,114.0,z850,-12174.263671875,48283.53515625,0,1038240,0.0
brown_0.002,2,19,114.0,z925,-33992.68359375,40461.65625,1177,1038240,0.0011336492525812914
brown_0.002,2,19,114.0,z1000,-53306.546875,33218.32421875,35570,1038240,0.034259901371551854
brown_0.002,2,19,114.0,t50,-594.2321166992188,679.00439453125,745297,1038240,0.717846548004315
brown_0.002,2,19,114.0,t100,-684.72802734375,902.6990966796875,865289,1038240,0.8334190553243951
brown_0.002,2,19,114.0,t150,-65.31999206542969,826.7443237304688,354899,1038240,0.3418275157959624
brown_0.002,2,19,114.0,t200,140.78591918945312,765.283935546875,415933,1038240,0.4006135382955771
brown_0.002,2,19,114.0,t250,150.98207092285156,1168.0419921875,720551,1038240,0.6940119818153798
brown_0.002,2,19,114.0,t300,157.4918212890625,1295.404296875,783524,1038240,0.7546655879180151
brown_0.002,2,19,114.0,t400,182.95057678222656,1169.2003173828125,810473,1038240,0.7806220141778394
brown_0.002,2,19,114.0,t500,178.19525146484375,945.1435546875,766414,1038240,0.7381857759284943
brown_0.002,2,19,114.0,t600,133.84786987304688,856.685302734375,756706,1038240,0.7288353367236863
brown_0.002,2,19,114.0,t700,157.1560821533203,841.7160034179688,755242,1038240,0.7274252581291416
brown_0.002,2,19,114.0,t850,195.76596069335938,856.2357788085938,709430,1038240,0.6833005856064108
brown_0.002,2,19,114.0,t925,142.7965850830078,699.94775390625,555480,1038240,0.5350208044382802
brown_0.002,2,19,114.0,t1000,104.98326110839844,700.3712158203125,538760,1038240,0.5189166281399291
brown_0.002,2,19,114.0,q50,-0.002719386015087366,0.0024874659720808268,514498,1038240,0.49554823547541993
brown_0.002,2,19,114.0,q100,-0.0006336669903248549,0.0006775921210646629,492322,1038240,0.4741890121744491
brown_0.002,2,19,114.0,q150,-0.0003268705331720412,0.001565231243148446,165908,1038240,0.15979734936045617
brown_0.002,2,19,114.0,q200,-0.0005011705216020346,0.007548292633146048,17550,1038240,0.01690360610263523
brown_0.002,2,19,114.0,q250,-0.0015517030842602253,0.02393485978245735,15732,1038240,0.01515256588072122
brown_0.002,2,19,114.0,q300,-0.0014224848710000515,0.05799092724919319,24512,1038240,0.023609184774233318
brown_0.002,2,19,114.0,q400,-0.0063827806152403355,0.13663868606090546,245897,1038240,0.23684022961935583
brown_0.002,2,19,114.0,q500,-0.00627122400328517,0.2284504920244217,522514,1038240,0.503268993681615
brown_0.002,2,19,114.0,q600,-0.050598084926605225,0.34822341799736023,788458,1038240,0.7594178609955309
brown_0.002,2,19,114.0,q700,-0.08677303045988083,0.47087931632995605,883134,1038240,0.8506067961165048
brown_0.002,2,19,114.0,q850,-0.11128711700439453,0.657132089138031,945610,1038240,0.9107817075050085
brown_0.002,2,19,114.0,q925,-0.11602520942687988,0.702716052532196,947140,1038240,0.9122553552165202
brown_0.002,2,19,114.0,q1000,-0.09060125052928925,0.693822979927063,951585,1038240,0.9165366389274157
brown_0.002,2,20,120.0,u10m,-190.8485107421875,123.80630493164062,73705,1038240,0.07099032978887347
brown_0.002,2,20,120.0,v10m,-41.42667770385742,124.19205474853516,28140,1038240,0.027103559870550162
brown_0.002,2,20,120.0,u100m,-242.74435424804688,163.24807739257812,176686,1038240,0.17017837879488365
brown_0.002,2,20,120.0,v100m,-40.45843505859375,139.26406860351562,45890,1038240,0.04419979966096471
brown_0.002,2,20,120.0,t2m,85.27651977539062,912.7431030273438,593157,1038240,0.5713101017105872
brown_0.002,2,20,120.0,sp,-12192.640625,143973.359375,198603,1038240,0.1912881414701803
brown_0.002,2,20,120.0,msl,30332.0625,144080.9375,661448,1038240,0.6370858375712745
brown_0.002,2,20,120.0,tcwv,-305.6100158691406,3045.060791015625,1004256,1038240,0.9672676837725381
brown_0.002,2,20,120.0,u50,-1034.3216552734375,627.19921875,566040,1038240,0.5451918631530283
brown_0.002,2,20,120.0,u100,-1243.1688232421875,1025.1009521484375,746289,1038240,0.7188020110957004
brown_0.002,2,20,120.0,u150,-1583.7359619140625,1353.97412109375,755300,1038240,0.7274811218985976
brown_0.002,2,20,120.0,u200,-1685.9337158203125,908.6664428710938,708869,1038240,0.6827602481121898
brown_0.002,2,20,120.0,u250,-1935.1285400390625,794.2540283203125,711416,1038240,0.6852134381260595
brown_0.002,2,20,120.0,u300,-1332.384765625,560.4345092773438,634003,1038240,0.6106516797657574
brown_0.002,2,20,120.0,u400,-919.638427734375,505.68023681640625,538558,1038240,0.518722068115272
brown_0.002,2,20,120.0,u500,-905.352294921875,368.56927490234375,478924,1038240,0.4612844814301125
brown_0.002,2,20,120.0,u600,-660.0217895507812,254.4347686767578,375679,1038240,0.36184215595623365
brown_0.002,2,20,120.0,u700,-417.8953552246094,269.46038818359375,216806,1038240,0.208820696563415
brown_0.002,2,20,120.0,u850,-266.73553466796875,238.17160034179688,125848,1038240,0.12121282169825859
brown_0.002,2,20,120.0,u925,-284.8818664550781,201.5285186767578,85990,1038240,0.08282285406071814
brown_0.002,2,20,120.0,u1000,-213.1653289794922,141.7522735595703,22572,1038240,0.021740638002773927
brown_0.002,2,20,120.0,v50,-216.28355407714844,91.04420471191406,22682,1038240,0.02184658653105255
brown_0.002,2,20,120.0,v100,-228.12257385253906,103.64929962158203,19046,1038240,0.018344506087224533
brown_0.002,2,20,120.0,v150,-237.172607421875,320.4446105957031,203903,1038240,0.19639293419633225
brown_0.002,2,20,120.0,v200,-188.46258544921875,204.81985473632812,23287,1038240,0.02242930343658499
brown_0.002,2,20,120.0,v250,-122.80670928955078,251.90464782714844,53253,1038240,0.051291608876560334
brown_0.002,2,20,120.0,v300,-149.51951599121094,174.36793518066406,5152,1038240,0.004962243797195253
brown_0.002,2,20,120.0,v400,-130.84933471679688,94.78633117675781,0,1038240,0.0
brown_0.002,2,20,120.0,v500,-96.88127899169922,80.57959747314453,0,1038240,0.0
brown_0.002,2,20,120.0,v600,-71.0150375366211,55.27013397216797,0,1038240,0.0
brown_0.002,2,20,120.0,v700,-155.46981811523438,78.05638885498047,1325,1038240,0.0012761981815379874
brown_0.002,2,20,120.0,v850,-42.106693267822266,121.55237579345703,0,1038240,0.0
brown_0.002,2,20,120.0,v925,-50.463584899902344,167.4293212890625,2720,1038240,0.0026198181537987362
brown_0.002,2,20,120.0,v1000,-31.61441993713379,150.8124237060547,50,1038240,4.815842194482971e-05
brown_0.002,2,20,120.0,z50,118687.015625,516876.40625,804349,1038240,0.7747235706580367
brown_0.002,2,20,120.0,z100,144516.140625,489131.9375,899475,1038240,0.8663459315765141
brown_0.002,2,20,120.0,z150,113897.9453125,524727.5,869657,1038240,0.8376261750654954
brown_0.002,2,20,120.0,z200,87726.921875,458567.40625,859176,1038240,0.8275312066574203
brown_0.002,2,20,120.0,z250,76690.9453125,402233.0,795076,1038240,0.7657921097241486
brown_0.002,2,20,120.0,z300,66993.03125,334666.875,711702,1038240,0.6854889042995839
brown_0.002,2,20,120.0,z400,49538.41015625,224422.71875,538949,1038240,0.5190986669748806
brown_0.002,2,20,120.0,z500,35990.62109375,153797.71875,346669,1038240,0.3339006395438434
brown_0.002,2,20,120.0,z600,22409.650390625,106714.390625,148987,1038240,0.14349957620588688
brown_0.002,2,20,120.0,z700,9955.3828125,73541.4296875,9578,1038240,0.00922522730775158
brown_0.002,2,20,120.0,z850,-12470.224609375,48379.81640625,0,1038240,0.0
brown_0.002,2,20,120.0,z925,-33319.82421875,40206.87890625,1063,1038240,0.0010238480505470797
brown_0.002,2,20,120.0,z1000,-53803.8671875,32799.296875,36622,1038240,0.035273154569271076
brown_0.002,2,20,120.0,t50,-580.9686889648438,669.9887084960938,740030,1038240,0.7127735398366466
brown_0.002,2,20,120.0,t100,-686.031494140625,904.0384521484375,865421,1038240,0.8335461935583295
brown_0.002,2,20,120.0,t150,-68.56584167480469,830.820068359375,349156,1038240,0.33629603945137926
brown_0.002,2,20,120.0,t200,141.75289916992188,801.7276611328125,450364,1038240,0.4337763908152258
brown_0.002,2,20,120.0,t250,155.05018615722656,1198.4605712890625,741612,1038240,0.714297272306981
brown_0.002,2,20,120.0,t300,162.5396728515625,1322.4931640625,802508,1038240,0.772950377562028
brown_0.002,2,20,120.0,t400,185.35198974609375,1195.239013671875,828812,1038240,0.7982855601787641
brown_0.002,2,20,120.0,t500,178.5187530517578,966.429443359375,789520,1038240,0.7604407458776391
brown_0.002,2,20,120.0,t600,137.61376953125,878.8447875976562,786019,1038240,0.7570686931730621
brown_0.002,2,20,120.0,t700,160.40936279296875,865.4180908203125,783770,1038240,0.7549025273539837
brown_0.002,2,20,120.0,t850,196.9708251953125,879.73681640625,734042,1038240,0.7070060872245338
brown_0.002,2,20,120.0,t925,144.78903198242188,724.8919677734375,590831,1038240,0.5690697719217137
brown_0.002,2,20,120.0,t1000,108.28981018066406,724.810791015625,556766,1038240,0.5362594390507012
brown_0.002,2,20,120.0,q50,-0.0026728203520178795,0.0024437648244202137,514519,1038240,0.49556846201263677
brown_0.002,2,20,120.0,q100,-0.0006240983493626118,0.0006700345547869802,492740,1038240,0.47459161658190785
brown_0.002,2,20,120.0,q150,-0.0003066740173380822,0.0015711394371464849,156654,1038240,0.15088418862690708
brown_0.002,2,20,120.0,q200,-0.0004892636789008975,0.007587694562971592,16836,1038240,0.01621590383726306
brown_0.002,2,20,120.0,q250,-0.001556701841764152,0.024044916033744812,14986,1038240,0.014434042225304361
brown_0.002,2,20,120.0,q300,-0.001362264039926231,0.05826219543814659,23853,1038240,0.022974456773000463
brown_0.002,2,20,120.0,q400,-0.006578073371201754,0.13695096969604492,248463,1038240,0.2393117198335645
brown_0.002,2,20,120.0,q500,-0.005792886950075626,0.23070411384105682,528542,1038240,0.5090749730312837
brown_0.002,2,20,120.0,q600,-0.05200023949146271,0.3503260612487793,792753,1038240,0.7635546694405918
brown_0.002,2,20,120.0,q700,-0.08910425752401352,0.4768788516521454,887716,1038240,0.8550200339035291
brown_0.002,2,20,120.0,q850,-0.11413775384426117,0.6699173450469971,950473,1038240,0.9154655956233626
brown_0.002,2,20,120.0,q925,-0.11935854703187943,0.7156412601470947,952889,1038240,0.9177926105717368
brown_0.002,2,20,120.0,q1000,-0.09192825108766556,0.7087895274162292,956171,1038240,0.9209537293881954
brown_0.002,3,0,0.0,u10m,-29.98088836669922,25.080204010009766,0,1038240,0.0
brown_0.002,3,0,0.0,v10m,-27.662582397460938,25.987377166748047,0,1038240,0.0
brown_0.002,3,0,0.0,u100m,-38.64912033081055,30.779813766479492,0,1038240,0.0
brown_0.002,3,0,0.0,v100m,-33.11000061035156,32.411216735839844,0,1038240,0.0
brown_0.002,3,0,0.0,t2m,203.00767517089844,317.20904541015625,0,1038240,0.0
brown_0.002,3,0,0.0,sp,49593.44921875,104524.6484375,0,1038240,0.0
brown_0.002,3,0,0.0,msl,93167.375,107762.9765625,0,1038240,0.0
brown_0.002,3,0,0.0,tcwv,0.03562574461102486,80.67029571533203,0,1038240,0.0
brown_0.002,3,0,0.0,u50,-32.52951431274414,69.69621276855469,0,1038240,0.0
brown_0.002,3,0,0.0,u100,-42.44415283203125,63.6158332824707,0,1038240,0.0
brown_0.002,3,0,0.0,u150,-43.690834045410156,76.4646224975586,0,1038240,0.0
brown_0.002,3,0,0.0,u200,-44.91603469848633,103.89002227783203,0,1038240,0.0
brown_0.002,3,0,0.0,u250,-45.85175323486328,105.44760131835938,0,1038240,0.0
brown_0.002,3,0,0.0,u300,-36.287193298339844,102.41117095947266,0,1038240,0.0
brown_0.002,3,0,0.0,u400,-35.72753143310547,71.87307739257812,0,1038240,0.0
brown_0.002,3,0,0.0,u500,-39.315006256103516,50.184906005859375,0,1038240,0.0
brown_0.002,3,0,0.0,u600,-45.014747619628906,45.664852142333984,0,1038240,0.0
brown_0.002,3,0,0.0,u700,-47.089942932128906,41.11067581176758,0,1038240,0.0
brown_0.002,3,0,0.0,u850,-52.83251190185547,36.30731964111328,0,1038240,0.0
brown_0.002,3,0,0.0,u925,-42.30813980102539,34.31057357788086,0,1038240,0.0
brown_0.002,3,0,0.0,u1000,-29.010906219482422,24.659656524658203,0,1038240,0.0
brown_0.002,3,0,0.0,v50,-28.312368392944336,37.03749465942383,0,1038240,0.0
brown_0.002,3,0,0.0,v100,-31.287626266479492,41.980159759521484,0,1038240,0.0
brown_0.002,3,0,0.0,v150,-39.733680725097656,46.2241325378418,0,1038240,0.0
brown_0.002,3,0,0.0,v200,-56.72308349609375,65.07975006103516,0,1038240,0.0
brown_0.002,3,0,0.0,v250,-63.091087341308594,62.81376647949219,0,1038240,0.0
brown_0.002,3,0,0.0,v300,-54.84099197387695,65.45921325683594,0,1038240,0.0
brown_0.002,3,0,0.0,v400,-59.892391204833984,63.00989532470703,0,1038240,0.0
brown_0.002,3,0,0.0,v500,-50.193424224853516,56.808998107910156,0,1038240,0.0
brown_0.002,3,0,0.0,v600,-45.04302978515625,40.06399154663086,0,1038240,0.0
brown_0.002,3,0,0.0,v700,-36.78597640991211,42.35932159423828,0,1038240,0.0
brown_0.002,3,0,0.0,v850,-42.888023376464844,34.95793533325195,0,1038240,0.0
brown_0.002,3,0,0.0,v925,-37.343624114990234,37.05635070800781,0,1038240,0.0
brown_0.002,3,0,0.0,v1000,-26.340431213378906,25.02957534790039,0,1038240,0.0
brown_0.002,3,0,0.0,z50,178325.890625,207936.40625,0,1038240,0.0
brown_0.002,3,0,0.0,z100,140693.140625,165755.734375,0,1038240,0.0
brown_0.002,3,0,0.0,z150,117632.046875,141996.15625,0,1038240,0.0
brown_0.002,3,0,0.0,z200,100768.7421875,123884.2421875,0,1038240,0.0
brown_0.002,3,0,0.0,z250,87459.671875,109026.765625,0,1038240,0.0
brown_0.002,3,0,0.0,z300,76372.9453125,96321.0,0,1038240,0.0
brown_0.002,3,0,0.0,z400,58395.84765625,75588.4609375,0,1038240,0.0
brown_0.002,3,0,0.0,z500,43960.41796875,58905.36328125,0,1038240,0.0
brown_0.002,3,0,0.0,z600,31816.14453125,44789.28125,0,1038240,0.0
brown_0.002,3,0,0.0,z700,21340.958984375,32460.98828125,0,1038240,0.0
brown_0.002,3,0,0.0,z850,7071.60205078125,16482.921875,0,1038240,0.0
brown_0.002,3,0,0.0,z925,558.6243286132812,9957.2373046875,0,1038240,0.0
brown_0.002,3,0,0.0,z1000,-5507.958984375,4905.5546875,0,1038240,0.0
brown_0.002,3,0,0.0,t50,176.96322631835938,233.25221252441406,0,1038240,0.0
brown_0.002,3,0,0.0,t100,185.84341430664062,235.84439086914062,0,1038240,0.0
brown_0.002,3,0,0.0,t150,187.89129638671875,238.9165496826172,0,1038240,0.0
brown_0.002,3,0,0.0,t200,190.15628051757812,241.17442321777344,0,1038240,0.0
brown_0.002,3,0,0.0,t250,199.01205444335938,243.6437225341797,0,1038240,0.0
brown_0.002,3,0,0.0,t300,204.70510864257812,251.7080078125,0,1038240,0.0
brown_0.002,3,0,0.0,t400,216.03981018066406,266.5657958984375,0,1038240,0.0
brown_0.002,3,0,0.0,t500,224.49720764160156,276.8995666503906,0,1038240,0.0
brown_0.002,3,0,0.0,t600,204.5504913330078,287.2378845214844,0,1038240,0.0
brown_0.002,3,0,0.0,t700,208.45620727539062,296.9862365722656,0,1038240,0.0
brown_0.002,3,0,0.0,t850,216.29794311523438,309.6709899902344,0,1038240,0.0
brown_0.002,3,0,0.0,t925,219.8107452392578,315.3244323730469,0,1038240,0.0
brown_0.002,3,0,0.0,t1000,223.10137939453125,319.71075439453125,0,1038240,0.0
brown_0.002,3,0,0.0,q50,-0.008670280687510967,0.006828945595771074,499514,1038240,0.48111611958699335
brown_0.002,3,0,0.0,q100,-0.002996212337166071,0.003056346671655774,523088,1038240,0.5038218523655417
brown_0.002,3,0,0.0,q150,-0.0032932418398559093,0.003044013399630785,481072,1038240,0.4633533672368624
brown_0.002,3,0,0.0,q200,-0.003538691671565175,0.003948659636080265,535781,1038240,0.5160473493604562
brown_0.002,3,0,0.0,q250,-0.003180438419803977,0.003760707098990679,455519,1038240,0.4387415241177377
brown_0.002,3,0,0.0,q300,-0.00330589828081429,0.0029619475826621056,403399,1038240,0.3885411850824472
brown_0.002,3,0,0.0,q400,-0.0034417782444506884,0.006105770822614431,470018,1038240,0.4527065033132994
brown_0.002,3,0,0.0,q500,-0.0037212390452623367,0.010462901555001736,409333,1038240,0.3942566265988596
brown_0.002,3,0,0.0,q600,-0.002797763328999281,0.01531255804002285,247951,1038240,0.23881857759284944
brown_0.002,3,0,0.0,q700,-0.004047742113471031,0.015816988423466682,119408,1038240,0.11501001695176452
brown_0.002,3,0,0.0,q850,-0.0022926228120923042,0.027819637209177017,46074,1038240,0.04437702265372168
brown_0.002,3,0,0.0,q925,-0.003490709699690342,0.036784060299396515,93479,1038240,0.09003602249961473
brown_0.002,3,0,0.0,q1000,-0.005606662016361952,0.03771252930164337,136497,1038240,0.13146960240406844
brown_0.002,3,1,6.0,u10m,-123.9863510131836,115.12320709228516,39952,1038240,0.03848050547079673
brown_0.002,3,1,6.0,v10m,-72.68415069580078,234.2475128173828,291945,1038240,0.2811922098936662
brown_0.002,3,1,6.0,u100m,-127.39727020263672,151.093994140625,226475,1038240,0.21813357219910617
brown_0.002,3,1,6.0,v100m,-77.28819274902344,291.9152526855469,333559,1038240,0.32127350130990906
brown_0.002,3,1,6.0,t2m,-28.351837158203125,326.314697265625,439039,1038240,0.42286850824472183
brown_0.002,3,1,6.0,sp,48393.3984375,132595.578125,217001,1038240,0.20900851440899984
brown_0.002,3,1,6.0,msl,93698.5859375,125807.7265625,383033,1038240,0.3689252966558792
brown_0.002,3,1,6.0,tcwv,-54.25702667236328,1528.4197998046875,935444,1038240,0.9009901371551857
brown_0.002,3,1,6.0,u50,-390.84246826171875,313.0726623535156,182073,1038240,0.1753669671752196
brown_0.002,3,1,6.0,u100,-37.10064697265625,412.9757080078125,578082,1038240,0.556790337494221
brown_0.002,3,1,6.0,u150,-100.70557403564453,804.6419677734375,820948,1038240,0.7907112035752812
brown_0.002,3,1,6.0,u200,-41.68562316894531,478.9537353515625,370970,1038240,0.35730659577746954
brown_0.002,3,1,6.0,u250,-999.0584106445312,164.1847381591797,407042,1038240,0.39205000770534754
brown_0.002,3,1,6.0,u300,-731.58447265625,161.20233154296875,385175,1038240,0.3709884034519957
brown_0.002,3,1,6.0,u400,-170.23023986816406,214.54380798339844,66698,1038240,0.06424140853752504
brown_0.002,3,1,6.0,u500,-447.5514221191406,70.1707763671875,304490,1038240,0.293275157959624
brown_0.002,3,1,6.0,u600,-318.45941162109375,64.08163452148438,227394,1038240,0.21901872399445216
brown_0.002,3,1,6.0,u700,-70.22393798828125,174.5022430419922,43918,1038240,0.042300431499460625
brown_0.002,3,1,6.0,u850,-14.653955459594727,196.0545196533203,104627,1038240,0.10077342425643397
brown_0.002,3,1,6.0,u925,-28.276674270629883,189.88633728027344,67111,1038240,0.06463919710278934
brown_0.002,3,1,6.0,u1000,-180.76902770996094,116.07608795166016,23076,1038240,0.022226074895977808
brown_0.002,3,1,6.0,v50,-43.71249008178711,122.34938049316406,0,1038240,0.0
brown_0.002,3,1,6.0,v100,-130.1778106689453,190.7368621826172,12436,1038240,0.011977962706118046
brown_0.002,3,1,6.0,v150,-388.9163818359375,658.321533203125,743402,1038240,0.716021343812606
brown_0.002,3,1,6.0,v200,-252.24310302734375,181.09957885742188,129052,1038240,0.12429881337648328
brown_0.002,3,1,6.0,v250,-39.63015365600586,473.7177734375,467615,1038240,0.45039200955463093
brown_0.002,3,1,6.0,v300,-31.181848526000977,143.59207153320312,0,1038240,0.0
brown_0.002,3,1,6.0,v400,-201.19435119628906,72.9107894897461,1216,1038240,0.0011712128216982585
brown_0.002,3,1,6.0,v500,-54.864654541015625,74.52803802490234,0,1038240,0.0
brown_0.002,3,1,6.0,v600,-94.142578125,104.37980651855469,0,1038240,0.0
brown_0.002,3,1,6.0,v700,-285.5400085449219,85.34503173828125,217750,1038240,0.20972992756973338
brown_0.002,3,1,6.0,v850,-24.638025283813477,149.6038818359375,0,1038240,0.0
brown_0.002,3,1,6.0,v925,-30.09248924255371,171.02056884765625,5379,1038240,0.00518088303282478
brown_0.002,3,1,6.0,v1000,-47.50200271606445,283.4150390625,248791,1038240,0.23962763908152257
brown_0.002,3,1,6.0,z50,169499.015625,297977.34375,288701,1038240,0.2780676914778856
brown_0.002,3,1,6.0,z100,110834.015625,213102.921875,142870,1038240,0.1376078748651564
brown_0.002,3,1,6.0,z150,103236.0234375,228495.015625,280995,1038240,0.2706455154877485
brown_0.002,3,1,6.0,z200,98405.0078125,157241.953125,7586,1038240,0.0073065957774695635
brown_0.002,3,1,6.0,z250,89647.9765625,150311.65625,53250,1038240,0.05128871937124364
brown_0.002,3,1,6.0,z300,77985.9921875,138632.453125,56683,1038240,0.05459527662197565
brown_0.002,3,1,6.0,z400,61847.9296875,88606.015625,0,1038240,0.0
brown_0.002,3,1,6.0,z500,45795.08203125,68173.578125,0,1038240,0.0
brown_0.002,3,1,6.0,z600,33789.71484375,53228.12109375,0,1038240,0.0
brown_0.002,3,1,6.0,z700,22049.626953125,40460.890625,0,1038240,0.0
brown_0.002,3,1,6.0,z850,7387.49072265625,25169.802734375,0,1038240,0.0
brown_0.002,3,1,6.0,z925,811.77294921875,18697.671875,0,1038240,0.0
brown_0.002,3,1,6.0,z1000,-5047.49267578125,11905.7197265625,0,1038240,0.0
brown_0.002,3,1,6.0,t50,-68.743408203125,536.4561767578125,454542,1038240,0.43780050855293573
brown_0.002,3,1,6.0,t100,-373.1396179199219,535.09326171875,817377,1038240,0.7872717290799816
brown_0.002,3,1,6.0,t150,-53.17652893066406,497.12847900390625,693352,1038240,0.6678147634458315
brown_0.002,3,1,6.0,t200,155.72933959960938,335.6053771972656,0,1038240,0.0
brown_0.002,3,1,6.0,t250,55.810638427734375,368.680419921875,189692,1038240,0.18270534751117276
brown_0.002,3,1,6.0,t300,172.89666748046875,444.92156982421875,232899,1038240,0.2243209662505779
brown_0.002,3,1,6.0,t400,158.03131103515625,380.6678771972656,116400,1038240,0.11211280628756357
brown_0.002,3,1,6.0,t500,215.7130126953125,331.0047607421875,0,1038240,0.0
brown_0.002,3,1,6.0,t600,113.18804931640625,345.6415100097656,14950,1038240,0.014399368161504084
brown_0.002,3,1,6.0,t700,108.27745056152344,290.9209899902344,14500,1038240,0.013965942364000616
brown_0.002,3,1,6.0,t850,-26.38189697265625,387.6669921875,223863,1038240,0.21561777623670828
brown_0.002,3,1,6.0,t925,-116.26718139648438,319.2900390625,315583,1038240,0.3039595854523039
brown_0.002,3,1,6.0,t1000,-68.69906616210938,314.7620849609375,267856,1038240,0.25799044536908616
brown_0.002,3,1,6.0,q50,-0.008518625050783157,0.006708689499646425,499515,1038240,0.48111708275543225
brown_0.002,3,1,6.0,q100,-0.002649924950674176,0.0027692534495145082,517052,1038240,0.49800816766836187
brown_0.002,3,1,6.0,q150,-0.0013042198261246085,0.002071775496006012,373222,1038240,0.3594756511018647
brown_0.002,3,1,6.0,q200,-0.0005827718996442854,0.007652193307876587,11345,1038240,0.010927145939281862
brown_0.002,3,1,6.0,q250,-0.002587393391877413,0.017597567290067673,371932,1038240,0.3582331638156881
brown_0.002,3,1,6.0,q300,-0.0030114224646240473,0.04788656160235405,104236,1038240,0.1003968253968254
brown_0.002,3,1,6.0,q400,-0.005252528004348278,0.08615835011005402,279225,1038240,0.26894070735090153
brown_0.002,3,1,6.0,q500,-0.006630421616137028,0.07796718925237656,165849,1038240,0.15974052242256126
brown_0.002,3,1,6.0,q600,-0.007095729932188988,0.15084223449230194,545634,1038240,0.5255374479889043
brown_0.002,3,1,6.0,q700,-0.010543787851929665,0.19045165181159973,771308,1038240,0.7428995222684543
brown_0.002,3,1,6.0,q850,-0.024340834468603134,0.3320781886577606,852704,1038240,0.8212975805208815
brown_0.002,3,1,6.0,q925,-0.03216543421149254,0.30018728971481323,829269,1038240,0.7987257281553398
brown_0.002,3,1,6.0,q1000,-0.020497331395745277,0.23040993511676788,864890,1038240,0.8330347511172754
brown_0.002,3,2,12.0,u10m,-181.4129180908203,173.9179229736328,426154,1038240,0.4104580829095392
brown_0.002,3,2,12.0,v10m,-86.36710357666016,288.102783203125,328256,1038240,0.31616581907844044
brown_0.002,3,2,12.0,u100m,-218.39776611328125,226.01632690429688,548680,1038240,0.5284712590537833
brown_0.002,3,2,12.0,v100m,-82.9262466430664,346.48468017578125,356705,1038240,0.34356699799660967
brown_0.002,3,2,12.0,t2m,-132.27664184570312,332.52691650390625,431513,1038240,0.41561970257358605
brown_0.002,3,2,12.0,sp,40538.40234375,158024.625,355717,1038240,0.3426153875789798
brown_0.002,3,2,12.0,msl,85026.140625,144696.8125,460838,1038240,0.4438646170442287
brown_0.002,3,2,12.0,tcwv,-74.86557006835938,2753.01904296875,988316,1038240,0.9519147788565264
brown_0.002,3,2,12.0,u50,-692.9788818359375,569.8114013671875,335274,1038240,0.32292533518261674
brown_0.002,3,2,12.0,u100,-68.94217681884766,776.0291748046875,685694,1038240,0.6604388195407613
brown_0.002,3,2,12.0,u150,-139.6549530029297,1266.3505859375,872432,1038240,0.8402989674834335
brown_0.002,3,2,12.0,u200,-109.44882202148438,577.5459594726562,727385,1038240,0.7005942749267992
brown_0.002,3,2,12.0,u250,-1442.2374267578125,288.9831848144531,713389,1038240,0.6871137694560024
brown_0.002,3,2,12.0,u300,-1151.283935546875,191.292724609375,428663,1038240,0.4128746725227308
brown_0.002,3,2,12.0,u400,-394.8481750488281,304.0178527832031,474847,1038240,0.4573576437047311
brown_0.002,3,2,12.0,u500,-607.2861938476562,152.94100952148438,344341,1038240,0.3316583834180922
brown_0.002,3,2,12.0,u600,-520.8547973632812,112.30419921875,315152,1038240,0.30354445985513945
brown_0.002,3,2,12.0,u700,-111.09571075439453,240.35186767578125,239526,1038240,0.23070388349514562
brown_0.002,3,2,12.0,u850,-21.572498321533203,311.2228088378906,321897,1038240,0.310041030975497
brown_0.002,3,2,12.0,u925,-81.31254577636719,295.65625,288625,1038240,0.27799449067652954
brown_0.002,3,2,12.0,u1000,-250.52122497558594,184.100830078125,210498,1038240,0.20274503005085528
brown_0.002,3,2,12.0,v50,-50.45854187011719,137.57102966308594,0,1038240,0.0
brown_0.002,3,2,12.0,v100,-198.87950134277344,243.8673095703125,161333,1038240,0.15539085375250425
brown_0.002,3,2,12.0,v150,-497.3668212890625,855.3408813476562,799424,1038240,0.7699799660964709
brown_0.002,3,2,12.0,v200,-264.92633056640625,315.5079040527344,299355,1038240,0.28832928802589
brown_0.002,3,2,12.0,v250,-59.36610412597656,468.993896484375,470310,1038240,0.4529877484974572
brown_0.002,3,2,12.0,v300,-85.52678680419922,212.28770446777344,105459,1038240,0.10157478039759593
brown_0.002,3,2,12.0,v400,-196.98655700683594,107.19035339355469,4135,1038240,0.0039827014948374175
brown_0.002,3,2,12.0,v500,-44.985557556152344,81.55338287353516,0,1038240,0.0
brown_0.002,3,2,12.0,v600,-92.66534423828125,101.0898208618164,0,1038240,0.0
brown_0.002,3,2,12.0,v700,-304.0105285644531,107.07374572753906,209012,1038240,0.20131376175065496
brown_0.002,3,2,12.0,v850,-21.248598098754883,218.27098083496094,150513,1038240,0.1449693712436431
brown_0.002,3,2,12.0,v925,-37.95418167114258,275.69354248046875,228759,1038240,0.220333448913546
brown_0.002,3,2,12.0,v1000,-53.834754943847656,359.85186767578125,296215,1038240,0.2853049391277547
brown_0.002,3,2,12.0,z50,163429.390625,365213.25,433150,1038240,0.4171964093080598
brown_0.002,3,2,12.0,z100,105460.859375,245872.484375,332438,1038240,0.320193789489906
brown_0.002,3,2,12.0,z150,106412.2734375,286847.8125,371934,1038240,0.3582350901525659
brown_0.002,3,2,12.0,z200,100333.2421875,198834.375,252308,1038240,0.2430151024811219
brown_0.002,3,2,12.0,z250,89538.03125,202745.921875,293094,1038240,0.28229889042995837
brown_0.002,3,2,12.0,z300,78302.5390625,178454.125,266712,1038240,0.25688858067498843
brown_0.002,3,2,12.0,z400,60972.29296875,110642.984375,2026,1038240,0.0019513792572045
brown_0.002,3,2,12.0,z500,44607.2890625,80438.59375,0,1038240,0.0
brown_0.002,3,2,12.0,z600,33536.13671875,63645.5703125,0,1038240,0.0
brown_0.002,3,2,12.0,z700,21667.294921875,47806.1015625,0,1038240,0.0
brown_0.002,3,2,12.0,z850,6979.9091796875,29945.359375,0,1038240,0.0
brown_0.002,3,2,12.0,z925,168.40185546875,26729.716796875,0,1038240,0.0
brown_0.002,3,2,12.0,z1000,-7827.97216796875,21519.712890625,0,1038240,0.0
brown_0.002,3,2,12.0,t50,-307.4923095703125,797.2232666015625,737589,1038240,0.7104224456773001
brown_0.002,3,2,12.0,t100,-781.454833984375,778.1966552734375,899745,1038240,0.8666059870550162
brown_0.002,3,2,12.0,t150,-211.37965393066406,654.3447265625,808090,1038240,0.7783267837879488
brown_0.002,3,2,12.0,t200,81.84735107421875,350.94732666015625,109144,1038240,0.10512405609492988
brown_0.002,3,2,12.0,t250,10.072097778320312,425.99774169921875,287854,1038240,0.27725188781014026
brown_0.002,3,2,12.0,t300,167.4488525390625,679.7763671875,379430,1038240,0.3654550007705348
brown_0.002,3,2,12.0,t400,140.69032287597656,528.44873046875,327998,1038240,0.3159173216212051
brown_0.002,3,2,12.0,t500,221.73509216308594,370.3697509765625,94684,1038240,0.09119664046848514
brown_0.002,3,2,12.0,t600,89.38154602050781,382.76812744140625,91966,1038240,0.08857874865156419
brown_0.002,3,2,12.0,t700,48.98738098144531,293.6531982421875,74770,1038240,0.07201610417629835
brown_0.002,3,2,12.0,t850,-70.49014282226562,422.10052490234375,248343,1038240,0.2391961396208969
brown_0.002,3,2,12.0,t925,-288.29876708984375,318.50726318359375,375947,1038240,0.3621002850978579
brown_0.002,3,2,12.0,t1000,-251.4686279296875,325.2791748046875,585550,1038240,0.5639832793959008
brown_0.002,3,2,12.0,q50,-0.008372173644602299,0.006590356584638357,499513,1038240,0.48111515641855446
brown_0.002,3,2,12.0,q100,-0.0023322151973843575,0.0025094773154705763,508115,1038240,0.489400331329943
brown_0.002,3,2,12.0,q150,-0.0007847337983548641,0.002017016289755702,153883,1038240,0.1482152488827246
brown_0.002,3,2,12.0,q200,-0.0003687450080178678,0.010125983506441116,4967,1038240,0.004784057635999384
brown_0.002,3,2,12.0,q250,-0.0009062495664693415,0.02698151022195816,26081,1038240,0.025120396054862073
brown_0.002,3,2,12.0,q300,-0.00283885863609612,0.0740891620516777,175373,1038240,0.16891373863461243
brown_0.002,3,2,12.0,q400,-0.005952312145382166,0.14291982352733612,333509,1038240,0.3212253428879642
brown_0.002,3,2,12.0,q500,-0.008693031966686249,0.1778322011232376,369910,1038240,0.35628563723223916
brown_0.002,3,2,12.0,q600,-0.010518400929868221,0.33593857288360596,847452,1038240,0.8162390198797965
brown_0.002,3,2,12.0,q700,-0.01543191634118557,0.38968849182128906,901202,1038240,0.8680093234704885
brown_0.002,3,2,12.0,q850,-0.04475685581564903,0.5692667961120605,923379,1038240,0.8893695099398983
brown_0.002,3,2,12.0,q925,-0.045955050736665726,0.6196334958076477,932588,1038240,0.898239328093697
brown_0.002,3,2,12.0,q1000,-0.033518869429826736,0.4490828812122345,940431,1038240,0.905793458159963
brown_0.002,3,3,18.0,u10m,-232.17535400390625,207.34149169921875,547530,1038240,0.5273636153490523
brown_0.002,3,3,18.0,v10m,-89.10525512695312,305.1282043457031,334934,1038240,0.3225978579133919
brown_0.002,3,3,18.0,u100m,-277.7455749511719,265.1815490722656,634841,1038240,0.6114588149175528
brown_0.002,3,3,18.0,v100m,-83.96028137207031,357.32122802734375,368490,1038240,0.354917938049006
brown_0.002,3,3,18.0,t2m,-173.781982421875,334.8576965332031,413000,1038240,0.3977885652642934
brown_0.002,3,3,18.0,sp,31782.14453125,177229.4375,381946,1038240,0.36787833256279856
brown_0.002,3,3,18.0,msl,68728.984375,160384.203125,677637,1038240,0.6526785714285714
brown_0.002,3,3,18.0,tcwv,-90.0415267944336,3647.904296875,1005708,1038240,0.968666204345816
brown_0.002,3,3,18.0,u50,-936.5033569335938,784.0536499023438,427175,1038240,0.41144147788565266
brown_0.002,3,3,18.0,u100,-170.25437927246094,1083.1702880859375,642237,1038240,0.618582408691632
brown_0.002,3,3,18.0,u150,-189.67062377929688,1563.958251953125,883139,1038240,0.8506116119586994
brown_0.002,3,3,18.0,u200,-213.1427001953125,691.212890625,615397,1038240,0.5927309677916474
brown_0.002,3,3,18.0,u250,-1706.6719970703125,426.8975830078125,832797,1038240,0.8021237864077669
brown_0.002,3,3,18.0,u300,-1325.8287353515625,270.4355163574219,570771,1038240,0.549748613037448
brown_0.002,3,3,18.0,u400,-485.313720703125,398.891357421875,609286,1038240,0.5868450454615504
brown_0.002,3,3,18.0,u500,-724.071533203125,245.87277221679688,410677,1038240,0.39555112498073663
brown_0.002,3,3,18.0,u600,-631.9061889648438,162.5482635498047,345385,1038240,0.3326639312683002
brown_0.002,3,3,18.0,u700,-169.73146057128906,294.4810485839844,308321,1038240,0.29696505624903685
brown_0.002,3,3,18.0,u850,-87.7560043334961,380.77960205078125,376743,1038240,0.3628669671752196
brown_0.002,3,3,18.0,u925,-179.80007934570312,353.9365539550781,346647,1038240,0.3338794498381877
brown_0.002,3,3,18.0,u1000,-303.7884216308594,225.6233673095703,384603,1038240,0.37043747110494685
brown_0.002,3,3,18.0,v50,-51.48862075805664,149.32508850097656,0,1038240,0.0
brown_0.002,3,3,18.0,v100,-231.28811645507812,260.4217529296875,202010,1038240,0.194569656341501
brown_0.002,3,3,18.0,v150,-537.1896362304688,923.0386962890625,818894,1038240,0.7887328556017876
brown_0.002,3,3,18.0,v200,-282.66046142578125,382.6007080078125,378503,1038240,0.3645621436276776
brown_0.002,3,3,18.0,v250,-65.1161117553711,511.9942932128906,458765,1038240,0.44186796887039603
brown_0.002,3,3,18.0,v300,-113.006103515625,254.79148864746094,240566,1038240,0.23170557867159808
brown_0.002,3,3,18.0,v400,-165.8619384765625,120.06607818603516,9965,1038240,0.009597973493604561
brown_0.002,3,3,18.0,v500,-35.87484359741211,76.40802001953125,0,1038240,0.0
brown_0.002,3,3,18.0,v600,-91.00189208984375,111.07543182373047,0,1038240,0.0
brown_0.002,3,3,18.0,v700,-306.49957275390625,126.60029602050781,200615,1038240,0.19322603636924024
brown_0.002,3,3,18.0,v850,-21.555334091186523,251.49400329589844,211830,1038240,0.20402797041146556
brown_0.002,3,3,18.0,v925,-33.841888427734375,338.2247314453125,320987,1038240,0.3091645476961011
brown_0.002,3,3,18.0,v1000,-53.21400451660156,385.0494689941406,304572,1038240,0.2933541377716135
brown_0.002,3,3,18.0,z50,159252.875,418293.5,628885,1038240,0.6057221836954847
brown_0.002,3,3,18.0,z100,111093.0,271651.53125,620927,1038240,0.5980572892587456
brown_0.002,3,3,18.0,z150,113248.09375,341984.78125,410926,1038240,0.3957909539220219
brown_0.002,3,3,18.0,z200,106220.09375,248157.28125,502061,1038240,0.483569309600863
brown_0.002,3,3,18.0,z250,89720.90625,256112.765625,487660,1038240,0.46969872091231313
brown_0.002,3,3,18.0,z300,77975.0,219614.09375,345603,1038240,0.33287390198797967
brown_0.002,3,3,18.0,z400,60393.50390625,135689.09375,187033,1038240,0.1801442826321467
brown_0.002,3,3,18.0,z500,43914.05078125,94710.0625,2411,1038240,0.002322199106179689
brown_0.002,3,3,18.0,z600,32470.478515625,73738.953125,0,1038240,0.0
brown_0.002,3,3,18.0,z700,20295.18359375,54646.515625,0,1038240,0.0
brown_0.002,3,3,18.0,z850,6592.95703125,36488.03125,0,1038240,0.0
brown_0.002,3,3,18.0,z925,-4465.6171875,33629.5703125,0,1038240,0.0
brown_0.002,3,3,18.0,z1000,-15664.4365234375,30001.515625,0,1038240,0.0
brown_0.002,3,3,18.0,t50,-507.7576904296875,1013.595458984375,845734,1038240,0.8145842965017722
brown_0.002,3,3,18.0,t100,-1055.6043701171875,967.142333984375,930843,1038240,0.8965585991678224
brown_0.002,3,3,18.0,t150,-307.77197265625,748.5254516601562,842848,1038240,0.8118045923871167
brown_0.002,3,3,18.0,t200,9.453140258789062,360.7325744628906,298961,1038240,0.28794979966096473
brown_0.002,3,3,18.0,t250,1.4413299560546875,489.17578125,383385,1038240,0.36926433194637076
brown_0.002,3,3,18.0,t300,175.33372497558594,909.5186157226562,420799,1038240,0.405300315919248
brown_0.002,3,3,18.0,t400,141.53611755371094,693.5948486328125,402343,1038240,0.3875240792109724
brown_0.002,3,3,18.0,t500,218.16436767578125,484.2213439941406,351461,1038240,0.3385161427030359
brown_0.002,3,3,18.0,t600,126.689697265625,399.02703857421875,123980,1038240,0.11941362305439976
brown_0.002,3,3,18.0,t700,82.92961120605469,318.18585205078125,39017,1038240,0.03757994298042842
brown_0.002,3,3,18.0,t850,-40.667816162109375,429.4373779296875,135614,1038240,0.13061912467252274
brown_0.002,3,3,18.0,t925,-315.1873779296875,319.5380554199219,494459,1038240,0.4762473031283711
brown_0.002,3,3,18.0,t1000,-299.88531494140625,333.51409912109375,702000,1038240,0.6761442441054092
brown_0.002,3,3,18.0,q50,-0.008225727826356888,0.006471921689808369,499504,1038240,0.4811064879026044
brown_0.002,3,3,18.0,q100,-0.002042197622358799,0.0022722063586115837,502530,1038240,0.4840210355987055
brown_0.002,3,3,18.0,q150,-0.0006804560543969274,0.0025641582906246185,96570,1038240,0.0930131761442441
brown_0.002,3,3,18.0,q200,-0.00031037075677886605,0.011514808051288128,4003,1038240,0.0038555632609030667
brown_0.002,3,3,18.0,q250,-0.0004980594385415316,0.03228183090686798,149,1038240,0.00014351209739559253
brown_0.002,3,3,18.0,q300,-0.001676902174949646,0.0884571298956871,203968,1038240,0.19645554014486052
brown_0.002,3,3,18.0,q400,-0.0055540488101542,0.18539196252822876,366537,1038240,0.35303687008784096
brown_0.002,3,3,18.0,q500,-0.008229898288846016,0.2647168040275574,500035,1038240,0.4816179303436585
brown_0.002,3,3,18.0,q600,-0.011948336847126484,0.49426010251045227,907289,1038240,0.8738721297580521
brown_0.002,3,3,18.0,q700,-0.014376582577824593,0.5247831344604492,937423,1038240,0.902896247495762
brown_0.002,3,3,18.0,q850,-0.05627685785293579,0.7214546203613281,949116,1038240,0.91415857605178
brown_0.002,3,3,18.0,q925,-0.05536649748682976,0.8093191981315613,960573,1038240,0.9251935968562183
brown_0.002,3,3,18.0,q1000,-0.04328247159719467,0.6154198050498962,963805,1038240,0.928306557250732
brown_0.002,3,4,24.0,u10m,-271.5887145996094,226.9774169921875,611472,1038240,0.5889505316689783
brown_0.002,3,4,24.0,v10m,-86.08285522460938,316.6260681152344,339201,1038240,0.3267076976421637
brown_0.002,3,4,24.0,u100m,-314.00482177734375,284.533935546875,670309,1038240,0.6456204731083371
brown_0.002,3,4,24.0,v100m,-80.19973754882812,364.8402099609375,391545,1038240,0.377123786407767
brown_0.002,3,4,24.0,t2m,-195.17599487304688,410.8076477050781,660692,1038240,0.6363576822314686
brown_0.002,3,4,24.0,sp,23831.859375,191899.78125,371202,1038240,0.35753005085529355
brown_0.002,3,4,24.0,msl,50598.6015625,172277.8125,807880,1038240,0.7781245184157806
brown_0.002,3,4,24.0,tcwv,-113.75340270996094,4288.7216796875,1013753,1038240,0.9764148944367391
brown_0.002,3,4,24.0,u50,-1138.3721923828125,960.3665161132812,485325,1038240,0.46744972260748957
brown_0.002,3,4,24.0,u100,-307.62646484375,1320.3992919921875,586782,1038240,0.5651699029126214
brown_0.002,3,4,24.0,u150,-240.16493225097656,1816.99560546875,880374,1038240,0.8479484512251503
brown_0.002,3,4,24.0,u200,-491.731689453125,790.5501098632812,743002,1038240,0.7156360764370473
brown_0.002,3,4,24.0,u250,-1917.82763671875,540.8351440429688,879714,1038240,0.8473127600554785
brown_0.002,3,4,24.0,u300,-1420.4556884765625,355.1930847167969,684755,1038240,0.6595344043766374
brown_0.002,3,4,24.0,u400,-558.23388671875,478.34796142578125,691994,1038240,0.6665067807058098
brown_0.002,3,4,24.0,u500,-815.6477661132812,326.9235534667969,502024,1038240,0.4835336723686238
brown_0.002,3,4,24.0,u600,-705.1712036132812,216.80923461914062,412706,1038240,0.39750539374325783
brown_0.002,3,4,24.0,u700,-228.9458465576172,338.81982421875,448667,1038240,0.43214189397441827
brown_0.002,3,4,24.0,u850,-136.13699340820312,423.3100891113281,394275,1038240,0.3797532362459547
brown_0.002,3,4,24.0,u925,-257.2025451660156,385.1640625,453393,1038240,0.4366938280166435
brown_0.002,3,4,24.0,u1000,-341.7709045410156,249.76504516601562,473351,1038240,0.4559167437201418
brown_0.002,3,4,24.0,v50,-60.27357482910156,150.63409423828125,14,1038240,1.348435814455232e-05
brown_0.002,3,4,24.0,v100,-244.96798706054688,265.37939453125,228498,1038240,0.220082061950994
brown_0.002,3,4,24.0,v150,-527.2164306640625,939.2510375976562,813878,1038240,0.7839016027122824
brown_0.002,3,4,24.0,v200,-282.48699951171875,416.95782470703125,414089,1038240,0.39883745569425183
brown_0.002,3,4,24.0,v250,-64.47702026367188,513.244384765625,448913,1038240,0.4323788334103868
brown_0.002,3,4,24.0,v300,-123.36214447021484,268.1334228515625,272215,1038240,0.2621888965942364
brown_0.002,3,4,24.0,v400,-165.962890625,121.76826477050781,4674,1038240,0.004501849283402681
brown_0.002,3,4,24.0,v500,-35.38670349121094,86.65362548828125,0,1038240,0.0
brown_0.002,3,4,24.0,v600,-86.0271987915039,119.22466278076172,0,1038240,0.0
brown_0.002,3,4,24.0,v700,-299.02142333984375,134.1276092529297,195923,1038240,0.18870685005393742
brown_0.002,3,4,24.0,v850,-18.07097625732422,268.28302001953125,270022,1038240,0.2600766682077362
brown_0.002,3,4,24.0,v925,-29.342771530151367,375.6629943847656,420225,1038240,0.4047474572353213
brown_0.002,3,4,24.0,v1000,-48.05796432495117,397.9698181152344,308203,1038240,0.29685140237324703
brown_0.002,3,4,24.0,z50,156513.46875,464036.4375,784028,1038240,0.755151024811219
brown_0.002,3,4,24.0,z100,122021.234375,294925.4375,753468,1038240,0.7257165973185391
brown_0.002,3,4,24.0,z150,122793.0625,397347.5,432108,1038240,0.41619278779472957
brown_0.002,3,4,24.0,z200,110456.421875,300693.03125,673028,1038240,0.648239328093697
brown_0.002,3,4,24.0,z250,90212.1875,308285.5,655690,1038240,0.6315399137001079
brown_0.002,3,4,24.0,z300,77948.078125,260920.9375,518293,1038240,0.4992034597010325
brown_0.002,3,4,24.0,z400,59883.76171875,161633.09375,345990,1038240,0.33324664817383265
brown_0.002,3,4,24.0,z500,43294.515625,110011.84375,122231,1038240,0.1177290414547696
brown_0.002,3,4,24.0,z600,31436.935546875,83268.828125,10224,1038240,0.00984743411927878
brown_0.002,3,4,24.0,z700,19000.89453125,60882.3125,0,1038240,0.0
brown_0.002,3,4,24.0,z850,4019.0595703125,42133.0390625,0,1038240,0.0
brown_0.002,3,4,24.0,z925,-12185.70703125,39354.6640625,0,1038240,0.0
brown_0.002,3,4,24.0,z1000,-26172.99609375,36977.4296875,0,1038240,0.0
brown_0.002,3,4,24.0,t50,-674.5203247070312,1188.5068359375,882494,1038240,0.849990368315611
brown_0.002,3,4,24.0,t100,-1244.927001953125,1116.0269775390625,950447,1038240,0.9154405532439513
brown_0.002,3,4,24.0,t150,-376.7640380859375,803.025146484375,858637,1038240,0.827012058868855
brown_0.002,3,4,24.0,t200,-34.79119873046875,380.1797790527344,329502,1038240,0.3173659269533056
brown_0.002,3,4,24.0,t250,9.697402954101562,603.8400268554688,639423,1038240,0.615872052704577
brown_0.002,3,4,24.0,t300,190.08567810058594,1106.98681640625,444909,1038240,0.4285223069810448
brown_0.002,3,4,24.0,t400,150.71673583984375,865.6414184570312,431037,1038240,0.4151612343966713
brown_0.002,3,4,24.0,t500,214.85023498535156,606.675537109375,502838,1038240,0.48431769147788567
brown_0.002,3,4,24.0,t600,207.12139892578125,408.9222412109375,155610,1038240,0.14987864077669902
brown_0.002,3,4,24.0,t700,133.37559509277344,341.3310241699219,1260,1038240,0.0012135922330097086
brown_0.002,3,4,24.0,t850,14.234100341796875,425.6291198730469,2104,1038240,0.002026506395438434
brown_0.002,3,4,24.0,t925,-243.28271484375,320.24822998046875,593484,1038240,0.5716250577901063
brown_0.002,3,4,24.0,t1000,-257.6947021484375,337.72442626953125,724833,1038240,0.6981362690707351
brown_0.002,3,4,24.0,q50,-0.008084887638688087,0.006353490520268679,499507,1038240,0.4811093774079211
brown_0.002,3,4,24.0,q100,-0.0017764127114787698,0.0020558973774313927,498579,1038240,0.48021555709662506
brown_0.002,3,4,24.0,q150,-0.0006378458929248154,0.0029377334285527468,86455,1038240,0.08327072738480505
brown_0.002,3,4,24.0,q200,-0.00028560994542203844,0.012563870288431644,3720,1038240,0.0035829865926953306
brown_0.002,3,4,24.0,q250,-8.941369014792144e-05,0.036052100360393524,30,1038240,2.8895053166897826e-05
brown_0.002,3,4,24.0,q300,-0.0013381551252678037,0.09795787185430527,230051,1038240,0.2215778625366004
brown_0.002,3,4,24.0,q400,-0.0048523517325520515,0.2148551344871521,409780,1038240,0.3946871628910464
brown_0.002,3,4,24.0,q500,-0.0046849120408296585,0.3250712752342224,697158,1038240,0.6714805825242719
brown_0.002,3,4,24.0,q600,-0.009579887613654137,0.5790907144546509,929202,1038240,0.8949780397595931
brown_0.002,3,4,24.0,q700,-0.015659432858228683,0.6166203022003174,953089,1038240,0.9179852442595161
brown_0.002,3,4,24.0,q850,-0.06335119158029556,0.8379693031311035,965456,1038240,0.9298967483433502
brown_0.002,3,4,24.0,q925,-0.06152588501572609,0.9413498044013977,974722,1038240,0.9388214670981662
brown_0.002,3,4,24.0,q1000,-0.04960060864686966,0.7567538619041443,976342,1038240,0.9403817999691786
brown_0.002,3,5,30.0,u10m,-297.06793212890625,241.24900817871094,646527,1038240,0.6227144012944984
brown_0.002,3,5,30.0,v10m,-81.10348510742188,327.0262451171875,343384,1038240,0.3307366312220681
brown_0.002,3,5,30.0,u100m,-332.745361328125,294.46942138671875,686563,1038240,0.6612758129141624
brown_0.002,3,5,30.0,v100m,-76.16844177246094,373.4143371582031,409993,1038240,0.39489231776853134
brown_0.002,3,5,30.0,t2m,-211.50674438476562,509.18035888671875,782416,1038240,0.7535983972877177
brown_0.002,3,5,30.0,sp,15942.5234375,203204.03125,345904,1038240,0.3331638156880875
brown_0.002,3,5,30.0,msl,32826.5234375,180881.78125,858505,1038240,0.8268849206349206
brown_0.002,3,5,30.0,tcwv,-131.9714813232422,4778.5302734375,1018204,1038240,0.9807019571582678
brown_0.002,3,5,30.0,u50,-1309.928955078125,1102.2818603515625,531231,1038240,0.5116649329634767
brown_0.002,3,5,30.0,u100,-452.86956787109375,1498.6162109375,571807,1038240,0.5507464555401449
brown_0.002,3,5,30.0,u150,-300.18310546875,1992.8739013671875,867968,1038240,0.835999383572199
brown_0.002,3,5,30.0,u200,-800.9427490234375,910.8880615234375,837806,1038240,0.8069482971182
brown_0.002,3,5,30.0,u250,-2137.970458984375,625.4405517578125,899539,1038240,0.8664075743566035
brown_0.002,3,5,30.0,u300,-1505.5413818359375,452.07525634765625,732779,1038240,0.7057896054862074
brown_0.002,3,5,30.0,u400,-657.645751953125,543.9938354492188,737911,1038240,0.7107325859146247
brown_0.002,3,5,30.0,u500,-904.635009765625,394.2127990722656,599738,1038240,0.5776487132069656
brown_0.002,3,5,30.0,u600,-763.4742431640625,266.01123046875,502463,1038240,0.4839565033132994
brown_0.002,3,5,30.0,u700,-283.3630676269531,375.7851867675781,526022,1038240,0.5066477885652643
brown_0.002,3,5,30.0,u850,-175.39016723632812,450.43896484375,405874,1038240,0.3909250269687163
brown_0.002,3,5,30.0,u925,-314.3288879394531,401.95263671875,548374,1038240,0.528176529511481
brown_0.002,3,5,30.0,u1000,-365.0558166503906,267.4109191894531,513407,1038240,0.49449741870858377
brown_0.002,3,5,30.0,v50,-71.24420928955078,146.60406494140625,0,1038240,0.0
brown_0.002,3,5,30.0,v100,-256.1219787597656,258.2438659667969,235612,1038240,0.22693404222530436
brown_0.002,3,5,30.0,v150,-521.0269165039062,931.2300415039062,804257,1038240,0.7746349591616581
brown_0.002,3,5,30.0,v200,-271.03680419921875,440.3695373535156,448172,1038240,0.4316651255971644
brown_0.002,3,5,30.0,v250,-61.49860382080078,501.0718688964844,456567,1038240,0.43975092464170135
brown_0.002,3,5,30.0,v300,-122.37188720703125,275.7733154296875,270749,1038240,0.260776891662814
brown_0.002,3,5,30.0,v400,-159.5727996826172,124.90705871582031,1805,1038240,0.0017385190322083525
brown_0.002,3,5,30.0,v500,-34.77402877807617,93.11138153076172,0,1038240,0.0
brown_0.002,3,5,30.0,v600,-82.67810821533203,121.73841094970703,0,1038240,0.0
brown_0.002,3,5,30.0,v700,-294.161376953125,138.50196838378906,194305,1038240,0.18714844351980275
brown_0.002,3,5,30.0,v850,-13.686914443969727,280.65386962890625,321113,1038240,0.30928590691940205
brown_0.002,3,5,30.0,v925,-24.567974090576172,402.3981018066406,484254,1038240,0.46641816920943135
brown_0.002,3,5,30.0,v1000,-41.93935775756836,407.3695373535156,310490,1038240,0.29905416859300354
brown_0.002,3,5,30.0,z50,154859.0625,505164.34375,848276,1038240,0.8170326706734474
brown_0.002,3,5,30.0,z100,135826.65625,337124.9375,829114,1038240,0.7985764370473108
brown_0.002,3,5,30.0,z150,127517.2578125,452813.65625,578084,1038240,0.5567922638310988
brown_0.002,3,5,30.0,z200,112316.1796875,354176.25,783794,1038240,0.7549256433965171
brown_0.002,3,5,30.0,z250,90914.421875,357912.1875,754512,1038240,0.7267221451687471
brown_0.002,3,5,30.0,z300,78042.125,301267.21875,660319,1038240,0.6359984204037602
brown_0.002,3,5,30.0,z400,59295.0234375,187623.125,515746,1038240,0.4967502696871629
brown_0.002,3,5,30.0,z500,42631.41796875,125925.28125,269824,1038240,0.25988596085683463
brown_0.002,3,5,30.0,z600,30432.904296875,92580.8515625,99290,1038240,0.09563299429804284
brown_0.002,3,5,30.0,z700,17789.6328125,66555.0625,0,1038240,0.0
brown_0.002,3,5,30.0,z850,-978.701171875,46909.90625,0,1038240,0.0
brown_0.002,3,5,30.0,z925,-21540.224609375,43883.6015625,0,1038240,0.0
brown_0.002,3,5,30.0,z1000,-38645.69140625,42324.3125,5274,1038240,0.005079750346740638
brown_0.002,3,5,30.0,t50,-812.1170043945312,1327.78173828125,900211,1038240,0.867054823547542
brown_0.002,3,5,30.0,t100,-1385.3621826171875,1234.1234130859375,964562,1038240,0.9290356757589767
brown_0.002,3,5,30.0,t150,-425.3350830078125,835.380615234375,869794,1038240,0.8377581291416243
brown_0.002,3,5,30.0,t200,-32.66532897949219,395.9546203613281,334616,1038240,0.32229157034982275
brown_0.002,3,5,30.0,t250,29.252243041992188,759.3379516601562,742352,1038240,0.7150100169517645
brown_0.002,3,5,30.0,t300,195.13702392578125,1275.8699951171875,549505,1038240,0.529265873015873
brown_0.002,3,5,30.0,t400,165.12173461914062,1037.704833984375,481149,1038240,0.4634275312066574
brown_0.002,3,5,30.0,t500,213.11773681640625,730.557861328125,644749,1038240,0.6210018878101402
brown_0.002,3,5,30.0,t600,205.9471893310547,444.0016784667969,459569,1038240,0.44264235629526894
brown_0.002,3,5,30.0,t700,155.21881103515625,397.048583984375,191370,1038240,0.18432154415164123
brown_0.002,3,5,30.0,t850,80.61474609375,420.34002685546875,164663,1038240,0.1585982046540299
brown_0.002,3,5,30.0,t925,-139.04681396484375,322.4716796875,573648,1038240,0.5525196486361534
brown_0.002,3,5,30.0,t1000,-160.17483520507812,339.7989501953125,699449,1038240,0.6736872014177839
brown_0.002,3,5,30.0,q50,-0.007944000884890556,0.006240688264369965,499507,1038240,0.4811093774079211
brown_0.002,3,5,30.0,q100,-0.0015329639427363873,0.0018584014615043998,500568,1038240,0.48213129912159036
brown_0.002,3,5,30.0,q150,-0.0005916478694416583,0.0032104202546179295,78212,1038240,0.07533132994298043
brown_0.002,3,5,30.0,q200,-0.00028570040012709796,0.013473596423864365,3811,1038240,0.0036706349206349206
brown_0.002,3,5,30.0,q250,-5.169203723198734e-05,0.03901451453566551,26,1038240,2.504237941131145e-05
brown_0.002,3,5,30.0,q300,-0.0007959614740684628,0.10476692765951157,247648,1038240,0.23852673755586376
brown_0.002,3,5,30.0,q400,-0.0042757391929626465,0.23573574423789978,526455,1038240,0.5070648404993066
brown_0.002,3,5,30.0,q500,-0.0022385369520634413,0.3634182810783386,792665,1038240,0.7634699106179689
brown_0.002,3,5,30.0,q600,-0.007425909861922264,0.6307345032691956,938350,1038240,0.9037891046386192
brown_0.002,3,5,30.0,q700,-0.017909850925207138,0.6881973743438721,961665,1038240,0.9262453767914933
brown_0.002,3,5,30.0,q850,-0.06889653205871582,0.9350756406784058,976672,1038240,0.9406996455540145
brown_0.002,3,5,30.0,q925,-0.06423406302928925,1.0414612293243408,983586,1038240,0.9473589921405455
brown_0.002,3,5,30.0,q1000,-0.053195204585790634,0.884101927280426,983856,1038240,0.9476190476190476
brown_0.002,3,6,36.0,u10m,-313.9125671386719,250.44972229003906,666211,1038240,0.641673408845739
brown_0.002,3,6,36.0,v10m,-76.39144134521484,334.5037841796875,346729,1038240,0.33395842965017725
brown_0.002,3,6,36.0,u100m,-342.26116943359375,299.03253173828125,694772,1038240,0.6691824626290646
brown_0.002,3,6,36.0,v100m,-73.37649536132812,376.6959228515625,421858,1038240,0.40632031129603946
brown_0.002,3,6,36.0,t2m,-216.85284423828125,623.46435546875,826321,1038240,0.7958863075974727
brown_0.002,3,6,36.0,sp,8453.3984375,211918.0,320483,1038240,0.3086791108028972
brown_0.002,3,6,36.0,msl,16444.3203125,186956.90625,888354,1038240,0.8556345353675451
brown_0.002,3,6,36.0,tcwv,-145.92990112304688,5179.41259765625,1020534,1038240,0.9829461396208969
brown_0.002,3,6,36.0,u50,-1459.7371826171875,1213.43505859375,633652,1038240,0.6103136076437047
brown_0.002,3,6,36.0,u100,-613.9309692382812,1625.3385009765625,714430,1038240,0.6881164278008938
brown_0.002,3,6,36.0,u150,-359.74249267578125,2107.0380859375,836247,1038240,0.8054467175219603
brown_0.002,3,6,36.0,u200,-1052.3232421875,993.7036743164062,868951,1038240,0.8369461781476345
brown_0.002,3,6,36.0,u250,-2349.858154296875,703.8591918945312,909750,1038240,0.8762424872861766
brown_0.002,3,6,36.0,u300,-1607.625244140625,533.864501953125,760456,1038240,0.7324472183695485
brown_0.002,3,6,36.0,u400,-749.8479614257812,594.5546264648438,773319,1038240,0.7448364539990754
brown_0.002,3,6,36.0,u500,-990.2723388671875,449.7889404296875,661384,1038240,0.6370241947911851
brown_0.002,3,6,36.0,u600,-820.990966796875,304.2654113769531,580653,1038240,0.5592666435506242
brown_0.002,3,6,36.0,u700,-331.8646240234375,403.13763427734375,571198,1038240,0.5501598859608569
brown_0.002,3,6,36.0,u850,-212.54893493652344,469.80609130859375,423112,1038240,0.4075281245184158
brown_0.002,3,6,36.0,u925,-354.3895263671875,412.9427185058594,584777,1038240,0.5632387501926337
brown_0.002,3,6,36.0,u1000,-378.73199462890625,279.33746337890625,535812,1038240,0.516077207582062
brown_0.002,3,6,36.0,v50,-80.85023498535156,139.69158935546875,0,1038240,0.0
brown_0.002,3,6,36.0,v100,-264.7589416503906,246.38150024414062,224571,1038240,0.21629969949144706
brown_0.002,3,6,36.0,v150,-509.8689880371094,921.4487915039062,793532,1038240,0.7643049776544922
brown_0.002,3,6,36.0,v200,-250.04782104492188,460.9371337890625,456723,1038240,0.4399011789181692
brown_0.002,3,6,36.0,v250,-56.67169952392578,505.2768859863281,468506,1038240,0.45125019263368776
brown_0.002,3,6,36.0,v300,-118.43390655517578,270.6700744628906,246100,1038240,0.23703575281245184
brown_0.002,3,6,36.0,v400,-152.82717895507812,126.47150421142578,325,1038240,0.00031302974264139314
brown_0.002,3,6,36.0,v500,-35.20115661621094,95.02565002441406,0,1038240,0.0
brown_0.002,3,6,36.0,v600,-80.50942993164062,122.83087921142578,0,1038240,0.0
brown_0.002,3,6,36.0,v700,-289.5820007324219,141.7897491455078,193847,1038240,0.1867073123747881
brown_0.002,3,6,36.0,v850,-9.415708541870117,288.7140808105469,352692,1038240,0.33970180305131764
brown_0.002,3,6,36.0,v925,-20.47234344482422,419.89703369140625,521476,1038240,0.5022692248420404
brown_0.002,3,6,36.0,v1000,-36.732154846191406,411.9808044433594,311601,1038240,0.30012424872861765
brown_0.002,3,6,36.0,z50,152167.28125,543379.625,891577,1038240,0.8587388272461088
brown_0.002,3,6,36.0,z100,151444.578125,387750.375,873695,1038240,0.8415154492217599
brown_0.002,3,6,36.0,z150,129388.6484375,508046.28125,716584,1038240,0.690191092618277
brown_0.002,3,6,36.0,z200,113534.84375,408084.15625,853444,1038240,0.822010325165665
brown_0.002,3,6,36.0,z250,91789.4140625,405252.25,827121,1038240,0.7966568423485899
brown_0.002,3,6,36.0,z300,78237.28125,339680.4375,745646,1038240,0.71818269378949
brown_0.002,3,6,36.0,z400,58640.3359375,213009.203125,612781,1038240,0.590211319155494
brown_0.002,3,6,36.0,z500,41837.4921875,141902.03125,409191,1038240,0.3941198566805363
brown_0.002,3,6,36.0,z600,29456.095703125,101814.34375,257190,1038240,0.24771729079981508
brown_0.002,3,6,36.0,z700,16696.9609375,71689.8359375,21036,1038240,0.020261211280628758
brown_0.002,3,6,36.0,z850,-5912.296875,51020.0234375,0,1038240,0.0
brown_0.002,3,6,36.0,z925,-31157.1875,47486.7109375,1442,1038240,0.001388888888888889
brown_0.002,3,6,36.0,z1000,-50653.13671875,46325.0546875,123510,1038240,0.11896093388811835
brown_0.002,3,6,36.0,t50,-924.5275268554688,1436.767822265625,908343,1038240,0.8748873092926491
brown_0.002,3,6,36.0,t100,-1499.3050537109375,1325.9759521484375,974391,1038240,0.9385026583448913
brown_0.002,3,6,36.0,t150,-457.31201171875,846.9676513671875,875531,1038240,0.8432838264755741
brown_0.002,3,6,36.0,t200,-1.27685546875,412.5096435546875,298720,1038240,0.2877176760671906
brown_0.002,3,6,36.0,t250,58.295257568359375,919.06103515625,803223,1038240,0.7736390429958391
brown_0.002,3,6,36.0,t300,191.7110595703125,1431.8544921875,725038,1038240,0.6983337186007089
brown_0.002,3,6,36.0,t400,183.32884216308594,1198.4381103515625,705191,1038240,0.6792177145939282
brown_0.002,3,6,36.0,t500,211.90005493164062,853.3892822265625,751363,1038240,0.7236891277546618
brown_0.002,3,6,36.0,t600,207.051513671875,566.87158203125,611038,1038240,0.5885325165664972
brown_0.002,3,6,36.0,t700,179.00453186035156,528.935791015625,354851,1038240,0.34178128371089533
brown_0.002,3,6,36.0,t850,150.21145629882812,514.9869384765625,358307,1038240,0.345109993835722
brown_0.002,3,6,36.0,t925,-20.745269775390625,325.8525390625,489923,1038240,0.4718783710895361
brown_0.002,3,6,36.0,t1000,-123.91143798828125,342.62420654296875,625351,1038240,0.6023183464324241
brown_0.002,3,6,36.0,q50,-0.0078087467700243,0.006127909757196903,499506,1038240,0.4811084142394822
brown_0.002,3,6,36.0,q100,-0.0013108153361827135,0.001678656553849578,498144,1038240,0.47979657882570503
brown_0.002,3,6,36.0,q150,-0.000543966016266495,0.0034102138597518206,71694,1038240,0.06905339805825243
brown_0.002,3,6,36.0,q200,-0.0002997715200763196,0.014206071384251118,3858,1038240,0.0037159038372630605
brown_0.002,3,6,36.0,q250,1.9711911591002718e-05,0.0414336621761322,0,1038240,0.0
brown_0.002,3,6,36.0,q300,-0.0007313345558941364,0.10984166711568832,260423,1038240,0.2508312143627678
brown_0.002,3,6,36.0,q400,-0.003942030481994152,0.25077444314956665,615362,1038240,0.592697256896286
brown_0.002,3,6,36.0,q500,-0.003211844712495804,0.3899097144603729,842871,1038240,0.8118267452612112
brown_0.002,3,6,36.0,q600,-0.011979598551988602,0.667290449142456,943419,1038240,0.908671405455386
brown_0.002,3,6,36.0,q700,-0.020117122679948807,0.7467706203460693,967100,1038240,0.9314801972568962
brown_0.002,3,6,36.0,q850,-0.07338094711303711,1.0211937427520752,984292,1038240,0.9480389890584066
brown_0.002,3,6,36.0,q925,-0.0654335543513298,1.1275982856750488,989362,1038240,0.9529222530436122
brown_0.002,3,6,36.0,q1000,-0.05572130158543587,0.99845951795578,989705,1038240,0.9532526198181538
brown_0.002,3,7,42.0,u10m,-329.2432861328125,254.9612274169922,678833,1038240,0.6538305208814917
brown_0.002,3,7,42.0,v10m,-73.33939361572266,340.28167724609375,349274,1038240,0.3364096933271691
brown_0.002,3,7,42.0,u100m,-356.1354675292969,302.0488586425781,702392,1038240,0.6765218061334566
brown_0.002,3,7,42.0,v100m,-71.48389434814453,377.6526794433594,431008,1038240,0.4151333025119433
brown_0.002,3,7,42.0,t2m,-208.41339111328125,743.677978515625,849328,1038240,0.8180459238711666
brown_0.002,3,7,42.0,sp,1260.0,218579.84375,295797,1038240,0.28490233472029586
brown_0.002,3,7,42.0,msl,1500.28125,191141.875,904244,1038240,0.870939281861612
brown_0.002,3,7,42.0,tcwv,-162.0412139892578,5501.1591796875,1021990,1038240,0.9843485128679303
brown_0.002,3,7,42.0,u50,-1592.7340087890625,1296.9224853515625,725830,1038240,0.699096548004315
brown_0.002,3,7,42.0,u100,-784.0228271484375,1709.331298828125,800729,1038240,0.771236900909231
brown_0.002,3,7,42.0,u150,-419.2956237792969,2177.452880859375,783983,1038240,0.7551076822314686
brown_0.002,3,7,42.0,u200,-1306.05908203125,1047.98681640625,887573,1038240,0.8548823008167669
brown_0.002,3,7,42.0,u250,-2537.042236328125,761.98974609375,915316,1038240,0.881603482817075
brown_0.002,3,7,42.0,u300,-1703.1397705078125,601.1961059570312,777201,1038240,0.7485754738788719
brown_0.002,3,7,42.0,u400,-836.8396606445312,630.315185546875,794312,1038240,0.7650562490368316
brown_0.002,3,7,42.0,u500,-1078.8726806640625,494.5771179199219,697595,1038240,0.6719014871320697
brown_0.002,3,7,42.0,u600,-875.5823974609375,335.56585693359375,629556,1038240,0.6063684697179843
brown_0.002,3,7,42.0,u700,-375.0893859863281,420.5792236328125,604434,1038240,0.582171752196024
brown_0.002,3,7,42.0,u850,-242.5007781982422,482.4913635253906,486987,1038240,0.46905050855293573
brown_0.002,3,7,42.0,u925,-386.3185729980469,418.6169738769531,604624,1038240,0.5823547541994144
brown_0.002,3,7,42.0,u1000,-390.93756103515625,286.1943359375,548831,1038240,0.5286166974880567
brown_0.002,3,7,42.0,v50,-89.44304656982422,131.582275390625,0,1038240,0.0
brown_0.002,3,7,42.0,v100,-269.3565673828125,234.45237731933594,203037,1038240,0.1955588303282478
brown_0.002,3,7,42.0,v150,-499.38385009765625,928.747802734375,784722,1038240,0.7558194637078133
brown_0.002,3,7,42.0,v200,-231.91583251953125,464.8434753417969,455302,1038240,0.43853251656649717
brown_0.002,3,7,42.0,v250,-53.95125961303711,514.5635986328125,479680,1038240,0.46201263676991833
brown_0.002,3,7,42.0,v300,-122.01355743408203,260.3549499511719,226205,1038240,0.2178735167206041
brown_0.002,3,7,42.0,v400,-160.39039611816406,126.44416046142578,1283,1038240,0.0012357451071043305
brown_0.002,3,7,42.0,v500,-37.99163818359375,93.82770538330078,0,1038240,0.0
brown_0.002,3,7,42.0,v600,-78.16183471679688,124.0994644165039,0,1038240,0.0
brown_0.002,3,7,42.0,v700,-285.5645751953125,143.8483428955078,193220,1038240,0.18610340576359993
brown_0.002,3,7,42.0,v850,-7.35751485824585,294.2225341796875,366823,1038240,0.3533123362613654
brown_0.002,3,7,42.0,v925,-17.156679153442383,430.7333068847656,543791,1038240,0.5237623285560179
brown_0.002,3,7,42.0,v1000,-32.747779846191406,414.6582336425781,312102,1038240,0.30060679611650487
brown_0.002,3,7,42.0,z50,149291.421875,579424.375,921232,1038240,0.8873015873015873
brown_0.002,3,7,42.0,z100,154360.6875,438571.125,904679,1038240,0.8713582601325319
brown_0.002,3,7,42.0,z150,131178.71875,562774.625,812086,1038240,0.7821756048697797
brown_0.002,3,7,42.0,z200,114839.9765625,461041.28125,893523,1038240,0.8606131530282016
brown_0.002,3,7,42.0,z250,92823.1796875,450265.5625,871167,1038240,0.8390805594082293
brown_0.002,3,7,42.0,z300,78515.9375,376353.6875,815956,1038240,0.7859030667283095
brown_0.002,3,7,42.0,z400,57902.171875,237487.265625,680644,1038240,0.6555748189243334
brown_0.002,3,7,42.0,z500,40923.2421875,157625.78125,510021,1038240,0.4912361303744799
brown_0.002,3,7,42.0,z600,28464.71484375,111029.34375,375167,1038240,0.3613490137155186
brown_0.002,3,7,42.0,z700,15718.7177734375,76373.6640625,78426,1038240,0.0755374479889043
brown_0.002,3,7,42.0,z850,-11042.7109375,54512.46484375,3326,1038240,0.0032034982277700723
brown_0.002,3,7,42.0,z925,-40308.1484375,50359.9140625,57870,1038240,0.05573855755894591
brown_0.002,3,7,42.0,z1000,-61630.38671875,49261.421875,237631,1038240,0.22887867930343658
brown_0.002,3,7,42.0,t50,-1013.8615112304688,1520.4365234375,908170,1038240,0.87472068115272
brown_0.002,3,7,42.0,t100,-1589.331298828125,1397.2384033203125,980597,1038240,0.9444800816766836
brown_0.002,3,7,42.0,t150,-475.93218994140625,846.727783203125,878839,1038240,0.846469987671444
brown_0.002,3,7,42.0,t200,48.710479736328125,429.6734313964844,167115,1038240,0.16095989366620433
brown_0.002,3,7,42.0,t250,94.42047119140625,1073.9710693359375,847033,1038240,0.8158354523038989
brown_0.002,3,7,42.0,t300,189.3136444091797,1579.6470947265625,809313,1038240,0.7795047387887194
brown_0.002,3,7,42.0,t400,201.72206115722656,1347.392822265625,838267,1038240,0.8073923177685314
brown_0.002,3,7,42.0,t500,211.13067626953125,972.0805053710938,820229,1038240,0.7900186854677146
brown_0.002,3,7,42.0,t600,210.08792114257812,688.8159790039062,701127,1038240,0.6753033980582525
brown_0.002,3,7,42.0,t700,204.97544860839844,659.845703125,427778,1038240,0.4120222684543073
brown_0.002,3,7,42.0,t850,210.85098266601562,656.9971313476562,411837,1038240,0.3966684003698567
brown_0.002,3,7,42.0,t925,22.777999877929688,334.9714660644531,289330,1038240,0.2786735244259516
brown_0.002,3,7,42.0,t1000,-128.34927368164062,345.4273376464844,426082,1038240,0.41038873478193866
brown_0.002,3,7,42.0,q50,-0.007673453539609909,0.006015140563249588,499508,1038240,0.48111034057636
brown_0.002,3,7,42.0,q100,-0.0011077235685661435,0.001528391381725669,496189,1038240,0.4779135845276622
brown_0.002,3,7,42.0,q150,-0.0004974859766662121,0.003557656891644001,65886,1038240,0.06345931576514101
brown_0.002,3,7,42.0,q200,-0.00032018430647440255,0.014829316176474094,3851,1038240,0.0037091616581907843
brown_0.002,3,7,42.0,q250,1.7485483112977818e-05,0.04347728565335274,0,1038240,0.0
brown_0.002,3,7,42.0,q300,-0.0007628221064805984,0.11404281854629517,270153,1038240,0.2602028432732316
brown_0.002,3,7,42.0,q400,-0.0037147621624171734,0.2621426284313202,668090,1038240,0.6434832023424256
brown_0.002,3,7,42.0,q500,-0.003809567540884018,0.40906673669815063,869124,1038240,0.8371128062875636
brown_0.002,3,7,42.0,q600,-0.015056643635034561,0.6942727565765381,947436,1038240,0.9125404530744337
brown_0.002,3,7,42.0,q700,-0.023847565054893494,0.7955048680305481,970846,1038240,0.9350882262290029
brown_0.002,3,7,42.0,q850,-0.07766182720661163,1.0957903861999512,989616,1038240,0.953166897827092
brown_0.002,3,7,42.0,q925,-0.06570498645305634,1.2039202451705933,994037,1038240,0.9574250654954538
brown_0.002,3,7,42.0,q1000,-0.059245865792036057,1.0991630554199219,995040,1038240,0.9583911234396671
brown_0.002,3,8,48.0,u10m,-342.111572265625,256.3721923828125,686476,1038240,0.6611920172599784
brown_0.002,3,8,48.0,v10m,-71.088623046875,346.6285400390625,351059,1038240,0.3381289489905995
brown_0.002,3,8,48.0,u100m,-370.2283630371094,304.2452087402344,710591,1038240,0.6844188241639698
brown_0.002,3,8,48.0,v100m,-70.12579345703125,381.345947265625,435058,1038240,0.4190341346894745
brown_0.002,3,8,48.0,t2m,-191.877685546875,860.3355712890625,861069,1038240,0.8293544845122515
brown_0.002,3,8,48.0,sp,-5644.1171875,223663.28125,271132,1038240,0.2611457851749114
brown_0.002,3,8,48.0,msl,-11227.4296875,193915.8125,913273,1038240,0.8796357296964094
brown_0.002,3,8,48.0,tcwv,-176.71710205078125,5770.66943359375,1023095,1038240,0.985412813992911
brown_0.002,3,8,48.0,u50,-1713.1781005859375,1356.5787353515625,759461,1038240,0.7314888657728463
brown_0.002,3,8,48.0,u100,-955.2653198242188,1760.2901611328125,837546,1038240,0.8066978733240869
brown_0.002,3,8,48.0,u150,-476.8044128417969,2216.666748046875,763558,1038240,0.7354349668670057
brown_0.002,3,8,48.0,u200,-1541.76220703125,1086.4805908203125,899260,1038240,0.8661388503621513
brown_0.002,3,8,48.0,u250,-2712.433349609375,802.798583984375,917576,1038240,0.8837802434889813
brown_0.002,3,8,48.0,u300,-1788.377685546875,658.5950317382812,785920,1038240,0.7569733394976114
brown_0.002,3,8,48.0,u400,-915.5701904296875,654.3715209960938,805885,1038240,0.7762029973801818
brown_0.002,3,8,48.0,u500,-1165.578369140625,531.4718017578125,718986,1038240,0.6925046232085067
brown_0.002,3,8,48.0,u600,-926.9298095703125,359.7864074707031,654880,1038240,0.6307597472646016
brown_0.002,3,8,48.0,u700,-413.8208312988281,429.68182373046875,632082,1038240,0.6088014331946371
brown_0.002,3,8,48.0,u850,-269.0926513671875,489.5710754394531,533108,1038240,0.5134728001232856
brown_0.002,3,8,48.0,u925,-411.7915344238281,420.0124206542969,619462,1038240,0.596646247495762
brown_0.002,3,8,48.0,u1000,-400.9868469238281,289.8227844238281,556091,1038240,0.535609300354446
brown_0.002,3,8,48.0,v50,-96.89311218261719,123.13294982910156,0,1038240,0.0
brown_0.002,3,8,48.0,v100,-271.8465270996094,222.70350646972656,171213,1038240,0.16490695792880258
brown_0.002,3,8,48.0,v150,-490.61846923828125,935.9879760742188,777872,1038240,0.7492217599013715
brown_0.002,3,8,48.0,v200,-224.94097900390625,482.1019287109375,456752,1038240,0.4399291108028972
brown_0.002,3,8,48.0,v250,-53.19363784790039,527.2053833007812,490814,1038240,0.472736554168593
brown_0.002,3,8,48.0,v300,-125.12004852294922,259.4294738769531,218677,1038240,0.21062278471259055
brown_0.002,3,8,48.0,v400,-159.23980712890625,125.04346466064453,1288,1038240,0.0012405609492988133
brown_0.002,3,8,48.0,v500,-41.45858383178711,93.5487060546875,0,1038240,0.0
brown_0.002,3,8,48.0,v600,-75.35296630859375,123.07598876953125,0,1038240,0.0
brown_0.002,3,8,48.0,v700,-281.9168395996094,144.55294799804688,193088,1038240,0.1859762675296656
brown_0.002,3,8,48.0,v850,-6.448818206787109,297.9888000488281,371639,1038240,0.35795095546309136
brown_0.002,3,8,48.0,v925,-14.479954719543457,439.43170166015625,558962,1038240,0.5383745569425181
brown_0.002,3,8,48.0,v1000,-29.944604873657227,419.0065612792969,312281,1038240,0.30077920326706736
brown_0.002,3,8,48.0,z50,147055.140625,614058.25,938169,1038240,0.9036147711511789
brown_0.002,3,8,48.0,z100,157398.890625,489060.25,928096,1038240,0.8939127754661735
brown_0.002,3,8,48.0,z150,133007.0,616556.75,883738,1038240,0.8511885498535984
brown_0.002,3,8,48.0,z200,116056.1171875,512569.3125,922708,1038240,0.8887232239173987
brown_0.002,3,8,48.0,z250,93928.1953125,493233.0,899875,1038240,0.8667311989520727
brown_0.002,3,8,48.0,z300,78891.15625,411490.9375,858605,1038240,0.8269812374788102
brown_0.002,3,8,48.0,z400,57155.7890625,261183.421875,740447,1038240,0.7131751810756665
brown_0.002,3,8,48.0,z500,39970.66015625,173215.421875,578790,1038240,0.5574722607489597
brown_0.002,3,8,48.0,z600,27460.4140625,120318.953125,454783,1038240,0.43803263214670984
brown_0.002,3,8,48.0,z700,14817.2216796875,80748.03125,139578,1038240,0.13443712436430882
brown_0.002,3,8,48.0,z850,-16207.4453125,57526.5546875,29575,1038240,0.028485706580366775
brown_0.002,3,8,48.0,z925,-48597.03125,52682.22265625,153503,1038240,0.1478492448759439
brown_0.002,3,8,48.0,z1000,-72101.1640625,51408.8203125,295247,1038240,0.28437259207890275
brown_0.002,3,8,48.0,t50,-1082.882080078125,1582.943603515625,900441,1038240,0.8672763522884882
brown_0.002,3,8,48.0,t100,-1662.1810302734375,1452.2205810546875,984594,1038240,0.9483298659269533
brown_0.002,3,8,48.0,t150,-481.279052734375,840.9951171875,880530,1038240,0.8480987055016181
brown_0.002,3,8,48.0,t200,97.18463897705078,461.28955078125,101576,1038240,0.09783479734936046
brown_0.002,3,8,48.0,t250,134.6953125,1218.8333740234375,878592,1038240,0.8462320850670365
brown_0.002,3,8,48.0,t300,188.45651245117188,1718.6175537109375,873387,1038240,0.8412187933425798
brown_0.002,3,8,48.0,t400,197.32920837402344,1486.663330078125,898671,1038240,0.8655715441516413
brown_0.002,3,8,48.0,t500,209.76107788085938,1084.363525390625,869507,1038240,0.8374816997996609
brown_0.002,3,8,48.0,t600,214.75082397460938,806.91064453125,765847,1038240,0.73763965942364
brown_0.002,3,8,48.0,t700,227.03355407714844,788.0933227539062,565699,1038240,0.5448634227153645
brown_0.002,3,8,48.0,t850,211.8815155029297,789.5567016601562,438142,1038240,0.4220045461550316
brown_0.002,3,8,48.0,t925,30.682861328125,376.8379821777344,354431,1038240,0.3413767529665588
brown_0.002,3,8,48.0,t1000,-122.4725341796875,360.6051025390625,442769,1038240,0.4264611265218061
brown_0.002,3,8,48.0,q50,-0.007543766405433416,0.005908026359975338,499513,1038240,0.48111515641855446
brown_0.002,3,8,48.0,q100,-0.0010818056762218475,0.001550020882859826,488429,1038240,0.4704393974418246
brown_0.002,3,8,48.0,q150,-0.0004534360487014055,0.003667859360575676,59571,1038240,0.057376907073509016
brown_0.002,3,8,48.0,q200,-0.00034132113796658814,0.015395219437777996,3841,1038240,0.0036995299738018183
brown_0.002,3,8,48.0,q250,-4.7903868107823655e-05,0.045255422592163086,20,1038240,1.9263368777931886e-05
brown_0.002,3,8,48.0,q300,-0.0007183478446677327,0.11758877336978912,277838,1038240,0.26760479272615195
brown_0.002,3,8,48.0,q400,-0.0034647576976567507,0.27095523476600647,702986,1038240,0.6770939281861612
brown_0.002,3,8,48.0,q500,-0.004153110086917877,0.42409029603004456,882564,1038240,0.8500577901063338
brown_0.002,3,8,48.0,q600,-0.01743696630001068,0.7151835560798645,950921,1038240,0.9158970950839883
brown_0.002,3,8,48.0,q700,-0.02732265181839466,0.8369617462158203,973664,1038240,0.9378024348898135
brown_0.002,3,8,48.0,q850,-0.0814993754029274,1.164099097251892,993715,1038240,0.9571149252581291
brown_0.002,3,8,48.0,q925,-0.06636957079172134,1.274307131767273,997854,1038240,0.9611014794267222
brown_0.002,3,8,48.0,q1000,-0.06256074458360672,1.1855217218399048,998904,1038240,0.9621128062875636
brown_0.002,3,9,54.0,u10m,-352.3746032714844,255.8174591064453,691395,1038240,0.6659298428109107
brown_0.002,3,9,54.0,v10m,-68.802978515625,349.1908264160156,351984,1038240,0.3390198797965788
brown_0.002,3,9,54.0,u100m,-383.7090148925781,305.2579650878906,718458,1038240,0.6919960702727693
brown_0.002,3,9,54.0,v100m,-68.6711196899414,381.19085693359375,437914,1038240,0.42178494375096315
brown_0.002,3,9,54.0,t2m,-174.4288330078125,974.069580078125,865110,1038240,0.8332466481738326
brown_0.002,3,9,54.0,sp,-12136.15625,227596.03125,250818,1038240,0.24157998150716598
brown_0.002,3,9,54.0,msl,-21466.90625,195731.296875,918240,1038240,0.8844197873324087
brown_0.002,3,9,54.0,tcwv,-189.94354248046875,6001.2890625,1023866,1038240,0.9861554168593003
brown_0.002,3,9,54.0,u50,-1822.5133056640625,1396.6279296875,778578,1038240,0.7499017568192325
brown_0.002,3,9,54.0,u100,-1120.4736328125,1785.2620849609375,866418,1038240,0.8345064724919093
brown_0.002,3,9,54.0,u150,-576.4221801757812,2232.9365234375,793220,1038240,0.7640044691015565
brown_0.002,3,9,54.0,u200,-1761.224853515625,1110.5015869140625,907035,1038240,0.8736274849745723
brown_0.002,3,9,54.0,u250,-2872.962646484375,830.96875,918058,1038240,0.8842444906765295
brown_0.002,3,9,54.0,u300,-1869.3829345703125,707.7420043945312,789869,1038240,0.760776891662814
brown_0.002,3,9,54.0,u400,-992.124755859375,682.4596557617188,813691,1038240,0.7837214902142087
brown_0.002,3,9,54.0,u500,-1245.2606201171875,555.189697265625,735594,1038240,0.7085009246417013
brown_0.002,3,9,54.0,u600,-976.1038818359375,373.0750427246094,668529,1038240,0.6439060332871013
brown_0.002,3,9,54.0,u700,-448.77044677734375,433.48870849609375,654428,1038240,0.6303243951302204
brown_0.002,3,9,54.0,u850,-293.93890380859375,492.80499267578125,569566,1038240,0.5485879950685776
brown_0.002,3,9,54.0,u925,-430.69976806640625,418.9040832519531,630667,1038240,0.6074385498535984
brown_0.002,3,9,54.0,u1000,-408.7982482910156,291.0769348144531,560553,1038240,0.5399069579288026
brown_0.002,3,9,54.0,v50,-105.8311767578125,114.60832977294922,0,1038240,0.0
brown_0.002,3,9,54.0,v100,-273.15057373046875,211.0825653076172,135046,1038240,0.13007204499922947
brown_0.002,3,9,54.0,v150,-482.31182861328125,939.0977172851562,773103,1038240,0.7446284096162737
brown_0.002,3,9,54.0,v200,-217.26870727539062,486.1957092285156,457717,1038240,0.44085856834643244
brown_0.002,3,9,54.0,v250,-50.93275833129883,532.6124877929688,499645,1038240,0.4812422946524888
brown_0.002,3,9,54.0,v300,-124.64317321777344,259.16632080078125,217759,1038240,0.20973859608568346
brown_0.002,3,9,54.0,v400,-158.60873413085938,123.21522521972656,1014,1038240,0.0009766527970411466
brown_0.002,3,9,54.0,v500,-42.266883850097656,93.89441680908203,0,1038240,0.0
brown_0.002,3,9,54.0,v600,-72.35340118408203,120.8182373046875,0,1038240,0.0
brown_0.002,3,9,54.0,v700,-278.9006042480469,143.918212890625,192980,1038240,0.18587224533826477
brown_0.002,3,9,54.0,v850,-5.617517471313477,300.08148193359375,372689,1038240,0.3589622823239328
brown_0.002,3,9,54.0,v925,-12.352096557617188,443.83245849609375,569343,1038240,0.5483732085067037
brown_0.002,3,9,54.0,v1000,-27.96961784362793,419.48138427734375,311815,1038240,0.30033036677454156
brown_0.002,3,9,54.0,z50,145434.34375,647829.0625,949700,1038240,0.9147210664200955
brown_0.002,3,9,54.0,z100,160503.296875,539044.375,947128,1038240,0.9122437971952535
brown_0.002,3,9,54.0,z150,134830.671875,669044.125,921212,1038240,0.8872823239328094
brown_0.002,3,9,54.0,z200,117329.671875,562233.1875,944443,1038240,0.9096576899368162
brown_0.002,3,9,54.0,z250,94818.515625,534212.4375,922062,1038240,0.8881010171058715
brown_0.002,3,9,54.0,z300,79220.046875,445175.25,885347,1038240,0.852738287871783
brown_0.002,3,9,54.0,z400,56410.3203125,284108.8125,791073,1038240,0.7619365464632455
brown_0.002,3,9,54.0,z500,39011.20703125,188546.984375,628871,1038240,0.6057086993373401
brown_0.002,3,9,54.0,z600,26472.18359375,129708.109375,513250,1038240,0.494346201263677
brown_0.002,3,9,54.0,z700,13981.427734375,84760.5,199412,1038240,0.19206734473724765
brown_0.002,3,9,54.0,z850,-20313.75,60158.140625,55282,1038240,0.05324587763908152
brown_0.002,3,9,54.0,z925,-55604.25390625,54577.17578125,209393,1038240,0.20168072892587455
brown_0.002,3,9,54.0,z1000,-81354.1484375,52957.26953125,335859,1038240,0.32348878871937126
brown_0.002,3,9,54.0,t50,-1134.366455078125,1627.688232421875,885306,1038240,0.8526987979657883
brown_0.002,3,9,54.0,t100,-1719.955322265625,1494.83447265625,986991,1038240,0.9506385806749884
brown_0.002,3,9,54.0,t150,-476.06842041015625,869.7996215820312,882600,1038240,0.8500924641701341
brown_0.002,3,9,54.0,t200,124.76837158203125,497.54400634765625,245457,1038240,0.23641643550624133
brown_0.002,3,9,54.0,t250,177.51451110839844,1361.1640625,902136,1038240,0.8689089227924179
brown_0.002,3,9,54.0,t300,189.15292358398438,1850.0631103515625,921620,1038240,0.8876752966558792
brown_0.002,3,9,54.0,t400,193.97433471679688,1615.53271484375,935213,1038240,0.9007676452458006
brown_0.002,3,9,54.0,t500,207.90875244140625,1190.08984375,904099,1038240,0.8707996224379719
brown_0.002,3,9,54.0,t600,220.83128356933594,918.3153076171875,824026,1038240,0.793675836030205
brown_0.002,3,9,54.0,t700,230.4176025390625,909.1979370117188,702023,1038240,0.6761663969795038
brown_0.002,3,9,54.0,t850,213.28314208984375,912.5623168945312,465549,1038240,0.44840210355987054
brown_0.002,3,9,54.0,t925,43.12733459472656,458.16241455078125,546333,1038240,0.526210702727693
brown_0.002,3,9,54.0,t1000,-109.53204345703125,433.78302001953125,676388,1038240,0.6514755740483896
brown_0.002,3,9,54.0,q50,-0.007414055522531271,0.005800920072942972,499512,1038240,0.48111419325011556
brown_0.002,3,9,54.0,q100,-0.0011293956777080894,0.001568916137330234,481619,1038240,0.4638802203729388
brown_0.002,3,9,54.0,q150,-0.00041215482633560896,0.0037526478990912437,53661,1038240,0.051684581599630144
brown_0.002,3,9,54.0,q200,-0.00035943693364970386,0.015904393047094345,3773,1038240,0.00363403451995685
brown_0.002,3,9,54.0,q250,-0.0001048619014909491,0.04688364267349243,177,1038240,0.00017048081368469718
brown_0.002,3,9,54.0,q300,-0.0005750610725954175,0.12065789103507996,284331,1038240,0.27385864539990756
brown_0.002,3,9,54.0,q400,-0.0032518827356398106,0.2782186269760132,730820,1038240,0.703902758514409
brown_0.002,3,9,54.0,q500,-0.0043829865753650665,0.4363815486431122,892749,1038240,0.8598676606564956
brown_0.002,3,9,54.0,q600,-0.019334781914949417,0.732271671295166,953797,1038240,0.9186671675142549
brown_0.002,3,9,54.0,q700,-0.0301673524081707,0.8722783327102661,975916,1038240,0.9399714902142087
brown_0.002,3,9,54.0,q850,-0.08486995846033096,1.2259801626205444,997085,1038240,0.9603608028972107
brown_0.002,3,9,54.0,q925,-0.07060445845127106,1.33955979347229,1000691,1038240,0.9638339882878718
brown_0.002,3,9,54.0,q1000,-0.0656590610742569,1.2634834051132202,1002472,1038240,0.9655493912775466
brown_0.002,3,10,60.0,u10m,-361.17926025390625,254.39285278320312,695046,1038240,0.6694463707813222
brown_0.002,3,10,60.0,v10m,-66.75315856933594,349.66534423828125,352303,1038240,0.3393271305285868
brown_0.002,3,10,60.0,u100m,-397.2696838378906,305.41839599609375,726630,1038240,0.6998670827554323
brown_0.002,3,10,60.0,v100m,-67.43436431884766,380.0603332519531,439288,1038240,0.4231083371860071
brown_0.002,3,10,60.0,t2m,-156.51333618164062,1082.1771240234375,861754,1038240,0.8300142548928957
brown_0.002,3,10,60.0,sp,-18192.046875,230704.140625,230675,1038240,0.22217887964247188
brown_0.002,3,10,60.0,msl,-29483.9453125,196751.25,920819,1038240,0.886903798736323
brown_0.002,3,10,60.0,tcwv,-202.0857696533203,6198.68408203125,1024614,1038240,0.986875866851595
brown_0.002,3,10,60.0,u50,-1922.7139892578125,1419.4549560546875,789236,1038240,0.7601672060409924
brown_0.002,3,10,60.0,u100,-1281.0531005859375,1790.8392333984375,889324,1038240,0.8565688087532748
brown_0.002,3,10,60.0,u150,-720.9801635742188,2233.3291015625,826386,1038240,0.795948913546001
brown_0.002,3,10,60.0,u200,-1969.42236328125,1122.5313720703125,913300,1038240,0.8796617352442595
brown_0.002,3,10,60.0,u250,-3018.423095703125,849.11279296875,917208,1038240,0.8834257975034674
brown_0.002,3,10,60.0,u300,-1946.49755859375,750.206787109375,790962,1038240,0.761829634766528
brown_0.002,3,10,60.0,u400,-1081.7991943359375,719.3831176757812,817724,1038240,0.7876059485282786
brown_0.002,3,10,60.0,u500,-1315.1773681640625,564.46142578125,746766,1038240,0.719261442441054
brown_0.002,3,10,60.0,u600,-1022.049560546875,376.68072509765625,676463,1038240,0.6515478116813068
brown_0.002,3,10,60.0,u700,-487.9776611328125,434.3432312011719,671792,1038240,0.6470488519032208
brown_0.002,3,10,60.0,u850,-319.4507751464844,493.1208190917969,595884,1038240,0.5739366620434582
brown_0.002,3,10,60.0,u925,-446.8099670410156,416.3766784667969,640259,1038240,0.6166772615194945
brown_0.002,3,10,60.0,u1000,-415.2579345703125,291.2550048828125,563476,1038240,0.5427222992756974
brown_0.002,3,10,60.0,v50,-142.41014099121094,105.95048522949219,0,1038240,0.0
brown_0.002,3,10,60.0,v100,-274.0030212402344,199.82041931152344,126990,1038240,0.1223127600554785
brown_0.002,3,10,60.0,v150,-474.95947265625,936.858154296875,771374,1038240,0.7429630913854215
brown_0.002,3,10,60.0,v200,-214.20428466796875,488.25714111328125,458010,1038240,0.4411407766990291
brown_0.002,3,10,60.0,v250,-47.131160736083984,538.1207885742188,506377,1038240,0.4877263445831407
brown_0.002,3,10,60.0,v300,-121.46420288085938,260.47247314453125,218247,1038240,0.210208622283865
brown_0.002,3,10,60.0,v400,-155.68576049804688,121.46210479736328,499,1038240,0.0004806210510094005
brown_0.002,3,10,60.0,v500,-41.56816864013672,93.94593811035156,0,1038240,0.0
brown_0.002,3,10,60.0,v600,-69.86100769042969,117.98419189453125,0,1038240,0.0
brown_0.002,3,10,60.0,v700,-275.607177734375,141.80953979492188,192241,1038240,0.18516046386192017
brown_0.002,3,10,60.0,v850,-4.909050941467285,301.3387451171875,372520,1038240,0.3587995068577593
brown_0.002,3,10,60.0,v925,-10.786724090576172,448.23419189453125,576312,1038240,0.555085529357374
brown_0.002,3,10,60.0,v1000,-26.196670532226562,418.0295715332031,310713,1038240,0.2992689551548775
brown_0.002,3,10,60.0,z50,144313.34375,680694.375,959114,1038240,0.9237883341038681
brown_0.002,3,10,60.0,z100,162832.59375,588177.8125,963067,1038240,0.9275957389428263
brown_0.002,3,10,60.0,z150,136497.09375,720061.625,947180,1038240,0.9122938819540761
brown_0.002,3,10,60.0,z200,118609.1640625,610032.4375,961120,1038240,0.9257204499922946
brown_0.002,3,10,60.0,z250,95711.5078125,573449.625,939774,1038240,0.905160656495608
brown_0.002,3,10,60.0,z300,79339.984375,477455.4375,905932,1038240,0.8725651101864694
brown_0.002,3,10,60.0,z400,55641.48046875,306232.9375,823075,1038240,0.7927598628448143
brown_0.002,3,10,60.0,z500,38075.609375,203679.328125,670481,1038240,0.6457861380798274
brown_0.002,3,10,60.0,z600,25513.234375,139245.453125,563254,1038240,0.5425084758822623
brown_0.002,3,10,60.0,z700,13209.2705078125,88459.859375,271924,1038240,0.2619086145785175
brown_0.002,3,10,60.0,z850,-23445.13671875,62421.08984375,74543,1038240,0.07179746494066883
brown_0.002,3,10,60.0,z925,-61430.01953125,56069.0078125,245359,1038240,0.23632204499922946
brown_0.002,3,10,60.0,z1000,-89232.4375,54050.41015625,365392,1038240,0.3519340422253044
brown_0.002,3,10,60.0,t50,-1170.3583984375,1657.84521484375,873666,1038240,0.8414875173370319
brown_0.002,3,10,60.0,t100,-1766.5809326171875,1526.7423095703125,988451,1038240,0.9520448065957775
brown_0.002,3,10,60.0,t150,-462.62176513671875,894.812744140625,884598,1038240,0.8520168747110495
brown_0.002,3,10,60.0,t200,155.64979553222656,535.3148803710938,505590,1038240,0.4869683310217291
brown_0.002,3,10,60.0,t250,198.4945831298828,1496.2708740234375,923315,1038240,0.8893078671598089
brown_0.002,3,10,60.0,t300,191.06387329101562,1975.7557373046875,950129,1038240,0.9151342656803821
brown_0.002,3,10,60.0,t400,191.56597900390625,1733.98046875,956229,1038240,0.9210095931576514
brown_0.002,3,10,60.0,t500,206.10731506347656,1289.1092529296875,926668,1038240,0.8925373709354292
brown_0.002,3,10,60.0,t600,227.92095947265625,1023.847412109375,869929,1038240,0.8378881568808754
brown_0.002,3,10,60.0,t700,233.59783935546875,1022.850341796875,795764,1038240,0.7664547696101094
brown_0.002,3,10,60.0,t850,211.4420623779297,1026.913818359375,597091,1038240,0.5750992063492063
brown_0.002,3,10,60.0,t925,58.857269287109375,576.2223510742188,586596,1038240,0.5649907535829866
brown_0.002,3,10,60.0,t1000,-91.73492431640625,542.1019897460938,770780,1038240,0.7423909693327169
brown_0.002,3,10,60.0,q50,-0.007284313905984163,0.005696631036698818,499513,1038240,0.48111515641855446
brown_0.002,3,10,60.0,q100,-0.0011696115834638476,0.0015855099773034453,472967,1038240,0.4555468870396055
brown_0.002,3,10,60.0,q150,-0.0003772013878915459,0.0038202523719519377,48595,1038240,0.046805170288179994
brown_0.002,3,10,60.0,q200,-0.00037187026464380324,0.016359586268663406,3701,1038240,0.003564686392356295
brown_0.002,3,10,60.0,q250,-0.00019887548114638776,0.04843482747673988,350,1038240,0.000337108953613808
brown_0.002,3,10,60.0,q300,-0.0003442239249125123,0.12349210679531097,289678,1038240,0.2790087070426876
brown_0.002,3,10,60.0,q400,-0.0030913460068404675,0.2847013473510742,750305,1038240,0.7226700955463091
brown_0.002,3,10,60.0,q500,-0.004488267935812473,0.4476321041584015,900340,1038240,0.8671790722761596
brown_0.002,3,10,60.0,q600,-0.020798340439796448,0.7463672757148743,955895,1038240,0.92068789489906
brown_0.002,3,10,60.0,q700,-0.03238265588879585,0.9027205109596252,977691,1038240,0.9416811141932501
brown_0.002,3,10,60.0,q850,-0.08809947967529297,1.2809680700302124,999864,1038240,0.9630374479889043
brown_0.002,3,10,60.0,q925,-0.07491222769021988,1.3980404138565063,1003053,1038240,0.9661089921405456
brown_0.002,3,10,60.0,q1000,-0.06870116293430328,1.333451271057129,1005630,1038240,0.9685910772075821
brown_0.002,3,11,66.0,u10m,-370.1117248535156,252.4943389892578,698158,1038240,0.6724437509631684
brown_0.002,3,11,66.0,v10m,-64.72616577148438,349.9466857910156,352245,1038240,0.33927126675913083
brown_0.002,3,11,66.0,u100m,-412.0974426269531,304.9057922363281,734348,1038240,0.7073008167668362
brown_0.002,3,11,66.0,v100m,-66.11296081542969,377.9581604003906,439515,1038240,0.42332697642163664
brown_0.002,3,11,66.0,t2m,-136.18670654296875,1186.4267578125,850551,1038240,0.8192238788719372
brown_0.002,3,11,66.0,sp,-23768.9453125,233088.609375,216326,1038240,0.20835837571274465
brown_0.002,3,11,66.0,msl,-36110.015625,197181.875,921952,1038240,0.8879950685775928
brown_0.002,3,11,66.0,tcwv,-213.3280487060547,6383.6513671875,1025304,1038240,0.9875404530744336
brown_0.002,3,11,66.0,u50,-2015.403564453125,1427.6207275390625,797909,1038240,0.7685207659115426
brown_0.002,3,11,66.0,u100,-1432.4376220703125,1780.76123046875,905223,1038240,0.8718822237632917
brown_0.002,3,11,66.0,u150,-905.8502807617188,2220.87158203125,846730,1038240,0.8155436122669132
brown_0.002,3,11,66.0,u200,-2151.016845703125,1124.7528076171875,916839,1038240,0.8830703883495146
brown_0.002,3,11,66.0,u250,-3148.79052734375,857.8793334960938,914606,1038240,0.8809196332254585
brown_0.002,3,11,66.0,u300,-2021.57666015625,785.1754150390625,789287,1038240,0.7602163276313761
brown_0.002,3,11,66.0,u400,-1167.42041015625,750.7781982421875,819096,1038240,0.7889274156264448
brown_0.002,3,11,66.0,u500,-1378.0377197265625,566.3299560546875,753342,1038240,0.7255952380952381
brown_0.002,3,11,66.0,u600,-1063.2259521484375,375.0895690917969,680425,1038240,0.6553638850362151
brown_0.002,3,11,66.0,u700,-526.92724609375,432.38330078125,684402,1038240,0.6591944059177068
brown_0.002,3,11,66.0,u850,-345.9596252441406,492.2649841308594,618766,1038240,0.59597588226229
brown_0.002,3,11,66.0,u925,-465.1224365234375,412.67010498046875,648711,1038240,0.6248179611650485
brown_0.002,3,11,66.0,u1000,-421.85992431640625,290.0603942871094,565960,1038240,0.5451148096779165
brown_0.002,3,11,66.0,v50,-185.51869201660156,98.03555297851562,37418,1038240,0.03603983664663276
brown_0.002,3,11,66.0,v100,-273.9532775878906,189.15133666992188,128880,1038240,0.12413314840499307
brown_0.002,3,11,66.0,v150,-468.2742004394531,933.239990234375,774156,1038240,0.7456426259824318
brown_0.002,3,11,66.0,v200,-218.24021911621094,488.7353515625,460714,1038240,0.4437451841578055
brown_0.002,3,11,66.0,v250,-41.726531982421875,543.18310546875,503286,1038240,0.4847491909385113
brown_0.002,3,11,66.0,v300,-116.78340148925781,260.5788269042969,218882,1038240,0.21082023424256435
brown_0.002,3,11,66.0,v400,-152.25604248046875,118.95709991455078,67,1038240,6.453228540607181e-05
brown_0.002,3,11,66.0,v500,-40.11796569824219,93.74011993408203,0,1038240,0.0
brown_0.002,3,11,66.0,v600,-68.10220336914062,112.40787506103516,0,1038240,0.0
brown_0.002,3,11,66.0,v700,-272.1572265625,139.25448608398438,191724,1038240,0.18466250577901064
brown_0.002,3,11,66.0,v850,-5.144697189331055,301.8459167480469,371984,1038240,0.3582832485745107
brown_0.002,3,11,66.0,v925,-9.582401275634766,452.2596435546875,581399,1038240,0.559985167206041
brown_0.002,3,11,66.0,v1000,-24.46319007873535,415.8345947265625,309210,1038240,0.2978213129912159
brown_0.002,3,11,66.0,z50,143664.59375,712961.25,966525,1038240,0.9309263754045307
brown_0.002,3,11,66.0,z100,164602.125,636172.75,976800,1038240,0.9408229311141932
brown_0.002,3,11,66.0,z150,138198.671875,769140.125,965131,1038240,0.9295837186007089
brown_0.002,3,11,66.0,z200,119906.421875,655796.125,974085,1038240,0.938207928802589
brown_0.002,3,11,66.0,z250,96622.421875,610605.25,953871,1038240,0.9187384419787332
brown_0.002,3,11,66.0,z300,79457.265625,508166.53125,923466,1038240,0.8894533055940823
brown_0.002,3,11,66.0,z400,54881.50390625,327738.0625,846395,1038240,0.8152209508398829
brown_0.002,3,11,66.0,z500,37182.96484375,218645.640625,709583,1038240,0.683447950377562
brown_0.002,3,11,66.0,z600,24601.79296875,148995.71875,604785,1038240,0.5825098243180767
brown_0.002,3,11,66.0,z700,12498.576171875,91838.5546875,337997,1038240,0.32554804284173217
brown_0.002,3,11,66.0,z850,-25696.50390625,64326.7890625,95770,1038240,0.09224264139312684
brown_0.002,3,11,66.0,z925,-66200.71875,57163.0234375,269589,1038240,0.25965961627369394
brown_0.002,3,11,66.0,z1000,-95967.3203125,54737.75390625,383032,1038240,0.3689243334874403
brown_0.002,3,11,66.0,t50,-1193.11669921875,1674.990966796875,865087,1038240,0.833224495299738
brown_0.002,3,11,66.0,t100,-1804.000244140625,1549.5340576171875,989359,1038240,0.9529193635382955
brown_0.002,3,11,66.0,t150,-443.54327392578125,916.876220703125,885400,1038240,0.8527893357990446
brown_0.002,3,11,66.0,t200,178.39752197265625,616.4564819335938,676115,1038240,0.6512126290645708
brown_0.002,3,11,66.0,t250,201.8121795654297,1624.5625,940630,1038240,0.9059851286793035
brown_0.002,3,11,66.0,t300,194.19784545898438,2091.107666015625,969197,1038240,0.9334999614732624
brown_0.002,3,11,66.0,t400,190.06195068359375,1842.5228271484375,970701,1038240,0.9349485668053629
brown_0.002,3,11,66.0,t500,204.79257202148438,1383.3599853515625,945084,1038240,0.9102750809061488
brown_0.002,3,11,66.0,t600,227.18472290039062,1125.820556640625,906648,1038240,0.8732547387887194
brown_0.002,3,11,66.0,t700,237.35525512695312,1127.7850341796875,862658,1038240,0.8308849591616582
brown_0.002,3,11,66.0,t850,208.07681274414062,1133.8575439453125,766762,1038240,0.7385209585452304
brown_0.002,3,11,66.0,t925,77.08662414550781,688.134033203125,500969,1038240,0.4825175296655879
brown_0.002,3,11,66.0,t1000,-70.85382080078125,651.1766357421875,786473,1038240,0.7575059716443212
brown_0.002,3,11,66.0,q50,-0.007160211447626352,0.005595154128968716,499514,1038240,0.48111611958699335
brown_0.002,3,11,66.0,q100,-0.0012034429237246513,0.0015988349914550781,466917,1038240,0.44971971798428106
brown_0.002,3,11,66.0,q150,-0.0003446773043833673,0.003877646056935191,44311,1038240,0.042678956695946985
brown_0.002,3,11,66.0,q200,-0.0003834762319456786,0.016841739416122437,3613,1038240,0.003479927569733395
brown_0.002,3,11,66.0,q250,-0.0002859339292626828,0.050037600100040436,520,1038240,0.000500847588226229
brown_0.002,3,11,66.0,q300,-0.00011345588427502662,0.12633810937404633,294469,1038240,0.2836232470334412
brown_0.002,3,11,66.0,q400,-0.002881495514884591,0.2912597954273224,764388,1038240,0.7362343966712899
brown_0.002,3,11,66.0,q500,-0.004241787362843752,0.46053165197372437,906733,1038240,0.8733366081060255
brown_0.002,3,11,66.0,q600,-0.02180742286145687,0.7582389712333679,957645,1038240,0.922373439667129
brown_0.002,3,11,66.0,q700,-0.034230370074510574,0.9322916865348816,979322,1038240,0.9432520419170904
brown_0.002,3,11,66.0,q850,-0.09151702374219894,1.3323724269866943,1002100,1038240,0.9651910926182771
brown_0.002,3,11,66.0,q925,-0.07919050008058548,1.4508428573608398,1005148,1038240,0.9681268300200339
brown_0.002,3,11,66.0,q1000,-0.0715814158320427,1.398284912109375,1008177,1038240,0.9710442672214517
brown_0.002,3,12,72.0,u10m,-378.04534912109375,250.4778594970703,700656,1038240,0.6748497457235322
brown_0.002,3,12,72.0,v10m,-62.742374420166016,349.1581726074219,351859,1038240,0.33889948374171674
brown_0.002,3,12,72.0,u100m,-426.48358154296875,304.41314697265625,741172,1038240,0.7138734781938666
brown_0.002,3,12,72.0,v100m,-64.80071258544922,374.557861328125,439719,1038240,0.42352346278317154
brown_0.002,3,12,72.0,t2m,-113.75094604492188,1285.1798095703125,834673,1038240,0.803930690399137
brown_0.002,3,12,72.0,sp,-28854.328125,234915.140625,205794,1038240,0.1982142857142857
brown_0.002,3,12,72.0,msl,-41757.75,197108.65625,922108,1038240,0.8881453228540607
brown_0.002,3,12,72.0,tcwv,-223.5902557373047,6550.32568359375,1025944,1038240,0.9881568808753275
brown_0.002,3,12,72.0,u50,-2100.992431640625,1422.349365234375,794857,1038240,0.7655811758360302
brown_0.002,3,12,72.0,u100,-1573.353271484375,1760.0601806640625,915978,1038240,0.8822411003236246
brown_0.002,3,12,72.0,u150,-1072.628173828125,2200.208251953125,863201,1038240,0.8314079596239791
brown_0.002,3,12,72.0,u200,-2304.931884765625,1120.3468017578125,918232,1038240,0.8844120819848975
brown_0.002,3,12,72.0,u250,-3259.07421875,865.3546752929688,910056,1038240,0.876537216828479
brown_0.002,3,12,72.0,u300,-2102.6708984375,812.7001342773438,785470,1038240,0.7565399137001079
brown_0.002,3,12,72.0,u400,-1249.2347412109375,775.66357421875,818414,1038240,0.7882705347511173
brown_0.002,3,12,72.0,u500,-1436.7777099609375,562.1513061523438,756747,1038240,0.728874826629681
brown_0.002,3,12,72.0,u600,-1102.883544921875,369.35198974609375,681254,1038240,0.6561623516720604
brown_0.002,3,12,72.0,u700,-566.41455078125,428.9064636230469,693353,1038240,0.6678157266142704
brown_0.002,3,12,72.0,u850,-371.29034423828125,490.6311340332031,637035,1038240,0.6135720064724919
brown_0.002,3,12,72.0,u925,-483.6146545410156,408.74139404296875,655577,1038240,0.6314310756665126
brown_0.002,3,12,72.0,u1000,-428.1086120605469,289.0580139160156,568171,1038240,0.5472443750963168
brown_0.002,3,12,72.0,v50,-224.2924346923828,98.31431579589844,112838,1038240,0.1086820003082139
brown_0.002,3,12,72.0,v100,-273.6287536621094,179.3678741455078,140860,1038240,0.13567190630297427
brown_0.002,3,12,72.0,v150,-462.7605895996094,926.8195190429688,778198,1038240,0.7495357528124519
brown_0.002,3,12,72.0,v200,-219.5207977294922,488.1004943847656,463495,1038240,0.4464237555863769
brown_0.002,3,12,72.0,v250,-35.293792724609375,547.3778076171875,498059,1038240,0.47971470950839884
brown_0.002,3,12,72.0,v300,-111.5249252319336,260.583740234375,219007,1038240,0.2109406302974264
brown_0.002,3,12,72.0,v400,-147.2842559814453,116.22696685791016,0,1038240,0.0
brown_0.002,3,12,72.0,v500,-38.17864227294922,93.71871948242188,0,1038240,0.0
brown_0.002,3,12,72.0,v600,-66.85234832763672,105.49742889404297,0,1038240,0.0
brown_0.002,3,12,72.0,v700,-269.5101318359375,136.7851104736328,192669,1038240,0.1855726999537679
brown_0.002,3,12,72.0,v850,-5.455446720123291,301.02392578125,371097,1038240,0.3574289181692094
brown_0.002,3,12,72.0,v925,-8.572349548339844,454.26190185546875,585489,1038240,0.5639245261211281
brown_0.002,3,12,72.0,v1000,-22.592575073242188,412.7969970703125,307551,1038240,0.29622341655108647
brown_0.002,3,12,72.0,z50,143512.21875,744636.75,972461,1038240,0.936643743257821
brown_0.002,3,12,72.0,z100,166375.96875,683128.125,987559,1038240,0.9511856603482817
brown_0.002,3,12,72.0,z150,139906.1875,816605.625,978488,1038240,0.9424487594390507
brown_0.002,3,12,72.0,z200,121214.0078125,699646.3125,984503,1038240,0.9482422175990137
brown_0.002,3,12,72.0,z250,97564.1875,646144.75,965811,1038240,0.9302386731391585
brown_0.002,3,12,72.0,z300,79587.4609375,537637.1875,937821,1038240,0.9032795885344429
brown_0.002,3,12,72.0,z400,54175.21484375,348546.6875,865324,1038240,0.8334527662197565
brown_0.002,3,12,72.0,z500,36372.5234375,233325.40625,745451,1038240,0.7179948759439051
brown_0.002,3,12,72.0,z600,23763.19921875,158787.8125,639214,1038240,0.6156707505008476
brown_0.002,3,12,72.0,z700,11809.67578125,94951.5,401546,1038240,0.38675643396517184
brown_0.002,3,12,72.0,z850,-27139.28515625,65975.8828125,108888,1038240,0.10487748497457235
brown_0.002,3,12,72.0,z925,-69960.265625,58003.9296875,285078,1038240,0.2745781322237633
brown_0.002,3,12,72.0,z1000,-101542.3046875,55068.6796875,392589,1038240,0.378129334257975
brown_0.002,3,12,72.0,t50,-1203.9462890625,1682.46435546875,863381,1038240,0.8315813299429804
brown_0.002,3,12,72.0,t100,-1835.7156982421875,1565.3134765625,989804,1038240,0.9533479734936046
brown_0.002,3,12,72.0,t150,-419.86163330078125,936.509033203125,885335,1038240,0.8527267298505162
brown_0.002,3,12,72.0,t200,180.81289672851562,725.7815551757812,774302,1038240,0.7457832485745107
brown_0.002,3,12,72.0,t250,206.2227020263672,1743.277099609375,955118,1038240,0.9199395130220372
brown_0.002,3,12,72.0,t300,198.24530029296875,2200.871337890625,982368,1038240,0.9461858529819694
brown_0.002,3,12,72.0,t400,189.52752685546875,1943.3995361328125,981633,1038240,0.9454779241793805
brown_0.002,3,12,72.0,t500,203.31922912597656,1473.369384765625,959026,1038240,0.9237035752812451
brown_0.002,3,12,72.0,t600,225.50111389160156,1220.41552734375,928183,1038240,0.8939965711203576
brown_0.002,3,12,72.0,t700,239.5745391845703,1225.17138671875,908720,1038240,0.8752504237941131
brown_0.002,3,12,72.0,t850,203.3065185546875,1232.69580078125,853578,1038240,0.8221393897364772
brown_0.002,3,12,72.0,t925,97.45144653320312,792.6508178710938,480355,1038240,0.4626627754661735
brown_0.002,3,12,72.0,t1000,-47.52362060546875,754.0957641601562,782422,1038240,0.7536041762983511
brown_0.002,3,12,72.0,q50,-0.007036103401333094,0.005493669770658016,499520,1038240,0.4811218985976268
brown_0.002,3,12,72.0,q100,-0.0012316313805058599,0.0016098616179078817,458891,1038240,0.441989328093697
brown_0.002,3,12,72.0,q150,-0.000314501317916438,0.003924939781427383,40428,1038240,0.03893897364771151
brown_0.002,3,12,72.0,q200,-0.0003924339252989739,0.01728304848074913,3535,1038240,0.0034048004314994607
brown_0.002,3,12,72.0,q250,-0.00036087638000026345,0.05145268887281418,2999,1038240,0.002888542148250886
brown_0.002,3,12,72.0,q300,-9.624712402001023e-05,0.12884151935577393,298642,1038240,0.2876425489289567
brown_0.002,3,12,72.0,q400,-0.0026222781743854284,0.29701751470565796,775816,1038240,0.7472414855910001
brown_0.002,3,12,72.0,q500,-0.003458042163401842,0.4726121127605438,912170,1038240,0.8785733549083063
brown_0.002,3,12,72.0,q600,-0.02236100099980831,0.7688652873039246,959103,1038240,0.9237777392510402
brown_0.002,3,12,72.0,q700,-0.035670626908540726,0.959251344203949,980686,1038240,0.9445658036677455
brown_0.002,3,12,72.0,q850,-0.09503428637981415,1.3792743682861328,1004049,1038240,0.9670683079056865
brown_0.002,3,12,72.0,q925,-0.08327937126159668,1.5001970529556274,1007101,1038240,0.9700078979811989
brown_0.002,3,12,72.0,q1000,-0.07423026114702225,1.4561206102371216,1010279,1038240,0.9730688472800123
brown_0.002,3,13,78.0,u10m,-385.8805236816406,248.4889678955078,702459,1038240,0.6765863384188627
brown_0.002,3,13,78.0,v10m,-60.36151123046875,348.51617431640625,351246,1038240,0.3383090614886731
brown_0.002,3,13,78.0,u100m,-441.0606384277344,304.1482849121094,747902,1038240,0.7203556017876406
brown_0.002,3,13,78.0,v100m,-62.93173599243164,371.8375549316406,440338,1038240,0.42411966404684853
brown_0.002,3,13,78.0,t2m,-90.08370971679688,1377.21728515625,814353,1038240,0.7843591077207582
brown_0.002,3,13,78.0,sp,-33523.2734375,236285.421875,197274,1038240,0.19000809061488674
brown_0.002,3,13,78.0,msl,-46052.984375,196665.546875,921406,1038240,0.8874691786099553
brown_0.002,3,13,78.0,tcwv,-233.77587890625,6703.3955078125,1026424,1038240,0.9886192017259978
brown_0.002,3,13,78.0,u50,-2180.714111328125,1407.2220458984375,782265,1038240,0.7534529588534443
brown_0.002,3,13,78.0,u100,-1704.121826171875,1732.7784423828125,923514,1038240,0.8894995376791494
brown_0.002,3,13,78.0,u150,-1220.871337890625,2158.560546875,866839,1038240,0.8349119664046849
brown_0.002,3,13,78.0,u200,-2444.279052734375,1123.740966796875,916728,1038240,0.8829634766527971
brown_0.002,3,13,78.0,u250,-3356.10791015625,879.560791015625,903972,1038240,0.8706773000462321
brown_0.002,3,13,78.0,u300,-2179.156982421875,832.5746459960938,779902,1038240,0.7511769918323317
brown_0.002,3,13,78.0,u400,-1325.0009765625,793.087890625,814636,1038240,0.7846316843889659
brown_0.002,3,13,78.0,u500,-1490.7647705078125,568.5752563476562,757660,1038240,0.7297541994143936
brown_0.002,3,13,78.0,u600,-1141.156005859375,360.8089599609375,679482,1038240,0.6544556171983357
brown_0.002,3,13,78.0,u700,-605.744384765625,423.3535461425781,699702,1038240,0.6739308830328248
brown_0.002,3,13,78.0,u850,-396.9256591796875,489.0859375,654839,1038240,0.6307202573586069
brown_0.002,3,13,78.0,u925,-503.3746032714844,405.25921630859375,662661,1038240,0.6382541608876561
brown_0.002,3,13,78.0,u1000,-434.7383728027344,288.0845031738281,569880,1038240,0.5488904299583911
brown_0.002,3,13,78.0,v50,-261.5875549316406,98.57657623291016,170595,1038240,0.1643117198335645
brown_0.002,3,13,78.0,v100,-288.04644775390625,169.8526153564453,151915,1038240,0.14631973339497611
brown_0.002,3,13,78.0,v150,-458.7842712402344,917.5821533203125,782887,1038240,0.754052049622438
brown_0.002,3,13,78.0,v200,-221.2976531982422,484.1959228515625,467888,1038240,0.45065495453844967
brown_0.002,3,13,78.0,v250,-28.571563720703125,544.778564453125,491547,1038240,0.47344255663430423
brown_0.002,3,13,78.0,v300,-106.25843048095703,260.77313232421875,218924,1038240,0.210860687316998
brown_0.002,3,13,78.0,v400,-142.03521728515625,112.982666015625,0,1038240,0.0
brown_0.002,3,13,78.0,v500,-36.169944763183594,94.39582824707031,0,1038240,0.0
brown_0.002,3,13,78.0,v600,-66.09954071044922,97.9635009765625,0,1038240,0.0
brown_0.002,3,13,78.0,v700,-268.3534851074219,134.6349334716797,194167,1038240,0.18701552627523502
brown_0.002,3,13,78.0,v850,-5.780976295471191,300.9594421386719,370697,1038240,0.3570436507936508
brown_0.002,3,13,78.0,v925,-7.630128383636475,456.5931396484375,588800,1038240,0.5671135768223147
brown_0.002,3,13,78.0,v1000,-20.7213191986084,410.5646667480469,305795,1038240,0.294532092772384
brown_0.002,3,13,78.0,z50,143754.671875,776017.25,977684,1038240,0.9416743720141778
brown_0.002,3,13,78.0,z100,168257.859375,728802.125,995800,1038240,0.9591231314532286
brown_0.002,3,13,78.0,z150,141624.46875,862343.25,989030,1038240,0.9526024811218986
brown_0.002,3,13,78.0,z200,122509.03125,741676.625,992946,1038240,0.9563742487286176
brown_0.002,3,13,78.0,z250,98512.8828125,680097.8125,975323,1038240,0.9394003313299429
brown_0.002,3,13,78.0,z300,79717.0625,565903.0,949696,1038240,0.91471721374634
brown_0.002,3,13,78.0,z400,53503.234375,368627.5,880971,1038240,0.8485234627831715
brown_0.002,3,13,78.0,z500,35624.02734375,247723.0,777431,1038240,0.7487970026198182
brown_0.002,3,13,78.0,z600,22980.455078125,168576.453125,672348,1038240,0.6475843735552473
brown_0.002,3,13,78.0,z700,11149.650390625,98703.7734375,451606,1038240,0.43497264601633534
brown_0.002,3,13,78.0,z850,-27831.71875,67374.53125,118836,1038240,0.11445908460471567
brown_0.002,3,13,78.0,z925,-72836.484375,58598.921875,295546,1038240,0.28466057944213286
brown_0.002,3,13,78.0,z1000,-106081.2421875,55174.7890625,397570,1038240,0.38292687625211896
brown_0.002,3,13,78.0,t50,-1206.942626953125,1680.141845703125,856922,1038240,0.8253602249961474
brown_0.002,3,13,78.0,t100,-1861.4149169921875,1575.1522216796875,990058,1038240,0.9535926182770843
brown_0.002,3,13,78.0,t150,-393.50079345703125,954.2230224609375,884333,1038240,0.8517616350747419
brown_0.002,3,13,78.0,t200,183.53073120117188,840.5810546875,836420,1038240,0.8056133456618894
brown_0.002,3,13,78.0,t250,211.3824920654297,1854.4840087890625,966398,1038240,0.9308040530127909
brown_0.002,3,13,78.0,t300,202.8726806640625,2305.8544921875,992286,1038240,0.9557385575589459
brown_0.002,3,13,78.0,t400,189.82708740234375,2037.770751953125,989536,1038240,0.9530898443519803
brown_0.002,3,13,78.0,t500,201.4553680419922,1557.6873779296875,969146,1038240,0.9334508398828787
brown_0.002,3,13,78.0,t600,223.5426025390625,1308.9615478515625,944759,1038240,0.9099620511635075
brown_0.002,3,13,78.0,t700,239.88063049316406,1315.2381591796875,936352,1038240,0.9018646940977038
brown_0.002,3,13,78.0,t850,198.24783325195312,1323.79248046875,910867,1038240,0.8773183464324241
brown_0.002,3,13,78.0,t925,118.99626159667969,890.8760375976562,482413,1038240,0.4646449761134227
brown_0.002,3,13,78.0,t1000,-22.90472412109375,851.1057739257812,768283,1038240,0.7399859377407921
brown_0.002,3,13,78.0,q50,-0.006917607504874468,0.005395000334829092,499520,1038240,0.4811218985976268
brown_0.002,3,13,78.0,q100,-0.001254029804840684,0.0016175552736967802,452478,1038240,0.4358125288950532
brown_0.002,3,13,78.0,q150,-0.0002864694397430867,0.003960221540182829,36645,1038240,0.035295307443365696
brown_0.002,3,13,78.0,q200,-0.0004016718303319067,0.017543034628033638,3467,1038240,0.003339304977654492
brown_0.002,3,13,78.0,q250,-0.0004220163100399077,0.052557360380887985,8462,1038240,0.008150331329942981
brown_0.002,3,13,78.0,q300,-0.00011971834464929998,0.13090252876281738,302213,1038240,0.29108202342425643
brown_0.002,3,13,78.0,q400,-0.0022380955051630735,0.3022051751613617,785748,1038240,0.7568076745261211
brown_0.002,3,13,78.0,q500,-0.0028934695292264223,0.4836510419845581,916848,1038240,0.8830790568654646
brown_0.002,3,13,78.0,q600,-0.02251652255654335,0.7785341143608093,960396,1038240,0.9250231160425335
brown_0.002,3,13,78.0,q700,-0.03653748705983162,0.9838815331459045,981831,1038240,0.945668631530282
brown_0.002,3,13,78.0,q850,-0.09866509586572647,1.4232103824615479,1005883,1038240,0.9688347588226229
brown_0.002,3,13,78.0,q925,-0.08723271638154984,1.5461888313293457,1008910,1038240,0.9717502696871629
brown_0.002,3,13,78.0,q1000,-0.07675395160913467,1.50910222530365,1012227,1038240,0.9749450993989829
brown_0.002,3,14,84.0,u10m,-394.0482177734375,246.73822021484375,704925,1038240,0.6789615117891817
brown_0.002,3,14,84.0,v10m,-57.75994873046875,346.92095947265625,350437,1038240,0.3375298582216058
brown_0.002,3,14,84.0,u100m,-455.64971923828125,303.8269348144531,755282,1038240,0.7274637848666975
brown_0.002,3,14,84.0,v100m,-60.885459899902344,368.71392822265625,441146,1038240,0.42489790414547696
brown_0.002,3,14,84.0,t2m,-65.50637817382812,1463.142578125,791396,1038240,0.7622476498690091
brown_0.002,3,14,84.0,sp,-37849.15625,237188.53125,188556,1038240,0.1816111881645862
brown_0.002,3,14,84.0,msl,-49282.5,195959.734375,920085,1038240,0.8861968331021729
brown_0.002,3,14,84.0,tcwv,-243.61402893066406,6843.05322265625,1026892,1038240,0.9890699645554014
brown_0.002,3,14,84.0,u50,-2254.512451171875,1383.8736572265625,761052,1038240,0.7330212667591308
brown_0.002,3,14,84.0,u100,-1823.2991943359375,1698.0562744140625,929829,1038240,0.8955819463707814
brown_0.002,3,14,84.0,u150,-1398.095703125,2104.393310546875,881091,1038240,0.8486390429958391
brown_0.002,3,14,84.0,u200,-2576.394775390625,1126.9273681640625,913205,1038240,0.8795702342425643
brown_0.002,3,14,84.0,u250,-3438.152099609375,888.5402221679688,896807,1038240,0.863776198181538
brown_0.002,3,14,84.0,u300,-2245.10302734375,846.2775268554688,772537,1038240,0.7440832562798583
brown_0.002,3,14,84.0,u400,-1392.75048828125,804.4318237304688,806409,1038240,0.7767076976421636
brown_0.002,3,14,84.0,u500,-1538.8719482421875,577.7496337890625,756482,1038240,0.7286195869933734
brown_0.002,3,14,84.0,u600,-1179.182373046875,366.6815490722656,676314,1038240,0.6514042995839112
brown_0.002,3,14,84.0,u700,-643.0498657226562,416.1954650878906,703728,1038240,0.6778085991678224
brown_0.002,3,14,84.0,u850,-421.4058532714844,486.32562255859375,671592,1038240,0.6468562182154415
brown_0.002,3,14,84.0,u925,-523.5140991210938,401.7572021484375,669420,1038240,0.6447642163661581
brown_0.002,3,14,84.0,u1000,-442.0072937011719,286.7010192871094,571536,1038240,0.5504854368932038
brown_0.002,3,14,84.0,v50,-297.4936218261719,98.39815521240234,215807,1038240,0.2078584912929573
brown_0.002,3,14,84.0,v100,-305.7619323730469,160.4921875,168676,1038240,0.16246339959932193
brown_0.002,3,14,84.0,v150,-456.13232421875,906.2047119140625,788469,1038240,0.7594284558483587
brown_0.002,3,14,84.0,v200,-223.57875061035156,477.81646728515625,471879,1038240,0.45449895977808596
brown_0.002,3,14,84.0,v250,-28.03107261657715,537.1478271484375,483457,1038240,0.46565052396363077
brown_0.002,3,14,84.0,v300,-101.32327270507812,261.0957946777344,218116,1038240,0.21008244721836955
brown_0.002,3,14,84.0,v400,-136.1112518310547,109.17024993896484,0,1038240,0.0
brown_0.002,3,14,84.0,v500,-34.2515869140625,95.89605712890625,0,1038240,0.0
brown_0.002,3,14,84.0,v600,-65.37112426757812,89.60427856445312,0,1038240,0.0
brown_0.002,3,14,84.0,v700,-268.47100830078125,133.97227478027344,195718,1038240,0.18850940052396364
brown_0.002,3,14,84.0,v850,-5.9932050704956055,300.1026611328125,369450,1038240,0.3558425797503467
brown_0.002,3,14,84.0,v925,-6.816596031188965,457.5582580566406,591010,1038240,0.5692421790722761
brown_0.002,3,14,84.0,v1000,-20.12710952758789,407.00732421875,304020,1038240,0.29282246879334256
brown_0.002,3,14,84.0,z50,144244.125,806438.75,982678,1038240,0.9464844351980274
brown_0.002,3,14,84.0,z100,170155.203125,773284.875,1002297,1038240,0.9653808368007397
brown_0.002,3,14,84.0,z150,143335.375,906341.25,998517,1038240,0.9617400601017105
brown_0.002,3,14,84.0,z200,123769.84375,781734.1875,999366,1038240,0.9625577901063338
brown_0.002,3,14,84.0,z250,99442.9375,712589.75,983552,1038240,0.947326244413623
brown_0.002,3,14,84.0,z300,79837.2421875,593045.0,959926,1038240,0.9245704268762521
brown_0.002,3,14,84.0,z400,52838.63671875,388119.0,894701,1038240,0.8617477654492217
brown_0.002,3,14,84.0,z500,34915.8203125,261804.0625,799201,1038240,0.769765179534597
brown_0.002,3,14,84.0,z600,22248.685546875,178389.828125,698347,1038240,0.6726257897981199
brown_0.002,3,14,84.0,z700,10536.8984375,104698.9296875,490827,1038240,0.47274907535829863
brown_0.002,3,14,84.0,z850,-27907.84765625,68563.15625,128424,1038240,0.12369394359685622
brown_0.002,3,14,84.0,z925,-74933.5,58988.5625,302297,1038240,0.29116292957312373
brown_0.002,3,14,84.0,z1000,-109707.7109375,55061.54296875,399423,1038240,0.38471162736939435
brown_0.002,3,14,84.0,t50,-1204.192626953125,1671.171875,849707,1038240,0.8184109647095084
brown_0.002,3,14,84.0,t100,-1882.3912353515625,1580.2452392578125,990148,1038240,0.953679303436585
brown_0.002,3,14,84.0,t150,-404.607177734375,970.324951171875,882583,1038240,0.8500760903066729
brown_0.002,3,14,84.0,t200,186.6168212890625,951.467529296875,874812,1038240,0.8425913083680074
brown_0.002,3,14,84.0,t250,216.85980224609375,1958.9798583984375,975453,1038240,0.9395255432269995
brown_0.002,3,14,84.0,t300,207.93153381347656,2405.4853515625,999575,1038240,0.9627590923100632
brown_0.002,3,14,84.0,t400,190.76417541503906,2125.947509765625,995293,1038240,0.958634805054708
brown_0.002,3,14,84.0,t500,200.02462768554688,1636.370849609375,977737,1038240,0.9417254199414393
brown_0.002,3,14,84.0,t600,221.52789306640625,1391.00146484375,959218,1038240,0.9238885036215133
brown_0.002,3,14,84.0,t700,239.18836975097656,1398.982177734375,953724,1038240,0.9185968562182154
brown_0.002,3,14,84.0,t850,192.96621704101562,1409.3551025390625,954329,1038240,0.9191795731237479
brown_0.002,3,14,84.0,t925,141.1411590576172,983.1137084960938,486779,1038240,0.46885016951764524
brown_0.002,3,14,84.0,t1000,2.372406005859375,942.8519897460938,744424,1038240,0.7170057019571583
brown_0.002,3,14,84.0,q50,-0.006799101829528809,0.0052991448901593685,499529,1038240,0.4811305671135768
brown_0.002,3,14,84.0,q100,-0.0012727519497275352,0.0016231974586844444,451162,1038240,0.43454499922946527
brown_0.002,3,14,84.0,q150,-0.00026024726685136557,0.003983494359999895,33013,1038240,0.03179707967329327
brown_0.002,3,14,84.0,q200,-0.0004119703371543437,0.017685668542981148,3382,1038240,0.0032574356603482816
brown_0.002,3,14,84.0,q250,-0.0004770582600031048,0.053431436419487,14010,1038240,0.013493989828941285
brown_0.002,3,14,84.0,q300,-9.1199079179205e-05,0.1326892077922821,305500,1038240,0.29424795808290954
brown_0.002,3,14,84.0,q400,-0.0019340686267241836,0.30749014019966125,795323,1038240,0.766030012328556
brown_0.002,3,14,84.0,q500,-0.0018587394151836634,0.4938293993473053,920986,1038240,0.8870646478656188
brown_0.002,3,14,84.0,q600,-0.02261032909154892,0.7872812747955322,961632,1038240,0.9262135922330097
brown_0.002,3,14,84.0,q700,-0.03686777129769325,1.0052403211593628,982937,1038240,0.9467338958237016
brown_0.002,3,14,84.0,q850,-0.102432481944561,1.4620649814605713,1007692,1038240,0.9705771305285869
brown_0.002,3,14,84.0,q925,-0.09105953574180603,1.5875390768051147,1010661,1038240,0.9734367776236709
brown_0.002,3,14,84.0,q1000,-0.07933366298675537,1.55537748336792,1014053,1038240,0.9767038449684081
brown_0.002,3,15,90.0,u10m,-402.0360107421875,244.816650390625,708051,1038240,0.6819723763291724
brown_0.002,3,15,90.0,v10m,-54.841304779052734,345.68670654296875,349523,1038240,0.3366495222684543
brown_0.002,3,15,90.0,u100m,-469.7771911621094,303.0050354003906,762349,1038240,0.7342704962243797
brown_0.002,3,15,90.0,v100m,-58.63572311401367,364.91998291015625,442408,1038240,0.42611342271536445
brown_0.002,3,15,90.0,t2m,-40.2767333984375,1543.814697265625,761723,1038240,0.7336675527816304
brown_0.002,3,15,90.0,sp,-41730.140625,237752.71875,181705,1038240,0.17501252118970564
brown_0.002,3,15,90.0,msl,-51740.578125,194988.046875,918076,1038240,0.8842618277084296
brown_0.002,3,15,90.0,tcwv,-253.3592987060547,6970.48046875,1027301,1038240,0.9894639004469101
brown_0.002,3,15,90.0,u50,-2323.337646484375,1353.5338134765625,738098,1038240,0.7109126984126984
brown_0.002,3,15,90.0,u100,-1932.1278076171875,1656.0074462890625,935896,1038240,0.901425489289567
brown_0.002,3,15,90.0,u150,-1571.83203125,2045.57177734375,892590,1038240,0.859714516874711
brown_0.002,3,15,90.0,u200,-2702.96142578125,1120.94775390625,908625,1038240,0.8751589227924179
brown_0.002,3,15,90.0,u250,-3506.341796875,891.5745849609375,889746,1038240,0.8569752658344891
brown_0.002,3,15,90.0,u300,-2304.808349609375,854.1372680664062,764336,1038240,0.7361843119124672
brown_0.002,3,15,90.0,u400,-1455.8829345703125,810.2766723632812,797152,1038240,0.7677916474032979
brown_0.002,3,15,90.0,u500,-1580.0191650390625,583.7673950195312,753750,1038240,0.7259882108183079
brown_0.002,3,15,90.0,u600,-1214.015869140625,372.8746032714844,671374,1038240,0.646646247495762
brown_0.002,3,15,90.0,u700,-676.3837280273438,409.0775146484375,707183,1038240,0.6811363461242103
brown_0.002,3,15,90.0,u850,-446.1141357421875,482.8415222167969,686832,1038240,0.6615349052242256
brown_0.002,3,15,90.0,u925,-543.3843383789062,397.99951171875,675079,1038240,0.6502147865618739
brown_0.002,3,15,90.0,u1000,-449.5389709472656,284.8011169433594,573131,1038240,0.5520216905532439
brown_0.002,3,15,90.0,v50,-334.8274841308594,97.66012573242188,249591,1038240,0.24039817383263984
brown_0.002,3,15,90.0,v100,-323.6904602050781,151.31321716308594,185521,1038240,0.17868797195253505
brown_0.002,3,15,90.0,v150,-455.8440856933594,894.2724609375,793699,1038240,0.7644658267837879
brown_0.002,3,15,90.0,v200,-226.92083740234375,471.36328125,477388,1038240,0.45980505470796734
brown_0.002,3,15,90.0,v250,-28.21476173400879,527.5848999023438,474500,1038240,0.45702342425643394
brown_0.002,3,15,90.0,v300,-106.54356384277344,261.2481689453125,215440,1038240,0.20750500847588227
brown_0.002,3,15,90.0,v400,-130.75155639648438,105.02902221679688,0,1038240,0.0
brown_0.002,3,15,90.0,v500,-32.16155242919922,96.86370849609375,0,1038240,0.0
brown_0.002,3,15,90.0,v600,-65.0022201538086,81.87222290039062,0,1038240,0.0
brown_0.002,3,15,90.0,v700,-269.4026184082031,136.71615600585938,197432,1038240,0.1901602712282324
brown_0.002,3,15,90.0,v850,-6.132570743560791,299.233154296875,367592,1038240,0.35405301279087686
brown_0.002,3,15,90.0,v925,-9.253976821899414,457.1611633300781,592479,1038240,0.5706570735090153
brown_0.002,3,15,90.0,v1000,-20.38184928894043,403.969970703125,302186,1038240,0.2910560178764062
brown_0.002,3,15,90.0,z50,145019.140625,836040.125,987022,1038240,0.9506684388965942
brown_0.002,3,15,90.0,z100,169613.0625,816298.875,1007872,1038240,0.9707505008475882
brown_0.002,3,15,90.0,z150,145068.203125,948587.75,1005904,1038240,0.9688549853598397
brown_0.002,3,15,90.0,z200,124725.875,819979.125,1004836,1038240,0.9678263214670981
brown_0.002,3,15,90.0,z250,100365.6328125,743664.0625,990436,1038240,0.9539566959469872
brown_0.002,3,15,90.0,z300,79980.8046875,619083.25,968940,1038240,0.933252427184466
brown_0.002,3,15,90.0,z400,52192.140625,406863.5625,907130,1038240,0.8737189859762675
brown_0.002,3,15,90.0,z500,34245.453125,275510.1875,818619,1038240,0.7884679842810911
brown_0.002,3,15,90.0,z600,21573.162109375,188257.078125,720895,1038240,0.6943433117583603
brown_0.002,3,15,90.0,z700,9966.9765625,110909.96875,525565,1038240,0.5062076205886885
brown_0.002,3,15,90.0,z850,-27492.3984375,69551.4609375,136578,1038240,0.13154761904761905
brown_0.002,3,15,90.0,z925,-76403.125,59187.82421875,305347,1038240,0.29410059331175836
brown_0.002,3,15,90.0,z1000,-112626.2734375,54766.5546875,398287,1038240,0.38361746802280783
brown_0.002,3,15,90.0,t50,-1195.6044921875,1655.835205078125,835777,1038240,0.8049940283556788
brown_0.002,3,15,90.0,t100,-1900.3895263671875,1581.6220703125,990093,1038240,0.9536263291724457
brown_0.002,3,15,90.0,t150,-413.6832275390625,985.0245361328125,879875,1038240,0.8474678301741408
brown_0.002,3,15,90.0,t200,190.01048278808594,1057.3436279296875,902608,1038240,0.8693635382955771
brown_0.002,3,15,90.0,t250,222.6612091064453,2057.917236328125,982710,1038240,0.9465152565880721
brown_0.002,3,15,90.0,t300,213.23208618164062,2498.472900390625,1005318,1038240,0.9682905686546464
brown_0.002,3,15,90.0,t400,192.31683349609375,2209.406982421875,999928,1038240,0.9630990907689937
brown_0.002,3,15,90.0,t500,199.33016967773438,1709.7364501953125,984596,1038240,0.9483317922638311
brown_0.002,3,15,90.0,t600,219.975830078125,1467.156005859375,972702,1038240,0.936875866851595
brown_0.002,3,15,90.0,t700,238.8537139892578,1477.3096923828125,970126,1038240,0.9343947449529973
brown_0.002,3,15,90.0,t850,187.95199584960938,1489.73583984375,974214,1038240,0.9383321775312067
brown_0.002,3,15,90.0,t925,138.38670349121094,1068.57421875,495166,1038240,0.47692826321467097
brown_0.002,3,15,90.0,t1000,28.001754760742188,1029.400146484375,696771,1038240,0.6711078363384189
brown_0.002,3,15,90.0,q50,-0.006680590566247702,0.00520328339189291,499535,1038240,0.4811363461242102
brown_0.002,3,15,90.0,q100,-0.001287344261072576,0.0016266503371298313,453658,1038240,0.43694906765295116
brown_0.002,3,15,90.0,q150,-0.00023993490322027355,0.003996049519628286,29467,1038240,0.028381684388965944
brown_0.002,3,15,90.0,q200,-0.00042203208431601524,0.01779303513467312,3295,1038240,0.003173640006164278
brown_0.002,3,15,90.0,q250,-0.0005347214755602181,0.05420238897204399,18944,1038240,0.018246262906457082
brown_0.002,3,15,90.0,q300,-6.483372999355197e-06,0.13420209288597107,308408,1038240,0.29704885190322083
brown_0.002,3,15,90.0,q400,-0.0014909509336575866,0.3124805688858032,803702,1038240,0.7741004006780706
brown_0.002,3,15,90.0,q500,-0.0014050561003386974,0.5032333731651306,924602,1038240,0.8905474649406688
brown_0.002,3,15,90.0,q600,-0.02255992591381073,0.7955016493797302,962771,1038240,0.9273106410849129
brown_0.002,3,15,90.0,q700,-0.036725085228681564,1.0246144533157349,984161,1038240,0.947912813992911
brown_0.002,3,15,90.0,q850,-0.10629982501268387,1.497517704963684,1009392,1038240,0.972214516874711
brown_0.002,3,15,90.0,q925,-0.0949087142944336,1.625176191329956,1012447,1038240,0.9751569964555401
brown_0.002,3,15,90.0,q1000,-0.08188744634389877,1.5967050790786743,1015492,1038240,0.9780898443519803
brown_0.002,3,16,96.0,u10m,-408.9053649902344,243.05487060546875,710926,1038240,0.6847414855910001
brown_0.002,3,16,96.0,v10m,-51.90085220336914,343.9783020019531,348639,1038240,0.3357980813684697
brown_0.002,3,16,96.0,u100m,-482.0551452636719,302.486328125,769103,1038240,0.7407757358606873
brown_0.002,3,16,96.0,v100m,-56.46482467651367,361.53375244140625,445095,1038240,0.42870145631067963
brown_0.002,3,16,96.0,t2m,-14.77813720703125,1618.63427734375,711090,1038240,0.6848994452149791
brown_0.002,3,16,96.0,sp,-45252.21875,238015.296875,178166,1038240,0.1716038680844506
brown_0.002,3,16,96.0,msl,-53615.296875,193875.65625,915651,1038240,0.8819261442441054
brown_0.002,3,16,96.0,tcwv,-262.6714172363281,7086.4990234375,1027770,1038240,0.9899156264447526
brown_0.002,3,16,96.0,u50,-2387.830078125,1317.9686279296875,713210,1038240,0.68694136230544
brown_0.002,3,16,96.0,u100,-2035.033935546875,1609.538818359375,940249,1038240,0.9056181615040838
brown_0.002,3,16,96.0,u150,-1737.3558349609375,2011.9791259765625,899686,1038240,0.8665491601171212
brown_0.002,3,16,96.0,u200,-2821.89208984375,1106.68359375,902257,1038240,0.8690254661735244
brown_0.002,3,16,96.0,u250,-3570.660400390625,887.3999633789062,881329,1038240,0.8488682770842965
brown_0.002,3,16,96.0,u300,-2369.0810546875,856.9771728515625,756341,1038240,0.728483780243489
brown_0.002,3,16,96.0,u400,-1518.275146484375,812.9589233398438,789466,1038240,0.7603887347819387
brown_0.002,3,16,96.0,u500,-1618.0513916015625,587.2445068359375,749466,1038240,0.7218619972260749
brown_0.002,3,16,96.0,u600,-1245.8743896484375,377.1047058105469,665714,1038240,0.6411947141316073
brown_0.002,3,16,96.0,u700,-708.205322265625,403.77337646484375,709468,1038240,0.6833371860070889
brown_0.002,3,16,96.0,u850,-471.17315673828125,479.27166748046875,700853,1038240,0.6750394899059947
brown_0.002,3,16,96.0,u925,-562.09765625,394.3917541503906,679752,1038240,0.6547156726768377
brown_0.002,3,16,96.0,u1000,-456.03741455078125,283.1709899902344,574776,1038240,0.5536061026352288
brown_0.002,3,16,96.0,v50,-371.46868896484375,96.29765319824219,273836,1038240,0.26375019263368776
brown_0.002,3,16,96.0,v100,-341.76318359375,142.83018493652344,201172,1038240,0.19376252118970566
brown_0.002,3,16,96.0,v150,-459.0375061035156,881.390380859375,798125,1038240,0.7687288102943443
brown_0.002,3,16,96.0,v200,-230.49851989746094,463.72906494140625,483343,1038240,0.4655407227615965
brown_0.002,3,16,96.0,v250,-28.17466163635254,518.8869018554688,465263,1038240,0.4481266373863461
brown_0.002,3,16,96.0,v300,-111.44756317138672,260.08843994140625,210944,1038240,0.20317460317460317
brown_0.002,3,16,96.0,v400,-127.0548095703125,100.34830474853516,0,1038240,0.0
brown_0.002,3,16,96.0,v500,-30.559030532836914,97.6598892211914,0,1038240,0.0
brown_0.002,3,16,96.0,v600,-64.60284423828125,76.66869354248047,0,1038240,0.0
brown_0.002,3,16,96.0,v700,-271.1917724609375,138.91163635253906,199290,1038240,0.19194983818770225
brown_0.002,3,16,96.0,v850,-6.1467814445495605,297.5235595703125,365352,1038240,0.3518955154877485
brown_0.002,3,16,96.0,v925,-11.743988037109375,455.0574951171875,593675,1038240,0.5718090229619356
brown_0.002,3,16,96.0,v1000,-21.02667999267578,400.981689453125,300632,1038240,0.28955925412236094
brown_0.002,3,16,96.0,z50,146131.765625,864997.125,991174,1038240,0.9546675142548929
brown_0.002,3,16,96.0,z100,169220.40625,857885.3125,1012558,1038240,0.9752639081522577
brown_0.002,3,16,96.0,z150,146854.59375,988897.75,1011648,1038240,0.9743874248728618
brown_0.002,3,16,96.0,z200,125028.5390625,856290.6875,1009848,1038240,0.9726537216828479
brown_0.002,3,16,96.0,z250,101350.4375,773289.6875,996020,1038240,0.9593350285097858
brown_0.002,3,16,96.0,z300,80180.0234375,644006.875,976343,1038240,0.9403827631376175
brown_0.002,3,16,96.0,z400,51601.4921875,425088.125,918322,1038240,0.8844987671443982
brown_0.002,3,16,96.0,z500,33642.3359375,288956.1875,834692,1038240,0.803948990599476
brown_0.002,3,16,96.0,z600,20958.54296875,197984.34375,741872,1038240,0.7145476961010941
brown_0.002,3,16,96.0,z700,9456.87109375,117248.40625,554914,1038240,0.5344756511018647
brown_0.002,3,16,96.0,z850,-26703.32421875,70481.1640625,143158,1038240,0.13788526737555865
brown_0.002,3,16,96.0,z925,-77438.765625,59278.5078125,305511,1038240,0.2942585529357374
brown_0.002,3,16,96.0,z1000,-115025.6484375,54346.703125,395474,1038240,0.38090807520419173
brown_0.002,3,16,96.0,t50,-1180.938720703125,1635.170166015625,829716,1038240,0.7991562644475266
brown_0.002,3,16,96.0,t100,-1914.8243408203125,1580.177734375,989966,1038240,0.9535040067807058
brown_0.002,3,16,96.0,t150,-420.26275634765625,998.6959838867188,876418,1038240,0.8441381568808753
brown_0.002,3,16,96.0,t200,193.2923126220703,1156.956787109375,921416,1038240,0.8874788102943443
brown_0.002,3,16,96.0,t250,228.88587951660156,2151.795166015625,988921,1038240,0.9524974957620589
brown_0.002,3,16,96.0,t300,218.96768188476562,2585.031494140625,1010063,1038240,0.9728608028972107
brown_0.002,3,16,96.0,t400,194.35171508789062,2287.95849609375,1004121,1038240,0.967137656033287
brown_0.002,3,16,96.0,t500,199.55677795410156,1780.2633056640625,989703,1038240,0.953250693481276
brown_0.002,3,16,96.0,t600,219.16757202148438,1540.6231689453125,981525,1038240,0.9453739019879797
brown_0.002,3,16,96.0,t700,239.2032928466797,1549.80517578125,981649,1038240,0.9454933348744028
brown_0.002,3,16,96.0,t850,183.44166564941406,1563.74853515625,985250,1038240,0.9489617044228694
brown_0.002,3,16,96.0,t925,131.6191864013672,1146.572998046875,523875,1038240,0.5045798659269533
brown_0.002,3,16,96.0,t1000,53.47862243652344,1110.542236328125,580163,1038240,0.5587946910155648
brown_0.002,3,16,96.0,q50,-0.006567719858139753,0.00511023448780179,499537,1038240,0.481138272461088
brown_0.002,3,16,96.0,q100,-0.001299204071983695,0.0016279726987704635,456778,1038240,0.4399541531823085
brown_0.002,3,16,96.0,q150,-0.00022242256090976298,0.004000498913228512,26355,1038240,0.02538430420711974
brown_0.002,3,16,96.0,q200,-0.00043120651389472187,0.017873702570796013,3256,1038240,0.003136076437047311
brown_0.002,3,16,96.0,q250,-0.0005978020490147173,0.054894156754016876,24217,1038240,0.02332505008475882
brown_0.002,3,16,96.0,q300,0.00013859756290912628,0.13545124232769012,310902,1038240,0.29945099398982894
brown_0.002,3,16,96.0,q400,-0.0012338872766122222,0.31705522537231445,810283,1038240,0.7804390121744491
brown_0.002,3,16,96.0,q500,-0.0006607983959838748,0.5118095874786377,927990,1038240,0.8938106796116505
brown_0.002,3,16,96.0,q600,-0.022299371659755707,0.8021283149719238,963838,1038240,0.9283383418092156
brown_0.002,3,16,96.0,q700,-0.03636302426457405,1.0414328575134277,985233,1038240,0.9489453305594082
brown_0.002,3,16,96.0,q850,-0.11005391925573349,1.5304229259490967,1010983,1038240,0.9737469178609955
brown_0.002,3,16,96.0,q925,-0.09932832419872284,1.6595380306243896,1013851,1038240,0.976509284943751
brown_0.002,3,16,96.0,q1000,-0.08431657403707504,1.6343191862106323,1016832,1038240,0.9793804900601017
brown_0.002,3,17,102.0,u10m,-415.75323486328125,240.8987579345703,714063,1038240,0.6877629449838187
brown_0.002,3,17,102.0,v10m,-48.730655670166016,342.4814758300781,347916,1038240,0.3351017105871475
brown_0.002,3,17,102.0,u100m,-492.9034118652344,301.0505676269531,776406,1038240,0.7478097549699492
brown_0.002,3,17,102.0,v100m,-53.97882080078125,358.6674499511719,449119,1038240,0.4325772461087995
brown_0.002,3,17,102.0,t2m,11.05224609375,1688.864013671875,597666,1038240,0.5756530282015719
brown_0.002,3,17,102.0,sp,-48405.5,237999.40625,178512,1038240,0.17193712436430883
brown_0.002,3,17,102.0,msl,-55051.484375,192668.1875,912724,1038240,0.8791069502234551
brown_0.002,3,17,102.0,tcwv,-271.3132629394531,7201.763671875,1028234,1038240,0.9903625366004006
brown_0.002,3,17,102.0,u50,-2447.802001953125,1276.23583984375,667081,1038240,0.642511365387579
brown_0.002,3,17,102.0,u100,-2130.506103515625,1570.8441162109375,942501,1038240,0.907787216828479
brown_0.002,3,17,102.0,u150,-1895.7779541015625,1968.3714599609375,905368,1038240,0.8720218831869317
brown_0.002,3,17,102.0,u200,-2923.37646484375,1087.345947265625,894319,1038240,0.8613798351055633
brown_0.002,3,17,102.0,u250,-3634.922119140625,878.7581176757812,871340,1038240,0.8392471875481584
brown_0.002,3,17,102.0,u300,-2434.187744140625,854.5233154296875,749137,1038240,0.7215451148096779
brown_0.002,3,17,102.0,u400,-1580.6280517578125,812.0022583007812,781595,1038240,0.7528076359993836
brown_0.002,3,17,102.0,u500,-1654.2020263671875,587.9627075195312,744644,1038240,0.7172175990137155
brown_0.002,3,17,102.0,u600,-1274.449951171875,379.2144470214844,658965,1038240,0.6346942903374942
brown_0.002,3,17,102.0,u700,-737.5106201171875,404.257568359375,709435,1038240,0.6833054014486053
brown_0.002,3,17,102.0,u850,-495.41351318359375,475.4126281738281,712401,1038240,0.6861621590383726
brown_0.002,3,17,102.0,u925,-580.7755126953125,390.3959655761719,683542,1038240,0.6583660810602558
brown_0.002,3,17,102.0,u1000,-462.8351745605469,281.11322021484375,576585,1038240,0.5553484743411928
brown_0.002,3,17,102.0,v50,-406.0065002441406,94.49830627441406,294358,1038240,0.2835163353367237
brown_0.002,3,17,102.0,v100,-359.9750671386719,134.83291625976562,216584,1038240,0.20860687316997997
brown_0.002,3,17,102.0,v150,-475.6841735839844,866.3190307617188,802468,1038240,0.7729118508244722
brown_0.002,3,17,102.0,v200,-230.89584350585938,455.5608215332031,488075,1038240,0.4700984358144552
brown_0.002,3,17,102.0,v250,-28.293785095214844,510.7165832519531,456763,1038240,0.4399397056557251
brown_0.002,3,17,102.0,v300,-114.32278442382812,258.12579345703125,205198,1038240,0.19764023732470334
brown_0.002,3,17,102.0,v400,-124.00161743164062,95.55772399902344,0,1038240,0.0
brown_0.002,3,17,102.0,v500,-30.54648208618164,97.20549774169922,0,1038240,0.0
brown_0.002,3,17,102.0,v600,-64.52881622314453,71.99455261230469,0,1038240,0.0
brown_0.002,3,17,102.0,v700,-274.6248779296875,140.56553649902344,200873,1038240,0.1934745338264756
brown_0.002,3,17,102.0,v850,-6.169360160827637,295.6419677734375,363093,1038240,0.3497197179842811
brown_0.002,3,17,102.0,v925,-14.216191291809082,452.37860107421875,594953,1038240,0.5730399522268455
brown_0.002,3,17,102.0,v1000,-21.611038208007812,397.47235107421875,300075,1038240,0.2890227693018955
brown_0.002,3,17,102.0,z50,147492.6875,893309.875,995169,1038240,0.9585153721682848
brown_0.002,3,17,102.0,z100,168927.46875,898156.5,1016266,1038240,0.9788353367236863
brown_0.002,3,17,102.0,z150,148669.78125,1027579.0,1016544,1038240,0.9791030975496995
brown_0.002,3,17,102.0,z200,125326.6875,890946.6875,1014193,1038240,0.9768386885498536
brown_0.002,3,17,102.0,z250,102217.703125,801750.625,1001203,1038240,0.9643271305285869
brown_0.002,3,17,102.0,z300,80369.2890625,668219.0,983320,1038240,0.9471027893357991
brown_0.002,3,17,102.0,z400,51074.578125,442968.875,928411,1038240,0.894216173524426
brown_0.002,3,17,102.0,z500,33100.2578125,302212.28125,848981,1038240,0.8177117044228694
brown_0.002,3,17,102.0,z600,20410.09375,207529.859375,761047,1038240,0.7330164509169363
brown_0.002,3,17,102.0,z700,9018.76953125,123580.7890625,581566,1038240,0.5601460163353367
brown_0.002,3,17,102.0,z850,-25501.35546875,71342.3125,149380,1038240,0.14387810140237325
brown_0.002,3,17,102.0,z925,-77985.625,59333.55859375,303833,1038240,0.2926423562952689
brown_0.002,3,17,102.0,z1000,-116896.4296875,53914.6796875,391374,1038240,0.37695908460471567
brown_0.002,3,17,102.0,t50,-1161.974853515625,1610.009521484375,831847,1038240,0.8012087763908152
brown_0.002,3,17,102.0,t100,-1926.4991455078125,1576.1060791015625,989771,1038240,0.9533161889351209
brown_0.002,3,17,102.0,t150,-424.5494384765625,1010.7992553710938,871711,1038240,0.839604523038989
brown_0.002,3,17,102.0,t200,196.52059936523438,1251.562744140625,935533,1038240,0.9010758591462475
brown_0.002,3,17,102.0,t250,235.01905822753906,2239.36669921875,994228,1038240,0.9576090306672831
brown_0.002,3,17,102.0,t300,225.15663146972656,2663.885986328125,1014650,1038240,0.9772788565264293
brown_0.002,3,17,102.0,t400,196.55487060546875,2362.367431640625,1008212,1038240,0.9710779781168131
brown_0.002,3,17,102.0,t500,200.1667938232422,1849.480712890625,993989,1038240,0.9573788334103868
brown_0.002,3,17,102.0,t600,218.85548400878906,1612.4224853515625,988394,1038240,0.9519899059947604
brown_0.002,3,17,102.0,t700,239.9805450439453,1619.0557861328125,990149,1038240,0.9536802666050239
brown_0.002,3,17,102.0,t850,179.39947509765625,1632.1060791015625,991061,1038240,0.9545586762212975
brown_0.002,3,17,102.0,t925,125.67338562011719,1219.8857421875,585516,1038240,0.5639505316689782
brown_0.002,3,17,102.0,t1000,79.76176452636719,1187.4521484375,522466,1038240,0.503222761596548
brown_0.002,3,17,102.0,q50,-0.006454841699451208,0.0050200000405311584,499541,1038240,0.48114212513484356
brown_0.002,3,17,102.0,q100,-0.001311665284447372,0.0016271385829895735,462534,1038240,0.4454981507165973
brown_0.002,3,17,102.0,q150,-0.00020676410349551588,0.004000292159616947,23641,1038240,0.022770265063954385
brown_0.002,3,17,102.0,q200,-0.000440670846728608,0.017937885597348213,3211,1038240,0.003092733857296964
brown_0.002,3,17,102.0,q250,-0.0006540673202835023,0.055566221475601196,30014,1038240,0.02890853752504238
brown_0.002,3,17,102.0,q300,0.0003294423804618418,0.1366325318813324,313025,1038240,0.30149580058560643
brown_0.002,3,17,102.0,q400,-0.0010356319835409522,0.32096174359321594,816211,1038240,0.7861486746802281
brown_0.002,3,17,102.0,q500,-0.0003520958125591278,0.5195388197898865,930976,1038240,0.8966867005701957
brown_0.002,3,17,102.0,q600,-0.021850330755114555,0.808430552482605,964907,1038240,0.9293679688703961
brown_0.002,3,17,102.0,q700,-0.037497568875551224,1.058584451675415,986293,1038240,0.9499662891046387
brown_0.002,3,17,102.0,q850,-0.11363057792186737,1.5640296936035156,1012534,1038240,0.9752407921097241
brown_0.002,3,17,102.0,q925,-0.10382124781608582,1.6941026449203491,1015126,1038240,0.9777373247033441
brown_0.002,3,17,102.0,q1000,-0.08649928867816925,1.6713411808013916,1018104,1038240,0.9806056403143781
brown_0.002,3,18,108.0,u10m,-421.9138488769531,238.60684204101562,717568,1038240,0.6911388503621513
brown_0.002,3,18,108.0,v10m,-45.5850715637207,341.3464660644531,347262,1038240,0.3344717984281091
brown_0.002,3,18,108.0,u100m,-502.9644470214844,299.467529296875,782430,1038240,0.7536118816458622
brown_0.002,3,18,108.0,v100m,-51.57505416870117,355.9486083984375,455078,1038240,0.4383167668361843
brown_0.002,3,18,108.0,t2m,38.14112854003906,1757.0126953125,549780,1038240,0.5295307443365695
brown_0.002,3,18,108.0,sp,-51204.265625,237752.90625,180396,1038240,0.17375173370319003
brown_0.002,3,18,108.0,msl,-56008.265625,191423.296875,909803,1038240,0.8762935352134381
brown_0.002,3,18,108.0,tcwv,-278.9898376464844,7314.80615234375,1028567,1038240,0.9906832716905533
brown_0.002,3,18,108.0,u50,-2505.190673828125,1229.858642578125,610287,1038240,0.5878091770688858
brown_0.002,3,18,108.0,u100,-2220.0537109375,1539.378173828125,943699,1038240,0.908941092618277
brown_0.002,3,18,108.0,u150,-2043.594970703125,1916.805419921875,910910,1038240,0.8773597626752967
brown_0.002,3,18,108.0,u200,-3004.16015625,1063.744873046875,885773,1038240,0.853148597626753
brown_0.002,3,18,108.0,u250,-3702.089111328125,865.842529296875,860351,1038240,0.8286629295731237
brown_0.002,3,18,108.0,u300,-2503.7998046875,847.8490600585938,743569,1038240,0.7161821929419017
brown_0.002,3,18,108.0,u400,-1649.0289306640625,807.8175659179688,773143,1038240,0.7446669363538295
brown_0.002,3,18,108.0,u500,-1691.4671630859375,586.3014526367188,739266,1038240,0.7120376791493296
brown_0.002,3,18,108.0,u600,-1301.6865234375,379.5743408203125,651652,1038240,0.6276506395438435
brown_0.002,3,18,108.0,u700,-764.8497924804688,403.594970703125,707676,1038240,0.6816111881645862
brown_0.002,3,18,108.0,u850,-517.7403564453125,470.9139099121094,722331,1038240,0.6957264216366158
brown_0.002,3,18,108.0,u925,-598.9820556640625,386.1542053222656,687456,1038240,0.6621359223300971
brown_0.002,3,18,108.0,u1000,-469.0367736816406,279.28350830078125,578429,1038240,0.5571245569425181
brown_0.002,3,18,108.0,v50,-439.58624267578125,92.2864990234375,311339,1038240,0.29987189859762675
brown_0.002,3,18,108.0,v100,-376.6702880859375,127.82539367675781,231574,1038240,0.22304476806903992
brown_0.002,3,18,108.0,v150,-491.4097900390625,849.8186645507812,806489,1038240,0.7767847511172754
brown_0.002,3,18,108.0,v200,-231.8214111328125,447.70318603515625,492342,1038240,0.474208275543227
brown_0.002,3,18,108.0,v250,-30.474985122680664,502.6492614746094,448904,1038240,0.43237016489443675
brown_0.002,3,18,108.0,v300,-116.87346649169922,255.0884552001953,196101,1038240,0.18887829403606102
brown_0.002,3,18,108.0,v400,-121.74129486083984,90.72928619384766,0,1038240,0.0
brown_0.002,3,18,108.0,v500,-32.88161849975586,96.20960998535156,0,1038240,0.0
brown_0.002,3,18,108.0,v600,-64.5546646118164,67.98783111572266,0,1038240,0.0
brown_0.002,3,18,108.0,v700,-276.5083312988281,141.82102966308594,202062,1038240,0.19461974110032362
brown_0.002,3,18,108.0,v850,-6.2075300216674805,295.17059326171875,360844,1038240,0.3475535521652027
brown_0.002,3,18,108.0,v925,-16.54106903076172,449.595703125,596078,1038240,0.5741235167206041
brown_0.002,3,18,108.0,v1000,-22.04627799987793,394.8808898925781,302153,1038240,0.29102423331792265
brown_0.002,3,18,108.0,z50,149019.015625,920691.125,998433,1038240,0.9616591539528433
brown_0.002,3,18,108.0,z100,168640.203125,936849.5,1019087,1038240,0.9815524348898136
brown_0.002,3,18,108.0,z150,150462.515625,1064410.5,1020616,1038240,0.9830251194328864
brown_0.002,3,18,108.0,z200,125538.25,924008.9375,1017890,1038240,0.9803995222684543
brown_0.002,3,18,108.0,z250,102983.7890625,828995.3125,1005919,1038240,0.9688694328864231
brown_0.002,3,18,108.0,z300,80553.421875,691433.0,989122,1038240,0.9526910926182771
brown_0.002,3,18,108.0,z400,50611.0859375,460262.125,937265,1038240,0.9027440668824164
brown_0.002,3,18,108.0,z500,32602.302734375,315191.9375,861598,1038240,0.8298640006164278
brown_0.002,3,18,108.0,z600,19927.212890625,217074.84375,776964,1038240,0.7483472029588535
brown_0.002,3,18,108.0,z700,8642.166015625,129811.53125,605169,1038240,0.5828796809986131
brown_0.002,3,18,108.0,z850,-24026.87109375,72158.671875,154877,1038240,0.14917263831098782
brown_0.002,3,18,108.0,z925,-78169.09375,59343.05859375,300735,1038240,0.2896584604715673
brown_0.002,3,18,108.0,z1000,-118343.453125,53431.2734375,386449,1038240,0.37221548004314997
brown_0.002,3,18,108.0,t50,-1138.7119140625,1580.828857421875,845197,1038240,0.8140670750500848
brown_0.002,3,18,108.0,t100,-1933.9317626953125,1570.6910400390625,989612,1038240,0.9531630451533364
brown_0.002,3,18,108.0,t150,-426.6663818359375,1022.0009155273438,865867,1038240,0.8339757666820774
brown_0.002,3,18,108.0,t200,199.87657165527344,1342.3355712890625,947022,1038240,0.9121417013407305
brown_0.002,3,18,108.0,t250,240.97265625,2319.5107421875,999039,1038240,0.9622428340268147
brown_0.002,3,18,108.0,t300,231.6268310546875,2738.106201171875,1018027,1038240,0.9805314763445832
brown_0.002,3,18,108.0,t400,198.54176330566406,2434.510009765625,1011815,1038240,0.9745482740021575
brown_0.002,3,18,108.0,t500,200.75918579101562,1913.7020263671875,997743,1038240,0.9609945677300046
brown_0.002,3,18,108.0,t600,218.62210083007812,1679.4266357421875,993592,1038240,0.9569964555401449
brown_0.002,3,18,108.0,t700,239.55152893066406,1685.2769775390625,996259,1038240,0.9595652257666821
brown_0.002,3,18,108.0,t850,175.66014099121094,1697.8822021484375,995286,1038240,0.9586280628756357
brown_0.002,3,18,108.0,t925,120.3077392578125,1290.39306640625,660067,1038240,0.6357557019571582
brown_0.002,3,18,108.0,t1000,107.61941528320312,1260.94287109375,518403,1038240,0.49930940822931114
brown_0.002,3,18,108.0,q50,-0.006341965403407812,0.004929764196276665,499544,1038240,0.4811450146401603
brown_0.002,3,18,108.0,q100,-0.0013207533629611135,0.0016249706968665123,470686,1038240,0.45334989983048235
brown_0.002,3,18,108.0,q150,-0.00019262771820649505,0.003998771775513887,21391,1038240,0.02060313607643705
brown_0.002,3,18,108.0,q200,-0.00045007248991169035,0.01800263300538063,3167,1038240,0.003050354445985514
brown_0.002,3,18,108.0,q250,-0.00070480618160218,0.05615414306521416,36409,1038240,0.035067999691786096
brown_0.002,3,18,108.0,q300,0.0003936306165996939,0.13763763010501862,314904,1038240,0.30330559408229313
brown_0.002,3,18,108.0,q400,-0.0007837280863896012,0.32406073808670044,821846,1038240,0.7915761288334104
brown_0.002,3,18,108.0,q500,0.0001526367850601673,0.5266698598861694,933719,1038240,0.899328671598089
brown_0.002,3,18,108.0,q600,-0.021224163472652435,0.8147444725036621,965852,1038240,0.9302781630451533
brown_0.002,3,18,108.0,q700,-0.03849693387746811,1.0756490230560303,987381,1038240,0.9510142163661581
brown_0.002,3,18,108.0,q850,-0.11685479432344437,1.5972594022750854,1013998,1038240,0.9766508707042688
brown_0.002,3,18,108.0,q925,-0.10784533619880676,1.7283521890640259,1016313,1038240,0.9788806056403144
brown_0.002,3,18,108.0,q1000,-0.08851190656423569,1.709004282951355,1019215,1038240,0.9816757204499923
brown_0.002,3,19,114.0,u10m,-428.4316711425781,236.27760314941406,720279,1038240,0.69375
brown_0.002,3,19,114.0,v10m,-42.307044982910156,341.0472106933594,346737,1038240,0.3339661349976884
brown_0.002,3,19,114.0,u100m,-513.0474243164062,297.4646911621094,786419,1038240,0.7574539605486208
brown_0.002,3,19,114.0,v100m,-49.056304931640625,354.2795104980469,462224,1038240,0.4451995685005394
brown_0.002,3,19,114.0,t2m,66.24813842773438,1821.436279296875,532722,1038240,0.5131010171058715
brown_0.002,3,19,114.0,sp,-53747.40625,237293.671875,184574,1038240,0.1777758514409
brown_0.002,3,19,114.0,msl,-56523.390625,190101.84375,906899,1038240,0.8734964940668825
brown_0.002,3,19,114.0,tcwv,-285.5645751953125,7423.7265625,1028881,1038240,0.9909857065803668
brown_0.002,3,19,114.0,u50,-2563.06689453125,1180.1524658203125,562373,1038240,0.5416599244875944
brown_0.002,3,19,114.0,u100,-2302.992919921875,1504.0386962890625,944340,1038240,0.9095584835876098
brown_0.002,3,19,114.0,u150,-2180.144287109375,1858.6055908203125,916359,1038240,0.8826080674988442
brown_0.002,3,19,114.0,u200,-3081.889404296875,1036.0594482421875,876911,1038240,0.8446129989212513
brown_0.002,3,19,114.0,u250,-3768.19189453125,848.9542236328125,849265,1038240,0.8179852442595161
brown_0.002,3,19,114.0,u300,-2573.8828125,837.4237670898438,738030,1038240,0.7108472029588534
brown_0.002,3,19,114.0,u400,-1717.7353515625,800.471923828125,763615,1038240,0.7354898674680228
brown_0.002,3,19,114.0,u500,-1730.297607421875,582.2705078125,733245,1038240,0.7062384419787332
brown_0.002,3,19,114.0,u600,-1329.7327880859375,378.4747619628906,643132,1038240,0.6194444444444445
brown_0.002,3,19,114.0,u700,-790.307373046875,401.8451843261719,704888,1038240,0.6789258745569425
brown_0.002,3,19,114.0,u850,-539.899169921875,466.3572082519531,730114,1038240,0.703222761596548
brown_0.002,3,19,114.0,u925,-617.2474365234375,382.2594909667969,692021,1038240,0.6665327862536601
brown_0.002,3,19,114.0,u1000,-475.8580322265625,277.0162353515625,579919,1038240,0.558559677916474
brown_0.002,3,19,114.0,v50,-472.75213623046875,89.84705352783203,324786,1038240,0.31282362459546925
brown_0.002,3,19,114.0,v100,-390.962158203125,123.94734954833984,243825,1038240,0.2348445446139621
brown_0.002,3,19,114.0,v150,-506.2430725097656,833.3390502929688,810095,1038240,0.7802579365079365
brown_0.002,3,19,114.0,v200,-230.95730590820312,439.66119384765625,496205,1038240,0.47792899522268456
brown_0.002,3,19,114.0,v250,-33.445011138916016,495.0022888183594,441103,1038240,0.4248564879026044
brown_0.002,3,19,114.0,v300,-120.59436798095703,251.34117126464844,186234,1038240,0.17937471104946834
brown_0.002,3,19,114.0,v400,-119.67615509033203,86.71102142333984,0,1038240,0.0
brown_0.002,3,19,114.0,v500,-38.01190185546875,95.35616302490234,0,1038240,0.0
brown_0.002,3,19,114.0,v600,-65.4466781616211,63.874332427978516,0,1038240,0.0
brown_0.002,3,19,114.0,v700,-277.3293762207031,142.7569580078125,202792,1038240,0.19532285406071814
brown_0.002,3,19,114.0,v850,-6.236617565155029,294.3005065917969,358849,1038240,0.34563203112960394
brown_0.002,3,19,114.0,v925,-18.73700714111328,446.05816650390625,597160,1038240,0.5751656649714902
brown_0.002,3,19,114.0,v1000,-22.34722137451172,393.3970642089844,308772,1038240,0.2973994452149792
brown_0.002,3,19,114.0,z50,150716.90625,947276.375,1001408,1038240,0.9645245800585607
brown_0.002,3,19,114.0,z100,168429.953125,973944.8125,1021281,1038240,0.9836656264447526
brown_0.002,3,19,114.0,z150,152209.859375,1099574.375,1023786,1038240,0.9860783633841886
brown_0.002,3,19,114.0,z200,125727.2890625,955736.5,1020861,1038240,0.9832610957004161
brown_0.002,3,19,114.0,z250,103495.4765625,855000.125,1009723,1038240,0.9725333256279858
brown_0.002,3,19,114.0,z300,80736.265625,713569.0,994110,1038240,0.9574953767914933
brown_0.002,3,19,114.0,z400,50212.68359375,476707.4375,945419,1038240,0.9105977423331792
brown_0.002,3,19,114.0,z500,32090.92578125,327789.625,872671,1038240,0.8405291647403298
brown_0.002,3,19,114.0,z600,19514.990234375,226498.28125,791767,1038240,0.7626049853598398
brown_0.002,3,19,114.0,z700,8336.193359375,136082.59375,625848,1038240,0.6027970411465557
brown_0.002,3,19,114.0,z850,-22304.02734375,72919.484375,159615,1038240,0.1537361303744799
brown_0.002,3,19,114.0,z925,-78038.34375,59296.80078125,296152,1038240,0.28524425951610416
brown_0.002,3,19,114.0,z1000,-119417.09375,52881.3046875,379552,1038240,0.3655725073200801
brown_0.002,3,19,114.0,t50,-1111.838134765625,1548.785888671875,868711,1038240,0.8367150177222993
brown_0.002,3,19,114.0,t100,-1938.0758056640625,1563.88330078125,989466,1038240,0.9530224225612575
brown_0.002,3,19,114.0,t150,-426.88079833984375,1033.67236328125,859580,1038240,0.8279203267067344
brown_0.002,3,19,114.0,t200,203.3672637939453,1430.8897705078125,956996,1038240,0.9217483433502851
brown_0.002,3,19,114.0,t250,246.93740844726562,2396.456298828125,1002994,1038240,0.9660521652026507
brown_0.002,3,19,114.0,t300,238.55258178710938,2808.249267578125,1020442,1038240,0.9828575281245184
brown_0.002,3,19,114.0,t400,200.34786987304688,2503.549072265625,1014728,1038240,0.9773539836646633
brown_0.002,3,19,114.0,t500,201.49957275390625,1973.0111083984375,1000963,1038240,0.9640959701032517
brown_0.002,3,19,114.0,t600,218.49293518066406,1741.2789306640625,997917,1038240,0.9611621590383727
brown_0.002,3,19,114.0,t700,238.81658935546875,1749.1597900390625,1001318,1038240,0.96443789489906
brown_0.002,3,19,114.0,t850,172.21075439453125,1761.826171875,998415,1038240,0.9616418169209431
brown_0.002,3,19,114.0,t925,115.52423095703125,1358.2137451171875,786486,1038240,0.7575184928340268
brown_0.002,3,19,114.0,t1000,134.7682342529297,1331.89501953125,522041,1038240,0.502813415010017
brown_0.002,3,19,114.0,q50,-0.006234737578779459,0.004842343274503946,499544,1038240,0.4811450146401603
brown_0.002,3,19,114.0,q100,-0.0013266355963423848,0.0016209688037633896,475958,1038240,0.4584277238403452
brown_0.002,3,19,114.0,q150,-0.00017985432350542396,0.003995599690824747,19196,1038240,0.018488981353059025
brown_0.002,3,19,114.0,q200,-0.0004581261018756777,0.0180573258548975,3088,1038240,0.002974264139312683
brown_0.002,3,19,114.0,q250,-0.0007497092010453343,0.05672382190823555,42234,1038240,0.04067845584835876
brown_0.002,3,19,114.0,q300,0.00041660474380478263,0.13871105015277863,316623,1038240,0.3049612806287564
brown_0.002,3,19,114.0,q400,-0.0004733688838314265,0.32690441608428955,827360,1038240,0.7968870396054862
brown_0.002,3,19,114.0,q500,0.0005030264146625996,0.5327882766723633,936282,1038240,0.901797272306981
brown_0.002,3,19,114.0,q600,-0.020424649119377136,0.8209208846092224,966780,1038240,0.9311719833564494
brown_0.002,3,19,114.0,q700,-0.03942330181598663,1.0922071933746338,988412,1038240,0.9520072430266605
brown_0.002,3,19,114.0,q850,-0.11986212432384491,1.6289438009262085,1015398,1038240,0.977999306518724
brown_0.002,3,19,114.0,q925,-0.11142142117023468,1.7613487243652344,1017483,1038240,0.9800075127138234
brown_0.002,3,19,114.0,q1000,-0.0914035513997078,1.7462061643600464,1020078,1038240,0.9825069348127601
brown_0.002,3,20,120.0,u10m,-435.4599609375,233.72433471679688,722106,1038240,0.6955097087378641
brown_0.002,3,20,120.0,v10m,-39.173587799072266,341.6869812011719,346253,1038240,0.33349996147326244
brown_0.002,3,20,120.0,u100m,-523.89111328125,295.36090087890625,789663,1038240,0.7605784789644013
brown_0.002,3,20,120.0,v100m,-46.73046875,353.9758605957031,469677,1038240,0.4523780628756357
brown_0.002,3,20,120.0,t2m,94.12907409667969,1881.7998046875,542745,1038240,0.522754854368932
brown_0.002,3,20,120.0,sp,-56001.1875,236591.484375,190934,1038240,0.1839016027122823
brown_0.002,3,20,120.0,msl,-56560.203125,188774.40625,904121,1038240,0.8708208121436277
brown_0.002,3,20,120.0,tcwv,-290.7663879394531,7532.10595703125,1029239,1038240,0.9913305208814918
brown_0.002,3,20,120.0,u50,-2634.644287109375,1132.322509765625,538035,1038240,0.5182183310217291
brown_0.002,3,20,120.0,u100,-2378.589599609375,1466.245361328125,943868,1038240,0.9091038680844507
brown_0.002,3,20,120.0,u150,-2308.619140625,1796.7264404296875,919782,1038240,0.8859049930651872
brown_0.002,3,20,120.0,u200,-3154.4697265625,1004.9493408203125,866565,1038240,0.8346480582524272
brown_0.002,3,20,120.0,u250,-3832.149169921875,827.8748168945312,838047,1038240,0.8071804207119742
brown_0.002,3,20,120.0,u300,-2639.420654296875,822.817626953125,732401,1038240,0.7054255278163045
brown_0.002,3,20,120.0,u400,-1783.9061279296875,789.6799926757812,753050,1038240,0.7253139929110803
brown_0.002,3,20,120.0,u500,-1768.38525390625,575.6721801757812,724627,1038240,0.6979378563723224
brown_0.002,3,20,120.0,u600,-1357.993896484375,375.6697998046875,632038,1038240,0.6087590537833256
brown_0.002,3,20,120.0,u700,-815.0794677734375,399.2027587890625,701437,1038240,0.6756019802743104
brown_0.002,3,20,120.0,u850,-561.5016479492188,461.4196472167969,737252,1038240,0.7100978579133919
brown_0.002,3,20,120.0,u925,-635.6256103515625,377.97625732421875,697013,1038240,0.6713409231006319
brown_0.002,3,20,120.0,u1000,-483.1399841308594,274.5550537109375,581029,1038240,0.5596287948836492
brown_0.002,3,20,120.0,v50,-502.681884765625,87.20142364501953,336232,1038240,0.32384805054707966
brown_0.002,3,20,120.0,v100,-404.34320068359375,120.47764587402344,255293,1038240,0.24589016027122823
brown_0.002,3,20,120.0,v150,-521.59619140625,816.7313232421875,812992,1038240,0.7830482354754199
brown_0.002,3,20,120.0,v200,-230.0934295654297,431.57000732421875,499108,1038240,0.4807250732008014
brown_0.002,3,20,120.0,v250,-36.03268814086914,486.59326171875,434000,1038240,0.4180151024811219
brown_0.002,3,20,120.0,v300,-124.17716979980469,247.71873474121094,174178,1038240,0.167762752350131
brown_0.002,3,20,120.0,v400,-117.60491943359375,87.73590087890625,0,1038240,0.0
brown_0.002,3,20,120.0,v500,-42.933319091796875,93.68770599365234,0,1038240,0.0
brown_0.002,3,20,120.0,v600,-66.73433685302734,60.958316802978516,0,1038240,0.0
brown_0.002,3,20,120.0,v700,-278.6497802734375,143.44363403320312,203028,1038240,0.19555016181229773
brown_0.002,3,20,120.0,v850,-6.257957458496094,293.7430725097656,357025,1038240,0.34387521189705655
brown_0.002,3,20,120.0,v925,-20.820194244384766,444.8791198730469,598306,1038240,0.5762694560024657
brown_0.002,3,20,120.0,v1000,-22.59979820251465,392.5428771972656,317972,1038240,0.30626059485282786
brown_0.002,3,20,120.0,z50,151196.546875,972929.625,1004241,1038240,0.9672532362459547
brown_0.002,3,20,120.0,z100,168364.8125,1009870.1875,1023323,1038240,0.9856324163969795
brown_0.002,3,20,120.0,z150,152341.328125,1133519.875,1026160,1038240,0.9883649252581291
brown_0.002,3,20,120.0,z200,125966.6484375,985946.0,1023245,1038240,0.9855572892587455
brown_0.002,3,20,120.0,z250,103465.90625,879728.5,1013155,1038240,0.9758389197102789
brown_0.002,3,20,120.0,z300,80958.890625,734693.0,998954,1038240,0.9621609647095084
brown_0.002,3,20,120.0,z400,49909.8828125,492697.75,952974,1038240,0.917874479889043
brown_0.002,3,20,120.0,z500,31658.7734375,340044.9375,882714,1038240,0.8502022653721683
brown_0.002,3,20,120.0,z600,19180.697265625,235807.390625,806200,1038240,0.7765063954384342
brown_0.002,3,20,120.0,z700,8072.939453125,142358.1875,645311,1038240,0.6215431884728001
brown_0.002,3,20,120.0,z850,-20330.51953125,73655.71875,163581,1038240,0.15755605640314377
brown_0.002,3,20,120.0,z925,-77551.28125,59215.14453125,290807,1038240,0.28009612421020186
brown_0.002,3,20,120.0,z1000,-120043.203125,52351.96484375,371849,1038240,0.3581532208352597
brown_0.002,3,20,120.0,t50,-1089.31591796875,1516.169921875,887146,1038240,0.8544710278933579
brown_0.002,3,20,120.0,t100,-1939.3836669921875,1556.8182373046875,989343,1038240,0.9529039528432732
brown_0.002,3,20,120.0,t150,-423.67694091796875,1046.9244384765625,853554,1038240,0.8221162736939436
brown_0.002,3,20,120.0,t200,206.63848876953125,1516.6556396484375,965008,1038240,0.9294652488827246
brown_0.002,3,20,120.0,t250,253.21083068847656,2470.062255859375,1006577,1038240,0.9695031977192171
brown_0.002,3,20,120.0,t300,245.81190490722656,2872.91357421875,1022584,1038240,0.984920634920635
brown_0.002,3,20,120.0,t400,202.23580932617188,2569.0615234375,1017443,1038240,0.9799689859762676
brown_0.002,3,20,120.0,t500,202.58688354492188,2028.0499267578125,1003742,1038240,0.9667726151949453
brown_0.002,3,20,120.0,t600,218.6371307373047,1799.219482421875,1001518,1038240,0.9646305285868393
brown_0.002,3,20,120.0,t700,238.06582641601562,1810.1510009765625,1005380,1038240,0.9683502850978579
brown_0.002,3,20,120.0,t850,169.18264770507812,1823.75830078125,1001103,1038240,0.9642308136846972
brown_0.002,3,20,120.0,t925,111.36927795410156,1424.2530517578125,865071,1038240,0.8332090846047157
brown_0.002,3,20,120.0,t1000,129.14503479003906,1399.4327392578125,562997,1038240,0.5422609415934658
brown_0.002,3,20,120.0,q50,-0.006127495318651199,0.004754918161779642,499548,1038240,0.4811488673139159
brown_0.002,3,20,120.0,q100,-0.0013294289819896221,0.0016159573569893837,480226,1038240,0.46253852673755586
brown_0.002,3,20,120.0,q150,-0.00016831389802973717,0.003991292789578438,17310,1038240,0.016672445677300047
brown_0.002,3,20,120.0,q200,-0.00046440918231382966,0.018113167956471443,2976,1038240,0.0028663892741562645
brown_0.002,3,20,120.0,q250,-0.0007917645270936191,0.05728989467024803,47675,1038240,0.04591905532439513
brown_0.002,3,20,120.0,q300,0.00043807606562040746,0.139814093708992,318167,1038240,0.3064484126984127
brown_0.002,3,20,120.0,q400,-0.00010789275984279811,0.32931819558143616,833001,1038240,0.8023202727693018
brown_0.002,3,20,120.0,q500,0.0005972067592665553,0.537929356098175,938554,1038240,0.9039855910001541
brown_0.002,3,20,120.0,q600,-0.019481079652905464,0.82648104429245,967692,1038240,0.9320503929727231
brown_0.002,3,20,120.0,q700,-0.040499888360500336,1.1076990365982056,989375,1038240,0.952934774233318
brown_0.002,3,20,120.0,q850,-0.122443787753582,1.659786581993103,1016543,1038240,0.9791021343812606
brown_0.002,3,20,120.0,q925,-0.11473307013511658,1.793055534362793,1018492,1038240,0.9809793496686701
brown_0.002,3,20,120.0,q1000,-0.09398191422224045,1.782557487487793,1020881,1038240,0.983280359069194
