config,member,step,lead_time_hours,variable,min_value,max_value,n_bad_points,n_total_points,violating_fraction
brown_0.05,0,0,0.0,u10m,-29.98059844970703,25.07940101623535,0,1038240,0.0
brown_0.05,0,0,0.0,v10m,-27.66229820251465,25.987703323364258,0,1038240,0.0
brown_0.05,0,0,0.0,u100m,-38.64726257324219,30.782737731933594,0,1038240,0.0
brown_0.05,0,0,0.0,v100m,-33.108516693115234,32.41148376464844,0,1038240,0.0
brown_0.05,0,0,0.0,t2m,203.00914001464844,317.2091369628906,0,1038240,0.0
brown_0.05,0,0,0.0,sp,49593.44921875,104524.6484375,0,1038240,0.0
brown_0.05,0,0,0.0,msl,93167.375,107762.9765625,0,1038240,0.0
brown_0.05,0,0,0.0,tcwv,0.033688269555568695,80.67048645019531,0,1038240,0.0
brown_0.05,0,0,0.0,u50,-32.53466796875,69.6953353881836,0,1038240,0.0
brown_0.05,0,0,0.0,u100,-42.44437026977539,63.615631103515625,0,1038240,0.0
brown_0.05,0,0,0.0,u150,-43.69473648071289,76.46526336669922,0,1038240,0.0
brown_0.05,0,0,0.0,u200,-44.91203308105469,103.88796997070312,0,1038240,0.0
brown_0.05,0,0,0.0,u250,-45.851261138916016,105.44873809814453,0,1038240,0.0
brown_0.05,0,0,0.0,u300,-36.28936004638672,102.41063690185547,0,1038240,0.0
brown_0.05,0,0,0.0,u400,-35.72868347167969,71.8713150024414,0,1038240,0.0
brown_0.05,0,0,0.0,u500,-39.31422805786133,50.18577194213867,0,1038240,0.0
brown_0.05,0,0,0.0,u600,-45.0154914855957,45.66450500488281,0,1038240,0.0
brown_0.05,0,0,0.0,u700,-47.08867263793945,41.111328125,0,1038240,0.0
brown_0.05,0,0,0.0,u850,-52.83549880981445,36.304500579833984,0,1038240,0.0
brown_0.05,0,0,0.0,u925,-42.309513092041016,34.310489654541016,0,1038240,0.0
brown_0.05,0,0,0.0,u1000,-29.00948715209961,24.660512924194336,0,1038240,0.0
brown_0.05,0,0,0.0,v50,-28.3104305267334,37.03956985473633,0,1038240,0.0
brown_0.05,0,0,0.0,v100,-31.289772033691406,41.980228424072266,0,1038240,0.0
brown_0.05,0,0,0.0,v150,-39.73875427246094,46.22124481201172,0,1038240,0.0
brown_0.05,0,0,0.0,v200,-56.7220573425293,65.07794189453125,0,1038240,0.0
brown_0.05,0,0,0.0,v250,-63.08574295043945,62.81425857543945,0,1038240,0.0
brown_0.05,0,0,0.0,v300,-54.844512939453125,65.45549011230469,0,1038240,0.0
brown_0.05,0,0,0.0,v400,-59.89063262939453,63.009368896484375,0,1038240,0.0
brown_0.05,0,0,0.0,v500,-50.19239807128906,56.80760192871094,0,1038240,0.0
brown_0.05,0,0,0.0,v600,-45.045677185058594,40.0643196105957,0,1038240,0.0
brown_0.05,0,0,0.0,v700,-36.78691101074219,42.36308670043945,0,1038240,0.0
brown_0.05,0,0,0.0,v850,-42.88942337036133,34.960575103759766,0,1038240,0.0
brown_0.05,0,0,0.0,v925,-37.343692779541016,37.056304931640625,0,1038240,0.0
brown_0.05,0,0,0.0,v1000,-26.340137481689453,25.029863357543945,0,1038240,0.0
brown_0.05,0,0,0.0,z50,178325.890625,207936.40625,0,1038240,0.0
brown_0.05,0,0,0.0,z100,140693.140625,165755.734375,0,1038240,0.0
brown_0.05,0,0,0.0,z150,117632.0390625,141996.15625,0,1038240,0.0
brown_0.05,0,0,0.0,z200,100768.7421875,123884.2421875,0,1038240,0.0
brown_0.05,0,0,0.0,z250,87459.671875,109026.765625,0,1038240,0.0
brown_0.05,0,0,0.0,z300,76372.9453125,96320.9921875,0,1038240,0.0
brown_0.05,0,0,0.0,z400,58395.84765625,75588.4609375,0,1038240,0.0
brown_0.05,0,0,0.0,z500,43960.421875,58905.3671875,0,1038240,0.0
brown_0.05,0,0,0.0,z600,31816.14453125,44789.28125,0,1038240,0.0
brown_0.05,0,0,0.0,z700,21340.9609375,32460.98828125,0,1038240,0.0
brown_0.05,0,0,0.0,z850,7071.60302734375,16482.923828125,0,1038240,0.0
brown_0.05,0,0,0.0,z925,558.6236572265625,9957.2314453125,0,1038240,0.0
brown_0.05,0,0,0.0,z1000,-5507.95556640625,4905.5556640625,0,1038240,0.0
brown_0.05,0,0,0.0,t50,176.96493530273438,233.25494384765625,0,1038240,0.0
brown_0.05,0,0,0.0,t100,185.84442138671875,235.84442138671875,0,1038240,0.0
brown_0.05,0,0,0.0,t150,187.8889617919922,238.91896057128906,0,1038240,0.0
brown_0.05,0,0,0.0,t200,190.15658569335938,241.17657470703125,0,1038240,0.0
brown_0.05,0,0,0.0,t250,199.0135498046875,243.6435546875,0,1038240,0.0
brown_0.05,0,0,0.0,t300,204.70855712890625,251.70855712890625,0,1038240,0.0
brown_0.05,0,0,0.0,t400,216.0428466796875,266.5628662109375,0,1038240,0.0
brown_0.05,0,0,0.0,t500,224.4999542236328,276.89996337890625,0,1038240,0.0
brown_0.05,0,0,0.0,t600,204.55136108398438,287.2413635253906,0,1038240,0.0
brown_0.05,0,0,0.0,t700,208.45738220214844,296.9873962402344,0,1038240,0.0
brown_0.05,0,0,0.0,t850,216.30093383789062,309.6709289550781,0,1038240,0.0
brown_0.05,0,0,0.0,t925,219.8119354248047,315.3219299316406,0,1038240,0.0
brown_0.05,0,0,0.0,t1000,223.1019287109375,319.7119445800781,0,1038240,0.0
brown_0.05,0,0,0.0,q50,9.999999717180685e-10,1.9450640138529707e-06,0,1038240,0.0
brown_0.05,0,0,0.0,q100,1.000000082740371e-09,9.873159797280096e-06,0,1038240,0.0
brown_0.05,0,0,0.0,q150,1.0000005268295808e-09,4.6891240344848484e-05,0,1038240,0.0
brown_0.05,0,0,0.0,q200,9.999985284281365e-10,0.0002307913964614272,0,1038240,0.0
brown_0.05,0,0,0.0,q250,1.000000304784976e-09,0.0007995401974767447,0,1038240,0.0
brown_0.05,0,0,0.0,q300,9.999980843389267e-10,0.0018608650425449014,0,1038240,0.0
brown_0.05,0,0,0.0,q400,9.999975292274144e-10,0.004661120939999819,0,1038240,0.0
brown_0.05,0,0,0.0,q500,9.999941985583405e-10,0.007641600910574198,0,1038240,0.0
brown_0.05,0,0,0.0,q600,1.0000007488741858e-09,0.012534401379525661,0,1038240,0.0
brown_0.05,0,0,0.0,q700,9.999989725173464e-10,0.018419841304421425,0,1038240,0.0
brown_0.05,0,0,0.0,q850,1.635912212805124e-06,0.028813155367970467,0,1038240,0.0
brown_0.05,0,0,0.0,q925,4.967510903952643e-06,0.03459184616804123,0,1038240,0.0
brown_0.05,0,0,0.0,q1000,6.670324182778131e-06,0.04069339111447334,0,1038240,0.0
brown_0.05,0,1,6.0,u10m,-28.26662826538086,24.725343704223633,0,1038240,0.0
brown_0.05,0,1,6.0,v10m,-18.348295211791992,25.409976959228516,0,1038240,0.0
brown_0.05,0,1,6.0,u100m,-36.92644119262695,30.874807357788086,0,1038240,0.0
brown_0.05,0,1,6.0,v100m,-24.574291229248047,33.9788818359375,0,1038240,0.0
brown_0.05,0,1,6.0,t2m,201.16290283203125,315.77337646484375,0,1038240,0.0
brown_0.05,0,1,6.0,sp,49429.72265625,104052.21875,0,1038240,0.0
brown_0.05,0,1,6.0,msl,93364.265625,106022.015625,0,1038240,0.0
brown_0.05,0,1,6.0,tcwv,-5.554573059082031,78.99384307861328,71863,1038240,0.06921617352442595
brown_0.05,0,1,6.0,u50,-30.99331283569336,73.90312957763672,0,1038240,0.0
brown_0.05,0,1,6.0,u100,-39.639732360839844,61.74380111694336,0,1038240,0.0
brown_0.05,0,1,6.0,u150,-36.364349365234375,73.82738494873047,0,1038240,0.0
brown_0.05,0,1,6.0,u200,-44.386146545410156,94.17500305175781,0,1038240,0.0
brown_0.05,0,1,6.0,u250,-40.242340087890625,107.08670043945312,0,1038240,0.0
brown_0.05,0,1,6.0,u300,-36.5831298828125,100.92613220214844,0,1038240,0.0
brown_0.05,0,1,6.0,u400,-38.10851287841797,69.02294921875,0,1038240,0.0
brown_0.05,0,1,6.0,u500,-33.671321868896484,54.1348876953125,0,1038240,0.0
brown_0.05,0,1,6.0,u600,-39.60209655761719,43.45893859863281,0,1038240,0.0
brown_0.05,0,1,6.0,u700,-40.23883819580078,37.83327865600586,0,1038240,0.0
brown_0.05,0,1,6.0,u850,-46.781009674072266,36.94855880737305,0,1038240,0.0
brown_0.05,0,1,6.0,u925,-43.35582733154297,33.70161819458008,0,1038240,0.0
brown_0.05,0,1,6.0,u1000,-27.0113468170166,23.938142776489258,0,1038240,0.0
brown_0.05,0,1,6.0,v50,-23.687562942504883,30.955883026123047,0,1038240,0.0
brown_0.05,0,1,6.0,v100,-30.242816925048828,37.05029296875,0,1038240,0.0
brown_0.05,0,1,6.0,v150,-32.545005798339844,41.01648712158203,0,1038240,0.0
brown_0.05,0,1,6.0,v200,-45.699581146240234,53.78913497924805,0,1038240,0.0
brown_0.05,0,1,6.0,v250,-55.91434860229492,62.798702239990234,0,1038240,0.0
brown_0.05,0,1,6.0,v300,-48.57569122314453,65.55392456054688,0,1038240,0.0
brown_0.05,0,1,6.0,v400,-49.647560119628906,62.94601821899414,0,1038240,0.0
brown_0.05,0,1,6.0,v500,-45.10268783569336,49.73537063598633,0,1038240,0.0
brown_0.05,0,1,6.0,v600,-35.023216247558594,35.91107177734375,0,1038240,0.0
brown_0.05,0,1,6.0,v700,-30.072473526000977,34.23475646972656,0,1038240,0.0
brown_0.05,0,1,6.0,v850,-34.2606315612793,36.72390365600586,0,1038240,0.0
brown_0.05,0,1,6.0,v925,-34.349029541015625,32.49458694458008,0,1038240,0.0
brown_0.05,0,1,6.0,v1000,-21.297121047973633,25.758255004882812,0,1038240,0.0
brown_0.05,0,1,6.0,z50,178381.8125,207983.3125,0,1038240,0.0
brown_0.05,0,1,6.0,z100,140675.75,165754.28125,0,1038240,0.0
brown_0.05,0,1,6.0,z150,117538.3671875,142024.4375,0,1038240,0.0
brown_0.05,0,1,6.0,z200,100703.2734375,123902.203125,0,1038240,0.0
brown_0.05,0,1,6.0,z250,87383.34375,109060.5703125,0,1038240,0.0
brown_0.05,0,1,6.0,z300,76289.1640625,96385.84375,0,1038240,0.0
brown_0.05,0,1,6.0,z400,58355.328125,75593.2734375,0,1038240,0.0
brown_0.05,0,1,6.0,z500,43971.22265625,58831.37890625,0,1038240,0.0
brown_0.05,0,1,6.0,z600,31867.328125,44735.1484375,0,1038240,0.0
brown_0.05,0,1,6.0,z700,21432.73046875,32360.15625,0,1038240,0.0
brown_0.05,0,1,6.0,z850,7203.10400390625,16416.82421875,0,1038240,0.0
brown_0.05,0,1,6.0,z925,738.5751953125,9321.6767578125,0,1038240,0.0
brown_0.05,0,1,6.0,z1000,-5302.41162109375,3649.6826171875,0,1038240,0.0
brown_0.05,0,1,6.0,t50,179.83154296875,233.6676483154297,0,1038240,0.0
brown_0.05,0,1,6.0,t100,186.5077667236328,235.44126892089844,0,1038240,0.0
brown_0.05,0,1,6.0,t150,188.92953491210938,238.73724365234375,0,1038240,0.0
brown_0.05,0,1,6.0,t200,191.56875610351562,241.3602752685547,0,1038240,0.0
brown_0.05,0,1,6.0,t250,199.23068237304688,243.1333770751953,0,1038240,0.0
brown_0.05,0,1,6.0,t300,205.0389862060547,251.13470458984375,0,1038240,0.0
brown_0.05,0,1,6.0,t400,215.11151123046875,264.9374084472656,0,1038240,0.0
brown_0.05,0,1,6.0,t500,224.70770263671875,276.8890380859375,0,1038240,0.0
brown_0.05,0,1,6.0,t600,214.51953125,289.6756286621094,0,1038240,0.0
brown_0.05,0,1,6.0,t700,210.1229248046875,300.00384521484375,0,1038240,0.0
brown_0.05,0,1,6.0,t850,217.85513305664062,312.0284118652344,0,1038240,0.0
brown_0.05,0,1,6.0,t925,222.42501831054688,317.1992492675781,0,1038240,0.0
brown_0.05,0,1,6.0,t1000,225.74368286132812,322.233154296875,0,1038240,0.0
brown_0.05,0,1,6.0,q50,4.0225359043688513e-08,1.9511955997586483e-06,0,1038240,0.0
brown_0.05,0,1,6.0,q100,1.0800135896715801e-07,9.330646207672544e-06,0,1038240,0.0
brown_0.05,0,1,6.0,q150,6.372010830091313e-08,3.4251297620357946e-05,0,1038240,0.0
brown_0.05,0,1,6.0,q200,-2.2600506781600416e-06,0.00021032935183029622,7430,1038240,0.007156341501001695
brown_0.05,0,1,6.0,q250,-1.4107707102084532e-05,0.0006908549112267792,33336,1038240,0.032108183079056864
brown_0.05,0,1,6.0,q300,-2.6113033527508378e-05,0.0016040903283283114,11135,1038240,0.010724880567113577
brown_0.05,0,1,6.0,q400,-0.00011307830573059618,0.0044692386873066425,30081,1038240,0.028973069810448452
brown_0.05,0,1,6.0,q500,-0.00016424315981566906,0.007303062826395035,8712,1038240,0.00839112343966713
brown_0.05,0,1,6.0,q600,-0.0002337592886760831,0.009991299360990524,10765,1038240,0.010368508244721837
brown_0.05,0,1,6.0,q700,-0.0006407457403838634,0.013610556721687317,28070,1038240,0.0270361380798274
brown_0.05,0,1,6.0,q850,-0.0009649833664298058,0.018230805173516273,63996,1038240,0.061638927415626446
brown_0.05,0,1,6.0,q925,-0.001624805387109518,0.020304976031184196,67712,1038240,0.06521806133456619
brown_0.05,0,1,6.0,q1000,-0.0016579409129917622,0.024263590574264526,68408,1038240,0.06588842656803821
brown_0.05,0,2,12.0,u10m,-24.63167953491211,22.683988571166992,0,1038240,0.0
brown_0.05,0,2,12.0,v10m,-19.056657791137695,27.259506225585938,0,1038240,0.0
brown_0.05,0,2,12.0,u100m,-32.437835693359375,28.44456672668457,0,1038240,0.0
brown_0.05,0,2,12.0,v100m,-25.74309539794922,36.29791259765625,0,1038240,0.0
brown_0.05,0,2,12.0,t2m,205.36285400390625,321.945556640625,0,1038240,0.0
brown_0.05,0,2,12.0,sp,49203.0625,103868.3203125,0,1038240,0.0
brown_0.05,0,2,12.0,msl,93640.90625,104244.5703125,0,1038240,0.0
brown_0.05,0,2,12.0,tcwv,-5.963743209838867,77.52139282226562,73572,1038240,0.07086222838650023
brown_0.05,0,2,12.0,u50,-29.69406509399414,75.33419036865234,0,1038240,0.0
brown_0.05,0,2,12.0,u100,-39.417579650878906,64.45590209960938,0,1038240,0.0
brown_0.05,0,2,12.0,u150,-34.242095947265625,72.1448745727539,0,1038240,0.0
brown_0.05,0,2,12.0,u200,-44.21321105957031,89.13219451904297,0,1038240,0.0
brown_0.05,0,2,12.0,u250,-40.32534408569336,100.9635009765625,0,1038240,0.0
brown_0.05,0,2,12.0,u300,-40.87629699707031,91.8093032836914,0,1038240,0.0
brown_0.05,0,2,12.0,u400,-41.234535217285156,71.69613647460938,0,1038240,0.0
brown_0.05,0,2,12.0,u500,-36.49357986450195,56.88872528076172,0,1038240,0.0
brown_0.05,0,2,12.0,u600,-36.76103591918945,43.285003662109375,0,1038240,0.0
brown_0.05,0,2,12.0,u700,-38.5073356628418,39.211395263671875,0,1038240,0.0
brown_0.05,0,2,12.0,u850,-42.931495666503906,37.081966400146484,0,1038240,0.0
brown_0.05,0,2,12.0,u925,-41.2228889465332,34.475345611572266,0,1038240,0.0
brown_0.05,0,2,12.0,u1000,-24.141632080078125,22.374244689941406,0,1038240,0.0
brown_0.05,0,2,12.0,v50,-24.8616943359375,30.88040542602539,0,1038240,0.0
brown_0.05,0,2,12.0,v100,-28.49932861328125,35.016632080078125,0,1038240,0.0
brown_0.05,0,2,12.0,v150,-32.54144287109375,38.26191329956055,0,1038240,0.0
brown_0.05,0,2,12.0,v200,-46.50296401977539,51.424400329589844,0,1038240,0.0
brown_0.05,0,2,12.0,v250,-54.8858528137207,55.025062561035156,0,1038240,0.0
brown_0.05,0,2,12.0,v300,-51.806453704833984,62.73646545410156,0,1038240,0.0
brown_0.05,0,2,12.0,v400,-48.00126266479492,57.52073287963867,0,1038240,0.0
brown_0.05,0,2,12.0,v500,-43.181427001953125,46.25382995605469,0,1038240,0.0
brown_0.05,0,2,12.0,v600,-33.286712646484375,36.841548919677734,0,1038240,0.0
brown_0.05,0,2,12.0,v700,-27.727201461791992,34.439693450927734,0,1038240,0.0
brown_0.05,0,2,12.0,v850,-36.857513427734375,38.818878173828125,0,1038240,0.0
brown_0.05,0,2,12.0,v925,-32.10883331298828,36.67573547363281,0,1038240,0.0
brown_0.05,0,2,12.0,v1000,-19.76866912841797,28.057533264160156,0,1038240,0.0
brown_0.05,0,2,12.0,z50,178425.3125,208132.046875,0,1038240,0.0
brown_0.05,0,2,12.0,z100,140601.109375,165767.71875,0,1038240,0.0
brown_0.05,0,2,12.0,z150,117500.1875,142046.609375,0,1038240,0.0
brown_0.05,0,2,12.0,z200,100662.625,123892.1875,0,1038240,0.0
brown_0.05,0,2,12.0,z250,87341.2421875,109062.3203125,0,1038240,0.0
brown_0.05,0,2,12.0,z300,76238.71875,96355.875,0,1038240,0.0
brown_0.05,0,2,12.0,z400,58364.21875,75480.828125,0,1038240,0.0
brown_0.05,0,2,12.0,z500,44087.7578125,58903.60546875,0,1038240,0.0
brown_0.05,0,2,12.0,z600,31994.970703125,44796.171875,0,1038240,0.0
brown_0.05,0,2,12.0,z700,21556.119140625,32431.1171875,0,1038240,0.0
brown_0.05,0,2,12.0,z850,7360.654296875,16491.619140625,0,1038240,0.0
brown_0.05,0,2,12.0,z925,969.54541015625,9397.40625,0,1038240,0.0
brown_0.05,0,2,12.0,z1000,-5071.58935546875,3096.43701171875,0,1038240,0.0
brown_0.05,0,2,12.0,t50,180.73435974121094,234.05763244628906,0,1038240,0.0
brown_0.05,0,2,12.0,t100,186.34329223632812,235.4652557373047,0,1038240,0.0
brown_0.05,0,2,12.0,t150,188.22149658203125,238.62452697753906,0,1038240,0.0
brown_0.05,0,2,12.0,t200,191.9323272705078,241.485107421875,0,1038240,0.0
brown_0.05,0,2,12.0,t250,199.12103271484375,242.9459228515625,0,1038240,0.0
brown_0.05,0,2,12.0,t300,204.8271484375,251.21499633789062,0,1038240,0.0
brown_0.05,0,2,12.0,t400,214.71810913085938,265.0132141113281,0,1038240,0.0
brown_0.05,0,2,12.0,t500,223.65162658691406,276.45135498046875,0,1038240,0.0
brown_0.05,0,2,12.0,t600,217.67056274414062,290.3299865722656,0,1038240,0.0
brown_0.05,0,2,12.0,t700,214.6513671875,302.19256591796875,0,1038240,0.0
brown_0.05,0,2,12.0,t850,222.50567626953125,314.0937194824219,0,1038240,0.0
brown_0.05,0,2,12.0,t925,226.85049438476562,319.78216552734375,0,1038240,0.0
brown_0.05,0,2,12.0,t1000,230.6319580078125,324.8677673339844,0,1038240,0.0
brown_0.05,0,2,12.0,q50,8.485653779644053e-08,1.959241217264207e-06,0,1038240,0.0
brown_0.05,0,2,12.0,q100,2.667875378392637e-07,8.742030331632122e-06,0,1038240,0.0
brown_0.05,0,2,12.0,q150,3.6976962292101234e-07,3.52549395756796e-05,0,1038240,0.0
brown_0.05,0,2,12.0,q200,-2.756447429419495e-06,0.00020802393555641174,9652,1038240,0.009296501772229928
brown_0.05,0,2,12.0,q250,-9.911320375977084e-06,0.0007063564844429493,38349,1038240,0.03693654646324549
brown_0.05,0,2,12.0,q300,-1.2277188943699002e-05,0.00153423473238945,19211,1038240,0.018503428879642472
brown_0.05,0,2,12.0,q400,-7.395376451313496e-05,0.004148497711867094,48370,1038240,0.04658845738942826
brown_0.05,0,2,12.0,q500,-0.0001120157539844513,0.006989193614572287,25526,1038240,0.024585837571274465
brown_0.05,0,2,12.0,q600,-0.0002304170047864318,0.010147817432880402,20414,1038240,0.019662120511635076
brown_0.05,0,2,12.0,q700,-0.0006534510757774115,0.013357657939195633,54619,1038240,0.05260729696409308
brown_0.05,0,2,12.0,q850,-0.0012465603649616241,0.017900627106428146,70587,1038240,0.06798717059639389
brown_0.05,0,2,12.0,q925,-0.0015205289237201214,0.020125605165958405,73388,1038240,0.07068500539374326
brown_0.05,0,2,12.0,q1000,-0.0017796200700104237,0.02522667497396469,73094,1038240,0.07040183387270765
brown_0.05,0,3,18.0,u10m,-22.75889778137207,20.836395263671875,0,1038240,0.0
brown_0.05,0,3,18.0,v10m,-19.845441818237305,26.773466110229492,0,1038240,0.0
brown_0.05,0,3,18.0,u100m,-29.590038299560547,25.75139045715332,0,1038240,0.0
brown_0.05,0,3,18.0,v100m,-25.642412185668945,36.57195281982422,0,1038240,0.0
brown_0.05,0,3,18.0,t2m,206.3167724609375,320.8795166015625,0,1038240,0.0
brown_0.05,0,3,18.0,sp,49166.3671875,103798.109375,0,1038240,0.0
brown_0.05,0,3,18.0,msl,93883.8125,103938.9140625,0,1038240,0.0
brown_0.05,0,3,18.0,tcwv,-5.101558685302734,77.45545959472656,73572,1038240,0.07086222838650023
brown_0.05,0,3,18.0,u50,-29.240447998046875,76.20945739746094,0,1038240,0.0
brown_0.05,0,3,18.0,u100,-37.244102478027344,65.86787414550781,0,1038240,0.0
brown_0.05,0,3,18.0,u150,-32.91249084472656,74.45291137695312,0,1038240,0.0
brown_0.05,0,3,18.0,u200,-40.92115020751953,86.29351043701172,0,1038240,0.0
brown_0.05,0,3,18.0,u250,-37.48995590209961,101.04899597167969,0,1038240,0.0
brown_0.05,0,3,18.0,u300,-39.115543365478516,97.71902465820312,0,1038240,0.0
brown_0.05,0,3,18.0,u400,-37.67832946777344,71.58952331542969,0,1038240,0.0
brown_0.05,0,3,18.0,u500,-34.5335578918457,58.22721862792969,0,1038240,0.0
brown_0.05,0,3,18.0,u600,-32.902992248535156,45.48898696899414,0,1038240,0.0
brown_0.05,0,3,18.0,u700,-34.03733825683594,39.04045867919922,0,1038240,0.0
brown_0.05,0,3,18.0,u850,-36.35478973388672,35.62174606323242,0,1038240,0.0
brown_0.05,0,3,18.0,u925,-36.856231689453125,32.01686477661133,0,1038240,0.0
brown_0.05,0,3,18.0,u1000,-22.246217727661133,21.52625846862793,0,1038240,0.0
brown_0.05,0,3,18.0,v50,-23.21405601501465,29.55408477783203,0,1038240,0.0
brown_0.05,0,3,18.0,v100,-26.698583602905273,33.70105743408203,0,1038240,0.0
brown_0.05,0,3,18.0,v150,-29.464670181274414,36.502464294433594,0,1038240,0.0
brown_0.05,0,3,18.0,v200,-45.37077713012695,54.95509719848633,0,1038240,0.0
brown_0.05,0,3,18.0,v250,-57.1181526184082,62.68858337402344,0,1038240,0.0
brown_0.05,0,3,18.0,v300,-52.77499008178711,59.16200256347656,0,1038240,0.0
brown_0.05,0,3,18.0,v400,-44.96057891845703,52.57611846923828,0,1038240,0.0
brown_0.05,0,3,18.0,v500,-42.510108947753906,43.3453483581543,0,1038240,0.0
brown_0.05,0,3,18.0,v600,-33.117759704589844,36.51829528808594,0,1038240,0.0
brown_0.05,0,3,18.0,v700,-27.336721420288086,34.29627227783203,0,1038240,0.0
brown_0.05,0,3,18.0,v850,-32.71282958984375,37.79958724975586,0,1038240,0.0
brown_0.05,0,3,18.0,v925,-31.23782730102539,37.620487213134766,0,1038240,0.0
brown_0.05,0,3,18.0,v1000,-20.67019271850586,27.404064178466797,0,1038240,0.0
brown_0.05,0,3,18.0,z50,178364.59375,208026.84375,0,1038240,0.0
brown_0.05,0,3,18.0,z100,140505.75,165755.703125,0,1038240,0.0
brown_0.05,0,3,18.0,z150,117417.9765625,142009.5,0,1038240,0.0
brown_0.05,0,3,18.0,z200,100615.4921875,123871.2265625,0,1038240,0.0
brown_0.05,0,3,18.0,z250,87318.046875,109031.84375,0,1038240,0.0
brown_0.05,0,3,18.0,z300,76233.15625,96387.7421875,0,1038240,0.0
brown_0.05,0,3,18.0,z400,58392.1640625,75614.703125,0,1038240,0.0
brown_0.05,0,3,18.0,z500,44144.34375,58856.78125,0,1038240,0.0
brown_0.05,0,3,18.0,z600,32108.4609375,44696.90234375,0,1038240,0.0
brown_0.05,0,3,18.0,z700,21648.76171875,32401.078125,0,1038240,0.0
brown_0.05,0,3,18.0,z850,7493.36572265625,16458.3828125,0,1038240,0.0
brown_0.05,0,3,18.0,z925,1167.32470703125,9416.931640625,0,1038240,0.0
brown_0.05,0,3,18.0,z1000,-4780.74169921875,3016.40234375,0,1038240,0.0
brown_0.05,0,3,18.0,t50,180.44265747070312,234.35751342773438,0,1038240,0.0
brown_0.05,0,3,18.0,t100,186.37977600097656,235.3859100341797,0,1038240,0.0
brown_0.05,0,3,18.0,t150,188.81300354003906,239.08558654785156,0,1038240,0.0
brown_0.05,0,3,18.0,t200,192.62982177734375,241.7964324951172,0,1038240,0.0
brown_0.05,0,3,18.0,t250,199.32684326171875,242.4601287841797,0,1038240,0.0
brown_0.05,0,3,18.0,t300,204.73536682128906,250.66036987304688,0,1038240,0.0
brown_0.05,0,3,18.0,t400,214.79324340820312,264.7555236816406,0,1038240,0.0
brown_0.05,0,3,18.0,t500,223.2855682373047,276.767578125,0,1038240,0.0
brown_0.05,0,3,18.0,t600,216.60836791992188,288.46844482421875,0,1038240,0.0
brown_0.05,0,3,18.0,t700,215.436767578125,299.6343994140625,0,1038240,0.0
brown_0.05,0,3,18.0,t850,223.75790405273438,310.33349609375,0,1038240,0.0
brown_0.05,0,3,18.0,t925,227.81832885742188,316.83099365234375,0,1038240,0.0
brown_0.05,0,3,18.0,t1000,231.50430297851562,321.9698791503906,0,1038240,0.0
brown_0.05,0,3,18.0,q50,1.2880468602816109e-07,1.9686690393427853e-06,0,1038240,0.0
brown_0.05,0,3,18.0,q100,3.991415269410936e-07,8.172139132511802e-06,0,1038240,0.0
brown_0.05,0,3,18.0,q150,3.3531705412315205e-07,3.6804962292080745e-05,0,1038240,0.0
brown_0.05,0,3,18.0,q200,-1.6774611140135676e-06,0.0002112554939230904,5729,1038240,0.005517991986438589
brown_0.05,0,3,18.0,q250,-1.5080837329151109e-05,0.0006485458579845726,34104,1038240,0.03284789644012945
brown_0.05,0,3,18.0,q300,-1.5704077668488026e-05,0.0015144519275054336,28133,1038240,0.027096817691477884
brown_0.05,0,3,18.0,q400,-7.630229811184108e-05,0.004055245313793421,56813,1038240,0.05472048851903221
brown_0.05,0,3,18.0,q500,-0.0001225915621034801,0.006949522998183966,40876,1038240,0.03937047310833718
brown_0.05,0,3,18.0,q600,-0.00031697750091552734,0.009602718986570835,35743,1038240,0.034426529511480966
brown_0.05,0,3,18.0,q700,-0.000734423054382205,0.013106845319271088,60746,1038240,0.05850862998921252
brown_0.05,0,3,18.0,q850,-0.001195005141198635,0.018031185492873192,72769,1038240,0.07008880413006627
brown_0.05,0,3,18.0,q925,-0.0014863749966025352,0.01987578347325325,75193,1038240,0.07242352442595161
brown_0.05,0,3,18.0,q1000,-0.0015490413643419743,0.024602830410003662,73760,1038240,0.07104330405301279
brown_0.05,0,4,24.0,u10m,-20.917194366455078,25.45136833190918,0,1038240,0.0
brown_0.05,0,4,24.0,v10m,-19.721416473388672,25.55338478088379,0,1038240,0.0
brown_0.05,0,4,24.0,u100m,-27.972076416015625,32.5674934387207,0,1038240,0.0
brown_0.05,0,4,24.0,v100m,-26.21065902709961,34.56995391845703,0,1038240,0.0
brown_0.05,0,4,24.0,t2m,205.80441284179688,319.51104736328125,0,1038240,0.0
brown_0.05,0,4,24.0,sp,49046.63671875,103879.9375,0,1038240,0.0
brown_0.05,0,4,24.0,msl,93893.953125,103863.3515625,0,1038240,0.0
brown_0.05,0,4,24.0,tcwv,-4.607563018798828,75.87976837158203,72313,1038240,0.06964959932192942
brown_0.05,0,4,24.0,u50,-29.716625213623047,77.6054458618164,0,1038240,0.0
brown_0.05,0,4,24.0,u100,-37.615013122558594,65.92705535888672,0,1038240,0.0
brown_0.05,0,4,24.0,u150,-31.637746810913086,73.64391326904297,0,1038240,0.0
brown_0.05,0,4,24.0,u200,-37.446144104003906,85.67019653320312,0,1038240,0.0
brown_0.05,0,4,24.0,u250,-36.50111770629883,96.27857971191406,0,1038240,0.0
brown_0.05,0,4,24.0,u300,-38.976383209228516,93.82947540283203,0,1038240,0.0
brown_0.05,0,4,24.0,u400,-35.79047393798828,72.43921661376953,0,1038240,0.0
brown_0.05,0,4,24.0,u500,-30.368812561035156,62.87274932861328,0,1038240,0.0
brown_0.05,0,4,24.0,u600,-30.034753799438477,51.09969711303711,0,1038240,0.0
brown_0.05,0,4,24.0,u700,-31.62246322631836,41.607696533203125,0,1038240,0.0
brown_0.05,0,4,24.0,u850,-36.18781280517578,35.333248138427734,0,1038240,0.0
brown_0.05,0,4,24.0,u925,-34.67414093017578,35.86801528930664,0,1038240,0.0
brown_0.05,0,4,24.0,u1000,-20.431760787963867,25.139568328857422,0,1038240,0.0
brown_0.05,0,4,24.0,v50,-22.934934616088867,29.34223175048828,0,1038240,0.0
brown_0.05,0,4,24.0,v100,-25.026094436645508,32.71303176879883,0,1038240,0.0
brown_0.05,0,4,24.0,v150,-29.512609481811523,34.76947784423828,0,1038240,0.0
brown_0.05,0,4,24.0,v200,-42.445064544677734,53.335357666015625,0,1038240,0.0
brown_0.05,0,4,24.0,v250,-55.13445281982422,63.16233825683594,0,1038240,0.0
brown_0.05,0,4,24.0,v300,-54.23842239379883,60.661895751953125,0,1038240,0.0
brown_0.05,0,4,24.0,v400,-38.77946090698242,53.00190734863281,0,1038240,0.0
brown_0.05,0,4,24.0,v500,-36.5388298034668,46.0913200378418,0,1038240,0.0
brown_0.05,0,4,24.0,v600,-33.31260681152344,36.933876037597656,0,1038240,0.0
brown_0.05,0,4,24.0,v700,-29.956241607666016,32.057132720947266,0,1038240,0.0
brown_0.05,0,4,24.0,v850,-36.65741729736328,38.78407287597656,0,1038240,0.0
brown_0.05,0,4,24.0,v925,-32.073265075683594,36.681880950927734,0,1038240,0.0
brown_0.05,0,4,24.0,v1000,-20.378957748413086,26.2869815826416,0,1038240,0.0
brown_0.05,0,4,24.0,z50,178282.921875,208038.75,0,1038240,0.0
brown_0.05,0,4,24.0,z100,140450.34375,165511.640625,0,1038240,0.0
brown_0.05,0,4,24.0,z150,117386.8125,141741.390625,0,1038240,0.0
brown_0.05,0,4,24.0,z200,100595.2578125,123627.8203125,0,1038240,0.0
brown_0.05,0,4,24.0,z250,87301.546875,108931.859375,0,1038240,0.0
brown_0.05,0,4,24.0,z300,76199.046875,96398.125,0,1038240,0.0
brown_0.05,0,4,24.0,z400,58367.57421875,75583.09375,0,1038240,0.0
brown_0.05,0,4,24.0,z500,44144.39453125,58800.78125,0,1038240,0.0
brown_0.05,0,4,24.0,z600,32159.912109375,44669.2734375,0,1038240,0.0
brown_0.05,0,4,24.0,z700,21596.25,32390.37109375,0,1038240,0.0
brown_0.05,0,4,24.0,z850,7355.69189453125,16492.4609375,0,1038240,0.0
brown_0.05,0,4,24.0,z925,1074.4677734375,9512.21484375,0,1038240,0.0
brown_0.05,0,4,24.0,z1000,-4791.412109375,3068.01806640625,0,1038240,0.0
brown_0.05,0,4,24.0,t50,180.0303192138672,234.6508026123047,0,1038240,0.0
brown_0.05,0,4,24.0,t100,186.5146484375,235.38568115234375,0,1038240,0.0
brown_0.05,0,4,24.0,t150,188.56765747070312,239.3572235107422,0,1038240,0.0
brown_0.05,0,4,24.0,t200,192.23849487304688,241.90878295898438,0,1038240,0.0
brown_0.05,0,4,24.0,t250,199.6746826171875,242.63880920410156,0,1038240,0.0
brown_0.05,0,4,24.0,t300,204.74929809570312,250.16761779785156,0,1038240,0.0
brown_0.05,0,4,24.0,t400,214.6383056640625,264.619384765625,0,1038240,0.0
brown_0.05,0,4,24.0,t500,222.8271484375,276.62127685546875,0,1038240,0.0
brown_0.05,0,4,24.0,t600,217.0934295654297,286.6383361816406,0,1038240,0.0
brown_0.05,0,4,24.0,t700,215.74066162109375,295.4066467285156,0,1038240,0.0
brown_0.05,0,4,24.0,t850,224.3338623046875,308.165283203125,0,1038240,0.0
brown_0.05,0,4,24.0,t925,228.18467712402344,313.81573486328125,0,1038240,0.0
brown_0.05,0,4,24.0,t1000,231.87257385253906,318.2935485839844,0,1038240,0.0
brown_0.05,0,4,24.0,q50,1.697510469966801e-07,1.9753165361180436e-06,0,1038240,0.0
brown_0.05,0,4,24.0,q100,4.764326604345115e-07,7.67300934967352e-06,0,1038240,0.0
brown_0.05,0,4,24.0,q150,-5.803758540423587e-08,3.535357245709747e-05,3,1038240,2.889505316689783e-06
brown_0.05,0,4,24.0,q200,-1.429141775588505e-06,0.00019477208843454719,4921,1038240,0.00473975188781014
brown_0.05,0,4,24.0,q250,-1.2783562851836905e-05,0.0006223827367648482,40805,1038240,0.039302088149175525
brown_0.05,0,4,24.0,q300,-1.8117454601451755e-05,0.0014741343911737204,31123,1038240,0.0299766913237787
brown_0.05,0,4,24.0,q400,-6.268353899940848e-05,0.004100874066352844,53525,1038240,0.05155359069194021
brown_0.05,0,4,24.0,q500,-0.00012134184362366796,0.00690223416313529,44515,1038240,0.04287544305748189
brown_0.05,0,4,24.0,q600,-0.00025674502830952406,0.009479974396526814,43285,1038240,0.04169074587763908
brown_0.05,0,4,24.0,q700,-0.0006537095177918673,0.013035442680120468,59704,1038240,0.05750500847588226
brown_0.05,0,4,24.0,q850,-0.0010119020007550716,0.018072044476866722,72156,1038240,0.06949838187702265
brown_0.05,0,4,24.0,q925,-0.0012711919844150543,0.019603118300437927,74829,1038240,0.07207293111419324
brown_0.05,0,4,24.0,q1000,-0.001388773787766695,0.02463974803686142,72898,1038240,0.07021305285868393
brown_0.05,0,5,30.0,u10m,-21.71149444580078,27.016817092895508,0,1038240,0.0
brown_0.05,0,5,30.0,v10m,-19.779186248779297,24.1138858795166,0,1038240,0.0
brown_0.05,0,5,30.0,u100m,-29.05400276184082,34.12095642089844,0,1038240,0.0
brown_0.05,0,5,30.0,v100m,-26.066762924194336,32.99931335449219,0,1038240,0.0
brown_0.05,0,5,30.0,t2m,205.74844360351562,316.18450927734375,0,1038240,0.0
brown_0.05,0,5,30.0,sp,49072.515625,103788.28125,0,1038240,0.0
brown_0.05,0,5,30.0,msl,93969.5625,103797.0859375,0,1038240,0.0
brown_0.05,0,5,30.0,tcwv,-4.130058288574219,75.21121978759766,70733,1038240,0.0681277931884728
brown_0.05,0,5,30.0,u50,-30.319225311279297,77.09723663330078,0,1038240,0.0
brown_0.05,0,5,30.0,u100,-38.03550338745117,68.66584777832031,0,1038240,0.0
brown_0.05,0,5,30.0,u150,-30.393064498901367,73.16688537597656,0,1038240,0.0
brown_0.05,0,5,30.0,u200,-37.570594787597656,85.42444610595703,0,1038240,0.0
brown_0.05,0,5,30.0,u250,-33.46573257446289,93.52374267578125,0,1038240,0.0
brown_0.05,0,5,30.0,u300,-37.42467498779297,91.71481323242188,0,1038240,0.0
brown_0.05,0,5,30.0,u400,-34.37147521972656,75.02721405029297,0,1038240,0.0
brown_0.05,0,5,30.0,u500,-30.877262115478516,60.9599494934082,0,1038240,0.0
brown_0.05,0,5,30.0,u600,-29.28685188293457,49.4787712097168,0,1038240,0.0
brown_0.05,0,5,30.0,u700,-35.627994537353516,40.05741882324219,0,1038240,0.0
brown_0.05,0,5,30.0,u850,-38.30747604370117,39.31468963623047,0,1038240,0.0
brown_0.05,0,5,30.0,u925,-35.180747985839844,36.404178619384766,0,1038240,0.0
brown_0.05,0,5,30.0,u1000,-21.658950805664062,26.452539443969727,0,1038240,0.0
brown_0.05,0,5,30.0,v50,-23.59062957763672,27.967533111572266,0,1038240,0.0
brown_0.05,0,5,30.0,v100,-21.95770835876465,31.379308700561523,0,1038240,0.0
brown_0.05,0,5,30.0,v150,-28.411693572998047,33.08298873901367,0,1038240,0.0
brown_0.05,0,5,30.0,v200,-42.47712326049805,51.72807312011719,0,1038240,0.0
brown_0.05,0,5,30.0,v250,-54.371971130371094,63.67271423339844,0,1038240,0.0
brown_0.05,0,5,30.0,v300,-53.51603698730469,66.13902282714844,0,1038240,0.0
brown_0.05,0,5,30.0,v400,-39.70134735107422,56.45737838745117,0,1038240,0.0
brown_0.05,0,5,30.0,v500,-37.28642654418945,48.50705337524414,0,1038240,0.0
brown_0.05,0,5,30.0,v600,-33.24876403808594,39.388301849365234,0,1038240,0.0
brown_0.05,0,5,30.0,v700,-28.799392700195312,32.52214431762695,0,1038240,0.0
brown_0.05,0,5,30.0,v850,-36.25537109375,38.75423812866211,0,1038240,0.0
brown_0.05,0,5,30.0,v925,-30.859251022338867,31.939714431762695,0,1038240,0.0
brown_0.05,0,5,30.0,v1000,-20.341773986816406,24.565027236938477,0,1038240,0.0
brown_0.05,0,5,30.0,z50,178072.78125,208175.96875,0,1038240,0.0
brown_0.05,0,5,30.0,z100,140335.25,165621.3125,0,1038240,0.0
brown_0.05,0,5,30.0,z150,117312.875,141766.09375,0,1038240,0.0
brown_0.05,0,5,30.0,z200,100544.890625,123667.1875,0,1038240,0.0
brown_0.05,0,5,30.0,z250,87257.8828125,108939.84375,0,1038240,0.0
brown_0.05,0,5,30.0,z300,76183.3125,96394.453125,0,1038240,0.0
brown_0.05,0,5,30.0,z400,58362.3828125,75591.9765625,0,1038240,0.0
brown_0.05,0,5,30.0,z500,44137.60546875,58647.421875,0,1038240,0.0
brown_0.05,0,5,30.0,z600,31988.392578125,44514.7734375,0,1038240,0.0
brown_0.05,0,5,30.0,z700,21274.240234375,32219.62109375,0,1038240,0.0
brown_0.05,0,5,30.0,z850,7283.6142578125,16517.9140625,0,1038240,0.0
brown_0.05,0,5,30.0,z925,1122.7177734375,9523.12890625,0,1038240,0.0
brown_0.05,0,5,30.0,z1000,-4677.46142578125,3027.6923828125,0,1038240,0.0
brown_0.05,0,5,30.0,t50,179.8109588623047,234.92864990234375,0,1038240,0.0
brown_0.05,0,5,30.0,t100,186.2783660888672,235.23265075683594,0,1038240,0.0
brown_0.05,0,5,30.0,t150,189.11053466796875,240.01864624023438,0,1038240,0.0
brown_0.05,0,5,30.0,t200,192.11367797851562,242.1234893798828,0,1038240,0.0
brown_0.05,0,5,30.0,t250,199.81578063964844,242.5130157470703,0,1038240,0.0
brown_0.05,0,5,30.0,t300,204.80889892578125,250.23452758789062,0,1038240,0.0
brown_0.05,0,5,30.0,t400,214.09217834472656,264.1508483886719,0,1038240,0.0
brown_0.05,0,5,30.0,t500,222.83909606933594,276.0257568359375,0,1038240,0.0
brown_0.05,0,5,30.0,t600,216.96939086914062,289.0409851074219,0,1038240,0.0
brown_0.05,0,5,30.0,t700,215.1461639404297,300.839599609375,0,1038240,0.0
brown_0.05,0,5,30.0,t850,223.910888671875,312.13201904296875,0,1038240,0.0
brown_0.05,0,5,30.0,t925,227.73651123046875,317.29022216796875,0,1038240,0.0
brown_0.05,0,5,30.0,t1000,231.31365966796875,322.4418640136719,0,1038240,0.0
brown_0.05,0,5,30.0,q50,2.115789357048925e-07,1.982776211661985e-06,0,1038240,0.0
brown_0.05,0,5,30.0,q100,5.700976544176228e-07,7.222646217996953e-06,0,1038240,0.0
brown_0.05,0,5,30.0,q150,-4.4267926568863913e-07,3.5022592783207074e-05,63,1038240,6.0679611650485434e-05
brown_0.05,0,5,30.0,q200,-2.2192452888702974e-06,0.0002028890303336084,7397,1038240,0.007124556942518108
brown_0.05,0,5,30.0,q250,-1.5604204236296937e-05,0.0006366627640090883,32131,1038240,0.03094756511018647
brown_0.05,0,5,30.0,q300,-2.065078297164291e-05,0.0015164284268394113,28539,1038240,0.027487864077669903
brown_0.05,0,5,30.0,q400,-6.835826206952333e-05,0.004192057065665722,50365,1038240,0.04850997842502697
brown_0.05,0,5,30.0,q500,-0.00011361984070390463,0.007218089420348406,40712,1038240,0.03921251348435814
brown_0.05,0,5,30.0,q600,-0.00029274309054017067,0.010798525996506214,44128,1038240,0.04250269687162891
brown_0.05,0,5,30.0,q700,-0.0005520053673535585,0.013304576277732849,61849,1038240,0.05957100477731546
brown_0.05,0,5,30.0,q850,-0.000838790088891983,0.017994707450270653,70108,1038240,0.06752581291416243
brown_0.05,0,5,30.0,q925,-0.0010583591647446156,0.020056303590536118,72473,1038240,0.06980370627215288
brown_0.05,0,5,30.0,q1000,-0.0011323303915560246,0.023933596909046173,71211,1038240,0.06858818770226537
brown_0.05,0,6,36.0,u10m,-22.132970809936523,23.299482345581055,0,1038240,0.0
brown_0.05,0,6,36.0,v10m,-19.48523712158203,22.847206115722656,0,1038240,0.0
brown_0.05,0,6,36.0,u100m,-29.32468032836914,29.09923553466797,0,1038240,0.0
brown_0.05,0,6,36.0,v100m,-25.404306411743164,31.7803955078125,0,1038240,0.0
brown_0.05,0,6,36.0,t2m,204.12667846679688,322.08502197265625,0,1038240,0.0
brown_0.05,0,6,36.0,sp,49000.6484375,103833.609375,0,1038240,0.0
brown_0.05,0,6,36.0,msl,94192.6875,103783.0,0,1038240,0.0
brown_0.05,0,6,36.0,tcwv,-3.719867706298828,75.5044937133789,67034,1038240,0.0645650331329943
brown_0.05,0,6,36.0,u50,-27.42876434326172,75.8682632446289,0,1038240,0.0
brown_0.05,0,6,36.0,u100,-37.70653533935547,67.94447326660156,0,1038240,0.0
brown_0.05,0,6,36.0,u150,-31.963117599487305,71.17867279052734,0,1038240,0.0
brown_0.05,0,6,36.0,u200,-37.26325225830078,83.00004577636719,0,1038240,0.0
brown_0.05,0,6,36.0,u250,-34.47074508666992,90.77217102050781,0,1038240,0.0
brown_0.05,0,6,36.0,u300,-31.747379302978516,86.57569122314453,0,1038240,0.0
brown_0.05,0,6,36.0,u400,-28.24733543395996,73.01483154296875,0,1038240,0.0
brown_0.05,0,6,36.0,u500,-27.763275146484375,59.6470832824707,0,1038240,0.0
brown_0.05,0,6,36.0,u600,-29.986486434936523,48.4382438659668,0,1038240,0.0
brown_0.05,0,6,36.0,u700,-37.37109375,40.95806884765625,0,1038240,0.0
brown_0.05,0,6,36.0,u850,-37.854408264160156,36.43061447143555,0,1038240,0.0
brown_0.05,0,6,36.0,u925,-35.07291030883789,31.023197174072266,0,1038240,0.0
brown_0.05,0,6,36.0,u1000,-21.839340209960938,23.246950149536133,0,1038240,0.0
brown_0.05,0,6,36.0,v50,-25.393430709838867,27.560331344604492,0,1038240,0.0
brown_0.05,0,6,36.0,v100,-21.453378677368164,29.022310256958008,0,1038240,0.0
brown_0.05,0,6,36.0,v150,-29.067523956298828,32.701419830322266,0,1038240,0.0
brown_0.05,0,6,36.0,v200,-40.6501579284668,47.994998931884766,0,1038240,0.0
brown_0.05,0,6,36.0,v250,-50.556121826171875,54.300750732421875,0,1038240,0.0
brown_0.05,0,6,36.0,v300,-54.707645416259766,53.91728591918945,0,1038240,0.0
brown_0.05,0,6,36.0,v400,-45.78324508666992,53.82649230957031,0,1038240,0.0
brown_0.05,0,6,36.0,v500,-37.62321090698242,45.88722610473633,0,1038240,0.0
brown_0.05,0,6,36.0,v600,-30.042675018310547,38.60389709472656,0,1038240,0.0
brown_0.05,0,6,36.0,v700,-26.067346572875977,31.22124481201172,0,1038240,0.0
brown_0.05,0,6,36.0,v850,-32.5027961730957,37.788414001464844,0,1038240,0.0
brown_0.05,0,6,36.0,v925,-31.155445098876953,31.004680633544922,0,1038240,0.0
brown_0.05,0,6,36.0,v1000,-20.4096736907959,23.545185089111328,0,1038240,0.0
brown_0.05,0,6,36.0,z50,177778.078125,208346.4375,0,1038240,0.0
brown_0.05,0,6,36.0,z100,140343.4375,165804.75,0,1038240,0.0
brown_0.05,0,6,36.0,z150,117383.15625,141954.921875,0,1038240,0.0
brown_0.05,0,6,36.0,z200,100662.9375,123788.8125,0,1038240,0.0
brown_0.05,0,6,36.0,z250,87421.1953125,108870.7109375,0,1038240,0.0
brown_0.05,0,6,36.0,z300,76357.9609375,96253.5859375,0,1038240,0.0
brown_0.05,0,6,36.0,z400,58530.4140625,75455.671875,0,1038240,0.0
brown_0.05,0,6,36.0,z500,44135.0078125,58723.75,0,1038240,0.0
brown_0.05,0,6,36.0,z600,31880.859375,44603.3828125,0,1038240,0.0
brown_0.05,0,6,36.0,z700,21234.38671875,32268.96875,0,1038240,0.0
brown_0.05,0,6,36.0,z850,7409.6572265625,16569.791015625,0,1038240,0.0
brown_0.05,0,6,36.0,z925,1300.3046875,9576.146484375,0,1038240,0.0
brown_0.05,0,6,36.0,z1000,-4471.5390625,3087.31396484375,0,1038240,0.0
brown_0.05,0,6,36.0,t50,179.49038696289062,235.19728088378906,0,1038240,0.0
brown_0.05,0,6,36.0,t100,185.99537658691406,235.69029235839844,0,1038240,0.0
brown_0.05,0,6,36.0,t150,189.07444763183594,240.2223663330078,0,1038240,0.0
brown_0.05,0,6,36.0,t200,192.00888061523438,241.98191833496094,0,1038240,0.0
brown_0.05,0,6,36.0,t250,200.2344207763672,242.7882537841797,0,1038240,0.0
brown_0.05,0,6,36.0,t300,204.64405822753906,251.33343505859375,0,1038240,0.0
brown_0.05,0,6,36.0,t400,213.6080780029297,265.4929504394531,0,1038240,0.0
brown_0.05,0,6,36.0,t500,222.52633666992188,276.8248291015625,0,1038240,0.0
brown_0.05,0,6,36.0,t600,217.43362426757812,291.0350036621094,0,1038240,0.0
brown_0.05,0,6,36.0,t700,215.04237365722656,303.3629455566406,0,1038240,0.0
brown_0.05,0,6,36.0,t850,223.51712036132812,313.70947265625,0,1038240,0.0
brown_0.05,0,6,36.0,t925,227.426025390625,318.6377868652344,0,1038240,0.0
brown_0.05,0,6,36.0,t1000,231.00607299804688,323.59063720703125,0,1038240,0.0
brown_0.05,0,6,36.0,q50,2.488977770553902e-07,1.9891083411494037e-06,0,1038240,0.0
brown_0.05,0,6,36.0,q100,6.479251624114113e-07,6.820849648647709e-06,0,1038240,0.0
brown_0.05,0,6,36.0,q150,1.771804818417877e-07,3.9006885344861075e-05,0,1038240,0.0
brown_0.05,0,6,36.0,q200,-3.7297304515959695e-06,0.00021334897610358894,11502,1038240,0.011078363384188626
brown_0.05,0,6,36.0,q250,-1.3802749890601262e-05,0.0006453224341385067,30906,1038240,0.02976768377253814
brown_0.05,0,6,36.0,q300,-1.6538790077902377e-05,0.0014782900689169765,27401,1038240,0.02639177839420558
brown_0.05,0,6,36.0,q400,-5.644679185934365e-05,0.003988725133240223,48969,1038240,0.047165395284327324
brown_0.05,0,6,36.0,q500,-0.00010134920012205839,0.007915443740785122,36907,1038240,0.0355476575743566
brown_0.05,0,6,36.0,q600,-0.00021642097271978855,0.009869061410427094,42271,1038240,0.04071409308059794
brown_0.05,0,6,36.0,q700,-0.00048431288450956345,0.012852009385824203,56809,1038240,0.05471663584527662
brown_0.05,0,6,36.0,q850,-0.0006326688453555107,0.018176821991801262,65809,1038240,0.06338515179534597
brown_0.05,0,6,36.0,q925,-0.0007958114147186279,0.020159905776381493,67537,1038240,0.06504950685775929
brown_0.05,0,6,36.0,q1000,-0.0009281770326197147,0.02565820701420307,67190,1038240,0.06471528740946217
brown_0.05,0,7,42.0,u10m,-21.94186782836914,18.602632522583008,0,1038240,0.0
brown_0.05,0,7,42.0,v10m,-20.331466674804688,23.66864013671875,0,1038240,0.0
brown_0.05,0,7,42.0,u100m,-28.438690185546875,24.115659713745117,0,1038240,0.0
brown_0.05,0,7,42.0,v100m,-27.385011672973633,32.626800537109375,0,1038240,0.0
brown_0.05,0,7,42.0,t2m,202.6654052734375,321.0466613769531,0,1038240,0.0
brown_0.05,0,7,42.0,sp,49104.9453125,103867.8359375,0,1038240,0.0
brown_0.05,0,7,42.0,msl,94657.578125,103827.1640625,0,1038240,0.0
brown_0.05,0,7,42.0,tcwv,-2.7529525756835938,76.8407974243164,61226,1038240,0.05897095083988288
brown_0.05,0,7,42.0,u50,-27.991546630859375,75.67066955566406,0,1038240,0.0
brown_0.05,0,7,42.0,u100,-33.94633483886719,67.02249145507812,0,1038240,0.0
brown_0.05,0,7,42.0,u150,-30.924333572387695,70.41038513183594,0,1038240,0.0
brown_0.05,0,7,42.0,u200,-37.868141174316406,81.59500885009766,0,1038240,0.0
brown_0.05,0,7,42.0,u250,-35.897396087646484,87.04409790039062,0,1038240,0.0
brown_0.05,0,7,42.0,u300,-32.44971466064453,85.19685363769531,0,1038240,0.0
brown_0.05,0,7,42.0,u400,-24.49724769592285,69.9443588256836,0,1038240,0.0
brown_0.05,0,7,42.0,u500,-26.782005310058594,59.724143981933594,0,1038240,0.0
brown_0.05,0,7,42.0,u600,-32.80142593383789,48.802879333496094,0,1038240,0.0
brown_0.05,0,7,42.0,u700,-39.57291793823242,40.73200988769531,0,1038240,0.0
brown_0.05,0,7,42.0,u850,-37.376182556152344,35.4329948425293,0,1038240,0.0
brown_0.05,0,7,42.0,u925,-36.297088623046875,30.60029411315918,0,1038240,0.0
brown_0.05,0,7,42.0,u1000,-21.960790634155273,20.86015510559082,0,1038240,0.0
brown_0.05,0,7,42.0,v50,-26.43909454345703,25.861984252929688,0,1038240,0.0
brown_0.05,0,7,42.0,v100,-21.727130889892578,25.755308151245117,0,1038240,0.0
brown_0.05,0,7,42.0,v150,-28.530241012573242,32.38082504272461,0,1038240,0.0
brown_0.05,0,7,42.0,v200,-40.27671432495117,47.69972610473633,0,1038240,0.0
brown_0.05,0,7,42.0,v250,-53.14247512817383,52.617958068847656,0,1038240,0.0
brown_0.05,0,7,42.0,v300,-58.94460678100586,54.78640365600586,0,1038240,0.0
brown_0.05,0,7,42.0,v400,-54.89338302612305,55.89350509643555,0,1038240,0.0
brown_0.05,0,7,42.0,v500,-39.772586822509766,48.720802307128906,0,1038240,0.0
brown_0.05,0,7,42.0,v600,-28.111618041992188,39.707157135009766,0,1038240,0.0
brown_0.05,0,7,42.0,v700,-24.591896057128906,32.660614013671875,0,1038240,0.0
brown_0.05,0,7,42.0,v850,-33.96984100341797,35.9310188293457,0,1038240,0.0
brown_0.05,0,7,42.0,v925,-34.299583435058594,31.039478302001953,0,1038240,0.0
brown_0.05,0,7,42.0,v1000,-20.53017234802246,24.38636589050293,0,1038240,0.0
brown_0.05,0,7,42.0,z50,177525.890625,208246.796875,0,1038240,0.0
brown_0.05,0,7,42.0,z100,140318.140625,165771.984375,0,1038240,0.0
brown_0.05,0,7,42.0,z150,117450.734375,141869.1875,0,1038240,0.0
brown_0.05,0,7,42.0,z200,100796.1328125,123717.921875,0,1038240,0.0
brown_0.05,0,7,42.0,z250,87601.25,108900.8046875,0,1038240,0.0
brown_0.05,0,7,42.0,z300,76563.2578125,96392.96875,0,1038240,0.0
brown_0.05,0,7,42.0,z400,58697.03515625,75591.921875,0,1038240,0.0
brown_0.05,0,7,42.0,z500,44249.8984375,58723.9921875,0,1038240,0.0
brown_0.05,0,7,42.0,z600,32054.51171875,44522.4375,0,1038240,0.0
brown_0.05,0,7,42.0,z700,21463.6875,32293.25390625,0,1038240,0.0
brown_0.05,0,7,42.0,z850,7726.7490234375,16584.3203125,0,1038240,0.0
brown_0.05,0,7,42.0,z925,1646.13818359375,9590.3154296875,0,1038240,0.0
brown_0.05,0,7,42.0,z1000,-4094.07080078125,3115.46875,0,1038240,0.0
brown_0.05,0,7,42.0,t50,179.8211669921875,235.57220458984375,0,1038240,0.0
brown_0.05,0,7,42.0,t100,186.2761993408203,235.93264770507812,0,1038240,0.0
brown_0.05,0,7,42.0,t150,189.25692749023438,241.1226806640625,0,1038240,0.0
brown_0.05,0,7,42.0,t200,192.1251983642578,242.03634643554688,0,1038240,0.0
brown_0.05,0,7,42.0,t250,199.79345703125,243.1295166015625,0,1038240,0.0
brown_0.05,0,7,42.0,t300,204.8927764892578,249.8478240966797,0,1038240,0.0
brown_0.05,0,7,42.0,t400,213.84954833984375,264.4804992675781,0,1038240,0.0
brown_0.05,0,7,42.0,t500,221.8052978515625,275.6808776855469,0,1038240,0.0
brown_0.05,0,7,42.0,t600,215.56936645507812,288.592529296875,0,1038240,0.0
brown_0.05,0,7,42.0,t700,214.48211669921875,299.1353759765625,0,1038240,0.0
brown_0.05,0,7,42.0,t850,224.8916778564453,310.1998291015625,0,1038240,0.0
brown_0.05,0,7,42.0,t925,228.67637634277344,315.9730224609375,0,1038240,0.0
brown_0.05,0,7,42.0,t1000,232.42929077148438,321.0892639160156,0,1038240,0.0
brown_0.05,0,7,42.0,q50,2.8405133889464196e-07,1.997025492528337e-06,0,1038240,0.0
brown_0.05,0,7,42.0,q100,7.093042313499609e-07,6.409571142285131e-06,0,1038240,0.0
brown_0.05,0,7,42.0,q150,3.8281723391264677e-07,3.8054098695283756e-05,0,1038240,0.0
brown_0.05,0,7,42.0,q200,-4.057323167216964e-06,0.0002128596097463742,12675,1038240,0.012208159963014331
brown_0.05,0,7,42.0,q250,-1.370908648823388e-05,0.0006464270991273224,26005,1038240,0.025047195253505933
brown_0.05,0,7,42.0,q300,-2.1027139155194163e-05,0.0014349335106089711,27669,1038240,0.026649907535829867
brown_0.05,0,7,42.0,q400,-6.278615910559893e-05,0.004203618969768286,45025,1038240,0.04336665896131916
brown_0.05,0,7,42.0,q500,-9.121495531871915e-05,0.007443426642566919,29260,1038240,0.028182308522114348
brown_0.05,0,7,42.0,q600,-0.0002548986813053489,0.00951139535754919,33473,1038240,0.0322401371551857
brown_0.05,0,7,42.0,q700,-0.00045926659367978573,0.01287977583706379,53403,1038240,0.051436084142394825
brown_0.05,0,7,42.0,q850,-0.0005438318476080894,0.018216725438833237,58560,1038240,0.05640314378178456
brown_0.05,0,7,42.0,q925,-0.0007316088303923607,0.019708391278982162,63259,1038240,0.06092907227615965
brown_0.05,0,7,42.0,q1000,-0.0008182558231055737,0.024858996272087097,62065,1038240,0.05977904916011712
brown_0.05,0,8,48.0,u10m,-23.269380569458008,20.360130310058594,0,1038240,0.0
brown_0.05,0,8,48.0,v10m,-24.07297706604004,23.01742935180664,0,1038240,0.0
brown_0.05,0,8,48.0,u100m,-29.66024398803711,26.093503952026367,0,1038240,0.0
brown_0.05,0,8,48.0,v100m,-31.891345977783203,32.0821647644043,0,1038240,0.0
brown_0.05,0,8,48.0,t2m,201.46743774414062,320.2019958496094,0,1038240,0.0
brown_0.05,0,8,48.0,sp,48955.87109375,103880.1484375,0,1038240,0.0
brown_0.05,0,8,48.0,msl,94919.9140625,103833.4140625,0,1038240,0.0
brown_0.05,0,8,48.0,tcwv,-2.6006603240966797,77.08879089355469,56364,1038240,0.05428802588996764
brown_0.05,0,8,48.0,u50,-28.576080322265625,73.10050964355469,0,1038240,0.0
brown_0.05,0,8,48.0,u100,-34.21907424926758,64.93463134765625,0,1038240,0.0
brown_0.05,0,8,48.0,u150,-31.8406925201416,68.49323272705078,0,1038240,0.0
brown_0.05,0,8,48.0,u200,-40.700218200683594,79.90088653564453,0,1038240,0.0
brown_0.05,0,8,48.0,u250,-36.04273986816406,84.66120910644531,0,1038240,0.0
brown_0.05,0,8,48.0,u300,-36.51304626464844,81.74260711669922,0,1038240,0.0
brown_0.05,0,8,48.0,u400,-32.809173583984375,67.98973083496094,0,1038240,0.0
brown_0.05,0,8,48.0,u500,-26.064289093017578,58.951236724853516,0,1038240,0.0
brown_0.05,0,8,48.0,u600,-28.13474464416504,49.753334045410156,0,1038240,0.0
brown_0.05,0,8,48.0,u700,-37.114986419677734,40.63144302368164,0,1038240,0.0
brown_0.05,0,8,48.0,u850,-38.423160552978516,34.40220642089844,0,1038240,0.0
brown_0.05,0,8,48.0,u925,-35.8642463684082,31.374181747436523,0,1038240,0.0
brown_0.05,0,8,48.0,u1000,-23.229820251464844,20.61588478088379,0,1038240,0.0
brown_0.05,0,8,48.0,v50,-26.25051498413086,24.509822845458984,0,1038240,0.0
brown_0.05,0,8,48.0,v100,-22.222515106201172,22.66226577758789,0,1038240,0.0
brown_0.05,0,8,48.0,v150,-27.47273826599121,32.64603805541992,0,1038240,0.0
brown_0.05,0,8,48.0,v200,-45.95158004760742,45.32463836669922,0,1038240,0.0
brown_0.05,0,8,48.0,v250,-52.89139175415039,47.56272888183594,0,1038240,0.0
brown_0.05,0,8,48.0,v300,-57.851158142089844,55.96025466918945,0,1038240,0.0
brown_0.05,0,8,48.0,v400,-55.6840705871582,55.19140625,0,1038240,0.0
brown_0.05,0,8,48.0,v500,-42.467140197753906,48.266563415527344,0,1038240,0.0
brown_0.05,0,8,48.0,v600,-29.60890769958496,38.9727897644043,0,1038240,0.0
brown_0.05,0,8,48.0,v700,-26.188556671142578,32.62063217163086,0,1038240,0.0
brown_0.05,0,8,48.0,v850,-37.718177795410156,35.216548919677734,0,1038240,0.0
brown_0.05,0,8,48.0,v925,-35.411258697509766,31.034730911254883,0,1038240,0.0
brown_0.05,0,8,48.0,v1000,-24.49220848083496,23.661935806274414,0,1038240,0.0
brown_0.05,0,8,48.0,z50,177227.421875,208247.828125,0,1038240,0.0
brown_0.05,0,8,48.0,z100,140360.984375,165661.71875,0,1038240,0.0
brown_0.05,0,8,48.0,z150,117617.6796875,141655.15625,0,1038240,0.0
brown_0.05,0,8,48.0,z200,100984.6796875,123636.5390625,0,1038240,0.0
brown_0.05,0,8,48.0,z250,87778.421875,109002.078125,0,1038240,0.0
brown_0.05,0,8,48.0,z300,76744.6953125,96461.96875,0,1038240,0.0
brown_0.05,0,8,48.0,z400,58820.23046875,75573.546875,0,1038240,0.0
brown_0.05,0,8,48.0,z500,44393.5390625,58801.54296875,0,1038240,0.0
brown_0.05,0,8,48.0,z600,32217.1953125,44595.265625,0,1038240,0.0
brown_0.05,0,8,48.0,z700,21638.80859375,32362.83984375,0,1038240,0.0
brown_0.05,0,8,48.0,z850,7915.1357421875,16616.251953125,0,1038240,0.0
brown_0.05,0,8,48.0,z925,1847.662109375,9600.02734375,0,1038240,0.0
brown_0.05,0,8,48.0,z1000,-3874.3125,3118.68408203125,0,1038240,0.0
brown_0.05,0,8,48.0,t50,179.98785400390625,235.70169067382812,0,1038240,0.0
brown_0.05,0,8,48.0,t100,186.71026611328125,236.33778381347656,0,1038240,0.0
brown_0.05,0,8,48.0,t150,190.11892700195312,241.36732482910156,0,1038240,0.0
brown_0.05,0,8,48.0,t200,192.32989501953125,241.7529296875,0,1038240,0.0
brown_0.05,0,8,48.0,t250,199.4614715576172,243.6459197998047,0,1038240,0.0
brown_0.05,0,8,48.0,t300,204.694091796875,250.23472595214844,0,1038240,0.0
brown_0.05,0,8,48.0,t400,214.44802856445312,264.4364318847656,0,1038240,0.0
brown_0.05,0,8,48.0,t500,221.51303100585938,275.6092834472656,0,1038240,0.0
brown_0.05,0,8,48.0,t600,212.08209228515625,286.54681396484375,0,1038240,0.0
brown_0.05,0,8,48.0,t700,214.2127227783203,295.7898254394531,0,1038240,0.0
brown_0.05,0,8,48.0,t850,223.79287719726562,308.6041564941406,0,1038240,0.0
brown_0.05,0,8,48.0,t925,227.57516479492188,314.3842468261719,0,1038240,0.0
brown_0.05,0,8,48.0,t1000,231.3575439453125,318.9427490234375,0,1038240,0.0
brown_0.05,0,8,48.0,q50,3.22091636917321e-07,2.0050226794410264e-06,0,1038240,0.0
brown_0.05,0,8,48.0,q100,7.811966042936547e-07,6.078947080823127e-06,0,1038240,0.0
brown_0.05,0,8,48.0,q150,2.2314816305879503e-07,3.398639819351956e-05,0,1038240,0.0
brown_0.05,0,8,48.0,q200,-4.129926310270093e-06,0.00019423470075707883,12310,1038240,0.011856603482817075
brown_0.05,0,8,48.0,q250,-1.104078910429962e-05,0.0006339395768009126,23615,1038240,0.022745222684543074
brown_0.05,0,8,48.0,q300,-2.8868933441117406e-05,0.0014783750521019101,22784,1038240,0.021944829711820005
brown_0.05,0,8,48.0,q400,-6.158280302770436e-05,0.004341329447925091,38541,1038240,0.03712147480351364
brown_0.05,0,8,48.0,q500,-0.00011366652324795723,0.007152688689529896,31792,1038240,0.030621051009400525
brown_0.05,0,8,48.0,q600,-0.00020417245104908943,0.009577627293765545,28819,1038240,0.027757551240560948
brown_0.05,0,8,48.0,q700,-0.0003782752901315689,0.012879755347967148,45643,1038240,0.04396189705655725
brown_0.05,0,8,48.0,q850,-0.0005588908679783344,0.018215881660580635,51275,1038240,0.04938646170442287
brown_0.05,0,8,48.0,q925,-0.0006445734761655331,0.01953912526369095,54760,1038240,0.0527431037139775
brown_0.05,0,8,48.0,q1000,-0.0008433735929429531,0.024845093488693237,55667,1038240,0.05361669748805671
brown_0.05,0,9,54.0,u10m,-22.316370010375977,21.400712966918945,0,1038240,0.0
brown_0.05,0,9,54.0,v10m,-20.129589080810547,22.984508514404297,0,1038240,0.0
brown_0.05,0,9,54.0,u100m,-28.916637420654297,27.767780303955078,0,1038240,0.0
brown_0.05,0,9,54.0,v100m,-26.454143524169922,29.793243408203125,0,1038240,0.0
brown_0.05,0,9,54.0,t2m,200.0710906982422,315.7739562988281,0,1038240,0.0
brown_0.05,0,9,54.0,sp,49011.41015625,103854.546875,0,1038240,0.0
brown_0.05,0,9,54.0,msl,95096.734375,103801.828125,0,1038240,0.0
brown_0.05,0,9,54.0,tcwv,-2.220104217529297,78.44709777832031,49020,1038240,0.04721451687471105
brown_0.05,0,9,54.0,u50,-30.790531158447266,72.24613952636719,0,1038240,0.0
brown_0.05,0,9,54.0,u100,-33.4671516418457,63.424530029296875,0,1038240,0.0
brown_0.05,0,9,54.0,u150,-32.94805145263672,67.55609893798828,0,1038240,0.0
brown_0.05,0,9,54.0,u200,-39.82048034667969,81.31107330322266,0,1038240,0.0
brown_0.05,0,9,54.0,u250,-35.17023849487305,82.01799011230469,0,1038240,0.0
brown_0.05,0,9,54.0,u300,-36.85823059082031,77.27205657958984,0,1038240,0.0
brown_0.05,0,9,54.0,u400,-34.79131317138672,63.165618896484375,0,1038240,0.0
brown_0.05,0,9,54.0,u500,-26.16469955444336,54.28226089477539,0,1038240,0.0
brown_0.05,0,9,54.0,u600,-28.55034828186035,45.17289352416992,0,1038240,0.0
brown_0.05,0,9,54.0,u700,-32.4520149230957,36.12060546875,0,1038240,0.0
brown_0.05,0,9,54.0,u850,-38.012454986572266,33.0816764831543,0,1038240,0.0
brown_0.05,0,9,54.0,u925,-36.611907958984375,34.45677947998047,0,1038240,0.0
brown_0.05,0,9,54.0,u1000,-23.217426300048828,21.71506690979004,0,1038240,0.0
brown_0.05,0,9,54.0,v50,-24.54950714111328,21.894882202148438,0,1038240,0.0
brown_0.05,0,9,54.0,v100,-23.722082138061523,21.143571853637695,0,1038240,0.0
brown_0.05,0,9,54.0,v150,-29.184335708618164,31.14800262451172,0,1038240,0.0
brown_0.05,0,9,54.0,v200,-43.9315299987793,45.24760055541992,0,1038240,0.0
brown_0.05,0,9,54.0,v250,-52.166587829589844,50.30107498168945,0,1038240,0.0
brown_0.05,0,9,54.0,v300,-54.981868743896484,57.03443145751953,0,1038240,0.0
brown_0.05,0,9,54.0,v400,-48.51835632324219,57.840362548828125,0,1038240,0.0
brown_0.05,0,9,54.0,v500,-43.64825439453125,51.18163299560547,0,1038240,0.0
brown_0.05,0,9,54.0,v600,-32.88499069213867,39.06575012207031,0,1038240,0.0
brown_0.05,0,9,54.0,v700,-28.479785919189453,35.2551383972168,0,1038240,0.0
brown_0.05,0,9,54.0,v850,-33.17165756225586,36.72772216796875,0,1038240,0.0
brown_0.05,0,9,54.0,v925,-31.725046157836914,36.82398223876953,0,1038240,0.0
brown_0.05,0,9,54.0,v1000,-20.67896842956543,23.628578186035156,0,1038240,0.0
brown_0.05,0,9,54.0,z50,176973.828125,208367.0,0,1038240,0.0
brown_0.05,0,9,54.0,z100,140336.328125,165838.140625,0,1038240,0.0
brown_0.05,0,9,54.0,z150,117640.921875,141902.625,0,1038240,0.0
brown_0.05,0,9,54.0,z200,100933.4375,123804.0625,0,1038240,0.0
brown_0.05,0,9,54.0,z250,87747.59375,109022.4453125,0,1038240,0.0
brown_0.05,0,9,54.0,z300,76716.8125,96496.328125,0,1038240,0.0
brown_0.05,0,9,54.0,z400,58759.9765625,75632.359375,0,1038240,0.0
brown_0.05,0,9,54.0,z500,44360.796875,58782.5234375,0,1038240,0.0
brown_0.05,0,9,54.0,z600,32208.73828125,44585.3671875,0,1038240,0.0
brown_0.05,0,9,54.0,z700,21684.41015625,32340.736328125,0,1038240,0.0
brown_0.05,0,9,54.0,z850,8019.5908203125,16581.15234375,0,1038240,0.0
brown_0.05,0,9,54.0,z925,1981.6826171875,9556.4072265625,0,1038240,0.0
brown_0.05,0,9,54.0,z1000,-3715.314453125,3082.38818359375,0,1038240,0.0
brown_0.05,0,9,54.0,t50,180.21913146972656,235.83340454101562,0,1038240,0.0
brown_0.05,0,9,54.0,t100,186.95028686523438,236.60604858398438,0,1038240,0.0
brown_0.05,0,9,54.0,t150,190.5070343017578,241.82339477539062,0,1038240,0.0
brown_0.05,0,9,54.0,t200,192.8318634033203,241.62496948242188,0,1038240,0.0
brown_0.05,0,9,54.0,t250,199.91366577148438,243.63555908203125,0,1038240,0.0
brown_0.05,0,9,54.0,t300,203.52725219726562,251.0033416748047,0,1038240,0.0
brown_0.05,0,9,54.0,t400,213.6504364013672,264.6889343261719,0,1038240,0.0
brown_0.05,0,9,54.0,t500,220.0083465576172,275.9632568359375,0,1038240,0.0
brown_0.05,0,9,54.0,t600,210.19903564453125,288.5321044921875,0,1038240,0.0
brown_0.05,0,9,54.0,t700,212.15585327148438,299.93292236328125,0,1038240,0.0
brown_0.05,0,9,54.0,t850,222.02796936035156,311.8040466308594,0,1038240,0.0
brown_0.05,0,9,54.0,t925,225.8137969970703,316.65740966796875,0,1038240,0.0
brown_0.05,0,9,54.0,t1000,229.4046173095703,321.7862548828125,0,1038240,0.0
brown_0.05,0,9,54.0,q50,3.6068558983970433e-07,2.0126728941249894e-06,0,1038240,0.0
brown_0.05,0,9,54.0,q100,8.636569646114367e-07,5.781103027402423e-06,0,1038240,0.0
brown_0.05,0,9,54.0,q150,-5.489437171490863e-08,3.5151057090843096e-05,73,1038240,7.031129603945137e-05
brown_0.05,0,9,54.0,q200,-6.150436092866585e-06,0.0002113323862431571,10152,1038240,0.009778085991678225
brown_0.05,0,9,54.0,q250,-1.3588196452474222e-05,0.0006953076808713377,20050,1038240,0.019311527199876714
brown_0.05,0,9,54.0,q300,-2.412270987406373e-05,0.001581369200721383,19830,1038240,0.019099630143319463
brown_0.05,0,9,54.0,q400,-6.03503140155226e-05,0.00437864800915122,36355,1038240,0.035015988596085686
brown_0.05,0,9,54.0,q500,-0.00013210519682615995,0.007840447127819061,26667,1038240,0.025684812760055478
brown_0.05,0,9,54.0,q600,-0.00017609656788408756,0.011011367663741112,21861,1038240,0.021055825242718446
brown_0.05,0,9,54.0,q700,-0.0004543506074696779,0.013197602704167366,44398,1038240,0.04276275235013099
brown_0.05,0,9,54.0,q850,-0.0005718083120882511,0.018307900056242943,48839,1038240,0.04704018338727076
brown_0.05,0,9,54.0,q925,-0.0006123315542936325,0.020510779693722725,56068,1038240,0.05400292803205425
brown_0.05,0,9,54.0,q1000,-0.0006207735277712345,0.024745618924498558,54800,1038240,0.05278163045153336
brown_0.05,0,10,60.0,u10m,-24.264076232910156,20.875858306884766,0,1038240,0.0
brown_0.05,0,10,60.0,v10m,-20.094833374023438,23.147830963134766,0,1038240,0.0
brown_0.05,0,10,60.0,u100m,-31.101791381835938,26.813819885253906,0,1038240,0.0
brown_0.05,0,10,60.0,v100m,-26.01957130432129,29.430343627929688,0,1038240,0.0
brown_0.05,0,10,60.0,t2m,200.30552673339844,321.6271057128906,0,1038240,0.0
brown_0.05,0,10,60.0,sp,48971.6953125,103892.703125,0,1038240,0.0
brown_0.05,0,10,60.0,msl,95220.140625,103841.59375,0,1038240,0.0
brown_0.05,0,10,60.0,tcwv,-2.3933067321777344,78.9484634399414,40773,1038240,0.039271266759130834
brown_0.05,0,10,60.0,u50,-29.167850494384766,69.68124389648438,0,1038240,0.0
brown_0.05,0,10,60.0,u100,-32.79086685180664,60.101470947265625,0,1038240,0.0
brown_0.05,0,10,60.0,u150,-31.875349044799805,67.23529052734375,0,1038240,0.0
brown_0.05,0,10,60.0,u200,-36.201011657714844,82.67559814453125,0,1038240,0.0
brown_0.05,0,10,60.0,u250,-33.59458541870117,79.01741027832031,0,1038240,0.0
brown_0.05,0,10,60.0,u300,-29.624927520751953,76.87681579589844,0,1038240,0.0
brown_0.05,0,10,60.0,u400,-28.205373764038086,64.24644470214844,0,1038240,0.0
brown_0.05,0,10,60.0,u500,-28.09915542602539,53.0040283203125,0,1038240,0.0
brown_0.05,0,10,60.0,u600,-29.955556869506836,43.0086555480957,0,1038240,0.0
brown_0.05,0,10,60.0,u700,-35.77786636352539,35.71703338623047,0,1038240,0.0
brown_0.05,0,10,60.0,u850,-40.63029861450195,30.77976417541504,0,1038240,0.0
brown_0.05,0,10,60.0,u925,-36.800655364990234,32.823997497558594,0,1038240,0.0
brown_0.05,0,10,60.0,u1000,-24.121986389160156,21.55070686340332,0,1038240,0.0
brown_0.05,0,10,60.0,v50,-24.393985748291016,21.29648780822754,0,1038240,0.0
brown_0.05,0,10,60.0,v100,-25.3895320892334,22.69675636291504,0,1038240,0.0
brown_0.05,0,10,60.0,v150,-31.374303817749023,33.2540168762207,0,1038240,0.0
brown_0.05,0,10,60.0,v200,-47.61839294433594,43.65334701538086,0,1038240,0.0
brown_0.05,0,10,60.0,v250,-55.29203414916992,51.591888427734375,0,1038240,0.0
brown_0.05,0,10,60.0,v300,-57.188873291015625,57.690643310546875,0,1038240,0.0
brown_0.05,0,10,60.0,v400,-51.34061050415039,56.582725524902344,0,1038240,0.0
brown_0.05,0,10,60.0,v500,-44.09587097167969,49.463645935058594,0,1038240,0.0
brown_0.05,0,10,60.0,v600,-34.029624938964844,38.61102294921875,0,1038240,0.0
brown_0.05,0,10,60.0,v700,-27.797752380371094,34.782554626464844,0,1038240,0.0
brown_0.05,0,10,60.0,v850,-31.65796661376953,34.58765411376953,0,1038240,0.0
brown_0.05,0,10,60.0,v925,-33.37458038330078,35.83333969116211,0,1038240,0.0
brown_0.05,0,10,60.0,v1000,-21.587291717529297,23.677265167236328,0,1038240,0.0
brown_0.05,0,10,60.0,z50,176782.71875,208509.40625,0,1038240,0.0
brown_0.05,0,10,60.0,z100,140269.140625,166035.859375,0,1038240,0.0
brown_0.05,0,10,60.0,z150,117516.703125,142153.6875,0,1038240,0.0
brown_0.05,0,10,60.0,z200,100690.1484375,123958.28125,0,1038240,0.0
brown_0.05,0,10,60.0,z250,87464.890625,108986.2734375,0,1038240,0.0
brown_0.05,0,10,60.0,z300,76626.4921875,96402.8046875,0,1038240,0.0
brown_0.05,0,10,60.0,z400,58739.8828125,75561.5078125,0,1038240,0.0
brown_0.05,0,10,60.0,z500,44344.203125,58726.73046875,0,1038240,0.0
brown_0.05,0,10,60.0,z600,32221.9375,44575.25390625,0,1038240,0.0
brown_0.05,0,10,60.0,z700,21741.458984375,32346.6875,0,1038240,0.0
brown_0.05,0,10,60.0,z850,8121.34716796875,16585.33203125,0,1038240,0.0
brown_0.05,0,10,60.0,z925,2081.81103515625,9557.75390625,0,1038240,0.0
brown_0.05,0,10,60.0,z1000,-3608.24072265625,3107.8388671875,0,1038240,0.0
brown_0.05,0,10,60.0,t50,180.18576049804688,235.94729614257812,0,1038240,0.0
brown_0.05,0,10,60.0,t100,186.97515869140625,237.20407104492188,0,1038240,0.0
brown_0.05,0,10,60.0,t150,190.73287963867188,241.9358673095703,0,1038240,0.0
brown_0.05,0,10,60.0,t200,192.99635314941406,241.67112731933594,0,1038240,0.0
brown_0.05,0,10,60.0,t250,198.98602294921875,243.79469299316406,0,1038240,0.0
brown_0.05,0,10,60.0,t300,202.72073364257812,250.99618530273438,0,1038240,0.0
brown_0.05,0,10,60.0,t400,213.3221435546875,265.92724609375,0,1038240,0.0
brown_0.05,0,10,60.0,t500,219.3096923828125,278.4256591796875,0,1038240,0.0
brown_0.05,0,10,60.0,t600,213.11520385742188,290.4239196777344,0,1038240,0.0
brown_0.05,0,10,60.0,t700,210.87326049804688,303.1926574707031,0,1038240,0.0
brown_0.05,0,10,60.0,t850,220.8291015625,313.824951171875,0,1038240,0.0
brown_0.05,0,10,60.0,t925,224.49586486816406,319.012939453125,0,1038240,0.0
brown_0.05,0,10,60.0,t1000,228.1044464111328,324.234619140625,0,1038240,0.0
brown_0.05,0,10,60.0,q50,3.9541237129014917e-07,2.017645556406933e-06,0,1038240,0.0
brown_0.05,0,10,60.0,q100,9.439849009140744e-07,5.516509190783836e-06,0,1038240,0.0
brown_0.05,0,10,60.0,q150,2.231627149740234e-08,4.391556649352424e-05,0,1038240,0.0
brown_0.05,0,10,60.0,q200,-8.18538319435902e-06,0.00021718656353186816,9400,1038240,0.009053783325627986
brown_0.05,0,10,60.0,q250,-1.3715685781789944e-05,0.0006901876186020672,16551,1038240,0.01594140083217753
brown_0.05,0,10,60.0,q300,-2.375719486735761e-05,0.001619432121515274,16212,1038240,0.015614886731391586
brown_0.05,0,10,60.0,q400,-7.060810457915068e-05,0.004474132787436247,32196,1038240,0.031010171058714748
brown_0.05,0,10,60.0,q500,-0.00020669959485530853,0.008123423904180527,24075,1038240,0.023188280166435506
brown_0.05,0,10,60.0,q600,-0.00023690576199442148,0.00995984859764576,18921,1038240,0.018224110032362458
brown_0.05,0,10,60.0,q700,-0.00041822041384875774,0.013009782880544662,37098,1038240,0.035731622746185854
brown_0.05,0,10,60.0,q850,-0.0004878104664385319,0.018411001190543175,42575,1038240,0.0410068962860225
brown_0.05,0,10,60.0,q925,-0.0005072839558124542,0.02058616280555725,50356,1038240,0.048501309909076896
brown_0.05,0,10,60.0,q1000,-0.0006462708115577698,0.025555454194545746,47516,1038240,0.045765911542610574
brown_0.05,0,11,66.0,u10m,-26.1512508392334,21.282739639282227,0,1038240,0.0
brown_0.05,0,11,66.0,v10m,-22.98360252380371,22.652603149414062,0,1038240,0.0
brown_0.05,0,11,66.0,u100m,-33.99697494506836,27.24342918395996,0,1038240,0.0
brown_0.05,0,11,66.0,v100m,-29.805938720703125,29.12238883972168,0,1038240,0.0
brown_0.05,0,11,66.0,t2m,201.0216064453125,320.8657531738281,0,1038240,0.0
brown_0.05,0,11,66.0,sp,49144.046875,103864.28125,0,1038240,0.0
brown_0.05,0,11,66.0,msl,95515.453125,103814.59375,0,1038240,0.0
brown_0.05,0,11,66.0,tcwv,-2.027599334716797,78.95275115966797,31862,1038240,0.030688472800123285
brown_0.05,0,11,66.0,u50,-28.883155822753906,69.71513366699219,0,1038240,0.0
brown_0.05,0,11,66.0,u100,-30.09450912475586,59.04525375366211,0,1038240,0.0
brown_0.05,0,11,66.0,u150,-33.060447692871094,69.38392639160156,0,1038240,0.0
brown_0.05,0,11,66.0,u200,-34.606239318847656,84.67808532714844,0,1038240,0.0
brown_0.05,0,11,66.0,u250,-36.98251724243164,80.86613464355469,0,1038240,0.0
brown_0.05,0,11,66.0,u300,-32.255855560302734,76.48756408691406,0,1038240,0.0
brown_0.05,0,11,66.0,u400,-30.995325088500977,64.13362121582031,0,1038240,0.0
brown_0.05,0,11,66.0,u500,-32.400333404541016,54.59541320800781,0,1038240,0.0
brown_0.05,0,11,66.0,u600,-28.737565994262695,43.496578216552734,0,1038240,0.0
brown_0.05,0,11,66.0,u700,-31.43722152709961,37.69674301147461,0,1038240,0.0
brown_0.05,0,11,66.0,u850,-43.903533935546875,33.363834381103516,0,1038240,0.0
brown_0.05,0,11,66.0,u925,-40.434207916259766,33.04189682006836,0,1038240,0.0
brown_0.05,0,11,66.0,u1000,-26.21222686767578,22.64877700805664,0,1038240,0.0
brown_0.05,0,11,66.0,v50,-22.324941635131836,20.153060913085938,0,1038240,0.0
brown_0.05,0,11,66.0,v100,-24.895753860473633,20.706024169921875,0,1038240,0.0
brown_0.05,0,11,66.0,v150,-34.85643005371094,33.53907012939453,0,1038240,0.0
brown_0.05,0,11,66.0,v200,-47.047386169433594,42.18169021606445,0,1038240,0.0
brown_0.05,0,11,66.0,v250,-55.504066467285156,46.780433654785156,0,1038240,0.0
brown_0.05,0,11,66.0,v300,-54.3241081237793,51.83675765991211,0,1038240,0.0
brown_0.05,0,11,66.0,v400,-52.804443359375,54.36347961425781,0,1038240,0.0
brown_0.05,0,11,66.0,v500,-43.6859245300293,47.37936019897461,0,1038240,0.0
brown_0.05,0,11,66.0,v600,-37.111087799072266,37.39496994018555,0,1038240,0.0
brown_0.05,0,11,66.0,v700,-31.76580238342285,33.332603454589844,0,1038240,0.0
brown_0.05,0,11,66.0,v850,-32.43692398071289,35.75955581665039,0,1038240,0.0
brown_0.05,0,11,66.0,v925,-30.014949798583984,37.20769119262695,0,1038240,0.0
brown_0.05,0,11,66.0,v1000,-23.531673431396484,23.045291900634766,0,1038240,0.0
brown_0.05,0,11,66.0,z50,176715.375,208390.640625,0,1038240,0.0
brown_0.05,0,11,66.0,z100,140183.53125,166101.3125,0,1038240,0.0
brown_0.05,0,11,66.0,z150,117403.375,142017.5625,0,1038240,0.0
brown_0.05,0,11,66.0,z200,100558.5234375,123862.203125,0,1038240,0.0
brown_0.05,0,11,66.0,z250,87313.8984375,109124.890625,0,1038240,0.0
brown_0.05,0,11,66.0,z300,76457.0390625,96616.3203125,0,1038240,0.0
brown_0.05,0,11,66.0,z400,58818.08203125,75781.75,0,1038240,0.0
brown_0.05,0,11,66.0,z500,44436.0234375,58813.00390625,0,1038240,0.0
brown_0.05,0,11,66.0,z600,32365.38671875,44532.1484375,0,1038240,0.0
brown_0.05,0,11,66.0,z700,21929.55859375,32306.466796875,0,1038240,0.0
brown_0.05,0,11,66.0,z850,8337.44140625,16547.01953125,0,1038240,0.0
brown_0.05,0,11,66.0,z925,2315.0615234375,9516.099609375,0,1038240,0.0
brown_0.05,0,11,66.0,z1000,-3374.0986328125,3075.517578125,0,1038240,0.0
brown_0.05,0,11,66.0,t50,180.39602661132812,236.0895233154297,0,1038240,0.0
brown_0.05,0,11,66.0,t100,187.4844970703125,237.63414001464844,0,1038240,0.0
brown_0.05,0,11,66.0,t150,191.40760803222656,242.72694396972656,0,1038240,0.0
brown_0.05,0,11,66.0,t200,192.88409423828125,242.6237335205078,0,1038240,0.0
brown_0.05,0,11,66.0,t250,198.29632568359375,243.61569213867188,0,1038240,0.0
brown_0.05,0,11,66.0,t300,202.33663940429688,250.69712829589844,0,1038240,0.0
brown_0.05,0,11,66.0,t400,212.8785400390625,265.0557556152344,0,1038240,0.0
brown_0.05,0,11,66.0,t500,219.30078125,275.8186340332031,0,1038240,0.0
brown_0.05,0,11,66.0,t600,213.015380859375,288.6510009765625,0,1038240,0.0
brown_0.05,0,11,66.0,t700,212.1254119873047,299.8362121582031,0,1038240,0.0
brown_0.05,0,11,66.0,t850,219.93296813964844,310.3692626953125,0,1038240,0.0
brown_0.05,0,11,66.0,t925,223.63720703125,315.61669921875,0,1038240,0.0
brown_0.05,0,11,66.0,t1000,227.19186401367188,320.6077575683594,0,1038240,0.0
brown_0.05,0,11,66.0,q50,4.3267277760605793e-07,2.025861249421723e-06,0,1038240,0.0
brown_0.05,0,11,66.0,q100,1.0109670256497338e-06,5.249768037174363e-06,0,1038240,0.0
brown_0.05,0,11,66.0,q150,1.8573518900666386e-07,4.0918886952567846e-05,0,1038240,0.0
brown_0.05,0,11,66.0,q200,-8.112525392789394e-06,0.00021313641627784818,10902,1038240,0.010500462320850671
brown_0.05,0,11,66.0,q250,-1.3784705515718088e-05,0.0006800378323532641,16591,1038240,0.015979927569733394
brown_0.05,0,11,66.0,q300,-2.7969435905106366e-05,0.0016068816184997559,17549,1038240,0.016902642934196334
brown_0.05,0,11,66.0,q400,-7.097437628544867e-05,0.004450828768312931,27300,1038240,0.026294498381877023
brown_0.05,0,11,66.0,q500,-8.251110557466745e-05,0.007701373193413019,15156,1038240,0.014597780859916783
brown_0.05,0,11,66.0,q600,-0.00023067800793796778,0.009797397069633007,17799,1038240,0.01714343504392048
brown_0.05,0,11,66.0,q700,-0.0003731141332536936,0.01259494386613369,38366,1038240,0.03695292032670673
brown_0.05,0,11,66.0,q850,-0.0006578518077731133,0.018812650814652443,41400,1038240,0.039875173370319004
brown_0.05,0,11,66.0,q925,-0.0005487860180437565,0.020310331135988235,47781,1038240,0.04602115117891817
brown_0.05,0,11,66.0,q1000,-0.0006351848132908344,0.025939831510186195,41789,1038240,0.04024984589304978
brown_0.05,0,12,72.0,u10m,-21.79624366760254,22.072715759277344,0,1038240,0.0
brown_0.05,0,12,72.0,v10m,-23.000638961791992,21.246288299560547,0,1038240,0.0
brown_0.05,0,12,72.0,u100m,-27.84198760986328,28.054275512695312,0,1038240,0.0
brown_0.05,0,12,72.0,v100m,-29.902772903442383,26.557727813720703,0,1038240,0.0
brown_0.05,0,12,72.0,t2m,202.27786254882812,320.02008056640625,0,1038240,0.0
brown_0.05,0,12,72.0,sp,49049.21875,103852.9375,0,1038240,0.0
brown_0.05,0,12,72.0,msl,95902.484375,103811.9140625,0,1038240,0.0
brown_0.05,0,12,72.0,tcwv,-2.0361289978027344,76.1798324584961,34061,1038240,0.0328064801972569
brown_0.05,0,12,72.0,u50,-30.058475494384766,68.28323364257812,0,1038240,0.0
brown_0.05,0,12,72.0,u100,-31.140888214111328,58.460201263427734,0,1038240,0.0
brown_0.05,0,12,72.0,u150,-33.441612243652344,69.3653335571289,0,1038240,0.0
brown_0.05,0,12,72.0,u200,-35.613525390625,84.2560043334961,0,1038240,0.0
brown_0.05,0,12,72.0,u250,-36.69982147216797,83.79649353027344,0,1038240,0.0
brown_0.05,0,12,72.0,u300,-32.930694580078125,76.99068450927734,0,1038240,0.0
brown_0.05,0,12,72.0,u400,-36.70240783691406,63.464683532714844,0,1038240,0.0
brown_0.05,0,12,72.0,u500,-39.51482391357422,53.486595153808594,0,1038240,0.0
brown_0.05,0,12,72.0,u600,-35.515830993652344,43.666072845458984,0,1038240,0.0
brown_0.05,0,12,72.0,u700,-30.660011291503906,38.68492126464844,0,1038240,0.0
brown_0.05,0,12,72.0,u850,-37.32106018066406,32.88412857055664,0,1038240,0.0
brown_0.05,0,12,72.0,u925,-35.84368896484375,34.53853225708008,0,1038240,0.0
brown_0.05,0,12,72.0,u1000,-21.897315979003906,22.510883331298828,0,1038240,0.0
brown_0.05,0,12,72.0,v50,-22.79969596862793,21.01438331604004,0,1038240,0.0
brown_0.05,0,12,72.0,v100,-23.980934143066406,21.798559188842773,0,1038240,0.0
brown_0.05,0,12,72.0,v150,-35.954219818115234,34.68651580810547,0,1038240,0.0
brown_0.05,0,12,72.0,v200,-46.21722412109375,42.730716705322266,0,1038240,0.0
brown_0.05,0,12,72.0,v250,-56.18873596191406,48.38077163696289,0,1038240,0.0
brown_0.05,0,12,72.0,v300,-56.03044128417969,51.42806625366211,0,1038240,0.0
brown_0.05,0,12,72.0,v400,-51.581787109375,50.40361785888672,0,1038240,0.0
brown_0.05,0,12,72.0,v500,-43.58616256713867,44.75580596923828,0,1038240,0.0
brown_0.05,0,12,72.0,v600,-35.423851013183594,34.78396987915039,0,1038240,0.0
brown_0.05,0,12,72.0,v700,-28.99012565612793,30.48494529724121,0,1038240,0.0
brown_0.05,0,12,72.0,v850,-30.65569305419922,31.600271224975586,0,1038240,0.0
brown_0.05,0,12,72.0,v925,-30.312503814697266,33.00041198730469,0,1038240,0.0
brown_0.05,0,12,72.0,v1000,-23.28748893737793,21.243566513061523,0,1038240,0.0
brown_0.05,0,12,72.0,z50,176656.875,208413.6875,0,1038240,0.0
brown_0.05,0,12,72.0,z100,140199.5,165985.703125,0,1038240,0.0
brown_0.05,0,12,72.0,z150,117400.7265625,141872.28125,0,1038240,0.0
brown_0.05,0,12,72.0,z200,100552.375,123870.6328125,0,1038240,0.0
brown_0.05,0,12,72.0,z250,87312.046875,109257.96875,0,1038240,0.0
brown_0.05,0,12,72.0,z300,76451.59375,96720.8046875,0,1038240,0.0
brown_0.05,0,12,72.0,z400,59034.51171875,75812.78125,0,1038240,0.0
brown_0.05,0,12,72.0,z500,44654.38671875,58781.4609375,0,1038240,0.0
brown_0.05,0,12,72.0,z600,32617.345703125,44571.6796875,0,1038240,0.0
brown_0.05,0,12,72.0,z700,22232.4921875,32338.86328125,0,1038240,0.0
brown_0.05,0,12,72.0,z850,8620.046875,16548.873046875,0,1038240,0.0
brown_0.05,0,12,72.0,z925,2596.751953125,9509.4755859375,0,1038240,0.0
brown_0.05,0,12,72.0,z1000,-3120.3125,3073.46044921875,0,1038240,0.0
brown_0.05,0,12,72.0,t50,180.0858154296875,236.2884979248047,0,1038240,0.0
brown_0.05,0,12,72.0,t100,186.95401000976562,238.22975158691406,0,1038240,0.0
brown_0.05,0,12,72.0,t150,191.1875762939453,243.19630432128906,0,1038240,0.0
brown_0.05,0,12,72.0,t200,192.02981567382812,243.42440795898438,0,1038240,0.0
brown_0.05,0,12,72.0,t250,197.93307495117188,243.84396362304688,0,1038240,0.0
brown_0.05,0,12,72.0,t300,201.8430938720703,250.83633422851562,0,1038240,0.0
brown_0.05,0,12,72.0,t400,212.04330444335938,264.32330322265625,0,1038240,0.0
brown_0.05,0,12,72.0,t500,219.2464599609375,275.00604248046875,0,1038240,0.0
brown_0.05,0,12,72.0,t600,211.74298095703125,286.7428894042969,0,1038240,0.0
brown_0.05,0,12,72.0,t700,211.21530151367188,295.1944885253906,0,1038240,0.0
brown_0.05,0,12,72.0,t850,219.19915771484375,309.7471923828125,0,1038240,0.0
brown_0.05,0,12,72.0,t925,222.74710083007812,314.9470520019531,0,1038240,0.0
brown_0.05,0,12,72.0,t1000,226.2602996826172,319.82550048828125,0,1038240,0.0
brown_0.05,0,12,72.0,q50,4.610969881468918e-07,2.0345073608041275e-06,0,1038240,0.0
brown_0.05,0,12,72.0,q100,1.0658609426172916e-06,5.044582394475583e-06,0,1038240,0.0
brown_0.05,0,12,72.0,q150,3.607442522479687e-07,3.474991171970032e-05,0,1038240,0.0
brown_0.05,0,12,72.0,q200,-6.7954570113215595e-06,0.00020054803462699056,10096,1038240,0.009724148559100015
brown_0.05,0,12,72.0,q250,-1.2485306797316298e-05,0.0006795689114369452,18569,1038240,0.017885074741870857
brown_0.05,0,12,72.0,q300,-2.3256201529875398e-05,0.0015896722907200456,19650,1038240,0.018926259824318076
brown_0.05,0,12,72.0,q400,-4.8160116421058774e-05,0.004279779735952616,24555,1038240,0.023650601017105873
brown_0.05,0,12,72.0,q500,-8.140539284795523e-05,0.0073349252343177795,14125,1038240,0.013604754199414393
brown_0.05,0,12,72.0,q600,-0.00019334221724420786,0.009922751225531101,17400,1038240,0.01675913083680074
brown_0.05,0,12,72.0,q700,-0.00042011518962681293,0.012729700654745102,28932,1038240,0.027866389274156265
brown_0.05,0,12,72.0,q850,-0.0006082113832235336,0.018417587503790855,36083,1038240,0.03475400678070581
brown_0.05,0,12,72.0,q925,-0.0005898694507777691,0.02036883868277073,40341,1038240,0.03885517799352751
brown_0.05,0,12,72.0,q1000,-0.0006419899873435497,0.025858687236905098,37466,1038240,0.0360860687316998
brown_0.05,0,13,78.0,u10m,-18.569259643554688,20.620540618896484,0,1038240,0.0
brown_0.05,0,13,78.0,v10m,-25.451242446899414,18.587345123291016,0,1038240,0.0
brown_0.05,0,13,78.0,u100m,-24.83624267578125,25.920656204223633,0,1038240,0.0
brown_0.05,0,13,78.0,v100m,-32.228858947753906,23.24692726135254,0,1038240,0.0
brown_0.05,0,13,78.0,t2m,202.70237731933594,316.01580810546875,0,1038240,0.0
brown_0.05,0,13,78.0,sp,49067.75,103782.9140625,0,1038240,0.0
brown_0.05,0,13,78.0,msl,95951.3046875,103743.8515625,0,1038240,0.0
brown_0.05,0,13,78.0,tcwv,-1.9851264953613281,75.17382049560547,33569,1038240,0.032332601325319774
brown_0.05,0,13,78.0,u50,-31.892898559570312,68.86507415771484,0,1038240,0.0
brown_0.05,0,13,78.0,u100,-31.24679946899414,57.026180267333984,0,1038240,0.0
brown_0.05,0,13,78.0,u150,-34.15351104736328,69.36675262451172,0,1038240,0.0
brown_0.05,0,13,78.0,u200,-36.01458740234375,84.66136932373047,0,1038240,0.0
brown_0.05,0,13,78.0,u250,-36.99419403076172,83.81900024414062,0,1038240,0.0
brown_0.05,0,13,78.0,u300,-33.27984619140625,77.3450927734375,0,1038240,0.0
brown_0.05,0,13,78.0,u400,-36.31990051269531,60.33009338378906,0,1038240,0.0
brown_0.05,0,13,78.0,u500,-40.59070587158203,51.88328170776367,0,1038240,0.0
brown_0.05,0,13,78.0,u600,-37.164527893066406,45.3140869140625,0,1038240,0.0
brown_0.05,0,13,78.0,u700,-29.93541717529297,38.789466857910156,0,1038240,0.0
brown_0.05,0,13,78.0,u850,-31.945039749145508,34.76224136352539,0,1038240,0.0
brown_0.05,0,13,78.0,u925,-30.402053833007812,33.257469177246094,0,1038240,0.0
brown_0.05,0,13,78.0,u1000,-20.550256729125977,24.004507064819336,0,1038240,0.0
brown_0.05,0,13,78.0,v50,-22.98807144165039,19.61348533630371,0,1038240,0.0
brown_0.05,0,13,78.0,v100,-22.14203643798828,22.17285919189453,0,1038240,0.0
brown_0.05,0,13,78.0,v150,-34.877769470214844,35.47475814819336,0,1038240,0.0
brown_0.05,0,13,78.0,v200,-44.45830154418945,43.97752380371094,0,1038240,0.0
brown_0.05,0,13,78.0,v250,-56.09941101074219,46.65704345703125,0,1038240,0.0
brown_0.05,0,13,78.0,v300,-56.247154235839844,49.880584716796875,0,1038240,0.0
brown_0.05,0,13,78.0,v400,-59.763519287109375,49.13238525390625,0,1038240,0.0
brown_0.05,0,13,78.0,v500,-50.65699005126953,43.4079475402832,0,1038240,0.0
brown_0.05,0,13,78.0,v600,-35.54153823852539,32.952911376953125,0,1038240,0.0
brown_0.05,0,13,78.0,v700,-32.454368591308594,29.902551651000977,0,1038240,0.0
brown_0.05,0,13,78.0,v850,-35.408103942871094,28.97873878479004,0,1038240,0.0
brown_0.05,0,13,78.0,v925,-32.46934127807617,29.486730575561523,0,1038240,0.0
brown_0.05,0,13,78.0,v1000,-25.88256072998047,21.009811401367188,0,1038240,0.0
brown_0.05,0,13,78.0,z50,176674.625,208528.234375,0,1038240,0.0
brown_0.05,0,13,78.0,z100,140175.40625,166109.5625,0,1038240,0.0
brown_0.05,0,13,78.0,z150,117350.671875,142001.40625,0,1038240,0.0
brown_0.05,0,13,78.0,z200,100511.6484375,123846.7109375,0,1038240,0.0
brown_0.05,0,13,78.0,z250,87264.546875,109248.25,0,1038240,0.0
brown_0.05,0,13,78.0,z300,76413.625,96728.09375,0,1038240,0.0
brown_0.05,0,13,78.0,z400,59143.0859375,75855.515625,0,1038240,0.0
brown_0.05,0,13,78.0,z500,44790.68359375,58847.0234375,0,1038240,0.0
brown_0.05,0,13,78.0,z600,32763.52734375,44535.83203125,0,1038240,0.0
brown_0.05,0,13,78.0,z700,22363.9296875,32306.50390625,0,1038240,0.0
brown_0.05,0,13,78.0,z850,8756.921875,16498.05859375,0,1038240,0.0
brown_0.05,0,13,78.0,z925,2766.55224609375,9447.6171875,0,1038240,0.0
brown_0.05,0,13,78.0,z1000,-3228.220703125,3017.013671875,0,1038240,0.0
brown_0.05,0,13,78.0,t50,179.92208862304688,236.676025390625,0,1038240,0.0
brown_0.05,0,13,78.0,t100,185.74984741210938,238.62351989746094,0,1038240,0.0
brown_0.05,0,13,78.0,t150,188.84133911132812,244.0372314453125,0,1038240,0.0
brown_0.05,0,13,78.0,t200,191.53622436523438,244.09890747070312,0,1038240,0.0
brown_0.05,0,13,78.0,t250,197.80780029296875,244.03274536132812,0,1038240,0.0
brown_0.05,0,13,78.0,t300,201.7696533203125,250.62948608398438,0,1038240,0.0
brown_0.05,0,13,78.0,t400,211.9027557373047,264.6112365722656,0,1038240,0.0
brown_0.05,0,13,78.0,t500,218.95086669921875,276.28082275390625,0,1038240,0.0
brown_0.05,0,13,78.0,t600,209.41213989257812,288.277099609375,0,1038240,0.0
brown_0.05,0,13,78.0,t700,212.03408813476562,299.9707336425781,0,1038240,0.0
brown_0.05,0,13,78.0,t850,219.88209533691406,312.27874755859375,0,1038240,0.0
brown_0.05,0,13,78.0,t925,223.50108337402344,317.04229736328125,0,1038240,0.0
brown_0.05,0,13,78.0,t1000,227.0367889404297,322.05230712890625,0,1038240,0.0
brown_0.05,0,13,78.0,q50,4.939229256706312e-07,2.042350160991191e-06,0,1038240,0.0
brown_0.05,0,13,78.0,q100,1.0694191132643027e-06,4.859754426433938e-06,0,1038240,0.0
brown_0.05,0,13,78.0,q150,2.370784386585001e-07,3.603204095270485e-05,0,1038240,0.0
brown_0.05,0,13,78.0,q200,-7.116957931430079e-06,0.0001989198790397495,9826,1038240,0.009464093080597934
brown_0.05,0,13,78.0,q250,-9.41460530157201e-06,0.000676727679092437,19731,1038240,0.0190042764678687
brown_0.05,0,13,78.0,q300,-2.4745429982431233e-05,0.0015804253052920103,19969,1038240,0.01923351055632609
brown_0.05,0,13,78.0,q400,-4.055091994814575e-05,0.00421800184994936,26148,1038240,0.025184928340268146
brown_0.05,0,13,78.0,q500,-0.00011928105959668756,0.007834025658667088,13505,1038240,0.013007589767298506
brown_0.05,0,13,78.0,q600,-0.00019781605806201696,0.01131477952003479,14500,1038240,0.013965942364000616
brown_0.05,0,13,78.0,q700,-0.00038469256833195686,0.013245174661278725,34700,1038240,0.03342194482971182
brown_0.05,0,13,78.0,q850,-0.0006101983599364758,0.018512867391109467,39998,1038240,0.038524811218985974
brown_0.05,0,13,78.0,q925,-0.0005554314702749252,0.02108200080692768,48931,1038240,0.04712879488364925
brown_0.05,0,13,78.0,q1000,-0.0006105131469666958,0.025904269888997078,39512,1038240,0.03805671135768223
brown_0.05,0,14,84.0,u10m,-22.23958969116211,19.307485580444336,0,1038240,0.0
brown_0.05,0,14,84.0,v10m,-24.451448440551758,17.101167678833008,0,1038240,0.0
brown_0.05,0,14,84.0,u100m,-29.01654815673828,24.297542572021484,0,1038240,0.0
brown_0.05,0,14,84.0,v100m,-31.17430305480957,20.948410034179688,0,1038240,0.0
brown_0.05,0,14,84.0,t2m,202.88592529296875,321.6744384765625,0,1038240,0.0
brown_0.05,0,14,84.0,sp,48978.89453125,103760.8359375,0,1038240,0.0
brown_0.05,0,14,84.0,msl,95897.2109375,103731.9140625,0,1038240,0.0
brown_0.05,0,14,84.0,tcwv,-2.092081069946289,75.51634216308594,31909,1038240,0.030733741716751424
brown_0.05,0,14,84.0,u50,-30.292709350585938,68.08882141113281,0,1038240,0.0
brown_0.05,0,14,84.0,u100,-30.957565307617188,55.834022521972656,0,1038240,0.0
brown_0.05,0,14,84.0,u150,-35.045936584472656,69.23927307128906,0,1038240,0.0
brown_0.05,0,14,84.0,u200,-36.04718780517578,86.0697250366211,0,1038240,0.0
brown_0.05,0,14,84.0,u250,-36.54533386230469,85.97525024414062,0,1038240,0.0
brown_0.05,0,14,84.0,u300,-32.56271743774414,79.60595703125,0,1038240,0.0
brown_0.05,0,14,84.0,u400,-39.66316223144531,59.257080078125,0,1038240,0.0
brown_0.05,0,14,84.0,u500,-36.879764556884766,51.26533126831055,0,1038240,0.0
brown_0.05,0,14,84.0,u600,-33.98063278198242,45.13752746582031,0,1038240,0.0
brown_0.05,0,14,84.0,u700,-28.117450714111328,38.55241394042969,0,1038240,0.0
brown_0.05,0,14,84.0,u850,-32.71063232421875,36.40597915649414,0,1038240,0.0
brown_0.05,0,14,84.0,u925,-34.62804412841797,30.539587020874023,0,1038240,0.0
brown_0.05,0,14,84.0,u1000,-21.4665470123291,22.446949005126953,0,1038240,0.0
brown_0.05,0,14,84.0,v50,-23.4541072845459,20.557754516601562,0,1038240,0.0
brown_0.05,0,14,84.0,v100,-21.512588500976562,21.63664436340332,0,1038240,0.0
brown_0.05,0,14,84.0,v150,-35.233055114746094,36.795955657958984,0,1038240,0.0
brown_0.05,0,14,84.0,v200,-45.00654602050781,47.14646911621094,0,1038240,0.0
brown_0.05,0,14,84.0,v250,-54.22856521606445,46.88444900512695,0,1038240,0.0
brown_0.05,0,14,84.0,v300,-56.26841735839844,45.469783782958984,0,1038240,0.0
brown_0.05,0,14,84.0,v400,-60.543922424316406,47.010589599609375,0,1038240,0.0
brown_0.05,0,14,84.0,v500,-51.64397430419922,42.17451858520508,0,1038240,0.0
brown_0.05,0,14,84.0,v600,-39.569610595703125,36.14905548095703,0,1038240,0.0
brown_0.05,0,14,84.0,v700,-34.35677719116211,30.968000411987305,0,1038240,0.0
brown_0.05,0,14,84.0,v850,-36.80828094482422,26.325286865234375,0,1038240,0.0
brown_0.05,0,14,84.0,v925,-31.378049850463867,27.413875579833984,0,1038240,0.0
brown_0.05,0,14,84.0,v1000,-24.90189552307129,18.693622589111328,0,1038240,0.0
brown_0.05,0,14,84.0,z50,176582.015625,208633.671875,0,1038240,0.0
brown_0.05,0,14,84.0,z100,140189.78125,166245.75,0,1038240,0.0
brown_0.05,0,14,84.0,z150,117372.09375,142230.640625,0,1038240,0.0
brown_0.05,0,14,84.0,z200,100528.4296875,123952.5390625,0,1038240,0.0
brown_0.05,0,14,84.0,z250,87283.3671875,109064.421875,0,1038240,0.0
brown_0.05,0,14,84.0,z300,76424.9375,96556.0234375,0,1038240,0.0
brown_0.05,0,14,84.0,z400,59136.31640625,75707.7890625,0,1038240,0.0
brown_0.05,0,14,84.0,z500,45049.17578125,58726.01953125,0,1038240,0.0
brown_0.05,0,14,84.0,z600,32988.4453125,44499.359375,0,1038240,0.0
brown_0.05,0,14,84.0,z700,22603.890625,32282.615234375,0,1038240,0.0
brown_0.05,0,14,84.0,z850,8878.9296875,16489.6015625,0,1038240,0.0
brown_0.05,0,14,84.0,z925,2654.6240234375,9435.341796875,0,1038240,0.0
brown_0.05,0,14,84.0,z1000,-3264.7548828125,3006.8798828125,0,1038240,0.0
brown_0.05,0,14,84.0,t50,179.22239685058594,237.06179809570312,0,1038240,0.0
brown_0.05,0,14,84.0,t100,184.4710693359375,239.11561584472656,0,1038240,0.0
brown_0.05,0,14,84.0,t150,187.578857421875,243.90216064453125,0,1038240,0.0
brown_0.05,0,14,84.0,t200,192.18045043945312,243.7438201904297,0,1038240,0.0
brown_0.05,0,14,84.0,t250,197.80763244628906,244.49330139160156,0,1038240,0.0
brown_0.05,0,14,84.0,t300,202.17333984375,251.1168975830078,0,1038240,0.0
brown_0.05,0,14,84.0,t400,211.9483184814453,265.8208312988281,0,1038240,0.0
brown_0.05,0,14,84.0,t500,218.78817749023438,278.5989685058594,0,1038240,0.0
brown_0.05,0,14,84.0,t600,209.20188903808594,291.1495361328125,0,1038240,0.0
brown_0.05,0,14,84.0,t700,213.5719757080078,302.830322265625,0,1038240,0.0
brown_0.05,0,14,84.0,t850,221.50599670410156,313.3919677734375,0,1038240,0.0
brown_0.05,0,14,84.0,t925,225.04214477539062,318.3984375,0,1038240,0.0
brown_0.05,0,14,84.0,t1000,228.63392639160156,323.54998779296875,0,1038240,0.0
brown_0.05,0,14,84.0,q50,5.269932898954721e-07,2.0471190964599373e-06,0,1038240,0.0
brown_0.05,0,14,84.0,q100,1.0383459994045552e-06,4.718069249065593e-06,0,1038240,0.0
brown_0.05,0,14,84.0,q150,2.4588644009782e-07,4.481427822611295e-05,0,1038240,0.0
brown_0.05,0,14,84.0,q200,-6.6900174715556204e-06,0.00022732643992640078,11111,1038240,0.010701764524580059
brown_0.05,0,14,84.0,q250,-1.2184533261461183e-05,0.0006438971613533795,19096,1038240,0.018392664509169362
brown_0.05,0,14,84.0,q300,-2.8757305699400604e-05,0.001530577428638935,20923,1038240,0.02015237324703344
brown_0.05,0,14,84.0,q400,-0.00014109149924479425,0.004131725057959557,28034,1038240,0.027001464016027123
brown_0.05,0,14,84.0,q500,-0.00015863834414631128,0.007905367761850357,13186,1038240,0.01270033903529049
brown_0.05,0,14,84.0,q600,-0.0001634268555790186,0.010196131654083729,13266,1038240,0.012777392510402219
brown_0.05,0,14,84.0,q700,-0.00038368371315300465,0.013229485601186752,26406,1038240,0.02543342579750347
brown_0.05,0,14,84.0,q850,-0.0004629967734217644,0.018705690279603004,37719,1038240,0.03632975034674064
brown_0.05,0,14,84.0,q925,-0.0005223853513598442,0.021260902285575867,46600,1038240,0.044883649252581294
brown_0.05,0,14,84.0,q1000,-0.0006105704233050346,0.02545034885406494,35289,1038240,0.033989251040221914
brown_0.05,0,15,90.0,u10m,-25.08003044128418,18.444461822509766,0,1038240,0.0
brown_0.05,0,15,90.0,v10m,-22.06021499633789,17.245832443237305,0,1038240,0.0
brown_0.05,0,15,90.0,u100m,-32.229122161865234,23.09794044494629,0,1038240,0.0
brown_0.05,0,15,90.0,v100m,-27.834177017211914,21.155216217041016,0,1038240,0.0
brown_0.05,0,15,90.0,t2m,202.80824279785156,320.7934265136719,0,1038240,0.0
brown_0.05,0,15,90.0,sp,49108.0078125,103720.0390625,0,1038240,0.0
brown_0.05,0,15,90.0,msl,95620.5078125,103684.9375,0,1038240,0.0
brown_0.05,0,15,90.0,tcwv,-2.0752525329589844,77.9925537109375,28560,1038240,0.02750809061488673
brown_0.05,0,15,90.0,u50,-30.231182098388672,69.27913665771484,0,1038240,0.0
brown_0.05,0,15,90.0,u100,-31.86286163330078,56.26702880859375,0,1038240,0.0
brown_0.05,0,15,90.0,u150,-39.648704528808594,71.27079772949219,0,1038240,0.0
brown_0.05,0,15,90.0,u200,-35.00023651123047,86.29097747802734,0,1038240,0.0
brown_0.05,0,15,90.0,u250,-35.416996002197266,86.15830993652344,0,1038240,0.0
brown_0.05,0,15,90.0,u300,-41.125770568847656,81.04948425292969,0,1038240,0.0
brown_0.05,0,15,90.0,u400,-42.51512145996094,58.4766845703125,0,1038240,0.0
brown_0.05,0,15,90.0,u500,-35.952640533447266,49.03740692138672,0,1038240,0.0
brown_0.05,0,15,90.0,u600,-27.211074829101562,42.318328857421875,0,1038240,0.0
brown_0.05,0,15,90.0,u700,-29.632244110107422,38.35588455200195,0,1038240,0.0
brown_0.05,0,15,90.0,u850,-38.090538024902344,37.11991500854492,0,1038240,0.0
brown_0.05,0,15,90.0,u925,-38.52544021606445,31.08654022216797,0,1038240,0.0
brown_0.05,0,15,90.0,u1000,-24.382408142089844,20.271766662597656,0,1038240,0.0
brown_0.05,0,15,90.0,v50,-23.28314781188965,19.650592803955078,0,1038240,0.0
brown_0.05,0,15,90.0,v100,-19.013471603393555,23.164443969726562,0,1038240,0.0
brown_0.05,0,15,90.0,v150,-34.864845275878906,35.625545501708984,0,1038240,0.0
brown_0.05,0,15,90.0,v200,-43.09724807739258,47.2142219543457,0,1038240,0.0
brown_0.05,0,15,90.0,v250,-53.6983642578125,54.50640106201172,0,1038240,0.0
brown_0.05,0,15,90.0,v300,-53.61213302612305,56.1181755065918,0,1038240,0.0
brown_0.05,0,15,90.0,v400,-57.52791213989258,51.13086700439453,0,1038240,0.0
brown_0.05,0,15,90.0,v500,-52.386512756347656,46.56179428100586,0,1038240,0.0
brown_0.05,0,15,90.0,v600,-42.28843688964844,39.31501007080078,0,1038240,0.0
brown_0.05,0,15,90.0,v700,-33.358245849609375,31.439626693725586,0,1038240,0.0
brown_0.05,0,15,90.0,v850,-33.25934600830078,26.967453002929688,0,1038240,0.0
brown_0.05,0,15,90.0,v925,-32.390342712402344,27.431964874267578,0,1038240,0.0
brown_0.05,0,15,90.0,v1000,-22.1315860748291,19.444095611572266,0,1038240,0.0
brown_0.05,0,15,90.0,z50,176510.171875,208529.515625,0,1038240,0.0
brown_0.05,0,15,90.0,z100,140157.96875,166369.96875,0,1038240,0.0
brown_0.05,0,15,90.0,z150,117318.8515625,142241.015625,0,1038240,0.0
brown_0.05,0,15,90.0,z200,100456.796875,123970.5625,0,1038240,0.0
brown_0.05,0,15,90.0,z250,87193.2109375,109190.078125,0,1038240,0.0
brown_0.05,0,15,90.0,z300,76307.6484375,96678.2421875,0,1038240,0.0
brown_0.05,0,15,90.0,z400,59019.98046875,75823.40625,0,1038240,0.0
brown_0.05,0,15,90.0,z500,45261.140625,58826.59765625,0,1038240,0.0
brown_0.05,0,15,90.0,z600,33204.41015625,44417.77734375,0,1038240,0.0
brown_0.05,0,15,90.0,z700,22610.33984375,32206.7734375,0,1038240,0.0
brown_0.05,0,15,90.0,z850,8607.224609375,16435.208984375,0,1038240,0.0
brown_0.05,0,15,90.0,z925,2410.75732421875,9387.978515625,0,1038240,0.0
brown_0.05,0,15,90.0,z1000,-3386.13037109375,2969.80810546875,0,1038240,0.0
brown_0.05,0,15,90.0,t50,179.15597534179688,237.39547729492188,0,1038240,0.0
brown_0.05,0,15,90.0,t100,184.40762329101562,239.3587646484375,0,1038240,0.0
brown_0.05,0,15,90.0,t150,186.70986938476562,244.26194763183594,0,1038240,0.0
brown_0.05,0,15,90.0,t200,192.80947875976562,243.5218505859375,0,1038240,0.0
brown_0.05,0,15,90.0,t250,198.01080322265625,244.6913604736328,0,1038240,0.0
brown_0.05,0,15,90.0,t300,202.3616485595703,250.4105224609375,0,1038240,0.0
brown_0.05,0,15,90.0,t400,211.86886596679688,264.7266540527344,0,1038240,0.0
brown_0.05,0,15,90.0,t500,218.0529022216797,275.403076171875,0,1038240,0.0
brown_0.05,0,15,90.0,t600,208.31704711914062,287.37969970703125,0,1038240,0.0
brown_0.05,0,15,90.0,t700,213.63662719726562,296.9383544921875,0,1038240,0.0
brown_0.05,0,15,90.0,t850,222.48069763183594,309.2781677246094,0,1038240,0.0
brown_0.05,0,15,90.0,t925,226.1573486328125,314.97100830078125,0,1038240,0.0
brown_0.05,0,15,90.0,t1000,229.302734375,320.39666748046875,0,1038240,0.0
brown_0.05,0,15,90.0,q50,5.626811798720155e-07,2.0599695744749624e-06,0,1038240,0.0
brown_0.05,0,15,90.0,q100,1.02566218629363e-06,4.6465956984320655e-06,0,1038240,0.0
brown_0.05,0,15,90.0,q150,-1.31154138216516e-07,4.122123937122524e-05,6,1038240,5.779010633379566e-06
brown_0.05,0,15,90.0,q200,-7.5499792728805915e-06,0.00021608415408991277,11089,1038240,0.010680574818924333
brown_0.05,0,15,90.0,q250,-1.2610584235517308e-05,0.0006970620015636086,17717,1038240,0.01706445523193096
brown_0.05,0,15,90.0,q300,-3.3442338462919e-05,0.0015132222324609756,19719,1038240,0.01899271844660194
brown_0.05,0,15,90.0,q400,-6.335970829240978e-05,0.004264745861291885,31116,1038240,0.029969949144706427
brown_0.05,0,15,90.0,q500,-0.00011788890697062016,0.007594159804284573,13242,1038240,0.0127542764678687
brown_0.05,0,15,90.0,q600,-0.00021716835908591747,0.0100321089848876,14563,1038240,0.014026621975651101
brown_0.05,0,15,90.0,q700,-0.00042190123349428177,0.013044686987996101,36115,1038240,0.0347848281707505
brown_0.05,0,15,90.0,q850,-0.000522972084581852,0.0186636783182621,40930,1038240,0.0394224842040376
brown_0.05,0,15,90.0,q925,-0.00044853612780570984,0.02105565369129181,51699,1038240,0.04979484512251502
brown_0.05,0,15,90.0,q1000,-0.0005161343142390251,0.02536056376993656,39706,1038240,0.03824356603482817
brown_0.05,0,16,96.0,u10m,-22.474075317382812,18.969070434570312,0,1038240,0.0
brown_0.05,0,16,96.0,v10m,-20.35141372680664,21.257661819458008,0,1038240,0.0
brown_0.05,0,16,96.0,u100m,-29.5142822265625,23.261259078979492,0,1038240,0.0
brown_0.05,0,16,96.0,v100m,-25.807470321655273,26.9627742767334,0,1038240,0.0
brown_0.05,0,16,96.0,t2m,202.68203735351562,317.02142333984375,0,1038240,0.0
brown_0.05,0,16,96.0,sp,48952.83984375,103675.3515625,0,1038240,0.0
brown_0.05,0,16,96.0,msl,95425.921875,103646.140625,0,1038240,0.0
brown_0.05,0,16,96.0,tcwv,-2.550661087036133,76.43809509277344,36505,1038240,0.03516046386192017
brown_0.05,0,16,96.0,u50,-30.54467010498047,68.73957824707031,0,1038240,0.0
brown_0.05,0,16,96.0,u100,-31.418987274169922,57.55498504638672,0,1038240,0.0
brown_0.05,0,16,96.0,u150,-40.404640197753906,73.51761627197266,0,1038240,0.0
brown_0.05,0,16,96.0,u200,-34.44037628173828,85.09452056884766,0,1038240,0.0
brown_0.05,0,16,96.0,u250,-34.706703186035156,86.79795837402344,0,1038240,0.0
brown_0.05,0,16,96.0,u300,-34.39015197753906,80.32971954345703,0,1038240,0.0
brown_0.05,0,16,96.0,u400,-42.353179931640625,59.463233947753906,0,1038240,0.0
brown_0.05,0,16,96.0,u500,-36.61579895019531,49.743343353271484,0,1038240,0.0
brown_0.05,0,16,96.0,u600,-32.432586669921875,42.056358337402344,0,1038240,0.0
brown_0.05,0,16,96.0,u700,-34.90666198730469,39.47418975830078,0,1038240,0.0
brown_0.05,0,16,96.0,u850,-40.709808349609375,38.909061431884766,0,1038240,0.0
brown_0.05,0,16,96.0,u925,-33.29780578613281,32.90504455566406,0,1038240,0.0
brown_0.05,0,16,96.0,u1000,-22.352340698242188,19.91145896911621,0,1038240,0.0
brown_0.05,0,16,96.0,v50,-22.653240203857422,21.10773468017578,0,1038240,0.0
brown_0.05,0,16,96.0,v100,-17.90554428100586,25.312650680541992,0,1038240,0.0
brown_0.05,0,16,96.0,v150,-33.919456481933594,37.354801177978516,0,1038240,0.0
brown_0.05,0,16,96.0,v200,-42.5847053527832,50.35261154174805,0,1038240,0.0
brown_0.05,0,16,96.0,v250,-53.11116027832031,57.73219299316406,0,1038240,0.0
brown_0.05,0,16,96.0,v300,-51.451072692871094,61.19480514526367,0,1038240,0.0
brown_0.05,0,16,96.0,v400,-56.152252197265625,52.86784744262695,0,1038240,0.0
brown_0.05,0,16,96.0,v500,-49.90711975097656,50.397274017333984,0,1038240,0.0
brown_0.05,0,16,96.0,v600,-39.086631774902344,42.983646392822266,0,1038240,0.0
brown_0.05,0,16,96.0,v700,-32.85019302368164,33.746429443359375,0,1038240,0.0
brown_0.05,0,16,96.0,v850,-31.346792221069336,31.536405563354492,0,1038240,0.0
brown_0.05,0,16,96.0,v925,-31.026241302490234,30.920602798461914,0,1038240,0.0
brown_0.05,0,16,96.0,v1000,-20.61593246459961,20.970041275024414,0,1038240,0.0
brown_0.05,0,16,96.0,z50,176400.21875,208514.359375,0,1038240,0.0
brown_0.05,0,16,96.0,z100,140138.5625,166236.875,0,1038240,0.0
brown_0.05,0,16,96.0,z150,117288.609375,142087.765625,0,1038240,0.0
brown_0.05,0,16,96.0,z200,100395.4453125,123890.734375,0,1038240,0.0
brown_0.05,0,16,96.0,z250,87118.65625,109254.1171875,0,1038240,0.0
brown_0.05,0,16,96.0,z300,76239.6484375,96697.921875,0,1038240,0.0
brown_0.05,0,16,96.0,z400,58993.7734375,75753.21875,0,1038240,0.0
brown_0.05,0,16,96.0,z500,45084.52734375,58690.9453125,0,1038240,0.0
brown_0.05,0,16,96.0,z600,32959.46484375,44428.85546875,0,1038240,0.0
brown_0.05,0,16,96.0,z700,22350.96484375,32211.166015625,0,1038240,0.0
brown_0.05,0,16,96.0,z850,8405.9375,16431.43359375,0,1038240,0.0
brown_0.05,0,16,96.0,z925,2246.26953125,9378.0322265625,0,1038240,0.0
brown_0.05,0,16,96.0,z1000,-3654.23681640625,2943.966796875,0,1038240,0.0
brown_0.05,0,16,96.0,t50,179.30126953125,237.5140838623047,0,1038240,0.0
brown_0.05,0,16,96.0,t100,184.82789611816406,239.85289001464844,0,1038240,0.0
brown_0.05,0,16,96.0,t150,186.85302734375,244.4467010498047,0,1038240,0.0
brown_0.05,0,16,96.0,t200,193.36785888671875,243.46102905273438,0,1038240,0.0
brown_0.05,0,16,96.0,t250,198.1512451171875,245.0250244140625,0,1038240,0.0
brown_0.05,0,16,96.0,t300,202.56077575683594,250.17474365234375,0,1038240,0.0
brown_0.05,0,16,96.0,t400,211.17877197265625,264.29669189453125,0,1038240,0.0
brown_0.05,0,16,96.0,t500,217.80747985839844,275.3083190917969,0,1038240,0.0
brown_0.05,0,16,96.0,t600,207.2651824951172,284.9672546386719,0,1038240,0.0
brown_0.05,0,16,96.0,t700,213.85350036621094,293.6943664550781,0,1038240,0.0
brown_0.05,0,16,96.0,t850,222.34622192382812,310.2032775878906,0,1038240,0.0
brown_0.05,0,16,96.0,t925,226.05995178222656,315.1363525390625,0,1038240,0.0
brown_0.05,0,16,96.0,t1000,229.249267578125,320.01678466796875,0,1038240,0.0
brown_0.05,0,16,96.0,q50,5.959543614153517e-07,2.0785648757737363e-06,0,1038240,0.0
brown_0.05,0,16,96.0,q100,1.0224592870144988e-06,4.635814548237249e-06,0,1038240,0.0
brown_0.05,0,16,96.0,q150,-8.632027856947388e-07,3.53189607267268e-05,18,1038240,1.7337031900138696e-05
brown_0.05,0,16,96.0,q200,-8.215050911530852e-06,0.00019065501692239195,12490,1038240,0.012029973801818462
brown_0.05,0,16,96.0,q250,-1.2679196515819058e-05,0.0006711882306262851,16417,1038240,0.015812336261365387
brown_0.05,0,16,96.0,q300,-3.0429160688072443e-05,0.0015222744550555944,20071,1038240,0.019331753737093543
brown_0.05,0,16,96.0,q400,-5.194018012844026e-05,0.004127090331166983,23189,1038240,0.022334912929573125
brown_0.05,0,16,96.0,q500,-0.00010832981206476688,0.007284155581146479,13236,1038240,0.012748497457235322
brown_0.05,0,16,96.0,q600,-0.0002591616939753294,0.009956177324056625,16285,1038240,0.015685198027431037
brown_0.05,0,16,96.0,q700,-0.00045000528916716576,0.012691177427768707,32264,1038240,0.031075666512559715
brown_0.05,0,16,96.0,q850,-0.0007223454304039478,0.018846888095140457,44007,1038240,0.042386153490522424
brown_0.05,0,16,96.0,q925,-0.000544773880392313,0.02205169014632702,50768,1038240,0.0488981353059023
brown_0.05,0,16,96.0,q1000,-0.000577055849134922,0.025569362565875053,45659,1038240,0.0439773077515796
brown_0.05,0,17,102.0,u10m,-20.452238082885742,21.105030059814453,0,1038240,0.0
brown_0.05,0,17,102.0,v10m,-18.147756576538086,20.100069046020508,0,1038240,0.0
brown_0.05,0,17,102.0,u100m,-26.947351455688477,26.942861557006836,0,1038240,0.0
brown_0.05,0,17,102.0,v100m,-23.189876556396484,24.537864685058594,0,1038240,0.0
brown_0.05,0,17,102.0,t2m,202.48294067382812,314.726806640625,0,1038240,0.0
brown_0.05,0,17,102.0,sp,48953.71484375,103567.453125,0,1038240,0.0
brown_0.05,0,17,102.0,msl,95323.9296875,103542.5703125,0,1038240,0.0
brown_0.05,0,17,102.0,tcwv,-2.539052963256836,76.61666870117188,41111,1038240,0.03959681769147789
brown_0.05,0,17,102.0,u50,-31.936546325683594,70.77770233154297,0,1038240,0.0
brown_0.05,0,17,102.0,u100,-31.359088897705078,59.46858215332031,0,1038240,0.0
brown_0.05,0,17,102.0,u150,-39.88264465332031,73.352294921875,0,1038240,0.0
brown_0.05,0,17,102.0,u200,-33.14563751220703,85.62171936035156,0,1038240,0.0
brown_0.05,0,17,102.0,u250,-34.04746627807617,86.94436645507812,0,1038240,0.0
brown_0.05,0,17,102.0,u300,-37.02272415161133,80.27560424804688,0,1038240,0.0
brown_0.05,0,17,102.0,u400,-40.682579040527344,59.89916229248047,0,1038240,0.0
brown_0.05,0,17,102.0,u500,-39.180908203125,49.35222625732422,0,1038240,0.0
brown_0.05,0,17,102.0,u600,-34.938499450683594,42.5914421081543,0,1038240,0.0
brown_0.05,0,17,102.0,u700,-34.55389404296875,39.060630798339844,0,1038240,0.0
brown_0.05,0,17,102.0,u850,-35.09437942504883,37.084739685058594,0,1038240,0.0
brown_0.05,0,17,102.0,u925,-32.32777786254883,32.73314666748047,0,1038240,0.0
brown_0.05,0,17,102.0,u1000,-20.739484786987305,21.09910011291504,0,1038240,0.0
brown_0.05,0,17,102.0,v50,-22.20673942565918,21.752182006835938,0,1038240,0.0
brown_0.05,0,17,102.0,v100,-19.331127166748047,25.936397552490234,0,1038240,0.0
brown_0.05,0,17,102.0,v150,-37.20642852783203,34.265899658203125,0,1038240,0.0
brown_0.05,0,17,102.0,v200,-43.089813232421875,49.48123550415039,0,1038240,0.0
brown_0.05,0,17,102.0,v250,-53.40550994873047,56.769432067871094,0,1038240,0.0
brown_0.05,0,17,102.0,v300,-46.55559158325195,61.842437744140625,0,1038240,0.0
brown_0.05,0,17,102.0,v400,-48.72575378417969,57.23585891723633,0,1038240,0.0
brown_0.05,0,17,102.0,v500,-46.17031478881836,49.03868103027344,0,1038240,0.0
brown_0.05,0,17,102.0,v600,-37.59957504272461,41.06836700439453,0,1038240,0.0
brown_0.05,0,17,102.0,v700,-31.033674240112305,32.774173736572266,0,1038240,0.0
brown_0.05,0,17,102.0,v850,-29.893400192260742,30.734256744384766,0,1038240,0.0
brown_0.05,0,17,102.0,v925,-30.83200454711914,27.466745376586914,0,1038240,0.0
brown_0.05,0,17,102.0,v1000,-21.287944793701172,19.809412002563477,0,1038240,0.0
brown_0.05,0,17,102.0,z50,176375.703125,208561.09375,0,1038240,0.0
brown_0.05,0,17,102.0,z100,140050.765625,166289.40625,0,1038240,0.0
brown_0.05,0,17,102.0,z150,117173.21875,142155.71875,0,1038240,0.0
brown_0.05,0,17,102.0,z200,100264.34375,123873.875,0,1038240,0.0
brown_0.05,0,17,102.0,z250,86975.890625,109149.4609375,0,1038240,0.0
brown_0.05,0,17,102.0,z300,76116.6640625,96610.4375,0,1038240,0.0
brown_0.05,0,17,102.0,z400,58921.58984375,75721.125,0,1038240,0.0
brown_0.05,0,17,102.0,z500,44976.76953125,58699.66796875,0,1038240,0.0
brown_0.05,0,17,102.0,z600,32868.703125,44351.859375,0,1038240,0.0
brown_0.05,0,17,102.0,z700,22294.9296875,32141.091796875,0,1038240,0.0
brown_0.05,0,17,102.0,z850,8421.986328125,16362.064453125,0,1038240,0.0
brown_0.05,0,17,102.0,z925,2302.150390625,9300.1396484375,0,1038240,0.0
brown_0.05,0,17,102.0,z1000,-3760.35205078125,2861.0146484375,0,1038240,0.0
brown_0.05,0,17,102.0,t50,179.34976196289062,237.70755004882812,0,1038240,0.0
brown_0.05,0,17,102.0,t100,185.2606964111328,240.26956176757812,0,1038240,0.0
brown_0.05,0,17,102.0,t150,189.1009979248047,245.207763671875,0,1038240,0.0
brown_0.05,0,17,102.0,t200,193.96351623535156,244.2508544921875,0,1038240,0.0
brown_0.05,0,17,102.0,t250,198.31289672851562,244.9810333251953,0,1038240,0.0
brown_0.05,0,17,102.0,t300,202.13294982910156,250.5882110595703,0,1038240,0.0
brown_0.05,0,17,102.0,t400,211.00900268554688,264.61090087890625,0,1038240,0.0
brown_0.05,0,17,102.0,t500,217.82101440429688,276.3851318359375,0,1038240,0.0
brown_0.05,0,17,102.0,t600,207.28250122070312,288.7837829589844,0,1038240,0.0
brown_0.05,0,17,102.0,t700,214.31521606445312,298.1341552734375,0,1038240,0.0
brown_0.05,0,17,102.0,t850,223.20870971679688,309.7430419921875,0,1038240,0.0
brown_0.05,0,17,102.0,t925,226.8894805908203,315.1636657714844,0,1038240,0.0
brown_0.05,0,17,102.0,t1000,230.0815887451172,320.0914306640625,0,1038240,0.0
brown_0.05,0,17,102.0,q50,6.314166967058554e-07,2.095652007483295e-06,0,1038240,0.0
brown_0.05,0,17,102.0,q100,1.0142829296455602e-06,4.748081664729398e-06,0,1038240,0.0
brown_0.05,0,17,102.0,q150,-8.837209861667361e-07,3.7161305954214185e-05,18,1038240,1.7337031900138696e-05
brown_0.05,0,17,102.0,q200,-1.0474122973391786e-05,0.00019109838467556983,13185,1038240,0.012699375866851595
brown_0.05,0,17,102.0,q250,-1.2690255971392617e-05,0.0006493148393929005,18038,1038240,0.017373632300816767
brown_0.05,0,17,102.0,q300,-3.022728196810931e-05,0.0014973614597693086,20541,1038240,0.019784442903374944
brown_0.05,0,17,102.0,q400,-6.199328345246613e-05,0.004120741039514542,24538,1038240,0.02363422715364463
brown_0.05,0,17,102.0,q500,-0.00010007282253354788,0.007972901687026024,10586,1038240,0.010196101094159346
brown_0.05,0,17,102.0,q600,-0.00028159713838249445,0.01161078829318285,14530,1038240,0.013994837417167514
brown_0.05,0,17,102.0,q700,-0.00047171791084110737,0.013232851400971413,37011,1038240,0.03564782709200185
brown_0.05,0,17,102.0,q850,-0.0005514039658010006,0.018884986639022827,50201,1038240,0.048352018801047926
brown_0.05,0,17,102.0,q925,-0.0005741245113313198,0.02181566320359707,60255,1038240,0.05803571428571429
brown_0.05,0,17,102.0,q1000,-0.0005790339782834053,0.0250104907900095,53977,1038240,0.051988942826321466
brown_0.05,0,18,108.0,u10m,-22.600868225097656,21.938093185424805,0,1038240,0.0
brown_0.05,0,18,108.0,v10m,-18.70751190185547,18.06290626525879,0,1038240,0.0
brown_0.05,0,18,108.0,u100m,-29.255916595458984,28.25188446044922,0,1038240,0.0
brown_0.05,0,18,108.0,v100m,-24.148635864257812,23.794347763061523,0,1038240,0.0
brown_0.05,0,18,108.0,t2m,200.84719848632812,322.0848388671875,0,1038240,0.0
brown_0.05,0,18,108.0,sp,48868.6796875,103547.3828125,0,1038240,0.0
brown_0.05,0,18,108.0,msl,95496.234375,103520.28125,0,1038240,0.0
brown_0.05,0,18,108.0,tcwv,-2.577056884765625,78.56250762939453,40233,1038240,0.03875115580212667
brown_0.05,0,18,108.0,u50,-29.983734130859375,70.83098602294922,0,1038240,0.0
brown_0.05,0,18,108.0,u100,-31.149944305419922,61.33114242553711,0,1038240,0.0
brown_0.05,0,18,108.0,u150,-37.268890380859375,72.52477264404297,0,1038240,0.0
brown_0.05,0,18,108.0,u200,-32.240509033203125,87.4623031616211,0,1038240,0.0
brown_0.05,0,18,108.0,u250,-34.177574157714844,91.25042724609375,0,1038240,0.0
brown_0.05,0,18,108.0,u300,-32.13776779174805,81.52510833740234,0,1038240,0.0
brown_0.05,0,18,108.0,u400,-38.88780975341797,59.81163787841797,0,1038240,0.0
brown_0.05,0,18,108.0,u500,-37.85107421875,52.56499099731445,0,1038240,0.0
brown_0.05,0,18,108.0,u600,-34.23952102661133,44.874534606933594,0,1038240,0.0
brown_0.05,0,18,108.0,u700,-33.679466247558594,38.12638854980469,0,1038240,0.0
brown_0.05,0,18,108.0,u850,-35.561771392822266,37.190311431884766,0,1038240,0.0
brown_0.05,0,18,108.0,u925,-37.72056198120117,34.63713836669922,0,1038240,0.0
brown_0.05,0,18,108.0,u1000,-22.564361572265625,22.236507415771484,0,1038240,0.0
brown_0.05,0,18,108.0,v50,-22.028200149536133,23.016132354736328,0,1038240,0.0
brown_0.05,0,18,108.0,v100,-18.609342575073242,25.489126205444336,0,1038240,0.0
brown_0.05,0,18,108.0,v150,-35.43141174316406,32.49324417114258,0,1038240,0.0
brown_0.05,0,18,108.0,v200,-41.18354034423828,47.28921127319336,0,1038240,0.0
brown_0.05,0,18,108.0,v250,-50.25947570800781,55.109004974365234,0,1038240,0.0
brown_0.05,0,18,108.0,v300,-45.109500885009766,59.140472412109375,0,1038240,0.0
brown_0.05,0,18,108.0,v400,-42.71841049194336,59.52428436279297,0,1038240,0.0
brown_0.05,0,18,108.0,v500,-38.459564208984375,51.196533203125,0,1038240,0.0
brown_0.05,0,18,108.0,v600,-31.51435661315918,39.52700424194336,0,1038240,0.0
brown_0.05,0,18,108.0,v700,-28.304527282714844,31.202884674072266,0,1038240,0.0
brown_0.05,0,18,108.0,v850,-30.216167449951172,26.435110092163086,0,1038240,0.0
brown_0.05,0,18,108.0,v925,-31.251174926757812,27.08350944519043,0,1038240,0.0
brown_0.05,0,18,108.0,v1000,-20.352291107177734,18.773088455200195,0,1038240,0.0
brown_0.05,0,18,108.0,z50,176244.890625,208762.796875,0,1038240,0.0
brown_0.05,0,18,108.0,z100,139978.84375,166394.609375,0,1038240,0.0
brown_0.05,0,18,108.0,z150,117084.28125,142254.078125,0,1038240,0.0
brown_0.05,0,18,108.0,z200,100151.703125,123983.2265625,0,1038240,0.0
brown_0.05,0,18,108.0,z250,86853.8046875,109078.6484375,0,1038240,0.0
brown_0.05,0,18,108.0,z300,75981.1171875,96425.828125,0,1038240,0.0
brown_0.05,0,18,108.0,z400,58798.99609375,75501.71875,0,1038240,0.0
brown_0.05,0,18,108.0,z500,44843.91796875,58533.1484375,0,1038240,0.0
brown_0.05,0,18,108.0,z600,32769.89453125,44405.83984375,0,1038240,0.0
brown_0.05,0,18,108.0,z700,22250.34375,32079.70703125,0,1038240,0.0
brown_0.05,0,18,108.0,z850,8500.388671875,16320.9677734375,0,1038240,0.0
brown_0.05,0,18,108.0,z925,2422.45166015625,9260.189453125,0,1038240,0.0
brown_0.05,0,18,108.0,z1000,-3613.61328125,2837.662109375,0,1038240,0.0
brown_0.05,0,18,108.0,t50,179.09815979003906,237.72137451171875,0,1038240,0.0
brown_0.05,0,18,108.0,t100,185.6496124267578,240.719482421875,0,1038240,0.0
brown_0.05,0,18,108.0,t150,191.15074157714844,245.07846069335938,0,1038240,0.0
brown_0.05,0,18,108.0,t200,194.67962646484375,244.13751220703125,0,1038240,0.0
brown_0.05,0,18,108.0,t250,198.3719024658203,245.00546264648438,0,1038240,0.0
brown_0.05,0,18,108.0,t300,201.68197631835938,251.47091674804688,0,1038240,0.0
brown_0.05,0,18,108.0,t400,210.78456115722656,265.9872131347656,0,1038240,0.0
brown_0.05,0,18,108.0,t500,217.5303955078125,278.97027587890625,0,1038240,0.0
brown_0.05,0,18,108.0,t600,207.36508178710938,291.9407653808594,0,1038240,0.0
brown_0.05,0,18,108.0,t700,214.1774139404297,301.22900390625,0,1038240,0.0
brown_0.05,0,18,108.0,t850,223.5850067138672,312.1790466308594,0,1038240,0.0
brown_0.05,0,18,108.0,t925,227.50677490234375,317.34405517578125,0,1038240,0.0
brown_0.05,0,18,108.0,t1000,230.87796020507812,322.6144104003906,0,1038240,0.0
brown_0.05,0,18,108.0,q50,6.651562216575257e-07,2.1116620700922795e-06,0,1038240,0.0
brown_0.05,0,18,108.0,q100,9.894389449982555e-07,4.69543965664343e-06,0,1038240,0.0
brown_0.05,0,18,108.0,q150,-3.671666490845382e-07,4.4833719584858045e-05,9,1038240,8.668515950069348e-06
brown_0.05,0,18,108.0,q200,-1.0738604032667354e-05,0.00023146302555687726,12757,1038240,0.012287139775003854
brown_0.05,0,18,108.0,q250,-1.5304740372812375e-05,0.0006949338130652905,19828,1038240,0.01909770380644167
brown_0.05,0,18,108.0,q300,-3.272545291110873e-05,0.0015900613507255912,20757,1038240,0.019992487286176606
brown_0.05,0,18,108.0,q400,-0.00011877654469572008,0.00432118633762002,25410,1038240,0.02447411003236246
brown_0.05,0,18,108.0,q500,-0.00011001538950949907,0.007976364344358444,10678,1038240,0.010284712590537834
brown_0.05,0,18,108.0,q600,-0.00027065782342106104,0.010196765884757042,13549,1038240,0.013049969178609955
brown_0.05,0,18,108.0,q700,-0.0005225874483585358,0.013575270771980286,29211,1038240,0.028135113268608413
brown_0.05,0,18,108.0,q850,-0.0005520540289580822,0.019756203517317772,44691,1038240,0.043044960702727696
brown_0.05,0,18,108.0,q925,-0.0006079133599996567,0.020988503471016884,55127,1038240,0.05309658653105255
brown_0.05,0,18,108.0,q1000,-0.0005898410454392433,0.025215618312358856,45037,1038240,0.04337821698258591
brown_0.05,0,19,114.0,u10m,-25.719457626342773,23.46124267578125,0,1038240,0.0
brown_0.05,0,19,114.0,v10m,-19.08692169189453,17.930984497070312,0,1038240,0.0
brown_0.05,0,19,114.0,u100m,-33.36606979370117,29.532400131225586,0,1038240,0.0
brown_0.05,0,19,114.0,v100m,-24.85392951965332,24.28973388671875,0,1038240,0.0
brown_0.05,0,19,114.0,t2m,199.54037475585938,321.2210998535156,0,1038240,0.0
brown_0.05,0,19,114.0,sp,49022.4609375,103461.9296875,0,1038240,0.0
brown_0.05,0,19,114.0,msl,95564.625,103427.1640625,0,1038240,0.0
brown_0.05,0,19,114.0,tcwv,-2.6532344818115234,79.43367004394531,39023,1038240,0.0375857219910618
brown_0.05,0,19,114.0,u50,-30.181381225585938,72.37725067138672,0,1038240,0.0
brown_0.05,0,19,114.0,u100,-33.87191390991211,62.37068557739258,0,1038240,0.0
brown_0.05,0,19,114.0,u150,-38.74751281738281,71.47331237792969,0,1038240,0.0
brown_0.05,0,19,114.0,u200,-32.55989074707031,87.51451873779297,0,1038240,0.0
brown_0.05,0,19,114.0,u250,-34.016300201416016,95.21719360351562,0,1038240,0.0
brown_0.05,0,19,114.0,u300,-32.22426986694336,84.22948455810547,0,1038240,0.0
brown_0.05,0,19,114.0,u400,-40.50190734863281,63.54521942138672,0,1038240,0.0
brown_0.05,0,19,114.0,u500,-35.79493713378906,56.406761169433594,0,1038240,0.0
brown_0.05,0,19,114.0,u600,-28.789884567260742,47.96515655517578,0,1038240,0.0
brown_0.05,0,19,114.0,u700,-31.233177185058594,40.116275787353516,0,1038240,0.0
brown_0.05,0,19,114.0,u850,-43.340370178222656,35.851131439208984,0,1038240,0.0
brown_0.05,0,19,114.0,u925,-42.04658889770508,34.50395584106445,0,1038240,0.0
brown_0.05,0,19,114.0,u1000,-25.744503021240234,23.50141143798828,0,1038240,0.0
brown_0.05,0,19,114.0,v50,-22.679351806640625,21.666231155395508,0,1038240,0.0
brown_0.05,0,19,114.0,v100,-18.850601196289062,23.495603561401367,0,1038240,0.0
brown_0.05,0,19,114.0,v150,-30.540687561035156,31.812973022460938,0,1038240,0.0
brown_0.05,0,19,114.0,v200,-39.79246520996094,43.2203483581543,0,1038240,0.0
brown_0.05,0,19,114.0,v250,-45.989830017089844,49.82695770263672,0,1038240,0.0
brown_0.05,0,19,114.0,v300,-42.847415924072266,58.404945373535156,0,1038240,0.0
brown_0.05,0,19,114.0,v400,-46.25213623046875,58.93613815307617,0,1038240,0.0
brown_0.05,0,19,114.0,v500,-35.42091369628906,49.73388671875,0,1038240,0.0
brown_0.05,0,19,114.0,v600,-28.297618865966797,38.278236389160156,0,1038240,0.0
brown_0.05,0,19,114.0,v700,-29.385812759399414,29.244951248168945,0,1038240,0.0
brown_0.05,0,19,114.0,v850,-33.795562744140625,24.395536422729492,0,1038240,0.0
brown_0.05,0,19,114.0,v925,-31.954879760742188,27.19449234008789,0,1038240,0.0
brown_0.05,0,19,114.0,v1000,-20.134273529052734,18.79889488220215,0,1038240,0.0
brown_0.05,0,19,114.0,z50,176117.296875,208768.9375,0,1038240,0.0
brown_0.05,0,19,114.0,z100,139869.609375,166481.34375,0,1038240,0.0
brown_0.05,0,19,114.0,z150,116950.6484375,142313.5625,0,1038240,0.0
brown_0.05,0,19,114.0,z200,99979.8359375,124035.4453125,0,1038240,0.0
brown_0.05,0,19,114.0,z250,86647.7109375,109132.359375,0,1038240,0.0
brown_0.05,0,19,114.0,z300,75743.4921875,96475.3515625,0,1038240,0.0
brown_0.05,0,19,114.0,z400,58557.296875,75594.96875,0,1038240,0.0
brown_0.05,0,19,114.0,z500,44862.8203125,58599.7734375,0,1038240,0.0
brown_0.05,0,19,114.0,z600,32809.76171875,44399.515625,0,1038240,0.0
brown_0.05,0,19,114.0,z700,22328.44921875,31968.833984375,0,1038240,0.0
brown_0.05,0,19,114.0,z850,8650.5234375,16229.3984375,0,1038240,0.0
brown_0.05,0,19,114.0,z925,2509.85986328125,9175.505859375,0,1038240,0.0
brown_0.05,0,19,114.0,z1000,-3549.02978515625,2765.53076171875,0,1038240,0.0
brown_0.05,0,19,114.0,t50,179.11512756347656,237.774658203125,0,1038240,0.0
brown_0.05,0,19,114.0,t100,186.8868408203125,240.89364624023438,0,1038240,0.0
brown_0.05,0,19,114.0,t150,193.30393981933594,245.2826385498047,0,1038240,0.0
brown_0.05,0,19,114.0,t200,195.2653045654297,243.96937561035156,0,1038240,0.0
brown_0.05,0,19,114.0,t250,198.6766815185547,245.0660858154297,0,1038240,0.0
brown_0.05,0,19,114.0,t300,201.80941772460938,250.75137329101562,0,1038240,0.0
brown_0.05,0,19,114.0,t400,210.4883575439453,264.74603271484375,0,1038240,0.0
brown_0.05,0,19,114.0,t500,216.4962615966797,276.3531188964844,0,1038240,0.0
brown_0.05,0,19,114.0,t600,205.12069702148438,287.3123779296875,0,1038240,0.0
brown_0.05,0,19,114.0,t700,213.88104248046875,295.8121337890625,0,1038240,0.0
brown_0.05,0,19,114.0,t850,223.19271850585938,309.168701171875,0,1038240,0.0
brown_0.05,0,19,114.0,t925,227.228515625,315.284912109375,0,1038240,0.0
brown_0.05,0,19,114.0,t1000,230.49539184570312,320.7605285644531,0,1038240,0.0
brown_0.05,0,19,114.0,q50,7.011101388343377e-07,2.1256093987176428e-06,0,1038240,0.0
brown_0.05,0,19,114.0,q100,9.930024589266395e-07,4.627173439075705e-06,0,1038240,0.0
brown_0.05,0,19,114.0,q150,2.714969014050439e-07,4.101239755982533e-05,0,1038240,0.0
brown_0.05,0,19,114.0,q200,-1.1792684745159931e-05,0.00022037807502783835,11328,1038240,0.01091077207582062
brown_0.05,0,19,114.0,q250,-1.5027751942398027e-05,0.0007090764702297747,23444,1038240,0.022580520881491754
brown_0.05,0,19,114.0,q300,-3.277198993600905e-05,0.0016463464125990868,25352,1038240,0.024418246262906458
brown_0.05,0,19,114.0,q400,-6.198944174684584e-05,0.004422006197273731,32618,1038240,0.03141662813992911
brown_0.05,0,19,114.0,q500,-8.273788262158632e-05,0.0076739173382520676,9746,1038240,0.009387039605486208
brown_0.05,0,19,114.0,q600,-0.0002715566661208868,0.010140884667634964,13197,1038240,0.012710933888118354
brown_0.05,0,19,114.0,q700,-0.00045541138388216496,0.013127263635396957,34701,1038240,0.03342290799815072
brown_0.05,0,19,114.0,q850,-0.0005627297796308994,0.019957534968852997,46380,1038240,0.04467175219602404
brown_0.05,0,19,114.0,q925,-0.0006003309972584248,0.020922962576150894,58402,1038240,0.056250963168438896
brown_0.05,0,19,114.0,q1000,-0.0006521157920360565,0.025264954194426537,47431,1038240,0.04568404222530436
brown_0.05,0,20,120.0,u10m,-24.847007751464844,27.06855010986328,0,1038240,0.0
brown_0.05,0,20,120.0,v10m,-19.162263870239258,18.420459747314453,0,1038240,0.0
brown_0.05,0,20,120.0,u100m,-32.13675308227539,35.61039733886719,0,1038240,0.0
brown_0.05,0,20,120.0,v100m,-24.95670509338379,25.06751251220703,0,1038240,0.0
brown_0.05,0,20,120.0,t2m,197.45811462402344,318.8695068359375,0,1038240,0.0
brown_0.05,0,20,120.0,sp,48861.09765625,103387.0546875,0,1038240,0.0
brown_0.05,0,20,120.0,msl,94799.9453125,103347.7265625,0,1038240,0.0
brown_0.05,0,20,120.0,tcwv,-2.566244125366211,77.0665512084961,45832,1038240,0.04414393589150871
brown_0.05,0,20,120.0,u50,-30.230777740478516,72.2542953491211,0,1038240,0.0
brown_0.05,0,20,120.0,u100,-33.81621551513672,62.17155075073242,0,1038240,0.0
brown_0.05,0,20,120.0,u150,-38.87903594970703,70.37364196777344,0,1038240,0.0
brown_0.05,0,20,120.0,u200,-32.155487060546875,87.9024887084961,0,1038240,0.0
brown_0.05,0,20,120.0,u250,-31.7354736328125,92.39454650878906,0,1038240,0.0
brown_0.05,0,20,120.0,u300,-31.490421295166016,84.77928924560547,0,1038240,0.0
brown_0.05,0,20,120.0,u400,-42.45897674560547,63.95201110839844,0,1038240,0.0
brown_0.05,0,20,120.0,u500,-36.58472442626953,58.140113830566406,0,1038240,0.0
brown_0.05,0,20,120.0,u600,-27.825345993041992,49.59501647949219,0,1038240,0.0
brown_0.05,0,20,120.0,u700,-30.464847564697266,44.39479446411133,0,1038240,0.0
brown_0.05,0,20,120.0,u850,-41.886329650878906,42.8766975402832,0,1038240,0.0
brown_0.05,0,20,120.0,u925,-39.22478103637695,41.400177001953125,0,1038240,0.0
brown_0.05,0,20,120.0,u1000,-24.71157455444336,27.431133270263672,0,1038240,0.0
brown_0.05,0,20,120.0,v50,-23.66014862060547,21.7301082611084,0,1038240,0.0
brown_0.05,0,20,120.0,v100,-18.545961380004883,22.334667205810547,0,1038240,0.0
brown_0.05,0,20,120.0,v150,-27.179908752441406,31.973892211914062,0,1038240,0.0
brown_0.05,0,20,120.0,v200,-42.48051834106445,41.67681884765625,0,1038240,0.0
brown_0.05,0,20,120.0,v250,-51.0056037902832,45.154300689697266,0,1038240,0.0
brown_0.05,0,20,120.0,v300,-44.561248779296875,54.376338958740234,0,1038240,0.0
brown_0.05,0,20,120.0,v400,-46.00813674926758,56.31049728393555,0,1038240,0.0
brown_0.05,0,20,120.0,v500,-37.817142486572266,48.121482849121094,0,1038240,0.0
brown_0.05,0,20,120.0,v600,-30.270906448364258,37.705204010009766,0,1038240,0.0
brown_0.05,0,20,120.0,v700,-28.335613250732422,27.86553192138672,0,1038240,0.0
brown_0.05,0,20,120.0,v850,-34.718902587890625,27.698579788208008,0,1038240,0.0
brown_0.05,0,20,120.0,v925,-32.61906051635742,28.010467529296875,0,1038240,0.0
brown_0.05,0,20,120.0,v1000,-20.239288330078125,19.43103790283203,0,1038240,0.0
brown_0.05,0,20,120.0,z50,175951.0,208726.34375,0,1038240,0.0
brown_0.05,0,20,120.0,z100,139788.625,166307.640625,0,1038240,0.0
brown_0.05,0,20,120.0,z150,116838.6171875,142118.765625,0,1038240,0.0
brown_0.05,0,20,120.0,z200,99817.921875,123836.140625,0,1038240,0.0
brown_0.05,0,20,120.0,z250,86460.03125,109013.7265625,0,1038240,0.0
brown_0.05,0,20,120.0,z300,75546.9609375,96447.3046875,0,1038240,0.0
brown_0.05,0,20,120.0,z400,58380.171875,75498.578125,0,1038240,0.0
brown_0.05,0,20,120.0,z500,44782.8359375,58643.58203125,0,1038240,0.0
brown_0.05,0,20,120.0,z600,33066.0234375,44503.9375,0,1038240,0.0
brown_0.05,0,20,120.0,z700,22707.25390625,32015.69921875,0,1038240,0.0
brown_0.05,0,20,120.0,z850,8354.35546875,16190.365234375,0,1038240,0.0
brown_0.05,0,20,120.0,z925,1861.72412109375,9122.826171875,0,1038240,0.0
brown_0.05,0,20,120.0,z1000,-4223.14453125,2713.52734375,0,1038240,0.0
brown_0.05,0,20,120.0,t50,178.968505859375,237.82217407226562,0,1038240,0.0
brown_0.05,0,20,120.0,t100,188.1171417236328,241.2647247314453,0,1038240,0.0
brown_0.05,0,20,120.0,t150,193.59402465820312,245.2626953125,0,1038240,0.0
brown_0.05,0,20,120.0,t200,195.49058532714844,243.6638641357422,0,1038240,0.0
brown_0.05,0,20,120.0,t250,199.1956024169922,245.30238342285156,0,1038240,0.0
brown_0.05,0,20,120.0,t300,202.361572265625,250.52426147460938,0,1038240,0.0
brown_0.05,0,20,120.0,t400,209.74281311035156,264.39373779296875,0,1038240,0.0
brown_0.05,0,20,120.0,t500,215.78260803222656,275.1464538574219,0,1038240,0.0
brown_0.05,0,20,120.0,t600,206.03662109375,283.6194763183594,0,1038240,0.0
brown_0.05,0,20,120.0,t700,213.13795471191406,294.01214599609375,0,1038240,0.0
brown_0.05,0,20,120.0,t850,222.384521484375,309.5363464355469,0,1038240,0.0
brown_0.05,0,20,120.0,t925,226.58328247070312,315.0103759765625,0,1038240,0.0
brown_0.05,0,20,120.0,t1000,229.92117309570312,319.7308349609375,0,1038240,0.0
brown_0.05,0,20,120.0,q50,7.39207507649553e-07,2.142281800843193e-06,0,1038240,0.0
brown_0.05,0,20,120.0,q100,1.0000975407820079e-06,4.682582130044466e-06,0,1038240,0.0
brown_0.05,0,20,120.0,q150,2.340038918191567e-07,3.4649423469090834e-05,0,1038240,0.0
brown_0.05,0,20,120.0,q200,-1.2001770301139913e-05,0.00019734686065930873,12498,1038240,0.012037679149329635
brown_0.05,0,20,120.0,q250,-1.5459936548722908e-05,0.0006782049895264208,24501,1038240,0.023598589921405455
brown_0.05,0,20,120.0,q300,-3.5052711609750986e-05,0.0015855955425649881,24275,1038240,0.023380913854214824
brown_0.05,0,20,120.0,q400,-5.151121877133846e-05,0.004189633298665285,30200,1038240,0.029087686854677147
brown_0.05,0,20,120.0,q500,-0.00010439747711643577,0.007359515409916639,12372,1038240,0.011916319926028663
brown_0.05,0,20,120.0,q600,-0.00028042064514011145,0.00997164100408554,15524,1038240,0.01495222684543073
brown_0.05,0,20,120.0,q700,-0.0004100147634744644,0.013151060789823532,34081,1038240,0.03282574356603483
brown_0.05,0,20,120.0,q850,-0.0005426504649221897,0.01910041831433773,50898,1038240,0.04902334720295885
brown_0.05,0,20,120.0,q925,-0.0006509763188660145,0.02072303369641304,56272,1038240,0.05419941439358915
brown_0.05,0,20,120.0,q1000,-0.0006354157812893391,0.02518639899790287,47663,1038240,0.04590749730312837
brown_0.05,1,0,0.0,u10m,-30.044443130493164,25.113021850585938,0,1038240,0.0
brown_0.05,1,0,0.0,v10m,-27.614070892333984,26.035051345825195,0,1038240,0.0
brown_0.05,1,0,0.0,u100m,-38.691287994384766,30.74951934814453,0,1038240,0.0
brown_0.05,1,0,0.0,v100m,-33.06120300292969,32.350929260253906,0,1038240,0.0
brown_0.05,1,0,0.0,t2m,203.0750274658203,317.1687927246094,0,1038240,0.0
brown_0.05,1,0,0.0,sp,49593.41015625,104524.609375,0,1038240,0.0
brown_0.05,1,0,0.0,msl,93167.3125,107762.9375,0,1038240,0.0
brown_0.05,1,0,0.0,tcwv,0.0041071027517318726,80.66175079345703,0,1038240,0.0
brown_0.05,1,0,0.0,u50,-32.57002639770508,69.65058135986328,0,1038240,0.0
brown_0.05,1,0,0.0,u100,-42.44346618652344,63.62086486816406,0,1038240,0.0
brown_0.05,1,0,0.0,u150,-43.73238754272461,76.4308090209961,0,1038240,0.0
brown_0.05,1,0,0.0,u200,-44.84029006958008,103.83504486083984,0,1038240,0.0
brown_0.05,1,0,0.0,u250,-45.84073257446289,105.45437622070312,0,1038240,0.0
brown_0.05,1,0,0.0,u300,-36.359615325927734,102.43805694580078,0,1038240,0.0
brown_0.05,1,0,0.0,u400,-35.74514389038086,71.89427947998047,0,1038240,0.0
brown_0.05,1,0,0.0,u500,-39.34586715698242,50.145992279052734,0,1038240,0.0
brown_0.05,1,0,0.0,u600,-45.03841781616211,45.58670425415039,0,1038240,0.0
brown_0.05,1,0,0.0,u700,-47.01633834838867,41.20056915283203,0,1038240,0.0
brown_0.05,1,0,0.0,u850,-52.812644958496094,36.33899688720703,0,1038240,0.0
brown_0.05,1,0,0.0,u925,-42.30792999267578,34.22226333618164,0,1038240,0.0
brown_0.05,1,0,0.0,u1000,-29.075624465942383,24.699445724487305,0,1038240,0.0
brown_0.05,1,0,0.0,v50,-28.304609298706055,37.05275344848633,0,1038240,0.0
brown_0.05,1,0,0.0,v100,-31.243301391601562,41.981502532958984,0,1038240,0.0
brown_0.05,1,0,0.0,v150,-39.71407699584961,46.204654693603516,0,1038240,0.0
brown_0.05,1,0,0.0,v200,-56.813926696777344,65.03885650634766,0,1038240,0.0
brown_0.05,1,0,0.0,v250,-63.061893463134766,62.861751556396484,0,1038240,0.0
brown_0.05,1,0,0.0,v300,-54.848426818847656,65.46469116210938,0,1038240,0.0
brown_0.05,1,0,0.0,v400,-59.913333892822266,62.95539474487305,0,1038240,0.0
brown_0.05,1,0,0.0,v500,-50.14289474487305,56.8124885559082,0,1038240,0.0
brown_0.05,1,0,0.0,v600,-45.023616790771484,40.06772994995117,0,1038240,0.0
brown_0.05,1,0,0.0,v700,-36.801273345947266,42.444297790527344,0,1038240,0.0
brown_0.05,1,0,0.0,v850,-42.90931701660156,35.020530700683594,0,1038240,0.0
brown_0.05,1,0,0.0,v925,-37.372928619384766,37.024147033691406,0,1038240,0.0
brown_0.05,1,0,0.0,v1000,-26.412010192871094,24.962018966674805,0,1038240,0.0
brown_0.05,1,0,0.0,z50,178325.90625,207936.359375,0,1038240,0.0
brown_0.05,1,0,0.0,z100,140693.1875,165755.796875,0,1038240,0.0
brown_0.05,1,0,0.0,z150,117632.09375,141996.125,0,1038240,0.0
brown_0.05,1,0,0.0,z200,100768.7890625,123884.296875,0,1038240,0.0
brown_0.05,1,0,0.0,z250,87459.6796875,109026.75,0,1038240,0.0
brown_0.05,1,0,0.0,z300,76372.9609375,96320.921875,0,1038240,0.0
brown_0.05,1,0,0.0,z400,58395.85546875,75588.453125,0,1038240,0.0
brown_0.05,1,0,0.0,z500,43960.39453125,58905.35546875,0,1038240,0.0
brown_0.05,1,0,0.0,z600,31816.130859375,44789.26171875,0,1038240,0.0
brown_0.05,1,0,0.0,z700,21341.015625,32460.9765625,0,1038240,0.0
brown_0.05,1,0,0.0,z850,7071.51025390625,16482.857421875,0,1038240,0.0
brown_0.05,1,0,0.0,z925,558.7332153320312,9957.2373046875,0,1038240,0.0
brown_0.05,1,0,0.0,z1000,-5507.9111328125,4905.5693359375,0,1038240,0.0
brown_0.05,1,0,0.0,t50,176.91757202148438,233.22137451171875,0,1038240,0.0
brown_0.05,1,0,0.0,t100,185.77293395996094,235.9240264892578,0,1038240,0.0
brown_0.05,1,0,0.0,t150,187.87625122070312,238.9187469482422,0,1038240,0.0
brown_0.05,1,0,0.0,t200,190.07740783691406,241.29055786132812,0,1038240,0.0
brown_0.05,1,0,0.0,t250,198.99497985839844,243.643310546875,0,1038240,0.0
brown_0.05,1,0,0.0,t300,204.72108459472656,251.67457580566406,0,1038240,0.0
brown_0.05,1,0,0.0,t400,215.9998779296875,266.55340576171875,0,1038240,0.0
brown_0.05,1,0,0.0,t500,224.47679138183594,276.935302734375,0,1038240,0.0
brown_0.05,1,0,0.0,t600,204.65460205078125,287.3213195800781,0,1038240,0.0
brown_0.05,1,0,0.0,t700,208.4587860107422,296.96978759765625,0,1038240,0.0
brown_0.05,1,0,0.0,t850,216.28079223632812,309.7291259765625,0,1038240,0.0
brown_0.05,1,0,0.0,t925,219.88397216796875,315.3141784667969,0,1038240,0.0
brown_0.05,1,0,0.0,t1000,223.12496948242188,319.7437744140625,0,1038240,0.0
brown_0.05,1,0,0.0,q50,-0.08512911200523376,0.08398078382015228,707771,1038240,0.6817026891662814
brown_0.05,1,0,0.0,q100,-0.11105873435735703,0.10835256427526474,799500,1038240,0.7700531668978271
brown_0.05,1,0,0.0,q150,-0.08265409618616104,0.12959548830986023,754454,1038240,0.7266662813992911
brown_0.05,1,0,0.0,q200,-0.07134008407592773,0.09805309027433395,624392,1038240,0.6013946678995222
brown_0.05,1,0,0.0,q250,-0.0921330600976944,0.10240684449672699,655192,1038240,0.6310602558175373
brown_0.05,1,0,0.0,q300,-0.09867259860038757,0.08062437921762466,532503,1038240,0.5128900832177531
brown_0.05,1,0,0.0,q400,-0.10448621958494186,0.10722692310810089,768269,1038240,0.7399724533826476
brown_0.05,1,0,0.0,q500,-0.0916856974363327,0.1398291289806366,645695,1038240,0.6219130451533365
brown_0.05,1,0,0.0,q600,-0.09547808021306992,0.11576808243989944,736800,1038240,0.7096625057790107
brown_0.05,1,0,0.0,q700,-0.08791385591030121,0.12036670744419098,839420,1038240,0.8085028509785791
brown_0.05,1,0,0.0,q850,-0.18090136349201202,0.20273560285568237,938577,1038240,0.9040077438742488
brown_0.05,1,0,0.0,q925,-0.07255686819553375,0.07901018857955933,566577,1038240,0.5457090846047157
brown_0.05,1,0,0.0,q1000,-0.06855270266532898,0.09038208425045013,672788,1038240,0.6480081676683619
brown_0.05,1,1,6.0,u10m,-1168.5537109375,1369.8984375,943475,1038240,0.9087253428879642
brown_0.05,1,1,6.0,v10m,-1296.3924560546875,2132.15283203125,812414,1038240,0.7824915241177377
brown_0.05,1,1,6.0,u100m,-1039.6519775390625,1871.8370361328125,958737,1038240,0.9234252196024041
brown_0.05,1,1,6.0,v100m,-1564.9154052734375,2323.76708984375,830807,1038240,0.8002070812143628
brown_0.05,1,1,6.0,t2m,-2909.552978515625,1030.662841796875,969382,1038240,0.9336781476344583
brown_0.05,1,1,6.0,sp,-566841.25,839837.625,993616,1038240,0.9570195715826784
brown_0.05,1,1,6.0,msl,-42354.890625,425337.5625,976290,1038240,0.940331715210356
brown_0.05,1,1,6.0,tcwv,-1075.69970703125,15525.287109375,1022510,1038240,0.9848493604561566
brown_0.05,1,1,6.0,u50,-4247.86083984375,5393.79638671875,991080,1038240,0.9545769764216366
brown_0.05,1,1,6.0,u100,-1824.9775390625,4776.3271484375,944617,1038240,0.9098252812451841
brown_0.05,1,1,6.0,u150,-2788.95263671875,10416.564453125,1015125,1038240,0.9777363615349052
brown_0.05,1,1,6.0,u200,-579.9478149414062,5276.76904296875,940032,1038240,0.9054091539528433
brown_0.05,1,1,6.0,u250,-8746.7421875,2648.91259765625,896958,1038240,0.8639216366158113
brown_0.05,1,1,6.0,u300,-5429.1015625,2766.11767578125,1000280,1038240,0.9634381260594853
brown_0.05,1,1,6.0,u400,-797.2066650390625,2938.199462890625,738074,1038240,0.7108895823701649
brown_0.05,1,1,6.0,u500,-3624.962646484375,766.8101806640625,948681,1038240,0.9137395977808599
brown_0.05,1,1,6.0,u600,-2238.70654296875,1253.618896484375,923244,1038240,0.8892394822006473
brown_0.05,1,1,6.0,u700,-374.6488037109375,2199.69384765625,644290,1038240,0.6205597934966867
brown_0.05,1,1,6.0,u850,-295.3325500488281,2366.242431640625,729751,1038240,0.7028731314532285
brown_0.05,1,1,6.0,u925,-855.2982788085938,2367.820068359375,927162,1038240,0.8930131761442441
brown_0.05,1,1,6.0,u1000,-1658.10400390625,1412.0435791015625,781494,1038240,0.752710355987055
brown_0.05,1,1,6.0,v50,-1754.7818603515625,864.0172119140625,843687,1038240,0.8126126907073509
brown_0.05,1,1,6.0,v100,-724.9337158203125,2004.41650390625,612454,1038240,0.5898963630759747
brown_0.05,1,1,6.0,v150,-3853.46728515625,7563.0703125,983227,1038240,0.9470132146709817
brown_0.05,1,1,6.0,v200,-3249.406005859375,3160.974609375,988774,1038240,0.9523559100015411
brown_0.05,1,1,6.0,v250,-1573.6981201171875,5563.34716796875,967621,1038240,0.9319820080135615
brown_0.05,1,1,6.0,v300,-565.9749755859375,3057.756591796875,737627,1038240,0.7104590460779782
brown_0.05,1,1,6.0,v400,-1712.42919921875,1557.56201171875,928022,1038240,0.8938415010016951
brown_0.05,1,1,6.0,v500,-979.4478759765625,608.5130615234375,565074,1038240,0.5442614424410541
brown_0.05,1,1,6.0,v600,-1434.3253173828125,1191.7139892578125,919473,1038240,0.8856073740175682
brown_0.05,1,1,6.0,v700,-3176.75537109375,1469.119384765625,924410,1038240,0.8903625366004007
brown_0.05,1,1,6.0,v850,-914.4785766601562,1275.9248046875,919557,1038240,0.8856882801664355
brown_0.05,1,1,6.0,v925,-1277.26904296875,1914.8538818359375,916032,1038240,0.882293111419325
brown_0.05,1,1,6.0,v1000,-1244.9202880859375,2413.869140625,770552,1038240,0.7421713669286485
brown_0.05,1,1,6.0,z50,-887680.5,1448019.875,999304,1038240,0.9624980736631222
brown_0.05,1,1,6.0,z100,-310362.25,903215.1875,970184,1038240,0.9344506087224533
brown_0.05,1,1,6.0,z150,-119531.859375,1059655.625,850234,1038240,0.818918554476807
brown_0.05,1,1,6.0,z200,-92886.8671875,391371.625,880951,1038240,0.8485041994143936
brown_0.05,1,1,6.0,z250,-44957.40625,639610.375,871184,1038240,0.8390969332716905
brown_0.05,1,1,6.0,z300,-19956.3515625,589228.75,575159,1038240,0.5539749961473263
brown_0.05,1,1,6.0,z400,26233.64453125,248945.921875,551981,1038240,0.531650678070581
brown_0.05,1,1,6.0,z500,-48266.75,242025.03125,705549,1038240,0.6795625288950532
brown_0.05,1,1,6.0,z600,-9770.05078125,182702.203125,512772,1038240,0.4938858067498844
brown_0.05,1,1,6.0,z700,-69330.53125,192213.546875,684431,1038240,0.6592223378024349
brown_0.05,1,1,6.0,z850,-23013.92578125,140563.5,403662,1038240,0.388794498381877
brown_0.05,1,1,6.0,z925,-95745.078125,171456.828125,682359,1038240,0.6572266527970412
brown_0.05,1,1,6.0,z1000,-105697.53125,181866.453125,658648,1038240,0.634388965942364
brown_0.05,1,1,6.0,t50,-3261.83935546875,2257.506591796875,955053,1038240,0.919876907073509
brown_0.05,1,1,6.0,t100,-4729.49169921875,3552.267333984375,1012034,1038240,0.9747592078902758
brown_0.05,1,1,6.0,t150,-2938.92041015625,3724.725341796875,956648,1038240,0.9214131607335491
brown_0.05,1,1,6.0,t200,-637.043212890625,2066.525390625,833547,1038240,0.8028461627369394
brown_0.05,1,1,6.0,t250,-928.9140625,2492.521484375,914255,1038240,0.8805815611034058
brown_0.05,1,1,6.0,t300,-685.81884765625,2536.55322265625,911748,1038240,0.878166897827092
brown_0.05,1,1,6.0,t400,-758.2613525390625,1708.008544921875,843671,1038240,0.8125972800123286
brown_0.05,1,1,6.0,t500,-429.4434814453125,1258.4903564453125,905330,1038240,0.8719852827862536
brown_0.05,1,1,6.0,t600,-1616.2335205078125,1485.8232421875,956875,1038240,0.9216317999691787
brown_0.05,1,1,6.0,t700,-696.915283203125,387.0198059082031,717832,1038240,0.6913931268300201
brown_0.05,1,1,6.0,t850,-1615.903564453125,2458.5380859375,964376,1038240,0.9288565264293419
brown_0.05,1,1,6.0,t925,-3175.88671875,1587.74755859375,944171,1038240,0.9093957081214363
brown_0.05,1,1,6.0,t1000,-2712.2197265625,727.8584594726562,902488,1038240,0.8692479580829096
brown_0.05,1,1,6.0,q50,-0.08367812633514404,0.0824851542711258,702220,1038240,0.6763561411619664
brown_0.05,1,1,6.0,q100,-0.10118509083986282,0.09832245111465454,748787,1038240,0.7212080058560641
brown_0.05,1,1,6.0,q150,-0.05244646221399307,0.09081327170133591,669636,1038240,0.6449722607489597
brown_0.05,1,1,6.0,q200,-0.01527788769453764,0.07596586644649506,133585,1038240,0.12866485591000154
brown_0.05,1,1,6.0,q250,-0.0598064549267292,0.1710990071296692,653290,1038240,0.629228309446756
brown_0.05,1,1,6.0,q300,-0.08501948416233063,0.5367268919944763,790627,1038240,0.7615069733394976
brown_0.05,1,1,6.0,q400,-0.04494047164916992,0.8958157896995544,742857,1038240,0.7154964170134073
brown_0.05,1,1,6.0,q500,-0.07087168842554092,0.7357001900672913,942659,1038240,0.9079393974418246
brown_0.05,1,1,6.0,q600,-0.17050732672214508,1.190289855003357,1004643,1038240,0.9676404299583912
brown_0.05,1,1,6.0,q700,-0.47286346554756165,1.6896764039993286,967971,1038240,0.9323191169671752
brown_0.05,1,1,6.0,q850,-0.46136191487312317,3.265057325363159,1005248,1038240,0.9682231468639235
brown_0.05,1,1,6.0,q925,-0.683860182762146,2.7746775150299072,983930,1038240,0.947690322083526
brown_0.05,1,1,6.0,q1000,-0.3962702453136444,2.2440452575683594,1013020,1038240,0.975708891971028
brown_0.05,1,2,12.0,u10m,-1562.5321044921875,2012.3785400390625,988162,1038240,0.9517664509169363
brown_0.05,1,2,12.0,v10m,-1522.6641845703125,2533.552490234375,852856,1038240,0.8214439821235938
brown_0.05,1,2,12.0,u100m,-1746.8138427734375,2660.826416015625,992935,1038240,0.9563636538757898
brown_0.05,1,2,12.0,v100m,-1790.7550048828125,2557.089599609375,900105,1038240,0.866952727693019
brown_0.05,1,2,12.0,t2m,-4277.0634765625,1043.20849609375,962954,1038240,0.927486900909231
brown_0.05,1,2,12.0,sp,-1118446.0,1422083.875,1014783,1038240,0.9774069579288026
brown_0.05,1,2,12.0,msl,-183828.171875,692984.625,1006571,1038240,0.9694974187085837
brown_0.05,1,2,12.0,tcwv,-1448.13720703125,28073.794921875,1020642,1038240,0.9830501618122978
brown_0.05,1,2,12.0,u50,-7384.5556640625,9191.3681640625,1010639,1038240,0.9734155879180151
brown_0.05,1,2,12.0,u100,-1773.8798828125,8427.5546875,968601,1038240,0.9329259130836801
brown_0.05,1,2,12.0,u150,-2933.921875,15964.7685546875,1016721,1038240,0.9792735783633841
brown_0.05,1,2,12.0,u200,-628.2473754882812,7192.5693359375,980862,1038240,0.9447353213129912
brown_0.05,1,2,12.0,u250,-11752.408203125,4224.53369140625,988104,1038240,0.9517105871474804
brown_0.05,1,2,12.0,u300,-8049.17236328125,3770.27685546875,1009211,1038240,0.9720401833872707
brown_0.05,1,2,12.0,u400,-2342.654052734375,3415.97998046875,949172,1038240,0.9142125134843582
brown_0.05,1,2,12.0,u500,-4665.546875,1309.858642578125,933941,1038240,0.8995424949915242
brown_0.05,1,2,12.0,u600,-3635.378173828125,1413.0059814453125,969065,1038240,0.9333728232393281
brown_0.05,1,2,12.0,u700,-679.0811767578125,2779.06103515625,692878,1038240,0.6673582216057944
brown_0.05,1,2,12.0,u850,-346.61309814453125,3672.691162109375,730351,1038240,0.7034510325165665
brown_0.05,1,2,12.0,u925,-922.2760009765625,3490.567138671875,955164,1038240,0.9199838187702265
brown_0.05,1,2,12.0,u1000,-2164.0126953125,2160.034423828125,855133,1038240,0.8236371166589613
brown_0.05,1,2,12.0,v50,-2123.614501953125,1347.2149658203125,878075,1038240,0.845734126984127
brown_0.05,1,2,12.0,v100,-1340.519775390625,2738.377197265625,873559,1038240,0.8413844583140699
brown_0.05,1,2,12.0,v150,-4369.3408203125,9507.3916015625,994995,1038240,0.9583477808599168
brown_0.05,1,2,12.0,v200,-3900.93359375,4551.46630859375,1002756,1038240,0.9658229311141933
brown_0.05,1,2,12.0,v250,-2153.786865234375,5839.7099609375,987522,1038240,0.9511500231160426
brown_0.05,1,2,12.0,v300,-854.2076416015625,3132.90869140625,931287,1038240,0.8969862459546926
brown_0.05,1,2,12.0,v400,-2015.140869140625,1772.5748291015625,943844,1038240,0.9090807520419171
brown_0.05,1,2,12.0,v500,-1129.831298828125,699.261474609375,702206,1038240,0.6763426568038219
brown_0.05,1,2,12.0,v600,-1378.0672607421875,1265.5509033203125,905516,1038240,0.8721644321158885
brown_0.05,1,2,12.0,v700,-3194.273193359375,1697.379150390625,923630,1038240,0.8896112652180613
brown_0.05,1,2,12.0,v850,-941.3229370117188,1677.6429443359375,952485,1038240,0.9174034905224225
brown_0.05,1,2,12.0,v925,-1277.3148193359375,2394.17724609375,956241,1038240,0.9210211511789181
brown_0.05,1,2,12.0,v1000,-1432.329345703125,2962.03466796875,849947,1038240,0.8186421251348436
brown_0.05,1,2,12.0,z50,-1644234.875,2305527.75,1014467,1038240,0.9771025967021113
brown_0.05,1,2,12.0,z100,-359638.125,1237777.25,990147,1038240,0.9536783402681461
brown_0.05,1,2,12.0,z150,-91824.140625,1688046.5,612503,1038240,0.5899435583294806
brown_0.05,1,2,12.0,z200,-136788.75,778627.5625,950754,1038240,0.9157362459546926
brown_0.05,1,2,12.0,z250,-38144.4375,1173344.0,877674,1038240,0.8453478964401294
brown_0.05,1,2,12.0,z300,-37169.1796875,1019979.75,852170,1038240,0.8207832485745107
brown_0.05,1,2,12.0,z400,17316.82421875,494726.6875,782041,1038240,0.7532372091231314
brown_0.05,1,2,12.0,z500,-77445.53125,392972.0625,846275,1038240,0.8151053706272153
brown_0.05,1,2,12.0,z600,-47355.56640625,316896.21875,759400,1038240,0.7314301124980737
brown_0.05,1,2,12.0,z700,-141946.09375,319000.125,874484,1038240,0.8422753891200493
brown_0.05,1,2,12.0,z850,-96808.8984375,210911.34375,741626,1038240,0.7143107566651256
brown_0.05,1,2,12.0,z925,-177828.390625,294658.125,876334,1038240,0.844057250732008
brown_0.05,1,2,12.0,z1000,-196735.15625,335304.78125,888698,1038240,0.8559658653105255
brown_0.05,1,2,12.0,t50,-6378.1923828125,4258.3876953125,1005650,1038240,0.96861034057636
brown_0.05,1,2,12.0,t100,-8938.4248046875,6183.4677734375,1023723,1038240,0.9860176837725382
brown_0.05,1,2,12.0,t150,-4782.84033203125,6008.10107421875,995062,1038240,0.9584123131453228
brown_0.05,1,2,12.0,t200,-1187.8751220703125,3340.869873046875,909254,1038240,0.8757647557404838
brown_0.05,1,2,12.0,t250,-1369.654296875,3455.44287109375,871022,1038240,0.8389408999845893
brown_0.05,1,2,12.0,t300,-951.598876953125,4810.373046875,969693,1038240,0.9339776930189552
brown_0.05,1,2,12.0,t400,-1324.63671875,3177.718017578125,912166,1038240,0.8785695022345508
brown_0.05,1,2,12.0,t500,-894.6661376953125,1767.8062744140625,955398,1038240,0.9202092001849284
brown_0.05,1,2,12.0,t600,-2171.649169921875,2157.01904296875,970924,1038240,0.9351633533672369
brown_0.05,1,2,12.0,t700,-1008.20263671875,672.7484130859375,937021,1038240,0.9025090537833256
brown_0.05,1,2,12.0,t850,-2091.8583984375,3002.93115234375,981713,1038240,0.9455549776544923
brown_0.05,1,2,12.0,t925,-4920.185546875,1668.878662109375,1004916,1038240,0.9679033749422099
brown_0.05,1,2,12.0,t1000,-4514.7001953125,682.7252807617188,900942,1038240,0.8677588996763754
brown_0.05,1,2,12.0,q50,-0.08223572373390198,0.08099853992462158,697197,1038240,0.6715181460933888
brown_0.05,1,2,12.0,q100,-0.0922994315624237,0.08940460532903671,679081,1038240,0.6540693866543381
brown_0.05,1,2,12.0,q150,-0.03942689672112465,0.07176429778337479,571343,1038240,0.5502995453844969
brown_0.05,1,2,12.0,q200,-0.013006772845983505,0.09237486124038696,238520,1038240,0.22973493604561565
brown_0.05,1,2,12.0,q250,-0.035043004900217056,0.2536851465702057,522783,1038240,0.5035280859916782
brown_0.05,1,2,12.0,q300,-0.06076401099562645,0.7750898003578186,745335,1038240,0.717883148404993
brown_0.05,1,2,12.0,q400,-0.042718932032585144,1.4583746194839478,923638,1038240,0.8896189705655725
brown_0.05,1,2,12.0,q500,-0.07758020609617233,1.7175843715667725,1008358,1038240,0.971218600708892
brown_0.05,1,2,12.0,q600,-0.10933056473731995,2.948439121246338,1026811,1038240,0.9889919479118509
brown_0.05,1,2,12.0,q700,-0.6640191674232483,3.764246702194214,986718,1038240,0.9503756356911697
brown_0.05,1,2,12.0,q850,-0.6420643925666809,5.724307537078857,1026071,1038240,0.9882792032670673
brown_0.05,1,2,12.0,q925,-0.9104336500167847,6.035219669342041,1022673,1038240,0.9850063569116967
brown_0.05,1,2,12.0,q1000,-0.581565797328949,4.217192649841309,1030058,1038240,0.9921193558329481
brown_0.05,1,3,18.0,u10m,-1888.7918701171875,2371.686767578125,1001593,1038240,0.9647027662197565
brown_0.05,1,3,18.0,v10m,-1512.5013427734375,2584.84326171875,856285,1038240,0.8247466867005702
brown_0.05,1,3,18.0,u100m,-2269.592529296875,3040.84912109375,1006147,1038240,0.9690890352904916
brown_0.05,1,3,18.0,v100m,-1771.1175537109375,2571.352783203125,902102,1038240,0.8688761750654954
brown_0.05,1,3,18.0,t2m,-4876.74755859375,1110.2283935546875,982958,1038240,0.9467541223609185
brown_0.05,1,3,18.0,sp,-1553043.5,1827197.625,1019896,1038240,0.9823316381568808
brown_0.05,1,3,18.0,msl,-319032.875,902166.3125,1013313,1038240,0.9759911003236246
brown_0.05,1,3,18.0,tcwv,-1457.875732421875,37366.2421875,1025027,1038240,0.9872736554168593
brown_0.05,1,3,18.0,u50,-10065.18359375,11890.515625,1014729,1038240,0.9773549468331022
brown_0.05,1,3,18.0,u100,-1359.90234375,11846.212890625,952951,1038240,0.9178523270149483
brown_0.05,1,3,18.0,u150,-3569.613525390625,19351.263671875,1015730,1038240,0.9783190784404376
brown_0.05,1,3,18.0,u200,-1243.5238037109375,7570.333984375,992872,1038240,0.9563029742641393
brown_0.05,1,3,18.0,u250,-13150.3203125,5587.02978515625,1005555,1038240,0.9685188395746648
brown_0.05,1,3,18.0,u300,-9687.3212890625,4567.3525390625,1010794,1038240,0.973564879026044
brown_0.05,1,3,18.0,u400,-3209.4521484375,3675.9140625,979018,1038240,0.9429592387116659
brown_0.05,1,3,18.0,u500,-5437.0576171875,2261.19189453125,974040,1038240,0.9381645862228386
brown_0.05,1,3,18.0,u600,-4406.91357421875,1627.196044921875,975085,1038240,0.9391710972414856
brown_0.05,1,3,18.0,u700,-1018.1580810546875,3158.560546875,926966,1038240,0.8928243951302204
brown_0.05,1,3,18.0,u850,-525.7467651367188,4306.25244140625,669377,1038240,0.6447228001232855
brown_0.05,1,3,18.0,u925,-1195.0875244140625,4038.03125,878147,1038240,0.8458034751117275
brown_0.05,1,3,18.0,u1000,-2540.083740234375,2557.51171875,914842,1038240,0.881146940977038
brown_0.05,1,3,18.0,v50,-2178.803466796875,1622.6121826171875,854155,1038240,0.8226951379257205
brown_0.05,1,3,18.0,v100,-1698.908447265625,2972.213623046875,934559,1038240,0.9001377330867623
brown_0.05,1,3,18.0,v150,-4613.50634765625,9981.3974609375,1006868,1038240,0.9697834797349361
brown_0.05,1,3,18.0,v200,-4049.498779296875,5073.2744140625,1005691,1038240,0.9686498304823548
brown_0.05,1,3,18.0,v250,-2320.968994140625,6138.99365234375,978410,1038240,0.9423736323008167
brown_0.05,1,3,18.0,v300,-1030.675048828125,3002.153564453125,967058,1038240,0.9314397441824627
brown_0.05,1,3,18.0,v400,-2082.363525390625,1992.845947265625,938657,1038240,0.9040847973493604
brown_0.05,1,3,18.0,v500,-1220.0382080078125,784.2568969726562,798303,1038240,0.7689002542764679
brown_0.05,1,3,18.0,v600,-1264.6595458984375,1261.14892578125,849403,1038240,0.8181181615040838
brown_0.05,1,3,18.0,v700,-3059.18212890625,1701.0299072265625,917410,1038240,0.8836203575281245
brown_0.05,1,3,18.0,v850,-877.3623657226562,1838.71923828125,944235,1038240,0.9094573509015257
brown_0.05,1,3,18.0,v925,-1143.7464599609375,2524.80126953125,977876,1038240,0.941859300354446
brown_0.05,1,3,18.0,v1000,-1405.00341796875,3073.07080078125,867117,1038240,0.8351797272306981
brown_0.05,1,3,18.0,z50,-2225277.75,2972955.0,1016289,1038240,0.9788574895977808
brown_0.05,1,3,18.0,z100,-304612.375,1472875.875,984352,1038240,0.9480967791647403
brown_0.05,1,3,18.0,z150,-30360.53125,2268405.75,926931,1038240,0.892790684234859
brown_0.05,1,3,18.0,z200,-154841.40625,1278267.625,986324,1038240,0.9499961473262444
brown_0.05,1,3,18.0,z250,-74593.953125,1707159.625,876666,1038240,0.8443770226537217
brown_0.05,1,3,18.0,z300,-47428.890625,1448338.375,876618,1038240,0.8443307905686547
brown_0.05,1,3,18.0,z400,13434.2265625,770413.9375,856828,1038240,0.8252696871628911
brown_0.05,1,3,18.0,z500,-97903.015625,568682.125,903411,1038240,0.8701369625520111
brown_0.05,1,3,18.0,z600,-85856.03125,453283.03125,876626,1038240,0.8443384959161658
brown_0.05,1,3,18.0,z700,-201114.75,433380.75,921583,1038240,0.88763965942364
brown_0.05,1,3,18.0,z850,-170897.8125,307623.40625,872941,1038240,0.8407892202188318
brown_0.05,1,3,18.0,z925,-255427.71875,402419.0625,932222,1038240,0.8978868084450609
brown_0.05,1,3,18.0,z1000,-292899.28125,462661.40625,939124,1038240,0.9045345970103251
brown_0.05,1,3,18.0,t50,-9073.7744140625,6104.8798828125,1022036,1038240,0.9843928186161196
brown_0.05,1,3,18.0,t100,-12225.3583984375,8258.8642578125,1027511,1038240,0.9896661658190784
brown_0.05,1,3,18.0,t150,-5897.123046875,7542.3408203125,1008532,1038240,0.97138619201726
brown_0.05,1,3,18.0,t200,-1867.3763427734375,4379.77490234375,936818,1038240,0.9023135305902297
brown_0.05,1,3,18.0,t250,-1688.9893798828125,3947.8994140625,882337,1038240,0.8498391508707043
brown_0.05,1,3,18.0,t300,-1265.4443359375,6864.76171875,979503,1038240,0.9434263754045308
brown_0.05,1,3,18.0,t400,-1691.7845458984375,4717.353515625,982869,1038240,0.9466684003698567
brown_0.05,1,3,18.0,t500,-1182.3638916015625,2155.26123046875,978288,1038240,0.9422561257512714
brown_0.05,1,3,18.0,t600,-2052.213623046875,2554.3330078125,992735,1038240,0.9561710201880105
brown_0.05,1,3,18.0,t700,-890.615966796875,1000.3117065429688,936365,1038240,0.9018772152874095
brown_0.05,1,3,18.0,t850,-1993.9219970703125,2926.4921875,964982,1038240,0.9294402065033133
brown_0.05,1,3,18.0,t925,-5077.0927734375,1301.93359375,1004506,1038240,0.9675084758822623
brown_0.05,1,3,18.0,t1000,-5009.4375,643.330322265625,927646,1038240,0.89347934966867
brown_0.05,1,3,18.0,q50,-0.0808374360203743,0.07955553382635117,692219,1038240,0.6667234936045615
brown_0.05,1,3,18.0,q100,-0.08428928256034851,0.08138705790042877,632435,1038240,0.6091414316535676
brown_0.05,1,3,18.0,q150,-0.04472571611404419,0.06228352710604668,478396,1038240,0.4607759284943751
brown_0.05,1,3,18.0,q200,-0.014329989440739155,0.10588016360998154,323127,1038240,0.31122572815533983
brown_0.05,1,3,18.0,q250,-0.035381268709897995,0.30851608514785767,552681,1038240,0.5323248959778086
brown_0.05,1,3,18.0,q300,-0.048177383840084076,0.9115301370620728,774995,1038240,0.746450724302666
brown_0.05,1,3,18.0,q400,-0.04262750595808029,1.8714377880096436,986289,1038240,0.9499624364308831
brown_0.05,1,3,18.0,q500,-0.08460124582052231,2.5512545108795166,1012673,1038240,0.9753746725227308
brown_0.05,1,3,18.0,q600,-0.050091832876205444,4.500692844390869,1034239,1038240,0.9961463630759747
brown_0.05,1,3,18.0,q700,-0.6411252021789551,5.173697471618652,1003873,1038240,0.9668987902604408
brown_0.05,1,3,18.0,q850,-0.6448975205421448,7.33931303024292,1022214,1038240,0.9845642625982431
brown_0.05,1,3,18.0,q925,-0.914797842502594,8.030708312988281,1027462,1038240,0.9896189705655725
brown_0.05,1,3,18.0,q1000,-0.5957884788513184,5.857282638549805,1030502,1038240,0.9925470026198182
brown_0.05,1,4,24.0,u10m,-2189.887939453125,2585.678466796875,1007416,1038240,0.9703112960394514
brown_0.05,1,4,24.0,v10m,-1450.78857421875,2650.7958984375,866612,1038240,0.8346933271690553
brown_0.05,1,4,24.0,u100m,-2541.552978515625,3205.134765625,1011804,1038240,0.9745376791493296
brown_0.05,1,4,24.0,v100m,-1695.4371337890625,2683.89306640625,904714,1038240,0.8713919710278933
brown_0.05,1,4,24.0,t2m,-5233.3251953125,1442.629150390625,982107,1038240,0.9459344660194174
brown_0.05,1,4,24.0,sp,-1879999.125,2102265.75,1023270,1038240,0.985581368469718
brown_0.05,1,4,24.0,msl,-470427.625,1056531.25,1013707,1038240,0.9763705886885499
brown_0.05,1,4,24.0,tcwv,-1212.457763671875,44330.04296875,1034630,1038240,0.9965229619355833
brown_0.05,1,4,24.0,u50,-12210.322265625,13889.5029296875,1017454,1038240,0.9799795808290954
brown_0.05,1,4,24.0,u100,-1524.1676025390625,14401.0087890625,925612,1038240,0.8915202650639544
brown_0.05,1,4,24.0,u150,-4323.560546875,21525.56640625,1019558,1038240,0.9820060872245339
brown_0.05,1,4,24.0,u200,-2228.045654296875,8169.4658203125,1005268,1038240,0.9682424102327015
brown_0.05,1,4,24.0,u250,-14422.966796875,6928.95703125,1012830,1038240,0.9755258899676376
brown_0.05,1,4,24.0,u300,-10690.9775390625,5812.78173828125,1012460,1038240,0.9751695176452458
brown_0.05,1,4,24.0,u400,-3837.9404296875,4586.087890625,992047,1038240,0.9555083603020497
brown_0.05,1,4,24.0,u500,-6017.51416015625,3144.93994140625,953036,1038240,0.9179341963322546
brown_0.05,1,4,24.0,u600,-5138.6484375,2004.2000732421875,976237,1038240,0.9402806672830945
brown_0.05,1,4,24.0,u700,-1352.100830078125,3559.1005859375,974955,1038240,0.939045885344429
brown_0.05,1,4,24.0,u850,-699.4119873046875,4694.6845703125,838365,1038240,0.8074867082755433
brown_0.05,1,4,24.0,u925,-1578.8218994140625,4280.82373046875,844533,1038240,0.8134275312066575
brown_0.05,1,4,24.0,u1000,-2886.4638671875,2782.165771484375,954932,1038240,0.9197603636924025
brown_0.05,1,4,24.0,v50,-2046.9376220703125,1728.74365234375,813179,1038240,0.7832283479734936
brown_0.05,1,4,24.0,v100,-1905.9002685546875,3001.0439453125,949600,1038240,0.9146247495762059
brown_0.05,1,4,24.0,v150,-4576.6826171875,9905.8466796875,996078,1038240,0.9593908922792418
brown_0.05,1,4,24.0,v200,-3962.341064453125,5283.0927734375,1005977,1038240,0.9689252966558792
brown_0.05,1,4,24.0,v250,-2350.76416015625,6110.65673828125,974529,1038240,0.9386355755894591
brown_0.05,1,4,24.0,v300,-1166.728759765625,2757.389404296875,983162,1038240,0.9469506087224534
brown_0.05,1,4,24.0,v400,-2046.6446533203125,1956.7779541015625,927099,1038240,0.8929524965325936
brown_0.05,1,4,24.0,v500,-1154.0650634765625,865.2176513671875,800592,1038240,0.7711049468331022
brown_0.05,1,4,24.0,v600,-1167.474853515625,1408.685302734375,847272,1038240,0.8160656495607952
brown_0.05,1,4,24.0,v700,-2960.732666015625,1682.537353515625,909124,1038240,0.8756395438434273
brown_0.05,1,4,24.0,v850,-797.078125,1957.23681640625,939883,1038240,0.9052656418554477
brown_0.05,1,4,24.0,v925,-970.5856323242188,2817.862548828125,985001,1038240,0.9487218754815843
brown_0.05,1,4,24.0,v1000,-1335.6591796875,3160.501220703125,870871,1038240,0.8387954615503159
brown_0.05,1,4,24.0,z50,-2690921.25,3519985.75,1018769,1038240,0.9812461473262444
brown_0.05,1,4,24.0,z100,-219968.296875,1882198.125,987664,1038240,0.9512867930343658
brown_0.05,1,4,24.0,z150,34917.15625,2845136.5,971728,1038240,0.9359377407921097
brown_0.05,1,4,24.0,z200,-152274.0625,1810695.75,998587,1038240,0.9618074818924334
brown_0.05,1,4,24.0,z250,-85619.375,2225089.25,891100,1038240,0.8582793959007551
brown_0.05,1,4,24.0,z300,-46825.03125,1870460.25,894240,1038240,0.8613037447988904
brown_0.05,1,4,24.0,z400,10693.25390625,1053642.875,886792,1038240,0.8541300662659886
brown_0.05,1,4,24.0,z500,-113440.125,749708.9375,939087,1038240,0.904498959778086
brown_0.05,1,4,24.0,z600,-120678.125,579688.1875,924754,1038240,0.8906938665433811
brown_0.05,1,4,24.0,z700,-246624.0625,514708.65625,939247,1038240,0.9046530667283095
brown_0.05,1,4,24.0,z850,-238764.21875,398599.96875,928387,1038240,0.8941930574818925
brown_0.05,1,4,24.0,z925,-336592.65625,495529.5625,955995,1038240,0.9207842117429496
brown_0.05,1,4,24.0,z1000,-382894.53125,566120.1875,943250,1038240,0.9085086299892126
brown_0.05,1,4,24.0,t50,-11374.9052734375,7763.44287109375,1027446,1038240,0.9896035598705502
brown_0.05,1,4,24.0,t100,-14715.560546875,10079.80078125,1030283,1038240,0.9923360687316998
brown_0.05,1,4,24.0,t150,-6648.87939453125,8616.205078125,1017655,1038240,0.9801731776853136
brown_0.05,1,4,24.0,t200,-2213.847412109375,5239.2109375,874808,1038240,0.8425874556942519
brown_0.05,1,4,24.0,t250,-1855.273681640625,4115.93505859375,953368,1038240,0.9182539682539682
brown_0.05,1,4,24.0,t300,-1742.1737060546875,8663.072265625,991705,1038240,0.955178956695947
brown_0.05,1,4,24.0,t400,-1921.4759521484375,6289.40869140625,1000534,1038240,0.963682770842965
brown_0.05,1,4,24.0,t500,-1473.0703125,2960.57177734375,991278,1038240,0.9547676837725382
brown_0.05,1,4,24.0,t600,-2006.104248046875,2917.08447265625,991874,1038240,0.9553417321621205
brown_0.05,1,4,24.0,t700,-728.1182861328125,1336.08203125,743694,1038240,0.7163025889967638
brown_0.05,1,4,24.0,t850,-1629.730224609375,2639.20361328125,882526,1038240,0.8500211897056558
brown_0.05,1,4,24.0,t925,-4394.27392578125,1085.780517578125,997364,1038240,0.9606295268916628
brown_0.05,1,4,24.0,t1000,-4644.3125,649.9935302734375,962173,1038240,0.9267346663584528
brown_0.05,1,4,24.0,q50,-0.07943916320800781,0.07811275869607925,686967,1038240,0.6616649329634766
brown_0.05,1,4,24.0,q100,-0.07702659070491791,0.07417411357164383,609022,1038240,0.5865907689936816
brown_0.05,1,4,24.0,q150,-0.04607777297496796,0.05715647712349892,442319,1038240,0.4260277007243027
brown_0.05,1,4,24.0,q200,-0.015404925681650639,0.11704211682081223,383054,1038240,0.368945523193096
brown_0.05,1,4,24.0,q250,-0.03591890260577202,0.34851503372192383,640096,1038240,0.6165202650639544
brown_0.05,1,4,24.0,q300,-0.036208827048540115,1.0043867826461792,839541,1038240,0.8086193943596857
brown_0.05,1,4,24.0,q400,-0.04450010880827904,2.1571362018585205,1001788,1038240,0.9648905840653413
brown_0.05,1,4,24.0,q500,-0.08961345255374908,3.1392083168029785,1016759,1038240,0.9793101787640622
brown_0.05,1,4,24.0,q600,-0.012114652432501316,5.5503435134887695,1035176,1038240,0.9970488519032208
brown_0.05,1,4,24.0,q700,-0.5173842906951904,6.069183349609375,1011576,1038240,0.9743180767452612
brown_0.05,1,4,24.0,q850,-0.5737999081611633,8.463652610778809,1026729,1038240,0.9889129680998613
brown_0.05,1,4,24.0,q925,-0.8473069667816162,9.29892635345459,1025481,1038240,0.9877109338881184
brown_0.05,1,4,24.0,q1000,-0.5373579859733582,7.234559535980225,1030747,1038240,0.9927829788873478
brown_0.05,1,5,30.0,u10m,-2405.018310546875,2703.216552734375,1010677,1038240,0.9734521883186932
brown_0.05,1,5,30.0,v10m,-1385.3226318359375,2744.275146484375,883310,1038240,0.8507763137617507
brown_0.05,1,5,30.0,u100m,-2690.008056640625,3257.580810546875,1013314,1038240,0.9759920634920635
brown_0.05,1,5,30.0,v100m,-1611.9285888671875,2759.979248046875,927847,1038240,0.8936729465248883
brown_0.05,1,5,30.0,t2m,-5315.75537109375,2120.23583984375,966129,1038240,0.9305449607027277
brown_0.05,1,5,30.0,sp,-2112282.75,2324720.25,1025089,1038240,0.9873333718600709
brown_0.05,1,5,30.0,msl,-609425.5625,1181717.25,1021588,1038240,0.9839613191554939
brown_0.05,1,5,30.0,tcwv,-852.6251831054688,49559.1796875,1036820,1038240,0.9986323008167668
brown_0.05,1,5,30.0,u50,-13853.5673828125,15137.2275390625,1018572,1038240,0.9810564031437817
brown_0.05,1,5,30.0,u100,-2347.3056640625,16177.2900390625,817249,1038240,0.7871484435198027
brown_0.05,1,5,30.0,u150,-5040.41162109375,22927.515625,1020149,1038240,0.9825753197719217
brown_0.05,1,5,30.0,u200,-4206.21142578125,9252.759765625,1015388,1038240,0.9779896748343351
brown_0.05,1,5,30.0,u250,-15894.4267578125,8137.49462890625,1016862,1038240,0.9794093851132686
brown_0.05,1,5,30.0,u300,-11304.130859375,6967.857421875,1012562,1038240,0.9752677608260133
brown_0.05,1,5,30.0,u400,-4431.66259765625,5565.384765625,996813,1038240,0.9600988210818308
brown_0.05,1,5,30.0,u500,-6612.8671875,3959.478515625,959471,1038240,0.9241321852365542
brown_0.05,1,5,30.0,u600,-5853.0634765625,2478.918701171875,978311,1038240,0.942278278625366
brown_0.05,1,5,30.0,u700,-1675.0771484375,3871.43310546875,984563,1038240,0.9483000077053475
brown_0.05,1,5,30.0,u850,-849.6199340820312,4936.1240234375,954496,1038240,0.9193404222530436
brown_0.05,1,5,30.0,u925,-1808.5596923828125,4383.11865234375,822403,1038240,0.7921126136538758
brown_0.05,1,5,30.0,u1000,-3133.3388671875,2907.39892578125,981153,1038240,0.9450156033287102
brown_0.05,1,5,30.0,v50,-1869.6317138671875,1759.6494140625,779007,1038240,0.7503149560795191
brown_0.05,1,5,30.0,v100,-2050.93115234375,2908.277587890625,954601,1038240,0.9194415549391277
brown_0.05,1,5,30.0,v150,-4329.68115234375,9627.45703125,996248,1038240,0.9595546309138542
brown_0.05,1,5,30.0,v200,-3728.935791015625,5324.4033203125,1008154,1038240,0.9710221143473571
brown_0.05,1,5,30.0,v250,-2263.744140625,5876.798828125,980101,1038240,0.9440023501309909
brown_0.05,1,5,30.0,v300,-1214.50048828125,2745.978271484375,980993,1038240,0.9448614963784867
brown_0.05,1,5,30.0,v400,-1951.263427734375,1836.0091552734375,926542,1038240,0.8924160117121283
brown_0.05,1,5,30.0,v500,-1078.2264404296875,914.2423095703125,777872,1038240,0.7492217599013715
brown_0.05,1,5,30.0,v600,-1119.9803466796875,1468.2752685546875,851595,1038240,0.8202294267221452
brown_0.05,1,5,30.0,v700,-2897.635009765625,1748.126220703125,890280,1038240,0.8574895977808599
brown_0.05,1,5,30.0,v850,-720.2888793945312,2020.3004150390625,936536,1038240,0.9020419170904608
brown_0.05,1,5,30.0,v925,-820.1771850585938,3009.9208984375,982832,1038240,0.9466327631376175
brown_0.05,1,5,30.0,v1000,-1266.003173828125,3258.986083984375,870936,1038240,0.8388580674988442
brown_0.05,1,5,30.0,z50,-3063205.25,3982586.0,1022331,1038240,0.9846769533055941
brown_0.05,1,5,30.0,z100,-121580.890625,2399881.25,986059,1038240,0.9497409076899368
brown_0.05,1,5,30.0,z150,81939.3515625,3417500.0,1009178,1038240,0.9720083988287872
brown_0.05,1,5,30.0,z200,-136052.96875,2351629.0,1003836,1038240,0.9668631530282016
brown_0.05,1,5,30.0,z250,-79059.921875,2715586.5,917543,1038240,0.8837484589304978
brown_0.05,1,5,30.0,z300,-36861.5,2276278.0,918121,1038240,0.88430517028818
brown_0.05,1,5,30.0,z400,14321.9921875,1332084.75,906077,1038240,0.8727047696101095
brown_0.05,1,5,30.0,z500,-124901.53125,931567.375,961003,1038240,0.9256077592849438
brown_0.05,1,5,30.0,z600,-151210.4375,702781.5,949036,1038240,0.9140815225766682
brown_0.05,1,5,30.0,z700,-283321.0625,578682.25,948657,1038240,0.9137164817383264
brown_0.05,1,5,30.0,z850,-298783.8125,477987.96875,950667,1038240,0.9156524503005086
brown_0.05,1,5,30.0,z925,-413376.25,573604.875,962099,1038240,0.9266633918939744
brown_0.05,1,5,30.0,z1000,-470983.625,648645.8125,942886,1038240,0.9081580366774542
brown_0.05,1,5,30.0,t50,-13342.5087890625,9230.134765625,1027426,1038240,0.9895842965017723
brown_0.05,1,5,30.0,t100,-16643.931640625,11564.427734375,1030927,1038240,0.9929563492063492
brown_0.05,1,5,30.0,t150,-7109.51513671875,9425.671875,1022355,1038240,0.9847000693481276
brown_0.05,1,5,30.0,t200,-2110.3349609375,5901.11328125,960664,1038240,0.9252812451841578
brown_0.05,1,5,30.0,t250,-1918.64453125,4465.77685546875,960500,1038240,0.9251232855601788
brown_0.05,1,5,30.0,t300,-2246.197021484375,10192.083984375,991134,1038240,0.954628987517337
brown_0.05,1,5,30.0,t400,-2196.037353515625,7823.6474609375,1012988,1038240,0.9756780705809832
brown_0.05,1,5,30.0,t500,-1723.195068359375,4116.3466796875,1002416,1038240,0.9654954538449684
brown_0.05,1,5,30.0,t600,-2047.688232421875,3190.587158203125,989919,1038240,0.9534587378640776
brown_0.05,1,5,30.0,t700,-640.948486328125,1639.012939453125,896120,1038240,0.863114501464016
brown_0.05,1,5,30.0,t850,-1185.0853271484375,2274.42138671875,933512,1038240,0.8991292957312375
brown_0.05,1,5,30.0,t925,-3321.39013671875,882.1286010742188,983531,1038240,0.9473060178764062
brown_0.05,1,5,30.0,t1000,-4586.0068359375,679.2393798828125,976621,1038240,0.9406505239636308
brown_0.05,1,5,30.0,q50,-0.07808540016412735,0.07671504467725754,681419,1038240,0.6563212744644783
brown_0.05,1,5,30.0,q100,-0.07044921815395355,0.06762382388114929,580501,1038240,0.5591202419479119
brown_0.05,1,5,30.0,q150,-0.045228276401758194,0.05421486124396324,423174,1038240,0.40758784096162737
brown_0.05,1,5,30.0,q200,-0.01527490559965372,0.12755806744098663,426802,1038240,0.4110822160579442
brown_0.05,1,5,30.0,q250,-0.03689152002334595,0.3819657862186432,704953,1038240,0.6789884805054708
brown_0.05,1,5,30.0,q300,-0.025350993499159813,1.0730136632919312,844267,1038240,0.813171328401911
brown_0.05,1,5,30.0,q400,-0.056223172694444656,2.3652760982513428,1009858,1038240,0.9726633533672369
brown_0.05,1,5,30.0,q500,-0.1035085916519165,3.5357346534729004,1019017,1038240,0.9814850130990908
brown_0.05,1,5,30.0,q600,-0.008135062642395496,6.167321681976318,1034005,1038240,0.995920981661273
brown_0.05,1,5,30.0,q700,-0.36739209294319153,6.701901912689209,1022842,1038240,0.9851691323778703
brown_0.05,1,5,30.0,q850,-0.44396698474884033,9.400546073913574,1029631,1038240,0.9917080829095393
brown_0.05,1,5,30.0,q925,-0.7460967302322388,10.215093612670898,1029430,1038240,0.991514486053321
brown_0.05,1,5,30.0,q1000,-0.4855894148349762,8.447175979614258,1025057,1038240,0.9873025504700262
brown_0.05,1,6,36.0,u10m,-2558.90576171875,2779.85498046875,1011784,1038240,0.9745184157805517
brown_0.05,1,6,36.0,v10m,-1335.79052734375,2873.20849609375,898240,1038240,0.8651564185544768
brown_0.05,1,6,36.0,u100m,-2784.73779296875,3270.8671875,1010212,1038240,0.9730043149946063
brown_0.05,1,6,36.0,v100m,-1546.5887451171875,2798.474609375,960890,1038240,0.9254989212513485
brown_0.05,1,6,36.0,t2m,-5226.154296875,2935.395263671875,991632,1038240,0.9551086453999076
brown_0.05,1,6,36.0,sp,-2269205.0,2476996.75,1026140,1038240,0.9883456618893512
brown_0.05,1,6,36.0,msl,-728790.5,1272266.75,1022125,1038240,0.9844785406071814
brown_0.05,1,6,36.0,tcwv,-268.30596923828125,53644.7890625,1037612,1038240,0.999395130220373
brown_0.05,1,6,36.0,u50,-15014.7216796875,15737.783203125,1018884,1038240,0.9813569116967176
brown_0.05,1,6,36.0,u100,-3178.48779296875,17369.2421875,956085,1038240,0.9208708969024503
brown_0.05,1,6,36.0,u150,-5718.68994140625,23748.017578125,1020595,1038240,0.9830048928956696
brown_0.05,1,6,36.0,u200,-6597.16357421875,10534.4052734375,1016333,1038240,0.9788998690090923
brown_0.05,1,6,36.0,u250,-17498.30859375,9146.5361328125,1020302,1038240,0.9827226845430729
brown_0.05,1,6,36.0,u300,-11836.1259765625,7962.55224609375,1012540,1038240,0.9752465711203575
brown_0.05,1,6,36.0,u400,-4958.861328125,6425.6435546875,995616,1038240,0.9589459084604716
brown_0.05,1,6,36.0,u500,-7259.87646484375,4695.64013671875,974221,1038240,0.9383389197102789
brown_0.05,1,6,36.0,u600,-6501.94140625,2895.352783203125,977558,1038240,0.9415530127908769
brown_0.05,1,6,36.0,u700,-2158.041748046875,4108.88720703125,991135,1038240,0.9546299506857759
brown_0.05,1,6,36.0,u850,-1248.3284912109375,5103.498046875,969897,1038240,0.9341741793804901
brown_0.05,1,6,36.0,u925,-2277.343017578125,4435.048828125,859308,1038240,0.8276583448913546
brown_0.05,1,6,36.0,u1000,-3300.814697265625,2991.213623046875,992429,1038240,0.9558762906457081
brown_0.05,1,6,36.0,v50,-1644.0169677734375,1749.06005859375,726731,1038240,0.6999643627677609
brown_0.05,1,6,36.0,v100,-2142.146484375,2777.689697265625,954621,1038240,0.9194608183079057
brown_0.05,1,6,36.0,v150,-4131.1064453125,9344.6552734375,997904,1038240,0.961149637848667
brown_0.05,1,6,36.0,v200,-3439.32275390625,5283.7373046875,1007866,1038240,0.9707447218369548
brown_0.05,1,6,36.0,v250,-2148.310546875,5979.72314453125,972396,1038240,0.9365811373092926
brown_0.05,1,6,36.0,v300,-1204.31884765625,2688.5791015625,978061,1038240,0.9420374865156419
brown_0.05,1,6,36.0,v400,-1852.955078125,1689.3011474609375,914782,1038240,0.8810891508707043
brown_0.05,1,6,36.0,v500,-1006.8504638671875,956.3408203125,745791,1038240,0.7183223532131299
brown_0.05,1,6,36.0,v600,-1088.2318115234375,1486.574951171875,858248,1038240,0.8266373863461242
brown_0.05,1,6,36.0,v700,-2835.762451171875,1801.596923828125,878221,1038240,0.8458747495762059
brown_0.05,1,6,36.0,v850,-648.8359375,2146.800048828125,920959,1038240,0.8870386423177685
brown_0.05,1,6,36.0,v925,-706.2313232421875,3227.845947265625,973367,1038240,0.9375163738634612
brown_0.05,1,6,36.0,v1000,-1214.3702392578125,3387.54931640625,864956,1038240,0.8330983202342426
brown_0.05,1,6,36.0,z50,-3366827.0,4382060.5,1023777,1038240,0.9860696948682386
brown_0.05,1,6,36.0,z100,-18353.734375,2913119.25,978628,1038240,0.9425836030204963
brown_0.05,1,6,36.0,z150,106293.9296875,3983495.5,1025959,1038240,0.9881713284019109
brown_0.05,1,6,36.0,z200,-111175.3046875,2895102.0,1005422,1038240,0.9683907381722916
brown_0.05,1,6,36.0,z250,-68664.6875,3182301.5,958770,1038240,0.9234570041608876
brown_0.05,1,6,36.0,z300,-20783.234375,2660274.0,949927,1038240,0.914939705655725
brown_0.05,1,6,36.0,z400,19009.41796875,1600389.125,920706,1038240,0.8867949607027277
brown_0.05,1,6,36.0,z500,-134973.546875,1110497.0,974020,1038240,0.9381453228540607
brown_0.05,1,6,36.0,z600,-177417.8125,821887.375,962849,1038240,0.9273857682231469
brown_0.05,1,6,36.0,z700,-313436.875,634392.5,955096,1038240,0.9199183233163816
brown_0.05,1,6,36.0,z850,-356439.90625,547283.3125,960538,1038240,0.9251598859608569
brown_0.05,1,6,36.0,z925,-485962.96875,639579.25,962855,1038240,0.9273915472337803
brown_0.05,1,6,36.0,z1000,-566330.25,712570.875,956790,1038240,0.9215499306518724
brown_0.05,1,6,36.0,t50,-14994.486328125,10509.279296875,1029558,1038240,0.9916377716134998
brown_0.05,1,6,36.0,t100,-18166.62890625,12777.7197265625,1032214,1038240,0.9941959469872091
brown_0.05,1,6,36.0,t150,-7323.4541015625,10068.4814453125,1023585,1038240,0.9858847665279704
brown_0.05,1,6,36.0,t200,-1556.552978515625,6353.736328125,968474,1038240,0.9328035906919402
brown_0.05,1,6,36.0,t250,-1941.835693359375,6055.51904296875,965194,1038240,0.9296443982123593
brown_0.05,1,6,36.0,t300,-2642.59033203125,11611.3134765625,1012855,1038240,0.9755499691786099
brown_0.05,1,6,36.0,t400,-2470.04248046875,9259.8017578125,1016751,1038240,0.9793024734165511
brown_0.05,1,6,36.0,t500,-1908.5250244140625,5259.41259765625,1012763,1038240,0.9754613576822315
brown_0.05,1,6,36.0,t600,-2077.871337890625,3357.732666015625,997398,1038240,0.9606622746185853
brown_0.05,1,6,36.0,t700,-594.5491333007812,2398.591796875,983604,1038240,0.9473763291724456
brown_0.05,1,6,36.0,t850,-873.9891357421875,2727.00830078125,894852,1038240,0.8618932038834951
brown_0.05,1,6,36.0,t925,-2603.08984375,681.4671630859375,966673,1038240,0.9310689243334874
brown_0.05,1,6,36.0,t1000,-4755.52734375,732.8265380859375,980803,1038240,0.9446784943750963
brown_0.05,1,6,36.0,q50,-0.0767764300107956,0.07536252588033676,676646,1038240,0.651724071505625
brown_0.05,1,6,36.0,q100,-0.0644349604845047,0.061660125851631165,552700,1038240,0.5323431961781476
brown_0.05,1,6,36.0,q150,-0.04328510910272598,0.05250384658575058,410052,1038240,0.3949491447064263
brown_0.05,1,6,36.0,q200,-0.015258006751537323,0.13668347895145416,459884,1038240,0.44294575435352135
brown_0.05,1,6,36.0,q250,-0.03749768063426018,0.4104960560798645,748344,1038240,0.7207813222376329
brown_0.05,1,6,36.0,q300,-0.017057431861758232,1.1277554035186768,837989,1038240,0.8071245569425181
brown_0.05,1,6,36.0,q400,-0.06743431091308594,2.518325090408325,1013859,1038240,0.9765169902912622
brown_0.05,1,6,36.0,q500,-0.12494154274463654,3.804377794265747,1020473,1038240,0.9828873863461242
brown_0.05,1,6,36.0,q600,-0.020749347284436226,6.577357769012451,1032616,1038240,0.9945831406996456
brown_0.05,1,6,36.0,q700,-0.19492609798908234,7.198469638824463,1026143,1038240,0.9883485513946679
brown_0.05,1,6,36.0,q850,-0.3004906475543976,10.217545509338379,1022975,1038240,0.9852972337802435
brown_0.05,1,6,36.0,q925,-0.583366334438324,11.041618347167969,1026305,1038240,0.9885045846817692
brown_0.05,1,6,36.0,q1000,-0.38746196031570435,9.540175437927246,1028464,1038240,0.9905840653413469
brown_0.05,1,7,42.0,u10m,-2689.8076171875,2834.784912109375,1011296,1038240,0.9740483895823702
brown_0.05,1,7,42.0,v10m,-1295.0076904296875,2985.6767578125,912025,1038240,0.8784336954846663
brown_0.05,1,7,42.0,u100m,-2884.72216796875,3280.915283203125,1010737,1038240,0.973509978425027
brown_0.05,1,7,42.0,v100m,-1495.35595703125,2864.93798828125,985907,1038240,0.9495945060872245
brown_0.05,1,7,42.0,t2m,-5031.8388671875,4184.6025390625,999667,1038240,0.9628477038064417
brown_0.05,1,7,42.0,sp,-2364804.75,2571427.5,1026608,1038240,0.9887964247187548
brown_0.05,1,7,42.0,msl,-828052.5625,1333838.625,1022776,1038240,0.985105563260903
brown_0.05,1,7,42.0,tcwv,-88.72537231445312,56860.6171875,1038135,1038240,0.9998988673139159
brown_0.05,1,7,42.0,u50,-15811.841796875,15801.7802734375,1014964,1038240,0.9775812914162428
brown_0.05,1,7,42.0,u100,-4013.645263671875,18130.162109375,972856,1038240,0.937024194791185
brown_0.05,1,7,42.0,u150,-6415.294921875,24146.494140625,1018017,1038240,0.9805218446601942
brown_0.05,1,7,42.0,u200,-8625.5380859375,11281.685546875,1021119,1038240,0.9835095931576514
brown_0.05,1,7,42.0,u250,-18917.298828125,10027.9013671875,1022479,1038240,0.9848195022345507
brown_0.05,1,7,42.0,u300,-12453.55859375,8894.0849609375,1012826,1038240,0.975522037293882
brown_0.05,1,7,42.0,u400,-5510.01220703125,7177.16259765625,990078,1038240,0.9536118816458622
brown_0.05,1,7,42.0,u500,-7933.69921875,5341.4453125,976497,1038240,0.9405310910772076
brown_0.05,1,7,42.0,u600,-7107.28515625,3253.64599609375,970111,1038240,0.9343802974264139
brown_0.05,1,7,42.0,u700,-2626.682861328125,4259.5966796875,996653,1038240,0.9599447141316073
brown_0.05,1,7,42.0,u850,-1571.0841064453125,5221.08984375,980098,1038240,0.9439994606256742
brown_0.05,1,7,42.0,u925,-2657.605712890625,4446.109375,937956,1038240,0.903409616273694
brown_0.05,1,7,42.0,u1000,-3432.5107421875,3053.845947265625,999602,1038240,0.9627850978579134
brown_0.05,1,7,42.0,v50,-1377.165283203125,1717.007080078125,698988,1038240,0.6732431807674526
brown_0.05,1,7,42.0,v100,-2202.040771484375,2634.349365234375,954580,1038240,0.9194213284019109
brown_0.05,1,7,42.0,v150,-3942.180419921875,9371.81640625,998040,1038240,0.9612806287563569
brown_0.05,1,7,42.0,v200,-3133.1943359375,5417.6884765625,1005211,1038240,0.9681875096316844
brown_0.05,1,7,42.0,v250,-2054.125732421875,5970.08642578125,974887,1038240,0.9389803898905841
brown_0.05,1,7,42.0,v300,-1178.190185546875,2530.122314453125,975768,1038240,0.939828941285252
brown_0.05,1,7,42.0,v400,-1785.6846923828125,1539.1583251953125,904338,1038240,0.8710298196948683
brown_0.05,1,7,42.0,v500,-943.6905517578125,1027.531005859375,724918,1038240,0.6982181383880413
brown_0.05,1,7,42.0,v600,-1054.2509765625,1481.48779296875,859833,1038240,0.8281640083217753
brown_0.05,1,7,42.0,v700,-2780.5048828125,1783.3099365234375,878775,1038240,0.8464083448913546
brown_0.05,1,7,42.0,v850,-576.2813110351562,2245.4912109375,908323,1038240,0.8748680459238711
brown_0.05,1,7,42.0,v925,-630.0234985351562,3391.216064453125,968278,1038240,0.9326148096779164
brown_0.05,1,7,42.0,v1000,-1171.7611083984375,3494.463134765625,856666,1038240,0.8251136538757898
brown_0.05,1,7,42.0,z50,-3620295.75,4730516.0,1025105,1038240,0.9873487825550933
brown_0.05,1,7,42.0,z100,85361.8359375,3418911.5,991843,1038240,0.9553118739405148
brown_0.05,1,7,42.0,z150,132008.265625,4540414.5,1034514,1038240,0.9964112343966713
brown_0.05,1,7,42.0,z200,-102026.0390625,3428572.25,1005421,1038240,0.9683897750038527
brown_0.05,1,7,42.0,z250,-87805.5625,3625738.5,995481,1038240,0.9588158807212205
brown_0.05,1,7,42.0,z300,-1829.90625,3026380.5,981481,1038240,0.9453315225766682
brown_0.05,1,7,42.0,z400,20519.88671875,1857231.0,932934,1038240,0.8985725843735552
brown_0.05,1,7,42.0,z500,-143313.65625,1283945.625,983632,1038240,0.9474032978887348
brown_0.05,1,7,42.0,z600,-199380.359375,937161.875,972393,1038240,0.9365782478039759
brown_0.05,1,7,42.0,z700,-338507.65625,686303.625,960172,1038240,0.9248073663122207
brown_0.05,1,7,42.0,z850,-406032.46875,604186.125,968154,1038240,0.9324953767914933
brown_0.05,1,7,42.0,z925,-556188.0625,692605.5,960147,1038240,0.9247832871012482
brown_0.05,1,7,42.0,z1000,-649805.5625,759852.4375,965921,1038240,0.9303446216674373
brown_0.05,1,7,42.0,t50,-16349.8671875,11620.9365234375,1031235,1038240,0.9932530050855294
brown_0.05,1,7,42.0,t100,-19408.69921875,13754.12109375,1033040,1038240,0.9949915241177377
brown_0.05,1,7,42.0,t150,-7363.43359375,10496.095703125,1025142,1038240,0.9873844197873324
brown_0.05,1,7,42.0,t200,-714.8150024414062,6606.1220703125,957741,1038240,0.922465903837263
brown_0.05,1,7,42.0,t250,-1912.1630859375,7628.69921875,975653,1038240,0.9397181769147789
brown_0.05,1,7,42.0,t300,-2916.516845703125,12949.4140625,1026784,1038240,0.9889659423640006
brown_0.05,1,7,42.0,t400,-2652.8984375,10604.775390625,1018781,1038240,0.9812577053475112
brown_0.05,1,7,42.0,t500,-2042.3060302734375,6381.39208984375,1015170,1038240,0.9777797041146555
brown_0.05,1,7,42.0,t600,-2092.399658203125,3724.892822265625,1001070,1038240,0.9641990291262136
brown_0.05,1,7,42.0,t700,-734.3749389648438,3729.75830078125,982264,1038240,0.9460856834643242
brown_0.05,1,7,42.0,t850,-731.4970703125,4091.49267578125,861471,1038240,0.8297416782246879
brown_0.05,1,7,42.0,t925,-2584.24560546875,500.51080322265625,910968,1038240,0.8774156264447527
brown_0.05,1,7,42.0,t1000,-4753.220703125,806.2206420898438,959728,1038240,0.9243797195253506
brown_0.05,1,7,42.0,q50,-0.07546713203191757,0.074009969830513,672058,1038240,0.6473050547079673
brown_0.05,1,7,42.0,q100,-0.05895428732037544,0.056256331503391266,531944,1038240,0.5123516720604099
brown_0.05,1,7,42.0,q150,-0.040858201682567596,0.05149565637111664,397826,1038240,0.3831734473724765
brown_0.05,1,7,42.0,q200,-0.015513388440012932,0.14459237456321716,486177,1038240,0.4682703421174295
brown_0.05,1,7,42.0,q250,-0.036491140723228455,0.434657484292984,779232,1038240,0.750531668978271
brown_0.05,1,7,42.0,q300,-0.010821486823260784,1.1722416877746582,840534,1038240,0.80957582061951
brown_0.05,1,7,42.0,q400,-0.07561860978603363,2.6315665245056152,1015798,1038240,0.9783845738942827
brown_0.05,1,7,42.0,q500,-0.15092721581459045,3.993067741394043,1021824,1038240,0.9841886269070735
brown_0.05,1,7,42.0,q600,-0.03179788962006569,6.869018077850342,1031586,1038240,0.9935910772075821
brown_0.05,1,7,42.0,q700,-0.19727154076099396,7.578927516937256,1027602,1038240,0.989753814147018
brown_0.05,1,7,42.0,q850,-0.13634993135929108,10.933724403381348,1029446,1038240,0.9915298967483434
brown_0.05,1,7,42.0,q925,-0.3757750988006592,11.799617767333984,1022897,1038240,0.9852221066420096
brown_0.05,1,7,42.0,q1000,-0.24159477651119232,10.522575378417969,1021576,1038240,0.9839497611342272
brown_0.05,1,8,48.0,u10m,-2790.333251953125,2865.874755859375,1011221,1038240,0.973976151949453
brown_0.05,1,8,48.0,v10m,-1259.39404296875,3061.741943359375,916445,1038240,0.8826908999845893
brown_0.05,1,8,48.0,u100m,-2963.861328125,3280.760009765625,1015479,1038240,0.9780773231622746
brown_0.05,1,8,48.0,v100m,-1450.7274169921875,2949.18896484375,991460,1038240,0.9549429804284173
brown_0.05,1,8,48.0,t2m,-4823.650390625,5443.3095703125,1009935,1038240,0.972737517337032
brown_0.05,1,8,48.0,sp,-2409440.5,2626434.75,1026940,1038240,0.9891161966404685
brown_0.05,1,8,48.0,msl,-907590.1875,1372034.375,1024982,1038240,0.9872303128371089
brown_0.05,1,8,48.0,tcwv,105.01300811767578,59464.59765625,1038240,1038240,1.0
brown_0.05,1,8,48.0,u50,-16284.978515625,15452.0439453125,1016308,1038240,0.9788757897981198
brown_0.05,1,8,48.0,u100,-4832.44775390625,18602.580078125,988024,1038240,0.9516335336723686
brown_0.05,1,8,48.0,u150,-6991.546875,24283.212890625,1024060,1038240,0.9863422715364463
brown_0.05,1,8,48.0,u200,-10417.1123046875,11789.5849609375,1025156,1038240,0.987397904145477
brown_0.05,1,8,48.0,u250,-20185.7578125,10723.3486328125,1024500,1038240,0.9867660656495608
brown_0.05,1,8,48.0,u300,-13045.6435546875,9681.0380859375,1013239,1038240,0.9759198258591463
brown_0.05,1,8,48.0,u400,-6065.892578125,7842.44189453125,989029,1038240,0.9526015179534597
brown_0.05,1,8,48.0,u500,-8633.2900390625,5887.32958984375,970908,1038240,0.9351479426722146
brown_0.05,1,8,48.0,u600,-7696.150390625,3607.3798828125,961267,1038240,0.9258620357528125
brown_0.05,1,8,48.0,u700,-3085.844482421875,4348.01416015625,1000812,1038240,0.9639505316689783
brown_0.05,1,8,48.0,u850,-1860.882080078125,5295.5986328125,983599,1038240,0.9473715133302512
brown_0.05,1,8,48.0,u925,-2961.96533203125,4436.5400390625,983858,1038240,0.9476209739559254
brown_0.05,1,8,48.0,u1000,-3525.15283203125,3094.240478515625,1002138,1038240,0.9652276930189552
brown_0.05,1,8,48.0,v50,-1094.4754638671875,1672.4644775390625,700327,1038240,0.6745328633071351
brown_0.05,1,8,48.0,v100,-2251.40771484375,2481.506103515625,954097,1038240,0.9189561180459239
brown_0.05,1,8,48.0,v150,-3783.080322265625,9421.4560546875,1001610,1038240,0.9647191400832178
brown_0.05,1,8,48.0,v200,-2845.194091796875,5726.4912109375,1003479,1038240,0.9665193018955155
brown_0.05,1,8,48.0,v250,-1944.92626953125,5948.08544921875,983015,1038240,0.9468090229619356
brown_0.05,1,8,48.0,v300,-1176.2684326171875,2405.44677734375,962514,1038240,0.9270631067961165
brown_0.05,1,8,48.0,v400,-1680.732421875,1383.12109375,890168,1038240,0.8573817229157035
brown_0.05,1,8,48.0,v500,-902.05029296875,1052.6295166015625,706787,1038240,0.6807549314224072
brown_0.05,1,8,48.0,v600,-1014.03857421875,1465.865234375,853047,1038240,0.821627947295423
brown_0.05,1,8,48.0,v700,-2729.16845703125,1723.890380859375,884742,1038240,0.8521555709662506
brown_0.05,1,8,48.0,v850,-504.23065185546875,2304.719482421875,901305,1038240,0.8681085298196949
brown_0.05,1,8,48.0,v925,-564.2597045898438,3494.4658203125,966909,1038240,0.9312962320850671
brown_0.05,1,8,48.0,v1000,-1136.3485107421875,3564.8193359375,847163,1038240,0.8159606642009555
brown_0.05,1,8,48.0,z50,-3833109.25,5034666.0,1027057,1038240,0.9892288873478194
brown_0.05,1,8,48.0,z100,168959.671875,3916995.75,1038109,1038240,0.9998738249345045
brown_0.05,1,8,48.0,z150,155507.40625,5085771.5,1037871,1038240,0.9996445908460472
brown_0.05,1,8,48.0,z200,-94170.5703125,3945468.25,1005161,1038240,0.9681393512097396
brown_0.05,1,8,48.0,z250,-96606.765625,4048338.0,1002353,1038240,0.9654347742333179
brown_0.05,1,8,48.0,z300,18556.84375,3376625.75,999148,1038240,0.9623478193866544
brown_0.05,1,8,48.0,z400,20112.6484375,2104231.75,943294,1038240,0.9085510094005239
brown_0.05,1,8,48.0,z500,-150534.484375,1451791.5,990392,1038240,0.9539143165356757
brown_0.05,1,8,48.0,z600,-217272.453125,1049211.0,979508,1038240,0.9434311912467253
brown_0.05,1,8,48.0,z700,-358679.0625,736383.8125,964916,1038240,0.9293766373863461
brown_0.05,1,8,48.0,z850,-444699.28125,649945.125,972313,1038240,0.9365011943288643
brown_0.05,1,8,48.0,z925,-613816.375,734409.1875,963252,1038240,0.9277739251040222
brown_0.05,1,8,48.0,z1000,-719933.875,796627.375,968613,1038240,0.9329374711049468
brown_0.05,1,8,48.0,t50,-17440.646484375,12575.8681640625,1032361,1038240,0.994337532747727
brown_0.05,1,8,48.0,t100,-20428.662109375,14534.4775390625,1033795,1038240,0.9957187162891047
brown_0.05,1,8,48.0,t150,-7266.0732421875,10799.9453125,1025155,1038240,0.9873969409770381
brown_0.05,1,8,48.0,t200,-579.8500366210938,6688.46826171875,876902,1038240,0.8446043304053013
brown_0.05,1,8,48.0,t250,-1843.007568359375,9098.1591796875,1000785,1038240,0.9639245261211281
brown_0.05,1,8,48.0,t300,-3103.904296875,14220.0009765625,1027941,1038240,0.990080328247804
brown_0.05,1,8,48.0,t400,-2757.453369140625,11884.208984375,1022087,1038240,0.9844419402065033
brown_0.05,1,8,48.0,t500,-2129.493408203125,7464.86083984375,1016060,1038240,0.9786369240252736
brown_0.05,1,8,48.0,t600,-2092.243896484375,4611.9501953125,1013433,1038240,0.9761066805362922
brown_0.05,1,8,48.0,t700,-843.5479736328125,5030.58447265625,992677,1038240,0.9561151564185545
brown_0.05,1,8,48.0,t850,-516.0923461914062,5412.244140625,832056,1038240,0.8014100785945446
brown_0.05,1,8,48.0,t925,-2453.9775390625,648.2271728515625,717011,1038240,0.690602365541686
brown_0.05,1,8,48.0,t1000,-4627.64453125,903.8976440429688,774154,1038240,0.745640699645554
brown_0.05,1,8,48.0,q50,-0.07420285046100616,0.07270243763923645,666645,1038240,0.64209142394822
brown_0.05,1,8,48.0,q100,-0.0539424866437912,0.05150827392935753,518894,1038240,0.49978232393280936
brown_0.05,1,8,48.0,q150,-0.03826432675123215,0.05082745850086212,385408,1038240,0.3712128216982586
brown_0.05,1,8,48.0,q200,-0.015605050139129162,0.15131855010986328,506369,1038240,0.4877186392356295
brown_0.05,1,8,48.0,q250,-0.03498677536845207,0.455136775970459,801027,1038240,0.7715239251040222
brown_0.05,1,8,48.0,q300,-0.005595213733613491,1.2088485956192017,863649,1038240,0.8318394590846048
brown_0.05,1,8,48.0,q400,-0.08333244919776917,2.7168140411376953,1016768,1038240,0.9793188472800123
brown_0.05,1,8,48.0,q500,-0.17432360351085663,4.137367248535156,1023440,1038240,0.9857451071043304
brown_0.05,1,8,48.0,q600,-0.04100177064538002,7.091278553009033,1030914,1038240,0.9929438280166436
brown_0.05,1,8,48.0,q700,-0.176796555519104,7.925411224365234,1028982,1038240,0.9910829865926953
brown_0.05,1,8,48.0,q850,-0.11034400016069412,11.563868522644043,1032217,1038240,0.9941988364925258
brown_0.05,1,8,48.0,q925,-0.15350447595119476,12.48873233795166,1026621,1038240,0.9888089459084605
brown_0.05,1,8,48.0,q1000,-0.09143495559692383,11.417933464050293,1030467,1038240,0.9925132917244568
brown_0.05,1,9,54.0,u10m,-2888.563232421875,2858.836181640625,1012144,1038240,0.9748651564185544
brown_0.05,1,9,54.0,v10m,-1225.4727783203125,3124.721435546875,913460,1038240,0.8798158421944829
brown_0.05,1,9,54.0,u100m,-3062.792724609375,3276.797607421875,1017434,1038240,0.9799603174603174
brown_0.05,1,9,54.0,v100m,-1408.77783203125,3022.347412109375,994498,1038240,0.9578690861457851
brown_0.05,1,9,54.0,t2m,-4567.7177734375,6668.8232421875,1015413,1038240,0.9780137540453074
brown_0.05,1,9,54.0,sp,-2428160.25,2649043.25,1026826,1038240,0.9890063954384343
brown_0.05,1,9,54.0,msl,-969471.875,1391559.875,1025243,1038240,0.9874816997996609
brown_0.05,1,9,54.0,tcwv,72.90444946289062,61594.4609375,1038233,1038240,0.9999932578209277
brown_0.05,1,9,54.0,u50,-16462.55859375,14819.375,1014624,1038240,0.9772538141470181
brown_0.05,1,9,54.0,u100,-5684.86767578125,18840.484375,1003022,1038240,0.9660791339189397
brown_0.05,1,9,54.0,u150,-7433.7451171875,24237.91015625,1025211,1038240,0.9874508784096163
brown_0.05,1,9,54.0,u200,-12065.8212890625,12139.7783203125,1028290,1038240,0.9904164740329788
brown_0.05,1,9,54.0,u250,-21333.61328125,11267.91015625,1025575,1038240,0.9878014717213747
brown_0.05,1,9,54.0,u300,-13634.5419921875,10325.2060546875,1012096,1038240,0.9748189243334875
brown_0.05,1,9,54.0,u400,-6642.07177734375,8409.365234375,990971,1038240,0.9544719910617969
brown_0.05,1,9,54.0,u500,-9322.720703125,6346.57275390625,973808,1038240,0.9379411311450147
brown_0.05,1,9,54.0,u600,-8261.615234375,3973.614013671875,955048,1038240,0.9198720912313145
brown_0.05,1,9,54.0,u700,-3520.426513671875,4363.19140625,1005225,1038240,0.968200993989829
brown_0.05,1,9,54.0,u850,-2143.17578125,5317.3525390625,989992,1038240,0.9535290491601172
brown_0.05,1,9,54.0,u925,-3239.014892578125,4402.17822265625,989435,1038240,0.9529925643396517
brown_0.05,1,9,54.0,u1000,-3609.48779296875,3104.262451171875,1001132,1038240,0.9642587455694251
brown_0.05,1,9,54.0,v50,-896.733154296875,1622.236328125,662218,1038240,0.6378274772692248
brown_0.05,1,9,54.0,v100,-2284.32275390625,2338.43505859375,953200,1038240,0.9180921559562336
brown_0.05,1,9,54.0,v150,-3681.351806640625,9459.0625,1001856,1038240,0.9649560795191863
brown_0.05,1,9,54.0,v200,-2571.39697265625,5759.783203125,1001546,1038240,0.9646574973031283
brown_0.05,1,9,54.0,v250,-1799.287841796875,5853.27490234375,992848,1038240,0.9562798582216058
brown_0.05,1,9,54.0,v300,-1165.05224609375,2382.93115234375,954705,1038240,0.919541724456773
brown_0.05,1,9,54.0,v400,-1558.658447265625,1281.661865234375,895122,1038240,0.8621532593619973
brown_0.05,1,9,54.0,v500,-878.289306640625,1032.8399658203125,682831,1038240,0.6576812683002004
brown_0.05,1,9,54.0,v600,-980.4361572265625,1445.6239013671875,836930,1038240,0.8061045615657266
brown_0.05,1,9,54.0,v700,-2668.64404296875,1672.657470703125,890287,1038240,0.8574963399599322
brown_0.05,1,9,54.0,v850,-437.6593017578125,2352.136962890625,900918,1038240,0.8677357836338419
brown_0.05,1,9,54.0,v925,-509.60882568359375,3579.57373046875,965573,1038240,0.9300094390507012
brown_0.05,1,9,54.0,v1000,-1102.3516845703125,3625.793701171875,839415,1038240,0.8084980351363846
brown_0.05,1,9,54.0,z50,-4016635.5,5303804.0,1027902,1038240,0.990042764678687
brown_0.05,1,9,54.0,z100,208055.484375,4404717.5,1038240,1038240,1.0
brown_0.05,1,9,54.0,z150,155250.390625,5615005.0,1038170,1038240,0.9999325782092773
brown_0.05,1,9,54.0,z200,-82224.5234375,4441951.5,1005003,1038240,0.9679871705963939
brown_0.05,1,9,54.0,z250,-97692.0625,4450528.5,1005270,1038240,0.9682443365695793
brown_0.05,1,9,54.0,z300,39833.484375,3711888.5,1005810,1038240,0.9687644475265834
brown_0.05,1,9,54.0,z400,20867.90234375,2341469.25,952562,1038240,0.9174776544922176
brown_0.05,1,9,54.0,z500,-156050.25,1614199.125,993063,1038240,0.9564869394359685
brown_0.05,1,9,54.0,z600,-230967.5625,1158455.375,984554,1038240,0.9482913391893975
brown_0.05,1,9,54.0,z700,-373490.84375,784023.0,970987,1038240,0.9352240329788873
brown_0.05,1,9,54.0,z850,-473218.75,686989.625,974630,1038240,0.9387328556017877
brown_0.05,1,9,54.0,z925,-659678.4375,770784.125,970301,1038240,0.9345632994298043
brown_0.05,1,9,54.0,z1000,-777680.5625,822430.5,972933,1038240,0.9370983587609801
brown_0.05,1,9,54.0,t50,-18303.3671875,13577.0009765625,1032747,1038240,0.994709315765141
brown_0.05,1,9,54.0,t100,-21266.87109375,15144.8896484375,1034083,1038240,0.9959961087995068
brown_0.05,1,9,54.0,t150,-7265.99169921875,10995.595703125,1020311,1038240,0.9827313530590229
brown_0.05,1,9,54.0,t200,-443.8189697265625,6666.2548828125,999771,1038240,0.9629478733240869
brown_0.05,1,9,54.0,t250,-1762.573974609375,10480.4384765625,1019688,1038240,0.9821312991215904
brown_0.05,1,9,54.0,t300,-3239.492431640625,15422.66796875,1028719,1038240,0.9908296732932655
brown_0.05,1,9,54.0,t400,-2802.733154296875,13098.509765625,1023396,1038240,0.9857027276930189
brown_0.05,1,9,54.0,t500,-2179.738037109375,8498.3154296875,1019006,1038240,0.9814744182462629
brown_0.05,1,9,54.0,t600,-2075.932861328125,5766.56640625,1014733,1038240,0.9773587995068578
brown_0.05,1,9,54.0,t700,-919.46826171875,6279.7607421875,1002671,1038240,0.965741061796887
brown_0.05,1,9,54.0,t850,-307.54766845703125,6671.1064453125,893720,1038240,0.8608028972106642
brown_0.05,1,9,54.0,t925,-2249.98486328125,1765.7994384765625,872197,1038240,0.8400726229002928
brown_0.05,1,9,54.0,t1000,-4415.4677734375,1339.4674072265625,915096,1038240,0.8813915857605178
brown_0.05,1,9,54.0,q50,-0.0729384571313858,0.07139483839273453,660890,1038240,0.6365483895823701
brown_0.05,1,9,54.0,q100,-0.04937266930937767,0.04753291979432106,516248,1038240,0.49723378024348897
brown_0.05,1,9,54.0,q150,-0.03566063940525055,0.050313547253608704,374869,1038240,0.3610619895207274
brown_0.05,1,9,54.0,q200,-0.015632376074790955,0.15713398158550262,522580,1038240,0.5033325627985822
brown_0.05,1,9,54.0,q250,-0.03335878998041153,0.47138893604278564,819230,1038240,0.7890564801972569
brown_0.05,1,9,54.0,q300,-0.005275207106024027,1.2344163656234741,889766,1038240,0.856994529203267
brown_0.05,1,9,54.0,q400,-0.08891433477401733,2.7773451805114746,1017417,1038240,0.9799439435968562
brown_0.05,1,9,54.0,q500,-0.18477611243724823,4.256091117858887,1024712,1038240,0.9869702573586069
brown_0.05,1,9,54.0,q600,-0.048699092119932175,7.255697727203369,1030013,1038240,0.9920760132531977
brown_0.05,1,9,54.0,q700,-0.15240684151649475,8.288931846618652,1029361,1038240,0.9914480274310371
brown_0.05,1,9,54.0,q850,-0.13593855500221252,12.123397827148438,1032102,1038240,0.9940880721220527
brown_0.05,1,9,54.0,q925,-0.17928466200828552,13.114790916442871,1028470,1038240,0.9905898443519803
brown_0.05,1,9,54.0,q1000,-0.03899329900741577,12.232881546020508,1036832,1038240,0.9986438588380336
brown_0.05,1,10,60.0,u10m,-3011.3193359375,2832.002197265625,1014012,1038240,0.9766643550624133
brown_0.05,1,10,60.0,v10m,-1191.7645263671875,3164.921875,904957,1038240,0.8716260209585452
brown_0.05,1,10,60.0,u100m,-3220.6982421875,3257.618408203125,1018655,1038240,0.9811363461242102
brown_0.05,1,10,60.0,v100m,-1366.544921875,3070.2001953125,995680,1038240,0.9590075512405609
brown_0.05,1,10,60.0,t2m,-4263.56396484375,7838.689453125,1016970,1038240,0.9795134073046694
brown_0.05,1,10,60.0,sp,-2426262.75,2638383.25,1026381,1038240,0.9885777854831252
brown_0.05,1,10,60.0,msl,-1016361.0,1395844.125,1025272,1038240,0.987509631684389
brown_0.05,1,10,60.0,tcwv,-0.014703750610351562,63438.62890625,1038191,1038240,0.9999528047464941
brown_0.05,1,10,60.0,u50,-16370.2724609375,13970.2646484375,1014537,1038240,0.977170018492834
brown_0.05,1,10,60.0,u100,-7011.67578125,18887.88671875,1010476,1038240,0.973258591462475
brown_0.05,1,10,60.0,u150,-7786.8271484375,24060.412109375,1026354,1038240,0.9885517799352751
brown_0.05,1,10,60.0,u200,-13628.380859375,12453.2041015625,1029331,1038240,0.9914191323778703
brown_0.05,1,10,60.0,u250,-22374.037109375,11680.642578125,1026268,1038240,0.98846894744953
brown_0.05,1,10,60.0,u300,-14191.03515625,10826.767578125,1010348,1038240,0.9731353059022962
brown_0.05,1,10,60.0,u400,-7181.0654296875,8875.23046875,994633,1038240,0.9579991138850362
brown_0.05,1,10,60.0,u500,-9967.5634765625,6729.68408203125,977335,1038240,0.941338226229003
brown_0.05,1,10,60.0,u600,-8797.544921875,4284.74755859375,964143,1038240,0.9286321081830791
brown_0.05,1,10,60.0,u700,-3946.8681640625,4362.01318359375,1008018,1038240,0.9708911234396671
brown_0.05,1,10,60.0,u850,-2438.857177734375,5308.7392578125,997089,1038240,0.9603646555709663
brown_0.05,1,10,60.0,u925,-3520.999755859375,4343.076171875,990724,1038240,0.9542340884573894
brown_0.05,1,10,60.0,u1000,-3723.56884765625,3086.182861328125,1002210,1038240,0.9652970411465557
brown_0.05,1,10,60.0,v50,-1155.8648681640625,1569.2373046875,655498,1038240,0.6313549853598397
brown_0.05,1,10,60.0,v100,-2304.090087890625,2207.259521484375,945980,1038240,0.9111380798274002
brown_0.05,1,10,60.0,v150,-3611.542724609375,9478.2578125,997737,1038240,0.9609887887193712
brown_0.05,1,10,60.0,v200,-2528.053466796875,5744.85546875,999141,1038240,0.9623410772075821
brown_0.05,1,10,60.0,v250,-1610.72412109375,5833.54638671875,991219,1038240,0.9547108568346433
brown_0.05,1,10,60.0,v300,-1142.28955078125,2409.882568359375,954238,1038240,0.9190919247958083
brown_0.05,1,10,60.0,v400,-1438.905029296875,1156.558349609375,911220,1038240,0.8776583448913546
brown_0.05,1,10,60.0,v500,-849.1378173828125,981.7533569335938,658216,1038240,0.6339728771767607
brown_0.05,1,10,60.0,v600,-958.9422607421875,1428.1151123046875,813573,1038240,0.7836078363384189
brown_0.05,1,10,60.0,v700,-2618.6494140625,1648.4322509765625,896676,1038240,0.8636500231160426
brown_0.05,1,10,60.0,v850,-375.96466064453125,2379.6328125,904534,1038240,0.871218600708892
brown_0.05,1,10,60.0,v925,-465.2851867675781,3639.150634765625,963153,1038240,0.9276785714285715
brown_0.05,1,10,60.0,v1000,-1068.6395263671875,3660.5146484375,836360,1038240,0.8055555555555556
brown_0.05,1,10,60.0,z50,-4172096.0,5541770.5,1028363,1038240,0.9904867853290183
brown_0.05,1,10,60.0,z100,198821.03125,4881626.5,1038240,1038240,1.0
brown_0.05,1,10,60.0,z150,154531.296875,6127006.5,1038174,1038240,0.9999364308830329
brown_0.05,1,10,60.0,z200,-67649.2734375,4918505.0,1004977,1038240,0.9679621282169826
brown_0.05,1,10,60.0,z250,-94088.109375,4834880.0,1007440,1038240,0.9703344120819849
brown_0.05,1,10,60.0,z300,42999.0,4032854.0,1009725,1038240,0.9725352519648636
brown_0.05,1,10,60.0,z400,22036.5703125,2570220.5,960543,1038240,0.9251647018030513
brown_0.05,1,10,60.0,z500,-158603.625,1772062.375,993016,1038240,0.9564416705193404
brown_0.05,1,10,60.0,z600,-240727.75,1266208.0,988454,1038240,0.9520476961010942
brown_0.05,1,10,60.0,z700,-383028.40625,829778.75,976563,1038240,0.9405946601941747
brown_0.05,1,10,60.0,z850,-491580.8125,717673.0625,975833,1038240,0.9398915472337802
brown_0.05,1,10,60.0,z925,-694551.75,798149.0,975031,1038240,0.9391190861457852
brown_0.05,1,10,60.0,z1000,-823586.125,839695.9375,978790,1038240,0.9427396363075975
brown_0.05,1,10,60.0,t50,-18964.84765625,14430.251953125,1033030,1038240,0.9949818924333488
brown_0.05,1,10,60.0,t100,-21948.623046875,15620.5390625,1034319,1038240,0.9962234165510865
brown_0.05,1,10,60.0,t150,-7247.951171875,11105.51171875,1010802,1038240,0.9735725843735552
brown_0.05,1,10,60.0,t200,-250.5142364501953,6588.97119140625,1004724,1038240,0.9677184466019417
brown_0.05,1,10,60.0,t250,-1758.2305908203125,11755.4267578125,1025002,1038240,0.9872495762058869
brown_0.05,1,10,60.0,t300,-3327.112548828125,16568.591796875,1028839,1038240,0.9909452535059331
brown_0.05,1,10,60.0,t400,-2802.6806640625,14246.9951171875,1024294,1038240,0.9865676529511481
brown_0.05,1,10,60.0,t500,-2189.2861328125,9488.076171875,1020565,1038240,0.9829759978425027
brown_0.05,1,10,60.0,t600,-2041.025634765625,6852.8271484375,1015521,1038240,0.9781177762367083
brown_0.05,1,10,60.0,t700,-962.606201171875,7449.93408203125,1006916,1038240,0.9698297118200031
brown_0.05,1,10,60.0,t850,-92.8489990234375,7832.27685546875,949825,1038240,0.9148414624749576
brown_0.05,1,10,60.0,t925,-1994.0404052734375,2982.38037109375,933635,1038240,0.8992477654492218
brown_0.05,1,10,60.0,t1000,-4137.96875,2540.286865234375,987727,1038240,0.9513474726460164
brown_0.05,1,10,60.0,q50,-0.07167389988899231,0.0701323002576828,655181,1038240,0.6310496609647095
brown_0.05,1,10,60.0,q100,-0.045227788388729095,0.04389215260744095,513665,1038240,0.4947459161658191
brown_0.05,1,10,60.0,q150,-0.03311363235116005,0.04985186085104942,365290,1038240,0.35183579904453693
brown_0.05,1,10,60.0,q200,-0.01561724953353405,0.16236163675785065,535105,1038240,0.5153962474957621
brown_0.05,1,10,60.0,q250,-0.03313864395022392,0.4857020080089569,833511,1038240,0.8028114886731391
brown_0.05,1,10,60.0,q300,-0.006224998738616705,1.2553974390029907,909202,1038240,0.8757146709816612
brown_0.05,1,10,60.0,q400,-0.0925208106637001,2.824923515319824,1017791,1038240,0.9803041685930035
brown_0.05,1,10,60.0,q500,-0.19036740064620972,4.364625453948975,1025898,1038240,0.9881125751271382
brown_0.05,1,10,60.0,q600,-0.05901793763041496,7.372781276702881,1029509,1038240,0.9915905763599938
brown_0.05,1,10,60.0,q700,-0.14845483005046844,8.606629371643066,1029319,1038240,0.9914075743566035
brown_0.05,1,10,60.0,q850,-0.1861359179019928,12.64260482788086,1024865,1038240,0.9871176221297581
brown_0.05,1,10,60.0,q925,-0.22357112169265747,13.697135925292969,1030468,1038240,0.9925142548928957
brown_0.05,1,10,60.0,q1000,-0.005066997837275267,12.956106185913086,1037092,1038240,0.9988942826321467
brown_0.05,1,11,66.0,u10m,-3131.22216796875,2796.84228515625,1015495,1038240,0.978092733857297
brown_0.05,1,11,66.0,v10m,-1161.711181640625,3192.585205078125,890267,1038240,0.8574770765911542
brown_0.05,1,11,66.0,u100m,-3396.205078125,3231.418701171875,1019408,1038240,0.9818616119586994
brown_0.05,1,11,66.0,v100m,-1329.7252197265625,3106.228759765625,995542,1038240,0.9588746339959933
brown_0.05,1,11,66.0,t2m,-3925.877685546875,8957.9873046875,1017230,1038240,0.9797638310987825
brown_0.05,1,11,66.0,sp,-2400099.0,2603219.0,1026157,1038240,0.9883620357528125
brown_0.05,1,11,66.0,msl,-1050445.625,1388669.125,1024742,1038240,0.9869991524117737
brown_0.05,1,11,66.0,tcwv,-107.58684539794922,65059.22265625,1038110,1038240,0.9998747881029434
brown_0.05,1,11,66.0,u50,-16059.2763671875,14425.685546875,1019714,1038240,0.9821563415010017
brown_0.05,1,11,66.0,u100,-8270.8701171875,18809.732421875,1013165,1038240,0.9758485513946679
brown_0.05,1,11,66.0,u150,-8091.716796875,23782.083984375,1025181,1038240,0.9874219833564494
brown_0.05,1,11,66.0,u200,-15175.1787109375,12785.5390625,1029768,1038240,0.991840036985668
brown_0.05,1,11,66.0,u250,-23353.06640625,11998.3798828125,1026511,1038240,0.9887029973801819
brown_0.05,1,11,66.0,u300,-14910.181640625,11206.876953125,1007774,1038240,0.9706561103405763
brown_0.05,1,11,66.0,u400,-7739.345703125,9241.740234375,998035,1038240,0.9612758129141624
brown_0.05,1,11,66.0,u500,-10554.3916015625,7038.6904296875,977580,1038240,0.9415742024965326
brown_0.05,1,11,66.0,u600,-9278.1962890625,4538.47216796875,972806,1038240,0.9369760363692402
brown_0.05,1,11,66.0,u700,-4376.66162109375,4528.0498046875,1008724,1038240,0.9715711203575281
brown_0.05,1,11,66.0,u850,-2751.041259765625,5275.1875,1002008,1038240,0.9651024811218986
brown_0.05,1,11,66.0,u925,-3807.67138671875,4279.10107421875,993690,1038240,0.9570908460471568
brown_0.05,1,11,66.0,u1000,-3836.8759765625,3057.079833984375,1004894,1038240,0.9678821852365541
brown_0.05,1,11,66.0,v50,-1462.5732421875,1504.7974853515625,664284,1038240,0.6398173832639852
brown_0.05,1,11,66.0,v100,-2311.268310546875,2091.555908203125,930993,1038240,0.8967030744336569
brown_0.05,1,11,66.0,v150,-3593.78515625,9473.9794921875,987255,1038240,0.9508928571428571
brown_0.05,1,11,66.0,v200,-2496.779052734375,5703.04150390625,997422,1038240,0.9606853906611188
brown_0.05,1,11,66.0,v250,-1441.262939453125,5807.01513671875,985192,1038240,0.9489058406534134
brown_0.05,1,11,66.0,v300,-1107.509765625,2420.87890625,952286,1038240,0.9172118200030821
brown_0.05,1,11,66.0,v400,-1320.3948974609375,1028.034423828125,915189,1038240,0.8814811604253352
brown_0.05,1,11,66.0,v500,-801.0100708007812,924.50927734375,633841,1038240,0.6104956464786562
brown_0.05,1,11,66.0,v600,-940.6240844726562,1404.9150390625,783517,1038240,0.7546588457389428
brown_0.05,1,11,66.0,v700,-2564.717041015625,1648.9447021484375,901896,1038240,0.8686777623670827
brown_0.05,1,11,66.0,v850,-319.6607971191406,2418.27099609375,908949,1038240,0.8754709893666205
brown_0.05,1,11,66.0,v925,-434.0714111328125,3693.138916015625,960931,1038240,0.9255384111573431
brown_0.05,1,11,66.0,v1000,-1038.8468017578125,3683.85791015625,835052,1038240,0.8042957312374788
brown_0.05,1,11,66.0,z50,-4301782.0,5750831.5,1029270,1038240,0.9913603791030976
brown_0.05,1,11,66.0,z100,189697.296875,5346849.5,1038220,1038240,0.9999807366312221
brown_0.05,1,11,66.0,z150,153407.5,6619438.0,1038169,1038240,0.9999316150408384
brown_0.05,1,11,66.0,z200,-50906.4609375,5375295.0,1005681,1038240,0.9686401987979658
brown_0.05,1,11,66.0,z250,-86944.609375,5203194.0,1009205,1038240,0.9720344043766374
brown_0.05,1,11,66.0,z300,42411.5390625,4341721.5,1013126,1038240,0.975810987825551
brown_0.05,1,11,66.0,z400,23817.9921875,2791276.25,967424,1038240,0.9317922638310988
brown_0.05,1,11,66.0,z500,-159240.0625,1927257.25,992116,1038240,0.9555748189243335
brown_0.05,1,11,66.0,z600,-246596.125,1371697.0,992580,1038240,0.9560217290799815
brown_0.05,1,11,66.0,z700,-388139.1875,873897.25,979590,1038240,0.9435101710587147
brown_0.05,1,11,66.0,z850,-501857.1875,740610.875,976616,1038240,0.9406457081214363
brown_0.05,1,11,66.0,z925,-718751.25,817103.5625,977724,1038240,0.9417128987517337
brown_0.05,1,11,66.0,z1000,-858350.6875,856122.0625,983608,1038240,0.9473801818462013
brown_0.05,1,11,66.0,t50,-19440.533203125,15157.630859375,1033876,1038240,0.9957967329326552
brown_0.05,1,11,66.0,t100,-22498.26171875,15985.7939453125,1034343,1038240,0.99624653259362
brown_0.05,1,11,66.0,t150,-7181.10009765625,11144.4716796875,999380,1038240,0.9625712744644783
brown_0.05,1,11,66.0,t200,-35.3094482421875,6559.2412109375,1013266,1038240,0.9759458314069964
brown_0.05,1,11,66.0,t250,-1708.400634765625,12965.3896484375,1027164,1038240,0.9893319463707814
brown_0.05,1,11,66.0,t300,-3374.45263671875,17665.201171875,1029130,1038240,0.991225535521652
brown_0.05,1,11,66.0,t400,-2772.443359375,15302.8544921875,1025136,1038240,0.987378640776699
brown_0.05,1,11,66.0,t500,-2162.801513671875,10445.4267578125,1021469,1038240,0.9838467021112652
brown_0.05,1,11,66.0,t600,-1991.7490234375,7888.263671875,1018594,1038240,0.9810775928494375
brown_0.05,1,11,66.0,t700,-971.7164306640625,8525.2841796875,1012502,1038240,0.9752099707196794
brown_0.05,1,11,66.0,t850,-175.9141845703125,8900.9326171875,980235,1038240,0.9441314147018031
brown_0.05,1,11,66.0,t925,-1704.9332275390625,4134.7802734375,967974,1038240,0.9323220064724919
brown_0.05,1,11,66.0,t1000,-3817.510498046875,3687.053955078125,1006559,1038240,0.969485860687317
brown_0.05,1,11,66.0,q50,-0.070454441010952,0.06886965781450272,649978,1038240,0.6260382955771305
brown_0.05,1,11,66.0,q100,-0.04151958227157593,0.04058699682354927,510285,1038240,0.49149040684234857
brown_0.05,1,11,66.0,q150,-0.030653061345219612,0.049459610134363174,354334,1038240,0.3412833256279858
brown_0.05,1,11,66.0,q200,-0.015606865286827087,0.1670907735824585,546139,1038240,0.526023848050547
brown_0.05,1,11,66.0,q250,-0.0336439423263073,0.49892544746398926,844824,1038240,0.8137078132223763
brown_0.05,1,11,66.0,q300,-0.007010492496192455,1.2743935585021973,922294,1038240,0.8883244721836955
brown_0.05,1,11,66.0,q400,-0.09329994022846222,2.867115020751953,1017958,1038240,0.9804650177222993
brown_0.05,1,11,66.0,q500,-0.19288651645183563,4.466629981994629,1026729,1038240,0.9889129680998613
brown_0.05,1,11,66.0,q600,-0.07102831453084946,7.463240623474121,1028884,1038240,0.9909885960856835
brown_0.05,1,11,66.0,q700,-0.1349196881055832,8.881921768188477,1028167,1038240,0.9902980043149946
brown_0.05,1,11,66.0,q850,-0.24561890959739685,13.12373161315918,1030188,1038240,0.9922445677300046
brown_0.05,1,11,66.0,q925,-0.287028044462204,14.232269287109375,1030923,1038240,0.9929524965325937
brown_0.05,1,11,66.0,q1000,-0.042472656816244125,13.604218482971191,1036045,1038240,0.9978858452766219
brown_0.05,1,12,72.0,u10m,-3257.6044921875,2753.672119140625,1016118,1038240,0.9786927877947296
brown_0.05,1,12,72.0,v10m,-1133.895263671875,3201.360107421875,873221,1038240,0.841058907381723
brown_0.05,1,12,72.0,u100m,-3587.05126953125,3204.02685546875,1019725,1038240,0.9821669363538296
brown_0.05,1,12,72.0,v100m,-1295.13916015625,3116.4482421875,994988,1038240,0.9583410386808445
brown_0.05,1,12,72.0,t2m,-3565.907958984375,10019.7666015625,1016694,1038240,0.979247572815534
brown_0.05,1,12,72.0,sp,-2354562.75,2550127.5,1025581,1038240,0.987807250732008
brown_0.05,1,12,72.0,msl,-1073013.625,1373859.125,1025140,1038240,0.9873824934504546
brown_0.05,1,12,72.0,tcwv,-232.57240295410156,66548.75,1038037,1038240,0.999804476806904
brown_0.05,1,12,72.0,u50,-15584.8408203125,14777.8076171875,1020433,1038240,0.9828488596085684
brown_0.05,1,12,72.0,u100,-9480.490234375,18648.998046875,1014346,1038240,0.9769860533210047
brown_0.05,1,12,72.0,u150,-8624.390625,23304.58203125,1024174,1038240,0.9864520727384805
brown_0.05,1,12,72.0,u200,-16677.923828125,13055.7216796875,1029382,1038240,0.991468253968254
brown_0.05,1,12,72.0,u250,-24276.08203125,12247.146484375,1026726,1038240,0.9889100785945446
brown_0.05,1,12,72.0,u300,-15658.5673828125,11503.7646484375,1005481,1038240,0.9684475651101865
brown_0.05,1,12,72.0,u400,-8301.0556640625,9524.412109375,998217,1038240,0.9614511095700417
brown_0.05,1,12,72.0,u500,-11101.7333984375,7278.76513671875,980595,1038240,0.9444781553398058
brown_0.05,1,12,72.0,u600,-9700.681640625,4741.7802734375,980428,1038240,0.9443173062105101
brown_0.05,1,12,72.0,u700,-4799.46484375,4659.41064453125,1007532,1038240,0.9704230235783634
brown_0.05,1,12,72.0,u850,-3075.455322265625,5227.82958984375,1004328,1038240,0.9673370319001386
brown_0.05,1,12,72.0,u925,-4107.49072265625,4207.97021484375,997019,1038240,0.9602972337802435
brown_0.05,1,12,72.0,u1000,-3960.107666015625,3016.906982421875,1006595,1038240,0.9695205347511173
brown_0.05,1,12,72.0,v50,-1709.372802734375,1437.2503662109375,701634,1038240,0.675791724456773
brown_0.05,1,12,72.0,v100,-2310.141845703125,1987.153076171875,921652,1038240,0.8877061180459239
brown_0.05,1,12,72.0,v150,-3582.9619140625,9416.6982421875,979674,1038240,0.9435910772075821
brown_0.05,1,12,72.0,v200,-2443.7861328125,5651.1611328125,995010,1038240,0.9583622283865002
brown_0.05,1,12,72.0,v250,-1293.07763671875,5786.5224609375,982587,1038240,0.9463967868700879
brown_0.05,1,12,72.0,v300,-1043.686767578125,2430.37255859375,954660,1038240,0.9194983818770227
brown_0.05,1,12,72.0,v400,-1224.1806640625,901.1961669921875,915679,1038240,0.8819531129603945
brown_0.05,1,12,72.0,v500,-760.1818237304688,858.847412109375,608544,1038240,0.586130374479889
brown_0.05,1,12,72.0,v600,-922.8780517578125,1357.4127197265625,739148,1038240,0.7119240252735398
brown_0.05,1,12,72.0,v700,-2502.79296875,1645.679931640625,905878,1038240,0.872513099090769
brown_0.05,1,12,72.0,v850,-297.6015319824219,2448.223388671875,912554,1038240,0.8789432115888427
brown_0.05,1,12,72.0,v925,-404.26678466796875,3716.6806640625,958116,1038240,0.9228270920018493
brown_0.05,1,12,72.0,v1000,-1010.056640625,3685.74365234375,837301,1038240,0.8064618970565572
brown_0.05,1,12,72.0,z50,-4406739.5,5933305.5,1029052,1038240,0.9911504083834181
brown_0.05,1,12,72.0,z100,179975.296875,5801727.5,1037989,1038240,0.9997582447218369
brown_0.05,1,12,72.0,z150,152002.796875,7092997.5,1038162,1038240,0.999924872861766
brown_0.05,1,12,72.0,z200,-32204.8359375,5813742.0,1006637,1038240,0.9695609878255509
brown_0.05,1,12,72.0,z250,-77141.671875,5554683.0,1010675,1038240,0.9734502619818154
brown_0.05,1,12,72.0,z300,42460.55859375,4636628.0,1016142,1038240,0.978715903837263
brown_0.05,1,12,72.0,z400,26125.01953125,3005090.5,973606,1038240,0.9377465711203575
brown_0.05,1,12,72.0,z500,-157245.46875,2077981.5,990836,1038240,0.9543419633225458
brown_0.05,1,12,72.0,z600,-248958.65625,1474966.0,996786,1038240,0.9600728155339806
brown_0.05,1,12,72.0,z700,-389322.34375,920727.375,981797,1038240,0.9456358838033595
brown_0.05,1,12,72.0,z850,-505358.28125,756638.0625,977197,1038240,0.9412053089844352
brown_0.05,1,12,72.0,z925,-733923.1875,828426.375,979362,1038240,0.9432905686546463
brown_0.05,1,12,72.0,z1000,-883434.0,865427.125,985686,1038240,0.9493816458622284
brown_0.05,1,12,72.0,t50,-20129.763671875,15754.2431640625,1033948,1038240,0.9958660810602559
brown_0.05,1,12,72.0,t100,-22928.28515625,16258.9169921875,1034424,1038240,0.9963245492371706
brown_0.05,1,12,72.0,t150,-7065.861328125,11144.7734375,982210,1038240,0.9460336723686238
brown_0.05,1,12,72.0,t200,182.00534057617188,6890.37890625,1034799,1038240,0.9966857374017568
brown_0.05,1,12,72.0,t250,-1638.736572265625,14105.01953125,1028196,1038240,0.9903259361997226
brown_0.05,1,12,72.0,t300,-3379.330810546875,18701.01953125,1029747,1038240,0.9918198104484512
brown_0.05,1,12,72.0,t400,-2730.369140625,16292.650390625,1026072,1038240,0.9882801664355062
brown_0.05,1,12,72.0,t500,-2109.289794921875,11356.9365234375,1022494,1038240,0.9848339497611343
brown_0.05,1,12,72.0,t600,-1925.75927734375,8875.3857421875,1020023,1038240,0.9824539605486208
brown_0.05,1,12,72.0,t700,-956.5657958984375,9522.19921875,1015269,1038240,0.9778750577901063
brown_0.05,1,12,72.0,t850,-229.51239013671875,9899.6259765625,1003644,1038240,0.9666782246879334
brown_0.05,1,12,72.0,t925,-1422.272216796875,5229.12646484375,970907,1038240,0.9351469795037756
brown_0.05,1,12,72.0,t1000,-3466.706787109375,4771.564453125,1008953,1038240,0.9717916859300354
brown_0.05,1,12,72.0,q50,-0.0692349374294281,0.06765205413103104,644000,1038240,0.6202804746494067
brown_0.05,1,12,72.0,q100,-0.03885127231478691,0.03757382929325104,506845,1038240,0.48817710741254433
brown_0.05,1,12,72.0,q150,-0.028439456596970558,0.049348022788763046,345168,1038240,0.33245492371705965
brown_0.05,1,12,72.0,q200,-0.015603079460561275,0.17173583805561066,555122,1038240,0.5346759901371552
brown_0.05,1,12,72.0,q250,-0.033987194299697876,0.5116992592811584,854499,1038240,0.8230264678687009
brown_0.05,1,12,72.0,q300,-0.007702796719968319,1.2930742502212524,932943,1038240,0.8985812528895053
brown_0.05,1,12,72.0,q400,-0.09324684739112854,2.9075896739959717,1017957,1038240,0.9804640545538604
brown_0.05,1,12,72.0,q500,-0.1953074187040329,4.564777851104736,1027350,1038240,0.9895110957004161
brown_0.05,1,12,72.0,q600,-0.07998856157064438,7.5441718101501465,1028076,1038240,0.990210355987055
brown_0.05,1,12,72.0,q700,-0.1253756880760193,9.146730422973633,1024084,1038240,0.9863653875789798
brown_0.05,1,12,72.0,q850,-0.29737839102745056,13.583353042602539,1032172,1038240,0.9941554939127755
brown_0.05,1,12,72.0,q925,-0.36229264736175537,14.727968215942383,1031611,1038240,0.9936151564185545
brown_0.05,1,12,72.0,q1000,-0.07279049605131149,14.2119722366333,1035096,1038240,0.9969717984281091
brown_0.05,1,13,78.0,u10m,-3379.959716796875,2707.482421875,1016137,1038240,0.9787110879950686
brown_0.05,1,13,78.0,v10m,-1107.771484375,3210.879638671875,858483,1038240,0.8268637309292649
brown_0.05,1,13,78.0,u100m,-3780.66943359375,3177.183349609375,1019854,1038240,0.9822911850824472
brown_0.05,1,13,78.0,v100m,-1262.8604736328125,3125.10693359375,994181,1038240,0.9575637617506549
brown_0.05,1,13,78.0,t2m,-3490.5107421875,11013.994140625,1014012,1038240,0.9766643550624133
brown_0.05,1,13,78.0,sp,-2294016.5,2483273.0,1025053,1038240,0.9872986977962707
brown_0.05,1,13,78.0,msl,-1085539.875,1353010.125,1025571,1038240,0.9877976190476191
brown_0.05,1,13,78.0,tcwv,-352.6452331542969,67936.90625,1037814,1038240,0.9995896902450301
brown_0.05,1,13,78.0,u50,-14962.6240234375,15034.7607421875,1018992,1038240,0.9814609338881184
brown_0.05,1,13,78.0,u100,-10647.2998046875,18415.33203125,1017268,1038240,0.9798004314994606
brown_0.05,1,13,78.0,u150,-10205.3779296875,22671.396484375,1022873,1038240,0.985198990599476
brown_0.05,1,13,78.0,u200,-18060.5546875,13259.7158203125,1029563,1038240,0.9916425874556942
brown_0.05,1,13,78.0,u250,-25132.927734375,12436.5126953125,1026386,1038240,0.9885826013253197
brown_0.05,1,13,78.0,u300,-16374.3037109375,11735.08203125,1002839,1038240,0.9659028740946217
brown_0.05,1,13,78.0,u400,-8886.6787109375,9742.919921875,998469,1038240,0.9616938280166436
brown_0.05,1,13,78.0,u500,-11610.6513671875,7465.8046875,983901,1038240,0.9476623901987979
brown_0.05,1,13,78.0,u600,-10098.5244140625,4904.537109375,985778,1038240,0.9494702573586069
brown_0.05,1,13,78.0,u700,-5215.58935546875,4762.1767578125,1006934,1038240,0.9698470488519032
brown_0.05,1,13,78.0,u850,-3390.533935546875,5176.7890625,1005248,1038240,0.9682231468639235
brown_0.05,1,13,78.0,u925,-4398.1689453125,4135.17724609375,999648,1038240,0.9628294036061026
brown_0.05,1,13,78.0,u1000,-4078.96875,2982.006591796875,1006741,1038240,0.9696611573431961
brown_0.05,1,13,78.0,v50,-1968.410888671875,1369.3408203125,739695,1038240,0.7124508784096163
brown_0.05,1,13,78.0,v100,-2304.489013671875,1890.8245849609375,916332,1038240,0.882582061950994
brown_0.05,1,13,78.0,v150,-3551.99365234375,9343.90234375,981249,1038240,0.9451080674988442
brown_0.05,1,13,78.0,v200,-2384.437255859375,5593.375,992658,1038240,0.9560968562182155
brown_0.05,1,13,78.0,v250,-1160.76513671875,5772.06201171875,979892,1038240,0.9438010479272615
brown_0.05,1,13,78.0,v300,-985.089599609375,2421.0380859375,952089,1038240,0.9170220758206196
brown_0.05,1,13,78.0,v400,-1136.9085693359375,829.341796875,912744,1038240,0.879126213592233
brown_0.05,1,13,78.0,v500,-722.4556884765625,836.5294189453125,581810,1038240,0.5603810294344275
brown_0.05,1,13,78.0,v600,-898.7455444335938,1299.607177734375,667534,1038240,0.6429476806903991
brown_0.05,1,13,78.0,v700,-2457.283935546875,1636.96484375,906488,1038240,0.873100631838496
brown_0.05,1,13,78.0,v850,-281.69384765625,2470.1181640625,916170,1038240,0.8824260286638927
brown_0.05,1,13,78.0,v925,-388.5949401855469,3747.967041015625,957393,1038240,0.9221307212205271
brown_0.05,1,13,78.0,v1000,-981.5678100585938,3690.60400390625,841343,1038240,0.8103550238865773
brown_0.05,1,13,78.0,z50,-4490027.5,6092383.0,1028876,1038240,0.9909808907381723
brown_0.05,1,13,78.0,z100,157698.234375,6246105.5,1037144,1038240,0.9989443673909694
brown_0.05,1,13,78.0,z150,150438.421875,7548310.5,1038148,1038240,0.9999113885036215
brown_0.05,1,13,78.0,z200,-12781.9765625,6233897.5,1008121,1038240,0.9709903297888735
brown_0.05,1,13,78.0,z250,-65011.828125,5891243.0,1011684,1038240,0.9744220989366621
brown_0.05,1,13,78.0,z300,43376.10546875,4919170.5,1019138,1038240,0.9816015564801972
brown_0.05,1,13,78.0,z400,28431.73046875,3209928.25,979259,1038240,0.94319136230544
brown_0.05,1,13,78.0,z500,-154120.9375,2223676.5,988036,1038240,0.9516450916936354
brown_0.05,1,13,78.0,z600,-248710.0,1575897.0,1000883,1038240,0.9640189166281399
brown_0.05,1,13,78.0,z700,-387247.03125,976559.25,982827,1038240,0.946627947295423
brown_0.05,1,13,78.0,z850,-503161.34375,766537.875,977555,1038240,0.9415501232855602
brown_0.05,1,13,78.0,z925,-740780.75,833177.9375,979739,1038240,0.9436536831561103
brown_0.05,1,13,78.0,z1000,-899716.875,867944.6875,986087,1038240,0.949767876406226
brown_0.05,1,13,78.0,t50,-21075.287109375,16220.619140625,1034215,1038240,0.9961232470334412
brown_0.05,1,13,78.0,t100,-23253.638671875,16459.96484375,1034410,1038240,0.9963110648790261
brown_0.05,1,13,78.0,t150,-6910.81884765625,11106.7880859375,975337,1038240,0.9394138156880876
brown_0.05,1,13,78.0,t200,323.06005859375,7168.61181640625,1038222,1038240,0.9999826629680999
brown_0.05,1,13,78.0,t250,-1582.382568359375,15189.447265625,1028718,1038240,0.9908287101248267
brown_0.05,1,13,78.0,t300,-3339.399658203125,19696.51953125,1030098,1038240,0.992157882570504
brown_0.05,1,13,78.0,t400,-2666.6630859375,17223.763671875,1027029,1038240,0.9892019186315303
brown_0.05,1,13,78.0,t500,-2035.1463623046875,12224.0390625,1023708,1038240,0.9860032362459547
brown_0.05,1,13,78.0,t600,-1846.90380859375,9798.3251953125,1020478,1038240,0.9828922021883187
brown_0.05,1,13,78.0,t700,-925.576416015625,10452.537109375,1016495,1038240,0.9790559022961935
brown_0.05,1,13,78.0,t850,-261.3787841796875,10825.173828125,1010713,1038240,0.9734868623824935
brown_0.05,1,13,78.0,t925,-1233.820556640625,6260.595703125,946317,1038240,0.9114626675913083
brown_0.05,1,13,78.0,t1000,-3104.228271484375,5793.1533203125,1009391,1038240,0.9722135537062722
brown_0.05,1,13,78.0,q50,-0.06806054711341858,0.06643430888652802,638122,1038240,0.6146189705655725
brown_0.05,1,13,78.0,q100,-0.03649687021970749,0.034904856234788895,501510,1038240,0.483038603791031
brown_0.05,1,13,78.0,q150,-0.026446040719747543,0.04913793504238129,336810,1038240,0.3244047619047619
brown_0.05,1,13,78.0,q200,-0.01561146043241024,0.17613133788108826,561203,1038240,0.5405330174140853
brown_0.05,1,13,78.0,q250,-0.03400557488203049,0.5240539312362671,861867,1038240,0.830123092926491
brown_0.05,1,13,78.0,q300,-0.009330720640718937,1.3107388019561768,941491,1038240,0.9068144167051934
brown_0.05,1,13,78.0,q400,-0.09249301254749298,2.9461262226104736,1017894,1038240,0.9804033749422099
brown_0.05,1,13,78.0,q500,-0.2064269632101059,4.662704944610596,1027754,1038240,0.9899002157497303
brown_0.05,1,13,78.0,q600,-0.08593753725290298,7.620870113372803,1028133,1038240,0.9902652565880721
brown_0.05,1,13,78.0,q700,-0.12302456051111221,9.40408992767334,1022956,1038240,0.9852789335799045
brown_0.05,1,13,78.0,q850,-0.34692656993865967,14.005507469177246,1032882,1038240,0.9948393435043921
brown_0.05,1,13,78.0,q925,-0.42605581879615784,15.192034721374512,1032327,1038240,0.9943047850208044
brown_0.05,1,13,78.0,q1000,-0.0988282635807991,14.767946243286133,1034780,1038240,0.9966674372014178
brown_0.05,1,14,84.0,u10m,-3497.426513671875,2669.718017578125,1015587,1038240,0.9781813453536754
brown_0.05,1,14,84.0,v10m,-1082.4227294921875,3204.9912109375,861910,1038240,0.8301645091693636
brown_0.05,1,14,84.0,u100m,-3977.40478515625,3158.50146484375,1019812,1038240,0.9822507320080136
brown_0.05,1,14,84.0,v100m,-1231.8895263671875,3118.14208984375,993877,1038240,0.9572709585452304
brown_0.05,1,14,84.0,t2m,-3398.77880859375,11964.783203125,1010232,1038240,0.9730235783633842
brown_0.05,1,14,84.0,sp,-2223901.25,2405540.25,1023746,1038240,0.9860398366466328
brown_0.05,1,14,84.0,msl,-1089424.75,1339259.375,1025703,1038240,0.9879247572815534
brown_0.05,1,14,84.0,tcwv,-462.3641357421875,69248.7265625,1037588,1038240,0.9993720141778394
brown_0.05,1,14,84.0,u50,-14233.7470703125,15212.419921875,1015826,1038240,0.9784115426105717
brown_0.05,1,14,84.0,u100,-11754.96484375,18099.865234375,1016879,1038240,0.9794257589767299
brown_0.05,1,14,84.0,u150,-11700.0517578125,21965.39453125,1021731,1038240,0.9840990522422561
brown_0.05,1,14,84.0,u200,-19244.640625,13395.2734375,1029721,1038240,0.9917947680690399
brown_0.05,1,14,84.0,u250,-25917.638671875,12578.849609375,1025912,1038240,0.9881260594852828
brown_0.05,1,14,84.0,u300,-17091.140625,11907.5517578125,999429,1038240,0.9626184697179843
brown_0.05,1,14,84.0,u400,-9460.7119140625,9911.625,1001202,1038240,0.964326167360148
brown_0.05,1,14,84.0,u500,-12102.3203125,7613.0048828125,987021,1038240,0.9506674757281554
brown_0.05,1,14,84.0,u600,-10490.51171875,5033.734375,989106,1038240,0.9526756819232547
brown_0.05,1,14,84.0,u700,-5609.0634765625,4843.06591796875,1006481,1038240,0.969410733549083
brown_0.05,1,14,84.0,u850,-3702.258056640625,5133.1728515625,1005060,1038240,0.968042071197411
brown_0.05,1,14,84.0,u925,-4680.2734375,4077.07421875,1001655,1038240,0.964762482662968
brown_0.05,1,14,84.0,u1000,-4194.3896484375,2947.455322265625,1006071,1038240,0.9690158344891354
brown_0.05,1,14,84.0,v50,-2185.829833984375,1301.3828125,756002,1038240,0.728157266142703
brown_0.05,1,14,84.0,v100,-2295.1611328125,1802.1314697265625,913836,1038240,0.8801779935275081
brown_0.05,1,14,84.0,v150,-3505.8916015625,9253.9619140625,984851,1038240,0.9485774002157498
brown_0.05,1,14,84.0,v200,-2280.857421875,5531.6220703125,990000,1038240,0.9535367545076283
brown_0.05,1,14,84.0,v250,-1041.5926513671875,5718.1416015625,978408,1038240,0.9423717059639389
brown_0.05,1,14,84.0,v300,-930.948974609375,2419.632080078125,945732,1038240,0.9108992140545539
brown_0.05,1,14,84.0,v400,-1045.6387939453125,792.5830688476562,907146,1038240,0.8737343966712898
brown_0.05,1,14,84.0,v500,-681.4481811523438,810.2632446289062,551559,1038240,0.5312442209893666
brown_0.05,1,14,84.0,v600,-878.72265625,1229.545654296875,612466,1038240,0.5899079210972414
brown_0.05,1,14,84.0,v700,-2417.11279296875,1627.3681640625,904300,1038240,0.8709932192941902
brown_0.05,1,14,84.0,v850,-265.8627014160156,2480.89306640625,919704,1038240,0.8858298659269533
brown_0.05,1,14,84.0,v925,-378.6993103027344,3760.1826171875,957748,1038240,0.9224726460163354
brown_0.05,1,14,84.0,v1000,-952.8800048828125,3679.099853515625,846114,1038240,0.8149503005085529
brown_0.05,1,14,84.0,z50,-4552516.0,6232129.5,1029921,1038240,0.9919874017568192
brown_0.05,1,14,84.0,z100,127830.140625,6679925.0,1035413,1038240,0.9972771228232393
brown_0.05,1,14,84.0,z150,148931.78125,7986424.5,1038132,1038240,0.9998959778085992
brown_0.05,1,14,84.0,z200,5268.1953125,6636875.5,1010270,1038240,0.9730601787640623
brown_0.05,1,14,84.0,z250,-51470.421875,6214559.0,1012743,1038240,0.9754420943134535
brown_0.05,1,14,84.0,z300,44958.875,5191034.0,1021835,1038240,0.9841992217599014
brown_0.05,1,14,84.0,z400,30433.37109375,3407338.5,984415,1038240,0.9481574587763908
brown_0.05,1,14,84.0,z500,-149798.703125,2365438.75,985959,1038240,0.9496445908460471
brown_0.05,1,14,84.0,z600,-246506.5625,1675186.375,1003323,1038240,0.9663690476190476
brown_0.05,1,14,84.0,z700,-382350.0,1034906.0,984699,1038240,0.9484309986130375
brown_0.05,1,14,84.0,z850,-495943.34375,770951.1875,977838,1038240,0.9418226999537679
brown_0.05,1,14,84.0,z925,-740782.0625,832170.75,979698,1038240,0.9436141932501155
brown_0.05,1,14,84.0,z1000,-908881.6875,864297.4375,986342,1038240,0.9500134843581446
brown_0.05,1,14,84.0,t50,-21886.203125,16584.240234375,1034482,1038240,0.9963804130066266
brown_0.05,1,14,84.0,t100,-23490.234375,16597.357421875,1034419,1038240,0.9963197333949761
brown_0.05,1,14,84.0,t150,-6727.35498046875,11039.71484375,990697,1038240,0.9542080829095392
brown_0.05,1,14,84.0,t200,350.9931640625,7394.8095703125,1038240,1038240,1.0
brown_0.05,1,14,84.0,t250,-1528.21826171875,16235.6337890625,1029428,1038240,0.9915125597164433
brown_0.05,1,14,84.0,t300,-3261.598388671875,20661.025390625,1031398,1038240,0.9934100015410695
brown_0.05,1,14,84.0,t400,-2586.18798828125,18095.623046875,1027974,1038240,0.9901121128062875
brown_0.05,1,14,84.0,t500,-1953.4791259765625,13047.548828125,1024956,1038240,0.9872052704576977
brown_0.05,1,14,84.0,t600,-1764.38134765625,10664.1259765625,1022229,1038240,0.9845787101248267
brown_0.05,1,14,84.0,t700,-906.228515625,11315.423828125,1017812,1038240,0.9803243951302204
brown_0.05,1,14,84.0,t850,-272.3787841796875,11691.974609375,1014991,1038240,0.9776072969640931
brown_0.05,1,14,84.0,t925,-1062.508056640625,7240.197265625,967511,1038240,0.9318760594852827
brown_0.05,1,14,84.0,t1000,-2735.817626953125,6771.9189453125,1007755,1038240,0.9706378101402373
brown_0.05,1,14,84.0,q50,-0.06688594073057175,0.065261609852314,633025,1038240,0.6097097010325165
brown_0.05,1,14,84.0,q100,-0.03431939706206322,0.03247346356511116,493079,1038240,0.4749181306826938
brown_0.05,1,14,84.0,q150,-0.024607710540294647,0.04885648563504219,327344,1038240,0.31528740946216677
brown_0.05,1,14,84.0,q200,-0.015631964430212975,0.17926891148090363,565359,1038240,0.5445359454461396
brown_0.05,1,14,84.0,q250,-0.03345825523138046,0.5341092348098755,867303,1038240,0.8353588765603329
brown_0.05,1,14,84.0,q300,-0.010717280209064484,1.3260282278060913,949494,1038240,0.9145226537216828
brown_0.05,1,14,84.0,q400,-0.09091714769601822,2.983527421951294,1017735,1038240,0.9802502311604253
brown_0.05,1,14,84.0,q500,-0.22757790982723236,4.75754976272583,1028082,1038240,0.9902161349976883
brown_0.05,1,14,84.0,q600,-0.08965177088975906,7.6947760581970215,1029603,1038240,0.9916811141932501
brown_0.05,1,14,84.0,q700,-0.12489215284585953,9.633400917053223,1026200,1038240,0.988403451995685
brown_0.05,1,14,84.0,q850,-0.4499092698097229,14.390947341918945,1033320,1038240,0.9952612112806287
brown_0.05,1,14,84.0,q925,-0.49371305108070374,15.622735023498535,1032853,1038240,0.994811411619664
brown_0.05,1,14,84.0,q1000,-0.1229969784617424,15.269730567932129,1034014,1038240,0.995929650177223
brown_0.05,1,15,90.0,u10m,-3603.36181640625,2634.734130859375,1014858,1038240,0.9774791955617198
brown_0.05,1,15,90.0,v10m,-1057.6849365234375,3192.43310546875,873055,1038240,0.840899021420866
brown_0.05,1,15,90.0,u100m,-4159.748046875,3147.12451171875,1019588,1038240,0.9820349822777007
brown_0.05,1,15,90.0,v100m,-1202.9915771484375,3097.623291015625,993578,1038240,0.9569829711820003
brown_0.05,1,15,90.0,t2m,-3293.390625,12863.7041015625,1006452,1038240,0.9693828016643551
brown_0.05,1,15,90.0,sp,-2147971.25,2321152.0,1022529,1038240,0.9848676606564956
brown_0.05,1,15,90.0,msl,-1086463.625,1318956.875,1026155,1038240,0.9883601094159347
brown_0.05,1,15,90.0,tcwv,-564.2708740234375,70483.890625,1037197,1038240,0.9989954153182309
brown_0.05,1,15,90.0,u50,-15288.267578125,15310.1318359375,1011988,1038240,0.9747149021420866
brown_0.05,1,15,90.0,u100,-12752.365234375,17708.51953125,1011211,1038240,0.9739665202650639
brown_0.05,1,15,90.0,u150,-13062.57421875,21198.236328125,1023926,1038240,0.9862132069656342
brown_0.05,1,15,90.0,u200,-20297.8046875,13452.3232421875,1028941,1038240,0.9910434966867006
brown_0.05,1,15,90.0,u250,-26626.78515625,12661.2587890625,1025472,1038240,0.9877022653721683
brown_0.05,1,15,90.0,u300,-17730.181640625,12025.134765625,997124,1038240,0.9603983664663276
brown_0.05,1,15,90.0,u400,-10021.6396484375,10033.529296875,1004569,1038240,0.9675691554939128
brown_0.05,1,15,90.0,u500,-12548.1044921875,7723.83544921875,989409,1038240,0.9529675219602404
brown_0.05,1,15,90.0,u600,-10862.6943359375,5135.8359375,990830,1038240,0.9543361843119125
brown_0.05,1,15,90.0,u700,-5972.1767578125,4905.83935546875,1005708,1038240,0.968666204345816
brown_0.05,1,15,90.0,u850,-3998.614501953125,5086.7353515625,1005172,1038240,0.9681499460625674
brown_0.05,1,15,90.0,u925,-4947.55908203125,4026.297607421875,1003259,1038240,0.9663074048389583
brown_0.05,1,15,90.0,u1000,-4296.31201171875,2921.7626953125,1004957,1038240,0.9679428648482047
brown_0.05,1,15,90.0,v50,-2455.600341796875,1233.2138671875,758855,1038240,0.730905185698875
brown_0.05,1,15,90.0,v100,-2281.8955078125,1727.152587890625,910632,1038240,0.8770920018492834
brown_0.05,1,15,90.0,v150,-3467.786376953125,9125.4970703125,985938,1038240,0.9496243643088303
brown_0.05,1,15,90.0,v200,-2157.99755859375,5484.02587890625,985400,1038240,0.9491061796887039
brown_0.05,1,15,90.0,v250,-924.7484130859375,5631.6318359375,977645,1038240,0.9416368084450609
brown_0.05,1,15,90.0,v300,-875.9431762695312,2411.463134765625,936751,1038240,0.9022489983048235
brown_0.05,1,15,90.0,v400,-992.7376098632812,758.8002319335938,894402,1038240,0.8614597780859917
brown_0.05,1,15,90.0,v500,-638.9525146484375,781.5496215820312,521181,1038240,0.5019850901525659
brown_0.05,1,15,90.0,v600,-856.888916015625,1156.23486328125,575157,1038240,0.5539730698104485
brown_0.05,1,15,90.0,v700,-2388.125732421875,1615.482177734375,902018,1038240,0.8687952689166282
brown_0.05,1,15,90.0,v850,-252.04653930664062,2470.639892578125,923627,1038240,0.8896083757127446
brown_0.05,1,15,90.0,v925,-374.1299743652344,3757.146728515625,958757,1038240,0.923444482971182
brown_0.05,1,15,90.0,v1000,-924.3187866210938,3656.94140625,852587,1038240,0.8211848898135305
brown_0.05,1,15,90.0,z50,-4599057.5,6350851.0,1030618,1038240,0.9926587301587302
brown_0.05,1,15,90.0,z100,99787.90625,7101600.0,1032699,1038240,0.994663083680074
brown_0.05,1,15,90.0,z150,147483.671875,8408058.0,1038116,1038240,0.9998805671135769
brown_0.05,1,15,90.0,z200,22394.765625,7025029.0,1012580,1038240,0.9752850978579134
brown_0.05,1,15,90.0,z250,-37186.90625,6525741.5,1013989,1038240,0.9766422021883187
brown_0.05,1,15,90.0,z300,47167.19140625,5451952.0,1024155,1038240,0.9864337725381415
brown_0.05,1,15,90.0,z400,33416.41015625,3597971.75,989480,1038240,0.9530359069194021
brown_0.05,1,15,90.0,z500,-144021.171875,2503155.0,984861,1038240,0.9485870319001387
brown_0.05,1,15,90.0,z600,-242560.71875,1772965.375,1002783,1038240,0.9658489366620434
brown_0.05,1,15,90.0,z700,-375398.09375,1094565.125,986612,1038240,0.9502735398366466
brown_0.05,1,15,90.0,z850,-490569.0,770653.5625,977952,1038240,0.9419325011558022
brown_0.05,1,15,90.0,z925,-735078.4375,826141.5,979080,1038240,0.9430189551548774
brown_0.05,1,15,90.0,z1000,-911885.25,855679.5625,986538,1038240,0.9502022653721682
brown_0.05,1,15,90.0,t50,-22561.4765625,16847.6171875,1034390,1038240,0.9962918015102481
brown_0.05,1,15,90.0,t100,-23651.240234375,16684.767578125,1034324,1038240,0.996228232393281
brown_0.05,1,15,90.0,t150,-6525.34716796875,10972.546875,996147,1038240,0.9594573509015256
brown_0.05,1,15,90.0,t200,367.84674072265625,8353.806640625,1038240,1038240,1.0
brown_0.05,1,15,90.0,t250,-1462.449951171875,17248.4921875,1029686,1038240,0.9917610571736786
brown_0.05,1,15,90.0,t300,-3176.75390625,21570.431640625,1032078,1038240,0.9940649560795192
brown_0.05,1,15,90.0,t400,-2498.908935546875,18920.515625,1028980,1038240,0.9910810602558175
brown_0.05,1,15,90.0,t500,-1868.6427001953125,13821.0302734375,1025730,1038240,0.9879507628294036
brown_0.05,1,15,90.0,t600,-1683.998291015625,11482.6083984375,1024559,1038240,0.9868228925874557
brown_0.05,1,15,90.0,t700,-870.3475341796875,12123.4033203125,1018792,1038240,0.9812683002003391
brown_0.05,1,15,90.0,t850,-267.885986328125,12511.755859375,1017175,1038240,0.9797108568346432
brown_0.05,1,15,90.0,t925,-1056.5582275390625,8159.619140625,986378,1038240,0.9500481584219448
brown_0.05,1,15,90.0,t1000,-2359.18115234375,7701.78125,1009187,1038240,0.9720170673447373
brown_0.05,1,15,90.0,q50,-0.06575636565685272,0.0641007050871849,628336,1038240,0.6051934042225304
brown_0.05,1,15,90.0,q100,-0.03231057897210121,0.03024357743561268,484809,1038240,0.46695272769301893
brown_0.05,1,15,90.0,q150,-0.02291349694132805,0.04856528341770172,315928,1038240,0.30429187856372325
brown_0.05,1,15,90.0,q200,-0.015643050894141197,0.18115545809268951,568104,1038240,0.5471798428109108
brown_0.05,1,15,90.0,q250,-0.03242535516619682,0.5424269437789917,871172,1038240,0.8390853752504238
brown_0.05,1,15,90.0,q300,-0.011955330148339272,1.3404582738876343,955943,1038240,0.9207341269841269
brown_0.05,1,15,90.0,q400,-0.08898264169692993,3.0230460166931152,1017738,1038240,0.980253120665742
brown_0.05,1,15,90.0,q500,-0.24152444303035736,4.841660976409912,1028431,1038240,0.9905522807828633
brown_0.05,1,15,90.0,q600,-0.08886107802391052,7.763319492340088,1030575,1038240,0.9926173139158576
brown_0.05,1,15,90.0,q700,-0.13012553751468658,9.836641311645508,1028033,1038240,0.9901689397441824
brown_0.05,1,15,90.0,q850,-0.5419938564300537,14.747055053710938,1033719,1038240,0.9956455154877485
brown_0.05,1,15,90.0,q925,-0.5584204196929932,16.02212142944336,1033144,1038240,0.995091693635383
brown_0.05,1,15,90.0,q1000,-0.14259116351604462,15.728182792663574,1033215,1038240,0.9951600785945446
brown_0.05,1,16,96.0,u10m,-3707.86767578125,2605.470703125,1013928,1038240,0.976583448913546
brown_0.05,1,16,96.0,v10m,-1031.808349609375,3187.311279296875,885402,1038240,0.8527912621359224
brown_0.05,1,16,96.0,u100m,-4332.09716796875,3136.623779296875,1019112,1038240,0.981576514100786
brown_0.05,1,16,96.0,v100m,-1172.9080810546875,3090.731689453125,992742,1038240,0.9561777623670827
brown_0.05,1,16,96.0,t2m,-3215.78759765625,13710.361328125,1006357,1038240,0.9692913006626599
brown_0.05,1,16,96.0,sp,-2068459.0,2231676.0,1020480,1038240,0.9828941285251965
brown_0.05,1,16,96.0,msl,-1077624.0,1293307.625,1026612,1038240,0.9888002773925104
brown_0.05,1,16,96.0,tcwv,-645.996337890625,71568.953125,1037179,1038240,0.9989780782863307
brown_0.05,1,16,96.0,u50,-16767.01171875,15339.4072265625,1006032,1038240,0.9689782709200185
brown_0.05,1,16,96.0,u100,-13702.3662109375,17256.42578125,1017535,1038240,0.980057597472646
brown_0.05,1,16,96.0,u150,-14307.8916015625,20395.98046875,1027237,1038240,0.9894022576668208
brown_0.05,1,16,96.0,u200,-21251.76953125,13446.3115234375,1027603,1038240,0.9897547773154569
brown_0.05,1,16,96.0,u250,-27287.056640625,12685.2568359375,1024059,1038240,0.9863413083680074
brown_0.05,1,16,96.0,u300,-18340.3203125,12082.404296875,992765,1038240,0.9561999152411774
brown_0.05,1,16,96.0,u400,-10542.216796875,10112.2099609375,1005923,1038240,0.9688732855601787
brown_0.05,1,16,96.0,u500,-12956.2802734375,7803.8291015625,990719,1038240,0.954229272615195
brown_0.05,1,16,96.0,u600,-11201.990234375,5215.689453125,991636,1038240,0.9551124980736632
brown_0.05,1,16,96.0,u700,-6310.12890625,4954.11474609375,1004567,1038240,0.967567229157035
brown_0.05,1,16,96.0,u850,-4282.9619140625,5042.01513671875,1005758,1038240,0.9687143627677608
brown_0.05,1,16,96.0,u925,-5197.7734375,3984.21533203125,1004559,1038240,0.9675595238095238
brown_0.05,1,16,96.0,u1000,-4396.9599609375,2900.789306640625,1003655,1038240,0.9666888195407612
brown_0.05,1,16,96.0,v50,-2765.9990234375,1167.185791015625,760833,1038240,0.7328103328710125
brown_0.05,1,16,96.0,v100,-2384.2841796875,1661.9027099609375,906953,1038240,0.8735485051625829
brown_0.05,1,16,96.0,v150,-3443.663818359375,8988.5888671875,986177,1038240,0.9498545615657266
brown_0.05,1,16,96.0,v200,-2043.90478515625,5431.095703125,981867,1038240,0.9457033055940823
brown_0.05,1,16,96.0,v250,-825.9208374023438,5537.912109375,977334,1038240,0.941337263060564
brown_0.05,1,16,96.0,v300,-849.0607299804688,2405.869140625,926546,1038240,0.8924198643858838
brown_0.05,1,16,96.0,v400,-973.5193481445312,731.5447387695312,877415,1038240,0.8450984358144552
brown_0.05,1,16,96.0,v500,-594.2284545898438,743.6050415039062,491101,1038240,0.4730129835105563
brown_0.05,1,16,96.0,v600,-826.2722778320312,1087.2840576171875,549075,1038240,0.5288517105871475
brown_0.05,1,16,96.0,v700,-2370.08740234375,1603.0020751953125,899506,1038240,0.8663757897981199
brown_0.05,1,16,96.0,v850,-235.6919708251953,2472.042236328125,927610,1038240,0.8934446756048697
brown_0.05,1,16,96.0,v925,-368.56951904296875,3770.947265625,960375,1038240,0.9250028895053167
brown_0.05,1,16,96.0,v1000,-893.2299194335938,3647.952392578125,859118,1038240,0.8274753428879642
brown_0.05,1,16,96.0,z50,-4629479.5,6536071.0,1031851,1038240,0.9938463168438897
brown_0.05,1,16,96.0,z100,73693.90625,7508487.5,1027875,1038240,0.9900167591308368
brown_0.05,1,16,96.0,z150,146153.3125,8812892.0,1038097,1038240,0.9998622669132378
brown_0.05,1,16,96.0,z200,37311.984375,7395405.5,1015158,1038240,0.9777681460933888
brown_0.05,1,16,96.0,z250,-22677.8984375,6822715.0,1015676,1038240,0.9782670673447372
brown_0.05,1,16,96.0,z300,50033.12890625,5702295.0,1026328,1038240,0.9885267375558637
brown_0.05,1,16,96.0,z400,36909.1484375,3781975.5,994609,1038240,0.9579759978425026
brown_0.05,1,16,96.0,z500,-137289.890625,2636916.5,985491,1038240,0.9491938280166435
brown_0.05,1,16,96.0,z600,-237590.9375,1868707.125,1001683,1038240,0.9647894513792572
brown_0.05,1,16,96.0,z700,-366564.8125,1154169.75,988494,1038240,0.9520862228386501
brown_0.05,1,16,96.0,z850,-483593.0625,766301.375,977675,1038240,0.9416657034982278
brown_0.05,1,16,96.0,z925,-724608.9375,815832.875,978104,1038240,0.9420789027585144
brown_0.05,1,16,96.0,z1000,-909529.3125,842326.375,986595,1038240,0.9502571659731854
brown_0.05,1,16,96.0,t50,-23120.5703125,17027.107421875,1034230,1038240,0.9961376945600247
brown_0.05,1,16,96.0,t100,-23745.078125,16762.326171875,1034242,1038240,0.9961492525812914
brown_0.05,1,16,96.0,t150,-6311.66552734375,10898.2890625,998599,1038240,0.9618190399137001
brown_0.05,1,16,96.0,t200,384.4808044433594,9346.5517578125,1038240,1038240,1.0
brown_0.05,1,16,96.0,t250,-1387.7991943359375,18220.7890625,1030115,1038240,0.9921742564339652
brown_0.05,1,16,96.0,t300,-3085.256591796875,22425.42578125,1032076,1038240,0.9940630297426414
brown_0.05,1,16,96.0,t400,-2406.500732421875,19700.03125,1029383,1038240,0.9914692171366929
brown_0.05,1,16,96.0,t500,-1782.1129150390625,14555.6298828125,1026107,1038240,0.9883138773308676
brown_0.05,1,16,96.0,t600,-1600.3834228515625,12256.841796875,1024471,1038240,0.9867381337648328
brown_0.05,1,16,96.0,t700,-822.489501953125,12880.2568359375,1020046,1038240,0.9824761134227153
brown_0.05,1,16,96.0,t850,-258.7723388671875,13301.5458984375,1018142,1038240,0.9806422407150562
brown_0.05,1,16,96.0,t925,-1036.89794921875,9025.2978515625,983748,1038240,0.9475150254276468
brown_0.05,1,16,96.0,t1000,-2290.787353515625,8587.9375,1008332,1038240,0.9711935583294806
brown_0.05,1,16,96.0,q50,-0.06462682783603668,0.06297280639410019,623786,1038240,0.600810987825551
brown_0.05,1,16,96.0,q100,-0.030454780906438828,0.028198378160595894,477577,1038240,0.4599870935429188
brown_0.05,1,16,96.0,q150,-0.021338777616620064,0.048255473375320435,301850,1038240,0.290732393280937
brown_0.05,1,16,96.0,q200,-0.015659457072615623,0.18261636793613434,569852,1038240,0.5488634612421021
brown_0.05,1,16,96.0,q250,-0.03145448490977287,0.549680769443512,874036,1038240,0.8418438896594237
brown_0.05,1,16,96.0,q300,-0.01241952646523714,1.3533135652542114,961085,1038240,0.9256867390969332
brown_0.05,1,16,96.0,q400,-0.08635322749614716,3.057723045349121,1017652,1038240,0.980170288179997
brown_0.05,1,16,96.0,q500,-0.2423175871372223,4.914834499359131,1028790,1038240,0.9908980582524272
brown_0.05,1,16,96.0,q600,-0.09089218080043793,7.826798915863037,1031435,1038240,0.9934456387733087
brown_0.05,1,16,96.0,q700,-0.1360727995634079,10.016098976135254,1030068,1038240,0.992128987517337
brown_0.05,1,16,96.0,q850,-0.6114467978477478,15.082988739013672,1033858,1038240,0.9957793959007551
brown_0.05,1,16,96.0,q925,-0.6131383776664734,16.384666442871094,1033410,1038240,0.9953478964401294
brown_0.05,1,16,96.0,q1000,-0.1574169546365738,16.14857292175293,1033637,1038240,0.9955665356757589
brown_0.05,1,17,102.0,u10m,-3813.93310546875,2586.0849609375,1012816,1038240,0.975512405609493
brown_0.05,1,17,102.0,v10m,-1005.0308227539062,3176.38671875,899377,1038240,0.8662515410695022
brown_0.05,1,17,102.0,u100m,-4503.072265625,3136.139892578125,1018362,1038240,0.9808541377716135
brown_0.05,1,17,102.0,v100m,-1142.838623046875,3074.508056640625,992655,1038240,0.9560939667128987
brown_0.05,1,17,102.0,t2m,-3166.509033203125,14499.9296875,1002772,1038240,0.9658383418092156
brown_0.05,1,17,102.0,sp,-1984057.875,2138247.75,1018962,1038240,0.9814320388349514
brown_0.05,1,17,102.0,msl,-1064326.625,1262210.0,1026392,1038240,0.9885883803359532
brown_0.05,1,17,102.0,tcwv,-700.9285888671875,72618.28125,1037119,1038240,0.9989202881799969
brown_0.05,1,17,102.0,u50,-18301.0078125,15302.37890625,987071,1038240,0.9507156341501002
brown_0.05,1,17,102.0,u100,-14593.896484375,16774.892578125,1023774,1038240,0.9860668053629219
brown_0.05,1,17,102.0,u150,-15437.1572265625,19561.28125,1028190,1038240,0.9903201571890893
brown_0.05,1,17,102.0,u200,-22115.958984375,13382.7607421875,1022523,1038240,0.9848618816458622
brown_0.05,1,17,102.0,u250,-27917.4140625,12655.8525390625,1019472,1038240,0.9819232547387887
brown_0.05,1,17,102.0,u300,-18928.650390625,12086.9775390625,969168,1038240,0.9334720295885345
brown_0.05,1,17,102.0,u400,-11060.9892578125,10150.962890625,1004592,1038240,0.9675913083680074
brown_0.05,1,17,102.0,u500,-13336.1826171875,7853.48388671875,990987,1038240,0.9544874017568192
brown_0.05,1,17,102.0,u600,-11518.728515625,5275.4697265625,992259,1038240,0.9557125520110957
brown_0.05,1,17,102.0,u700,-6631.14501953125,4990.4521484375,1003987,1038240,0.967008591462475
brown_0.05,1,17,102.0,u850,-4548.966796875,5006.98681640625,1006906,1038240,0.9698200801356142
brown_0.05,1,17,102.0,u925,-5421.80224609375,3943.119140625,1005721,1038240,0.9686787255355217
brown_0.05,1,17,102.0,u1000,-4496.2197265625,2883.353759765625,1002342,1038240,0.9654241793804901
brown_0.05,1,17,102.0,v50,-3163.266357421875,1103.396484375,762816,1038240,0.7347202958853444
brown_0.05,1,17,102.0,v100,-2606.603271484375,1601.728515625,904023,1038240,0.8707264216366158
brown_0.05,1,17,102.0,v150,-3559.849365234375,8845.9873046875,988608,1038240,0.9521960240406843
brown_0.05,1,17,102.0,v200,-1952.9334716796875,5372.6708984375,976416,1038240,0.940453074433657
brown_0.05,1,17,102.0,v250,-741.4974365234375,5435.3125,976932,1038240,0.9409500693481276
brown_0.05,1,17,102.0,v300,-831.1366577148438,2386.598876953125,918690,1038240,0.8848532131299122
brown_0.05,1,17,102.0,v400,-970.7027587890625,712.352783203125,860384,1038240,0.8286947141316073
brown_0.05,1,17,102.0,v500,-561.0543212890625,708.16650390625,471198,1038240,0.4538430420711974
brown_0.05,1,17,102.0,v600,-797.2119750976562,1017.8341064453125,528248,1038240,0.5087918015102482
brown_0.05,1,17,102.0,v700,-2354.91552734375,1583.5281982421875,896414,1038240,0.8633976729850517
brown_0.05,1,17,102.0,v850,-219.24349975585938,2461.65283203125,930537,1038240,0.8962638696255201
brown_0.05,1,17,102.0,v925,-359.22576904296875,3769.853271484375,962681,1038240,0.9272239559254123
brown_0.05,1,17,102.0,v1000,-860.9697875976562,3631.314208984375,865899,1038240,0.834006588072122
brown_0.05,1,17,102.0,z50,-4644567.0,6747727.5,1032131,1038240,0.9941160040067807
brown_0.05,1,17,102.0,z100,50818.2890625,7903028.0,1024495,1038240,0.9867612498073663
brown_0.05,1,17,102.0,z150,144801.9375,9200265.0,1038070,1038240,0.9998362613653876
brown_0.05,1,17,102.0,z200,45218.109375,7751244.5,1017963,1038240,0.9804698335644938
brown_0.05,1,17,102.0,z250,-10082.1953125,7107949.0,1017773,1038240,0.9802868315611034
brown_0.05,1,17,102.0,z300,52083.12109375,5942668.0,1028164,1038240,0.9902951148096779
brown_0.05,1,17,102.0,z400,39772.0546875,3959282.25,999994,1038240,0.9631626598859608
brown_0.05,1,17,102.0,z500,-130141.125,2766757.75,985388,1038240,0.9490946216674372
brown_0.05,1,17,102.0,z600,-231216.78125,1962238.125,999711,1038240,0.9628900832177532
brown_0.05,1,17,102.0,z700,-356202.5625,1214446.0,988805,1038240,0.9523857682231469
brown_0.05,1,17,102.0,z850,-473840.53125,758303.4375,977148,1038240,0.9411581137309293
brown_0.05,1,17,102.0,z925,-710252.9375,802058.625,976825,1038240,0.9408470103251657
brown_0.05,1,17,102.0,z1000,-903016.6875,824993.6875,986636,1038240,0.9502966558791801
brown_0.05,1,17,102.0,t50,-23564.3359375,17124.998046875,1034276,1038240,0.9961820003082139
brown_0.05,1,17,102.0,t100,-23780.166015625,16797.537109375,1034195,1038240,0.9961039836646632
brown_0.05,1,17,102.0,t150,-6089.48583984375,10823.9921875,1001847,1038240,0.9649474110032362
brown_0.05,1,17,102.0,t200,391.07135009765625,10284.26953125,1038240,1038240,1.0
brown_0.05,1,17,102.0,t250,-1347.75732421875,19151.578125,1030317,1038240,0.9923688164586223
brown_0.05,1,17,102.0,t300,-2982.4638671875,23228.58203125,1032106,1038240,0.9940919247958083
brown_0.05,1,17,102.0,t400,-2305.9404296875,20448.041015625,1029252,1038240,0.9913430420711974
brown_0.05,1,17,102.0,t500,-1701.984130859375,15251.9443359375,1025532,1038240,0.9877600554785021
brown_0.05,1,17,102.0,t600,-1513.4620361328125,12992.23828125,1024097,1038240,0.9863779087686855
brown_0.05,1,17,102.0,t700,-763.377197265625,13601.021484375,1021013,1038240,0.9834074973031284
brown_0.05,1,17,102.0,t850,-249.56231689453125,14040.107421875,1018867,1038240,0.9813405378332563
brown_0.05,1,17,102.0,t925,-1011.929443359375,9837.3076171875,985424,1038240,0.9491292957312375
brown_0.05,1,17,102.0,t1000,-2233.6435546875,9421.22265625,1006100,1038240,0.9690437663738635
brown_0.05,1,17,102.0,q50,-0.0635424554347992,0.06184486299753189,619594,1038240,0.5967733857296964
brown_0.05,1,17,102.0,q100,-0.028737610206007957,0.026320921257138252,471268,1038240,0.4539104638619202
brown_0.05,1,17,102.0,q150,-0.019879702478647232,0.04795108735561371,283978,1038240,0.27351864694097705
brown_0.05,1,17,102.0,q200,-0.015682538971304893,0.1840839385986328,571049,1038240,0.5500163738634612
brown_0.05,1,17,102.0,q250,-0.030471792444586754,0.556460976600647,876271,1038240,0.8439965711203575
brown_0.05,1,17,102.0,q300,-0.012200644239783287,1.3644797801971436,964768,1038240,0.9292340884573894
brown_0.05,1,17,102.0,q400,-0.08263206481933594,3.0895614624023438,1017446,1038240,0.9799718754815843
brown_0.05,1,17,102.0,q500,-0.23424792289733887,4.984821796417236,1029108,1038240,0.9912043458159963
brown_0.05,1,17,102.0,q600,-0.10959751158952713,7.888042449951172,1032072,1038240,0.9940591770688858
brown_0.05,1,17,102.0,q700,-0.14144451916217804,10.18984317779541,1031379,1038240,0.9933917013407305
brown_0.05,1,17,102.0,q850,-0.6630426049232483,15.412288665771484,1033970,1038240,0.9958872707659115
brown_0.05,1,17,102.0,q925,-0.6528279781341553,16.734960556030273,1033611,1038240,0.9955414932963477
brown_0.05,1,17,102.0,q1000,-0.17026068270206451,16.54596710205078,1033865,1038240,0.9957861380798274
brown_0.05,1,18,108.0,u10m,-3907.0498046875,2561.30224609375,1011455,1038240,0.9742015333641547
brown_0.05,1,18,108.0,v10m,-978.2722778320312,3159.13525390625,915515,1038240,0.8817951533364154
brown_0.05,1,18,108.0,u100m,-4659.69677734375,3123.56884765625,1017434,1038240,0.9799603174603174
brown_0.05,1,18,108.0,v100m,-1113.6470947265625,3050.99951171875,992705,1038240,0.9561421251348435
brown_0.05,1,18,108.0,t2m,-3108.68701171875,15232.0791015625,984570,1038240,0.9483067498844198
brown_0.05,1,18,108.0,sp,-1897799.5,2043198.625,1017119,1038240,0.979656919402065
brown_0.05,1,18,108.0,msl,-1047179.5,1227584.0,1026467,1038240,0.9886606179688704
brown_0.05,1,18,108.0,tcwv,-733.3146362304688,73588.5625,1036851,1038240,0.9986621590383726
brown_0.05,1,18,108.0,u50,-19621.8046875,15207.0537109375,968720,1038240,0.9330405301279088
brown_0.05,1,18,108.0,u100,-15412.748046875,16523.037109375,1023548,1038240,0.9858491292957312
brown_0.05,1,18,108.0,u150,-16453.052734375,18718.099609375,1026437,1038240,0.9886317229157034
brown_0.05,1,18,108.0,u200,-22855.8359375,13276.7666015625,1013996,1038240,0.9766489443673909
brown_0.05,1,18,108.0,u250,-28541.822265625,12586.494140625,1014514,1038240,0.9771478656187395
brown_0.05,1,18,108.0,u300,-19530.23046875,12053.87109375,953789,1038240,0.9186594621667438
brown_0.05,1,18,108.0,u400,-11606.6591796875,10155.1357421875,1001353,1038240,0.9644716057944214
brown_0.05,1,18,108.0,u500,-13745.7255859375,7876.58203125,990701,1038240,0.9542119355832948
brown_0.05,1,18,108.0,u600,-11820.9140625,5316.5927734375,992331,1038240,0.9557819001386962
brown_0.05,1,18,108.0,u700,-6934.13916015625,5014.28271484375,1003533,1038240,0.9665713129912159
brown_0.05,1,18,108.0,u850,-4786.74365234375,4957.169921875,1008470,1038240,0.9713264755740484
brown_0.05,1,18,108.0,u925,-5611.8408203125,3910.6982421875,1006431,1038240,0.9693625751271382
brown_0.05,1,18,108.0,u1000,-4586.115234375,2868.276611328125,1000999,1038240,0.964130644167052
brown_0.05,1,18,108.0,v50,-3493.5361328125,1041.7669677734375,768989,1038240,0.7406659346586532
brown_0.05,1,18,108.0,v100,-2815.724365234375,1544.6488037109375,901515,1038240,0.8683107951918632
brown_0.05,1,18,108.0,v150,-3682.27294921875,8693.7529296875,993082,1038240,0.9565052396363076
brown_0.05,1,18,108.0,v200,-1857.5411376953125,5312.62109375,972026,1038240,0.9362247649869009
brown_0.05,1,18,108.0,v250,-670.8607788085938,5333.63037109375,975875,1038240,0.9399320003082139
brown_0.05,1,18,108.0,v300,-815.5818481445312,2370.18115234375,912517,1038240,0.8789075743566035
brown_0.05,1,18,108.0,v400,-970.7671508789062,692.3085327148438,833668,1038240,0.8029627061180459
brown_0.05,1,18,108.0,v500,-527.2308959960938,666.2802734375,459895,1038240,0.4429563492063492
brown_0.05,1,18,108.0,v600,-769.7637329101562,941.021240234375,507360,1038240,0.4886731391585761
brown_0.05,1,18,108.0,v700,-2341.649169921875,1568.2454833984375,893887,1038240,0.86096374633996
brown_0.05,1,18,108.0,v850,-204.4022979736328,2453.46044921875,933166,1038240,0.8987960394513792
brown_0.05,1,18,108.0,v925,-346.1369323730469,3761.596923828125,965361,1038240,0.9298052473416551
brown_0.05,1,18,108.0,v1000,-828.4607543945312,3608.33203125,873037,1038240,0.8408816843889659
brown_0.05,1,18,108.0,z50,-4646559.5,6949018.5,1032147,1038240,0.9941314147018031
brown_0.05,1,18,108.0,z100,30780.609375,8284836.5,1024972,1038240,0.98722068115272
brown_0.05,1,18,108.0,z150,143478.703125,9570407.0,1038049,1038240,0.9998160348281707
brown_0.05,1,18,108.0,z200,53081.1015625,8090876.5,1020878,1038240,0.9832774695638773
brown_0.05,1,18,108.0,z250,2187.15625,7381144.0,1020004,1038240,0.9824356603482817
brown_0.05,1,18,108.0,z300,53415.15625,6174178.5,1029592,1038240,0.9916705193404223
brown_0.05,1,18,108.0,z400,41084.046875,4130837.75,1005780,1038240,0.9687355524734166
brown_0.05,1,18,108.0,z500,-123054.03125,2892857.75,984527,1038240,0.9482653336415472
brown_0.05,1,18,108.0,z600,-223773.9375,2054294.625,996074,1038240,0.9593870396054862
brown_0.05,1,18,108.0,z700,-344920.59375,1273703.0,989779,1038240,0.9533238942826322
brown_0.05,1,18,108.0,z850,-461944.125,747409.4375,977501,1038240,0.9414981121898598
brown_0.05,1,18,108.0,z925,-692885.8125,785052.875,975233,1038240,0.9393136461704423
brown_0.05,1,18,108.0,z1000,-892931.75,804404.375,986585,1038240,0.9502475342887964
brown_0.05,1,18,108.0,t50,-23909.61328125,17149.955078125,1034434,1038240,0.9963341809215596
brown_0.05,1,18,108.0,t100,-23753.529296875,16799.15625,1034123,1038240,0.9960346355370627
brown_0.05,1,18,108.0,t150,-5858.38232421875,10767.76953125,998466,1038240,0.9616909385113268
brown_0.05,1,18,108.0,t200,395.31463623046875,11176.5009765625,1038240,1038240,1.0
brown_0.05,1,18,108.0,t250,-1293.4346923828125,20030.076171875,1030557,1038240,0.9925999768839575
brown_0.05,1,18,108.0,t300,-2876.326416015625,23978.103515625,1031960,1038240,0.9939513022037294
brown_0.05,1,18,108.0,t400,-2192.5283203125,21174.119140625,1029351,1038240,0.9914383957466482
brown_0.05,1,18,108.0,t500,-1622.1136474609375,15914.83203125,1025589,1038240,0.9878149560795192
brown_0.05,1,18,108.0,t600,-1429.81640625,13696.9228515625,1023610,1038240,0.9859088457389428
brown_0.05,1,18,108.0,t700,-699.5038452148438,14292.3779296875,1022160,1038240,0.9845122515025427
brown_0.05,1,18,108.0,t850,-230.0506591796875,14742.18359375,1019820,1038240,0.9822584373555248
brown_0.05,1,18,108.0,t925,-978.922607421875,10595.0703125,997979,1038240,0.9612218754815842
brown_0.05,1,18,108.0,t1000,-2169.51904296875,10193.45703125,1004838,1038240,0.9678282478039759
brown_0.05,1,18,108.0,q50,-0.06245811656117439,0.06076199561357498,615485,1038240,0.5928157266142703
brown_0.05,1,18,108.0,q100,-0.02715129591524601,0.02459433674812317,465749,1038240,0.44859473724764987
brown_0.05,1,18,108.0,q150,-0.018499275669455528,0.04764648154377937,266660,1038240,0.2568384959161658
brown_0.05,1,18,108.0,q200,-0.015443600714206696,0.18540434539318085,571779,1038240,0.5507194868238557
brown_0.05,1,18,108.0,q250,-0.029662948101758957,0.5625202655792236,877977,1038240,0.8456397364771151
brown_0.05,1,18,108.0,q300,-0.011965305544435978,1.3743995428085327,966943,1038240,0.9313289798119895
brown_0.05,1,18,108.0,q400,-0.07885503023862839,3.1167874336242676,1017218,1038240,0.9797522730775158
brown_0.05,1,18,108.0,q500,-0.22127492725849152,5.050057411193848,1029444,1038240,0.9915279704114656
brown_0.05,1,18,108.0,q600,-0.12334859371185303,7.948510646820068,1032561,1038240,0.9945301664355063
brown_0.05,1,18,108.0,q700,-0.14599500596523285,10.35123062133789,1032347,1038240,0.9943240483895823
brown_0.05,1,18,108.0,q850,-0.6960909366607666,15.717194557189941,1034255,1038240,0.996161773770997
brown_0.05,1,18,108.0,q925,-0.6655410528182983,17.05907440185547,1033612,1038240,0.9955424564647866
brown_0.05,1,18,108.0,q1000,-0.17741326987743378,16.914466857910156,1033958,1038240,0.9958757127446448
brown_0.05,1,19,114.0,u10m,-3991.814697265625,2534.905517578125,1010113,1038240,0.9729089613191555
brown_0.05,1,19,114.0,v10m,-953.4193725585938,3153.302001953125,930577,1038240,0.896302396363076
brown_0.05,1,19,114.0,u100m,-4803.69189453125,3105.82373046875,1016092,1038240,0.9786677454153182
brown_0.05,1,19,114.0,v100m,-1086.8050537109375,3046.499267578125,992001,1038240,0.9554640545538604
brown_0.05,1,19,114.0,t2m,-3046.196044921875,15901.7119140625,959649,1038240,0.9243036292186778
brown_0.05,1,19,114.0,sp,-1812300.0,1947763.875,1016128,1038240,0.9787024194791185
brown_0.05,1,19,114.0,msl,-1038443.75,1189939.5,1026896,1038240,0.989073817229157
brown_0.05,1,19,114.0,tcwv,-747.421630859375,74541.0546875,1036621,1038240,0.9984406302974265
brown_0.05,1,19,114.0,u50,-20712.9375,15054.3701171875,940378,1038240,0.9057424102327015
brown_0.05,1,19,114.0,u100,-16169.9853515625,16399.01953125,1024204,1038240,0.9864809677916474
brown_0.05,1,19,114.0,u150,-17372.083984375,17853.609375,1025073,1038240,0.9873179611650486
brown_0.05,1,19,114.0,u200,-23406.71484375,13132.357421875,1006850,1038240,0.969766142703036
brown_0.05,1,19,114.0,u250,-29177.72265625,12478.2578125,1007903,1038240,0.970780359069194
brown_0.05,1,19,114.0,u300,-20130.61328125,11982.0859375,959216,1038240,0.9238865772846355
brown_0.05,1,19,114.0,u400,-12213.841796875,10129.8544921875,997320,1038240,0.9605871474803513
brown_0.05,1,19,114.0,u500,-14148.9833984375,7876.1123046875,990541,1038240,0.9540578286330713
brown_0.05,1,19,114.0,u600,-12111.23828125,5335.12158203125,991700,1038240,0.9551741408537525
brown_0.05,1,19,114.0,u700,-7234.92626953125,5023.388671875,1003488,1038240,0.9665279704114655
brown_0.05,1,19,114.0,u850,-5008.13916015625,4904.00537109375,1009809,1038240,0.9726161581137309
brown_0.05,1,19,114.0,u925,-5794.1962890625,3873.072265625,1006621,1038240,0.9695455771305286
brown_0.05,1,19,114.0,u1000,-4671.7265625,2849.766357421875,999330,1038240,0.9625231160425335
brown_0.05,1,19,114.0,v50,-3826.38525390625,981.653564453125,775590,1038240,0.7470238095238095
brown_0.05,1,19,114.0,v100,-3017.137939453125,1488.2623291015625,898521,1038240,0.8654270688858068
brown_0.05,1,19,114.0,v150,-3779.17626953125,8540.4052734375,996812,1038240,0.9600978579133919
brown_0.05,1,19,114.0,v200,-1780.50537109375,5200.90576171875,969898,1038240,0.934175142548929
brown_0.05,1,19,114.0,v250,-610.1122436523438,5252.02783203125,972747,1038240,0.9369192094313453
brown_0.05,1,19,114.0,v300,-804.1859741210938,2356.385498046875,906907,1038240,0.8735041994143936
brown_0.05,1,19,114.0,v400,-957.3487548828125,672.6851806640625,803078,1038240,0.773499383572199
brown_0.05,1,19,114.0,v500,-493.9440002441406,630.1179809570312,448969,1038240,0.432432770842965
brown_0.05,1,19,114.0,v600,-742.1435546875,880.5419311523438,486042,1038240,0.46814031437817843
brown_0.05,1,19,114.0,v700,-2327.697509765625,1552.62548828125,890602,1038240,0.8577997380181847
brown_0.05,1,19,114.0,v850,-189.38572692871094,2442.286376953125,935873,1038240,0.9014033364154723
brown_0.05,1,19,114.0,v925,-332.32086181640625,3771.709228515625,968068,1038240,0.9324125443057482
brown_0.05,1,19,114.0,v1000,-797.5418090820312,3598.5810546875,880418,1038240,0.8479908306364617
brown_0.05,1,19,114.0,z50,-4637783.0,7138986.5,1032068,1038240,0.9940553243951302
brown_0.05,1,19,114.0,z100,4261.6875,8653299.0,1025864,1038240,0.9880798274002157
brown_0.05,1,19,114.0,z150,142368.484375,9927018.0,1038029,1038240,0.9997967714593928
brown_0.05,1,19,114.0,z200,61059.1171875,8417657.0,1023648,1038240,0.9859454461396209
brown_0.05,1,19,114.0,z250,14739.5390625,7644412.0,1021932,1038240,0.9842926490984744
brown_0.05,1,19,114.0,z300,54289.59375,6397455.0,1030679,1038240,0.9927174834335029
brown_0.05,1,19,114.0,z400,42634.48046875,4297877.5,1011376,1038240,0.9741254430574819
brown_0.05,1,19,114.0,z500,-115679.375,3016566.75,984454,1038240,0.9481950223455078
brown_0.05,1,19,114.0,z600,-215609.953125,2145654.0,992716,1038240,0.9561527199876715
brown_0.05,1,19,114.0,z700,-332753.25,1333386.125,991887,1038240,0.9553542533518262
brown_0.05,1,19,114.0,z850,-448506.9375,733582.5,975766,1038240,0.9398270149483742
brown_0.05,1,19,114.0,z925,-672838.4375,765065.6875,973174,1038240,0.9373304823547542
brown_0.05,1,19,114.0,z1000,-879806.625,780956.6875,986830,1038240,0.9504835105563261
brown_0.05,1,19,114.0,t50,-24157.427734375,17119.16796875,1034611,1038240,0.9965046617352442
brown_0.05,1,19,114.0,t100,-23681.7578125,16771.609375,1034093,1038240,0.9960057404838958
brown_0.05,1,19,114.0,t150,-5615.20654296875,10723.896484375,985047,1038240,0.9487661812297734
brown_0.05,1,19,114.0,t200,388.33660888671875,12020.6708984375,1038240,1038240,1.0
brown_0.05,1,19,114.0,t250,-1229.346923828125,20854.751953125,1030489,1038240,0.9925344814301125
brown_0.05,1,19,114.0,t300,-2758.08837890625,24675.388671875,1032206,1038240,0.994188241639698
brown_0.05,1,19,114.0,t400,-2073.393798828125,21886.046875,1029100,1038240,0.9911966404684851
brown_0.05,1,19,114.0,t500,-1536.60498046875,16551.314453125,1024967,1038240,0.9872158653105255
brown_0.05,1,19,114.0,t600,-1344.5228271484375,14368.041015625,1023741,1038240,0.9860350208044383
brown_0.05,1,19,114.0,t700,-638.6885375976562,14958.60546875,1022964,1038240,0.9852866389274156
brown_0.05,1,19,114.0,t850,-204.9705810546875,15400.4814453125,1020295,1038240,0.9827159423640006
brown_0.05,1,19,114.0,t925,-939.9315185546875,11298.4775390625,1004844,1038240,0.9678340268146094
brown_0.05,1,19,114.0,t1000,-2099.400146484375,10896.640625,1004395,1038240,0.9674015641855448
brown_0.05,1,19,114.0,q50,-0.06137371435761452,0.059679076075553894,611540,1038240,0.5890160271228232
brown_0.05,1,19,114.0,q100,-0.025691812857985497,0.023462969809770584,463310,1038240,0.44624556942518107
brown_0.05,1,19,114.0,q150,-0.01721431128680706,0.04734257981181145,250680,1038240,0.24144706426259824
brown_0.05,1,19,114.0,q200,-0.015093454159796238,0.18672138452529907,572267,1038240,0.5511895130220373
brown_0.05,1,19,114.0,q250,-0.028616363182663918,0.56880784034729,878663,1038240,0.8463004700261981
brown_0.05,1,19,114.0,q300,-0.011849063448607922,1.384222388267517,968238,1038240,0.9325762829403607
brown_0.05,1,19,114.0,q400,-0.07435620576143265,3.145087718963623,1017134,1038240,0.9796713669286485
brown_0.05,1,19,114.0,q500,-0.20800380408763885,5.11591100692749,1029532,1038240,0.9916127292340885
brown_0.05,1,19,114.0,q600,-0.1307399570941925,8.012716293334961,1032957,1038240,0.9949115811373093
brown_0.05,1,19,114.0,q700,-0.14950799942016602,10.515357971191406,1033063,1038240,0.9950136769918323
brown_0.05,1,19,114.0,q850,-0.7103278040885925,16.012964248657227,1034505,1038240,0.9964025658807212
brown_0.05,1,19,114.0,q925,-0.6473485827445984,17.362337112426758,1033752,1038240,0.9956773000462321
brown_0.05,1,19,114.0,q1000,-0.18104295432567596,17.25479507446289,1034111,1038240,0.996023077515796
brown_0.05,1,20,120.0,u10m,-4059.9072265625,2504.68212890625,1008965,1038240,0.9718032439513022
brown_0.05,1,20,120.0,v10m,-929.8726806640625,3133.246826171875,941526,1038240,0.9068481276005548
brown_0.05,1,20,120.0,u100m,-4919.412109375,3083.22998046875,1014546,1038240,0.9771786870087841
brown_0.05,1,20,120.0,v100m,-1061.497802734375,3022.011962890625,990780,1038240,0.9542880258899676
brown_0.05,1,20,120.0,t2m,-2977.17333984375,16514.498046875,977296,1038240,0.941300662659886
brown_0.05,1,20,120.0,sp,-1728023.875,1852079.875,1016039,1038240,0.9786166974880567
brown_0.05,1,20,120.0,msl,-1038182.25,1149155.0,1027198,1038240,0.9893646940977038
brown_0.05,1,20,120.0,tcwv,-752.7033081054688,75444.4140625,1036747,1038240,0.9985619895207274
brown_0.05,1,20,120.0,u50,-21588.576171875,14921.05078125,920600,1038240,0.8866928648482046
brown_0.05,1,20,120.0,u100,-16839.8671875,16238.5810546875,1022100,1038240,0.984454461396209
brown_0.05,1,20,120.0,u150,-18171.044921875,17543.32421875,1020186,1038240,0.9826109570041609
brown_0.05,1,20,120.0,u200,-23812.7421875,12958.7421875,1003880,1038240,0.966905532439513
brown_0.05,1,20,120.0,u250,-29848.4921875,12335.2373046875,990594,1038240,0.9541088765603328
brown_0.05,1,20,120.0,u300,-20774.845703125,11876.150390625,981156,1038240,0.9450184928340268
brown_0.05,1,20,120.0,u400,-12873.408203125,10077.87109375,991617,1038240,0.9550941978733241
brown_0.05,1,20,120.0,u500,-14554.7080078125,7855.3525390625,989979,1038240,0.9535165279704114
brown_0.05,1,20,120.0,u600,-12384.58203125,5337.2333984375,989981,1038240,0.9535184543072892
brown_0.05,1,20,120.0,u700,-7523.34375,5021.2646484375,1003264,1038240,0.9663122206811527
brown_0.05,1,20,120.0,u850,-5219.88232421875,4841.83447265625,1010472,1038240,0.9732547387887194
brown_0.05,1,20,120.0,u925,-5957.97705078125,3827.60791015625,1006199,1038240,0.9691391200493142
brown_0.05,1,20,120.0,u1000,-4739.30224609375,2824.13525390625,997127,1038240,0.9604012559716443
brown_0.05,1,20,120.0,v50,-4156.591796875,936.4489135742188,781778,1038240,0.7529838958237016
brown_0.05,1,20,120.0,v100,-3208.657470703125,1438.21044921875,894750,1038240,0.8617949607027277
brown_0.05,1,20,120.0,v150,-3858.00341796875,8382.7109375,998768,1038240,0.9619818153798736
brown_0.05,1,20,120.0,v200,-1697.4271240234375,5082.9609375,970147,1038240,0.9344149714902142
brown_0.05,1,20,120.0,v250,-556.0086669921875,5175.26513671875,969184,1038240,0.9334874402835568
brown_0.05,1,20,120.0,v300,-789.9309692382812,2339.274169921875,902048,1038240,0.868824163969795
brown_0.05,1,20,120.0,v400,-951.099365234375,649.4931030273438,768398,1038240,0.7400967021112652
brown_0.05,1,20,120.0,v500,-465.1055908203125,590.9432373046875,437924,1038240,0.42179457543535215
brown_0.05,1,20,120.0,v600,-714.4760131835938,817.897216796875,476814,1038240,0.45925219602404066
brown_0.05,1,20,120.0,v700,-2328.3935546875,1532.4229736328125,888570,1038240,0.8558425797503467
brown_0.05,1,20,120.0,v850,-174.76559448242188,2418.402099609375,938656,1038240,0.9040838341809215
brown_0.05,1,20,120.0,v925,-317.79718017578125,3758.71875,970847,1038240,0.9350891893974418
brown_0.05,1,20,120.0,v1000,-768.1088256835938,3571.303955078125,887244,1038240,0.8545654184003698
brown_0.05,1,20,120.0,z50,-4618214.0,7333832.5,1032003,1038240,0.993992718446602
brown_0.05,1,20,120.0,z100,-46022.109375,9010232.0,1026955,1038240,0.989130644167052
brown_0.05,1,20,120.0,z150,141512.296875,10268722.0,1038002,1038240,0.9997707659115426
brown_0.05,1,20,120.0,z200,66892.84375,8731692.0,1026238,1038240,0.9884400523963631
brown_0.05,1,20,120.0,z250,23423.078125,7898968.0,1023677,1038240,0.9859733780243489
brown_0.05,1,20,120.0,z300,55399.4140625,6615652.0,1031587,1038240,0.993592040376021
brown_0.05,1,20,120.0,z400,44561.97265625,4462170.0,1016457,1038240,0.9790193018955154
brown_0.05,1,20,120.0,z500,-108290.640625,3138329.5,984873,1038240,0.9485985899214054
brown_0.05,1,20,120.0,z600,-206762.265625,2234288.5,990182,1038240,0.9537120511635074
brown_0.05,1,20,120.0,z700,-319860.375,1390628.5,995942,1038240,0.9592599013715518
brown_0.05,1,20,120.0,z850,-434129.78125,717173.0625,975051,1038240,0.9391383495145631
brown_0.05,1,20,120.0,z925,-650496.5625,742841.4375,971008,1038240,0.9352442595161041
brown_0.05,1,20,120.0,z1000,-864224.625,755591.1875,987035,1038240,0.9506809600862999
brown_0.05,1,20,120.0,t50,-24309.59765625,17041.548828125,1034499,1038240,0.9963967868700878
brown_0.05,1,20,120.0,t100,-23570.470703125,16728.763671875,1034081,1038240,0.995994182462629
brown_0.05,1,20,120.0,t150,-5363.11083984375,10690.4150390625,985319,1038240,0.9490281630451534
brown_0.05,1,20,120.0,t200,357.7869567871094,12829.80078125,1038240,1038240,1.0
brown_0.05,1,20,120.0,t250,-1153.2099609375,21632.951171875,1030487,1038240,0.9925325550932347
brown_0.05,1,20,120.0,t300,-2626.46875,25318.3671875,1032025,1038240,0.9940139081522577
brown_0.05,1,20,120.0,t400,-1954.7196044921875,22578.296875,1028501,1038240,0.9906197025735861
brown_0.05,1,20,120.0,t500,-1444.408203125,17189.140625,1024336,1038240,0.9866081060255818
brown_0.05,1,20,120.0,t600,-1256.0760498046875,15042.6533203125,1024395,1038240,0.9866649329634767
brown_0.05,1,20,120.0,t700,-581.023681640625,15596.1201171875,1023216,1038240,0.9855293573740176
brown_0.05,1,20,120.0,t850,-173.39382934570312,15993.935546875,1020445,1038240,0.9828604176298351
brown_0.05,1,20,120.0,t925,-895.404541015625,11947.3486328125,1009048,1038240,0.9718831869317306
brown_0.05,1,20,120.0,t1000,-2025.275390625,11549.740234375,1002667,1038240,0.9657372091231314
brown_0.05,1,20,120.0,q50,-0.060334593057632446,0.058641258627176285,608179,1038240,0.5857788179996918
brown_0.05,1,20,120.0,q100,-0.024342166259884834,0.02270355261862278,463785,1038240,0.446703074433657
brown_0.05,1,20,120.0,q150,-0.01606886275112629,0.04705553874373436,236405,1038240,0.22769783479734937
brown_0.05,1,20,120.0,q200,-0.01470762025564909,0.18795834481716156,572301,1038240,0.5512222607489597
brown_0.05,1,20,120.0,q250,-0.027413299307227135,0.5746538043022156,878680,1038240,0.8463168438896594
brown_0.05,1,20,120.0,q300,-0.01178395189344883,1.3939321041107178,969109,1038240,0.9334152026506396
brown_0.05,1,20,120.0,q400,-0.0697031021118164,3.1734604835510254,1017180,1038240,0.9797156726768377
brown_0.05,1,20,120.0,q500,-0.1957068294286728,5.181426048278809,1029614,1038240,0.991691709046078
brown_0.05,1,20,120.0,q600,-0.13509339094161987,8.073843002319336,1033194,1038240,0.9951398520573278
brown_0.05,1,20,120.0,q700,-0.1522432118654251,10.678513526916504,1033589,1038240,0.995520303590692
brown_0.05,1,20,120.0,q850,-0.7134366631507874,16.298917770385742,1034605,1038240,0.9964988827246108
brown_0.05,1,20,120.0,q925,-0.6162019371986389,17.643321990966797,1034074,1038240,0.9959874402835568
brown_0.05,1,20,120.0,q1000,-0.18124698102474213,17.566577911376953,1034275,1038240,0.996181037139775
brown_0.05,2,0,0.0,u10m,-29.962627410888672,25.108327865600586,0,1038240,0.0
brown_0.05,2,0,0.0,v10m,-27.719661712646484,25.928985595703125,0,1038240,0.0
brown_0.05,2,0,0.0,u100m,-38.580989837646484,30.86274528503418,0,1038240,0.0
brown_0.05,2,0,0.0,v100m,-33.05116271972656,32.31340408325195,0,1038240,0.0
brown_0.05,2,0,0.0,t2m,202.947509765625,317.2373046875,0,1038240,0.0
brown_0.05,2,0,0.0,sp,49593.48046875,104524.625,0,1038240,0.0
brown_0.05,2,0,0.0,msl,93167.3671875,107762.984375,0,1038240,0.0
brown_0.05,2,0,0.0,tcwv,-0.0067863911390304565,80.60991668701172,10,1038240,9.631684388965943e-06
brown_0.05,2,0,0.0,u50,-32.46460723876953,69.7348403930664,0,1038240,0.0
brown_0.05,2,0,0.0,u100,-42.455169677734375,63.61075973510742,0,1038240,0.0
brown_0.05,2,0,0.0,u150,-43.70659637451172,76.50376892089844,0,1038240,0.0
brown_0.05,2,0,0.0,u200,-44.847023010253906,103.81318664550781,0,1038240,0.0
brown_0.05,2,0,0.0,u250,-45.87470626831055,105.4073486328125,0,1038240,0.0
brown_0.05,2,0,0.0,u300,-36.32052230834961,102.4617919921875,0,1038240,0.0
brown_0.05,2,0,0.0,u400,-35.80597686767578,71.79100036621094,0,1038240,0.0
brown_0.05,2,0,0.0,u500,-39.27643585205078,50.19303512573242,0,1038240,0.0
brown_0.05,2,0,0.0,u600,-44.981380462646484,45.743499755859375,0,1038240,0.0
brown_0.05,2,0,0.0,u700,-47.14543914794922,41.03398895263672,0,1038240,0.0
brown_0.05,2,0,0.0,u850,-52.91712188720703,36.25994873046875,0,1038240,0.0
brown_0.05,2,0,0.0,u925,-42.3516731262207,34.29391860961914,0,1038240,0.0
brown_0.05,2,0,0.0,u1000,-29.006366729736328,24.68783950805664,0,1038240,0.0
brown_0.05,2,0,0.0,v50,-28.21419334411621,36.98920822143555,0,1038240,0.0
brown_0.05,2,0,0.0,v100,-31.287355422973633,41.965545654296875,0,1038240,0.0
brown_0.05,2,0,0.0,v150,-39.73084259033203,46.17251968383789,0,1038240,0.0
brown_0.05,2,0,0.0,v200,-56.727909088134766,65.08683776855469,0,1038240,0.0
brown_0.05,2,0,0.0,v250,-63.121395111083984,62.81163787841797,0,1038240,0.0
brown_0.05,2,0,0.0,v300,-54.927371978759766,65.37411499023438,0,1038240,0.0
brown_0.05,2,0,0.0,v400,-59.8529052734375,62.94638442993164,0,1038240,0.0
brown_0.05,2,0,0.0,v500,-50.21497344970703,56.781272888183594,0,1038240,0.0
brown_0.05,2,0,0.0,v600,-45.036373138427734,40.08668899536133,0,1038240,0.0
brown_0.05,2,0,0.0,v700,-36.70764923095703,42.36782455444336,0,1038240,0.0
brown_0.05,2,0,0.0,v850,-42.82494354248047,34.837947845458984,0,1038240,0.0
brown_0.05,2,0,0.0,v925,-37.417625427246094,36.98191452026367,0,1038240,0.0
brown_0.05,2,0,0.0,v1000,-26.38912010192871,24.981040954589844,0,1038240,0.0
brown_0.05,2,0,0.0,z50,178325.859375,207936.4375,0,1038240,0.0
brown_0.05,2,0,0.0,z100,140693.125,165755.71875,0,1038240,0.0
brown_0.05,2,0,0.0,z150,117632.0,141996.15625,0,1038240,0.0
brown_0.05,2,0,0.0,z200,100768.7265625,123884.28125,0,1038240,0.0
brown_0.05,2,0,0.0,z250,87459.640625,109026.796875,0,1038240,0.0
brown_0.05,2,0,0.0,z300,76372.9765625,96321.0078125,0,1038240,0.0
brown_0.05,2,0,0.0,z400,58395.84375,75588.46875,0,1038240,0.0
brown_0.05,2,0,0.0,z500,43960.390625,58905.375,0,1038240,0.0
brown_0.05,2,0,0.0,z600,31816.15234375,44789.31640625,0,1038240,0.0
brown_0.05,2,0,0.0,z700,21340.908203125,32460.978515625,0,1038240,0.0
brown_0.05,2,0,0.0,z850,7071.63037109375,16482.921875,0,1038240,0.0
brown_0.05,2,0,0.0,z925,558.6668090820312,9957.21484375,0,1038240,0.0
brown_0.05,2,0,0.0,z1000,-5507.875,4905.55029296875,0,1038240,0.0
brown_0.05,2,0,0.0,t50,176.9337921142578,233.2174530029297,0,1038240,0.0
brown_0.05,2,0,0.0,t100,185.84661865234375,235.83192443847656,0,1038240,0.0
brown_0.05,2,0,0.0,t150,187.84080505371094,238.964111328125,0,1038240,0.0
brown_0.05,2,0,0.0,t200,190.18907165527344,241.19183349609375,0,1038240,0.0
brown_0.05,2,0,0.0,t250,199.06802368164062,243.5581512451172,0,1038240,0.0
brown_0.05,2,0,0.0,t300,204.70034790039062,251.70753479003906,0,1038240,0.0
brown_0.05,2,0,0.0,t400,216.03317260742188,266.5840759277344,0,1038240,0.0
brown_0.05,2,0,0.0,t500,224.44447326660156,276.8633117675781,0,1038240,0.0
brown_0.05,2,0,0.0,t600,204.45919799804688,287.20147705078125,0,1038240,0.0
brown_0.05,2,0,0.0,t700,208.55844116210938,297.0501708984375,0,1038240,0.0
brown_0.05,2,0,0.0,t850,216.2261199951172,309.6846923828125,0,1038240,0.0
brown_0.05,2,0,0.0,t925,219.80831909179688,315.3274841308594,0,1038240,0.0
brown_0.05,2,0,0.0,t1000,223.03831481933594,319.6449279785156,0,1038240,0.0
brown_0.05,2,0,0.0,q50,-0.08250119537115097,0.085667185485363,630770,1038240,0.6075377562028047
brown_0.05,2,0,0.0,q100,-0.08750615268945694,0.06290513277053833,537632,1038240,0.5178301741408537
brown_0.05,2,0,0.0,q150,-0.07846295088529587,0.09841934591531754,607097,1038240,0.5847366697488057
brown_0.05,2,0,0.0,q200,-0.0737309455871582,0.09583191573619843,589091,1038240,0.5673938588380336
brown_0.05,2,0,0.0,q250,-0.12898673117160797,0.09912930428981781,697462,1038240,0.6717733857296964
brown_0.05,2,0,0.0,q300,-0.15993662178516388,0.13769903779029846,875160,1038240,0.8429264909847434
brown_0.05,2,0,0.0,q400,-0.09017501026391983,0.09116137772798538,601454,1038240,0.5793015102481122
brown_0.05,2,0,0.0,q500,-0.10352841019630432,0.13130778074264526,841690,1038240,0.8106892433348744
brown_0.05,2,0,0.0,q600,-0.13439257442951202,0.16245394945144653,844824,1038240,0.8137078132223763
brown_0.05,2,0,0.0,q700,-0.07854802161455154,0.08486421406269073,495977,1038240,0.47770939281861613
brown_0.05,2,0,0.0,q850,-0.1050853505730629,0.11428526043891907,690514,1038240,0.6650812914162428
brown_0.05,2,0,0.0,q925,-0.09254048764705658,0.11010541021823883,537310,1038240,0.5175200339035291
brown_0.05,2,0,0.0,q1000,-0.06667200475931168,0.12423717230558395,544290,1038240,0.5242429496070273
brown_0.05,2,1,6.0,u10m,-1046.611083984375,1249.3883056640625,899453,1038240,0.8663247418708584
brown_0.05,2,1,6.0,v10m,-646.2887573242188,2143.311279296875,727843,1038240,0.7010354060718138
brown_0.05,2,1,6.0,u100m,-971.7443237304688,1767.473388671875,902895,1038240,0.8696399676375405
brown_0.05,2,1,6.0,v100m,-613.6607055664062,2408.382080078125,831705,1038240,0.8010720064724919
brown_0.05,2,1,6.0,t2m,-3014.20947265625,593.2081298828125,982081,1038240,0.9459094236400062
brown_0.05,2,1,6.0,sp,-333346.21875,623041.75,917674,1038240,0.8838746339959932
brown_0.05,2,1,6.0,msl,14071.1484375,371027.5,887079,1038240,0.8544064956079519
brown_0.05,2,1,6.0,tcwv,-692.6675415039062,14828.3828125,1027474,1038240,0.9896305285868393
brown_0.05,2,1,6.0,u50,-3581.911376953125,5574.81201171875,913672,1038240,0.880020033903529
brown_0.05,2,1,6.0,u100,-1080.5516357421875,4584.73974609375,982291,1038240,0.9461116890121745
brown_0.05,2,1,6.0,u150,-1093.7779541015625,8502.1943359375,1016884,1038240,0.9794305748189244
brown_0.05,2,1,6.0,u200,-487.30364990234375,5068.767578125,925474,1038240,0.8913873478193867
brown_0.05,2,1,6.0,u250,-8263.1201171875,1674.65283203125,769054,1038240,0.7407285406071814
brown_0.05,2,1,6.0,u300,-5944.373046875,2041.0340576171875,939199,1038240,0.9046068346432424
brown_0.05,2,1,6.0,u400,-1065.0037841796875,2556.920654296875,772971,1038240,0.7445012713823393
brown_0.05,2,1,6.0,u500,-3918.634765625,587.3438110351562,900131,1038240,0.8669777700724303
brown_0.05,2,1,6.0,u600,-2650.873779296875,787.9700317382812,828443,1038240,0.7979301510248112
brown_0.05,2,1,6.0,u700,-442.6957702636719,2262.38134765625,657946,1038240,0.6337128216982586
brown_0.05,2,1,6.0,u850,-258.7776794433594,1954.73876953125,914789,1038240,0.8810958930497765
brown_0.05,2,1,6.0,u925,-382.5346984863281,1880.3621826171875,792742,1038240,0.7635440745877639
brown_0.05,2,1,6.0,u1000,-1555.3819580078125,1257.222412109375,901905,1038240,0.8686864308830329
brown_0.05,2,1,6.0,v50,-678.9037475585938,1044.00830078125,572643,1038240,0.5515516643550624
brown_0.05,2,1,6.0,v100,-1071.8026123046875,1871.6571044921875,467833,1038240,0.45060198027431037
brown_0.05,2,1,6.0,v150,-3722.4150390625,7388.71826171875,996161,1038240,0.9594708352596703
brown_0.05,2,1,6.0,v200,-2737.31005859375,1991.43212890625,928372,1038240,0.894178609955309
brown_0.05,2,1,6.0,v250,-699.9057006835938,4935.9150390625,990703,1038240,0.9542138619201725
brown_0.05,2,1,6.0,v300,-310.1915283203125,2000.8858642578125,829781,1038240,0.7992188703960549
brown_0.05,2,1,6.0,v400,-1684.939453125,1149.564453125,791307,1038240,0.7621619278779473
brown_0.05,2,1,6.0,v500,-647.8153686523438,700.3558349609375,340070,1038240,0.3275446910155648
brown_0.05,2,1,6.0,v600,-968.3084106445312,1076.4757080078125,860769,1038240,0.8290655339805825
brown_0.05,2,1,6.0,v700,-3040.49267578125,959.0867309570312,836114,1038240,0.805318616119587
brown_0.05,2,1,6.0,v850,-658.1160888671875,1356.5245361328125,863378,1038240,0.8315784404376637
brown_0.05,2,1,6.0,v925,-918.1785278320312,1786.3966064453125,853700,1038240,0.8222568962860225
brown_0.05,2,1,6.0,v1000,-444.4295349121094,2478.646240234375,602850,1038240,0.5806460933888118
brown_0.05,2,1,6.0,z50,-534814.125,1220825.5,946570,1038240,0.9117063492063492
brown_0.05,2,1,6.0,z100,-268125.9375,748121.4375,898373,1038240,0.8652845199568501
brown_0.05,2,1,6.0,z150,-14978.3125,1035817.375,818356,1038240,0.7882146709816613
brown_0.05,2,1,6.0,z200,-33209.0859375,427014.40625,844290,1038240,0.8131934812760055
brown_0.05,2,1,6.0,z250,30020.078125,584123.3125,829202,1038240,0.7986611958699338
brown_0.05,2,1,6.0,z300,37312.76171875,555688.75,619666,1038240,0.5968427338572969
brown_0.05,2,1,6.0,z400,47992.9765625,228660.828125,644030,1038240,0.6203093697025736
brown_0.05,2,1,6.0,z500,11779.51953125,212166.21875,447129,1038240,0.4306605409153953
brown_0.05,2,1,6.0,z600,16019.302734375,170889.15625,473351,1038240,0.4559167437201418
brown_0.05,2,1,6.0,z700,-16946.568359375,156819.84375,422273,1038240,0.40672002619818154
brown_0.05,2,1,6.0,z850,-886.1455078125,136978.8125,401584,1038240,0.3867930343658499
brown_0.05,2,1,6.0,z925,-38838.43359375,134625.984375,421728,1038240,0.4061950993989829
brown_0.05,2,1,6.0,z1000,-50251.48046875,137073.265625,253573,1038240,0.24423351055632608
brown_0.05,2,1,6.0,t50,-3187.107421875,2480.35595703125,956737,1038240,0.9214988827246109
brown_0.05,2,1,6.0,t100,-4801.14404296875,4076.015380859375,1010199,1038240,0.9729917938049006
brown_0.05,2,1,6.0,t150,-3251.579345703125,3131.23681640625,960507,1038240,0.925130027739251
brown_0.05,2,1,6.0,t200,-787.121337890625,1634.2193603515625,810690,1038240,0.78083102172908
brown_0.05,2,1,6.0,t250,-960.93115234375,1879.16259765625,899238,1038240,0.8661176606564956
brown_0.05,2,1,6.0,t300,-352.18780517578125,2374.2275390625,823770,1038240,0.7934292649098474
brown_0.05,2,1,6.0,t400,-209.0669708251953,1524.1148681640625,845757,1038240,0.8146064493758669
brown_0.05,2,1,6.0,t500,-267.963623046875,1274.26123046875,665072,1038240,0.6405763599938358
brown_0.05,2,1,6.0,t600,-1168.1376953125,1519.1031494140625,901656,1038240,0.8684466019417476
brown_0.05,2,1,6.0,t700,-842.8836669921875,360.1593322753906,791185,1038240,0.7620444213284019
brown_0.05,2,1,6.0,t850,-1909.5653076171875,1205.4940185546875,888042,1038240,0.8553340268146093
brown_0.05,2,1,6.0,t925,-3031.7353515625,702.3711547851562,883451,1038240,0.8509121205116351
brown_0.05,2,1,6.0,t1000,-2624.336181640625,534.5855712890625,934058,1038240,0.899655185698875
brown_0.05,2,1,6.0,q50,-0.08110000938177109,0.08411560207605362,627069,1038240,0.6039730698104484
brown_0.05,2,1,6.0,q100,-0.0793578177690506,0.056506913155317307,535743,1038240,0.516010748959778
brown_0.05,2,1,6.0,q150,-0.05354779213666916,0.051748163998126984,484510,1038240,0.4666647403297889
brown_0.05,2,1,6.0,q200,-0.017111849039793015,0.07492833584547043,166177,1038240,0.16005644167051933
brown_0.05,2,1,6.0,q250,-0.05608036369085312,0.16120456159114838,611386,1038240,0.5888676991832331
brown_0.05,2,1,6.0,q300,-0.09545111656188965,0.4939669966697693,734572,1038240,0.707516566497149
brown_0.05,2,1,6.0,q400,-0.15747378766536713,0.7884528040885925,947245,1038240,0.9123564879026044
brown_0.05,2,1,6.0,q500,-0.10564331710338593,0.738188624382019,892557,1038240,0.8596827323162275
brown_0.05,2,1,6.0,q600,-0.16733667254447937,1.2923389673233032,1005615,1038240,0.9685766296809986
brown_0.05,2,1,6.0,q700,-0.2206667959690094,1.4733918905258179,995907,1038240,0.9592261904761905
brown_0.05,2,1,6.0,q850,-0.21425577998161316,3.204814910888672,1019845,1038240,0.9822825165664971
brown_0.05,2,1,6.0,q925,-0.32561832666397095,2.693694591522217,1008837,1038240,0.9716799583911234
brown_0.05,2,1,6.0,q1000,-0.20189325511455536,2.0396435260772705,1015232,1038240,0.9778394205578672
brown_0.05,2,2,12.0,u10m,-1437.5906982421875,1865.4339599609375,958102,1038240,0.9228136076437047
brown_0.05,2,2,12.0,v10m,-710.7036743164062,2523.51708984375,708385,1038240,0.6822940745877639
brown_0.05,2,2,12.0,u100m,-1686.147216796875,2563.444091796875,974265,1038240,0.9383812991215904
brown_0.05,2,2,12.0,v100m,-679.9888305664062,2825.215087890625,917864,1038240,0.8840576359993836
brown_0.05,2,2,12.0,t2m,-4480.30322265625,579.1614990234375,967163,1038240,0.9315408768685468
brown_0.05,2,2,12.0,sp,-694395.0,1001181.375,969360,1038240,0.9336569579288025
brown_0.05,2,2,12.0,msl,-99920.109375,587814.8125,950778,1038240,0.9157593619972261
brown_0.05,2,2,12.0,tcwv,-904.2780151367188,26931.5859375,1031933,1038240,0.9939252966558791
brown_0.05,2,2,12.0,u50,-6224.89111328125,9147.2314453125,959615,1038240,0.9242708814917553
brown_0.05,2,2,12.0,u100,-1019.203125,8840.666015625,995868,1038240,0.9591886269070735
brown_0.05,2,2,12.0,u150,-1185.963623046875,14322.6630859375,1023573,1038240,0.9858732085067037
brown_0.05,2,2,12.0,u200,-291.3487548828125,6787.1259765625,1003157,1038240,0.9662091616581908
brown_0.05,2,2,12.0,u250,-11882.2841796875,2887.69091796875,999466,1038240,0.9626541069502235
brown_0.05,2,2,12.0,u300,-9424.462890625,2665.56591796875,992071,1038240,0.9555314763445831
brown_0.05,2,2,12.0,u400,-2898.177001953125,3130.174072265625,985216,1038240,0.948928956695947
brown_0.05,2,2,12.0,u500,-5033.8349609375,934.8748779296875,701672,1038240,0.675828324857451
brown_0.05,2,2,12.0,u600,-4156.951171875,955.8062133789062,924385,1038240,0.8903384573894283
brown_0.05,2,2,12.0,u700,-715.3230590820312,2960.158935546875,813256,1038240,0.7833025119432886
brown_0.05,2,2,12.0,u850,-288.08929443359375,3369.255615234375,903010,1038240,0.8697507320080136
brown_0.05,2,2,12.0,u925,-704.6953735351562,2993.712890625,760653,1038240,0.732636962552011
brown_0.05,2,2,12.0,u1000,-2122.95556640625,1935.935791015625,941564,1038240,0.9068847280012329
brown_0.05,2,2,12.0,v50,-910.4493408203125,1327.7940673828125,672948,1038240,0.6481622746185853
brown_0.05,2,2,12.0,v100,-1706.6827392578125,2544.6044921875,828480,1038240,0.7979657882570504
brown_0.05,2,2,12.0,v150,-4732.875,9362.3193359375,1004641,1038240,0.9676385036215134
brown_0.05,2,2,12.0,v200,-3359.31103515625,2664.476318359375,955314,1038240,0.920128294036061
brown_0.05,2,2,12.0,v250,-1012.9658203125,4614.5361328125,972750,1038240,0.936922098936662
brown_0.05,2,2,12.0,v300,-574.2026977539062,2313.713134765625,899079,1038240,0.8659645168747111
brown_0.05,2,2,12.0,v400,-1742.5787353515625,1231.8951416015625,798477,1038240,0.7690678455848359
brown_0.05,2,2,12.0,v500,-826.9425659179688,718.3599243164062,475348,1038240,0.45784019109261825
brown_0.05,2,2,12.0,v600,-1034.847900390625,1134.8477783203125,880269,1038240,0.8478473185390661
brown_0.05,2,2,12.0,v700,-3062.34716796875,1319.27880859375,873070,1038240,0.8409134689474496
brown_0.05,2,2,12.0,v850,-678.0894775390625,1896.2088623046875,923621,1038240,0.8896025967021113
brown_0.05,2,2,12.0,v925,-908.5274047851562,2420.905029296875,938119,1038240,0.9035666127292341
brown_0.05,2,2,12.0,v1000,-444.0754699707031,3028.127197265625,813470,1038240,0.7835086299892126
brown_0.05,2,2,12.0,z50,-1039323.125,1967172.125,986311,1038240,0.9499836261365388
brown_0.05,2,2,12.0,z100,-340068.5,1117273.375,976937,1038240,0.9409548851903221
brown_0.05,2,2,12.0,z150,17634.8984375,1639951.875,536061,1038240,0.5163170365233472
brown_0.05,2,2,12.0,z200,-59016.1015625,790765.6875,935505,1038240,0.9010488904299584
brown_0.05,2,2,12.0,z250,32495.46875,1102058.125,904379,1038240,0.871069309600863
brown_0.05,2,2,12.0,z300,28724.61328125,966443.25,898734,1038240,0.8656322237632917
brown_0.05,2,2,12.0,z400,47922.359375,467489.25,881660,1038240,0.8491870858375713
brown_0.05,2,2,12.0,z500,-1872.97265625,364445.0625,781542,1038240,0.7527565880721221
brown_0.05,2,2,12.0,z600,4969.05078125,299252.9375,773607,1038240,0.7451138465094775
brown_0.05,2,2,12.0,z700,-41823.875,265470.3125,741998,1038240,0.7146690553243952
brown_0.05,2,2,12.0,z850,-30574.375,190802.3125,675493,1038240,0.6506135382955771
brown_0.05,2,2,12.0,z925,-90941.734375,232164.71875,683603,1038240,0.6584248343350285
brown_0.05,2,2,12.0,z1000,-113193.46875,252298.3125,593709,1038240,0.5718417706888581
brown_0.05,2,2,12.0,t50,-5999.90283203125,4665.0869140625,998661,1038240,0.9618787563569117
brown_0.05,2,2,12.0,t100,-8895.8837890625,7215.43017578125,1022868,1038240,0.9851941747572815
brown_0.05,2,2,12.0,t150,-5257.611328125,5080.498046875,980941,1038240,0.9448114116196641
brown_0.05,2,2,12.0,t200,-1457.99169921875,2473.40576171875,898386,1038240,0.8652970411465557
brown_0.05,2,2,12.0,t250,-1311.0289306640625,2683.591064453125,814911,1038240,0.7848965557096625
brown_0.05,2,2,12.0,t300,-875.4112548828125,4521.79443359375,929834,1038240,0.8955867622129758
brown_0.05,2,2,12.0,t400,-554.4320068359375,2931.58154296875,729233,1038240,0.7023742102018801
brown_0.05,2,2,12.0,t500,-651.5076904296875,1826.645751953125,914092,1038240,0.8804245646478657
brown_0.05,2,2,12.0,t600,-1348.4527587890625,2184.069580078125,944710,1038240,0.9099148559100015
brown_0.05,2,2,12.0,t700,-1142.5487060546875,415.1859130859375,884457,1038240,0.851881067961165
brown_0.05,2,2,12.0,t850,-2415.00927734375,1409.9744873046875,918532,1038240,0.8847010325165665
brown_0.05,2,2,12.0,t925,-4770.4306640625,867.8700561523438,970880,1038240,0.9351209739559254
brown_0.05,2,2,12.0,t1000,-4379.08984375,491.483154296875,971363,1038240,0.9355861843119124
brown_0.05,2,2,12.0,q50,-0.07970256358385086,0.08262667804956436,623426,1038240,0.6004642471875482
brown_0.05,2,2,12.0,q100,-0.07189071923494339,0.050819121301174164,534431,1038240,0.5147470719679458
brown_0.05,2,2,12.0,q150,-0.0447094552218914,0.04027509316802025,428683,1038240,0.4128939358915087
brown_0.05,2,2,12.0,q200,-0.013219781219959259,0.09397098422050476,305471,1038240,0.29422002619818155
brown_0.05,2,2,12.0,q250,-0.03992273658514023,0.24527786672115326,592740,1038240,0.5709084604715673
brown_0.05,2,2,12.0,q300,-0.06588389724493027,0.7364334464073181,816662,1038240,0.7865830636461705
brown_0.05,2,2,12.0,q400,-0.12212704122066498,1.3655714988708496,969631,1038240,0.9339179765757436
brown_0.05,2,2,12.0,q500,-0.12238499522209167,1.665015459060669,962055,1038240,0.9266210124826629
brown_0.05,2,2,12.0,q600,-0.16694337129592896,2.91499400138855,1023079,1038240,0.9853974032978887
brown_0.05,2,2,12.0,q700,-0.3209865093231201,3.23602557182312,1013175,1038240,0.9758581830790569
brown_0.05,2,2,12.0,q850,-0.3019053637981415,5.536894798278809,1028023,1038240,0.9901593080597935
brown_0.05,2,2,12.0,q925,-0.4141566753387451,5.868183135986328,1025327,1038240,0.9875626059485283
brown_0.05,2,2,12.0,q1000,-0.2877925634384155,4.132099151611328,1027979,1038240,0.990116928648482
brown_0.05,2,3,18.0,u10m,-1790.5028076171875,2234.357177734375,982052,1038240,0.9458814917552781
brown_0.05,2,3,18.0,v10m,-707.9075317382812,2596.183349609375,653121,1038240,0.6290655339805825
brown_0.05,2,3,18.0,u100m,-2161.355224609375,3021.44970703125,997320,1038240,0.9605871474803513
brown_0.05,2,3,18.0,v100m,-681.5881958007812,2973.1630859375,944713,1038240,0.9099177454153182
brown_0.05,2,3,18.0,t2m,-5128.90185546875,846.9448852539062,881418,1038240,0.8489539990753583
brown_0.05,2,3,18.0,sp,-971602.625,1275180.25,986407,1038240,0.9500760903066728
brown_0.05,2,3,18.0,msl,-240092.796875,756337.4375,997377,1038240,0.9606420480813684
brown_0.05,2,3,18.0,tcwv,-948.8087768554688,35861.2890625,1034394,1038240,0.9962956541840037
brown_0.05,2,3,18.0,u50,-7891.171875,11510.3974609375,974034,1038240,0.9381588072122052
brown_0.05,2,3,18.0,u100,-897.5882568359375,12455.7158203125,984849,1038240,0.948575473878872
brown_0.05,2,3,18.0,u150,-1281.761962890625,18343.55859375,1025631,1038240,0.9878554091539529
brown_0.05,2,3,18.0,u200,-661.5592041015625,6306.4384765625,996773,1038240,0.960060294344275
brown_0.05,2,3,18.0,u250,-13820.8359375,3826.440185546875,1022027,1038240,0.9843841501001696
brown_0.05,2,3,18.0,u300,-10810.9248046875,3006.97802734375,1018570,1038240,0.9810544768069039
brown_0.05,2,3,18.0,u400,-3622.296142578125,3530.1357421875,1004641,1038240,0.9676385036215134
brown_0.05,2,3,18.0,u500,-5840.61962890625,1283.7943115234375,960957,1038240,0.9255634535367545
brown_0.05,2,3,18.0,u600,-4995.2041015625,1177.4432373046875,983407,1038240,0.9471865849899831
brown_0.05,2,3,18.0,u700,-1080.5274658203125,3291.40087890625,916217,1038240,0.8824712975805209
brown_0.05,2,3,18.0,u850,-390.80010986328125,4095.240478515625,586452,1038240,0.5648520573277854
brown_0.05,2,3,18.0,u925,-1249.2032470703125,3597.9658203125,886235,1038240,0.8535935814455232
brown_0.05,2,3,18.0,u1000,-2504.22607421875,2359.074951171875,960315,1038240,0.9249450993989828
brown_0.05,2,3,18.0,v50,-960.1475830078125,1325.6142578125,710576,1038240,0.6844043766373863
brown_0.05,2,3,18.0,v100,-1995.3846435546875,2660.024658203125,892468,1038240,0.8595970103251657
brown_0.05,2,3,18.0,v150,-4903.140625,10004.00390625,1013588,1038240,0.9762559716443212
brown_0.05,2,3,18.0,v200,-3410.02294921875,3358.07763671875,960274,1038240,0.9249056094929882
brown_0.05,2,3,18.0,v250,-1088.2066650390625,4779.90869140625,978771,1038240,0.9427213361072584
brown_0.05,2,3,18.0,v300,-919.64111328125,2807.42626953125,920628,1038240,0.8867198335644938
brown_0.05,2,3,18.0,v400,-1546.615966796875,1374.3856201171875,731016,1038240,0.7040915395284327
brown_0.05,2,3,18.0,v500,-865.5783081054688,720.0606689453125,658118,1038240,0.6338784866697488
brown_0.05,2,3,18.0,v600,-921.8491821289062,1240.6304931640625,868723,1038240,0.836726575743566
brown_0.05,2,3,18.0,v700,-2904.45751953125,1512.0526123046875,881972,1038240,0.849487594390507
brown_0.05,2,3,18.0,v850,-610.73486328125,2123.30224609375,931787,1038240,0.8974678301741409
brown_0.05,2,3,18.0,v925,-805.5363159179688,2914.1650390625,953459,1038240,0.9183416165819078
brown_0.05,2,3,18.0,v1000,-417.94390869140625,3268.2626953125,869289,1038240,0.8372717290799815
brown_0.05,2,3,18.0,z50,-1425376.5,2528638.5,1001307,1038240,0.9644273000462321
brown_0.05,2,3,18.0,z100,-282839.3125,1405519.125,990038,1038240,0.9535733549083064
brown_0.05,2,3,18.0,z150,63242.828125,2202786.75,856308,1038240,0.8247688395746648
brown_0.05,2,3,18.0,z200,-60411.5390625,1271570.875,967909,1038240,0.9322594005239636
brown_0.05,2,3,18.0,z250,42239.5546875,1625177.875,935938,1038240,0.9014659423640006
brown_0.05,2,3,18.0,z300,36153.59375,1380603.75,953569,1038240,0.9184475651101864
brown_0.05,2,3,18.0,z400,47664.03125,732010.75,939628,1038240,0.905020033903529
brown_0.05,2,3,18.0,z500,-10419.96875,530694.9375,878824,1038240,0.8464555401448606
brown_0.05,2,3,18.0,z600,-11661.875,425470.0,852651,1038240,0.82124653259362
brown_0.05,2,3,18.0,z700,-67172.8203125,364868.84375,850656,1038240,0.8193250115580213
brown_0.05,2,3,18.0,z850,-78025.6484375,246764.4375,764194,1038240,0.7360475419941439
brown_0.05,2,3,18.0,z925,-158083.65625,323596.125,731547,1038240,0.7046029819694868
brown_0.05,2,3,18.0,z1000,-192925.296875,353543.96875,704105,1038240,0.6781717136692865
brown_0.05,2,3,18.0,t50,-8290.16796875,6643.26953125,1013317,1038240,0.9759949529973801
brown_0.05,2,3,18.0,t100,-12033.64453125,9803.341796875,1025534,1038240,0.9877619818153799
brown_0.05,2,3,18.0,t150,-6477.75830078125,6442.83642578125,996960,1038240,0.9602404068423486
brown_0.05,2,3,18.0,t200,-2013.8631591796875,3096.439697265625,917237,1038240,0.8834537293881954
brown_0.05,2,3,18.0,t250,-1383.479248046875,3039.149169921875,920853,1038240,0.8869365464632455
brown_0.05,2,3,18.0,t300,-1269.234619140625,6568.20654296875,962900,1038240,0.9274348898135306
brown_0.05,2,3,18.0,t400,-910.2210693359375,4456.2578125,934600,1038240,0.9001772229927569
brown_0.05,2,3,18.0,t500,-923.58740234375,2329.229736328125,960937,1038240,0.9255441901679766
brown_0.05,2,3,18.0,t600,-1244.997802734375,2527.693603515625,943966,1038240,0.9091982585914625
brown_0.05,2,3,18.0,t700,-861.4703369140625,552.373779296875,897641,1038240,0.8645794806595778
brown_0.05,2,3,18.0,t850,-2247.1484375,1418.8759765625,907450,1038240,0.8740271998767144
brown_0.05,2,3,18.0,t925,-4923.72900390625,907.3946533203125,990864,1038240,0.954368932038835
brown_0.05,2,3,18.0,t1000,-4856.51171875,450.77459716796875,983529,1038240,0.9473040915395284
brown_0.05,2,3,18.0,q50,-0.07834962010383606,0.08113689720630646,620021,1038240,0.5971846586531052
brown_0.05,2,3,18.0,q100,-0.0650830939412117,0.04567018151283264,533609,1038240,0.5139553475111728
brown_0.05,2,3,18.0,q150,-0.038566987961530685,0.04350224509835243,397096,1038240,0.382470334412082
brown_0.05,2,3,18.0,q200,-0.013477296568453312,0.10738928616046906,371267,1038240,0.35759265680382185
brown_0.05,2,3,18.0,q250,-0.030276546254754066,0.30107927322387695,698555,1038240,0.6728261288334104
brown_0.05,2,3,18.0,q300,-0.0403175875544548,0.8710352778434753,849019,1038240,0.8177483048235475
brown_0.05,2,3,18.0,q400,-0.08051463216543198,1.7816905975341797,936221,1038240,0.9017385190322084
brown_0.05,2,3,18.0,q500,-0.1234515979886055,2.4665842056274414,987731,1038240,0.951351325319772
brown_0.05,2,3,18.0,q600,-0.1527850478887558,4.373062610626221,1029697,1038240,0.9917716520265064
brown_0.05,2,3,18.0,q700,-0.3396950364112854,4.759457111358643,1017761,1038240,0.9802752735398367
brown_0.05,2,3,18.0,q850,-0.34477993845939636,7.068973064422607,1031511,1038240,0.9935188395746648
brown_0.05,2,3,18.0,q925,-0.4293344020843506,7.775236129760742,1030042,1038240,0.9921039451379258
brown_0.05,2,3,18.0,q1000,-0.30432432889938354,5.702731132507324,1031361,1038240,0.9933743643088303
brown_0.05,2,4,24.0,u10m,-2084.42822265625,2462.97509765625,997559,1038240,0.9608173447372477
brown_0.05,2,4,24.0,v10m,-675.1429443359375,2730.37841796875,761180,1038240,0.7331445523193096
brown_0.05,2,4,24.0,u100m,-2415.169189453125,3247.48046875,1004451,1038240,0.967455501618123
brown_0.05,2,4,24.0,v100m,-677.0755004882812,3108.080322265625,954846,1038240,0.9196775312066574
brown_0.05,2,4,24.0,t2m,-5301.7041015625,1482.875732421875,987126,1038240,0.9507686084142395
brown_0.05,2,4,24.0,sp,-1181771.75,1501367.625,994134,1038240,0.9575184928340268
brown_0.05,2,4,24.0,msl,-407959.0,880135.875,1013423,1038240,0.9760970488519032
brown_0.05,2,4,24.0,tcwv,-901.640869140625,42521.12890625,1036332,1038240,0.9981622746185853
brown_0.05,2,4,24.0,u50,-8813.5634765625,12987.595703125,983803,1038240,0.9475679996917861
brown_0.05,2,4,24.0,u100,-1590.1004638671875,15192.6455078125,916946,1038240,0.8831734473724765
brown_0.05,2,4,24.0,u150,-1612.49267578125,21041.1171875,1025045,1038240,0.9872909924487594
brown_0.05,2,4,24.0,u200,-3230.862548828125,7923.99072265625,968705,1038240,0.9330260826013254
brown_0.05,2,4,24.0,u250,-15570.326171875,4723.69384765625,1024946,1038240,0.9871956387733086
brown_0.05,2,4,24.0,u300,-11769.732421875,3230.677001953125,1023886,1038240,0.9861746802280783
brown_0.05,2,4,24.0,u400,-4269.3291015625,4041.26416015625,1011525,1038240,0.9742689551548774
brown_0.05,2,4,24.0,u500,-6523.4150390625,1839.98095703125,998048,1038240,0.961288334103868
brown_0.05,2,4,24.0,u600,-5582.94873046875,1536.6458740234375,999928,1038240,0.9630990907689937
brown_0.05,2,4,24.0,u700,-1524.2947998046875,3572.31298828125,959177,1038240,0.9238490137155185
brown_0.05,2,4,24.0,u850,-616.75,4554.78955078125,816632,1038240,0.7865541685930035
brown_0.05,2,4,24.0,u925,-1711.5267333984375,3918.14697265625,938971,1038240,0.9043872322391739
brown_0.05,2,4,24.0,u1000,-2767.374755859375,2613.49267578125,972762,1038240,0.9369336569579289
brown_0.05,2,4,24.0,v50,-911.5542602539062,1196.1170654296875,646293,1038240,0.6224890198797965
brown_0.05,2,4,24.0,v100,-2141.253662109375,2580.47802734375,920163,1038240,0.8862719602404069
brown_0.05,2,4,24.0,v150,-4703.31640625,10006.5380859375,1011830,1038240,0.9745627215287409
brown_0.05,2,4,24.0,v200,-3309.8037109375,4073.788818359375,970041,1038240,0.9343128756356912
brown_0.05,2,4,24.0,v250,-1085.5423583984375,5316.69384765625,973084,1038240,0.9372437971952535
brown_0.05,2,4,24.0,v300,-1055.564208984375,2955.24560546875,925331,1038240,0.8912496147326244
brown_0.05,2,4,24.0,v400,-1368.7196044921875,1354.75341796875,690641,1038240,0.6652036138079828
brown_0.05,2,4,24.0,v500,-810.7576293945312,817.9139404296875,719084,1038240,0.6925990137155186
brown_0.05,2,4,24.0,v600,-803.3046875,1342.8436279296875,857897,1038240,0.8262993142240715
brown_0.05,2,4,24.0,v700,-2773.474609375,1635.5240478515625,881216,1038240,0.8487594390507012
brown_0.05,2,4,24.0,v850,-569.3214111328125,2273.940185546875,930524,1038240,0.8962513484358144
brown_0.05,2,4,24.0,v925,-686.7305908203125,3252.861572265625,960590,1038240,0.9252099707196795
brown_0.05,2,4,24.0,v1000,-371.4262390136719,3410.75830078125,895990,1038240,0.8629892895669594
brown_0.05,2,4,24.0,z50,-1739669.875,2973606.0,1008490,1038240,0.9713457389428263
brown_0.05,2,4,24.0,z100,-165526.546875,1734844.25,994049,1038240,0.9574366235167207
brown_0.05,2,4,24.0,z150,107574.234375,2759637.0,992069,1038240,0.9555295500077053
brown_0.05,2,4,24.0,z200,-58536.5390625,1793467.875,979654,1038240,0.9435718138388042
brown_0.05,2,4,24.0,z250,12683.8515625,2136772.25,958167,1038240,0.922876213592233
brown_0.05,2,4,24.0,z300,46595.84765625,1791032.875,974803,1038240,0.9388994837417167
brown_0.05,2,4,24.0,z400,49779.3515625,1003220.4375,968922,1038240,0.9332350901525659
brown_0.05,2,4,24.0,z500,-15173.171875,701936.25,934393,1038240,0.8999778471259053
brown_0.05,2,4,24.0,z600,-26129.68359375,541984.9375,903255,1038240,0.8699867082755433
brown_0.05,2,4,24.0,z700,-86038.3046875,433729.28125,892992,1038240,0.8601017105871475
brown_0.05,2,4,24.0,z850,-132819.96875,328956.3125,803671,1038240,0.7740705424564648
brown_0.05,2,4,24.0,z925,-232097.9375,408163.8125,757726,1038240,0.7298177685313607
brown_0.05,2,4,24.0,z1000,-288156.84375,444704.4375,844908,1038240,0.8137887193712436
brown_0.05,2,4,24.0,t50,-10156.55859375,8368.7412109375,1016671,1038240,0.9792254199414394
brown_0.05,2,4,24.0,t100,-14372.6376953125,11907.5419921875,1024547,1038240,0.986811334566189
brown_0.05,2,4,24.0,t150,-7311.091796875,7399.47705078125,1007894,1038240,0.970771690553244
brown_0.05,2,4,24.0,t200,-2217.743408203125,3693.132080078125,882318,1038240,0.8498208506703653
brown_0.05,2,4,24.0,t250,-1330.8095703125,3258.107666015625,984696,1038240,0.9484281091077208
brown_0.05,2,4,24.0,t300,-1600.735107421875,8437.8623046875,991936,1038240,0.955401448605332
brown_0.05,2,4,24.0,t400,-1227.8619384765625,6013.72802734375,978484,1038240,0.9424449067652951
brown_0.05,2,4,24.0,t500,-1111.8150634765625,3384.21142578125,978618,1038240,0.9425739713361072
brown_0.05,2,4,24.0,t600,-1387.1514892578125,2737.295166015625,906895,1038240,0.8734926413931269
brown_0.05,2,4,24.0,t700,-433.30169677734375,700.255126953125,613159,1038240,0.5905753968253968
brown_0.05,2,4,24.0,t850,-1823.7303466796875,1354.144775390625,792605,1038240,0.7634121205116351
brown_0.05,2,4,24.0,t925,-4251.2822265625,815.43408203125,993591,1038240,0.956995492371706
brown_0.05,2,4,24.0,t1000,-4470.1025390625,436.48236083984375,994330,1038240,0.9577072738480505
brown_0.05,2,4,24.0,q50,-0.0769968330860138,0.07969237864017487,616978,1038240,0.5942537370935429
brown_0.05,2,4,24.0,q100,-0.05888765677809715,0.04105338826775551,533252,1038240,0.5136114963784867
brown_0.05,2,4,24.0,q150,-0.03446977958083153,0.04849337786436081,375053,1038240,0.36123921251348434
brown_0.05,2,4,24.0,q200,-0.01277482695877552,0.11716846376657486,426706,1038240,0.4109897518878101
brown_0.05,2,4,24.0,q250,-0.027937695384025574,0.3396773338317871,732664,1038240,0.7056788411157343
brown_0.05,2,4,24.0,q300,-0.01854163408279419,0.962432861328125,820874,1038240,0.7906399291108029
brown_0.05,2,4,24.0,q400,-0.05364271625876427,2.0653977394104004,954144,1038240,0.919001386962552
brown_0.05,2,4,24.0,q500,-0.12369833141565323,3.0299878120422363,1011995,1038240,0.9747216443211589
brown_0.05,2,4,24.0,q600,-0.14410661160945892,5.369049072265625,1030286,1038240,0.9923389582370165
brown_0.05,2,4,24.0,q700,-0.31782761216163635,5.816487789154053,1021867,1038240,0.9842300431499461
brown_0.05,2,4,24.0,q850,-0.3367335796356201,8.145402908325195,1032071,1038240,0.9940582139004469
brown_0.05,2,4,24.0,q925,-0.4145805537700653,9.002488136291504,1030411,1038240,0.9924593542918786
brown_0.05,2,4,24.0,q1000,-0.3089105188846588,7.032139778137207,1033048,1038240,0.9949992294652489
brown_0.05,2,5,30.0,u10m,-2299.23388671875,2628.3583984375,1004073,1038240,0.9670914239482201
brown_0.05,2,5,30.0,v10m,-635.2883911132812,2848.85009765625,865410,1038240,0.8335355987055016
brown_0.05,2,5,30.0,u100m,-2556.025146484375,3370.10595703125,1007472,1038240,0.9703652334720296
brown_0.05,2,5,30.0,v100m,-660.6557006835938,3176.5087890625,960700,1038240,0.9253159192479581
brown_0.05,2,5,30.0,t2m,-5274.60546875,2194.93896484375,1001362,1038240,0.9644802743103714
brown_0.05,2,5,30.0,sp,-1341079.875,1657638.625,998129,1038240,0.9613663507474187
brown_0.05,2,5,30.0,msl,-567636.625,964505.1875,1023036,1038240,0.9853559870550161
brown_0.05,2,5,30.0,tcwv,-801.0253295898438,47581.0859375,1036868,1038240,0.9986785329018338
brown_0.05,2,5,30.0,u50,-9368.615234375,13733.1416015625,993818,1038240,0.9572141316073355
brown_0.05,2,5,30.0,u100,-2320.6962890625,17153.578125,853044,1038240,0.8216250577901063
brown_0.05,2,5,30.0,u150,-1959.148193359375,22819.880859375,1023815,1038240,0.9861062952689166
brown_0.05,2,5,30.0,u200,-6121.88671875,8810.7099609375,1014945,1038240,0.9775629912159038
brown_0.05,2,5,30.0,u250,-17497.85546875,5355.869140625,1027729,1038240,0.989876136538758
brown_0.05,2,5,30.0,u300,-12636.2841796875,3666.421142578125,1025047,1038240,0.9872929187856372
brown_0.05,2,5,30.0,u400,-4867.63818359375,4493.2705078125,1014730,1038240,0.9773559100015411
brown_0.05,2,5,30.0,u500,-7150.6396484375,2372.349853515625,1006684,1038240,0.969606256742179
brown_0.05,2,5,30.0,u600,-6121.31640625,1958.66162109375,1006454,1038240,0.9693847280012329
brown_0.05,2,5,30.0,u700,-1907.248779296875,3855.19677734375,980577,1038240,0.9444608183079057
brown_0.05,2,5,30.0,u850,-933.8482055664062,4876.720703125,911952,1038240,0.8783633841886269
brown_0.05,2,5,30.0,u925,-2029.7806396484375,4109.89111328125,955113,1038240,0.9199346971798428
brown_0.05,2,5,30.0,u1000,-3004.75732421875,2799.325927734375,982052,1038240,0.9458814917552781
brown_0.05,2,5,30.0,v50,-821.8681640625,1094.580078125,578442,1038240,0.5571370781322238
brown_0.05,2,5,30.0,v100,-2231.117431640625,2434.6376953125,932636,1038240,0.898285560178764
brown_0.05,2,5,30.0,v150,-4496.62890625,10013.0888671875,1010570,1038240,0.9733491292957313
brown_0.05,2,5,30.0,v200,-3159.590087890625,4900.064453125,966337,1038240,0.9307452997380182
brown_0.05,2,5,30.0,v250,-1081.6466064453125,5587.599609375,972431,1038240,0.936614848204654
brown_0.05,2,5,30.0,v300,-1119.0771484375,2896.390380859375,925357,1038240,0.8912746571120358
brown_0.05,2,5,30.0,v400,-1304.53955078125,1265.4404296875,676851,1038240,0.6519215210355987
brown_0.05,2,5,30.0,v500,-763.1421508789062,930.0585327148438,733044,1038240,0.706044845122515
brown_0.05,2,5,30.0,v600,-767.614501953125,1393.2767333984375,854195,1038240,0.8227336646632764
brown_0.05,2,5,30.0,v700,-2710.945556640625,1733.4788818359375,881019,1038240,0.8485696948682385
brown_0.05,2,5,30.0,v850,-528.5020751953125,2356.4697265625,931845,1038240,0.8975236939435969
brown_0.05,2,5,30.0,v925,-580.3951416015625,3487.836669921875,966926,1038240,0.9313126059485283
brown_0.05,2,5,30.0,v1000,-326.38397216796875,3517.505615234375,915755,1038240,0.8820263137617507
brown_0.05,2,5,30.0,z50,-1990659.5,3345007.5,1012944,1038240,0.9756356911696717
brown_0.05,2,5,30.0,z100,-25310.546875,2235780.75,1004057,1038240,0.9670760132531977
brown_0.05,2,5,30.0,z150,109561.609375,3313237.75,1016391,1038240,0.9789557327785483
brown_0.05,2,5,30.0,z200,-56376.4140625,2319511.0,985170,1038240,0.9488846509477578
brown_0.05,2,5,30.0,z250,-14130.8828125,2619892.0,976068,1038240,0.940117891816921
brown_0.05,2,5,30.0,z300,55555.296875,2188330.0,987455,1038240,0.9510854908306364
brown_0.05,2,5,30.0,z400,51534.58984375,1272183.375,986614,1038240,0.9502754661735244
brown_0.05,2,5,30.0,z500,-18607.234375,874214.0625,963668,1038240,0.9281746031746032
brown_0.05,2,5,30.0,z600,-38004.30859375,655304.625,937822,1038240,0.9032805517028818
brown_0.05,2,5,30.0,z700,-100851.0859375,488226.9375,915262,1038240,0.8815514717213746
brown_0.05,2,5,30.0,z850,-183309.40625,402399.4375,808742,1038240,0.7789547696101095
brown_0.05,2,5,30.0,z925,-309188.71875,482155.8125,852227,1038240,0.8208381491755278
brown_0.05,2,5,30.0,z1000,-399818.6875,521852.9375,904298,1038240,0.8709912929573124
brown_0.05,2,5,30.0,t50,-11663.650390625,9856.302734375,1018243,1038240,0.9807395207273848
brown_0.05,2,5,30.0,t100,-16149.9560546875,13587.1806640625,1027546,1038240,0.9896998767144398
brown_0.05,2,5,30.0,t150,-7884.68115234375,8031.76953125,1014205,1038240,0.9768502465711204
brown_0.05,2,5,30.0,t200,-1985.6641845703125,4137.46044921875,813002,1038240,0.783057867159809
brown_0.05,2,5,30.0,t250,-1226.303466796875,4484.3896484375,1000918,1038240,0.9640526275235013
brown_0.05,2,5,30.0,t300,-1852.3203125,9997.42578125,1001571,1038240,0.9646815765141008
brown_0.05,2,5,30.0,t400,-1478.5321044921875,7573.15234375,998359,1038240,0.9615878794883649
brown_0.05,2,5,30.0,t500,-1228.382568359375,4461.392578125,992012,1038240,0.9554746494066882
brown_0.05,2,5,30.0,t600,-1493.8978271484375,2913.46533203125,966275,1038240,0.9306855832948066
brown_0.05,2,5,30.0,t700,-455.32373046875,1214.796630859375,855486,1038240,0.8239771151178918
brown_0.05,2,5,30.0,t850,-1292.146240234375,1300.323486328125,814704,1038240,0.784697179842811
brown_0.05,2,5,30.0,t925,-3184.40625,684.193115234375,993740,1038240,0.9571390044691016
brown_0.05,2,5,30.0,t1000,-4129.501953125,439.03912353515625,999224,1038240,0.9624210201880105
brown_0.05,2,5,30.0,q50,-0.07568835467100143,0.07824801653623581,614336,1038240,0.5917090460779781
brown_0.05,2,5,30.0,q100,-0.05320116877555847,0.0383412204682827,533197,1038240,0.5135585221143474
brown_0.05,2,5,30.0,q150,-0.03249241039156914,0.051491156220436096,352022,1038240,0.33905648019725687
brown_0.05,2,5,30.0,q200,-0.01188050489872694,0.1266011744737625,465875,1038240,0.44871609647095084
brown_0.05,2,5,30.0,q250,-0.02736213617026806,0.3720201551914215,746578,1038240,0.7190803667745416
brown_0.05,2,5,30.0,q300,-0.0160018689930439,1.031115174293518,852998,1038240,0.821580752041917
brown_0.05,2,5,30.0,q400,-0.05368909612298012,2.272254467010498,987112,1038240,0.950755124056095
brown_0.05,2,5,30.0,q500,-0.12628406286239624,3.4110169410705566,1018715,1038240,0.981194136230544
brown_0.05,2,5,30.0,q600,-0.12394662201404572,5.952254772186279,1029605,1038240,0.9916830405301279
brown_0.05,2,5,30.0,q700,-0.2732180953025818,6.612888336181641,1027246,1038240,0.9894109261827708
brown_0.05,2,5,30.0,q850,-0.3014177978038788,9.051650047302246,1031746,1038240,0.9937451841578056
brown_0.05,2,5,30.0,q925,-0.37534305453300476,9.904984474182129,1029881,1038240,0.9919488750192633
brown_0.05,2,5,30.0,q1000,-0.29070624709129333,8.229269027709961,1033229,1038240,0.9951735629526892
brown_0.05,2,6,36.0,u10m,-2442.929931640625,2740.00146484375,1006573,1038240,0.9694993450454615
brown_0.05,2,6,36.0,v10m,-602.6361694335938,2928.496826171875,899384,1038240,0.8662582832485745
brown_0.05,2,6,36.0,u100m,-2635.1591796875,3429.104248046875,1007797,1038240,0.970678263214671
brown_0.05,2,6,36.0,v100m,-657.3402709960938,3205.450439453125,965115,1038240,0.9295683079056866
brown_0.05,2,6,36.0,t2m,-5164.201171875,3132.880126953125,1009289,1038240,0.9721153105255047
brown_0.05,2,6,36.0,sp,-1463750.75,1755849.125,1000597,1038240,0.9637434504546155
brown_0.05,2,6,36.0,msl,-710468.6875,1019159.25,1025782,1038240,0.9880008475882263
brown_0.05,2,6,36.0,tcwv,-646.8333129882812,51512.07421875,1037448,1038240,0.9992371705963939
brown_0.05,2,6,36.0,u50,-10131.119140625,13903.0263671875,997543,1038240,0.9608019340422254
brown_0.05,2,6,36.0,u100,-3043.26611328125,18451.953125,995370,1038240,0.958708969024503
brown_0.05,2,6,36.0,u150,-2249.449951171875,23922.083984375,1017366,1038240,0.9798948220064725
brown_0.05,2,6,36.0,u200,-8298.5654296875,9314.0400390625,1023062,1038240,0.9853810294344275
brown_0.05,2,6,36.0,u250,-19215.84765625,5696.3056640625,1029726,1038240,0.9917995839112344
brown_0.05,2,6,36.0,u300,-13539.435546875,4244.2998046875,1025859,1038240,0.9880750115580212
brown_0.05,2,6,36.0,u400,-5552.3818359375,4781.28125,1016414,1038240,0.978977885652643
brown_0.05,2,6,36.0,u500,-7801.70947265625,2834.99951171875,1011173,1038240,0.9739299198643859
brown_0.05,2,6,36.0,u600,-6677.51904296875,2253.1337890625,1009592,1038240,0.9724071505624904
brown_0.05,2,6,36.0,u700,-2293.04345703125,4082.009521484375,990172,1038240,0.9537024194791185
brown_0.05,2,6,36.0,u850,-1194.434814453125,5110.275390625,950354,1038240,0.915350978579134
brown_0.05,2,6,36.0,u925,-2293.671142578125,4236.82421875,965335,1038240,0.9297802049622438
brown_0.05,2,6,36.0,u1000,-3154.786865234375,2932.230712890625,990369,1038240,0.9538921636615811
brown_0.05,2,6,36.0,v50,-719.0924682617188,1036.8126220703125,569737,1038240,0.5487526968716289
brown_0.05,2,6,36.0,v100,-2301.154296875,2279.79736328125,940595,1038240,0.9059514177839421
brown_0.05,2,6,36.0,v150,-4360.7890625,10172.2734375,1010895,1038240,0.9736621590383726
brown_0.05,2,6,36.0,v200,-2914.279296875,5703.54443359375,959823,1038240,0.9244712205270458
brown_0.05,2,6,36.0,v250,-1061.4556884765625,5717.771484375,972639,1038240,0.9368151872399445
brown_0.05,2,6,36.0,v300,-1194.4520263671875,2731.797607421875,920317,1038240,0.886420288179997
brown_0.05,2,6,36.0,v400,-1250.4530029296875,1161.8682861328125,695851,1038240,0.670221721374634
brown_0.05,2,6,36.0,v500,-719.3124389648438,1007.8157348632812,726229,1038240,0.6994808522114347
brown_0.05,2,6,36.0,v600,-738.4823608398438,1411.83203125,855790,1038240,0.8242699183233164
brown_0.05,2,6,36.0,v700,-2664.31982421875,1791.3753662109375,880054,1038240,0.8476402373247034
brown_0.05,2,6,36.0,v850,-475.0283203125,2403.242919921875,937216,1038240,0.9026968716289104
brown_0.05,2,6,36.0,v925,-511.1979675292969,3646.3466796875,972520,1038240,0.9367005701957158
brown_0.05,2,6,36.0,v1000,-306.0342102050781,3569.305908203125,929105,1038240,0.8948846124210202
brown_0.05,2,6,36.0,z50,-2195102.25,3779468.75,1015809,1038240,0.9783951687471105
brown_0.05,2,6,36.0,z100,106855.5,2734821.25,1014617,1038240,0.9772470719679458
brown_0.05,2,6,36.0,z150,114853.8515625,3859743.75,1025079,1038240,0.9873237401756819
brown_0.05,2,6,36.0,z200,-52696.2421875,2846701.25,993153,1038240,0.9565736245954692
brown_0.05,2,6,36.0,z250,-32442.015625,3077859.0,989373,1038240,0.9529328478964402
brown_0.05,2,6,36.0,z300,57118.49609375,2564846.5,996766,1038240,0.9600535521652026
brown_0.05,2,6,36.0,z400,52909.1640625,1531385.875,996794,1038240,0.9600805208814918
brown_0.05,2,6,36.0,z500,-23162.796875,1044401.9375,979544,1038240,0.9434658653105255
brown_0.05,2,6,36.0,z600,-49015.01171875,765997.1875,959423,1038240,0.9240859531514871
brown_0.05,2,6,36.0,z700,-115304.1484375,536344.1875,929970,1038240,0.8957177531206657
brown_0.05,2,6,36.0,z850,-227325.6875,465285.8125,799770,1038240,0.7703132223763292
brown_0.05,2,6,36.0,z925,-393200.96875,544317.8125,896174,1038240,0.8631665125597164
brown_0.05,2,6,36.0,z1000,-504614.78125,585358.0,939950,1038240,0.9053301741408537
brown_0.05,2,6,36.0,t50,-12866.7890625,11113.1357421875,1017557,1038240,0.9800787871783018
brown_0.05,2,6,36.0,t100,-17535.958984375,14926.99609375,1028587,1038240,0.9907025350593311
brown_0.05,2,6,36.0,t150,-8183.36572265625,8369.6689453125,1017507,1038240,0.9800306287563569
brown_0.05,2,6,36.0,t200,-1418.3997802734375,4441.2490234375,913389,1038240,0.8797474572353213
brown_0.05,2,6,36.0,t250,-1330.3153076171875,6028.2421875,1008583,1038240,0.9714353136076437
brown_0.05,2,6,36.0,t300,-2037.125732421875,11411.7880859375,1010955,1038240,0.9737199491447064
brown_0.05,2,6,36.0,t400,-1661.5323486328125,9030.6923828125,1007427,1038240,0.9703218908922793
brown_0.05,2,6,36.0,t500,-1281.468017578125,5543.3642578125,1000223,1038240,0.9633832254584682
brown_0.05,2,6,36.0,t600,-1534.273681640625,3086.971435546875,987430,1038240,0.9510614116196641
brown_0.05,2,6,36.0,t700,-500.88226318359375,2394.15380859375,914832,1038240,0.8811373092926491
brown_0.05,2,6,36.0,t850,-732.3218383789062,2641.35498046875,737046,1038240,0.7098994452149792
brown_0.05,2,6,36.0,t925,-2517.66845703125,545.7062377929688,986550,1038240,0.9502138233934351
brown_0.05,2,6,36.0,t1000,-4285.375,453.6228332519531,999845,1038240,0.9630191477885652
brown_0.05,2,6,36.0,q50,-0.07437963038682938,0.0768490731716156,611816,1038240,0.5892818616119587
brown_0.05,2,6,36.0,q100,-0.048017360270023346,0.03689943253993988,531950,1038240,0.5123574510710434
brown_0.05,2,6,36.0,q150,-0.03041083551943302,0.05332865193486214,331996,1038240,0.3197680690399137
brown_0.05,2,6,36.0,q200,-0.011120637878775597,0.13504789769649506,500483,1038240,0.48204942980428417
brown_0.05,2,6,36.0,q250,-0.0269014872610569,0.39940008521080017,768650,1038240,0.7403394205578672
brown_0.05,2,6,36.0,q300,-0.014392291195690632,1.0849417448043823,892529,1038240,0.8596557635999383
brown_0.05,2,6,36.0,q400,-0.055190559476614,2.4247946739196777,999471,1038240,0.9626589227924179
brown_0.05,2,6,36.0,q500,-0.1317288726568222,3.6727962493896484,1021745,1038240,0.9841125366004007
brown_0.05,2,6,36.0,q600,-0.09333787858486176,6.345732688903809,1028845,1038240,0.9909510325165665
brown_0.05,2,6,36.0,q700,-0.21502982079982758,7.240239143371582,1029325,1038240,0.9914133533672369
brown_0.05,2,6,36.0,q850,-0.2523164451122284,9.841235160827637,1029652,1038240,0.991728309446756
brown_0.05,2,6,36.0,q925,-0.3172987997531891,10.702495574951172,1028465,1038240,0.9905850285097858
brown_0.05,2,6,36.0,q1000,-0.26027441024780273,9.293814659118652,1032669,1038240,0.9946341886269071
brown_0.05,2,7,42.0,u10m,-2548.699462890625,2818.509765625,1007659,1038240,0.9705453459701032
brown_0.05,2,7,42.0,v10m,-577.26806640625,2993.111572265625,913233,1038240,0.8795972029588535
brown_0.05,2,7,42.0,u100m,-2697.61572265625,3466.756591796875,1008921,1038240,0.9717608645399908
brown_0.05,2,7,42.0,v100m,-639.8453369140625,3218.85888671875,969977,1038240,0.9342512328556017
brown_0.05,2,7,42.0,t2m,-4916.349609375,4221.16064453125,1018196,1038240,0.9806942518107566
brown_0.05,2,7,42.0,sp,-1557918.125,1810702.625,1001775,1038240,0.9648780628756357
brown_0.05,2,7,42.0,msl,-830877.125,1087768.0,1027429,1038240,0.989587186007089
brown_0.05,2,7,42.0,tcwv,-468.3942565917969,54645.84765625,1037731,1038240,0.9995097472646016
brown_0.05,2,7,42.0,u50,-10613.548828125,13641.6884765625,1000615,1038240,0.9637607874865156
brown_0.05,2,7,42.0,u100,-3795.49365234375,19226.314453125,1008310,1038240,0.9711723686238249
brown_0.05,2,7,42.0,u150,-2847.437255859375,24546.201171875,1008125,1038240,0.970994182462629
brown_0.05,2,7,42.0,u200,-10224.154296875,9626.70703125,1026619,1038240,0.9888070195715827
brown_0.05,2,7,42.0,u250,-20690.884765625,6424.2333984375,1030839,1038240,0.9928715903837263
brown_0.05,2,7,42.0,u300,-14299.4462890625,4708.11279296875,1026550,1038240,0.9887405609492989
brown_0.05,2,7,42.0,u400,-6259.97607421875,4934.42724609375,1018123,1038240,0.9806239405147172
brown_0.05,2,7,42.0,u500,-8491.5888671875,3230.60009765625,1013328,1038240,0.9760055478502081
brown_0.05,2,7,42.0,u600,-7178.2900390625,2458.84716796875,1010543,1038240,0.973323123747881
brown_0.05,2,7,42.0,u700,-2669.047607421875,4240.5791015625,995444,1038240,0.9587802434889814
brown_0.05,2,7,42.0,u850,-1452.3856201171875,5286.56396484375,966252,1038240,0.930663430420712
brown_0.05,2,7,42.0,u925,-2526.102783203125,4334.921875,972648,1038240,0.9368238557558946
brown_0.05,2,7,42.0,u1000,-3251.08642578125,3041.46533203125,996938,1038240,0.9602192171366929
brown_0.05,2,7,42.0,v50,-749.8422241210938,972.4801025390625,628842,1038240,0.6056807674526121
brown_0.05,2,7,42.0,v100,-2339.55224609375,2116.947021484375,945169,1038240,0.9103569502234551
brown_0.05,2,7,42.0,v150,-4218.080078125,10321.8896484375,1010069,1038240,0.972866581907844
brown_0.05,2,7,42.0,v200,-2641.807861328125,5970.0732421875,954719,1038240,0.9195552088149176
brown_0.05,2,7,42.0,v250,-1031.3587646484375,5825.9365234375,974865,1038240,0.9389592001849283
brown_0.05,2,7,42.0,v300,-1232.1192626953125,2694.138671875,914443,1038240,0.8807626367699183
brown_0.05,2,7,42.0,v400,-1168.1148681640625,1051.1539306640625,712823,1038240,0.686568616119587
brown_0.05,2,7,42.0,v500,-677.7122192382812,1073.57763671875,713173,1038240,0.6869057250732008
brown_0.05,2,7,42.0,v600,-729.8128662109375,1413.104736328125,856102,1038240,0.8245704268762521
brown_0.05,2,7,42.0,v700,-2617.871337890625,1809.11328125,880811,1038240,0.848369355832948
brown_0.05,2,7,42.0,v850,-425.058349609375,2448.60888671875,942400,1038240,0.9076899368161504
brown_0.05,2,7,42.0,v925,-458.36639404296875,3723.611328125,977126,1038240,0.9411369240252735
brown_0.05,2,7,42.0,v1000,-311.132568359375,3592.832763671875,936901,1038240,0.902393473570658
brown_0.05,2,7,42.0,z50,-2364547.0,4232174.5,1018301,1038240,0.9807953844968408
brown_0.05,2,7,42.0,z100,149978.203125,3229112.75,1029337,1038240,0.9914249113885036
brown_0.05,2,7,42.0,z150,121241.90625,4399128.5,1030422,1038240,0.9924699491447064
brown_0.05,2,7,42.0,z200,-46625.0859375,3365763.0,1001212,1038240,0.9643357990445369
brown_0.05,2,7,42.0,z250,-43408.9375,3513738.0,999194,1038240,0.9623921251348436
brown_0.05,2,7,42.0,z300,53949.98828125,2923821.75,1003472,1038240,0.9665125597164432
brown_0.05,2,7,42.0,z400,52683.51171875,1780709.25,1003915,1038240,0.9669392433348744
brown_0.05,2,7,42.0,z500,-26995.125,1210717.125,988976,1038240,0.9525504700261982
brown_0.05,2,7,42.0,z600,-58115.91796875,874197.5,973638,1038240,0.9377773925104023
brown_0.05,2,7,42.0,z700,-127213.0859375,582956.25,938689,1038240,0.9041156187394052
brown_0.05,2,7,42.0,z850,-264646.59375,517482.34375,809735,1038240,0.7799111958699337
brown_0.05,2,7,42.0,z925,-468098.53125,595058.0,915978,1038240,0.8822411003236246
brown_0.05,2,7,42.0,z1000,-598401.0,636456.4375,960886,1038240,0.9254950685775929
brown_0.05,2,7,42.0,t50,-13803.357421875,12161.6083984375,1019873,1038240,0.9823094852827863
brown_0.05,2,7,42.0,t100,-18638.94921875,15985.8642578125,1029563,1038240,0.9916425874556942
brown_0.05,2,7,42.0,t150,-8271.8818359375,8507.7392578125,1018287,1038240,0.9807819001386963
brown_0.05,2,7,42.0,t200,-1111.2105712890625,4603.6943359375,939772,1038240,0.9051587301587302
brown_0.05,2,7,42.0,t250,-1372.5570068359375,7556.73193359375,1011575,1038240,0.9743171135768223
brown_0.05,2,7,42.0,t300,-2184.402587890625,12746.2919921875,1018901,1038240,0.9813732855601788
brown_0.05,2,7,42.0,t400,-1776.4854736328125,10388.4951171875,1012050,1038240,0.9747746185852982
brown_0.05,2,7,42.0,t500,-1341.4420166015625,6571.9384765625,1004870,1038240,0.9678590691940206
brown_0.05,2,7,42.0,t600,-1520.8988037109375,4039.578369140625,996195,1038240,0.9595035829865927
brown_0.05,2,7,42.0,t700,-593.598876953125,3662.53662109375,945684,1038240,0.9108529819694868
brown_0.05,2,7,42.0,t850,-192.59829711914062,3979.48291015625,691252,1038240,0.6657921097241486
brown_0.05,2,7,42.0,t925,-2385.00390625,416.5421142578125,959388,1038240,0.9240522422561257
brown_0.05,2,7,42.0,t1000,-4239.1591796875,486.64990234375,987314,1038240,0.9509496840807521
brown_0.05,2,7,42.0,q50,-0.0731157585978508,0.07545026391744614,609384,1038240,0.5869394359685621
brown_0.05,2,7,42.0,q100,-0.043304573744535446,0.035583171993494034,527652,1038240,0.5082177531206657
brown_0.05,2,7,42.0,q150,-0.028322570025920868,0.05455789342522621,312183,1038240,0.3006848127600555
brown_0.05,2,7,42.0,q200,-0.010868825949728489,0.1423269361257553,527331,1038240,0.50790857605178
brown_0.05,2,7,42.0,q250,-0.025765910744667053,0.4226034879684448,793694,1038240,0.7644610109415935
brown_0.05,2,7,42.0,q300,-0.012711620889604092,1.1287271976470947,913195,1038240,0.8795606025581754
brown_0.05,2,7,42.0,q400,-0.05872678384184837,2.537642002105713,1005368,1038240,0.9683387270765912
brown_0.05,2,7,42.0,q500,-0.13801926374435425,3.861937999725342,1023501,1038240,0.9858038603791031
brown_0.05,2,7,42.0,q600,-0.05685919150710106,6.632290840148926,1027737,1038240,0.9898838418862691
brown_0.05,2,7,42.0,q700,-0.14655780792236328,7.751543045043945,1030796,1038240,0.9928301741408537
brown_0.05,2,7,42.0,q850,-0.1958772987127304,10.54574203491211,1029782,1038240,0.9918535213438127
brown_0.05,2,7,42.0,q925,-0.23848120868206024,11.439949035644531,1025509,1038240,0.9877379026044074
brown_0.05,2,7,42.0,q1000,-0.22046224772930145,10.257296562194824,1031990,1038240,0.9939801972568962
brown_0.05,2,8,48.0,u10m,-2638.5224609375,2869.466552734375,1008451,1038240,0.9713081753737094
brown_0.05,2,8,48.0,v10m,-555.6527099609375,3063.20703125,921272,1038240,0.8873401140391431
brown_0.05,2,8,48.0,u100m,-2769.688720703125,3480.998046875,1010741,1038240,0.9735138310987825
brown_0.05,2,8,48.0,v100m,-619.3696899414062,3227.234130859375,973841,1038240,0.9379729157034983
brown_0.05,2,8,48.0,t2m,-4622.9921875,5402.66015625,1022574,1038240,0.9849110032362459
brown_0.05,2,8,48.0,sp,-1625326.125,1829577.0,1001463,1038240,0.9645775543227
brown_0.05,2,8,48.0,msl,-928250.0,1137989.875,1028250,1038240,0.9903779472954231
brown_0.05,2,8,48.0,tcwv,-306.69647216796875,57187.6953125,1037797,1038240,0.9995733163815688
brown_0.05,2,8,48.0,u50,-10884.4033203125,13031.783203125,994995,1038240,0.9583477808599168
brown_0.05,2,8,48.0,u100,-4793.287109375,19601.90625,1015372,1038240,0.9779742641393127
brown_0.05,2,8,48.0,u150,-3612.423828125,24820.001953125,1013927,1038240,0.9765824857451071
brown_0.05,2,8,48.0,u200,-11972.146484375,9795.4267578125,1030457,1038240,0.9925036600400678
brown_0.05,2,8,48.0,u250,-21958.791015625,7001.60400390625,1031359,1038240,0.9933724379719525
brown_0.05,2,8,48.0,u300,-14997.6240234375,5063.84130859375,1026909,1038240,0.9890863384188627
brown_0.05,2,8,48.0,u400,-6944.10205078125,4996.2099609375,1019523,1038240,0.9819723763291724
brown_0.05,2,8,48.0,u500,-9162.03515625,3563.326171875,1014285,1038240,0.9769273000462321
brown_0.05,2,8,48.0,u600,-7632.34912109375,2579.21533203125,1011098,1038240,0.9738576822314686
brown_0.05,2,8,48.0,u700,-3041.92529296875,4303.1875,998921,1038240,0.9621291801510248
brown_0.05,2,8,48.0,u850,-1710.982666015625,5398.12158203125,973237,1038240,0.9373911619664047
brown_0.05,2,8,48.0,u925,-2785.771728515625,4393.5791015625,980831,1038240,0.9447054630913854
brown_0.05,2,8,48.0,u1000,-3328.093505859375,3119.692138671875,998733,1038240,0.9619481044845123
brown_0.05,2,8,48.0,v50,-820.8006591796875,908.5701904296875,621043,1038240,0.5981690167976575
brown_0.05,2,8,48.0,v100,-2354.05908203125,1947.2713623046875,942973,1038240,0.9082418323316381
brown_0.05,2,8,48.0,v150,-4092.974853515625,10408.5712890625,1009837,1038240,0.9726431268300201
brown_0.05,2,8,48.0,v200,-2498.81884765625,6045.724609375,948911,1038240,0.9139611265218062
brown_0.05,2,8,48.0,v250,-957.2994384765625,5939.3818359375,975284,1038240,0.9393627677608261
brown_0.05,2,8,48.0,v300,-1221.3541259765625,2737.95361328125,907534,1038240,0.8741081060255818
brown_0.05,2,8,48.0,v400,-1117.2496337890625,937.4507446289062,685025,1038240,0.6597944598551395
brown_0.05,2,8,48.0,v500,-660.591796875,1046.7435302734375,708422,1038240,0.6823297118200031
brown_0.05,2,8,48.0,v600,-717.3409423828125,1401.3321533203125,849536,1038240,0.8182462629064571
brown_0.05,2,8,48.0,v700,-2567.970458984375,1816.080078125,884765,1038240,0.8521777238403452
brown_0.05,2,8,48.0,v850,-375.27398681640625,2454.24267578125,946088,1038240,0.9112421020188011
brown_0.05,2,8,48.0,v925,-413.08489990234375,3764.91650390625,980776,1038240,0.9446524888272461
brown_0.05,2,8,48.0,v1000,-316.7137451171875,3610.1240234375,942157,1038240,0.9074558868854985
brown_0.05,2,8,48.0,z50,-2507042.25,4658409.5,1021734,1038240,0.9841019417475728
brown_0.05,2,8,48.0,z100,164566.078125,3716392.75,1037236,1038240,0.9990329788873478
brown_0.05,2,8,48.0,z150,128163.859375,4927560.0,1034006,1038240,0.9959219448297119
brown_0.05,2,8,48.0,z200,-38364.9921875,3868675.25,1007725,1038240,0.9706089150870705
brown_0.05,2,8,48.0,z250,-47227.546875,3928766.75,1007546,1038240,0.9704365079365079
brown_0.05,2,8,48.0,z300,53165.421875,3267560.0,1009269,1038240,0.9720960471567268
brown_0.05,2,8,48.0,z400,52353.375,2020795.375,1008871,1038240,0.9717127061180459
brown_0.05,2,8,48.0,z500,-29449.875,1372471.0,996192,1038240,0.959500693481276
brown_0.05,2,8,48.0,z600,-65044.53515625,980398.125,983789,1038240,0.9475545153336415
brown_0.05,2,8,48.0,z700,-135431.84375,630581.75,944783,1038240,0.909985167206041
brown_0.05,2,8,48.0,z850,-294944.90625,559586.8125,834645,1038240,0.8039037216828478
brown_0.05,2,8,48.0,z925,-530442.875,634892.75,931354,1038240,0.8970507782400986
brown_0.05,2,8,48.0,z1000,-679190.75,676286.75,967746,1038240,0.9321024040684235
brown_0.05,2,8,48.0,t50,-14521.30859375,13024.2763671875,1023651,1038240,0.9859483356449376
brown_0.05,2,8,48.0,t100,-19535.994140625,16801.248046875,1030361,1038240,0.9924111958699338
brown_0.05,2,8,48.0,t150,-8201.35546875,8537.9677734375,1017958,1038240,0.9804650177222993
brown_0.05,2,8,48.0,t200,-893.1123046875,4656.98583984375,835653,1038240,0.8048745954692557
brown_0.05,2,8,48.0,t250,-1322.1068115234375,9008.2841796875,1013724,1038240,0.9763869625520111
brown_0.05,2,8,48.0,t300,-2284.20458984375,13994.5029296875,1022988,1038240,0.9853097549699491
brown_0.05,2,8,48.0,t400,-1840.0272216796875,11670.888671875,1014914,1038240,0.977533132994298
brown_0.05,2,8,48.0,t500,-1402.46337890625,7558.75634765625,1007873,1038240,0.9707514640160271
brown_0.05,2,8,48.0,t600,-1463.2725830078125,4996.34375,1002411,1038240,0.9654906380027739
brown_0.05,2,8,48.0,t700,-646.7258911132812,4937.2685546875,969648,1038240,0.9339343504392048
brown_0.05,2,8,48.0,t850,-89.690185546875,5275.689453125,862104,1038240,0.8303513638465094
brown_0.05,2,8,48.0,t925,-2153.080078125,718.602783203125,830747,1038240,0.800149291108029
brown_0.05,2,8,48.0,t1000,-4054.186279296875,768.2044067382812,625899,1038240,0.6028461627369395
brown_0.05,2,8,48.0,q50,-0.07185173034667969,0.07409664988517761,606903,1038240,0.5845498150716597
brown_0.05,2,8,48.0,q100,-0.03899576887488365,0.03436252102255821,523701,1038240,0.5044122746185853
brown_0.05,2,8,48.0,q150,-0.026312941685318947,0.05528919771313667,290472,1038240,0.2797734627831715
brown_0.05,2,8,48.0,q200,-0.010765491984784603,0.14855755865573883,547017,1038240,0.5268695099398983
brown_0.05,2,8,48.0,q250,-0.02451365254819393,0.44222673773765564,813961,1038240,0.7839815456927107
brown_0.05,2,8,48.0,q300,-0.010241462849080563,1.1650762557983398,927702,1038240,0.8935332871012482
brown_0.05,2,8,48.0,q400,-0.06270067393779755,2.6238582134246826,1009504,1038240,0.9723223917398675
brown_0.05,2,8,48.0,q500,-0.14311355352401733,4.006202220916748,1024543,1038240,0.9868074818924334
brown_0.05,2,8,48.0,q600,-0.03942679241299629,6.853274822235107,1027464,1038240,0.9896208969024503
brown_0.05,2,8,48.0,q700,-0.12526066601276398,8.174332618713379,1031458,1038240,0.9934677916474033
brown_0.05,2,8,48.0,q850,-0.13156276941299438,11.162304878234863,1029088,1038240,0.9911850824472184
brown_0.05,2,8,48.0,q925,-0.17134936153888702,12.108233451843262,1026462,1038240,0.9886558021266759
brown_0.05,2,8,48.0,q1000,-0.16928015649318695,11.130369186401367,1032334,1038240,0.9943115271998767
brown_0.05,2,9,54.0,u10m,-2740.5,2901.022705078125,1009327,1038240,0.9721519109261828
brown_0.05,2,9,54.0,v10m,-537.2196044921875,3110.687744140625,926988,1038240,0.8928455848358761
brown_0.05,2,9,54.0,u100m,-2874.380615234375,3486.553466796875,1011408,1038240,0.9741562644475266
brown_0.05,2,9,54.0,v100m,-598.7120361328125,3219.58837890625,975946,1038240,0.9400003852673755
brown_0.05,2,9,54.0,t2m,-4317.1474609375,6581.5625,1024626,1038240,0.9868874248728617
brown_0.05,2,9,54.0,sp,-1670107.875,1823523.375,1001062,1038240,0.9641913237787024
brown_0.05,2,9,54.0,msl,-1008249.125,1171857.125,1028686,1038240,0.9907978887347819
brown_0.05,2,9,54.0,tcwv,-260.7532958984375,59284.703125,1037803,1038240,0.9995790953922022
brown_0.05,2,9,54.0,u50,-11539.1337890625,12125.537109375,997853,1038240,0.9611005162582833
brown_0.05,2,9,54.0,u100,-6150.80615234375,19704.7734375,1020418,1038240,0.9828344120819849
brown_0.05,2,9,54.0,u150,-4395.93701171875,24687.265625,1010295,1038240,0.9730842579750347
brown_0.05,2,9,54.0,u200,-13583.431640625,9783.6962890625,1032183,1038240,0.9941660887656033
brown_0.05,2,9,54.0,u250,-23090.234375,7435.4609375,1031836,1038240,0.9938318693173062
brown_0.05,2,9,54.0,u300,-15640.0693359375,5311.14501953125,1026799,1038240,0.988980389890584
brown_0.05,2,9,54.0,u400,-7595.23046875,5095.515625,1020335,1038240,0.9827544691015565
brown_0.05,2,9,54.0,u500,-9746.5771484375,3837.230712890625,1015460,1038240,0.9780590229619356
brown_0.05,2,9,54.0,u600,-8048.94921875,2647.29345703125,1011426,1038240,0.9741736014794268
brown_0.05,2,9,54.0,u700,-3411.24169921875,4319.20458984375,1001857,1038240,0.9649570426876252
brown_0.05,2,9,54.0,u850,-1966.2247314453125,5470.82470703125,979742,1038240,0.943656572661427
brown_0.05,2,9,54.0,u925,-3036.09765625,4421.1025390625,986962,1038240,0.9506106487902605
brown_0.05,2,9,54.0,u1000,-3414.03173828125,3172.4326171875,998196,1038240,0.9614308830328248
brown_0.05,2,9,54.0,v50,-880.9148559570312,845.7393798828125,560121,1038240,0.5394908691631992
brown_0.05,2,9,54.0,v100,-2362.4072265625,1802.0799560546875,937369,1038240,0.9028442364000616
brown_0.05,2,9,54.0,v150,-3973.045166015625,10407.1982421875,1009680,1038240,0.9724919093851133
brown_0.05,2,9,54.0,v200,-2374.6337890625,6089.86767578125,941391,1038240,0.9067180998613037
brown_0.05,2,9,54.0,v250,-873.5970458984375,6019.123046875,972293,1038240,0.9364819309600863
brown_0.05,2,9,54.0,v300,-1189.3331298828125,2762.609130859375,898919,1038240,0.8658104099244875
brown_0.05,2,9,54.0,v400,-1054.5821533203125,875.0826416015625,652683,1038240,0.6286436662043459
brown_0.05,2,9,54.0,v500,-638.5126953125,1007.6214599609375,701777,1038240,0.6759294575435352
brown_0.05,2,9,54.0,v600,-702.8472900390625,1379.5638427734375,839706,1038240,0.8087783171521036
brown_0.05,2,9,54.0,v700,-2530.072021484375,1816.1712646484375,887333,1038240,0.8546511403914316
brown_0.05,2,9,54.0,v850,-330.2055969238281,2446.5029296875,949659,1038240,0.9146815765141008
brown_0.05,2,9,54.0,v925,-377.697509765625,3786.037353515625,983928,1038240,0.9476883957466482
brown_0.05,2,9,54.0,v1000,-322.2895812988281,3626.475830078125,946255,1038240,0.9114029511480968
brown_0.05,2,9,54.0,z50,-2627367.5,5059387.0,1024094,1038240,0.9863750192633688
brown_0.05,2,9,54.0,z100,168968.53125,4195569.0,1037695,1038240,0.9994750732008013
brown_0.05,2,9,54.0,z150,134049.390625,5441942.5,1035422,1038240,0.9972857913391894
brown_0.05,2,9,54.0,z200,-27132.2421875,4352595.0,1012399,1038240,0.9751107643704731
brown_0.05,2,9,54.0,z250,-45889.125,4323422.0,1013089,1038240,0.9757753505933118
brown_0.05,2,9,54.0,z300,55168.9296875,3595677.0,1014807,1038240,0.9774300739713361
brown_0.05,2,9,54.0,z400,52529.4453125,2251585.25,1012809,1038240,0.9755056634304207
brown_0.05,2,9,54.0,z500,-30471.34375,1529587.875,1002055,1038240,0.9651477500385267
brown_0.05,2,9,54.0,z600,-70422.75,1084772.375,991060,1038240,0.9545577130528586
brown_0.05,2,9,54.0,z700,-139815.890625,679920.875,949052,1038240,0.9140969332716905
brown_0.05,2,9,54.0,z850,-316805.53125,592804.4375,854687,1038240,0.8232075435352134
brown_0.05,2,9,54.0,z925,-580437.5,665106.75,944789,1038240,0.9099909462166744
brown_0.05,2,9,54.0,z1000,-746310.1875,705998.0,971919,1038240,0.936121705963939
brown_0.05,2,9,54.0,t50,-15067.2509765625,13714.5234375,1024631,1038240,0.9868922407150562
brown_0.05,2,9,54.0,t100,-20263.625,17496.390625,1030625,1038240,0.9926654723378024
brown_0.05,2,9,54.0,t150,-8023.88037109375,8521.4716796875,1017857,1038240,0.9803677377099708
brown_0.05,2,9,54.0,t200,-615.0347900390625,4641.68359375,1012889,1038240,0.9755827169055324
brown_0.05,2,9,54.0,t250,-1257.641845703125,10367.36328125,1020154,1038240,0.9825801356141162
brown_0.05,2,9,54.0,t300,-2331.92041015625,15181.1552734375,1025206,1038240,0.9874460625674218
brown_0.05,2,9,54.0,t400,-1862.7467041015625,12874.494140625,1018240,1038240,0.9807366312220681
brown_0.05,2,9,54.0,t500,-1431.440673828125,8485.048828125,1011035,1038240,0.9737970026198182
brown_0.05,2,9,54.0,t600,-1375.175048828125,5977.1884765625,1004700,1038240,0.9676953305594083
brown_0.05,2,9,54.0,t700,-670.82958984375,6156.443359375,988339,1038240,0.9519369317306211
brown_0.05,2,9,54.0,t850,4.122955322265625,6504.46728515625,922964,1038240,0.8889697950377562
brown_0.05,2,9,54.0,t925,-1861.8878173828125,1815.0040283203125,956627,1038240,0.9213929341963323
brown_0.05,2,9,54.0,t1000,-3790.009521484375,1454.4456787109375,976797,1038240,0.9408200416088766
brown_0.05,2,9,54.0,q50,-0.07063271850347519,0.07278815656900406,604103,1038240,0.5818529434427493
brown_0.05,2,9,54.0,q100,-0.03505701571702957,0.03323948383331299,520099,1038240,0.5009429419016798
brown_0.05,2,9,54.0,q150,-0.02437286265194416,0.05573740601539612,264877,1038240,0.2551211665896132
brown_0.05,2,9,54.0,q200,-0.010690673254430294,0.1540227234363556,562342,1038240,0.5416300662659886
brown_0.05,2,9,54.0,q250,-0.024539709091186523,0.4583401679992676,830149,1038240,0.7995733163815688
brown_0.05,2,9,54.0,q300,-0.007734894752502441,1.192525029182434,939425,1038240,0.904824510710433
brown_0.05,2,9,54.0,q400,-0.06564471125602722,2.686432123184204,1012430,1038240,0.9751406225920789
brown_0.05,2,9,54.0,q500,-0.14420272409915924,4.1255669593811035,1025294,1038240,0.9875308213900447
brown_0.05,2,9,54.0,q600,-0.03810371831059456,7.01505708694458,1027364,1038240,0.9895245800585606
brown_0.05,2,9,54.0,q700,-0.10641709715127945,8.506719589233398,1031615,1038240,0.99361900909231
brown_0.05,2,9,54.0,q850,-0.07830210775136948,11.713242530822754,1024350,1038240,0.9866215903837263
brown_0.05,2,9,54.0,q925,-0.1020013615489006,12.717127799987793,1028926,1038240,0.9910290491601171
brown_0.05,2,9,54.0,q1000,-0.11525548249483109,11.917842864990234,1033746,1038240,0.9956715210355987
brown_0.05,2,10,60.0,u10m,-2841.904541015625,2918.329833984375,1010193,1038240,0.9729860147942673
brown_0.05,2,10,60.0,v10m,-521.1753540039062,3140.59423828125,932152,1038240,0.8978193866543381
brown_0.05,2,10,60.0,u100m,-3014.887451171875,3498.917724609375,1011896,1038240,0.9746262906457082
brown_0.05,2,10,60.0,v100m,-578.2596435546875,3212.26220703125,976567,1038240,0.9405985128679304
brown_0.05,2,10,60.0,t2m,-3976.794677734375,7718.77783203125,1025259,1038240,0.9874971104946834
brown_0.05,2,10,60.0,sp,-1697503.625,1817142.5,1000333,1038240,0.9634891739867468
brown_0.05,2,10,60.0,msl,-1070256.75,1192367.125,1028743,1038240,0.990852789335799
brown_0.05,2,10,60.0,tcwv,-254.48081970214844,61116.23046875,1037734,1038240,0.9995126367699183
brown_0.05,2,10,60.0,u50,-12187.8994140625,10974.935546875,1004204,1038240,0.9672175990137155
brown_0.05,2,10,60.0,u100,-7456.4345703125,19558.63671875,1024056,1038240,0.9863384188626907
brown_0.05,2,10,60.0,u150,-5141.05224609375,24236.1171875,1003967,1038240,0.966989328093697
brown_0.05,2,10,60.0,u200,-15034.8603515625,9573.2666015625,1032884,1038240,0.9948412698412699
brown_0.05,2,10,60.0,u250,-24123.064453125,7752.7783203125,1032265,1038240,0.9942450685775929
brown_0.05,2,10,60.0,u300,-16272.0703125,5583.20068359375,1026558,1038240,0.98874826629681
brown_0.05,2,10,60.0,u400,-8241.1787109375,5349.8671875,1020731,1038240,0.9831358838033595
brown_0.05,2,10,60.0,u500,-10289.5234375,4048.836669921875,1016897,1038240,0.97944309600863
brown_0.05,2,10,60.0,u600,-8533.5546875,2681.3505859375,1011238,1038240,0.9739925258129142
brown_0.05,2,10,60.0,u700,-3769.348876953125,4302.41455078125,1004464,1038240,0.9674680228078286
brown_0.05,2,10,60.0,u850,-2240.121337890625,5515.74365234375,985420,1038240,0.9491254430574819
brown_0.05,2,10,60.0,u925,-3280.99462890625,4438.6611328125,990553,1038240,0.9540693866543382
brown_0.05,2,10,60.0,u1000,-3503.64794921875,3214.86962890625,997965,1038240,0.9612083911234397
brown_0.05,2,10,60.0,v50,-1173.2926025390625,820.2748413085938,516370,1038240,0.49735128679303436
brown_0.05,2,10,60.0,v100,-2368.04833984375,1668.19921875,930217,1038240,0.8959556557250732
brown_0.05,2,10,60.0,v150,-3853.42138671875,10345.1904296875,1009113,1038240,0.971945792880259
brown_0.05,2,10,60.0,v200,-2258.474365234375,6070.29248046875,933594,1038240,0.899208275543227
brown_0.05,2,10,60.0,v250,-793.5467529296875,6096.38525390625,967209,1038240,0.9315851826167361
brown_0.05,2,10,60.0,v300,-1142.9168701171875,2777.828857421875,893714,1038240,0.8607971182000308
brown_0.05,2,10,60.0,v400,-994.062744140625,787.609619140625,619209,1038240,0.5964025658807213
brown_0.05,2,10,60.0,v500,-610.512451171875,964.7311401367188,690309,1038240,0.664883841886269
brown_0.05,2,10,60.0,v600,-692.0325927734375,1363.3795166015625,824607,1038240,0.7942354368932039
brown_0.05,2,10,60.0,v700,-2493.3466796875,1828.5936279296875,889260,1038240,0.8565071659731854
brown_0.05,2,10,60.0,v850,-288.40057373046875,2439.47216796875,953183,1038240,0.9180757820927724
brown_0.05,2,10,60.0,v925,-345.0765380859375,3787.958740234375,986650,1038240,0.9503101402373247
brown_0.05,2,10,60.0,v1000,-316.5954895019531,3636.672607421875,949652,1038240,0.9146748343350285
brown_0.05,2,10,60.0,z50,-2727144.25,5436718.0,1024645,1038240,0.9869057250732008
brown_0.05,2,10,60.0,z100,163952.5,4664614.0,1037592,1038240,0.999375866851595
brown_0.05,2,10,60.0,z150,133228.421875,5938940.5,1036024,1038240,0.9978656187394052
brown_0.05,2,10,60.0,z200,-14099.484375,4817595.0,1015363,1038240,0.9779655956233626
brown_0.05,2,10,60.0,z250,-41142.09375,4700712.5,1016086,1038240,0.9786619664046848
brown_0.05,2,10,60.0,z300,59414.453125,3910329.0,1018479,1038240,0.9809668284789644
brown_0.05,2,10,60.0,z400,53059.03125,2474585.0,1015935,1038240,0.9785165279704114
brown_0.05,2,10,60.0,z500,-30353.3984375,1683134.625,1006535,1038240,0.9694627446447834
brown_0.05,2,10,60.0,z600,-73940.40625,1188078.25,995809,1038240,0.9591317999691786
brown_0.05,2,10,60.0,z700,-140906.6875,731772.4375,952575,1038240,0.9174901756819233
brown_0.05,2,10,60.0,z850,-332552.5625,618197.9375,868350,1038240,0.8363673139158576
brown_0.05,2,10,60.0,z925,-619665.5625,686765.875,953775,1038240,0.9186459778085991
brown_0.05,2,10,60.0,z1000,-801487.0,726543.8125,974483,1038240,0.9385912698412698
brown_0.05,2,10,60.0,t50,-15469.6552734375,14258.7080078125,1024221,1038240,0.9864973416551086
brown_0.05,2,10,60.0,t100,-20845.36328125,18037.048828125,1030978,1038240,0.993005470796733
brown_0.05,2,10,60.0,t150,-7775.91796875,8499.7607421875,1016241,1038240,0.9788112575127138
brown_0.05,2,10,60.0,t200,-322.810302734375,4588.3251953125,1022326,1038240,0.9846721374633995
brown_0.05,2,10,60.0,t250,-1203.0032958984375,11637.21484375,1023916,1038240,0.9862035752812451
brown_0.05,2,10,60.0,t300,-2321.268310546875,16315.6083984375,1026866,1038240,0.9890449221759902
brown_0.05,2,10,60.0,t400,-1855.1641845703125,14006.0859375,1021188,1038240,0.9835760517799352
brown_0.05,2,10,60.0,t500,-1428.7532958984375,9411.486328125,1014544,1038240,0.9771767606719063
brown_0.05,2,10,60.0,t600,-1344.2777099609375,6899.720703125,1007444,1038240,0.9703382647557405
brown_0.05,2,10,60.0,t700,-668.2967529296875,7293.3818359375,994264,1038240,0.9576437047310834
brown_0.05,2,10,60.0,t850,-17.81488037109375,7634.01416015625,954774,1038240,0.9196081830790569
brown_0.05,2,10,60.0,t925,-1539.8372802734375,2986.4150390625,978358,1038240,0.9423235475419941
brown_0.05,2,10,60.0,t1000,-3465.2900390625,2553.780029296875,1007756,1038240,0.9706387733086762
brown_0.05,2,10,60.0,q50,-0.06941352039575577,0.07147972285747528,600997,1038240,0.5788613422715364
brown_0.05,2,10,60.0,q100,-0.03145851567387581,0.032195523381233215,516546,1038240,0.4975208044382802
brown_0.05,2,10,60.0,q150,-0.0225469172000885,0.05595342442393303,237602,1038240,0.2288507474187086
brown_0.05,2,10,60.0,q200,-0.010610808618366718,0.15893416106700897,576254,1038240,0.555029665587918
brown_0.05,2,10,60.0,q250,-0.02456682361662388,0.47236260771751404,842749,1038240,0.8117092387116659
brown_0.05,2,10,60.0,q300,-0.004281371831893921,1.2139997482299805,947258,1038240,0.9123690090923101
brown_0.05,2,10,60.0,q400,-0.06695537269115448,2.7369914054870605,1014487,1038240,0.9771218600708892
brown_0.05,2,10,60.0,q500,-0.14373597502708435,4.238456726074219,1025796,1038240,0.9880143319463708
brown_0.05,2,10,60.0,q600,-0.03773457929491997,7.133312702178955,1027528,1038240,0.9896825396825397
brown_0.05,2,10,60.0,q700,-0.0863414853811264,8.78103256225586,1031487,1038240,0.9934957235321313
brown_0.05,2,10,60.0,q850,-0.08909984678030014,12.238617897033691,1028555,1038240,0.9906717136692865
brown_0.05,2,10,60.0,q925,-0.1601838767528534,13.291694641113281,1030413,1038240,0.9924612806287564
brown_0.05,2,10,60.0,q1000,-0.06037874147295952,12.61386489868164,1034206,1038240,0.9961145785174912
brown_0.05,2,11,66.0,u10m,-2943.407470703125,2930.06201171875,1010748,1038240,0.9735205732778548
brown_0.05,2,11,66.0,v10m,-505.88616943359375,3157.56298828125,937215,1038240,0.9026959084604715
brown_0.05,2,11,66.0,u100m,-3171.284423828125,3512.3603515625,1012475,1038240,0.9751839651718293
brown_0.05,2,11,66.0,v100m,-552.005859375,3204.59765625,976648,1038240,0.940676529511481
brown_0.05,2,11,66.0,t2m,-3613.4833984375,8796.041015625,1024985,1038240,0.9872332023424256
brown_0.05,2,11,66.0,sp,-1709923.125,1792520.0,998840,1038240,0.9620511635074742
brown_0.05,2,11,66.0,msl,-1115878.625,1201615.0,1028683,1038240,0.9907949992294652
brown_0.05,2,11,66.0,tcwv,-243.5075225830078,62711.37109375,1037615,1038240,0.9993980197256896
brown_0.05,2,11,66.0,u50,-12788.1044921875,10627.97265625,1008518,1038240,0.9713727076591154
brown_0.05,2,11,66.0,u100,-8699.46484375,19251.0078125,1026293,1038240,0.9884930266605024
brown_0.05,2,11,66.0,u150,-5839.11181640625,23596.123046875,1002943,1038240,0.966003043612267
brown_0.05,2,11,66.0,u200,-16373.7255859375,9224.712890625,1033239,1038240,0.9951831946370782
brown_0.05,2,11,66.0,u250,-25052.904296875,7975.80029296875,1032505,1038240,0.994476229002928
brown_0.05,2,11,66.0,u300,-16850.91015625,5850.16650390625,1026177,1038240,0.9883812991215903
brown_0.05,2,11,66.0,u400,-8868.177734375,5557.498046875,1020820,1038240,0.9832216057944213
brown_0.05,2,11,66.0,u500,-10794.6513671875,4208.41650390625,1017803,1038240,0.9803157266142704
brown_0.05,2,11,66.0,u600,-8963.89453125,2670.19140625,1012033,1038240,0.9747582447218369
brown_0.05,2,11,66.0,u700,-4173.099609375,4269.16748046875,1006021,1038240,0.9689676760671906
brown_0.05,2,11,66.0,u850,-2527.654052734375,5546.7880859375,990039,1038240,0.9535743180767453
brown_0.05,2,11,66.0,u925,-3529.289794921875,4449.46826171875,993191,1038240,0.9566102249961473
brown_0.05,2,11,66.0,u1000,-3601.37451171875,3247.41064453125,998419,1038240,0.9616456695946988
brown_0.05,2,11,66.0,v50,-1525.92724609375,800.0755004882812,523613,1038240,0.5043275157959624
brown_0.05,2,11,66.0,v100,-2370.21875,1548.7783203125,922450,1038240,0.8884747264601633
brown_0.05,2,11,66.0,v150,-3752.0791015625,10266.10546875,1008826,1038240,0.9716693635382956
brown_0.05,2,11,66.0,v200,-2150.594482421875,6033.47265625,929148,1038240,0.8949260286638927
brown_0.05,2,11,66.0,v250,-718.0615234375,6144.3720703125,965533,1038240,0.9299709123131453
brown_0.05,2,11,66.0,v300,-1090.6923828125,2776.61865234375,885108,1038240,0.8525080906148867
brown_0.05,2,11,66.0,v400,-940.322509765625,701.8912963867188,592503,1038240,0.5706801895515488
brown_0.05,2,11,66.0,v500,-576.603515625,923.3710327148438,680238,1038240,0.6551837725381414
brown_0.05,2,11,66.0,v600,-682.8224487304688,1321.8687744140625,804335,1038240,0.7747100862998921
brown_0.05,2,11,66.0,v700,-2448.723876953125,1834.334716796875,892220,1038240,0.8593581445523193
brown_0.05,2,11,66.0,v850,-253.48019409179688,2438.115478515625,955625,1038240,0.9204278394205578
brown_0.05,2,11,66.0,v925,-323.9784851074219,3790.369140625,988655,1038240,0.9522412929573124
brown_0.05,2,11,66.0,v1000,-308.5494384765625,3646.731689453125,952324,1038240,0.9172484204037602
brown_0.05,2,11,66.0,z50,-2809448.75,5790562.0,1025807,1038240,0.9880249267991986
brown_0.05,2,11,66.0,z100,159217.0625,5123268.5,1037354,1038240,0.9991466327631376
brown_0.05,2,11,66.0,z150,132319.25,6418738.5,1036308,1038240,0.9981391585760517
brown_0.05,2,11,66.0,z200,459.140625,5263521.0,1017161,1038240,0.9796973724764987
brown_0.05,2,11,66.0,z250,-34009.671875,5061327.5,1018038,1038240,0.980542071197411
brown_0.05,2,11,66.0,z300,61705.6484375,4211591.0,1021064,1038240,0.9834566188935121
brown_0.05,2,11,66.0,z400,53725.62890625,2689838.25,1018608,1038240,0.981091077207582
brown_0.05,2,11,66.0,z500,-29278.421875,1833391.25,1009854,1038240,0.9726595006934813
brown_0.05,2,11,66.0,z600,-75443.34375,1289740.125,999358,1038240,0.9625500847588226
brown_0.05,2,11,66.0,z700,-141250.765625,785933.0,957188,1038240,0.9219332716905533
brown_0.05,2,11,66.0,z850,-342755.75,636753.6875,875904,1038240,0.8436430883032825
brown_0.05,2,11,66.0,z925,-648447.875,701036.8125,959505,1038240,0.9241649329634767
brown_0.05,2,11,66.0,z1000,-845155.8125,739072.3125,976052,1038240,0.9401024811218986
brown_0.05,2,11,66.0,t50,-15738.357421875,14675.9365234375,1026399,1038240,0.9885951225150255
brown_0.05,2,11,66.0,t100,-21317.396484375,18444.576171875,1031217,1038240,0.9932356680536292
brown_0.05,2,11,66.0,t150,-7458.283203125,8486.072265625,1014425,1038240,0.9770621436276776
brown_0.05,2,11,66.0,t200,-11.42938232421875,4539.6123046875,1027816,1038240,0.9899599321929419
brown_0.05,2,11,66.0,t250,-1133.6541748046875,12833.5556640625,1025336,1038240,0.9875712744644783
brown_0.05,2,11,66.0,t300,-2300.2822265625,17392.892578125,1027857,1038240,0.9899994220989367
brown_0.05,2,11,66.0,t400,-1834.7435302734375,15049.69921875,1022565,1038240,0.9849023347202959
brown_0.05,2,11,66.0,t500,-1407.9388427734375,10350.65234375,1017221,1038240,0.9797551625828325
brown_0.05,2,11,66.0,t600,-1313.4263916015625,7825.5,1011248,1038240,0.9740021574973031
brown_0.05,2,11,66.0,t700,-659.6661987304688,8342.4033203125,997296,1038240,0.9605640314378179
brown_0.05,2,11,66.0,t850,-75.51370239257812,8676.560546875,974039,1038240,0.9381636230543997
brown_0.05,2,11,66.0,t925,-1200.1265869140625,4108.5283203125,982228,1038240,0.946051009400524
brown_0.05,2,11,66.0,t1000,-3111.010986328125,3663.42333984375,1012906,1038240,0.9755990907689936
brown_0.05,2,11,66.0,q50,-0.06823942065238953,0.07021644711494446,597914,1038240,0.5758918939744182
brown_0.05,2,11,66.0,q100,-0.02829970233142376,0.031233036890625954,512937,1038240,0.4940447295423024
brown_0.05,2,11,66.0,q150,-0.020829349756240845,0.05598542094230652,215204,1038240,0.20727770072430265
brown_0.05,2,11,66.0,q200,-0.010538311675190926,0.16339802742004395,588484,1038240,0.5668092155956234
brown_0.05,2,11,66.0,q250,-0.02458939701318741,0.48499441146850586,852853,1038240,0.8214410926182771
brown_0.05,2,11,66.0,q300,-0.005709173623472452,1.2328537702560425,953156,1038240,0.9180497765449221
brown_0.05,2,11,66.0,q400,-0.0669192224740982,2.7795004844665527,1015941,1038240,0.9785223069810448
brown_0.05,2,11,66.0,q500,-0.14238135516643524,4.341379642486572,1026120,1038240,0.9883263985205732
brown_0.05,2,11,66.0,q600,-0.03639279678463936,7.22697114944458,1027921,1038240,0.990061064879026
brown_0.05,2,11,66.0,q700,-0.08280281722545624,9.023137092590332,1031025,1038240,0.9930507397133611
brown_0.05,2,11,66.0,q850,-0.11725469678640366,12.712101936340332,1030443,1038240,0.9924901756819232
brown_0.05,2,11,66.0,q925,-0.21300166845321655,13.816246032714844,1031316,1038240,0.9933310217290799
brown_0.05,2,11,66.0,q1000,-0.04465549439191818,13.23806095123291,1034041,1038240,0.9959556557250732
brown_0.05,2,12,72.0,u10m,-3058.729248046875,2911.98046875,1011004,1038240,0.9737671443982123
brown_0.05,2,12,72.0,v10m,-491.4339294433594,3169.79833984375,942507,1038240,0.9077929958391123
brown_0.05,2,12,72.0,u100m,-3345.426513671875,3509.930908203125,1012866,1038240,0.9755605640314379
brown_0.05,2,12,72.0,v100m,-522.3311157226562,3180.280029296875,977775,1038240,0.9417620203421174
brown_0.05,2,12,72.0,t2m,-3233.494873046875,9813.7392578125,1024122,1038240,0.9864019879796578
brown_0.05,2,12,72.0,sp,-1709032.625,1754492.75,996906,1038240,0.9601883957466482
brown_0.05,2,12,72.0,msl,-1147349.25,1200684.0,1028653,1038240,0.9907661041762984
brown_0.05,2,12,72.0,tcwv,-226.06195068359375,64202.07421875,1037354,1038240,0.9991466327631376
brown_0.05,2,12,72.0,u50,-13349.583984375,10538.486328125,1008449,1038240,0.9713062490368316
brown_0.05,2,12,72.0,u100,-9893.056640625,18843.75,1027553,1038240,0.9897066188935121
brown_0.05,2,12,72.0,u150,-6621.87890625,22833.162109375,1014677,1038240,0.9773048620742796
brown_0.05,2,12,72.0,u200,-17604.921875,9263.154296875,1033408,1038240,0.9953459701032517
brown_0.05,2,12,72.0,u250,-25894.90234375,8113.95361328125,1032624,1038240,0.9945908460471568
brown_0.05,2,12,72.0,u300,-17373.681640625,6061.083984375,1025332,1038240,0.9875674217907228
brown_0.05,2,12,72.0,u400,-9450.7421875,5715.513671875,1020453,1038240,0.9828681229773463
brown_0.05,2,12,72.0,u500,-11281.33203125,4329.02880859375,1018484,1038240,0.9809716443211589
brown_0.05,2,12,72.0,u600,-9355.0751953125,2776.937255859375,1013138,1038240,0.9758225458468177
brown_0.05,2,12,72.0,u700,-4575.751953125,4218.2099609375,1007056,1038240,0.9699645554014487
brown_0.05,2,12,72.0,u850,-2828.117431640625,5549.96337890625,993675,1038240,0.9570763985205732
brown_0.05,2,12,72.0,u925,-3805.3759765625,4440.30615234375,995120,1038240,0.9584681769147788
brown_0.05,2,12,72.0,u1000,-3707.06689453125,3250.30517578125,998825,1038240,0.9620367159808907
brown_0.05,2,12,72.0,v50,-1854.7508544921875,763.1263427734375,534607,1038240,0.5149165896131915
brown_0.05,2,12,72.0,v100,-2366.689697265625,1454.5880126953125,914558,1038240,0.8808734011403915
brown_0.05,2,12,72.0,v150,-3663.96826171875,10165.306640625,1008899,1038240,0.971739674834335
brown_0.05,2,12,72.0,v200,-2062.64306640625,5987.384765625,926349,1038240,0.8922301202034212
brown_0.05,2,12,72.0,v250,-647.625244140625,6122.23779296875,969865,1038240,0.9341433579904453
brown_0.05,2,12,72.0,v300,-1033.6475830078125,2770.787353515625,873045,1038240,0.8408893897364771
brown_0.05,2,12,72.0,v400,-907.2914428710938,612.2865600585938,587552,1038240,0.5659115426105717
brown_0.05,2,12,72.0,v500,-541.425048828125,890.9291381835938,670001,1038240,0.645323817229157
brown_0.05,2,12,72.0,v600,-678.9164428710938,1263.1884765625,776650,1038240,0.74804476806904
brown_0.05,2,12,72.0,v700,-2397.622314453125,1831.0750732421875,896277,1038240,0.8632657189089228
brown_0.05,2,12,72.0,v850,-231.0160369873047,2434.5458984375,957514,1038240,0.9222472646016335
brown_0.05,2,12,72.0,v925,-302.4190368652344,3778.974365234375,990018,1038240,0.9535540915395284
brown_0.05,2,12,72.0,v1000,-301.41497802734375,3650.690185546875,954872,1038240,0.9197025735860688
brown_0.05,2,12,72.0,z50,-2875870.25,6125625.0,1027262,1038240,0.9894263368777931
brown_0.05,2,12,72.0,z100,154520.390625,5572824.5,1037009,1038240,0.9988143396517183
brown_0.05,2,12,72.0,z150,131336.671875,6880417.0,1036484,1038240,0.9983086762212976
brown_0.05,2,12,72.0,z200,16287.8125,5692127.0,1018638,1038240,0.981119972260749
brown_0.05,2,12,72.0,z250,-24926.3359375,5405712.5,1019410,1038240,0.9818635382955772
brown_0.05,2,12,72.0,z300,63362.9453125,4500461.0,1023110,1038240,0.9854272615194946
brown_0.05,2,12,72.0,z400,54724.859375,2897939.25,1020745,1038240,0.9831493681615041
brown_0.05,2,12,72.0,z500,-26880.7109375,1980276.25,1012336,1038240,0.9750500847588226
brown_0.05,2,12,72.0,z600,-75451.796875,1389689.25,1002347,1038240,0.9654289952226845
brown_0.05,2,12,72.0,z700,-140875.71875,841250.5,963559,1038240,0.9280696178147635
brown_0.05,2,12,72.0,z850,-344869.71875,649102.9375,877665,1038240,0.8453392279241794
brown_0.05,2,12,72.0,z925,-667605.0625,708617.3125,963275,1038240,0.9277960779781168
brown_0.05,2,12,72.0,z1000,-878260.375,744720.5625,977077,1038240,0.9410897287717676
brown_0.05,2,12,72.0,t50,-15875.005859375,14984.130859375,1027050,1038240,0.9892221451687471
brown_0.05,2,12,72.0,t100,-21688.865234375,18752.23828125,1031343,1038240,0.9933570272769302
brown_0.05,2,12,72.0,t150,-7086.21435546875,8489.3642578125,1012239,1038240,0.9749566574202496
brown_0.05,2,12,72.0,t200,143.4871368408203,5032.2568359375,1032472,1038240,0.9944444444444445
brown_0.05,2,12,72.0,t250,-1072.1778564453125,13966.7216796875,1025918,1038240,0.9881318384959161
brown_0.05,2,12,72.0,t300,-2291.873779296875,18406.568359375,1028360,1038240,0.9904838958237017
brown_0.05,2,12,72.0,t400,-1799.098388671875,16022.9384765625,1023051,1038240,0.9853704345815997
brown_0.05,2,12,72.0,t500,-1367.9881591796875,11237.591796875,1018336,1038240,0.9808290953922022
brown_0.05,2,12,72.0,t600,-1273.6890869140625,8785.908203125,1014702,1038240,0.9773289412852519
brown_0.05,2,12,72.0,t700,-664.5235595703125,9317.8310546875,1001707,1038240,0.9648125674217907
brown_0.05,2,12,72.0,t850,-118.63229370117188,9645.9462890625,986983,1038240,0.9506308753274773
brown_0.05,2,12,72.0,t925,-1069.922607421875,5172.26708984375,971611,1038240,0.9358250500847588
brown_0.05,2,12,72.0,t1000,-2739.066162109375,4715.642578125,1013508,1038240,0.9761789181692094
brown_0.05,2,12,72.0,q50,-0.0670652687549591,0.06895317882299423,594354,1038240,0.5724630143319464
brown_0.05,2,12,72.0,q100,-0.0260043703019619,0.030318887904286385,508676,1038240,0.489940668824164
brown_0.05,2,12,72.0,q150,-0.019291408360004425,0.055870912969112396,192798,1038240,0.18569694868238557
brown_0.05,2,12,72.0,q200,-0.010476741939783096,0.16782329976558685,599327,1038240,0.5772528509785791
brown_0.05,2,12,72.0,q250,-0.02474917657673359,0.49763262271881104,861364,1038240,0.829638619201726
brown_0.05,2,12,72.0,q300,-0.007095570210367441,1.2515937089920044,957931,1038240,0.9226489058406534
brown_0.05,2,12,72.0,q400,-0.06599625200033188,2.8225157260894775,1016923,1038240,0.9794681383880413
brown_0.05,2,12,72.0,q500,-0.14402587711811066,4.443137168884277,1026332,1038240,0.9885305902296193
brown_0.05,2,12,72.0,q600,-0.036705274134874344,7.311356544494629,1028641,1038240,0.9907545461550316
brown_0.05,2,12,72.0,q700,-0.07718756794929504,9.241683006286621,1030417,1038240,0.992465133302512
brown_0.05,2,12,72.0,q850,-0.17617915570735931,13.162035942077637,1031711,1038240,0.9937114732624441
brown_0.05,2,12,72.0,q925,-0.25612759590148926,14.297745704650879,1031961,1038240,0.9939522653721683
brown_0.05,2,12,72.0,q1000,-0.04233178868889809,13.830122947692871,1033871,1038240,0.9957919170904608
brown_0.05,2,13,78.0,u10m,-3171.707763671875,2889.95947265625,1011073,1038240,0.9738336030204963
brown_0.05,2,13,78.0,v10m,-476.3028259277344,3179.759033203125,947152,1038240,0.912266913237787
brown_0.05,2,13,78.0,u100m,-3528.8671875,3507.80126953125,1013117,1038240,0.9758023193096008
brown_0.05,2,13,78.0,v100m,-493.17425537109375,3160.924072265625,979075,1038240,0.943014139312683
brown_0.05,2,13,78.0,t2m,-2842.259765625,10779.9423828125,1022115,1038240,0.9844689089227924
brown_0.05,2,13,78.0,sp,-1697851.375,1707366.5,994911,1038240,0.9582668747110494
brown_0.05,2,13,78.0,msl,-1166738.625,1190739.0,1028588,1038240,0.99070349822777
brown_0.05,2,13,78.0,tcwv,-200.6415557861328,65616.125,1037168,1038240,0.9989674834335028
brown_0.05,2,13,78.0,u50,-13872.373046875,10372.0224609375,1004698,1038240,0.9676934042225305
brown_0.05,2,13,78.0,u100,-11019.9736328125,18336.369140625,1028250,1038240,0.9903779472954231
brown_0.05,2,13,78.0,u150,-7999.24365234375,21984.46875,1017491,1038240,0.9800152180613345
brown_0.05,2,13,78.0,u200,-18769.68359375,9389.9912109375,1033535,1038240,0.9954682924949915
brown_0.05,2,13,78.0,u250,-26642.748046875,8187.48974609375,1032601,1038240,0.9945686931730621
brown_0.05,2,13,78.0,u300,-17938.328125,6222.6904296875,1024148,1038240,0.9864270303590692
brown_0.05,2,13,78.0,u400,-9994.8525390625,5831.27001953125,1020382,1038240,0.9827997380181847
brown_0.05,2,13,78.0,u500,-11737.931640625,4417.58056640625,1018942,1038240,0.9814127754661736
brown_0.05,2,13,78.0,u600,-9740.4072265625,2862.571533203125,1013961,1038240,0.9766152334720296
brown_0.05,2,13,78.0,u700,-4966.14111328125,4142.12890625,1007865,1038240,0.9707437586685159
brown_0.05,2,13,78.0,u850,-3124.509521484375,5533.509765625,995918,1038240,0.9592367853290183
brown_0.05,2,13,78.0,u925,-4076.797607421875,4417.43359375,996889,1038240,0.960172021883187
brown_0.05,2,13,78.0,u1000,-3816.054931640625,3245.673828125,998796,1038240,0.9620087840961628
brown_0.05,2,13,78.0,v50,-2156.968505859375,711.8414916992188,564083,1038240,0.5433069425181075
brown_0.05,2,13,78.0,v100,-2358.4638671875,1375.2230224609375,906726,1038240,0.8733298659269533
brown_0.05,2,13,78.0,v150,-3590.83935546875,10018.8271484375,1009310,1038240,0.9721355370627215
brown_0.05,2,13,78.0,v200,-1993.8773193359375,5939.39697265625,928886,1038240,0.8946736785329018
brown_0.05,2,13,78.0,v250,-570.1619262695312,6052.61767578125,974114,1038240,0.938235860687317
brown_0.05,2,13,78.0,v300,-980.2916870117188,2755.01220703125,856506,1038240,0.8249595469255664
brown_0.05,2,13,78.0,v400,-877.2846069335938,595.8279418945312,587980,1038240,0.5663237787024195
brown_0.05,2,13,78.0,v500,-506.1915588378906,865.7401123046875,658409,1038240,0.6341587686854677
brown_0.05,2,13,78.0,v600,-671.8007202148438,1192.659912109375,749886,1038240,0.7222665279704115
brown_0.05,2,13,78.0,v700,-2367.027099609375,1810.08740234375,900470,1038240,0.8673042841732163
brown_0.05,2,13,78.0,v850,-219.1383514404297,2436.243896484375,958807,1038240,0.9234926413931268
brown_0.05,2,13,78.0,v925,-287.16754150390625,3768.10791015625,991199,1038240,0.9546915934658653
brown_0.05,2,13,78.0,v1000,-294.88128662109375,3652.680419921875,957031,1038240,0.9217820542456465
brown_0.05,2,13,78.0,z50,-2925157.75,6442857.5,1027972,1038240,0.9901101864694097
brown_0.05,2,13,78.0,z100,149609.0625,6011859.0,1036303,1038240,0.9981343427338573
brown_0.05,2,13,78.0,z150,129952.40625,7327438.5,1036617,1038240,0.9984367776236708
brown_0.05,2,13,78.0,z200,32953.09375,6102640.0,1019773,1038240,0.9822131684388966
brown_0.05,2,13,78.0,z250,-13838.0703125,5735413.0,1020565,1038240,0.9829759978425027
brown_0.05,2,13,78.0,z300,64781.26171875,4777488.5,1024981,1038240,0.98722934966867
brown_0.05,2,13,78.0,z400,56081.03515625,3097210.5,1022617,1038240,0.9849524194791185
brown_0.05,2,13,78.0,z500,-23559.3125,2122441.5,1014285,1038240,0.9769273000462321
brown_0.05,2,13,78.0,z600,-74123.515625,1487885.5,1005201,1038240,0.9681778779472954
brown_0.05,2,13,78.0,z700,-139008.578125,897639.5,971180,1038240,0.9354099244875944
brown_0.05,2,13,78.0,z850,-339962.28125,656096.3125,874292,1038240,0.8420904607797811
brown_0.05,2,13,78.0,z925,-678287.375,710404.5625,965075,1038240,0.9295297811681307
brown_0.05,2,13,78.0,z1000,-904231.625,743841.3125,977560,1038240,0.9415549391277547
brown_0.05,2,13,78.0,t50,-15898.439453125,15194.228515625,1027776,1038240,0.989921405455386
brown_0.05,2,13,78.0,t100,-21970.8984375,18964.74609375,1031360,1038240,0.9933734011403914
brown_0.05,2,13,78.0,t150,-6674.88671875,8499.021484375,1011004,1038240,0.9737671443982123
brown_0.05,2,13,78.0,t200,148.10879516601562,6165.0380859375,1034311,1038240,0.9962157112035753
brown_0.05,2,13,78.0,t250,-1023.570068359375,15036.9794921875,1026419,1038240,0.9886143858838033
brown_0.05,2,13,78.0,t300,-2250.039794921875,19395.73828125,1028521,1038240,0.990638965942364
brown_0.05,2,13,78.0,t400,-1747.2620849609375,16930.75,1023292,1038240,0.9856025581753737
brown_0.05,2,13,78.0,t500,-1314.4814453125,12084.28125,1018430,1038240,0.9809196332254585
brown_0.05,2,13,78.0,t600,-1219.620361328125,9681.5478515625,1016614,1038240,0.9791705193404222
brown_0.05,2,13,78.0,t700,-654.5165405273438,10219.7978515625,1006447,1038240,0.9693779858221606
brown_0.05,2,13,78.0,t850,-145.41641235351562,10545.2880859375,993252,1038240,0.95666897827092
brown_0.05,2,13,78.0,t925,-952.1007080078125,6167.3134765625,934829,1038240,0.9003977885652643
brown_0.05,2,13,78.0,t1000,-2361.0576171875,5705.580078125,1012583,1038240,0.9752879873632301
brown_0.05,2,13,78.0,q50,-0.0659361258149147,0.0677349641919136,590450,1038240,0.568702804746494
brown_0.05,2,13,78.0,q100,-0.023928603157401085,0.029473843052983284,504912,1038240,0.48631530282015717
brown_0.05,2,13,78.0,q150,-0.01791323535144329,0.055603720247745514,173492,1038240,0.1671020188010479
brown_0.05,2,13,78.0,q200,-0.010437361896038055,0.17224179208278656,607884,1038240,0.5854946833102173
brown_0.05,2,13,78.0,q250,-0.024422893300652504,0.5097584128379822,868123,1038240,0.8361486746802281
brown_0.05,2,13,78.0,q300,-0.008346195332705975,1.2705557346343994,961702,1038240,0.9262810140237324
brown_0.05,2,13,78.0,q400,-0.06467760354280472,2.863149881362915,1017620,1038240,0.9801394667899522
brown_0.05,2,13,78.0,q500,-0.14840319752693176,4.542565822601318,1026589,1038240,0.9887781245184157
brown_0.05,2,13,78.0,q600,-0.03905002027750015,7.392171382904053,1029463,1038240,0.9915462706118046
brown_0.05,2,13,78.0,q700,-0.06949976086616516,9.445621490478516,1030439,1038240,0.9924863230081676
brown_0.05,2,13,78.0,q850,-0.2437194585800171,13.573240280151367,1032408,1038240,0.9943828016643551
brown_0.05,2,13,78.0,q925,-0.30004239082336426,14.752592086791992,1032458,1038240,0.9944309600862999
brown_0.05,2,13,78.0,q1000,-0.051283977925777435,14.368767738342285,1033496,1038240,0.9954307289258746
brown_0.05,2,14,84.0,u10m,-3269.78466796875,2866.60009765625,1010861,1038240,0.9736294113114502
brown_0.05,2,14,84.0,v10m,-459.2711486816406,3172.27685546875,950988,1038240,0.9159616273693943
brown_0.05,2,14,84.0,u100m,-3704.107666015625,3497.796142578125,1013211,1038240,0.9758928571428571
brown_0.05,2,14,84.0,v100m,-460.6492919921875,3134.460693359375,980342,1038240,0.944234473724765
brown_0.05,2,14,84.0,t2m,-2435.219970703125,11692.4638671875,1018533,1038240,0.9810188395746648
brown_0.05,2,14,84.0,sp,-1679966.875,1656452.125,992593,1038240,0.9560342502696871
brown_0.05,2,14,84.0,msl,-1178743.0,1173702.625,1028422,1038240,0.9905436122669132
brown_0.05,2,14,84.0,tcwv,-215.70767211914062,66921.8125,1037066,1038240,0.9988692402527354
brown_0.05,2,14,84.0,u50,-14359.45703125,10146.9736328125,999872,1038240,0.9630451533364155
brown_0.05,2,14,84.0,u100,-12078.5498046875,17747.66796875,1028630,1038240,0.9907439513022037
brown_0.05,2,14,84.0,u150,-9404.1181640625,21087.7109375,1025318,1038240,0.9875539374325782
brown_0.05,2,14,84.0,u200,-19885.072265625,9437.7041015625,1033477,1038240,0.9954124287255355
brown_0.05,2,14,84.0,u250,-27310.162109375,8195.0380859375,1032429,1038240,0.9944030282015719
brown_0.05,2,14,84.0,u300,-18473.12109375,6329.8193359375,1021686,1038240,0.9840557096625058
brown_0.05,2,14,84.0,u400,-10544.6396484375,5911.12939453125,1021010,1038240,0.9834046077978117
brown_0.05,2,14,84.0,u500,-12149.380859375,4482.4169921875,1019437,1038240,0.9818895438434273
brown_0.05,2,14,84.0,u600,-10114.6171875,2931.80029296875,1014312,1038240,0.9769533055940823
brown_0.05,2,14,84.0,u700,-5330.2021484375,4048.585693359375,1008407,1038240,0.9712657959623979
brown_0.05,2,14,84.0,u850,-3417.0029296875,5503.24560546875,997645,1038240,0.9609001772229927
brown_0.05,2,14,84.0,u925,-4328.76953125,4391.46923828125,997956,1038240,0.9611997226074896
brown_0.05,2,14,84.0,u1000,-3910.090087890625,3235.533447265625,998686,1038240,0.9619028355678841
brown_0.05,2,14,84.0,v50,-2467.21435546875,652.4930419921875,597252,1038240,0.5752542764678688
brown_0.05,2,14,84.0,v100,-2369.27880859375,1295.94482421875,898237,1038240,0.8651535290491601
brown_0.05,2,14,84.0,v150,-3533.448486328125,9844.3662109375,1010153,1038240,0.9729474880567114
brown_0.05,2,14,84.0,v200,-1937.67333984375,5885.73388671875,934636,1038240,0.9002118970565572
brown_0.05,2,14,84.0,v250,-507.3635559082031,5954.3896484375,976318,1038240,0.9403586839266451
brown_0.05,2,14,84.0,v300,-932.6174926757812,2724.9609375,838724,1038240,0.8078324857451071
brown_0.05,2,14,84.0,v400,-848.835693359375,571.9353637695312,591353,1038240,0.5695725458468177
brown_0.05,2,14,84.0,v500,-472.76318359375,842.8390502929688,643990,1038240,0.6202708429650178
brown_0.05,2,14,84.0,v600,-665.344970703125,1116.06005859375,728693,1038240,0.701854099244876
brown_0.05,2,14,84.0,v700,-2348.199462890625,1796.871337890625,903555,1038240,0.8702756588072122
brown_0.05,2,14,84.0,v850,-208.18751525878906,2432.573486328125,960435,1038240,0.9250606796116505
brown_0.05,2,14,84.0,v925,-280.59307861328125,3750.193115234375,992088,1038240,0.9555478502080443
brown_0.05,2,14,84.0,v1000,-289.95770263671875,3635.91650390625,959066,1038240,0.923742102018801
brown_0.05,2,14,84.0,z50,-2961537.5,6744740.5,1028327,1038240,0.990452111265218
brown_0.05,2,14,84.0,z100,145050.515625,6438654.0,1035510,1038240,0.9973705501618123
brown_0.05,2,14,84.0,z150,128422.40625,7755692.5,1036692,1038240,0.9985090152565881
brown_0.05,2,14,84.0,z200,49976.69140625,6497745.5,1020831,1038240,0.9832322006472491
brown_0.05,2,14,84.0,z250,-1398.1171875,6053311.0,1021616,1038240,0.983988287871783
brown_0.05,2,14,84.0,z300,63618.4296875,5043216.5,1026781,1038240,0.9889630528586839
brown_0.05,2,14,84.0,z400,57707.16015625,3290510.25,1024287,1038240,0.9865609107720759
brown_0.05,2,14,84.0,z500,-19848.25,2261056.75,1016068,1038240,0.9786446293727847
brown_0.05,2,14,84.0,z600,-71590.265625,1584923.375,1008271,1038240,0.971134805054708
brown_0.05,2,14,84.0,z700,-136374.1875,955926.625,978831,1038240,0.9427791262135923
brown_0.05,2,14,84.0,z850,-329568.78125,658717.6875,865635,1038240,0.8337523116042533
brown_0.05,2,14,84.0,z925,-682858.125,707463.0,965996,1038240,0.9304168593003544
brown_0.05,2,14,84.0,z1000,-923000.375,737811.625,977414,1038240,0.9414143165356758
brown_0.05,2,14,84.0,t50,-15832.314453125,15313.5712890625,1029068,1038240,0.9911658190784405
brown_0.05,2,14,84.0,t100,-22185.30078125,19104.888671875,1031323,1038240,0.9933377639081522
brown_0.05,2,14,84.0,t150,-6250.0009765625,8527.59765625,1009831,1038240,0.9726373478193866
brown_0.05,2,14,84.0,t200,147.10629272460938,7245.3623046875,1034749,1038240,0.996637578979812
brown_0.05,2,14,84.0,t250,-977.882080078125,16063.73046875,1026169,1038240,0.9883735937740792
brown_0.05,2,14,84.0,t300,-2191.79248046875,20348.619140625,1028776,1038240,0.9908845738942826
brown_0.05,2,14,84.0,t400,-1683.06103515625,17783.59375,1024297,1038240,0.9865705424564648
brown_0.05,2,14,84.0,t500,-1252.99853515625,12885.8056640625,1018961,1038240,0.9814310756665126
brown_0.05,2,14,84.0,t600,-1150.0560302734375,10521.6494140625,1016908,1038240,0.9794536908614578
brown_0.05,2,14,84.0,t700,-630.4846801757812,11051.9892578125,1008272,1038240,0.9711357682231468
brown_0.05,2,14,84.0,t850,-157.0806884765625,11388.3544921875,997102,1038240,0.9603771767606719
brown_0.05,2,14,84.0,t925,-829.051025390625,7105.4208984375,825258,1038240,0.7948624595469256
brown_0.05,2,14,84.0,t1000,-1975.02880859375,6650.2412109375,1010679,1038240,0.973454114655571
brown_0.05,2,14,84.0,q50,-0.06480678170919418,0.06651671975851059,585940,1038240,0.5643589150870705
brown_0.05,2,14,84.0,q100,-0.022812165319919586,0.02867746353149414,501886,1038240,0.4834007551240561
brown_0.05,2,14,84.0,q150,-0.0166428554803133,0.0552612766623497,156456,1038240,0.15069348127600554
brown_0.05,2,14,84.0,q200,-0.010386724956333637,0.17446517944335938,613926,1038240,0.5913141470180305
brown_0.05,2,14,84.0,q250,-0.0238220002502203,0.5187848806381226,873653,1038240,0.8414749961473262
brown_0.05,2,14,84.0,q300,-0.009267622604966164,1.285692572593689,964589,1038240,0.929061681306827
brown_0.05,2,14,84.0,q400,-0.06302361935377121,2.9035768508911133,1018072,1038240,0.9805748189243335
brown_0.05,2,14,84.0,q500,-0.15658129751682281,4.635002136230469,1026820,1038240,0.9890006164278009
brown_0.05,2,14,84.0,q600,-0.04521596059203148,7.4668803215026855,1030085,1038240,0.9921453613807982
brown_0.05,2,14,84.0,q700,-0.060020484030246735,9.633344650268555,1030790,1038240,0.9928243951302204
brown_0.05,2,14,84.0,q850,-0.31145167350769043,13.956358909606934,1032799,1038240,0.9947594005239636
brown_0.05,2,14,84.0,q925,-0.345731645822525,15.17463493347168,1032811,1038240,0.9947709585452303
brown_0.05,2,14,84.0,q1000,-0.0643085166811943,14.854350090026855,1032980,1038240,0.994933734011404
brown_0.05,2,15,90.0,u10m,-3369.103515625,2837.561767578125,1010555,1038240,0.9733346817691478
brown_0.05,2,15,90.0,v10m,-441.13214111328125,3163.03125,954425,1038240,0.919272037293882
brown_0.05,2,15,90.0,u100m,-3876.91552734375,3482.4716796875,1013121,1038240,0.9758061719833564
brown_0.05,2,15,90.0,v100m,-442.916748046875,3100.947998046875,981749,1038240,0.9455896517182925
brown_0.05,2,15,90.0,t2m,-1988.2841796875,12551.1298828125,1013874,1038240,0.9765314378178456
brown_0.05,2,15,90.0,sp,-1658198.5,1599295.125,990571,1038240,0.9540867236862383
brown_0.05,2,15,90.0,msl,-1184538.5,1150902.125,1028174,1038240,0.9903047464940669
brown_0.05,2,15,90.0,tcwv,-257.79833984375,68137.421875,1037017,1038240,0.9988220449992294
brown_0.05,2,15,90.0,u50,-14896.7548828125,9877.2158203125,992579,1038240,0.9560207659115426
brown_0.05,2,15,90.0,u100,-13076.59765625,17109.71875,1029215,1038240,0.9913074048389582
brown_0.05,2,15,90.0,u150,-10766.4423828125,20179.248046875,1027486,1038240,0.989642086608106
brown_0.05,2,15,90.0,u200,-20987.193359375,9404.8701171875,1033240,1038240,0.9951841578055171
brown_0.05,2,15,90.0,u250,-27926.58984375,8150.6005859375,1031985,1038240,0.9939753814147018
brown_0.05,2,15,90.0,u300,-18995.232421875,6394.0,1012246,1038240,0.9749633995993219
brown_0.05,2,15,90.0,u400,-11114.9228515625,5962.96142578125,1021294,1038240,0.9836781476344583
brown_0.05,2,15,90.0,u500,-12538.4853515625,4526.95849609375,1019858,1038240,0.9822950377562029
brown_0.05,2,15,90.0,u600,-10464.6826171875,2982.73876953125,1014297,1038240,0.9769388580674988
brown_0.05,2,15,90.0,u700,-5670.677734375,3952.600830078125,1008827,1038240,0.9716703267067345
brown_0.05,2,15,90.0,u850,-3700.877685546875,5459.35498046875,999043,1038240,0.9622466867005702
brown_0.05,2,15,90.0,u925,-4579.75830078125,4351.49951171875,998689,1038240,0.9619057250732008
brown_0.05,2,15,90.0,u1000,-4007.474853515625,3216.638427734375,998484,1038240,0.961708275543227
brown_0.05,2,15,90.0,v50,-2812.57421875,583.1580200195312,622159,1038240,0.5992439127754662
brown_0.05,2,15,90.0,v100,-2523.1044921875,1219.3330078125,888487,1038240,0.8557626367699184
brown_0.05,2,15,90.0,v150,-3516.105224609375,9657.2119140625,1011003,1038240,0.9737661812297734
brown_0.05,2,15,90.0,v200,-1875.337890625,5772.373046875,939239,1038240,0.9046453613807983
brown_0.05,2,15,90.0,v250,-465.5805358886719,5868.0703125,977712,1038240,0.941701340730467
brown_0.05,2,15,90.0,v300,-881.00146484375,2705.307373046875,818189,1038240,0.7880538218523655
brown_0.05,2,15,90.0,v400,-825.6156616210938,559.0704345703125,590570,1038240,0.5688183849591617
brown_0.05,2,15,90.0,v500,-440.9928283691406,828.9237670898438,626878,1038240,0.6037891046386192
brown_0.05,2,15,90.0,v600,-654.2786254882812,1038.3050537109375,710817,1038240,0.6846365002311604
brown_0.05,2,15,90.0,v700,-2336.5244140625,1780.0506591796875,907134,1038240,0.8737228386500231
brown_0.05,2,15,90.0,v850,-196.5926513671875,2425.513671875,962193,1038240,0.9267539297272307
brown_0.05,2,15,90.0,v925,-277.11297607421875,3719.6494140625,992895,1038240,0.9563251271382339
brown_0.05,2,15,90.0,v1000,-292.746337890625,3617.63623046875,960923,1038240,0.925530705809832
brown_0.05,2,15,90.0,z50,-2986032.0,7035460.0,1028880,1038240,0.9909847434119279
brown_0.05,2,15,90.0,z100,138791.453125,6853929.5,1033939,1038240,0.9958574125443057
brown_0.05,2,15,90.0,z150,126915.5625,8167920.0,1036762,1038240,0.9985764370473108
brown_0.05,2,15,90.0,z200,66912.671875,6875565.5,1022685,1038240,0.9850179149329634
brown_0.05,2,15,90.0,z250,11785.9375,6357250.5,1022580,1038240,0.9849167822468793
brown_0.05,2,15,90.0,z300,62646.6328125,5298280.0,1028281,1038240,0.9904078055170288
brown_0.05,2,15,90.0,z400,59485.921875,3476117.25,1025660,1038240,0.9878833410386808
brown_0.05,2,15,90.0,z500,-16032.890625,2395813.75,1017488,1038240,0.9800123285560178
brown_0.05,2,15,90.0,z600,-68378.171875,1680887.375,1010966,1038240,0.9737305439975343
brown_0.05,2,15,90.0,z700,-132642.703125,1015474.5,985710,1038240,0.9494047619047619
brown_0.05,2,15,90.0,z850,-316572.9375,657594.25,852765,1038240,0.8213563337956542
brown_0.05,2,15,90.0,z925,-681418.875,700160.8125,966520,1038240,0.9309215595623362
brown_0.05,2,15,90.0,z1000,-935496.1875,726966.625,977018,1038240,0.9410329018338727
brown_0.05,2,15,90.0,t50,-15679.185546875,15361.015625,1029593,1038240,0.9916714825088612
brown_0.05,2,15,90.0,t100,-22336.435546875,19187.568359375,1031290,1038240,0.9933059793496687
brown_0.05,2,15,90.0,t150,-5821.08642578125,8588.466796875,1007939,1038240,0.9708150331329943
brown_0.05,2,15,90.0,t200,145.9674530029297,8272.705078125,1034946,1038240,0.9968273231622746
brown_0.05,2,15,90.0,t250,-934.9510498046875,17055.90625,1027201,1038240,0.9893675836030205
brown_0.05,2,15,90.0,t300,-2119.943115234375,21243.587890625,1029333,1038240,0.9914210587147481
brown_0.05,2,15,90.0,t400,-1608.7935791015625,18597.0703125,1024551,1038240,0.9868151872399445
brown_0.05,2,15,90.0,t500,-1186.71435546875,13635.2294921875,1019413,1038240,0.9818664278008938
brown_0.05,2,15,90.0,t600,-1069.142333984375,11313.5146484375,1017780,1038240,0.9802935737401757
brown_0.05,2,15,90.0,t700,-601.7886962890625,11832.478515625,1009775,1038240,0.9725834103868084
brown_0.05,2,15,90.0,t850,-158.09744262695312,12184.619140625,1000307,1038240,0.9634641316073355
brown_0.05,2,15,90.0,t925,-766.896240234375,7995.25244140625,890062,1038240,0.8572796270611804
brown_0.05,2,15,90.0,t1000,-1696.537353515625,7545.2763671875,1005660,1038240,0.9686199722607489
brown_0.05,2,15,90.0,q50,-0.06372255086898804,0.06534357368946075,581183,1038240,0.5597771228232393
brown_0.05,2,15,90.0,q100,-0.022015733644366264,0.027930866926908493,500777,1038240,0.4823326013253198
brown_0.05,2,15,90.0,q150,-0.015472655184566975,0.05488809943199158,138751,1038240,0.13364058406534135
brown_0.05,2,15,90.0,q200,-0.010332374833524227,0.17597201466560364,618161,1038240,0.5953931653567576
brown_0.05,2,15,90.0,q250,-0.02303650975227356,0.5267333984375,878538,1038240,0.8461800739713361
brown_0.05,2,15,90.0,q300,-0.010098270140588284,1.3008294105529785,966839,1038240,0.9312288102943442
brown_0.05,2,15,90.0,q400,-0.06117605045437813,2.943845510482788,1018449,1038240,0.9809379334257975
brown_0.05,2,15,90.0,q500,-0.16466692090034485,4.718332767486572,1027049,1038240,0.9892211820003082
brown_0.05,2,15,90.0,q600,-0.06439108401536942,7.537719249725342,1030623,1038240,0.9926635460009247
brown_0.05,2,15,90.0,q700,-0.05887589603662491,9.810151100158691,1031266,1038240,0.9932828633071351
brown_0.05,2,15,90.0,q850,-0.3741459250450134,14.305195808410645,1033140,1038240,0.9950878409616274
brown_0.05,2,15,90.0,q925,-0.3896207809448242,15.55955696105957,1033042,1038240,0.9949934504546155
brown_0.05,2,15,90.0,q1000,-0.0774860605597496,15.296195030212402,1033025,1038240,0.9949770765911543
brown_0.05,2,16,96.0,u10m,-3468.848388671875,2810.638916015625,1010212,1038240,0.9730043149946063
brown_0.05,2,16,96.0,v10m,-421.8995666503906,3152.329345703125,957781,1038240,0.9225044305748189
brown_0.05,2,16,96.0,u100m,-4043.255126953125,3466.26953125,1012962,1038240,0.9756530282015718
brown_0.05,2,16,96.0,v100m,-426.5018310546875,3072.244140625,983303,1038240,0.9470864154723379
brown_0.05,2,16,96.0,t2m,-1525.389892578125,13364.0439453125,1007037,1038240,0.9699462552011096
brown_0.05,2,16,96.0,sp,-1633324.625,1537947.75,988874,1038240,0.9524522268454307
brown_0.05,2,16,96.0,msl,-1184771.25,1122911.125,1028029,1038240,0.9901650870704268
brown_0.05,2,16,96.0,tcwv,-294.81304931640625,69275.7578125,1036960,1038240,0.9987671443982123
brown_0.05,2,16,96.0,u50,-16320.4287109375,9563.21484375,982340,1038240,0.9461588842656804
brown_0.05,2,16,96.0,u100,-14044.4921875,16446.7109375,1029912,1038240,0.9919787332408692
brown_0.05,2,16,96.0,u150,-12103.92578125,19253.099609375,1030311,1038240,0.9923630374479889
brown_0.05,2,16,96.0,u200,-22070.58984375,9316.095703125,1032591,1038240,0.9945590614886731
brown_0.05,2,16,96.0,u250,-28557.669921875,8043.3212890625,1031232,1038240,0.9932501155802127
brown_0.05,2,16,96.0,u300,-19568.7265625,6417.94482421875,983920,1038240,0.947680690399137
brown_0.05,2,16,96.0,u400,-11670.0810546875,5986.1455078125,1021381,1038240,0.9837619432886423
brown_0.05,2,16,96.0,u500,-12918.8720703125,4552.791015625,1020133,1038240,0.9825599090768994
brown_0.05,2,16,96.0,u600,-10790.0732421875,3017.211669921875,1014149,1038240,0.9767963091385421
brown_0.05,2,16,96.0,u700,-6000.00244140625,3840.427978515625,1009269,1038240,0.9720960471567268
brown_0.05,2,16,96.0,u850,-3971.473388671875,5412.7568359375,999787,1038240,0.9629632840191092
brown_0.05,2,16,96.0,u925,-4813.345703125,4316.25,999270,1038240,0.9624653259361997
brown_0.05,2,16,96.0,u1000,-4102.73291015625,3196.47607421875,998177,1038240,0.9614125828324858
brown_0.05,2,16,96.0,v50,-3162.550537109375,508.40679931640625,641438,1038240,0.6178128371089536
brown_0.05,2,16,96.0,v100,-2688.349853515625,1146.69677734375,879204,1038240,0.8468215441516412
brown_0.05,2,16,96.0,v150,-3657.18896484375,9457.55078125,1011659,1038240,0.9743980197256896
brown_0.05,2,16,96.0,v200,-1822.833251953125,5671.01904296875,943736,1038240,0.9089767298505163
brown_0.05,2,16,96.0,v250,-426.7928771972656,5756.81640625,977846,1038240,0.941830405301279
brown_0.05,2,16,96.0,v300,-858.3196411132812,2666.7548828125,797399,1038240,0.7680295500077053
brown_0.05,2,16,96.0,v400,-810.0192260742188,555.211181640625,585379,1038240,0.5638185775928495
brown_0.05,2,16,96.0,v500,-412.1451110839844,805.9791870117188,607438,1038240,0.5850651101864695
brown_0.05,2,16,96.0,v600,-638.3017578125,963.8031005859375,692868,1038240,0.6673485899214054
brown_0.05,2,16,96.0,v700,-2323.649658203125,1784.2518310546875,910307,1038240,0.876778972106642
brown_0.05,2,16,96.0,v850,-186.04769897460938,2422.00732421875,963905,1038240,0.9284028740946216
brown_0.05,2,16,96.0,v925,-270.7559509277344,3712.8310546875,993486,1038240,0.9568943596856219
brown_0.05,2,16,96.0,v1000,-292.2049865722656,3598.72412109375,962723,1038240,0.9272644089998459
brown_0.05,2,16,96.0,z50,-3001788.5,7311384.5,1029236,1038240,0.9913276313761751
brown_0.05,2,16,96.0,z100,127922.109375,7254748.5,1031798,1038240,0.9937952689166282
brown_0.05,2,16,96.0,z150,125424.2421875,8563284.0,1036821,1038240,0.9986332639852057
brown_0.05,2,16,96.0,z200,67799.6875,7235934.5,1025010,1038240,0.9872572815533981
brown_0.05,2,16,96.0,z250,25275.421875,6647147.0,1023603,1038240,0.9859021035598705
brown_0.05,2,16,96.0,z300,61800.625,5542638.0,1029718,1038240,0.9917918785637232
brown_0.05,2,16,96.0,z400,61492.71484375,3655126.25,1026819,1038240,0.988999653259362
brown_0.05,2,16,96.0,z500,-11546.171875,2526639.0,1018514,1038240,0.9810005393743257
brown_0.05,2,16,96.0,z600,-64598.68359375,1775037.75,1013087,1038240,0.975773424256434
brown_0.05,2,16,96.0,z700,-128048.6953125,1075479.375,991459,1038240,0.9549420172599784
brown_0.05,2,16,96.0,z850,-300688.3125,652327.4375,840440,1038240,0.8094852827862536
brown_0.05,2,16,96.0,z925,-674907.6875,688608.0625,966693,1038240,0.9310881877022654
brown_0.05,2,16,96.0,z1000,-942571.9375,711933.3125,976144,1038240,0.940191092618277
brown_0.05,2,16,96.0,t50,-15636.9365234375,15336.5068359375,1030253,1038240,0.9923071736785329
brown_0.05,2,16,96.0,t100,-22432.177734375,19227.673828125,1031273,1038240,0.9932896054862075
brown_0.05,2,16,96.0,t150,-5389.10302734375,8675.158203125,1005052,1038240,0.9680343658498999
brown_0.05,2,16,96.0,t200,148.96688842773438,9247.0009765625,1035019,1038240,0.996897634458314
brown_0.05,2,16,96.0,t250,-881.56298828125,17991.544921875,1027905,1038240,0.9900456541840037
brown_0.05,2,16,96.0,t300,-2031.06005859375,22079.3359375,1029518,1038240,0.9915992448759439
brown_0.05,2,16,96.0,t400,-1528.381103515625,19361.08203125,1024700,1038240,0.9869586993373402
brown_0.05,2,16,96.0,t500,-1119.6611328125,14344.8701171875,1020007,1038240,0.9824385498535984
brown_0.05,2,16,96.0,t600,-1003.6055908203125,12062.3994140625,1018847,1038240,0.9813212744644784
brown_0.05,2,16,96.0,t700,-562.781005859375,12565.4345703125,1011531,1038240,0.9742747341655109
brown_0.05,2,16,96.0,t850,-148.35403442382812,12945.5673828125,1004048,1038240,0.9670673447372476
brown_0.05,2,16,96.0,t925,-695.5993041992188,8826.5576171875,941017,1038240,0.9063578748651564
brown_0.05,2,16,96.0,t1000,-1581.1121826171875,8397.4453125,993502,1038240,0.9569097703806442
brown_0.05,2,16,96.0,q50,-0.06263826042413712,0.06417038291692734,575951,1038240,0.5547378255509323
brown_0.05,2,16,96.0,q100,-0.021269630640745163,0.02721707709133625,499705,1038240,0.48130008475882263
brown_0.05,2,16,96.0,q150,-0.014389812014997005,0.054563719779253006,119852,1038240,0.11543766373863461
brown_0.05,2,16,96.0,q200,-0.01026257872581482,0.1772756576538086,621681,1038240,0.5987835182616736
brown_0.05,2,16,96.0,q250,-0.022164585068821907,0.5338362455368042,883166,1038240,0.8506376175065495
brown_0.05,2,16,96.0,q300,-0.010508047416806221,1.3141778707504272,968516,1038240,0.9328440437663739
brown_0.05,2,16,96.0,q400,-0.05892761051654816,2.980910301208496,1018745,1038240,0.9812230312837109
brown_0.05,2,16,96.0,q500,-0.16214804351329803,4.794834613800049,1027182,1038240,0.9893492834026815
brown_0.05,2,16,96.0,q600,-0.07886398583650589,7.603395938873291,1031068,1038240,0.9930921559562337
brown_0.05,2,16,96.0,q700,-0.06414063274860382,9.97449779510498,1031814,1038240,0.9938106796116505
brown_0.05,2,16,96.0,q850,-0.41854915022850037,14.635560989379883,1033389,1038240,0.9953276699029127
brown_0.05,2,16,96.0,q925,-0.42548999190330505,15.919081687927246,1033198,1038240,0.9951437047310834
brown_0.05,2,16,96.0,q1000,-0.08818752318620682,15.704504013061523,1033444,1038240,0.995380644167052
brown_0.05,2,17,102.0,u10m,-3560.109130859375,2784.32470703125,1009871,1038240,0.9726758745569425
brown_0.05,2,17,102.0,v10m,-404.73309326171875,3139.936767578125,960971,1038240,0.925576937894899
brown_0.05,2,17,102.0,u100m,-4196.7802734375,3446.9189453125,1012530,1038240,0.9752369394359686
brown_0.05,2,17,102.0,v100m,-406.4827575683594,3050.398193359375,984986,1038240,0.9487074279550007
brown_0.05,2,17,102.0,t2m,-1419.2509765625,14119.7470703125,993830,1038240,0.9572256896286022
brown_0.05,2,17,102.0,sp,-1606006.375,1474344.375,986766,1038240,0.9504218677762367
brown_0.05,2,17,102.0,msl,-1180975.375,1091403.125,1027863,1038240,0.99000520110957
brown_0.05,2,17,102.0,tcwv,-321.1519775390625,70301.765625,1036864,1038240,0.9986746802280783
brown_0.05,2,17,102.0,u50,-17853.416015625,9213.853515625,966391,1038240,0.9307973108337186
brown_0.05,2,17,102.0,u100,-14991.0625,15761.4970703125,1030270,1038240,0.9923235475419941
brown_0.05,2,17,102.0,u150,-13369.751953125,18307.658203125,1030943,1038240,0.9929717599013715
brown_0.05,2,17,102.0,u200,-23113.990234375,9178.8251953125,1031522,1038240,0.9935294344274926
brown_0.05,2,17,102.0,u250,-29219.623046875,7889.92431640625,1029775,1038240,0.9918467791647403
brown_0.05,2,17,102.0,u300,-20148.111328125,6407.57421875,940280,1038240,0.9056480197256896
brown_0.05,2,17,102.0,u400,-12220.873046875,5983.33349609375,1020947,1038240,0.9833439281861612
brown_0.05,2,17,102.0,u500,-13272.771484375,4558.9814453125,1020176,1038240,0.982601325319772
brown_0.05,2,17,102.0,u600,-11087.826171875,3039.006591796875,1013396,1038240,0.976071043304053
brown_0.05,2,17,102.0,u700,-6289.830078125,3719.52392578125,1009691,1038240,0.9725025042379412
brown_0.05,2,17,102.0,u850,-4215.78564453125,5362.81005859375,1000601,1038240,0.9637473031283711
brown_0.05,2,17,102.0,u925,-5029.6376953125,4275.90966796875,999989,1038240,0.9631578440437664
brown_0.05,2,17,102.0,u1000,-4190.85302734375,3176.573974609375,997875,1038240,0.961121705963939
brown_0.05,2,17,102.0,v50,-3497.900634765625,494.2916259765625,657658,1038240,0.6334354291878563
brown_0.05,2,17,102.0,v100,-2850.264404296875,1071.8984375,870203,1038240,0.838152065033133
brown_0.05,2,17,102.0,v150,-3813.86962890625,9262.29296875,1012361,1038240,0.9750741639697951
brown_0.05,2,17,102.0,v200,-1779.6846923828125,5541.7607421875,945234,1038240,0.9104195561719833
brown_0.05,2,17,102.0,v250,-392.96075439453125,5644.9423828125,977553,1038240,0.9415481969486824
brown_0.05,2,17,102.0,v300,-836.4507446289062,2616.914306640625,775159,1038240,0.7466086839266451
brown_0.05,2,17,102.0,v400,-793.6239624023438,530.297607421875,573317,1038240,0.5522008398828787
brown_0.05,2,17,102.0,v500,-388.8483581542969,777.9330444335938,581204,1038240,0.5597973493604561
brown_0.05,2,17,102.0,v600,-619.8931274414062,885.9739379882812,674472,1038240,0.6496301433194637
brown_0.05,2,17,102.0,v700,-2319.34423828125,1784.41064453125,912081,1038240,0.8784876329172445
brown_0.05,2,17,102.0,v850,-174.38107299804688,2417.863037109375,965555,1038240,0.929992102018801
brown_0.05,2,17,102.0,v925,-261.88861083984375,3701.37939453125,994076,1038240,0.9574626290645708
brown_0.05,2,17,102.0,v1000,-289.7887878417969,3579.082275390625,964355,1038240,0.9288362998921251
brown_0.05,2,17,102.0,z50,-3007121.0,7576038.5,1029340,1038240,0.9914278008938203
brown_0.05,2,17,102.0,z100,117420.6171875,7643507.0,1030407,1038240,0.992455501618123
brown_0.05,2,17,102.0,z150,123584.078125,8942783.0,1036869,1038240,0.9986794960702727
brown_0.05,2,17,102.0,z200,67968.6875,7582035.0,1027011,1038240,0.9891845815996302
brown_0.05,2,17,102.0,z250,39269.3984375,6925362.5,1025028,1038240,0.9872746185852982
brown_0.05,2,17,102.0,z300,61144.45703125,5777197.5,1031093,1038240,0.993116235167206
brown_0.05,2,17,102.0,z400,63653.5390625,3828898.25,1027899,1038240,0.9900398751733703
brown_0.05,2,17,102.0,z500,-7880.23046875,2654216.25,1019423,1038240,0.9818760594852828
brown_0.05,2,17,102.0,z600,-60413.83203125,1867916.25,1014623,1038240,0.9772528509785792
brown_0.05,2,17,102.0,z700,-122852.7265625,1135827.375,995918,1038240,0.9592367853290183
brown_0.05,2,17,102.0,z850,-282525.625,643177.0625,836463,1038240,0.8056547619047619
brown_0.05,2,17,102.0,z925,-664362.875,673267.5,966489,1038240,0.9308917013407305
brown_0.05,2,17,102.0,z1000,-945848.625,693194.0625,975026,1038240,0.9391142703035907
brown_0.05,2,17,102.0,t50,-15930.1630859375,15260.34375,1030657,1038240,0.9926962937278472
brown_0.05,2,17,102.0,t100,-22468.76171875,19225.255859375,1031265,1038240,0.9932819001386962
brown_0.05,2,17,102.0,t150,-4987.49462890625,8771.0263671875,1002086,1038240,0.9651776082601325
brown_0.05,2,17,102.0,t200,140.55857849121094,10179.609375,1035028,1038240,0.9969063029742642
brown_0.05,2,17,102.0,t250,-814.759033203125,18888.92578125,1028562,1038240,0.9906784558483588
brown_0.05,2,17,102.0,t300,-1933.866943359375,22864.830078125,1029510,1038240,0.9915915395284327
brown_0.05,2,17,102.0,t400,-1448.914794921875,20086.6796875,1025096,1038240,0.9873401140391431
brown_0.05,2,17,102.0,t500,-1054.580810546875,15016.9853515625,1020678,1038240,0.983084835876098
brown_0.05,2,17,102.0,t600,-942.4981689453125,12768.75390625,1019603,1038240,0.9820494298042842
brown_0.05,2,17,102.0,t700,-515.0579833984375,13267.498046875,1013742,1038240,0.9764042995839113
brown_0.05,2,17,102.0,t850,-131.97622680664062,13668.638671875,1007569,1038240,0.9704586608106026
brown_0.05,2,17,102.0,t925,-612.7485961914062,9614.396484375,968605,1038240,0.9329297657574357
brown_0.05,2,17,102.0,t1000,-1453.9443359375,9202.259765625,966211,1038240,0.9306239405147172
brown_0.05,2,17,102.0,q50,-0.06155405566096306,0.06304226070642471,570703,1038240,0.549683117583603
brown_0.05,2,17,102.0,q100,-0.020587442442774773,0.026535961776971817,496226,1038240,0.4779492217599014
brown_0.05,2,17,102.0,q150,-0.013383384793996811,0.05442136526107788,102171,1038240,0.09840788257050392
brown_0.05,2,17,102.0,q200,-0.010239923372864723,0.17853829264640808,624794,1038240,0.6017818616119587
brown_0.05,2,17,102.0,q250,-0.021218067035079002,0.5403288006782532,887213,1038240,0.8545355601787641
brown_0.05,2,17,102.0,q300,-0.00989463273435831,1.3254655599594116,969857,1038240,0.9341356526429342
brown_0.05,2,17,102.0,q400,-0.05670027807354927,3.0133156776428223,1019009,1038240,0.9814773077515796
brown_0.05,2,17,102.0,q500,-0.1534591168165207,4.86468505859375,1027286,1038240,0.9894494529203267
brown_0.05,2,17,102.0,q600,-0.09177852421998978,7.662914752960205,1031355,1038240,0.9933685852981969
brown_0.05,2,17,102.0,q700,-0.06590119749307632,10.133797645568848,1032285,1038240,0.9942643319463708
brown_0.05,2,17,102.0,q850,-0.4513240158557892,14.947088241577148,1033580,1038240,0.9955116350747418
brown_0.05,2,17,102.0,q925,-0.4519018530845642,16.255489349365234,1033414,1038240,0.995351749113885
brown_0.05,2,17,102.0,q1000,-0.09550181776285172,16.088497161865234,1033728,1038240,0.9956541840036985
brown_0.05,2,18,108.0,u10m,-3647.44189453125,2756.896728515625,1009546,1038240,0.9723628448143011
brown_0.05,2,18,108.0,v10m,-385.0500183105469,3125.37841796875,964066,1038240,0.928557944213284
brown_0.05,2,18,108.0,u100m,-4347.37109375,3423.6962890625,1012194,1038240,0.9749133148404993
brown_0.05,2,18,108.0,v100m,-385.8016357421875,3026.800048828125,986765,1038240,0.9504209046077978
brown_0.05,2,18,108.0,t2m,-1335.7998046875,14827.205078125,955697,1038240,0.9204971875481585
brown_0.05,2,18,108.0,sp,-1576584.375,1409456.375,984901,1038240,0.9486255586376946
brown_0.05,2,18,108.0,msl,-1173214.5,1056509.0,1027613,1038240,0.9897644089998459
brown_0.05,2,18,108.0,tcwv,-336.28826904296875,71280.453125,1036575,1038240,0.9983963245492372
brown_0.05,2,18,108.0,u50,-19205.982421875,8915.3505859375,941732,1038240,0.9070465402989675
brown_0.05,2,18,108.0,u100,-15944.6357421875,15042.6083984375,1030520,1038240,0.9925643396517183
brown_0.05,2,18,108.0,u150,-14596.8994140625,17337.546875,1031414,1038240,0.9934254122360918
brown_0.05,2,18,108.0,u200,-24007.392578125,8995.294921875,1029320,1038240,0.9914085375250424
brown_0.05,2,18,108.0,u250,-29869.0546875,7696.97412109375,1025537,1038240,0.9877648713206966
brown_0.05,2,18,108.0,u300,-20720.154296875,6363.66064453125,928847,1038240,0.8946361149637848
brown_0.05,2,18,108.0,u400,-12805.03515625,5955.71044921875,1019840,1038240,0.9822777007243026
brown_0.05,2,18,108.0,u500,-13625.962890625,4547.91064453125,1019886,1038240,0.9823220064724919
brown_0.05,2,18,108.0,u600,-11383.408203125,3046.184814453125,1011427,1038240,0.9741745646478657
brown_0.05,2,18,108.0,u700,-6583.11669921875,3595.234130859375,1010085,1038240,0.9728819926028663
brown_0.05,2,18,108.0,u850,-4449.24560546875,5306.99267578125,1001619,1038240,0.9647278085991678
brown_0.05,2,18,108.0,u925,-5231.51318359375,4232.654296875,1000546,1038240,0.9636943288642318
brown_0.05,2,18,108.0,u1000,-4276.0322265625,3154.384033203125,997414,1038240,0.9606776853136076
brown_0.05,2,18,108.0,v50,-3806.154541015625,474.827880859375,672602,1038240,0.6478290183387271
brown_0.05,2,18,108.0,v100,-3013.733154296875,1005.9284057617188,862545,1038240,0.8307761211280629
brown_0.05,2,18,108.0,v150,-3969.841552734375,9063.525390625,1012957,1038240,0.9756482123593774
brown_0.05,2,18,108.0,v200,-1743.3023681640625,5412.29638671875,949406,1038240,0.9144378948990599
brown_0.05,2,18,108.0,v250,-362.2093811035156,5526.3681640625,976687,1038240,0.940714093080598
brown_0.05,2,18,108.0,v300,-814.5130004882812,2554.273681640625,759790,1038240,0.7318057481892434
brown_0.05,2,18,108.0,v400,-774.7366943359375,515.2105712890625,562664,1038240,0.5419402065033133
brown_0.05,2,18,108.0,v500,-365.81439208984375,743.2722778320312,548745,1038240,0.5285338650023116
brown_0.05,2,18,108.0,v600,-602.348876953125,816.2529907226562,658574,1038240,0.6343176914778856
brown_0.05,2,18,108.0,v700,-2307.7744140625,1778.268798828125,913943,1038240,0.8802810525504701
brown_0.05,2,18,108.0,v850,-164.167724609375,2416.869873046875,966979,1038240,0.9313636538757898
brown_0.05,2,18,108.0,v925,-251.47561645507812,3690.727294921875,994646,1038240,0.9580116350747419
brown_0.05,2,18,108.0,v1000,-287.60986328125,3557.794921875,965943,1038240,0.9303658113730929
brown_0.05,2,18,108.0,z50,-3004161.25,7829953.0,1029781,1038240,0.9918525581753737
brown_0.05,2,18,108.0,z100,95747.265625,8020239.0,1029700,1038240,0.9917745415318231
brown_0.05,2,18,108.0,z150,121483.5078125,9307241.0,1036898,1038240,0.9987074279550008
brown_0.05,2,18,108.0,z200,68245.953125,7913539.0,1028725,1038240,0.9908354523038989
brown_0.05,2,18,108.0,z250,50087.16796875,7193265.5,1026714,1038240,0.9888985205732779
brown_0.05,2,18,108.0,z300,60631.3984375,6004119.5,1032518,1038240,0.9944887501926337
brown_0.05,2,18,108.0,z400,65917.1875,3997590.75,1029008,1038240,0.9911080289721066
brown_0.05,2,18,108.0,z500,-4470.00390625,2778743.75,1020289,1038240,0.9827101633533672
brown_0.05,2,18,108.0,z600,-55834.79296875,1959567.625,1016017,1038240,0.978595507782401
brown_0.05,2,18,108.0,z700,-117174.9140625,1195813.875,998436,1038240,0.96166204345816
brown_0.05,2,18,108.0,z850,-264056.8125,630814.5625,842136,1038240,0.8111188164586223
brown_0.05,2,18,108.0,z925,-650506.75,654629.9375,966146,1038240,0.930561334566189
brown_0.05,2,18,108.0,z1000,-945077.75,671405.8125,973712,1038240,0.9378486669748806
brown_0.05,2,18,108.0,t50,-16155.3662109375,15135.8916015625,1030859,1038240,0.9928908537525042
brown_0.05,2,18,108.0,t100,-22465.3984375,19193.853515625,1031238,1038240,0.9932558945908461
brown_0.05,2,18,108.0,t150,-4591.01806640625,8871.951171875,998944,1038240,0.9621513330251195
brown_0.05,2,18,108.0,t200,133.74932861328125,11064.666015625,1034930,1038240,0.9968119124672523
brown_0.05,2,18,108.0,t250,-749.1504516601562,19748.9296875,1028648,1038240,0.9907612883341038
brown_0.05,2,18,108.0,t300,-1826.15283203125,23596.3359375,1029268,1038240,0.9913584527662198
brown_0.05,2,18,108.0,t400,-1361.3829345703125,20799.052734375,1026362,1038240,0.9885594852827863
brown_0.05,2,18,108.0,t500,-988.7083740234375,15656.1787109375,1022735,1038240,0.9850660733549083
brown_0.05,2,18,108.0,t600,-878.4630126953125,13443.603515625,1020608,1038240,0.9830174140853752
brown_0.05,2,18,108.0,t700,-465.07293701171875,13942.4560546875,1015688,1038240,0.978278625366004
brown_0.05,2,18,108.0,t850,-115.68081665039062,14351.3623046875,1011450,1038240,0.9741967175219602
brown_0.05,2,18,108.0,t925,-518.9302368164062,10346.6806640625,981518,1038240,0.9453671598089074
brown_0.05,2,18,108.0,t1000,-1320.6746826171875,9953.0068359375,904360,1038240,0.8710510094005239
brown_0.05,2,18,108.0,q50,-0.06051493063569069,0.06191409006714821,564648,1038240,0.5438511326860841
brown_0.05,2,18,108.0,q100,-0.020023733377456665,0.025905992835760117,494521,1038240,0.47630701957158267
brown_0.05,2,18,108.0,q150,-0.012449828907847404,0.05426398664712906,87665,1038240,0.08443616119586993
brown_0.05,2,18,108.0,q200,-0.010017641820013523,0.17980293929576874,627437,1038240,0.6043275157959624
brown_0.05,2,18,108.0,q250,-0.02012471668422222,0.5464666485786438,891132,1038240,0.8583102172907998
brown_0.05,2,18,108.0,q300,-0.008717186748981476,1.3357609510421753,970992,1038240,0.9352288488210818
brown_0.05,2,18,108.0,q400,-0.05324320122599602,3.043363094329834,1019110,1038240,0.9815745877639082
brown_0.05,2,18,108.0,q500,-0.144308939576149,4.928988456726074,1027338,1038240,0.9894995376791493
brown_0.05,2,18,108.0,q600,-0.10015054792165756,7.726360321044922,1031705,1038240,0.9937056942518108
brown_0.05,2,18,108.0,q700,-0.06755850464105606,10.28434944152832,1032716,1038240,0.9946794575435353
brown_0.05,2,18,108.0,q850,-0.4697604179382324,15.245615005493164,1033844,1038240,0.9957659115426106
brown_0.05,2,18,108.0,q925,-0.4567147195339203,16.57447052001953,1033581,1038240,0.9955125982431807
brown_0.05,2,18,108.0,q1000,-0.09993034601211548,16.442569732666016,1033962,1038240,0.9958795654184004
brown_0.05,2,19,114.0,u10m,-3719.71630859375,2730.1953125,1009217,1038240,0.9720459623979042
brown_0.05,2,19,114.0,v10m,-366.760498046875,3112.303955078125,966625,1038240,0.9310226922484204
brown_0.05,2,19,114.0,u100m,-4471.23828125,3399.35009765625,1011866,1038240,0.9745973955925412
brown_0.05,2,19,114.0,v100m,-373.0049133300781,3006.79150390625,988104,1038240,0.9517105871474804
brown_0.05,2,19,114.0,t2m,-1249.893310546875,15473.6669921875,837125,1038240,0.8062923794113115
brown_0.05,2,19,114.0,sp,-1546553.0,1344138.875,982938,1038240,0.9467348589921405
brown_0.05,2,19,114.0,msl,-1162322.5,1019588.4375,1027214,1038240,0.9893801047927262
brown_0.05,2,19,114.0,tcwv,-344.602294921875,72222.6640625,1036590,1038240,0.9984107720758206
brown_0.05,2,19,114.0,u50,-20311.517578125,8659.884765625,891551,1038240,0.8587137848666975
brown_0.05,2,19,114.0,u100,-16869.48828125,14325.994140625,1030640,1038240,0.9926799198643859
brown_0.05,2,19,114.0,u150,-15746.2734375,16366.6123046875,1031277,1038240,0.9932934581599631
brown_0.05,2,19,114.0,u200,-24619.845703125,8753.4306640625,1024039,1038240,0.9863220449992295
brown_0.05,2,19,114.0,u250,-30529.37109375,7443.8349609375,1014171,1038240,0.9768174988441979
brown_0.05,2,19,114.0,u300,-21313.201171875,6293.1435546875,945047,1038240,0.9102394436739097
brown_0.05,2,19,114.0,u400,-13403.80078125,5908.7900390625,1016974,1038240,0.979517259978425
brown_0.05,2,19,114.0,u500,-13981.2626953125,4523.3095703125,1019036,1038240,0.9815033132994299
brown_0.05,2,19,114.0,u600,-11663.755859375,3038.770263671875,1007251,1038240,0.9701523732470334
brown_0.05,2,19,114.0,u700,-6873.93701171875,3458.113037109375,1010225,1038240,0.9730168361843119
brown_0.05,2,19,114.0,u850,-4667.56103515625,5249.79638671875,1002721,1038240,0.9657892202188318
brown_0.05,2,19,114.0,u925,-5416.79443359375,4186.8857421875,1001056,1038240,0.9641855447680691
brown_0.05,2,19,114.0,u1000,-4344.80517578125,3133.42138671875,997032,1038240,0.9603097549699492
brown_0.05,2,19,114.0,v50,-4097.62353515625,450.96246337890625,687002,1038240,0.661698643858838
brown_0.05,2,19,114.0,v100,-3164.01171875,940.8505249023438,854669,1038240,0.8231902065033133
brown_0.05,2,19,114.0,v150,-4124.94091796875,8868.720703125,1013692,1038240,0.9763561411619665
brown_0.05,2,19,114.0,v200,-1710.623291015625,5284.30029296875,956245,1038240,0.9210250038526737
brown_0.05,2,19,114.0,v250,-332.53143310546875,5412.4208984375,975198,1038240,0.9392799352750809
brown_0.05,2,19,114.0,v300,-800.3473510742188,2504.60009765625,746139,1038240,0.7186575358298659
brown_0.05,2,19,114.0,v400,-783.903564453125,493.96844482421875,558904,1038240,0.5383186931730621
brown_0.05,2,19,114.0,v500,-337.9105224609375,717.0000610351562,507528,1038240,0.4888349514563107
brown_0.05,2,19,114.0,v600,-584.9203491210938,745.7057495117188,642558,1038240,0.6188915857605178
brown_0.05,2,19,114.0,v700,-2314.07421875,1761.041748046875,916401,1038240,0.8826485205732778
brown_0.05,2,19,114.0,v850,-153.75424194335938,2417.06005859375,968174,1038240,0.9325146401602712
brown_0.05,2,19,114.0,v925,-239.16091918945312,3679.8505859375,995253,1038240,0.9585962783171521
brown_0.05,2,19,114.0,v1000,-280.0971984863281,3537.19287109375,967363,1038240,0.9317335105563261
brown_0.05,2,19,114.0,z50,-2993059.0,8073864.0,1030247,1038240,0.9923013946678996
brown_0.05,2,19,114.0,z100,66767.3984375,8384296.5,1030040,1038240,0.992102018801048
brown_0.05,2,19,114.0,z150,119366.1875,9658113.0,1036882,1038240,0.9986920172599785
brown_0.05,2,19,114.0,z200,68498.890625,8232545.0,1030457,1038240,0.9925036600400678
brown_0.05,2,19,114.0,z250,50451.6953125,7451104.5,1028476,1038240,0.9905956233626136
brown_0.05,2,19,114.0,z300,60102.63671875,6224205.0,1033726,1038240,0.9956522576668208
brown_0.05,2,19,114.0,z400,68230.8984375,4162512.0,1030158,1038240,0.9922156726768377
brown_0.05,2,19,114.0,z500,-832.421875,2901724.75,1021069,1038240,0.9834614347357066
brown_0.05,2,19,114.0,z600,-50880.33203125,2049162.75,1017132,1038240,0.9796694405917706
brown_0.05,2,19,114.0,z700,-111179.5078125,1254777.375,1000265,1038240,0.9634236785329018
brown_0.05,2,19,114.0,z850,-244633.1875,615820.6875,857301,1038240,0.8257252658344891
brown_0.05,2,19,114.0,z925,-633917.8125,633247.6875,965580,1038240,0.9300161812297735
brown_0.05,2,19,114.0,z1000,-941277.5625,647064.3125,972170,1038240,0.936363461242102
brown_0.05,2,19,114.0,t50,-16313.15234375,14995.38671875,1031429,1038240,0.9934398597626753
brown_0.05,2,19,114.0,t100,-22409.658203125,19138.765625,1031098,1038240,0.9931210510094005
brown_0.05,2,19,114.0,t150,-4210.8505859375,8959.0068359375,991986,1038240,0.9554496070272769
brown_0.05,2,19,114.0,t200,107.30819702148438,11912.2412109375,1034885,1038240,0.996768569887502
brown_0.05,2,19,114.0,t250,-674.9095458984375,20553.421875,1028718,1038240,0.9908287101248267
brown_0.05,2,19,114.0,t300,-1710.81201171875,24265.3515625,1029831,1038240,0.9919007165973185
brown_0.05,2,19,114.0,t400,-1269.8743896484375,21494.236328125,1027455,1038240,0.9896122283865002
brown_0.05,2,19,114.0,t500,-921.9844970703125,16287.408203125,1024061,1038240,0.9863432347048852
brown_0.05,2,19,114.0,t600,-812.15234375,14111.7138671875,1023127,1038240,0.9854436353829558
brown_0.05,2,19,114.0,t700,-411.1380615234375,14591.572265625,1018745,1038240,0.9812230312837109
brown_0.05,2,19,114.0,t850,-92.26651000976562,14984.0439453125,1014872,1038240,0.9774926799198644
brown_0.05,2,19,114.0,t925,-424.9654541015625,11017.8193359375,990063,1038240,0.9535974341192788
brown_0.05,2,19,114.0,t1000,-1186.022705078125,10636.5595703125,932824,1038240,0.8984666358452766
brown_0.05,2,19,114.0,q50,-0.05947590991854668,0.060785919427871704,558256,1038240,0.5376945600246571
brown_0.05,2,19,114.0,q100,-0.019485237076878548,0.025292452424764633,494880,1038240,0.47665279704114655
brown_0.05,2,19,114.0,q150,-0.011577773839235306,0.054094213992357254,78507,1038240,0.07561546463245493
brown_0.05,2,19,114.0,q200,-0.009759491309523582,0.18095837533473969,629621,1038240,0.6064310756665126
brown_0.05,2,19,114.0,q250,-0.01886969991028309,0.5524580478668213,895061,1038240,0.8620945060872245
brown_0.05,2,19,114.0,q300,-0.007805861532688141,1.34552001953125,971850,1038240,0.9360552473416551
brown_0.05,2,19,114.0,q400,-0.050545044243335724,3.070406675338745,1019145,1038240,0.9816082986592696
brown_0.05,2,19,114.0,q500,-0.13574358820915222,4.991940021514893,1027425,1038240,0.9895833333333334
brown_0.05,2,19,114.0,q600,-0.10389339923858643,7.786571502685547,1031950,1038240,0.9939416705193405
brown_0.05,2,19,114.0,q700,-0.06809860467910767,10.428061485290527,1033093,1038240,0.9950425720449992
brown_0.05,2,19,114.0,q850,-0.4737927317619324,15.540029525756836,1034057,1038240,0.9959710664200956
brown_0.05,2,19,114.0,q925,-0.43832525610923767,16.87443733215332,1033727,1038240,0.9956532208352596
brown_0.05,2,19,114.0,q1000,-0.10241855680942535,16.77513313293457,1034047,1038240,0.9959614347357065
brown_0.05,2,20,120.0,u10m,-3779.33154296875,2701.8955078125,1008928,1038240,0.971767606719063
brown_0.05,2,20,120.0,v10m,-348.0523986816406,3103.779296875,968797,1038240,0.9331146940977038
brown_0.05,2,20,120.0,u100m,-4574.56884765625,3368.016357421875,1011675,1038240,0.9744134304207119
brown_0.05,2,20,120.0,v100m,-359.41064453125,2996.857177734375,989748,1038240,0.9532940360610264
brown_0.05,2,20,120.0,t2m,-1158.329345703125,16069.1826171875,875744,1038240,0.843488981353059
brown_0.05,2,20,120.0,sp,-1515494.5,1278794.5,981241,1038240,0.945100362151333
brown_0.05,2,20,120.0,msl,-1148983.5,980959.5,1026789,1038240,0.9889707582061951
brown_0.05,2,20,120.0,tcwv,-348.3964538574219,73189.3828125,1036703,1038240,0.9985196101094159
brown_0.05,2,20,120.0,u50,-21199.21484375,8419.8525390625,748459,1038240,0.720892086608106
brown_0.05,2,20,120.0,u100,-17748.291015625,13604.279296875,1030600,1038240,0.99264139312683
brown_0.05,2,20,120.0,u150,-16794.376953125,15400.59375,1030490,1038240,0.9925354445985514
brown_0.05,2,20,120.0,u200,-25101.5234375,8461.0498046875,1013936,1038240,0.9765911542610571
brown_0.05,2,20,120.0,u250,-31172.96875,7143.822265625,999933,1038240,0.9631039066111882
brown_0.05,2,20,120.0,u300,-21906.546875,6197.34521484375,956755,1038240,0.921516219756511
brown_0.05,2,20,120.0,u400,-13991.4091796875,5842.6103515625,1006570,1038240,0.9694964555401449
brown_0.05,2,20,120.0,u500,-14337.5537109375,4481.54345703125,1017389,1038240,0.9799169748805671
brown_0.05,2,20,120.0,u600,-11930.8857421875,3021.94482421875,997277,1038240,0.9605457312374788
brown_0.05,2,20,120.0,u700,-7159.2509765625,3313.64306640625,1010234,1038240,0.973025504700262
brown_0.05,2,20,120.0,u850,-4870.67041015625,5194.71875,1003804,1038240,0.9668323316381568
brown_0.05,2,20,120.0,u925,-5590.22802734375,4141.7529296875,1001479,1038240,0.9645929650177223
brown_0.05,2,20,120.0,u1000,-4403.537109375,3102.110107421875,996615,1038240,0.9599081137309292
brown_0.05,2,20,120.0,v50,-4350.2919921875,426.7452697753906,702790,1038240,0.6769051471721375
brown_0.05,2,20,120.0,v100,-3297.81982421875,879.9098510742188,845499,1038240,0.8143579519186316
brown_0.05,2,20,120.0,v150,-4253.611328125,8689.9052734375,1014188,1038240,0.9768338727076591
brown_0.05,2,20,120.0,v200,-1681.727783203125,5152.41015625,961623,1038240,0.9262049237170596
brown_0.05,2,20,120.0,v250,-306.22454833984375,5311.02734375,973426,1038240,0.9375732008013561
brown_0.05,2,20,120.0,v300,-792.4469604492188,2443.357666015625,735687,1038240,0.7085904993065187
brown_0.05,2,20,120.0,v400,-814.0172119140625,474.90594482421875,553200,1038240,0.532824780397596
brown_0.05,2,20,120.0,v500,-312.8846435546875,685.1452026367188,464453,1038240,0.4473464709508399
brown_0.05,2,20,120.0,v600,-566.573486328125,674.8883666992188,624610,1038240,0.6016046386192018
brown_0.05,2,20,120.0,v700,-2313.009521484375,1744.2166748046875,919131,1038240,0.8852779704114656
brown_0.05,2,20,120.0,v850,-143.73243713378906,2417.394775390625,969366,1038240,0.933662736939436
brown_0.05,2,20,120.0,v925,-229.83615112304688,3678.810791015625,995890,1038240,0.9592098166127292
brown_0.05,2,20,120.0,v1000,-269.64422607421875,3522.883056640625,968643,1038240,0.9329663661581137
brown_0.05,2,20,120.0,z50,-2974291.5,8311275.5,1030545,1038240,0.9925884188626907
brown_0.05,2,20,120.0,z100,39239.75,8735740.0,1030334,1038240,0.9923851903220835
brown_0.05,2,20,120.0,z150,117211.3828125,9994500.0,1036860,1038240,0.9986708275543227
brown_0.05,2,20,120.0,z200,68713.21875,8539934.0,1032573,1038240,0.994541724456773
brown_0.05,2,20,120.0,z250,50946.7421875,7701024.5,1029985,1038240,0.9920490445369086
brown_0.05,2,20,120.0,z300,59498.5859375,6438446.0,1034358,1038240,0.9962609801202035
brown_0.05,2,20,120.0,z400,67704.3515625,4324475.0,1031223,1038240,0.9932414470642627
brown_0.05,2,20,120.0,z500,2813.91796875,3022008.75,1021755,1038240,0.9841221682847896
brown_0.05,2,20,120.0,z600,-45658.12109375,2136734.25,1018292,1038240,0.9807867159808907
brown_0.05,2,20,120.0,z700,-104886.6328125,1311858.375,1002256,1038240,0.9653413468947449
brown_0.05,2,20,120.0,z850,-224057.53125,598983.9375,875459,1038240,0.8432144783479735
brown_0.05,2,20,120.0,z925,-615137.4375,610166.3125,964874,1038240,0.9293361843119124
brown_0.05,2,20,120.0,z1000,-934958.625,621094.5,970540,1038240,0.9347934966867005
brown_0.05,2,20,120.0,t50,-16403.521484375,14827.486328125,1031561,1038240,0.9935669979966096
brown_0.05,2,20,120.0,t100,-22325.693359375,19067.666015625,1030966,1038240,0.9929939127754662
brown_0.05,2,20,120.0,t150,-3936.218505859375,9034.7919921875,987587,1038240,0.9512126290645708
brown_0.05,2,20,120.0,t200,80.82241821289062,12714.0068359375,1034719,1038240,0.9966086839266451
brown_0.05,2,20,120.0,t250,-603.4612426757812,21311.474609375,1029323,1038240,0.9914114270303591
brown_0.05,2,20,120.0,t300,-1590.9290771484375,24895.625,1030429,1038240,0.9924766913237787
brown_0.05,2,20,120.0,t400,-1177.455810546875,22167.736328125,1027381,1038240,0.9895409539220219
brown_0.05,2,20,120.0,t500,-846.598388671875,16919.275390625,1024506,1038240,0.9867718446601942
brown_0.05,2,20,120.0,t600,-741.6785888671875,14770.1279296875,1024363,1038240,0.986634111573432
brown_0.05,2,20,120.0,t700,-359.7142333984375,15209.29296875,1020309,1038240,0.9827294267221451
brown_0.05,2,20,120.0,t850,-64.22171020507812,15560.1435546875,1017365,1038240,0.9798938588380336
brown_0.05,2,20,120.0,t925,-334.181396484375,11639.349609375,995667,1038240,0.9589950300508553
brown_0.05,2,20,120.0,t1000,-1046.5537109375,11269.1201171875,943239,1038240,0.9084980351363846
brown_0.05,2,20,120.0,q50,-0.058436889201402664,0.059702832251787186,552222,1038240,0.5318828016643551
brown_0.05,2,20,120.0,q100,-0.018972249701619148,0.024713639169931412,494582,1038240,0.4763657728463554
brown_0.05,2,20,120.0,q150,-0.010779953561723232,0.053919341415166855,71746,1038240,0.06910348281707505
brown_0.05,2,20,120.0,q200,-0.009526197798550129,0.1821296215057373,631703,1038240,0.6084363923562953
brown_0.05,2,20,120.0,q250,-0.017757056280970573,0.5580432415008545,898574,1038240,0.8654781168130683
brown_0.05,2,20,120.0,q300,-0.0069845691323280334,1.3549057245254517,972614,1038240,0.9367911080289721
brown_0.05,2,20,120.0,q400,-0.04841189086437225,3.0990896224975586,1019104,1038240,0.9815688087532748
brown_0.05,2,20,120.0,q500,-0.12955594062805176,5.057222843170166,1027474,1038240,0.9896305285868393
brown_0.05,2,20,120.0,q600,-0.10295366495847702,7.851273059844971,1032155,1038240,0.9941391200493143
brown_0.05,2,20,120.0,q700,-0.0806150734424591,10.561774253845215,1033424,1038240,0.995361380798274
brown_0.05,2,20,120.0,q850,-0.4645901024341583,15.840107917785645,1034317,1038240,0.9962214902142087
brown_0.05,2,20,120.0,q925,-0.41128212213516235,17.170568466186523,1033820,1038240,0.995742795500077
brown_0.05,2,20,120.0,q1000,-0.10344432294368744,17.100521087646484,1034078,1038240,0.9959912929573124
brown_0.05,3,0,0.0,u10m,-29.99614906311035,25.039682388305664,0,1038240,0.0
brown_0.05,3,0,0.0,v10m,-27.585697174072266,26.064104080200195,0,1038240,0.0
brown_0.05,3,0,0.0,u100m,-38.611656188964844,30.805856704711914,0,1038240,0.0
brown_0.05,3,0,0.0,v100m,-33.1713981628418,32.436241149902344,0,1038240,0.0
brown_0.05,3,0,0.0,t2m,203.02333068847656,317.2106018066406,0,1038240,0.0
brown_0.05,3,0,0.0,sp,49593.38671875,104524.5625,0,1038240,0.0
brown_0.05,3,0,0.0,msl,93167.3203125,107762.96875,0,1038240,0.0
brown_0.05,3,0,0.0,tcwv,0.018714595586061478,80.6789321899414,0,1038240,0.0
brown_0.05,3,0,0.0,u50,-32.48821258544922,69.65562438964844,0,1038240,0.0
brown_0.05,3,0,0.0,u100,-42.4554557800293,63.599361419677734,0,1038240,0.0
brown_0.05,3,0,0.0,u150,-43.71415710449219,76.4435806274414,0,1038240,0.0
brown_0.05,3,0,0.0,u200,-44.93888854980469,103.88674926757812,0,1038240,0.0
brown_0.05,3,0,0.0,u250,-45.845943450927734,105.44196319580078,0,1038240,0.0
brown_0.05,3,0,0.0,u300,-36.335357666015625,102.40773010253906,0,1038240,0.0
brown_0.05,3,0,0.0,u400,-35.7181510925293,71.9053726196289,0,1038240,0.0
brown_0.05,3,0,0.0,u500,-39.30739212036133,50.1704216003418,0,1038240,0.0
brown_0.05,3,0,0.0,u600,-45.011356353759766,45.70888137817383,0,1038240,0.0
brown_0.05,3,0,0.0,u700,-47.067745208740234,41.16715621948242,0,1038240,0.0
brown_0.05,3,0,0.0,u850,-52.85532760620117,36.27031326293945,0,1038240,0.0
brown_0.05,3,0,0.0,u925,-42.25699234008789,34.293182373046875,0,1038240,0.0
brown_0.05,3,0,0.0,u1000,-29.02439308166504,24.70108985900879,0,1038240,0.0
brown_0.05,3,0,0.0,v50,-28.36141586303711,37.034149169921875,0,1038240,0.0
brown_0.05,3,0,0.0,v100,-31.303409576416016,41.944095611572266,0,1038240,0.0
brown_0.05,3,0,0.0,v150,-39.80571365356445,46.203346252441406,0,1038240,0.0
brown_0.05,3,0,0.0,v200,-56.721981048583984,65.0333023071289,0,1038240,0.0
brown_0.05,3,0,0.0,v250,-63.05696487426758,62.87846755981445,0,1038240,0.0
brown_0.05,3,0,0.0,v300,-54.87777328491211,65.46773529052734,0,1038240,0.0
brown_0.05,3,0,0.0,v400,-59.95852279663086,63.0466423034668,0,1038240,0.0
brown_0.05,3,0,0.0,v500,-50.16450881958008,56.8385124206543,0,1038240,0.0
brown_0.05,3,0,0.0,v600,-44.95726013183594,40.00566482543945,0,1038240,0.0
brown_0.05,3,0,0.0,v700,-36.778202056884766,42.25521469116211,0,1038240,0.0
brown_0.05,3,0,0.0,v850,-42.87984085083008,34.97638702392578,0,1038240,0.0
brown_0.05,3,0,0.0,v925,-37.36347961425781,37.03746032714844,0,1038240,0.0
brown_0.05,3,0,0.0,v1000,-26.31584358215332,25.05772590637207,0,1038240,0.0
brown_0.05,3,0,0.0,z50,178325.859375,207936.46875,0,1038240,0.0
brown_0.05,3,0,0.0,z100,140693.171875,165755.78125,0,1038240,0.0
brown_0.05,3,0,0.0,z150,117632.0859375,141996.203125,0,1038240,0.0
brown_0.05,3,0,0.0,z200,100768.6953125,123884.2265625,0,1038240,0.0
brown_0.05,3,0,0.0,z250,87459.7109375,109026.8203125,0,1038240,0.0
brown_0.05,3,0,0.0,z300,76373.0078125,96321.0390625,0,1038240,0.0
brown_0.05,3,0,0.0,z400,58395.83984375,75588.453125,0,1038240,0.0
brown_0.05,3,0,0.0,z500,43960.3984375,58905.3125,0,1038240,0.0
brown_0.05,3,0,0.0,z600,31816.015625,44789.125,0,1038240,0.0
brown_0.05,3,0,0.0,z700,21341.0234375,32461.08984375,0,1038240,0.0
brown_0.05,3,0,0.0,z850,7071.60302734375,16482.8828125,0,1038240,0.0
brown_0.05,3,0,0.0,z925,558.6510009765625,9957.2607421875,0,1038240,0.0
brown_0.05,3,0,0.0,z1000,-5507.89013671875,4905.53173828125,0,1038240,0.0
brown_0.05,3,0,0.0,t50,177.01104736328125,233.30140686035156,0,1038240,0.0
brown_0.05,3,0,0.0,t100,185.80455017089844,235.8737335205078,0,1038240,0.0
brown_0.05,3,0,0.0,t150,187.85362243652344,238.99166870117188,0,1038240,0.0
brown_0.05,3,0,0.0,t200,190.1678924560547,241.1851043701172,0,1038240,0.0
brown_0.05,3,0,0.0,t250,199.02040100097656,243.5751953125,0,1038240,0.0
brown_0.05,3,0,0.0,t300,204.6815185546875,251.77255249023438,0,1038240,0.0
brown_0.05,3,0,0.0,t400,216.12847900390625,266.4421081542969,0,1038240,0.0
brown_0.05,3,0,0.0,t500,224.4421844482422,276.8726501464844,0,1038240,0.0
brown_0.05,3,0,0.0,t600,204.5948944091797,287.2554626464844,0,1038240,0.0
brown_0.05,3,0,0.0,t700,208.47830200195312,296.9617919921875,0,1038240,0.0
brown_0.05,3,0,0.0,t850,216.27597045898438,309.7291259765625,0,1038240,0.0
brown_0.05,3,0,0.0,t925,219.8396759033203,315.26312255859375,0,1038240,0.0
brown_0.05,3,0,0.0,t1000,223.06776428222656,319.69757080078125,0,1038240,0.0
brown_0.05,3,0,0.0,q50,-0.12429126352071762,0.09344727545976639,656757,1038240,0.6325676144244106
brown_0.05,3,0,0.0,q100,-0.10152063518762589,0.09187819063663483,589739,1038240,0.5680179919864385
brown_0.05,3,0,0.0,q150,-0.1523643136024475,0.1651863157749176,919488,1038240,0.8856218215441516
brown_0.05,3,0,0.0,q200,-0.1337340623140335,0.15253376960754395,741278,1038240,0.7139755740483896
brown_0.05,3,0,0.0,q250,-0.11571311950683594,0.11856819689273834,778563,1038240,0.7498873092926491
brown_0.05,3,0,0.0,q300,-0.13181932270526886,0.11844151467084885,712556,1038240,0.6863114501464016
brown_0.05,3,0,0.0,q400,-0.0831068754196167,0.08706986159086227,474247,1038240,0.45677974264139315
brown_0.05,3,0,0.0,q500,-0.1042139008641243,0.11702132225036621,634935,1038240,0.611549352750809
brown_0.05,3,0,0.0,q600,-0.0612916573882103,0.08206597715616226,579120,1038240,0.5577901063337957
brown_0.05,3,0,0.0,q700,-0.07177906483411789,0.08959174156188965,467987,1038240,0.45075030821390044
brown_0.05,3,0,0.0,q850,-0.08707454800605774,0.12441176176071167,758640,1038240,0.7306981044845122
brown_0.05,3,0,0.0,q925,-0.1368228644132614,0.14754463732242584,784965,1038240,0.7560535136384651
brown_0.05,3,0,0.0,q1000,-0.05203569307923317,0.08010011166334152,473253,1038240,0.4558223532131299
brown_0.05,3,1,6.0,u10m,-1733.84716796875,1510.7132568359375,955627,1038240,0.9204297657574356
brown_0.05,3,1,6.0,v10m,-1189.89404296875,3141.618408203125,777457,1038240,0.7488220449992294
brown_0.05,3,1,6.0,u100m,-1405.6353759765625,2158.450439453125,970604,1038240,0.93485513946679
brown_0.05,3,1,6.0,v100m,-1106.6807861328125,3898.328369140625,710209,1038240,0.6840508938203113
brown_0.05,3,1,6.0,t2m,-3256.14208984375,737.524169921875,1003213,1038240,0.966263099090769
brown_0.05,3,1,6.0,sp,-548641.125,649332.5,939955,1038240,0.9053349899830483
brown_0.05,3,1,6.0,msl,11.03125,476727.5,965417,1038240,0.9298591847742333
brown_0.05,3,1,6.0,tcwv,-849.951171875,22419.76953125,1020902,1038240,0.9833005856064109
brown_0.05,3,1,6.0,u50,-3661.590087890625,5873.66455078125,966904,1038240,0.9312914162428726
brown_0.05,3,1,6.0,u100,-1533.2427978515625,4475.25048828125,984816,1038240,0.9485436893203884
brown_0.05,3,1,6.0,u150,-1708.8731689453125,11109.6591796875,1014119,1038240,0.9767674140853753
brown_0.05,3,1,6.0,u200,-1524.2493896484375,8005.224609375,923855,1038240,0.889827978116813
brown_0.05,3,1,6.0,u250,-12330.9052734375,3030.9990234375,926518,1038240,0.8923928956695947
brown_0.05,3,1,6.0,u300,-8831.6533203125,3885.626953125,998282,1038240,0.9615137155185699
brown_0.05,3,1,6.0,u400,-983.4672241210938,3843.833740234375,749229,1038240,0.7216337263060564
brown_0.05,3,1,6.0,u500,-6287.982421875,706.0816040039062,904167,1038240,0.870865117891817
brown_0.05,3,1,6.0,u600,-3940.87939453125,1649.975341796875,940361,1038240,0.9057260363692402
brown_0.05,3,1,6.0,u700,-641.4840087890625,2763.234375,900538,1038240,0.8673697796270612
brown_0.05,3,1,6.0,u850,-242.16026306152344,2507.8017578125,817404,1038240,0.7872977346278317
brown_0.05,3,1,6.0,u925,-595.7457885742188,2629.286865234375,819273,1038240,0.7890978964401294
brown_0.05,3,1,6.0,u1000,-2650.367919921875,1597.7366943359375,888860,1038240,0.8561218985976268
brown_0.05,3,1,6.0,v50,-1188.3558349609375,1027.6182861328125,663602,1038240,0.6391605023886577
brown_0.05,3,1,6.0,v100,-1058.1456298828125,2290.06640625,832432,1038240,0.8017722299275697
brown_0.05,3,1,6.0,v150,-5447.88818359375,8201.142578125,1006007,1038240,0.9689541917090461
brown_0.05,3,1,6.0,v200,-2748.149658203125,2737.477294921875,975847,1038240,0.9399050315919248
brown_0.05,3,1,6.0,v250,-923.5469970703125,6246.72802734375,937622,1038240,0.9030879180151025
brown_0.05,3,1,6.0,v300,-553.8845825195312,2295.649169921875,763331,1038240,0.7352163276313761
brown_0.05,3,1,6.0,v400,-2522.90625,1364.8121337890625,893671,1038240,0.8607557019571582
brown_0.05,3,1,6.0,v500,-754.4953002929688,1060.179443359375,752238,1038240,0.7245319001386963
brown_0.05,3,1,6.0,v600,-1355.776611328125,1817.4761962890625,865002,1038240,0.8331426259824318
brown_0.05,3,1,6.0,v700,-3486.276123046875,2092.43896484375,876401,1038240,0.8441217830174141
brown_0.05,3,1,6.0,v850,-1003.8722534179688,2279.43798828125,875878,1038240,0.8436180459238711
brown_0.05,3,1,6.0,v925,-1084.321533203125,2350.122314453125,858292,1038240,0.8266797657574356
brown_0.05,3,1,6.0,v1000,-858.9759521484375,3840.07275390625,702635,1038240,0.6767558560641085
brown_0.05,3,1,6.0,z50,-699829.75,1505549.25,966175,1038240,0.9305892664509169
brown_0.05,3,1,6.0,z100,-207160.734375,935522.4375,864016,1038240,0.8321929419016798
brown_0.05,3,1,6.0,z150,-101696.421875,1441210.625,814574,1038240,0.7845719679457543
brown_0.05,3,1,6.0,z200,-54151.2890625,579297.9375,816121,1038240,0.7860619895207274
brown_0.05,3,1,6.0,z250,32634.015625,722017.0,833501,1038240,0.8028018569887502
brown_0.05,3,1,6.0,z300,-8977.7890625,713318.625,482327,1038240,0.4645621436276776
brown_0.05,3,1,6.0,z400,55449.0,283468.9375,698048,1038240,0.6723378024348898
brown_0.05,3,1,6.0,z500,-31786.125,224220.734375,628970,1038240,0.6058040530127908
brown_0.05,3,1,6.0,z600,5607.27734375,194416.609375,615343,1038240,0.592678956695947
brown_0.05,3,1,6.0,z700,-44986.953125,205296.359375,604725,1038240,0.582452034211743
brown_0.05,3,1,6.0,z850,-12053.306640625,146680.21875,529776,1038240,0.5102635228848821
brown_0.05,3,1,6.0,z925,-62014.28515625,199601.03125,479190,1038240,0.461540684234859
brown_0.05,3,1,6.0,z1000,-77359.7578125,214444.859375,447308,1038240,0.4308329480659578
brown_0.05,3,1,6.0,t50,-3545.836669921875,2803.2861328125,980065,1038240,0.9439676760671907
brown_0.05,3,1,6.0,t100,-7882.64990234375,4342.22998046875,1014402,1038240,0.9770399907535829
brown_0.05,3,1,6.0,t150,-3785.518310546875,5427.80224609375,1011775,1038240,0.9745097472646016
brown_0.05,3,1,6.0,t200,-1986.4478759765625,2499.06298828125,881891,1038240,0.8494095777469564
brown_0.05,3,1,6.0,t250,-1159.617919921875,2878.36474609375,907625,1038240,0.8741957543535214
brown_0.05,3,1,6.0,t300,-983.437255859375,3156.22607421875,909193,1038240,0.8757060024657112
brown_0.05,3,1,6.0,t400,-368.02899169921875,2003.0665283203125,891100,1038240,0.8582793959007551
brown_0.05,3,1,6.0,t500,-366.1287841796875,1285.9334716796875,742462,1038240,0.7151159654800432
brown_0.05,3,1,6.0,t600,-1391.755859375,1339.9464111328125,952799,1038240,0.9177059254122361
brown_0.05,3,1,6.0,t700,-1086.0899658203125,487.1694030761719,698677,1038240,0.6729436353829558
brown_0.05,3,1,6.0,t850,-2873.36572265625,1792.153564453125,916073,1038240,0.8823326013253198
brown_0.05,3,1,6.0,t925,-5085.3505859375,1151.1822509765625,824159,1038240,0.7938039374325782
brown_0.05,3,1,6.0,t1000,-4050.227783203125,781.8941650390625,926498,1038240,0.8923736323008168
brown_0.05,3,1,6.0,q50,-0.12216679751873016,0.09178395569324493,649817,1038240,0.6258832254584682
brown_0.05,3,1,6.0,q100,-0.09128749370574951,0.08447996526956558,564140,1038240,0.5433618431191247
brown_0.05,3,1,6.0,q150,-0.07918661832809448,0.10045629739761353,835670,1038240,0.8048909693327169
brown_0.05,3,1,6.0,q200,-0.026087364181876183,0.10071149468421936,336186,1038240,0.3238037447988904
brown_0.05,3,1,6.0,q250,-0.0824706107378006,0.2562430202960968,819650,1038240,0.7894610109415935
brown_0.05,3,1,6.0,q300,-0.06265819817781448,0.7164281606674194,801212,1038240,0.771702111265218
brown_0.05,3,1,6.0,q400,-0.10354097187519073,1.2875934839248657,896410,1038240,0.8633938203112961
brown_0.05,3,1,6.0,q500,-0.1172504723072052,1.1320987939834595,902437,1038240,0.8691988364925258
brown_0.05,3,1,6.0,q600,-0.13146644830703735,2.2743124961853027,993483,1038240,0.9568914701803052
brown_0.05,3,1,6.0,q700,-0.4577421545982361,2.4796488285064697,991282,1038240,0.9547715364462938
brown_0.05,3,1,6.0,q850,-0.5001961588859558,4.545143127441406,1010483,1038240,0.9732653336415472
brown_0.05,3,1,6.0,q925,-0.62535560131073,4.55371618270874,1002486,1038240,0.9655628756356912
brown_0.05,3,1,6.0,q1000,-0.30199044942855835,3.1734702587127686,1020724,1038240,0.9831291416242872
brown_0.05,3,2,12.0,u10m,-2399.18701171875,2187.340576171875,986727,1038240,0.9503843042071197
brown_0.05,3,2,12.0,v10m,-1414.178955078125,3924.355224609375,811657,1038240,0.781762405609493
brown_0.05,3,2,12.0,u100m,-2558.455810546875,2935.283447265625,995984,1038240,0.9593003544459855
brown_0.05,3,2,12.0,v100m,-1215.1531982421875,4559.19775390625,871649,1038240,0.8395448065957775
brown_0.05,3,2,12.0,t2m,-4947.927734375,906.572265625,985497,1038240,0.9491996070272769
brown_0.05,3,2,12.0,sp,-1063176.5,1106913.125,981460,1038240,0.9453112960394514
brown_0.05,3,2,12.0,msl,-153428.140625,791992.3125,1011735,1038240,0.9744712205270458
brown_0.05,3,2,12.0,tcwv,-949.5519409179688,39562.90625,1031275,1038240,0.9932915318230853
brown_0.05,3,2,12.0,u50,-6303.9853515625,10116.6640625,993710,1038240,0.9571101094159347
brown_0.05,3,2,12.0,u100,-1535.633056640625,9150.0849609375,990895,1038240,0.9543987902604407
brown_0.05,3,2,12.0,u150,-1895.864990234375,17139.794921875,1022558,1038240,0.9848955925412236
brown_0.05,3,2,12.0,u200,-693.65087890625,8626.0263671875,1014490,1038240,0.9771247495762059
brown_0.05,3,2,12.0,u250,-17899.81640625,4709.5595703125,994317,1038240,0.9576947526583449
brown_0.05,3,2,12.0,u300,-14072.1044921875,3602.322998046875,999392,1038240,0.962582832485745
brown_0.05,3,2,12.0,u400,-4038.78515625,4419.8642578125,958398,1038240,0.9230987055016181
brown_0.05,3,2,12.0,u500,-7876.3408203125,1700.1571044921875,925078,1038240,0.8910059331175836
brown_0.05,3,2,12.0,u600,-6483.283203125,1735.9488525390625,976995,1038240,0.9410107489597781
brown_0.05,3,2,12.0,u700,-1104.3438720703125,3513.146240234375,892863,1038240,0.8599774618585299
brown_0.05,3,2,12.0,u850,-319.63909912109375,3942.193359375,732612,1038240,0.7056287563569117
brown_0.05,3,2,12.0,u925,-1193.320068359375,3888.644775390625,934520,1038240,0.9001001695176453
brown_0.05,3,2,12.0,u1000,-3549.2890625,2428.22265625,932509,1038240,0.8981632377870242
brown_0.05,3,2,12.0,v50,-1505.411376953125,1511.2943115234375,859962,1038240,0.828288257050393
brown_0.05,3,2,12.0,v100,-1790.947265625,2838.235595703125,895563,1038240,0.8625780166435506
brown_0.05,3,2,12.0,v150,-6815.58837890625,10275.869140625,1009286,1038240,0.972112421020188
brown_0.05,3,2,12.0,v200,-3276.692138671875,3952.30078125,995090,1038240,0.958439281861612
brown_0.05,3,2,12.0,v250,-1404.9296875,6060.05224609375,992704,1038240,0.9561411619664046
brown_0.05,3,2,12.0,v300,-660.976806640625,2869.859375,852779,1038240,0.8213698181537987
brown_0.05,3,2,12.0,v400,-2416.645263671875,1567.7628173828125,918822,1038240,0.8849803513638466
brown_0.05,3,2,12.0,v500,-1005.5408935546875,1046.11474609375,637672,1038240,0.6141855447680691
brown_0.05,3,2,12.0,v600,-1484.8568115234375,1941.354248046875,918628,1038240,0.8847934966867006
brown_0.05,3,2,12.0,v700,-3508.462158203125,2395.539306640625,886991,1038240,0.854321736785329
brown_0.05,3,2,12.0,v850,-1007.0166015625,3037.193359375,948079,1038240,0.9131597703806442
brown_0.05,3,2,12.0,v925,-1063.6578369140625,3789.69482421875,956052,1038240,0.9208391123439668
brown_0.05,3,2,12.0,v1000,-964.044189453125,4907.2744140625,809329,1038240,0.7795201494837417
brown_0.05,3,2,12.0,z50,-1320452.125,2445334.75,998724,1038240,0.9619394359685621
brown_0.05,3,2,12.0,z100,-248395.640625,1324477.625,968184,1038240,0.9325242718446602
brown_0.05,3,2,12.0,z150,-96043.515625,2260778.0,586003,1038240,0.5644195946987209
brown_0.05,3,2,12.0,z200,-79171.6640625,1159060.375,952628,1038240,0.9175412236091848
brown_0.05,3,2,12.0,z250,36130.6796875,1471157.375,893673,1038240,0.860757628294036
brown_0.05,3,2,12.0,z300,34846.47265625,1291658.75,855533,1038240,0.82402238403452
brown_0.05,3,2,12.0,z400,48636.09375,611568.375,878223,1038240,0.8458766759130837
brown_0.05,3,2,12.0,z500,-35821.9296875,412259.1875,827706,1038240,0.7972202958853444
brown_0.05,3,2,12.0,z600,-16629.8515625,351391.09375,805615,1038240,0.7759429419016798
brown_0.05,3,2,12.0,z700,-101226.640625,335851.75,870007,1038240,0.8379632840191092
brown_0.05,3,2,12.0,z850,-58217.328125,245683.375,692227,1038240,0.6667311989520728
brown_0.05,3,2,12.0,z925,-119279.1875,343037.71875,693778,1038240,0.6682250732008014
brown_0.05,3,2,12.0,z1000,-140782.953125,395682.84375,759009,1038240,0.731053513638465
brown_0.05,3,2,12.0,t50,-6735.69091796875,5090.033203125,1008397,1038240,0.971256164278009
brown_0.05,3,2,12.0,t100,-13798.6533203125,7511.75390625,1024979,1038240,0.9872274233317923
brown_0.05,3,2,12.0,t150,-5984.822265625,8002.58642578125,1018484,1038240,0.9809716443211589
brown_0.05,3,2,12.0,t200,-2632.902587890625,3177.71630859375,903952,1038240,0.8706580366774541
brown_0.05,3,2,12.0,t250,-1860.556396484375,4053.279296875,930444,1038240,0.8961742949607028
brown_0.05,3,2,12.0,t300,-1196.7933349609375,6438.9287109375,963855,1038240,0.9283547156726768
brown_0.05,3,2,12.0,t400,-745.0103149414062,4171.49951171875,919745,1038240,0.885869355832948
brown_0.05,3,2,12.0,t500,-825.21728515625,1800.138671875,943053,1038240,0.9083188858067499
brown_0.05,3,2,12.0,t600,-1561.6182861328125,2148.94677734375,976534,1038240,0.9405667283094468
brown_0.05,3,2,12.0,t700,-1758.079345703125,647.1836547851562,878580,1038240,0.8462205270457698
brown_0.05,3,2,12.0,t850,-3125.92041015625,2214.05810546875,951890,1038240,0.9168304053012791
brown_0.05,3,2,12.0,t925,-7504.6591796875,1297.4200439453125,989555,1038240,0.9531081445523193
brown_0.05,3,2,12.0,t1000,-6594.15625,695.7150268554688,948286,1038240,0.9133591462474958
brown_0.05,3,2,12.0,q50,-0.12000324577093124,0.09015911817550659,642897,1038240,0.6192180998613037
brown_0.05,3,2,12.0,q100,-0.08211062848567963,0.07785894721746445,540884,1038240,0.5209623979041454
brown_0.05,3,2,12.0,q150,-0.043349191546440125,0.07454274594783783,675929,1038240,0.6510334797349361
brown_0.05,3,2,12.0,q200,-0.013619090430438519,0.1383565217256546,431418,1038240,0.4155282015718909
brown_0.05,3,2,12.0,q250,-0.038814276456832886,0.366591215133667,617052,1038240,0.5943250115580213
brown_0.05,3,2,12.0,q300,-0.06011490523815155,1.0309094190597534,687735,1038240,0.6624046463245492
brown_0.05,3,2,12.0,q400,-0.10757773369550705,2.05430006980896,966375,1038240,0.9307819001386962
brown_0.05,3,2,12.0,q500,-0.12038057297468185,2.5712974071502686,990907,1038240,0.9544103482817075
brown_0.05,3,2,12.0,q600,-0.15913234651088715,4.749085426330566,1026174,1038240,0.9883784096162737
brown_0.05,3,2,12.0,q700,-0.5998371839523315,5.21136474609375,1010646,1038240,0.9734223300970873
brown_0.05,3,2,12.0,q850,-0.6268894672393799,7.8169050216674805,1021948,1038240,0.9843080597934967
brown_0.05,3,2,12.0,q925,-0.8329417109489441,8.877434730529785,1022168,1038240,0.9845199568500539
brown_0.05,3,2,12.0,q1000,-0.4708631634712219,6.166386127471924,1028666,1038240,0.990778625366004
brown_0.05,3,3,18.0,u10m,-2946.872802734375,2563.65625,1002280,1038240,0.9653644629372785
brown_0.05,3,3,18.0,v10m,-1438.9520263671875,4231.09375,823387,1038240,0.79306037139775
brown_0.05,3,3,18.0,u100m,-3284.14599609375,3349.603271484375,1007576,1038240,0.9704654029896749
brown_0.05,3,3,18.0,v100m,-1207.618408203125,4758.71240234375,912077,1038240,0.8784837802434889
brown_0.05,3,3,18.0,t2m,-5697.77197265625,1015.8785400390625,970545,1038240,0.934798312528895
brown_0.05,3,3,18.0,sp,-1462161.25,1457641.375,992278,1038240,0.9557308522114347
brown_0.05,3,3,18.0,msl,-347544.875,1042058.8125,1020204,1038240,0.982628294036061
brown_0.05,3,3,18.0,tcwv,-938.4671020507812,52172.8203125,1034419,1038240,0.9963197333949761
brown_0.05,3,3,18.0,u50,-8489.9091796875,13041.986328125,991822,1038240,0.9552916474032979
brown_0.05,3,3,18.0,u100,-1203.9395751953125,13226.353515625,993138,1038240,0.9565591770688858
brown_0.05,3,3,18.0,u150,-2054.975830078125,20984.56640625,1023461,1038240,0.9857653336415473
brown_0.05,3,3,18.0,u200,-893.3180541992188,7989.30419921875,1008532,1038240,0.97138619201726
brown_0.05,3,3,18.0,u250,-21397.1328125,6055.1767578125,1010350,1038240,0.973137232239174
brown_0.05,3,3,18.0,u300,-16292.37890625,4194.869140625,1008047,1038240,0.9709190553243952
brown_0.05,3,3,18.0,u400,-5201.15087890625,4976.67333984375,988879,1038240,0.9524570426876252
brown_0.05,3,3,18.0,u500,-9209.55859375,2705.052490234375,956519,1038240,0.9212889120049315
brown_0.05,3,3,18.0,u600,-7919.03955078125,2031.7987060546875,988525,1038240,0.9521160810602558
brown_0.05,3,3,18.0,u700,-1717.292236328125,3840.910888671875,951796,1038240,0.9167398674680228
brown_0.05,3,3,18.0,u850,-420.46014404296875,4642.36083984375,802714,1038240,0.7731487902604407
brown_0.05,3,3,18.0,u925,-1922.771484375,4479.36328125,933391,1038240,0.899012752350131
brown_0.05,3,3,18.0,u1000,-4105.19580078125,2852.743408203125,951400,1038240,0.9163584527662197
brown_0.05,3,3,18.0,v50,-1591.900634765625,1670.0821533203125,871915,1038240,0.8398010094005239
brown_0.05,3,3,18.0,v100,-2171.891357421875,2950.80078125,957858,1038240,0.922578594544614
brown_0.05,3,3,18.0,v150,-7202.73388671875,10963.841796875,1013718,1038240,0.9763811835413777
brown_0.05,3,3,18.0,v200,-3222.92529296875,4521.83984375,990787,1038240,0.9542947680690399
brown_0.05,3,3,18.0,v250,-1570.3858642578125,6619.77880859375,993460,1038240,0.9568693173062105
brown_0.05,3,3,18.0,v300,-717.1094970703125,3011.44091796875,910404,1038240,0.876872399445215
brown_0.05,3,3,18.0,v400,-2155.441162109375,1660.5377197265625,934253,1038240,0.8998430035444599
brown_0.05,3,3,18.0,v500,-1053.765625,1122.103271484375,708316,1038240,0.6822276159654801
brown_0.05,3,3,18.0,v600,-1374.6942138671875,2007.5718994140625,912134,1038240,0.878538680844506
brown_0.05,3,3,18.0,v700,-3500.24755859375,2501.927978515625,871103,1038240,0.8390189166281399
brown_0.05,3,3,18.0,v850,-866.5441284179688,3440.0390625,953678,1038240,0.9185525504700262
brown_0.05,3,3,18.0,v925,-944.9656372070312,4634.66748046875,973260,1038240,0.9374133148404993
brown_0.05,3,3,18.0,v1000,-947.602783203125,5301.14208984375,853693,1038240,0.8222501541069502
brown_0.05,3,3,18.0,z50,-1805146.875,3188534.0,1007573,1038240,0.9704625134843582
brown_0.05,3,3,18.0,z100,-174612.609375,1610233.125,999114,1038240,0.9623150716597318
brown_0.05,3,3,18.0,z150,-24118.859375,3037724.5,927068,1038240,0.8929226383109878
brown_0.05,3,3,18.0,z200,-77509.9453125,1867503.125,985904,1038240,0.9495916165819078
brown_0.05,3,3,18.0,z250,22682.21875,2251301.0,932393,1038240,0.8980515102481121
brown_0.05,3,3,18.0,z300,31435.05078125,1898007.75,922073,1038240,0.8881116119586994
brown_0.05,3,3,18.0,z400,42127.59375,979865.0625,929598,1038240,0.8953594544613962
brown_0.05,3,3,18.0,z500,-38224.875,631937.75,882777,1038240,0.8502629449838188
brown_0.05,3,3,18.0,z600,-38366.06640625,504696.65625,869786,1038240,0.8377504237941131
brown_0.05,3,3,18.0,z700,-143542.265625,454673.25,924143,1038240,0.8901053706272153
brown_0.05,3,3,18.0,z850,-106828.6328125,357988.8125,747841,1038240,0.7202968485128679
brown_0.05,3,3,18.0,z925,-174935.9375,466221.3125,846638,1038240,0.8154550007705348
brown_0.05,3,3,18.0,z1000,-241651.21875,542226.5,924644,1038240,0.8905879180151025
brown_0.05,3,3,18.0,t50,-9611.7880859375,7068.34228515625,1021201,1038240,0.983588572969641
brown_0.05,3,3,18.0,t100,-17825.580078125,9875.6884765625,1027939,1038240,0.9900784019109262
brown_0.05,3,3,18.0,t150,-7237.86279296875,9435.443359375,1019420,1038240,0.9818731699799661
brown_0.05,3,3,18.0,t200,-3170.696533203125,3860.073974609375,900821,1038240,0.8676423562952689
brown_0.05,3,3,18.0,t250,-2199.807861328125,4498.89306640625,955248,1038240,0.9200647249190939
brown_0.05,3,3,18.0,t300,-1272.64990234375,9645.21875,965624,1038240,0.9300585606410849
brown_0.05,3,3,18.0,t400,-1093.84814453125,6582.2333984375,960569,1038240,0.9251897441824626
brown_0.05,3,3,18.0,t500,-1092.70703125,3428.710693359375,968171,1038240,0.9325117506549545
brown_0.05,3,3,18.0,t600,-1547.11181640625,2726.064208984375,956434,1038240,0.9212070426876252
brown_0.05,3,3,18.0,t700,-1360.19677734375,1006.7552490234375,921364,1038240,0.8874287255355217
brown_0.05,3,3,18.0,t850,-2338.08154296875,2233.76708984375,935839,1038240,0.9013705886885498
brown_0.05,3,3,18.0,t925,-7588.9453125,1246.2802734375,999435,1038240,0.9626242487286176
brown_0.05,3,3,18.0,t1000,-7167.7734375,652.1949462890625,965516,1038240,0.9299545384496841
brown_0.05,3,3,18.0,q50,-0.11792994290590286,0.08853363990783691,636165,1038240,0.6127340499306518
brown_0.05,3,3,18.0,q100,-0.07384273409843445,0.0718633383512497,532193,1038240,0.5125915010016951
brown_0.05,3,3,18.0,q150,-0.03417911008000374,0.062451913952827454,515125,1038240,0.49615214208660813
brown_0.05,3,3,18.0,q200,-0.011764856055378914,0.16276238858699799,502337,1038240,0.48383514408999845
brown_0.05,3,3,18.0,q250,-0.03126636892557144,0.44175052642822266,606821,1038240,0.5844708352596703
brown_0.05,3,3,18.0,q300,-0.054992593824863434,1.214292049407959,778088,1038240,0.7494298042841732
brown_0.05,3,3,18.0,q400,-0.08929354697465897,2.604717969894409,982616,1038240,0.9464247187548158
brown_0.05,3,3,18.0,q500,-0.11921902000904083,3.7446231842041016,1017600,1038240,0.9801202034211743
brown_0.05,3,3,18.0,q600,-0.14308880269527435,6.821371555328369,1028652,1038240,0.9907651410078595
brown_0.05,3,3,18.0,q700,-0.5398631691932678,7.191219329833984,1018910,1038240,0.9813819540761288
brown_0.05,3,3,18.0,q850,-0.5954049825668335,10.021199226379395,1026608,1038240,0.9887964247187548
brown_0.05,3,3,18.0,q925,-0.8648417592048645,11.470622062683105,1025968,1038240,0.988179996917861
brown_0.05,3,3,18.0,q1000,-0.5029763579368591,8.520964622497559,1030624,1038240,0.9926645091693636
brown_0.05,3,4,24.0,u10m,-3339.088623046875,2801.293701171875,1009061,1038240,0.9718957081214363
brown_0.05,3,4,24.0,v10m,-1399.9149169921875,4465.7177734375,843138,1038240,0.8120839112343967
brown_0.05,3,4,24.0,u100m,-3664.08935546875,3561.7099609375,1011900,1038240,0.9746301433194637
brown_0.05,3,4,24.0,v100m,-1172.5684814453125,4963.0087890625,931319,1038240,0.8970170673447373
brown_0.05,3,4,24.0,t2m,-5883.84765625,2003.732177734375,1004456,1038240,0.9674603174603175
brown_0.05,3,4,24.0,sp,-1765085.0,1717049.25,993654,1038240,0.9570561719833565
brown_0.05,3,4,24.0,msl,-576605.6875,1233577.75,1021052,1038240,0.9834450608722454
brown_0.05,3,4,24.0,tcwv,-922.963623046875,61583.2734375,1035765,1038240,0.9976161581137309
brown_0.05,3,4,24.0,u50,-10230.673828125,15124.5537109375,971812,1038240,0.936018646940977
brown_0.05,3,4,24.0,u100,-1297.6964111328125,16349.3427734375,970060,1038240,0.9343311758360302
brown_0.05,3,4,24.0,u150,-2281.3759765625,23592.97265625,1027264,1038240,0.989428263214671
brown_0.05,3,4,24.0,u200,-3060.16796875,8999.7451171875,1005831,1038240,0.9687846740638003
brown_0.05,3,4,24.0,u250,-24529.60546875,6982.3369140625,1019021,1038240,0.9814888657728463
brown_0.05,3,4,24.0,u300,-17774.234375,5119.666015625,1015262,1038240,0.977868315611034
brown_0.05,3,4,24.0,u400,-6042.79248046875,5505.681640625,1002284,1038240,0.9653683156110341
brown_0.05,3,4,24.0,u500,-10312.8994140625,3608.285400390625,963571,1038240,0.9280811758360302
brown_0.05,3,4,24.0,u600,-8913.2001953125,2435.01318359375,996025,1038240,0.9593398443519803
brown_0.05,3,4,24.0,u700,-2364.063232421875,4083.081787109375,985351,1038240,0.949058984435198
brown_0.05,3,4,24.0,u850,-955.2440795898438,5102.45361328125,924218,1038240,0.8901776082601325
brown_0.05,3,4,24.0,u925,-2647.232666015625,4712.7861328125,933000,1038240,0.8986361534905224
brown_0.05,3,4,24.0,u1000,-4475.65673828125,3093.62158203125,971488,1038240,0.9357065803667746
brown_0.05,3,4,24.0,v50,-1555.6337890625,1676.7659912109375,825342,1038240,0.7949433656957928
brown_0.05,3,4,24.0,v100,-2370.885498046875,2930.351318359375,968425,1038240,0.9327563954384342
brown_0.05,3,4,24.0,v150,-6701.54736328125,10925.53515625,1013489,1038240,0.9761606179688704
brown_0.05,3,4,24.0,v200,-3037.29150390625,4657.3193359375,996965,1038240,0.960245222684543
brown_0.05,3,4,24.0,v250,-1567.21435546875,6785.93212890625,979584,1038240,0.9435043920480813
brown_0.05,3,4,24.0,v300,-905.995849609375,3102.84814453125,923162,1038240,0.8891605023886577
brown_0.05,3,4,24.0,v400,-1940.239990234375,1614.9234619140625,910385,1038240,0.8768540992448759
brown_0.05,3,4,24.0,v500,-1010.4642333984375,1146.6824951171875,714097,1038240,0.6877956927107413
brown_0.05,3,4,24.0,v600,-1249.2625732421875,2022.9796142578125,903459,1038240,0.8701831946370782
brown_0.05,3,4,24.0,v700,-3458.389892578125,2498.300537109375,858590,1038240,0.8269667899522268
brown_0.05,3,4,24.0,v850,-744.9592895507812,3674.28076171875,952165,1038240,0.9170952766219757
brown_0.05,3,4,24.0,v925,-806.3350219726562,5222.47216796875,980347,1038240,0.9442392895669595
brown_0.05,3,4,24.0,v1000,-893.17724609375,5553.60498046875,869825,1038240,0.8377879873632301
brown_0.05,3,4,24.0,z50,-2189663.0,3816889.5,1012649,1038240,0.9753515564801972
brown_0.05,3,4,24.0,z100,-51064.890625,2103261.25,1006293,1038240,0.9692296578825705
brown_0.05,3,4,24.0,z150,17580.25,3828644.25,983391,1038240,0.9471711742949607
brown_0.05,3,4,24.0,z200,-72787.2109375,2627946.0,998847,1038240,0.9620579056865465
brown_0.05,3,4,24.0,z250,14309.2265625,3004298.5,961108,1038240,0.9257088919710279
brown_0.05,3,4,24.0,z300,26476.08203125,2500577.0,950031,1038240,0.9150398751733703
brown_0.05,3,4,24.0,z400,38650.06640625,1358741.75,950510,1038240,0.9155012328556018
brown_0.05,3,4,24.0,z500,-45390.9296875,863074.5,935227,1038240,0.9007811296039452
brown_0.05,3,4,24.0,z600,-59095.88671875,648505.25,921812,1038240,0.8878602249961474
brown_0.05,3,4,24.0,z700,-175458.359375,555190.4375,943615,1038240,0.9088601864694098
brown_0.05,3,4,24.0,z850,-153016.875,460274.625,771594,1038240,0.7431749884419787
brown_0.05,3,4,24.0,z925,-287063.34375,572194.4375,946387,1038240,0.9115300893820312
brown_0.05,3,4,24.0,z1000,-374294.9375,660038.4375,955282,1038240,0.9200974726460164
brown_0.05,3,4,24.0,t50,-12266.8056640625,8731.091796875,1027274,1038240,0.98943789489906
brown_0.05,3,4,24.0,t100,-20565.849609375,11811.62109375,1029220,1038240,0.9913122206811528
brown_0.05,3,4,24.0,t150,-8054.95751953125,10274.0146484375,1019269,1038240,0.9817277315456927
brown_0.05,3,4,24.0,t200,-3513.117919921875,4486.78515625,922075,1038240,0.8881135382955772
brown_0.05,3,4,24.0,t250,-2260.347412109375,4635.63134765625,984759,1038240,0.9484887887193713
brown_0.05,3,4,24.0,t300,-1492.1259765625,12445.482421875,981242,1038240,0.9451013253197719
brown_0.05,3,4,24.0,t400,-1459.39697265625,9061.9814453125,970841,1038240,0.9350834103868084
brown_0.05,3,4,24.0,t500,-1271.1383056640625,5231.68701171875,979690,1038240,0.9436064879026044
brown_0.05,3,4,24.0,t600,-1665.65234375,3127.29296875,979027,1038240,0.9429679072276159
brown_0.05,3,4,24.0,t700,-961.2225341796875,1380.4129638671875,670278,1038240,0.6455906148867314
brown_0.05,3,4,24.0,t850,-1884.1815185546875,2150.97998046875,880123,1038240,0.8477066959469872
brown_0.05,3,4,24.0,t925,-6439.7783203125,1034.071533203125,998664,1038240,0.9618816458622284
brown_0.05,3,4,24.0,t1000,-6519.013671875,636.594482421875,981924,1038240,0.9457582061950994
brown_0.05,3,4,24.0,q50,-0.11585614830255508,0.0869537815451622,629484,1038240,0.6062991215903837
brown_0.05,3,4,24.0,q100,-0.066310815513134,0.06641281396150589,529037,1038240,0.5095517414085375
brown_0.05,3,4,24.0,q150,-0.036379531025886536,0.057127032428979874,391789,1038240,0.37735879950685774
brown_0.05,3,4,24.0,q200,-0.01232152059674263,0.18253019452095032,550351,1038240,0.5300807135151795
brown_0.05,3,4,24.0,q250,-0.029919080436229706,0.5011399388313293,680501,1038240,0.6554370858375713
brown_0.05,3,4,24.0,q300,-0.047337956726551056,1.346306562423706,854676,1038240,0.8231969486823856
brown_0.05,3,4,24.0,q400,-0.0720730721950531,3.001429796218872,1001500,1038240,0.9646131915549391
brown_0.05,3,4,24.0,q500,-0.11321243643760681,4.546225070953369,1022650,1038240,0.9849842040376021
brown_0.05,3,4,24.0,q600,-0.13068647682666779,8.10102367401123,1029498,1038240,0.991579981507166
brown_0.05,3,4,24.0,q700,-0.3933370113372803,8.607231140136719,1024186,1038240,0.9864636307597473
brown_0.05,3,4,24.0,q850,-0.4945838153362274,11.730052947998047,1028902,1038240,0.9910059331175836
brown_0.05,3,4,24.0,q925,-0.7938427329063416,13.297316551208496,1029207,1038240,0.991299699491447
brown_0.05,3,4,24.0,q1000,-0.4864981472492218,10.592209815979004,1028782,1038240,0.990890352904916
brown_0.05,3,5,30.0,u10m,-3597.02734375,2953.382080078125,1011232,1038240,0.9739867468022808
brown_0.05,3,5,30.0,v10m,-1334.943603515625,4655.90771484375,887033,1038240,0.8543621898597626
brown_0.05,3,5,30.0,u100m,-3846.258056640625,3667.4501953125,1013360,1038240,0.9760363692402527
brown_0.05,3,5,30.0,v100m,-1121.3822021484375,5134.375,947758,1038240,0.9128505933117583
brown_0.05,3,5,30.0,t2m,-5869.39453125,3392.612548828125,1003299,1038240,0.966345931576514
brown_0.05,3,5,30.0,sp,-1991078.125,1904259.0,995321,1038240,0.958661773770997
brown_0.05,3,5,30.0,msl,-828386.1875,1375189.75,1023697,1038240,0.9859926413931268
brown_0.05,3,5,30.0,tcwv,-881.107177734375,68774.109375,1036730,1038240,0.9985456156572662
brown_0.05,3,5,30.0,u50,-11540.5380859375,16962.923828125,989166,1038240,0.9527334720295886
brown_0.05,3,5,30.0,u100,-2482.9140625,18547.79296875,868459,1038240,0.8364722992756973
brown_0.05,3,5,30.0,u150,-2561.294677734375,25348.076171875,1028998,1038240,0.9910983972877176
brown_0.05,3,5,30.0,u200,-6720.1025390625,10161.583984375,1024522,1038240,0.9867872553552165
brown_0.05,3,5,30.0,u250,-27614.51953125,7686.16748046875,1023406,1038240,0.985712359377408
brown_0.05,3,5,30.0,u300,-19254.1015625,6259.21875,1017298,1038240,0.9798293265526276
brown_0.05,3,5,30.0,u400,-7012.8369140625,6288.013671875,1008018,1038240,0.9708911234396671
brown_0.05,3,5,30.0,u500,-11337.62109375,4489.443359375,983599,1038240,0.9473715133302512
brown_0.05,3,5,30.0,u600,-9832.0615234375,2804.412109375,1001461,1038240,0.9645756279858222
brown_0.05,3,5,30.0,u700,-2963.714599609375,4327.16162109375,999071,1038240,0.9622736554168593
brown_0.05,3,5,30.0,u850,-1414.8779296875,5417.1875,981466,1038240,0.9453170750500848
brown_0.05,3,5,30.0,u925,-3219.277099609375,4812.7802734375,923677,1038240,0.8896565341346895
brown_0.05,3,5,30.0,u1000,-4693.767578125,3236.8740234375,988384,1038240,0.9519802743103714
brown_0.05,3,5,30.0,v50,-1391.5225830078125,1628.1080322265625,668503,1038240,0.6438809909076899
brown_0.05,3,5,30.0,v100,-2516.19921875,2821.7685546875,971934,1038240,0.9361361534905224
brown_0.05,3,5,30.0,v150,-6203.82568359375,10858.30078125,1008870,1038240,0.971711742949607
brown_0.05,3,5,30.0,v200,-3100.896728515625,5272.72998046875,1003582,1038240,0.9666185082447218
brown_0.05,3,5,30.0,v250,-1525.8944091796875,6674.5576171875,973173,1038240,0.9373295191863154
brown_0.05,3,5,30.0,v300,-971.4586791992188,3059.301025390625,917424,1038240,0.883633841886269
brown_0.05,3,5,30.0,v400,-1868.5836181640625,1498.7886962890625,846619,1038240,0.8154367005701957
brown_0.05,3,5,30.0,v500,-939.9638061523438,1109.9794921875,694000,1038240,0.6684388965942364
brown_0.05,3,5,30.0,v600,-1207.6134033203125,2008.2872314453125,899600,1038240,0.8664663276313762
brown_0.05,3,5,30.0,v700,-3451.58935546875,2479.32568359375,850006,1038240,0.8186989520727385
brown_0.05,3,5,30.0,v850,-652.0625,3809.19873046875,949925,1038240,0.9149377793188472
brown_0.05,3,5,30.0,v925,-689.7872314453125,5635.94091796875,981040,1038240,0.9449067652951149
brown_0.05,3,5,30.0,v1000,-833.519287109375,5728.1669921875,876708,1038240,0.8444174757281553
brown_0.05,3,5,30.0,z50,-2497967.25,4373038.0,1016694,1038240,0.979247572815534
brown_0.05,3,5,30.0,z100,23743.59375,2810950.25,1001742,1038240,0.9648462783171521
brown_0.05,3,5,30.0,z150,23313.7890625,4631355.0,1009298,1038240,0.9721239790414548
brown_0.05,3,5,30.0,z200,-69627.6484375,3416662.5,1006284,1038240,0.9692209893666205
brown_0.05,3,5,30.0,z250,-11737.640625,3723447.0,981130,1038240,0.9449934504546155
brown_0.05,3,5,30.0,z300,22388.328125,3084167.5,968604,1038240,0.9329288025889968
brown_0.05,3,5,30.0,z400,37607.8359375,1734085.375,964810,1038240,0.9292745415318231
brown_0.05,3,5,30.0,z500,-50926.015625,1095760.0,961445,1038240,0.926033479734936
brown_0.05,3,5,30.0,z600,-77276.453125,789380.125,957508,1038240,0.9222414855910002
brown_0.05,3,5,30.0,z700,-199946.46875,640530.125,954849,1038240,0.9196804207119741
brown_0.05,3,5,30.0,z850,-194565.0,549062.8125,848060,1038240,0.8168246262906457
brown_0.05,3,5,30.0,z925,-397051.34375,659481.625,964682,1038240,0.9291512559716443
brown_0.05,3,5,30.0,z1000,-510303.8125,752177.1875,968656,1038240,0.9329788873478194
brown_0.05,3,5,30.0,t50,-14521.474609375,10101.537109375,1029123,1038240,0.9912187933425798
brown_0.05,3,5,30.0,t100,-22602.28125,13348.60546875,1030545,1038240,0.9925884188626907
brown_0.05,3,5,30.0,t150,-8595.8564453125,10619.7978515625,1020904,1038240,0.9833025119432887
brown_0.05,3,5,30.0,t200,-3242.65283203125,4973.65283203125,932537,1038240,0.8981902065033133
brown_0.05,3,5,30.0,t250,-2163.45654296875,6467.03515625,997398,1038240,0.9606622746185853
brown_0.05,3,5,30.0,t300,-1833.316162109375,14894.591796875,1001306,1038240,0.9644263368777932
brown_0.05,3,5,30.0,t400,-1750.1961669921875,11494.75390625,990581,1038240,0.9540963553706272
brown_0.05,3,5,30.0,t500,-1389.039306640625,7034.24609375,988385,1038240,0.9519812374788102
brown_0.05,3,5,30.0,t600,-1709.560546875,3456.638916015625,983640,1038240,0.9474110032362459
brown_0.05,3,5,30.0,t700,-860.8099365234375,1895.8221435546875,940327,1038240,0.9056932886423178
brown_0.05,3,5,30.0,t850,-1294.240234375,2062.93115234375,874567,1038240,0.8423553321004777
brown_0.05,3,5,30.0,t925,-4716.72216796875,822.9239501953125,988668,1038240,0.952253814147018
brown_0.05,3,5,30.0,t1000,-5106.0810546875,648.618408203125,993186,1038240,0.9566054091539529
brown_0.05,3,5,30.0,q50,-0.1138724610209465,0.08537422865629196,622827,1038240,0.5998873092926491
brown_0.05,3,5,30.0,q100,-0.05954337492585182,0.06144959479570389,527693,1038240,0.5082572430266605
brown_0.05,3,5,30.0,q150,-0.03631407767534256,0.05494704470038414,327196,1038240,0.31514486053321006
brown_0.05,3,5,30.0,q200,-0.012388795614242554,0.19822357594966888,589905,1038240,0.5681778779472955
brown_0.05,3,5,30.0,q250,-0.03027060441672802,0.5486035943031311,771348,1038240,0.7429380490060101
brown_0.05,3,5,30.0,q300,-0.03777966648340225,1.4492117166519165,876821,1038240,0.8445263137617507
brown_0.05,3,5,30.0,q400,-0.05980530381202698,3.2988808155059814,1008888,1038240,0.9717290799815071
brown_0.05,3,5,30.0,q500,-0.10701799392700195,5.078476428985596,1023663,1038240,0.9859598936662044
brown_0.05,3,5,30.0,q600,-0.11780569702386856,8.882104873657227,1029923,1038240,0.991989328093697
brown_0.05,3,5,30.0,q700,-0.2491295337677002,9.688315391540527,1028489,1038240,0.9906081445523193
brown_0.05,3,5,30.0,q850,-0.3621128797531128,13.144582748413086,1025688,1038240,0.98791030975497
brown_0.05,3,5,30.0,q925,-0.66901034116745,14.719027519226074,1028411,1038240,0.9905330174140854
brown_0.05,3,5,30.0,q1000,-0.4215022027492523,12.438126564025879,1028189,1038240,0.9903191940206504
brown_0.05,3,6,36.0,u10m,-3760.46533203125,3047.70361328125,1012178,1038240,0.974897904145477
brown_0.05,3,6,36.0,v10m,-1280.3369140625,4773.826171875,903729,1038240,0.8704432501155802
brown_0.05,3,6,36.0,u100m,-3909.076171875,3715.414794921875,1012630,1038240,0.9753332562798582
brown_0.05,3,6,36.0,v100m,-1087.667724609375,5213.1953125,970506,1038240,0.9347607489597781
brown_0.05,3,6,36.0,t2m,-5717.14111328125,5046.41943359375,1012389,1038240,0.9751011326860841
brown_0.05,3,6,36.0,sp,-2154741.5,2039357.875,997250,1038240,0.9605197256896286
brown_0.05,3,6,36.0,msl,-1062497.5,1475147.375,1026179,1038240,0.9883832254584681
brown_0.05,3,6,36.0,tcwv,-844.4999389648438,74432.8984375,1037352,1038240,0.9991447064262599
brown_0.05,3,6,36.0,u50,-12471.7724609375,18313.716796875,1006394,1038240,0.9693269378948991
brown_0.05,3,6,36.0,u100,-3740.252197265625,19992.4296875,1000017,1038240,0.9631848127600555
brown_0.05,3,6,36.0,u150,-2955.301025390625,26476.5546875,1028072,1038240,0.9902065033132994
brown_0.05,3,6,36.0,u200,-10135.3427734375,10934.001953125,1027402,1038240,0.9895611804592387
brown_0.05,3,6,36.0,u250,-30470.216796875,8375.0771484375,1026470,1038240,0.9886635074741871
brown_0.05,3,6,36.0,u300,-20782.369140625,7194.8125,1016667,1038240,0.9792215672676837
brown_0.05,3,6,36.0,u400,-8113.48095703125,7055.369140625,1009057,1038240,0.9718918554476806
brown_0.05,3,6,36.0,u500,-12410.455078125,5257.0703125,999928,1038240,0.9630990907689937
brown_0.05,3,6,36.0,u600,-10709.2109375,3205.40625,1002068,1038240,0.9651602712282324
brown_0.05,3,6,36.0,u700,-3579.968017578125,4535.0810546875,1003787,1038240,0.9668159577746956
brown_0.05,3,6,36.0,u850,-1787.356201171875,5638.88427734375,989916,1038240,0.953455848358761
brown_0.05,3,6,36.0,u925,-3633.54443359375,4825.0400390625,934110,1038240,0.8997052704576977
brown_0.05,3,6,36.0,u1000,-4808.08642578125,3326.201171875,1000322,1038240,0.963478579133919
brown_0.05,3,6,36.0,v50,-1177.1883544921875,1553.0611572265625,684714,1038240,0.6594949144706427
brown_0.05,3,6,36.0,v100,-2611.9326171875,2680.3203125,971662,1038240,0.9358741716751425
brown_0.05,3,6,36.0,v150,-5837.24658203125,11013.2060546875,1008933,1038240,0.9717724225612575
brown_0.05,3,6,36.0,v200,-3004.614990234375,6065.611328125,1002799,1038240,0.9658643473570658
brown_0.05,3,6,36.0,v250,-1448.9661865234375,6487.736328125,969615,1038240,0.9339025658807212
brown_0.05,3,6,36.0,v300,-1027.0054931640625,2968.5927734375,908702,1038240,0.875233086762213
brown_0.05,3,6,36.0,v400,-1826.0059814453125,1372.8377685546875,802402,1038240,0.772848281707505
brown_0.05,3,6,36.0,v500,-871.9149169921875,1090.9532470703125,689107,1038240,0.6637261134227154
brown_0.05,3,6,36.0,v600,-1206.4246826171875,1968.3824462890625,898553,1038240,0.8654578902758514
brown_0.05,3,6,36.0,v700,-3470.1337890625,2446.002685546875,841668,1038240,0.8106680536292187
brown_0.05,3,6,36.0,v850,-576.5528564453125,3891.205810546875,943487,1038240,0.908736900909231
brown_0.05,3,6,36.0,v925,-594.5742797851562,5912.98388671875,978552,1038240,0.9425104022191401
brown_0.05,3,6,36.0,v1000,-791.9662475585938,5818.97412109375,879078,1038240,0.8467001849283403
brown_0.05,3,6,36.0,z50,-2748128.25,4883401.0,1019627,1038240,0.9820725458468177
brown_0.05,3,6,36.0,z100,84914.8046875,3522856.5,1003356,1038240,0.9664008321775313
brown_0.05,3,6,36.0,z150,31296.84375,5438066.0,1020800,1038240,0.9832023424256434
brown_0.05,3,6,36.0,z200,-65716.3984375,4211174.0,1010594,1038240,0.9733722453382647
brown_0.05,3,6,36.0,z250,-33145.78125,4410682.5,997615,1038240,0.9608712821698259
brown_0.05,3,6,36.0,z300,20306.640625,3641262.75,982256,1038240,0.946077978116813
brown_0.05,3,6,36.0,z400,37886.58984375,2101211.25,975364,1038240,0.9394398212359377
brown_0.05,3,6,36.0,z500,-57626.21875,1326867.0,975344,1038240,0.9394205578671598
brown_0.05,3,6,36.0,z600,-93895.421875,930545.6875,975701,1038240,0.9397644089998459
brown_0.05,3,6,36.0,z700,-217553.890625,712961.3125,961563,1038240,0.9261471336107259
brown_0.05,3,6,36.0,z850,-260975.71875,622891.0625,929322,1038240,0.8950936199722608
brown_0.05,3,6,36.0,z925,-499401.15625,728737.375,972331,1038240,0.9365185313607644
brown_0.05,3,6,36.0,z1000,-662269.25,822255.75,976786,1038240,0.9408094467560487
brown_0.05,3,6,36.0,t50,-16423.43359375,11211.8916015625,1030586,1038240,0.9926279087686855
brown_0.05,3,6,36.0,t100,-24125.529296875,14564.189453125,1031557,1038240,0.9935631453228541
brown_0.05,3,6,36.0,t150,-8904.1005859375,10605.7529296875,1022473,1038240,0.9848137232239174
brown_0.05,3,6,36.0,t200,-2383.80859375,5312.7841796875,951394,1038240,0.9163526737555864
brown_0.05,3,6,36.0,t250,-1918.583984375,9000.1533203125,1001802,1038240,0.9649040684234859
brown_0.05,3,6,36.0,t300,-2133.66796875,17182.490234375,1014313,1038240,0.9769542687625212
brown_0.05,3,6,36.0,t400,-1968.5653076171875,13779.533203125,996775,1038240,0.9600622206811528
brown_0.05,3,6,36.0,t500,-1522.3994140625,8810.158203125,999939,1038240,0.9631096856218215
brown_0.05,3,6,36.0,t600,-1737.635498046875,4516.5498046875,994436,1038240,0.9578093697025736
brown_0.05,3,6,36.0,t700,-740.1378784179688,3802.651611328125,954009,1038240,0.918871359223301
brown_0.05,3,6,36.0,t850,-752.62548828125,3747.43994140625,811063,1038240,0.7811902835567884
brown_0.05,3,6,36.0,t925,-2858.41015625,624.47412109375,971953,1038240,0.9361544536908615
brown_0.05,3,6,36.0,t1000,-4986.2119140625,675.1502685546875,996735,1038240,0.9600236939435969
brown_0.05,3,6,36.0,q50,-0.11188837140798569,0.08384014666080475,615777,1038240,0.5930969717984281
brown_0.05,3,6,36.0,q100,-0.05390562862157822,0.05694705620408058,526607,1038240,0.5072112421020188
brown_0.05,3,6,36.0,q150,-0.035077136009931564,0.05402360484004021,264517,1038240,0.25477442595161043
brown_0.05,3,6,36.0,q200,-0.012243898585438728,0.21063071489334106,616950,1038240,0.5942267683772539
brown_0.05,3,6,36.0,q250,-0.030498243868350983,0.5875914692878723,802457,1038240,0.7729012559716443
brown_0.05,3,6,36.0,q300,-0.026155751198530197,1.5303096771240234,894965,1038240,0.8620020419170905
brown_0.05,3,6,36.0,q400,-0.05157717689871788,3.5163381099700928,1012520,1038240,0.9752273077515796
brown_0.05,3,6,36.0,q500,-0.10318370163440704,5.450872421264648,1024453,1038240,0.9867207967329327
brown_0.05,3,6,36.0,q600,-0.10536566376686096,9.420451164245605,1030274,1038240,0.9923274002157497
brown_0.05,3,6,36.0,q700,-0.23668815195560455,10.55591106414795,1030093,1038240,0.9921530667283095
brown_0.05,3,6,36.0,q850,-0.356814980506897,14.370589256286621,1026721,1038240,0.9889052627523501
brown_0.05,3,6,36.0,q925,-0.4820907413959503,15.931458473205566,1025236,1038240,0.9874749576205887
brown_0.05,3,6,36.0,q1000,-0.3262116611003876,14.07553768157959,1025754,1038240,0.9879738788719371
brown_0.05,3,7,42.0,u10m,-3883.55322265625,3097.683837890625,1011901,1038240,0.9746311064879026
brown_0.05,3,7,42.0,v10m,-1233.5472412109375,4860.09619140625,907344,1038240,0.8739251040221914
brown_0.05,3,7,42.0,u100m,-3964.11767578125,3742.258544921875,1012129,1038240,0.974850708891971
brown_0.05,3,7,42.0,v100m,-1061.7481689453125,5245.23974609375,984322,1038240,0.9480678841115734
brown_0.05,3,7,42.0,t2m,-5435.236328125,6781.96728515625,1014611,1038240,0.9772412929573123
brown_0.05,3,7,42.0,sp,-2259400.75,2129727.75,997178,1038240,0.960450377562028
brown_0.05,3,7,42.0,msl,-1269838.0,1542105.25,1026653,1038240,0.9888397672985052
brown_0.05,3,7,42.0,tcwv,-818.3903198242188,79054.5625,1037330,1038240,0.9991235167206041
brown_0.05,3,7,42.0,u50,-13328.5224609375,19248.525390625,1001522,1038240,0.9646343812605949
brown_0.05,3,7,42.0,u100,-5144.154296875,20850.5859375,1011101,1038240,0.9738605717367853
brown_0.05,3,7,42.0,u150,-3345.29833984375,27095.462890625,1027810,1038240,0.9899541531823085
brown_0.05,3,7,42.0,u200,-13263.6240234375,11330.875,1028042,1038240,0.9901776082601326
brown_0.05,3,7,42.0,u250,-32896.68359375,9075.4501953125,1028167,1038240,0.9902980043149946
brown_0.05,3,7,42.0,u300,-22173.0,8024.07568359375,1017326,1038240,0.9798562952689166
brown_0.05,3,7,42.0,u400,-9268.3388671875,7740.09912109375,1008444,1038240,0.9713014331946371
brown_0.05,3,7,42.0,u500,-13562.8515625,5910.64501953125,1004328,1038240,0.9673370319001386
brown_0.05,3,7,42.0,u600,-11505.9423828125,3559.901611328125,998893,1038240,0.9621022114347357
brown_0.05,3,7,42.0,u700,-4162.45263671875,4686.06494140625,1006082,1038240,0.9690264293419634
brown_0.05,3,7,42.0,u850,-2084.78466796875,5808.67431640625,994928,1038240,0.9582832485745107
brown_0.05,3,7,42.0,u925,-3909.96435546875,4824.03271484375,965040,1038240,0.9294960702727693
brown_0.05,3,7,42.0,u1000,-4871.255859375,3377.30126953125,1002895,1038240,0.9659568115271999
brown_0.05,3,7,42.0,v50,-994.0748901367188,1466.2025146484375,762304,1038240,0.7342271536446294
brown_0.05,3,7,42.0,v100,-2675.67431640625,2530.4541015625,970853,1038240,0.9350949684080752
brown_0.05,3,7,42.0,v150,-5538.1142578125,11154.20703125,1011641,1038240,0.9743806826937895
brown_0.05,3,7,42.0,v200,-2775.060791015625,6521.1650390625,1001343,1038240,0.9644619741100323
brown_0.05,3,7,42.0,v250,-1371.81005859375,6535.83544921875,990926,1038240,0.9544286484820466
brown_0.05,3,7,42.0,v300,-1066.972412109375,2867.65087890625,900818,1038240,0.8676394667899522
brown_0.05,3,7,42.0,v400,-1769.9591064453125,1251.6904296875,804255,1038240,0.7746330328247804
brown_0.05,3,7,42.0,v500,-811.3912963867188,1083.0302734375,685770,1038240,0.6605120203421174
brown_0.05,3,7,42.0,v600,-1188.726806640625,1945.696044921875,895338,1038240,0.8623613037447989
brown_0.05,3,7,42.0,v700,-3477.2314453125,2406.410400390625,851037,1038240,0.8196919787332408
brown_0.05,3,7,42.0,v850,-509.9092712402344,3922.9580078125,939335,1038240,0.9047378255509323
brown_0.05,3,7,42.0,v925,-528.3682250976562,6053.11767578125,977707,1038240,0.9416965248882725
brown_0.05,3,7,42.0,v1000,-758.4801025390625,5868.29638671875,879788,1038240,0.8473840345199568
brown_0.05,3,7,42.0,z50,-2954319.25,5362088.5,1021523,1038240,0.9838987132069656
brown_0.05,3,7,42.0,z100,124947.4765625,4248111.5,1028253,1038240,0.9903808368007397
brown_0.05,3,7,42.0,z150,39327.765625,6241352.5,1027518,1038240,0.9896729079981507
brown_0.05,3,7,42.0,z200,-59583.7734375,4993514.5,1013033,1038240,0.9757214131607336
brown_0.05,3,7,42.0,z250,-46950.671875,5066919.5,1007841,1038240,0.9707206426259825
brown_0.05,3,7,42.0,z300,19675.6015625,4174408.5,996657,1038240,0.9599485668053629
brown_0.05,3,7,42.0,z400,39013.7890625,2455594.75,983443,1038240,0.9472212590537833
brown_0.05,3,7,42.0,z500,-63579.6875,1553631.25,982200,1038240,0.9460240406842348
brown_0.05,3,7,42.0,z600,-107727.25,1070942.375,985572,1038240,0.9492718446601942
brown_0.05,3,7,42.0,z700,-228849.640625,774053.4375,967130,1038240,0.9315090923100632
brown_0.05,3,7,42.0,z850,-319042.0,682317.5,958704,1038240,0.9233934350439205
brown_0.05,3,7,42.0,z925,-589216.125,781115.125,977514,1038240,0.9415106333795654
brown_0.05,3,7,42.0,z1000,-817729.8125,872789.3125,981050,1038240,0.9449163969795038
brown_0.05,3,7,42.0,t50,-18014.58203125,12102.40234375,1030743,1038240,0.9927791262135922
brown_0.05,3,7,42.0,t100,-25306.169921875,15528.0205078125,1032128,1038240,0.994113114501464
brown_0.05,3,7,42.0,t150,-9005.8076171875,10420.3583984375,1023035,1038240,0.9853550238865773
brown_0.05,3,7,42.0,t200,-1168.549560546875,5517.447265625,967375,1038240,0.9317450685775929
brown_0.05,3,7,42.0,t250,-1575.8736572265625,11485.9638671875,1007749,1038240,0.970632031129604
brown_0.05,3,7,42.0,t300,-2340.979736328125,19342.5859375,1021639,1038240,0.9840104407458776
brown_0.05,3,7,42.0,t400,-2117.56982421875,15919.8125,1012731,1038240,0.9754305362921868
brown_0.05,3,7,42.0,t500,-1627.54638671875,10507.5029296875,1003585,1038240,0.9666213977500385
brown_0.05,3,7,42.0,t600,-1746.7615966796875,6288.6201171875,993539,1038240,0.9569454076128834
brown_0.05,3,7,42.0,t700,-659.318603515625,5725.78564453125,963072,1038240,0.9276005547850208
brown_0.05,3,7,42.0,t850,-594.3671875,5777.71337890625,715682,1038240,0.6893223146863924
brown_0.05,3,7,42.0,t925,-2714.76904296875,458.59796142578125,937398,1038240,0.9028721682847897
brown_0.05,3,7,42.0,t1000,-5021.5048828125,715.6031494140625,983652,1038240,0.9474225612575127
brown_0.05,3,7,42.0,q50,-0.10999421775341034,0.08235139399766922,608766,1038240,0.586344197873324
brown_0.05,3,7,42.0,q100,-0.048858970403671265,0.0528741255402565,527827,1038240,0.5083863075974726
brown_0.05,3,7,42.0,q150,-0.03342650830745697,0.05376509204506874,227923,1038240,0.21952824009862845
brown_0.05,3,7,42.0,q200,-0.01251730602234602,0.22102028131484985,635643,1038240,0.6122312760055478
brown_0.05,3,7,42.0,q250,-0.029513007029891014,0.6211913228034973,822087,1038240,0.7918082524271844
brown_0.05,3,7,42.0,q300,-0.023887792602181435,1.5991936922073364,907067,1038240,0.873658306364617
brown_0.05,3,7,42.0,q400,-0.058644045144319534,3.689439535140991,1014430,1038240,0.9770669594698721
brown_0.05,3,7,42.0,q500,-0.10235730558633804,5.733558654785156,1024888,1038240,0.9871397750038526
brown_0.05,3,7,42.0,q600,-0.09298955649137497,9.837035179138184,1030434,1038240,0.9924815071659732
brown_0.05,3,7,42.0,q700,-0.2270297259092331,11.273870468139648,1031334,1038240,0.9933483587609802
brown_0.05,3,7,42.0,q850,-0.3713516891002655,15.444306373596191,1031107,1038240,0.9931297195253506
brown_0.05,3,7,42.0,q925,-0.38234803080558777,17.029071807861328,1027419,1038240,0.9895775543227
brown_0.05,3,7,42.0,q1000,-0.23253926634788513,15.529491424560547,1027531,1038240,0.9896854291878564
brown_0.05,3,8,48.0,u10m,-4019.572998046875,3132.380126953125,1011765,1038240,0.9745001155802127
brown_0.05,3,8,48.0,v10m,-1192.6510009765625,4918.88134765625,905508,1038240,0.8721567267683773
brown_0.05,3,8,48.0,u100m,-4118.95068359375,3751.89794921875,1014841,1038240,0.9774628216982586
brown_0.05,3,8,48.0,v100m,-1040.623046875,5261.01171875,989840,1038240,0.9533826475574049
brown_0.05,3,8,48.0,t2m,-5108.13623046875,8498.8505859375,1018340,1038240,0.9808329480659578
brown_0.05,3,8,48.0,sp,-2318811.0,2179729.5,996521,1038240,0.959817575897673
brown_0.05,3,8,48.0,msl,-1444026.875,1581639.375,1026347,1038240,0.9885450377562028
brown_0.05,3,8,48.0,tcwv,-803.947509765625,82910.234375,1037353,1038240,0.9991456695946987
brown_0.05,3,8,48.0,u50,-14549.310546875,19850.224609375,1014310,1038240,0.9769513792572045
brown_0.05,3,8,48.0,u100,-7393.79443359375,21287.3125,1016069,1038240,0.9786455925412236
brown_0.05,3,8,48.0,u150,-4107.388671875,27367.833984375,1021608,1038240,0.9839805825242719
brown_0.05,3,8,48.0,u200,-16173.4052734375,11855.001953125,1029156,1038240,0.9912505779010633
brown_0.05,3,8,48.0,u250,-35005.5703125,9704.806640625,1029177,1038240,0.9912708044382802
brown_0.05,3,8,48.0,u300,-23420.744140625,8764.51171875,1018402,1038240,0.9808926645091693
brown_0.05,3,8,48.0,u400,-10388.52734375,8388.5849609375,1009974,1038240,0.9727750809061488
brown_0.05,3,8,48.0,u500,-14657.8583984375,6444.08984375,1004776,1038240,0.9677685313607644
brown_0.05,3,8,48.0,u600,-12229.705078125,3890.961669921875,996092,1038240,0.9594043766373863
brown_0.05,3,8,48.0,u700,-4751.6279296875,4793.66552734375,1007603,1038240,0.970491408537525
brown_0.05,3,8,48.0,u850,-2395.38427734375,5903.9501953125,997738,1038240,0.9609897518878101
brown_0.05,3,8,48.0,u925,-4159.46484375,4817.35986328125,992964,1038240,0.9563915857605177
brown_0.05,3,8,48.0,u1000,-4954.49853515625,3397.16015625,1003129,1038240,0.9661821929419017
brown_0.05,3,8,48.0,v50,-933.330078125,1375.2373046875,761125,1038240,0.7330915780551703
brown_0.05,3,8,48.0,v100,-2720.841796875,2390.15771484375,966340,1038240,0.9307481892433349
brown_0.05,3,8,48.0,v150,-5298.7666015625,11243.142578125,1012283,1038240,0.9749990368315611
brown_0.05,3,8,48.0,v200,-2679.019775390625,6593.80712890625,1003169,1038240,0.9662207196794576
brown_0.05,3,8,48.0,v250,-1285.2415771484375,6493.14697265625,1004502,1038240,0.9675046232085067
brown_0.05,3,8,48.0,v300,-1082.1231689453125,2817.68798828125,886746,1038240,0.8540857605177994
brown_0.05,3,8,48.0,v400,-1717.95751953125,1108.42822265625,758893,1038240,0.7309417860995531
brown_0.05,3,8,48.0,v500,-764.8246459960938,1077.05615234375,687657,1038240,0.6623295191863153
brown_0.05,3,8,48.0,v600,-1169.0386962890625,1929.9552001953125,885501,1038240,0.852886615811373
brown_0.05,3,8,48.0,v700,-3480.562744140625,2354.86669921875,864862,1038240,0.8330077824009863
brown_0.05,3,8,48.0,v850,-449.8902893066406,3918.28564453125,937927,1038240,0.9033816843889659
brown_0.05,3,8,48.0,v925,-475.4980163574219,6121.3134765625,977841,1038240,0.9418255894590846
brown_0.05,3,8,48.0,v1000,-731.4281616210938,5891.21142578125,884019,1038240,0.8514592001849284
brown_0.05,3,8,48.0,z50,-3129010.0,5846538.0,1023206,1038240,0.9855197256896286
brown_0.05,3,8,48.0,z100,107655.796875,4971803.5,1037273,1038240,0.999068616119587
brown_0.05,3,8,48.0,z150,44158.53125,7033885.0,1031425,1038240,0.9934360070889197
brown_0.05,3,8,48.0,z200,-52449.9140625,5754639.5,1014869,1038240,0.9774897904145476
brown_0.05,3,8,48.0,z250,-52746.046875,5695556.0,1011402,1038240,0.9741504854368932
brown_0.05,3,8,48.0,z300,20038.625,4687085.0,1005571,1038240,0.9685342502696872
brown_0.05,3,8,48.0,z400,40474.4375,2800447.25,989809,1038240,0.953352789335799
brown_0.05,3,8,48.0,z500,-69233.1484375,1777576.375,985744,1038240,0.9494375096316844
brown_0.05,3,8,48.0,z600,-119192.59375,1211676.0,992088,1038240,0.9555478502080443
brown_0.05,3,8,48.0,z700,-235594.96875,825418.75,970468,1038240,0.9347241485591
brown_0.05,3,8,48.0,z850,-365400.125,729165.5,967236,1038240,0.9316111881645862
brown_0.05,3,8,48.0,z925,-674977.0,819042.25,980590,1038240,0.9444733394976114
brown_0.05,3,8,48.0,z1000,-954754.25,906490.625,984082,1038240,0.9478367236862383
brown_0.05,3,8,48.0,t50,-19360.12109375,12799.1181640625,1030687,1038240,0.992725188781014
brown_0.05,3,8,48.0,t100,-26247.609375,16276.5263671875,1032513,1038240,0.9944839343504392
brown_0.05,3,8,48.0,t150,-8963.56640625,10162.7685546875,1023064,1038240,0.9853829557713053
brown_0.05,3,8,48.0,t200,-740.2032470703125,5969.07763671875,843109,1038240,0.8120559793496687
brown_0.05,3,8,48.0,t250,-1399.2874755859375,13846.353515625,1013568,1038240,0.9762367082755432
brown_0.05,3,8,48.0,t300,-2485.7392578125,21388.1640625,1024221,1038240,0.9864973416551086
brown_0.05,3,8,48.0,t400,-2199.355224609375,17939.154296875,1019164,1038240,0.9816265988596086
brown_0.05,3,8,48.0,t500,-1695.5311279296875,12125.900390625,1009554,1038240,0.9723705501618123
brown_0.05,3,8,48.0,t600,-1725.3134765625,7969.689453125,1001724,1038240,0.964828941285252
brown_0.05,3,8,48.0,t700,-746.9712524414062,7584.59814453125,973678,1038240,0.937815919247958
brown_0.05,3,8,48.0,t850,-414.2960205078125,7679.26171875,808375,1038240,0.7786012867930344
brown_0.05,3,8,48.0,t925,-2579.83642578125,1010.686767578125,883899,1038240,0.8513436199722607
brown_0.05,3,8,48.0,t1000,-4930.068359375,773.1213989257812,904291,1038240,0.8709845507782401
brown_0.05,3,8,48.0,q50,-0.10809960216283798,0.08086271584033966,602222,1038240,0.5800412236091848
brown_0.05,3,8,48.0,q100,-0.04466537758708,0.04913493990898132,532176,1038240,0.5125751271382339
brown_0.05,3,8,48.0,q150,-0.031488485634326935,0.05375426635146141,204200,1038240,0.19667899522268453
brown_0.05,3,8,48.0,q200,-0.012560740113258362,0.2300386279821396,650855,1038240,0.6268829942980428
brown_0.05,3,8,48.0,q250,-0.02816343493759632,0.6510351896286011,838183,1038240,0.807311411619664
brown_0.05,3,8,48.0,q300,-0.021861691027879715,1.6592808961868286,919741,1038240,0.8858655031591924
brown_0.05,3,8,48.0,q400,-0.06453291326761246,3.8325705528259277,1015735,1038240,0.9783238942826321
brown_0.05,3,8,48.0,q500,-0.12201349437236786,5.953731536865234,1025558,1038240,0.9877850978579134
brown_0.05,3,8,48.0,q600,-0.08920474350452423,10.16309928894043,1030377,1038240,0.9924266065649561
brown_0.05,3,8,48.0,q700,-0.21949318051338196,11.88638973236084,1031538,1038240,0.9935448451225151
brown_0.05,3,8,48.0,q850,-0.3843018710613251,16.425350189208984,1032379,1038240,0.9943548697796271
brown_0.05,3,8,48.0,q925,-0.39272040128707886,18.036602020263672,1030051,1038240,0.9921126136538758
brown_0.05,3,8,48.0,q1000,-0.19691072404384613,16.776132583618164,1032879,1038240,0.9948364539990754
brown_0.05,3,9,54.0,u10m,-4142.0947265625,3159.210693359375,1012446,1038240,0.9751560332871012
brown_0.05,3,9,54.0,v10m,-1156.5064697265625,4960.07177734375,902185,1038240,0.8689561180459239
brown_0.05,3,9,54.0,u100m,-4297.03564453125,3749.324462890625,1016466,1038240,0.9790279704114656
brown_0.05,3,9,54.0,v100m,-1023.3858642578125,5266.45947265625,992213,1038240,0.9556682462629065
brown_0.05,3,9,54.0,t2m,-4803.43505859375,10147.7275390625,1020326,1038240,0.9827458005856065
brown_0.05,3,9,54.0,sp,-2340334.5,2197030.5,996217,1038240,0.9595247726922485
brown_0.05,3,9,54.0,msl,-1585199.125,1600234.0,1025450,1038240,0.9876810756665125
brown_0.05,3,9,54.0,tcwv,-797.0464477539062,86215.984375,1037368,1038240,0.9991601171212822
brown_0.05,3,9,54.0,u50,-15682.0830078125,20169.4140625,1013173,1038240,0.975856256742179
brown_0.05,3,9,54.0,u100,-9599.3505859375,21421.150390625,1020027,1038240,0.9824578132223764
brown_0.05,3,9,54.0,u150,-5149.06689453125,27405.685546875,1009876,1038240,0.972680690399137
brown_0.05,3,9,54.0,u200,-18885.294921875,12399.568359375,1030829,1038240,0.9928619586993374
brown_0.05,3,9,54.0,u250,-36876.50390625,10257.478515625,1029667,1038240,0.9917427569733395
brown_0.05,3,9,54.0,u300,-24623.5625,9420.3095703125,1017733,1038240,0.9802483048235475
brown_0.05,3,9,54.0,u400,-11548.3486328125,8952.2548828125,1011878,1038240,0.974608953613808
brown_0.05,3,9,54.0,u500,-15589.6328125,6895.36376953125,1004871,1038240,0.9678600323624595
brown_0.05,3,9,54.0,u600,-12895.8935546875,4241.9599609375,993143,1038240,0.9565639929110803
brown_0.05,3,9,54.0,u700,-5334.6953125,4819.74267578125,1009879,1038240,0.9726835799044536
brown_0.05,3,9,54.0,u850,-2728.902099609375,5954.30126953125,1000427,1038240,0.9635797118200031
brown_0.05,3,9,54.0,u925,-4401.58349609375,4826.2587890625,999292,1038240,0.9624865156418555
brown_0.05,3,9,54.0,u1000,-5034.578125,3432.553466796875,1002232,1038240,0.9653182308522115
brown_0.05,3,9,54.0,v50,-1223.4068603515625,1282.78076171875,670265,1038240,0.6455780936970258
brown_0.05,3,9,54.0,v100,-2755.66162109375,2273.20654296875,961450,1038240,0.9260382955771306
brown_0.05,3,9,54.0,v150,-5149.34912109375,11240.9677734375,1011958,1038240,0.9746860070889197
brown_0.05,3,9,54.0,v200,-2584.5439453125,6627.296875,1004081,1038240,0.9670991292957313
brown_0.05,3,9,54.0,v250,-1174.0205078125,6513.8779296875,1008780,1038240,0.9716250577901063
brown_0.05,3,9,54.0,v300,-1064.5909423828125,2860.7255859375,879117,1038240,0.8467377484974572
brown_0.05,3,9,54.0,v400,-1649.027099609375,1033.6859130859375,757511,1038240,0.729610687316998
brown_0.05,3,9,54.0,v500,-735.181396484375,1066.04345703125,687383,1038240,0.6620656110340576
brown_0.05,3,9,54.0,v600,-1140.666015625,1900.4107666015625,868330,1038240,0.8363480505470797
brown_0.05,3,9,54.0,v700,-3452.47119140625,2295.3974609375,877554,1038240,0.8452323162274619
brown_0.05,3,9,54.0,v850,-393.8731384277344,3921.297119140625,936210,1038240,0.9017279241793805
brown_0.05,3,9,54.0,v925,-436.6670227050781,6164.4716796875,978323,1038240,0.9422898366466328
brown_0.05,3,9,54.0,v1000,-707.6176147460938,5903.97412109375,887197,1038240,0.8545201494837417
brown_0.05,3,9,54.0,z50,-3279419.25,6325484.5,1025002,1038240,0.9872495762058869
brown_0.05,3,9,54.0,z100,91593.796875,5684531.0,1037378,1038240,0.9991697488056711
brown_0.05,3,9,54.0,z150,49460.3671875,7806273.5,1033336,1038240,0.9952766219756511
brown_0.05,3,9,54.0,z200,-42917.1015625,6488818.0,1015860,1038240,0.9784442903374942
brown_0.05,3,9,54.0,z250,-52810.546875,6297410.5,1013992,1038240,0.9766450916936353
brown_0.05,3,9,54.0,z300,21207.515625,5179918.0,1009226,1038240,0.9720546309138542
brown_0.05,3,9,54.0,z400,42364.890625,3134567.0,994501,1038240,0.9578719756511018
brown_0.05,3,9,54.0,z500,-73769.59375,2001234.125,987603,1038240,0.9512280397595931
brown_0.05,3,9,54.0,z600,-128287.375,1353772.25,996698,1038240,0.9599880567113577
brown_0.05,3,9,54.0,z700,-238147.0625,870497.3125,973998,1038240,0.938124133148405
brown_0.05,3,9,54.0,z850,-399375.9375,765144.0625,971037,1038240,0.9352721914008322
brown_0.05,3,9,54.0,z925,-751728.25,844406.1875,983192,1038240,0.9469795037756202
brown_0.05,3,9,54.0,z1000,-1073733.125,925795.6875,986702,1038240,0.9503602249961474
brown_0.05,3,9,54.0,t50,-20476.93359375,13335.3671875,1029240,1038240,0.9913314840499307
brown_0.05,3,9,54.0,t100,-27016.55078125,16844.255859375,1032976,1038240,0.9949298813376484
brown_0.05,3,9,54.0,t150,-8807.4912109375,9923.26171875,1021187,1038240,0.9835750886114963
brown_0.05,3,9,54.0,t200,-446.07452392578125,6376.6806640625,991505,1038240,0.9549863230081677
brown_0.05,3,9,54.0,t250,-1478.3592529296875,16057.4150390625,1021826,1038240,0.9841905532439513
brown_0.05,3,9,54.0,t300,-2582.69287109375,23341.326171875,1025790,1038240,0.9880085529357374
brown_0.05,3,9,54.0,t400,-2234.35009765625,19809.669921875,1021159,1038240,0.9835481198952073
brown_0.05,3,9,54.0,t500,-1730.17578125,13652.7275390625,1016736,1038240,0.9792880258899677
brown_0.05,3,9,54.0,t600,-1685.428466796875,9581.8955078125,1004807,1038240,0.9677983895823702
brown_0.05,3,9,54.0,t700,-810.061767578125,9349.6552734375,974421,1038240,0.9385315533980583
brown_0.05,3,9,54.0,t850,-199.47439575195312,9455.1376953125,902649,1038240,0.8694030282015719
brown_0.05,3,9,54.0,t925,-2413.83837890625,2828.75341796875,948034,1038240,0.9131164278008939
brown_0.05,3,9,54.0,t1000,-4721.939453125,2238.24853515625,975764,1038240,0.9398250886114964
brown_0.05,3,9,54.0,q50,-0.10620469599962234,0.07941915094852448,595279,1038240,0.5733539451379257
brown_0.05,3,9,54.0,q100,-0.040864817798137665,0.0457276850938797,535498,1038240,0.5157747726922485
brown_0.05,3,9,54.0,q150,-0.02945135161280632,0.053824182599782944,187976,1038240,0.1810525504700262
brown_0.05,3,9,54.0,q200,-0.012564781121909618,0.2378922700881958,661937,1038240,0.637556826937895
brown_0.05,3,9,54.0,q250,-0.026792043820023537,0.6772480607032776,850229,1038240,0.8189137386346125
brown_0.05,3,9,54.0,q300,-0.02019229158759117,1.711167335510254,930619,1038240,0.8963428494375096
brown_0.05,3,9,54.0,q400,-0.07024028152227402,3.9498651027679443,1016666,1038240,0.9792206040992448
brown_0.05,3,9,54.0,q500,-0.13645122945308685,6.1602044105529785,1026436,1038240,0.9886307597472646
brown_0.05,3,9,54.0,q600,-0.09232381731271744,10.405476570129395,1030215,1038240,0.9922705732778548
brown_0.05,3,9,54.0,q700,-0.21360701322555542,12.399213790893555,1031715,1038240,0.9937153259361997
brown_0.05,3,9,54.0,q850,-0.39258521795272827,17.31089973449707,1032402,1038240,0.9943770226537216
brown_0.05,3,9,54.0,q925,-0.3995976746082306,18.971803665161133,1030076,1038240,0.9921366928648482
brown_0.05,3,9,54.0,q1000,-0.20607103407382965,17.900691986083984,1035109,1038240,0.9969843196178148
brown_0.05,3,10,60.0,u10m,-4259.6171875,3170.1953125,1013858,1038240,0.9765160271228233
brown_0.05,3,10,60.0,v10m,-1123.3748779296875,4978.45263671875,902397,1038240,0.8691603097549699
brown_0.05,3,10,60.0,u100m,-4488.64306640625,3751.46435546875,1017384,1038240,0.9799121590383726
brown_0.05,3,10,60.0,v100m,-1007.43408203125,5249.1083984375,993248,1038240,0.9566651255971644
brown_0.05,3,10,60.0,t2m,-4488.7080078125,11724.263671875,1021201,1038240,0.983588572969641
brown_0.05,3,10,60.0,sp,-2331359.25,2187336.25,995914,1038240,0.9592329326552628
brown_0.05,3,10,60.0,msl,-1695428.25,1602828.875,1025035,1038240,0.9872813607643705
brown_0.05,3,10,60.0,tcwv,-795.5554809570312,89104.8046875,1037347,1038240,0.9991398905840654
brown_0.05,3,10,60.0,u50,-16737.365234375,20262.16015625,1013038,1038240,0.975726229002928
brown_0.05,3,10,60.0,u100,-11739.2587890625,21316.849609375,1022870,1038240,0.9851961010941593
brown_0.05,3,10,60.0,u150,-6141.07421875,27273.236328125,1015162,1038240,0.9777719987671444
brown_0.05,3,10,60.0,u200,-21389.732421875,12846.939453125,1032267,1038240,0.9942469949144707
brown_0.05,3,10,60.0,u250,-38558.1640625,10720.08203125,1029780,1038240,0.9918515950069348
brown_0.05,3,10,60.0,u300,-25762.482421875,9971.0087890625,1015664,1038240,0.9782555093234705
brown_0.05,3,10,60.0,u400,-12679.263671875,9424.423828125,1013763,1038240,0.9764245261211281
brown_0.05,3,10,60.0,u500,-16466.54296875,7265.32666015625,1004528,1038240,0.967529665587918
brown_0.05,3,10,60.0,u600,-13531.8447265625,4534.0341796875,995264,1038240,0.95860687316998
brown_0.05,3,10,60.0,u700,-5904.1806640625,4891.3857421875,1011609,1038240,0.9743498613037448
brown_0.05,3,10,60.0,u850,-3089.881591796875,5980.39013671875,1004278,1038240,0.9672888734781938
brown_0.05,3,10,60.0,u925,-4663.64453125,4821.26220703125,1000701,1038240,0.9638436199722608
brown_0.05,3,10,60.0,u1000,-5120.7333984375,3462.79833984375,1002390,1038240,0.9654704114655571
brown_0.05,3,10,60.0,v50,-1598.8077392578125,1192.718505859375,587283,1038240,0.5656524503005086
brown_0.05,3,10,60.0,v100,-2851.788330078125,2160.957763671875,955122,1038240,0.9199433656957928
brown_0.05,3,10,60.0,v150,-5047.1728515625,11177.3759765625,1010535,1038240,0.9733154184003698
brown_0.05,3,10,60.0,v200,-2551.735107421875,6615.36474609375,1004016,1038240,0.9670365233472029
brown_0.05,3,10,60.0,v250,-1052.25634765625,6587.8642578125,1009198,1038240,0.9720276621975651
brown_0.05,3,10,60.0,v300,-1026.833984375,2885.57275390625,876934,1038240,0.844635151795346
brown_0.05,3,10,60.0,v400,-1576.177001953125,954.783935546875,797598,1038240,0.7682212205270458
brown_0.05,3,10,60.0,v500,-705.92138671875,1044.4503173828125,684438,1038240,0.6592290799815071
brown_0.05,3,10,60.0,v600,-1121.226318359375,1840.125732421875,847202,1038240,0.8159982277700725
brown_0.05,3,10,60.0,v700,-3431.730224609375,2237.9140625,892872,1038240,0.8599861303744799
brown_0.05,3,10,60.0,v850,-340.7535400390625,3915.881591796875,936059,1038240,0.9015824857451071
brown_0.05,3,10,60.0,v925,-392.40887451171875,6183.23046875,978238,1038240,0.9422079673293265
brown_0.05,3,10,60.0,v1000,-685.4755249023438,5892.81005859375,892620,1038240,0.859743411927878
brown_0.05,3,10,60.0,z50,-3407156.5,6792493.0,1026642,1038240,0.9888291724456773
brown_0.05,3,10,60.0,z100,76969.4921875,6385069.5,1037235,1038240,0.9990320157189089
brown_0.05,3,10,60.0,z150,54858.234375,8556770.0,1034549,1038240,0.9964449452920326
brown_0.05,3,10,60.0,z200,-31415.0859375,7194510.5,1017020,1038240,0.9795615657266142
brown_0.05,3,10,60.0,z250,-49469.703125,6873454.0,1016048,1038240,0.9786253660040067
brown_0.05,3,10,60.0,z300,23289.0703125,5653030.5,1012040,1038240,0.9747649869009092
brown_0.05,3,10,60.0,z400,44575.6953125,3459305.5,998420,1038240,0.9616466327631377
brown_0.05,3,10,60.0,z500,-76583.4375,2221492.75,988845,1038240,0.9524242949607027
brown_0.05,3,10,60.0,z600,-135010.59375,1496757.875,1000147,1038240,0.963310024657112
brown_0.05,3,10,60.0,z700,-243974.25,912806.125,978812,1038240,0.9427608260132532
brown_0.05,3,10,60.0,z850,-422940.59375,791885.125,973183,1038240,0.9373391508707043
brown_0.05,3,10,60.0,z925,-813435.0,859223.5625,984859,1038240,0.9485851055632609
brown_0.05,3,10,60.0,z1000,-1172739.25,933835.375,988952,1038240,0.9525273539836646
brown_0.05,3,10,60.0,t50,-21360.6015625,13732.9892578125,1027647,1038240,0.9897971567267684
brown_0.05,3,10,60.0,t100,-27652.021484375,17295.2265625,1033190,1038240,0.9951359993835722
brown_0.05,3,10,60.0,t150,-8558.162109375,9734.7392578125,1016363,1038240,0.9789287640622593
brown_0.05,3,10,60.0,t200,-114.66145324707031,6716.1748046875,1014218,1038240,0.976862767760826
brown_0.05,3,10,60.0,t250,-1505.6129150390625,18135.103515625,1024618,1038240,0.9868797195253506
brown_0.05,3,10,60.0,t300,-2640.104248046875,25194.814453125,1026511,1038240,0.9887029973801819
brown_0.05,3,10,60.0,t400,-2231.868408203125,21547.64453125,1022955,1038240,0.9852779704114656
brown_0.05,3,10,60.0,t500,-1728.3575439453125,15084.9599609375,1019111,1038240,0.981575550932347
brown_0.05,3,10,60.0,t600,-1641.4512939453125,11098.3388671875,1009432,1038240,0.9722530436122669
brown_0.05,3,10,60.0,t700,-842.5789794921875,10997.767578125,984356,1038240,0.9481006318384959
brown_0.05,3,10,60.0,t850,-94.18014526367188,11106.623046875,947771,1038240,0.9128631145014641
brown_0.05,3,10,60.0,t925,-2202.0849609375,4566.24609375,967895,1038240,0.9322459161658191
brown_0.05,3,10,60.0,t1000,-4447.5498046875,3935.98046875,996395,1038240,0.959696216674372
brown_0.05,3,10,60.0,q50,-0.10439977049827576,0.07797560840845108,587925,1038240,0.5662708044382802
brown_0.05,3,10,60.0,q100,-0.03739938139915466,0.04258972406387329,537043,1038240,0.5172628679303437
brown_0.05,3,10,60.0,q150,-0.027379266917705536,0.05391490086913109,177519,1038240,0.17098069810448452
brown_0.05,3,10,60.0,q200,-0.012491140514612198,0.24482621252536774,671371,1038240,0.6466433579904454
brown_0.05,3,10,60.0,q250,-0.026245445013046265,0.700525164604187,859489,1038240,0.8278326783787949
brown_0.05,3,10,60.0,q300,-0.019318334758281708,1.7568639516830444,940682,1038240,0.9060352134381261
brown_0.05,3,10,60.0,q400,-0.07388241589069366,4.052095890045166,1017208,1038240,0.9797426413931268
brown_0.05,3,10,60.0,q500,-0.14083684980869293,6.349062442779541,1027087,1038240,0.9892577824009863
brown_0.05,3,10,60.0,q600,-0.09608285874128342,10.602323532104492,1029941,1038240,0.9920066651255972
brown_0.05,3,10,60.0,q700,-0.2089313417673111,12.844477653503418,1031694,1038240,0.9936950993989829
brown_0.05,3,10,60.0,q850,-0.3952900767326355,18.110797882080078,1031089,1038240,0.9931123824934505
brown_0.05,3,10,60.0,q925,-0.4061528146266937,19.81707000732422,1031549,1038240,0.9935554399753429
brown_0.05,3,10,60.0,q1000,-0.2248329222202301,18.914609909057617,1034856,1038240,0.9967406380027739
brown_0.05,3,11,66.0,u10m,-4389.369140625,3160.915283203125,1014828,1038240,0.977450300508553
brown_0.05,3,11,66.0,v10m,-1089.491943359375,4988.11279296875,903949,1038240,0.8706551471721374
brown_0.05,3,11,66.0,u100m,-4707.38427734375,3750.655517578125,1017978,1038240,0.9804842810910772
brown_0.05,3,11,66.0,v100m,-987.9722900390625,5215.6083984375,993340,1038240,0.9567537370935429
brown_0.05,3,11,66.0,t2m,-4137.560546875,13249.5751953125,1020837,1038240,0.9832379796578826
brown_0.05,3,11,66.0,sp,-2300593.0,2157190.0,994120,1038240,0.9575050084758823
brown_0.05,3,11,66.0,msl,-1780805.625,1594013.375,1024886,1038240,0.9871378486669748
brown_0.05,3,11,66.0,tcwv,-801.5067138671875,91741.984375,1037297,1038240,0.9990917321621205
brown_0.05,3,11,66.0,u50,-17724.73828125,20175.0,1012021,1038240,0.9747466867005702
brown_0.05,3,11,66.0,u100,-13767.6357421875,21220.046875,1024469,1038240,0.986736207427955
brown_0.05,3,11,66.0,u150,-7078.52880859375,27027.5390625,1023298,1038240,0.985608337186007
brown_0.05,3,11,66.0,u200,-23704.7578125,13210.3173828125,1033165,1038240,0.9951119201725998
brown_0.05,3,11,66.0,u250,-40087.796875,11108.9404296875,1029688,1038240,0.9917629835105564
brown_0.05,3,11,66.0,u300,-26827.37890625,10434.9052734375,1013103,1038240,0.9757888349514563
brown_0.05,3,11,66.0,u400,-13729.66015625,9816.4326171875,1015128,1038240,0.977739251040222
brown_0.05,3,11,66.0,u500,-17282.630859375,7574.61181640625,1003480,1038240,0.9665202650639544
brown_0.05,3,11,66.0,u600,-14102.0234375,4782.38330078125,999214,1038240,0.9624113885036215
brown_0.05,3,11,66.0,u700,-6443.00048828125,5041.16015625,1012286,1038240,0.9750019263368778
brown_0.05,3,11,66.0,u850,-3471.488037109375,5985.22998046875,1007315,1038240,0.9702140160271229
brown_0.05,3,11,66.0,u925,-4968.02685546875,4808.52734375,1002451,1038240,0.9655291647403298
brown_0.05,3,11,66.0,u1000,-5216.85107421875,3469.669189453125,1003624,1038240,0.9666589613191555
brown_0.05,3,11,66.0,v50,-2214.898681640625,1107.8154296875,574005,1038240,0.5528634997688395
brown_0.05,3,11,66.0,v100,-3066.2197265625,2058.504150390625,944852,1038240,0.9100516258283249
brown_0.05,3,11,66.0,v150,-5101.8125,11092.978515625,1006841,1038240,0.9697574741870858
brown_0.05,3,11,66.0,v200,-2511.704345703125,6578.2265625,1003530,1038240,0.9665684234858992
brown_0.05,3,11,66.0,v250,-942.788818359375,6643.251953125,1006561,1038240,0.9694877870241948
brown_0.05,3,11,66.0,v300,-985.5140991210938,2892.899658203125,868886,1038240,0.8368835721991061
brown_0.05,3,11,66.0,v400,-1507.6260986328125,845.9632568359375,815818,1038240,0.7857701494837417
brown_0.05,3,11,66.0,v500,-666.888427734375,1021.0590209960938,681407,1038240,0.6563097164432116
brown_0.05,3,11,66.0,v600,-1094.671630859375,1754.6246337890625,822541,1038240,0.7922455308984435
brown_0.05,3,11,66.0,v700,-3419.50537109375,2190.2216796875,908549,1038240,0.8750857219910618
brown_0.05,3,11,66.0,v850,-293.82684326171875,3917.162353515625,937277,1038240,0.9027556249036831
brown_0.05,3,11,66.0,v925,-367.37677001953125,6182.4462890625,978492,1038240,0.9424526121128063
brown_0.05,3,11,66.0,v1000,-660.4991455078125,5874.02490234375,898264,1038240,0.8651795345970104
brown_0.05,3,11,66.0,z50,-3511659.5,7254281.0,1027951,1038240,0.990089959932193
brown_0.05,3,11,66.0,z100,63359.046875,7075070.0,1036903,1038240,0.9987122437971953
brown_0.05,3,11,66.0,z150,60067.671875,9282154.0,1035303,1038240,0.9971711742949607
brown_0.05,3,11,66.0,z200,-18219.1640625,7872374.5,1017983,1038240,0.9804890969332717
brown_0.05,3,11,66.0,z250,-43976.546875,7420602.5,1017857,1038240,0.9803677377099708
brown_0.05,3,11,66.0,z300,26220.75,6105165.5,1014494,1038240,0.9771286022499615
brown_0.05,3,11,66.0,z400,47055.2421875,3775620.5,1001959,1038240,0.9650552858683926
brown_0.05,3,11,66.0,z500,-77938.703125,2439522.25,989481,1038240,0.953036870087841
brown_0.05,3,11,66.0,z600,-139184.046875,1639334.125,1002002,1038240,0.9650967021112652
brown_0.05,3,11,66.0,z700,-247163.59375,950190.0625,984454,1038240,0.9481950223455078
brown_0.05,3,11,66.0,z850,-435689.09375,811423.8125,974108,1038240,0.9382300816766836
brown_0.05,3,11,66.0,z925,-863619.5,866183.8125,985522,1038240,0.9492236862382494
brown_0.05,3,11,66.0,z1000,-1255415.875,933822.25,990617,1038240,0.9541310294344275
brown_0.05,3,11,66.0,t50,-22039.6875,14006.1083984375,1026747,1038240,0.9889303051317614
brown_0.05,3,11,66.0,t100,-28166.037109375,17701.150390625,1033356,1038240,0.995295885344429
brown_0.05,3,11,66.0,t150,-8240.8955078125,9580.2607421875,1010298,1038240,0.9730871474803514
brown_0.05,3,11,66.0,t200,-62.17109680175781,6994.67431640625,1024176,1038240,0.9864539990753582
brown_0.05,3,11,66.0,t250,-1475.324951171875,20099.388671875,1026203,1038240,0.9884063415010017
brown_0.05,3,11,66.0,t300,-2673.11767578125,26907.89453125,1026906,1038240,0.989083448913546
brown_0.05,3,11,66.0,t400,-2201.1552734375,23146.791015625,1024404,1038240,0.9866736014794267
brown_0.05,3,11,66.0,t500,-1700.9171142578125,16465.84765625,1019730,1038240,0.982171752196024
brown_0.05,3,11,66.0,t600,-1581.1827392578125,12566.6376953125,1016270,1038240,0.9788391893974419
brown_0.05,3,11,66.0,t700,-852.8802490234375,12521.3173828125,1002409,1038240,0.9654887116658961
brown_0.05,3,11,66.0,t850,-165.4111328125,12660.1396484375,980814,1038240,0.9446890892279242
brown_0.05,3,11,66.0,t925,-1979.7679443359375,6206.3203125,972498,1038240,0.93667938049006
brown_0.05,3,11,66.0,t1000,-4123.794921875,5536.048828125,1004951,1038240,0.9679370858375713
brown_0.05,3,11,66.0,q50,-0.10259457677602768,0.07657723873853683,580699,1038240,0.5593109492988134
brown_0.05,3,11,66.0,q100,-0.034243859350681305,0.0397200807929039,538843,1038240,0.5189965711203576
brown_0.05,3,11,66.0,q150,-0.025361686944961548,0.053945597261190414,169719,1038240,0.16346798428109108
brown_0.05,3,11,66.0,q200,-0.01239000167697668,0.25182196497917175,679148,1038240,0.6541339189397442
brown_0.05,3,11,66.0,q250,-0.026417415589094162,0.7218456864356995,867164,1038240,0.8352249961473263
brown_0.05,3,11,66.0,q300,-0.01878264546394348,1.7975223064422607,947832,1038240,0.9129218677762367
brown_0.05,3,11,66.0,q400,-0.07518202066421509,4.148380279541016,1017596,1038240,0.9801163507474188
brown_0.05,3,11,66.0,q500,-0.14246779680252075,6.535858154296875,1027466,1038240,0.989622823239328
brown_0.05,3,11,66.0,q600,-0.09867563098669052,10.783292770385742,1029196,1038240,0.9912891046386192
brown_0.05,3,11,66.0,q700,-0.20447292923927307,13.266107559204102,1031390,1038240,0.9934022961935584
brown_0.05,3,11,66.0,q850,-0.39493492245674133,18.864294052124023,1031148,1038240,0.9931692094313453
brown_0.05,3,11,66.0,q925,-0.40853172540664673,20.585840225219727,1032363,1038240,0.9943394590846047
brown_0.05,3,11,66.0,q1000,-0.23770195245742798,19.859907150268555,1034608,1038240,0.9965017722299275
brown_0.05,3,12,72.0,u10m,-4509.2158203125,3139.76513671875,1015284,1038240,0.9778895053166898
brown_0.05,3,12,72.0,v10m,-1054.187255859375,4998.87939453125,904049,1038240,0.8707514640160271
brown_0.05,3,12,72.0,u100m,-4925.033203125,3750.98876953125,1018125,1038240,0.980625866851595
brown_0.05,3,12,72.0,v100m,-966.1553344726562,5179.91162109375,993266,1038240,0.9566824626290645
brown_0.05,3,12,72.0,t2m,-3754.939453125,14689.353515625,1019134,1038240,0.9815977038064416
brown_0.05,3,12,72.0,sp,-2253246.0,2113534.0,991372,1038240,0.9548582216057944
brown_0.05,3,12,72.0,msl,-1842703.5,1575848.125,1025215,1038240,0.9874547310833719
brown_0.05,3,12,72.0,tcwv,-813.7627563476562,94115.9296875,1037255,1038240,0.9990512790876869
brown_0.05,3,12,72.0,u50,-18653.548828125,19938.6328125,1012883,1038240,0.9755769378948991
brown_0.05,3,12,72.0,u100,-15723.0654296875,21091.322265625,1025533,1038240,0.987761018646941
brown_0.05,3,12,72.0,u150,-7949.97265625,26696.841796875,1028894,1038240,0.9909982277700724
brown_0.05,3,12,72.0,u200,-25877.203125,13480.4541015625,1033473,1038240,0.9954085760517799
brown_0.05,3,12,72.0,u250,-41480.66015625,11419.3623046875,1029541,1038240,0.9916213977500385
brown_0.05,3,12,72.0,u300,-27860.7578125,10808.2353515625,1011126,1038240,0.9738846509477578
brown_0.05,3,12,72.0,u400,-14740.4794921875,10132.787109375,1015453,1038240,0.9780522807828633
brown_0.05,3,12,72.0,u500,-18070.998046875,7821.54638671875,1005046,1038240,0.9680285868392664
brown_0.05,3,12,72.0,u600,-14667.935546875,4993.783203125,1002920,1038240,0.9659808907381723
brown_0.05,3,12,72.0,u700,-6974.71240234375,5171.09814453125,1011600,1038240,0.9743411927877947
brown_0.05,3,12,72.0,u850,-3858.601318359375,5979.41650390625,1008815,1038240,0.9716587686854677
brown_0.05,3,12,72.0,u925,-5268.7421875,4778.0927734375,1004215,1038240,0.9672281938665434
brown_0.05,3,12,72.0,u1000,-5308.7255859375,3465.42578125,1004874,1038240,0.9678629218677762
brown_0.05,3,12,72.0,v50,-2820.65380859375,1026.60595703125,591996,1038240,0.5701918631530282
brown_0.05,3,12,72.0,v100,-3351.039306640625,1965.26220703125,923934,1038240,0.8899040684234859
brown_0.05,3,12,72.0,v150,-5163.03125,10987.8837890625,1003750,1038240,0.9667803205424564
brown_0.05,3,12,72.0,v200,-2462.138427734375,6529.6904296875,1002522,1038240,0.9655975496994914
brown_0.05,3,12,72.0,v250,-845.1272583007812,6635.55126953125,1005269,1038240,0.9682433734011404
brown_0.05,3,12,72.0,v300,-942.55859375,2882.7939453125,867443,1038240,0.8354937201417784
brown_0.05,3,12,72.0,v400,-1444.933837890625,739.8168334960938,813146,1038240,0.78319656341501
brown_0.05,3,12,72.0,v500,-633.7437744140625,968.510009765625,675822,1038240,0.6509304207119742
brown_0.05,3,12,72.0,v600,-1076.7479248046875,1643.6177978515625,793205,1038240,0.763990021574973
brown_0.05,3,12,72.0,v700,-3426.61279296875,2152.045654296875,919237,1038240,0.8853800662659886
brown_0.05,3,12,72.0,v850,-257.03729248046875,3904.34228515625,938477,1038240,0.9039114270303591
brown_0.05,3,12,72.0,v925,-341.9644775390625,6161.3515625,978285,1038240,0.9422532362459547
brown_0.05,3,12,72.0,v1000,-633.754638671875,5853.77294921875,902804,1038240,0.8695523193096009
brown_0.05,3,12,72.0,z50,-3596353.25,7707442.0,1028198,1038240,0.9903278625366004
brown_0.05,3,12,72.0,z100,51001.375,7755164.0,1036492,1038240,0.9983163815688088
brown_0.05,3,12,72.0,z150,65175.171875,9985040.0,1035826,1038240,0.9976749113885036
brown_0.05,3,12,72.0,z200,-3480.3515625,8524416.0,1018690,1038240,0.9811700570195716
brown_0.05,3,12,72.0,z250,-36171.078125,7946891.0,1019173,1038240,0.9816352673755586
brown_0.05,3,12,72.0,z300,26146.26171875,6541232.5,1016831,1038240,0.9793795268916629
brown_0.05,3,12,72.0,z400,49492.59765625,4082803.25,1005128,1038240,0.968107566651256
brown_0.05,3,12,72.0,z500,-77757.125,2653598.0,991045,1038240,0.9545432655262752
brown_0.05,3,12,72.0,z600,-142652.53125,1781504.625,1002983,1038240,0.9660415703498227
brown_0.05,3,12,72.0,z700,-247140.25,983357.4375,989262,1038240,0.9528259361997226
brown_0.05,3,12,72.0,z850,-438507.6875,825026.125,974098,1038240,0.9382204499922947
brown_0.05,3,12,72.0,z925,-899551.4375,866758.1875,985673,1038240,0.9493691246725228
brown_0.05,3,12,72.0,z1000,-1320516.75,926615.625,991722,1038240,0.9551953305594082
brown_0.05,3,12,72.0,t50,-22534.369140625,14183.232421875,1026290,1038240,0.9884901371551857
brown_0.05,3,12,72.0,t100,-28593.7265625,18019.146484375,1033453,1038240,0.995389312683002
brown_0.05,3,12,72.0,t150,-7871.35009765625,9463.509765625,1005847,1038240,0.9688000847588226
brown_0.05,3,12,72.0,t200,-115.70091247558594,7473.34814453125,1032488,1038240,0.9944598551394668
brown_0.05,3,12,72.0,t250,-1422.3916015625,21937.080078125,1027664,1038240,0.9898135305902296
brown_0.05,3,12,72.0,t300,-2681.13671875,28545.841796875,1027316,1038240,0.9894783479734937
brown_0.05,3,12,72.0,t400,-2151.738037109375,24642.07421875,1025390,1038240,0.9876232855601788
brown_0.05,3,12,72.0,t500,-1652.5550537109375,17778.25390625,1021436,1038240,0.9838149175527816
brown_0.05,3,12,72.0,t600,-1525.113525390625,13935.0078125,1017898,1038240,0.9804072276159654
brown_0.05,3,12,72.0,t700,-849.1275634765625,13935.2236328125,1010387,1038240,0.9731728694714131
brown_0.05,3,12,72.0,t850,-214.70703125,14101.625,996312,1038240,0.9596162736939436
brown_0.05,3,12,72.0,t925,-1747.9000244140625,7743.4140625,952523,1038240,0.9174400909231006
brown_0.05,3,12,72.0,t1000,-3777.81640625,7033.3486328125,1009688,1038240,0.9724996147326245
brown_0.05,3,12,72.0,q50,-0.10078931599855423,0.0752238929271698,574318,1038240,0.5531649714902143
brown_0.05,3,12,72.0,q100,-0.03136461600661278,0.037091176956892014,540065,1038240,0.5201735629526891
brown_0.05,3,12,72.0,q150,-0.02350582927465439,0.053879156708717346,162179,1038240,0.15620569425181074
brown_0.05,3,12,72.0,q200,-0.012274812906980515,0.25832048058509827,685778,1038240,0.6605197256896286
brown_0.05,3,12,72.0,q250,-0.02674398012459278,0.7415210008621216,873528,1038240,0.8413546000924642
brown_0.05,3,12,72.0,q300,-0.018341580405831337,1.8341631889343262,953503,1038240,0.9183839959932193
brown_0.05,3,12,72.0,q400,-0.07493776082992554,4.230369567871094,1017947,1038240,0.9804544228694714
brown_0.05,3,12,72.0,q500,-0.1434561312198639,6.711955547332764,1027821,1038240,0.9899647480351363
brown_0.05,3,12,72.0,q600,-0.10019152611494064,10.940085411071777,1028548,1038240,0.9906649714902143
brown_0.05,3,12,72.0,q700,-0.20153841376304626,13.65388298034668,1030133,1038240,0.9921915934658653
brown_0.05,3,12,72.0,q850,-0.39159902930259705,19.541765213012695,1032564,1038240,0.994533055940823
brown_0.05,3,12,72.0,q925,-0.4066266417503357,21.3053035736084,1032926,1038240,0.9948817229157035
brown_0.05,3,12,72.0,q1000,-0.24440263211727142,20.704021453857422,1034347,1038240,0.9962503852673755
brown_0.05,3,13,78.0,u10m,-4634.1396484375,3111.10791015625,1015396,1038240,0.9779973801818462
brown_0.05,3,13,78.0,v10m,-1019.6302490234375,5005.466796875,906291,1038240,0.8729108876560333
brown_0.05,3,13,78.0,u100m,-5151.85693359375,3741.140625,1018055,1038240,0.9805584450608722
brown_0.05,3,13,78.0,v100m,-944.4666137695312,5147.63623046875,992972,1038240,0.956399291108029
brown_0.05,3,13,78.0,t2m,-3354.573974609375,16039.7421875,1015703,1038240,0.9782930728925875
brown_0.05,3,13,78.0,sp,-2194177.75,2058830.375,989496,1038240,0.9530513176144244
brown_0.05,3,13,78.0,msl,-1885137.625,1551573.875,1024928,1038240,0.9871783017414085
brown_0.05,3,13,78.0,tcwv,-823.4098510742188,96310.71875,1037261,1038240,0.9990570580983202
brown_0.05,3,13,78.0,u50,-19505.595703125,19605.96484375,1010915,1038240,0.9736814224071506
brown_0.05,3,13,78.0,u100,-17565.064453125,20871.845703125,1025829,1038240,0.9880461165048544
brown_0.05,3,13,78.0,u150,-9066.224609375,26208.8671875,1030205,1038240,0.9922609415934659
brown_0.05,3,13,78.0,u200,-27882.212890625,13662.4541015625,1033465,1038240,0.9954008707042687
brown_0.05,3,13,78.0,u250,-42726.26171875,11667.0888671875,1029311,1038240,0.9913998690090923
brown_0.05,3,13,78.0,u300,-28797.095703125,11109.0693359375,1009195,1038240,0.9720247726922484
brown_0.05,3,13,78.0,u400,-15725.923828125,10363.345703125,1015897,1038240,0.9784799275697333
brown_0.05,3,13,78.0,u500,-18841.265625,8009.0791015625,1006548,1038240,0.9694752658344892
brown_0.05,3,13,78.0,u600,-15223.9921875,5168.91357421875,1006516,1038240,0.9694444444444444
brown_0.05,3,13,78.0,u700,-7512.86865234375,5280.095703125,1010694,1038240,0.9734685621821544
brown_0.05,3,13,78.0,u850,-4259.51171875,5957.86083984375,1009632,1038240,0.9724456773000463
brown_0.05,3,13,78.0,u925,-5580.5537109375,4743.36376953125,1005607,1038240,0.9685689243334874
brown_0.05,3,13,78.0,u1000,-5414.55322265625,3450.68359375,1005155,1038240,0.9681335721991062
brown_0.05,3,13,78.0,v50,-3402.10888671875,948.8983764648438,631212,1038240,0.607963476652797
brown_0.05,3,13,78.0,v100,-3648.2431640625,1878.9281005859375,909489,1038240,0.8759911003236246
brown_0.05,3,13,78.0,v150,-5276.2763671875,10848.1748046875,1002666,1038240,0.9657362459546925
brown_0.05,3,13,78.0,v200,-2356.914306640625,6465.55859375,1000985,1038240,0.9641171598089073
brown_0.05,3,13,78.0,v250,-762.3306274414062,6559.90771484375,1003988,1038240,0.9670095546309139
brown_0.05,3,13,78.0,v300,-897.1446533203125,2865.19482421875,860851,1038240,0.829144513792572
brown_0.05,3,13,78.0,v400,-1380.619140625,687.7064208984375,798111,1038240,0.7687153259361997
brown_0.05,3,13,78.0,v500,-598.7423095703125,912.4904174804688,665720,1038240,0.6412004931422407
brown_0.05,3,13,78.0,v600,-1052.2125244140625,1534.047607421875,764436,1038240,0.7362806287563569
brown_0.05,3,13,78.0,v700,-3440.521728515625,2118.518310546875,924340,1038240,0.8902951148096779
brown_0.05,3,13,78.0,v850,-244.6929931640625,3901.372802734375,939937,1038240,0.9053176529511481
brown_0.05,3,13,78.0,v925,-318.6590270996094,6153.27197265625,978633,1038240,0.9425884188626907
brown_0.05,3,13,78.0,v1000,-606.8191528320312,5835.06787109375,907317,1038240,0.8738990984743412
brown_0.05,3,13,78.0,z50,-3662473.75,8159428.0,1027199,1038240,0.9893656572661427
brown_0.05,3,13,78.0,z100,40596.6328125,8426171.0,1035971,1038240,0.9978145708121436
brown_0.05,3,13,78.0,z150,70224.546875,10663819.0,1036221,1038240,0.9980553629218678
brown_0.05,3,13,78.0,z200,11954.640625,9147333.0,1019487,1038240,0.9819377022653721
brown_0.05,3,13,78.0,z250,-26270.0,8449301.0,1020230,1038240,0.9826533364154724
brown_0.05,3,13,78.0,z300,25054.48828125,6959587.0,1019057,1038240,0.9815235398366466
brown_0.05,3,13,78.0,z400,48711.59375,4379805.5,1008094,1038240,0.9709643242410233
brown_0.05,3,13,78.0,z500,-77620.734375,2863126.25,993214,1038240,0.9566323778702419
brown_0.05,3,13,78.0,z600,-144818.0,1921757.375,1003574,1038240,0.9666108028972107
brown_0.05,3,13,78.0,z700,-244613.875,1057648.5,994666,1038240,0.9580308984435199
brown_0.05,3,13,78.0,z850,-433300.9375,833579.5625,973371,1038240,0.9375202265372168
brown_0.05,3,13,78.0,z925,-922951.4375,862214.625,985757,1038240,0.94945003082139
brown_0.05,3,13,78.0,z1000,-1371049.375,914607.9375,992444,1038240,0.9558907381722915
brown_0.05,3,13,78.0,t50,-22864.560546875,14271.3837890625,1025732,1038240,0.9879526891662814
brown_0.05,3,13,78.0,t100,-28958.96484375,18265.166015625,1033495,1038240,0.9954297657574357
brown_0.05,3,13,78.0,t150,-7464.0986328125,9381.90625,1005685,1038240,0.9686440514717214
brown_0.05,3,13,78.0,t200,-167.91127014160156,9226.8388671875,1034493,1038240,0.9963910078594544
brown_0.05,3,13,78.0,t250,-1386.1021728515625,23655.376953125,1028530,1038240,0.990647634458314
brown_0.05,3,13,78.0,t300,-2650.02978515625,30088.259765625,1028070,1038240,0.9902045769764216
brown_0.05,3,13,78.0,t400,-2090.629150390625,26038.72265625,1026130,1038240,0.9883360302049622
brown_0.05,3,13,78.0,t500,-1586.6083984375,19016.515625,1022782,1038240,0.9851113422715364
brown_0.05,3,13,78.0,t600,-1456.2882080078125,15215.1611328125,1018991,1038240,0.9814599707196795
brown_0.05,3,13,78.0,t700,-826.8424072265625,15249.197265625,1014585,1038240,0.9772162505779011
brown_0.05,3,13,78.0,t850,-245.7271728515625,15432.2841796875,1002791,1038240,0.9658566420095547
brown_0.05,3,13,78.0,t925,-1486.927734375,9182.3681640625,951370,1038240,0.9163295577130529
brown_0.05,3,13,78.0,t1000,-3421.955810546875,8447.8515625,1006830,1038240,0.969746879334258
brown_0.05,3,13,78.0,q50,-0.09907393902540207,0.07387055456638336,567726,1038240,0.5468157651410078
brown_0.05,3,13,78.0,q100,-0.0287372637540102,0.034691549837589264,537529,1038240,0.5177309677916474
brown_0.05,3,13,78.0,q150,-0.02177962101995945,0.05420530214905739,155204,1038240,0.14948759439050702
brown_0.05,3,13,78.0,q200,-0.012149383313953876,0.2619330585002899,690755,1038240,0.665313415010017
brown_0.05,3,13,78.0,q250,-0.026712941005825996,0.7577829360961914,878894,1038240,0.8465229619355833
brown_0.05,3,13,78.0,q300,-0.01791364513337612,1.8680609464645386,957875,1038240,0.9225949684080752
brown_0.05,3,13,78.0,q400,-0.07413209229707718,4.306914329528809,1018176,1038240,0.9806749884419788
brown_0.05,3,13,78.0,q500,-0.1463415026664734,6.869937419891357,1028066,1038240,0.990200724302666
brown_0.05,3,13,78.0,q600,-0.1008349061012268,11.081758499145508,1028579,1038240,0.99069482971182
brown_0.05,3,13,78.0,q700,-0.1984708309173584,14.00551700592041,1030078,1038240,0.992138619201726
brown_0.05,3,13,78.0,q850,-0.38500121235847473,20.163169860839844,1033360,1038240,0.9952997380181846
brown_0.05,3,13,78.0,q925,-0.4004742205142975,21.965063095092773,1033385,1038240,0.9953238172291571
brown_0.05,3,13,78.0,q1000,-0.2460869997739792,21.474140167236328,1033946,1038240,0.995864154723378
brown_0.05,3,14,84.0,u10m,-4749.5546875,3082.888671875,1015244,1038240,0.977850978579134
brown_0.05,3,14,84.0,v10m,-982.1983032226562,4992.47509765625,913333,1038240,0.8796935198027431
brown_0.05,3,14,84.0,u100m,-5372.22900390625,3732.990966796875,1017895,1038240,0.9804043381106488
brown_0.05,3,14,84.0,v100m,-920.125,5096.791015625,992744,1038240,0.9561796887039605
brown_0.05,3,14,84.0,t2m,-2958.62841796875,17304.4765625,1011949,1038240,0.9746773385729697
brown_0.05,3,14,84.0,sp,-2156410.5,1994691.25,986480,1038240,0.9501464016027122
brown_0.05,3,14,84.0,msl,-1913031.75,1523223.875,1024379,1038240,0.9866495222684543
brown_0.05,3,14,84.0,tcwv,-840.3156127929688,98353.6328125,1037237,1038240,0.9990339420557867
brown_0.05,3,14,84.0,u50,-20296.146484375,19186.041015625,1007071,1038240,0.9699790029280321
brown_0.05,3,14,84.0,u100,-19275.79296875,20597.478515625,1024966,1038240,0.9872149021420866
brown_0.05,3,14,84.0,u150,-10858.3359375,25489.19921875,1029878,1038240,0.9919459855139466
brown_0.05,3,14,84.0,u200,-29653.966796875,13746.603515625,1033136,1038240,0.9950839882878718
brown_0.05,3,14,84.0,u250,-43831.4609375,11840.873046875,1029092,1038240,0.991188935120974
brown_0.05,3,14,84.0,u300,-29690.859375,11334.2451171875,1003981,1038240,0.9670028124518416
brown_0.05,3,14,84.0,u400,-16632.705078125,10533.7568359375,1016342,1038240,0.9789085375250424
brown_0.05,3,14,84.0,u500,-19520.328125,8153.59521484375,1007738,1038240,0.9706214362767761
brown_0.05,3,14,84.0,u600,-15757.4501953125,5308.54150390625,1008754,1038240,0.9716000154106951
brown_0.05,3,14,84.0,u700,-8010.94287109375,5367.9599609375,1010393,1038240,0.9731786484820465
brown_0.05,3,14,84.0,u850,-4658.65771484375,5917.583984375,1010116,1038240,0.9729118508244722
brown_0.05,3,14,84.0,u925,-5908.71826171875,4709.0390625,1006509,1038240,0.9694377022653722
brown_0.05,3,14,84.0,u1000,-5530.046875,3437.893310546875,1005037,1038240,0.9680199183233164
brown_0.05,3,14,84.0,v50,-3995.307861328125,873.8763427734375,650707,1038240,0.6267404453690861
brown_0.05,3,14,84.0,v100,-3912.1015625,1796.731201171875,897755,1038240,0.864689281861612
brown_0.05,3,14,84.0,v150,-5442.30712890625,10657.8994140625,1002299,1038240,0.9653827631376175
brown_0.05,3,14,84.0,v200,-2257.73095703125,6412.52685546875,999659,1038240,0.9628399984589305
brown_0.05,3,14,84.0,v250,-686.53662109375,6453.09765625,1001879,1038240,0.964978232393281
brown_0.05,3,14,84.0,v300,-901.1098022460938,2850.929443359375,858039,1038240,0.8264360841423948
brown_0.05,3,14,84.0,v400,-1315.627197265625,677.3041381835938,781607,1038240,0.7528191940206503
brown_0.05,3,14,84.0,v500,-563.4652099609375,838.6275024414062,651734,1038240,0.6277296193558329
brown_0.05,3,14,84.0,v600,-1019.2756958007812,1417.9156494140625,743274,1038240,0.7158980582524271
brown_0.05,3,14,84.0,v700,-3457.85107421875,2085.210205078125,926929,1038240,0.8927887578979812
brown_0.05,3,14,84.0,v850,-231.5782012939453,3876.12890625,942162,1038240,0.907460702727693
brown_0.05,3,14,84.0,v925,-310.01080322265625,6118.419921875,979593,1038240,0.9435130605640314
brown_0.05,3,14,84.0,v1000,-575.9033813476562,5799.30908203125,911680,1038240,0.8781014023732471
brown_0.05,3,14,84.0,z50,-3711278.0,8604784.0,1027831,1038240,0.9899743797195254
brown_0.05,3,14,84.0,z100,32004.3671875,9079107.0,1034402,1038240,0.9963033595315148
brown_0.05,3,14,84.0,z150,75643.875,11315986.0,1036525,1038240,0.9983481661272924
brown_0.05,3,14,84.0,z200,28227.7421875,9742856.0,1020032,1038240,0.9824626290645708
brown_0.05,3,14,84.0,z250,-14948.09375,8930785.0,1021228,1038240,0.9836145785174911
brown_0.05,3,14,84.0,z300,24856.5625,7361470.5,1021283,1038240,0.9836675527816304
brown_0.05,3,14,84.0,z400,47737.609375,4668675.5,1010764,1038240,0.9735359839728772
brown_0.05,3,14,84.0,z500,-77517.3125,3068782.25,995804,1038240,0.9591269841269842
brown_0.05,3,14,84.0,z600,-145506.21875,2063604.25,1003354,1038240,0.9663989058406535
brown_0.05,3,14,84.0,z700,-240120.375,1144743.0,997305,1038240,0.9605726999537679
brown_0.05,3,14,84.0,z850,-421457.6875,838602.8125,971960,1038240,0.9361611958699337
brown_0.05,3,14,84.0,z925,-934535.8125,854037.3125,985591,1038240,0.9492901448605332
brown_0.05,3,14,84.0,z1000,-1408706.625,899073.5,992731,1038240,0.9561671675142549
brown_0.05,3,14,84.0,t50,-23066.103515625,14286.48828125,1027203,1038240,0.9893695099398983
brown_0.05,3,14,84.0,t100,-29257.560546875,18436.271484375,1033513,1038240,0.9954471027893358
brown_0.05,3,14,84.0,t150,-7047.5419921875,9580.185546875,1009108,1038240,0.9719409770380644
brown_0.05,3,14,84.0,t200,-217.82838439941406,10891.5302734375,1035805,1038240,0.9976546848512868
brown_0.05,3,14,84.0,t250,-1338.8326416015625,25282.775390625,1029039,1038240,0.9911378871937124
brown_0.05,3,14,84.0,t300,-2601.753173828125,31546.888671875,1029115,1038240,0.9912110879950686
brown_0.05,3,14,84.0,t400,-2022.1580810546875,27346.361328125,1026874,1038240,0.9890526275235013
brown_0.05,3,14,84.0,t500,-1516.7802734375,20176.5859375,1023744,1038240,0.986037910309755
brown_0.05,3,14,84.0,t600,-1372.9990234375,16408.421875,1021131,1038240,0.9835211511789181
brown_0.05,3,14,84.0,t700,-788.95556640625,16468.140625,1016933,1038240,0.9794777700724303
brown_0.05,3,14,84.0,t850,-258.39013671875,16683.08984375,1006903,1038240,0.9698171906302975
brown_0.05,3,14,84.0,t925,-1226.5020751953125,10530.1240234375,961509,1038240,0.9260951225150255
brown_0.05,3,14,84.0,t1000,-3056.915283203125,9789.173828125,997790,1038240,0.9610398366466327
brown_0.05,3,14,84.0,q50,-0.09735830128192902,0.07256222516298294,560351,1038240,0.5397123979041455
brown_0.05,3,14,84.0,q100,-0.026328494772315025,0.03249293193221092,534094,1038240,0.5144224842040376
brown_0.05,3,14,84.0,q150,-0.020224977284669876,0.05445863679051399,149620,1038240,0.14410926182770842
brown_0.05,3,14,84.0,q200,-0.012012715451419353,0.2639831006526947,694426,1038240,0.6688492063492063
brown_0.05,3,14,84.0,q250,-0.02609376050531864,0.7704429030418396,883091,1038240,0.8505653798736323
brown_0.05,3,14,84.0,q300,-0.01758943498134613,1.8960285186767578,961259,1038240,0.9258543304053013
brown_0.05,3,14,84.0,q400,-0.07310155779123306,4.381176948547363,1018486,1038240,0.9809735706580367
brown_0.05,3,14,84.0,q500,-0.1575741469860077,7.0190606117248535,1028244,1038240,0.9903721682847897
brown_0.05,3,14,84.0,q600,-0.10047610849142075,11.212973594665527,1029556,1038240,0.991635845276622
brown_0.05,3,14,84.0,q700,-0.19738799333572388,14.315914154052734,1031238,1038240,0.9932558945908461
brown_0.05,3,14,84.0,q850,-0.3768220841884613,20.73838996887207,1033826,1038240,0.9957485745107104
brown_0.05,3,14,84.0,q925,-0.39220094680786133,22.57286834716797,1033697,1038240,0.9956243257820928
brown_0.05,3,14,84.0,q1000,-0.2446429580450058,22.159456253051758,1033524,1038240,0.9954576976421636
brown_0.05,3,15,90.0,u10m,-4864.35888671875,3049.265625,1014891,1038240,0.9775109801202034
brown_0.05,3,15,90.0,v10m,-946.6358032226562,4980.9765625,920606,1038240,0.886698643858838
brown_0.05,3,15,90.0,u100m,-5592.69970703125,3714.058837890625,1017628,1038240,0.9801471721374634
brown_0.05,3,15,90.0,v100m,-896.68505859375,5046.57421875,992361,1038240,0.9558107951918632
brown_0.05,3,15,90.0,t2m,-2793.20361328125,18486.158203125,1008566,1038240,0.9714189397441825
brown_0.05,3,15,90.0,sp,-2166791.5,1923795.125,983355,1038240,0.9471365002311605
brown_0.05,3,15,90.0,msl,-1928056.25,1491665.0,1023942,1038240,0.9862286176606565
brown_0.05,3,15,90.0,tcwv,-856.602783203125,100248.8671875,1037232,1038240,0.9990291262135922
brown_0.05,3,15,90.0,u50,-21040.2265625,18687.45703125,1001258,1038240,0.9643801047927262
brown_0.05,3,15,90.0,u100,-20915.451171875,20248.63671875,1024202,1038240,0.9864790414547696
brown_0.05,3,15,90.0,u150,-12615.6455078125,24720.064453125,1029500,1038240,0.9915819078440438
brown_0.05,3,15,90.0,u200,-31262.048828125,13738.8798828125,1032274,1038240,0.9942537370935429
brown_0.05,3,15,90.0,u250,-44799.67578125,11931.6318359375,1028756,1038240,0.9908653105255047
brown_0.05,3,15,90.0,u300,-30518.35546875,11486.1884765625,981788,1038240,0.9456272152874095
brown_0.05,3,15,90.0,u400,-17466.140625,10645.56640625,1016633,1038240,0.9791888195407613
brown_0.05,3,15,90.0,u500,-20152.40625,8258.1318359375,1008526,1038240,0.9713804130066266
brown_0.05,3,15,90.0,u600,-16244.869140625,5412.52587890625,1009676,1038240,0.9724880567113576
brown_0.05,3,15,90.0,u700,-8485.5849609375,5432.89306640625,1009989,1038240,0.9727895284327324
brown_0.05,3,15,90.0,u850,-5052.3603515625,5869.4404296875,1010732,1038240,0.9735051625828325
brown_0.05,3,15,90.0,u925,-6234.125,4664.5751953125,1006964,1038240,0.9698759439050701
brown_0.05,3,15,90.0,u1000,-5645.96337890625,3415.45654296875,1004404,1038240,0.9674102327014948
brown_0.05,3,15,90.0,v50,-4601.0673828125,799.5357055664062,662137,1038240,0.6377494606256742
brown_0.05,3,15,90.0,v100,-4180.611328125,1719.5435791015625,885725,1038240,0.853102365541686
brown_0.05,3,15,90.0,v150,-5655.9228515625,10459.4853515625,1002828,1038240,0.9658922792417938
brown_0.05,3,15,90.0,v200,-2190.96337890625,6301.8779296875,998192,1038240,0.9614270303590692
brown_0.05,3,15,90.0,v250,-613.5892333984375,6367.419921875,999671,1038240,0.9628515564801973
brown_0.05,3,15,90.0,v300,-902.7828979492188,2829.568115234375,851899,1038240,0.8205222299275697
brown_0.05,3,15,90.0,v400,-1266.85400390625,666.9253540039062,758208,1038240,0.7302820157189089
brown_0.05,3,15,90.0,v500,-528.9692993164062,798.4429931640625,636769,1038240,0.6133158036677454
brown_0.05,3,15,90.0,v600,-980.6428833007812,1304.8232421875,730703,1038240,0.7037900678070581
brown_0.05,3,15,90.0,v700,-3469.062255859375,2053.884033203125,928447,1038240,0.8942508475882263
brown_0.05,3,15,90.0,v850,-219.29566955566406,3858.891357421875,944233,1038240,0.9094554245646479
brown_0.05,3,15,90.0,v925,-303.2117004394531,6067.333984375,980555,1038240,0.94443962860225
brown_0.05,3,15,90.0,v1000,-545.1312866210938,5760.42138671875,916327,1038240,0.8825772461087995
brown_0.05,3,15,90.0,z50,-3746085.25,9046124.0,1028656,1038240,0.9907689936816151
brown_0.05,3,15,90.0,z100,24367.78125,9714666.0,1033236,1038240,0.9951803051317615
brown_0.05,3,15,90.0,z150,81679.390625,11942968.0,1036733,1038240,0.9985485051625829
brown_0.05,3,15,90.0,z200,36990.609375,10310914.0,1020313,1038240,0.9827332793959007
brown_0.05,3,15,90.0,z250,-3439.3515625,9392166.0,1021891,1038240,0.9842531591924796
brown_0.05,3,15,90.0,z300,25385.53125,7748686.5,1023435,1038240,0.9857402912621359
brown_0.05,3,15,90.0,z400,46803.203125,4947963.0,1012989,1038240,0.9756790337494221
brown_0.05,3,15,90.0,z500,-76554.34375,3270443.5,998403,1038240,0.9616302588996763
brown_0.05,3,15,90.0,z600,-144711.734375,2207882.75,1002116,1038240,0.9652065033132994
brown_0.05,3,15,90.0,z700,-233964.0625,1235186.5,998865,1038240,0.9620752427184466
brown_0.05,3,15,90.0,z850,-402914.78125,840462.75,969430,1038240,0.9337243797195254
brown_0.05,3,15,90.0,z925,-936100.3125,842909.125,985159,1038240,0.9488740560949299
brown_0.05,3,15,90.0,z1000,-1434339.375,880577.125,992407,1038240,0.9558551009400524
brown_0.05,3,15,90.0,t50,-23167.169921875,14232.818359375,1027796,1038240,0.989940668824164
brown_0.05,3,15,90.0,t100,-29496.646484375,18558.642578125,1033524,1038240,0.9954576976421636
brown_0.05,3,15,90.0,t150,-6627.57568359375,9885.849609375,1009851,1038240,0.9726566111881646
brown_0.05,3,15,90.0,t200,-247.5634307861328,12476.615234375,1036527,1038240,0.9983500924641702
brown_0.05,3,15,90.0,t250,-1289.535400390625,26784.291015625,1029574,1038240,0.9916531823085221
brown_0.05,3,15,90.0,t300,-2537.877685546875,32926.97265625,1029904,1038240,0.991971027893358
brown_0.05,3,15,90.0,t400,-1946.0699462890625,28576.720703125,1027521,1038240,0.9896757975034675
brown_0.05,3,15,90.0,t500,-1447.76513671875,21265.12890625,1024392,1038240,0.98666204345816
brown_0.05,3,15,90.0,t600,-1293.47607421875,17526.5859375,1022509,1038240,0.9848483972877177
brown_0.05,3,15,90.0,t700,-740.8240966796875,17607.8359375,1018654,1038240,0.9811353829557713
brown_0.05,3,15,90.0,t850,-256.6771240234375,17853.828125,1009888,1038240,0.9726922484204038
brown_0.05,3,15,90.0,t925,-1001.779052734375,11790.0849609375,941833,1038240,0.907143820311296
brown_0.05,3,15,90.0,t1000,-2706.366943359375,11062.0625,1000967,1038240,0.9640998227770072
brown_0.05,3,15,90.0,q50,-0.09564261138439178,0.07125388085842133,552808,1038240,0.5324472183695484
brown_0.05,3,15,90.0,q100,-0.024137742817401886,0.03053954988718033,526834,1038240,0.5074298813376483
brown_0.05,3,15,90.0,q150,-0.018794097006320953,0.0545986071228981,144515,1038240,0.1391922869471413
brown_0.05,3,15,90.0,q200,-0.011890105903148651,0.2654561400413513,697378,1038240,0.6716924795808291
brown_0.05,3,15,90.0,q250,-0.02508082054555416,0.7816159129142761,886582,1038240,0.8539278008938204
brown_0.05,3,15,90.0,q300,-0.017277801409363747,1.9213074445724487,963949,1038240,0.9284452535059331
brown_0.05,3,15,90.0,q400,-0.07174785435199738,4.448542594909668,1018698,1038240,0.9811777623670828
brown_0.05,3,15,90.0,q500,-0.16656610369682312,7.148716926574707,1028513,1038240,0.9906312605948528
brown_0.05,3,15,90.0,q600,-0.09918112307786942,11.337871551513672,1030480,1038240,0.9925258129141624
brown_0.05,3,15,90.0,q700,-0.19647198915481567,14.597223281860352,1031744,1038240,0.9937432578209278
brown_0.05,3,15,90.0,q850,-0.3660707473754883,21.271854400634766,1034085,1038240,0.9959980351363846
brown_0.05,3,15,90.0,q925,-0.40377965569496155,23.13568878173828,1033936,1038240,0.995854523038989
brown_0.05,3,15,90.0,q1000,-0.24146421253681183,22.77991485595703,1033119,1038240,0.9950676144244105
brown_0.05,3,16,96.0,u10m,-4977.03564453125,3016.14453125,1014339,1038240,0.9769793111419325
brown_0.05,3,16,96.0,v10m,-912.0703125,4953.0908203125,928535,1038240,0.8943356064108491
brown_0.05,3,16,96.0,u100m,-5805.87109375,3694.09619140625,1017243,1038240,0.9797763522884883
brown_0.05,3,16,96.0,v100m,-874.4915161132812,4983.08349609375,991872,1038240,0.9553398058252427
brown_0.05,3,16,96.0,t2m,-2684.45751953125,19589.208984375,1004485,1038240,0.9674882493450455
brown_0.05,3,16,96.0,sp,-2169621.25,1848648.75,981014,1038240,0.9448817229157035
brown_0.05,3,16,96.0,msl,-1932885.875,1457452.875,1023743,1038240,0.9860369471413161
brown_0.05,3,16,96.0,tcwv,-866.1102294921875,102030.40625,1037142,1038240,0.9989424410540916
brown_0.05,3,16,96.0,u50,-23100.1875,18135.546875,991619,1038240,0.9550961242102018
brown_0.05,3,16,96.0,u100,-22469.8984375,19848.9765625,1025661,1038240,0.9878843042071197
brown_0.05,3,16,96.0,u150,-14338.37109375,23880.97265625,1030203,1038240,0.9922590152565881
brown_0.05,3,16,96.0,u200,-32838.11328125,13653.8525390625,1030849,1038240,0.9928812220681152
brown_0.05,3,16,96.0,u250,-45775.51171875,11957.1064453125,1028075,1038240,0.9902093928186161
brown_0.05,3,16,96.0,u300,-31396.318359375,11562.11328125,944476,1038240,0.9096894744952997
brown_0.05,3,16,96.0,u400,-18336.1796875,10704.7294921875,1017636,1038240,0.9801548774849745
brown_0.05,3,16,96.0,u500,-20769.12890625,8317.712890625,1008837,1038240,0.9716799583911234
brown_0.05,3,16,96.0,u600,-16712.49609375,5484.39208984375,1009806,1038240,0.9726132686084142
brown_0.05,3,16,96.0,u700,-8936.3623046875,5473.7119140625,1009490,1038240,0.9723089073817229
brown_0.05,3,16,96.0,u850,-5428.30419921875,5807.20947265625,1011222,1038240,0.9739771151178919
brown_0.05,3,16,96.0,u925,-6541.490234375,4618.3037109375,1007089,1038240,0.9699963399599322
brown_0.05,3,16,96.0,u1000,-5760.22021484375,3390.6279296875,1003476,1038240,0.9665164123901988
brown_0.05,3,16,96.0,v50,-5202.85888671875,727.4573364257812,671394,1038240,0.6466655108645399
brown_0.05,3,16,96.0,v100,-4466.44921875,1647.91162109375,874803,1038240,0.8425826398520573
brown_0.05,3,16,96.0,v150,-5929.71630859375,10268.1025390625,1002957,1038240,0.9660165279704115
brown_0.05,3,16,96.0,v200,-2224.474365234375,6179.18212890625,995812,1038240,0.9591346894744953
brown_0.05,3,16,96.0,v250,-551.3768920898438,6272.48193359375,997144,1038240,0.9604176298351056
brown_0.05,3,16,96.0,v300,-889.0518798828125,2814.893798828125,846721,1038240,0.8155349437509631
brown_0.05,3,16,96.0,v400,-1241.3675537109375,657.5574340820312,725373,1038240,0.6986563800277392
brown_0.05,3,16,96.0,v500,-493.48699951171875,764.6090698242188,621316,1038240,0.5984319617814764
brown_0.05,3,16,96.0,v600,-943.84619140625,1194.79345703125,717204,1038240,0.6907882570503929
brown_0.05,3,16,96.0,v700,-3502.644775390625,2022.9290771484375,929250,1038240,0.8950242718446602
brown_0.05,3,16,96.0,v850,-206.03895568847656,3820.526123046875,945775,1038240,0.9109406302974264
brown_0.05,3,16,96.0,v925,-297.7611389160156,6004.67431640625,981654,1038240,0.9454981507165973
brown_0.05,3,16,96.0,v1000,-513.7969970703125,5711.25634765625,921595,1038240,0.8876512174449067
brown_0.05,3,16,96.0,z50,-3767909.75,9485241.0,1029397,1038240,0.9914827014948374
brown_0.05,3,16,96.0,z100,18335.953125,10330164.0,1029706,1038240,0.9917803205424565
brown_0.05,3,16,96.0,z150,87961.953125,12544430.0,1036890,1038240,0.9986997226074896
brown_0.05,3,16,96.0,z200,41686.0625,10851669.0,1021239,1038240,0.983625173370319
brown_0.05,3,16,96.0,z250,5827.078125,9834900.0,1022358,1038240,0.9847029588534443
brown_0.05,3,16,96.0,z300,26580.22265625,8123082.5,1025702,1038240,0.9879237941131145
brown_0.05,3,16,96.0,z400,46358.9921875,5223433.5,1014960,1038240,0.9775774387424873
brown_0.05,3,16,96.0,z500,-74786.78125,3467922.0,1000951,1038240,0.9640844120819849
brown_0.05,3,16,96.0,z600,-142671.5625,2350817.0,1000680,1038240,0.963823393435044
brown_0.05,3,16,96.0,z700,-226721.859375,1327185.25,1000207,1038240,0.9633678147634458
brown_0.05,3,16,96.0,z850,-378784.25,841004.625,965667,1038240,0.9300999768839575
brown_0.05,3,16,96.0,z925,-929976.75,829050.1875,984489,1038240,0.9482287332408692
brown_0.05,3,16,96.0,z1000,-1450215.0,859054.1875,991953,1038240,0.9554178224687934
brown_0.05,3,16,96.0,t50,-23161.1796875,14126.7353515625,1028034,1038240,0.9901699029126214
brown_0.05,3,16,96.0,t100,-29672.328125,18637.6953125,1033541,1038240,0.995474071505625
brown_0.05,3,16,96.0,t150,-6202.544921875,10166.1923828125,1008660,1038240,0.9715094775774388
brown_0.05,3,16,96.0,t200,-266.1776123046875,13977.009765625,1036810,1038240,0.9986226691323778
brown_0.05,3,16,96.0,t250,-1234.9859619140625,28168.939453125,1029964,1038240,0.9920288179996918
brown_0.05,3,16,96.0,t300,-2460.03271484375,34186.234375,1030326,1038240,0.9923774849745723
brown_0.05,3,16,96.0,t400,-1864.8934326171875,29751.505859375,1027671,1038240,0.9898202727693018
brown_0.05,3,16,96.0,t500,-1376.5791015625,22334.8046875,1024712,1038240,0.9869702573586069
brown_0.05,3,16,96.0,t600,-1213.6121826171875,18614.19921875,1023240,1038240,0.9855524734165511
brown_0.05,3,16,96.0,t700,-702.3696899414062,18668.4609375,1019943,1038240,0.982376907073509
brown_0.05,3,16,96.0,t850,-245.3056640625,18932.564453125,1012340,1038240,0.9750539374325782
brown_0.05,3,16,96.0,t925,-764.51904296875,12948.642578125,942064,1038240,0.9073663122206812
brown_0.05,3,16,96.0,t1000,-2346.505126953125,12246.7255859375,1002494,1038240,0.9655705809832024
brown_0.05,3,16,96.0,q50,-0.09401709586381912,0.0699905976653099,545680,1038240,0.5255817537370936
brown_0.05,3,16,96.0,q100,-0.022155728191137314,0.02877616323530674,519983,1038240,0.5008312143627678
brown_0.05,3,16,96.0,q150,-0.01748315989971161,0.054689764976501465,138857,1038240,0.13374267991986438
brown_0.05,3,16,96.0,q200,-0.011792832054197788,0.26659590005874634,699480,1038240,0.6737170596393898
brown_0.05,3,16,96.0,q250,-0.023880761116743088,0.7915132641792297,889285,1038240,0.8565312451841578
brown_0.05,3,16,96.0,q300,-0.017049141228199005,1.9436569213867188,965876,1038240,0.9303012790876869
brown_0.05,3,16,96.0,q400,-0.06998821347951889,4.513803005218506,1018919,1038240,0.9813906225920789
brown_0.05,3,16,96.0,q500,-0.17763346433639526,7.266366004943848,1028705,1038240,0.990816188935121
brown_0.05,3,16,96.0,q600,-0.10060098767280579,11.447413444519043,1031018,1038240,0.9930439975342888
brown_0.05,3,16,96.0,q700,-0.19462724030017853,14.854887962341309,1032070,1038240,0.994057250732008
brown_0.05,3,16,96.0,q850,-0.4283772110939026,21.7752685546875,1034315,1038240,0.9962195638773309
brown_0.05,3,16,96.0,q925,-0.4509788453578949,23.66385269165039,1034059,1038240,0.9959729927569734
brown_0.05,3,16,96.0,q1000,-0.24094036221504211,23.358558654785156,1033058,1038240,0.9950088611496378
brown_0.05,3,17,102.0,u10m,-5083.29638671875,2981.818603515625,1013623,1038240,0.9762896825396825
brown_0.05,3,17,102.0,v10m,-876.026611328125,4912.90478515625,937357,1038240,0.9028326783787949
brown_0.05,3,17,102.0,u100m,-6006.68408203125,3667.865234375,1016809,1038240,0.9793583371860071
brown_0.05,3,17,102.0,v100m,-849.7910766601562,4904.19970703125,991288,1038240,0.9547773154569271
brown_0.05,3,17,102.0,t2m,-2570.490966796875,20625.181640625,984550,1038240,0.9482874865156419
brown_0.05,3,17,102.0,sp,-2167889.75,1770605.0,977567,1038240,0.9415616813068269
brown_0.05,3,17,102.0,msl,-1930889.375,1423469.625,1023741,1038240,0.9860350208044383
brown_0.05,3,17,102.0,tcwv,-864.6491088867188,103785.890625,1037077,1038240,0.9988798351055632
brown_0.05,3,17,102.0,u50,-25603.515625,17534.509765625,973163,1038240,0.9373198875019263
brown_0.05,3,17,102.0,u100,-23987.6171875,19405.224609375,1027965,1038240,0.9901034442903375
brown_0.05,3,17,102.0,u150,-16179.3173828125,23031.86328125,1030853,1038240,0.9928850747418708
brown_0.05,3,17,102.0,u200,-34419.62109375,13515.0439453125,1027579,1038240,0.9897316612729234
brown_0.05,3,17,102.0,u250,-46799.84375,11920.45703125,1025598,1038240,0.9878236245954692
brown_0.05,3,17,102.0,u300,-32325.673828125,11580.9990234375,926271,1038240,0.8921549930651872
brown_0.05,3,17,102.0,u400,-19219.533203125,10716.216796875,1017981,1038240,0.9804871705963939
brown_0.05,3,17,102.0,u500,-21350.34765625,8337.091796875,1008795,1038240,0.9716395053166897
brown_0.05,3,17,102.0,u600,-17154.935546875,5530.21484375,1009186,1038240,0.9720161041762984
brown_0.05,3,17,102.0,u700,-9358.9130859375,5497.49072265625,1008937,1038240,0.9717762752350131
brown_0.05,3,17,102.0,u850,-5802.73291015625,5741.2138671875,1011433,1038240,0.974180343658499
brown_0.05,3,17,102.0,u925,-6845.8798828125,4567.154296875,1007051,1038240,0.9699597395592541
brown_0.05,3,17,102.0,u1000,-5874.3310546875,3362.51416015625,1002525,1038240,0.9656004392048081
brown_0.05,3,17,102.0,v50,-5753.35595703125,658.1553955078125,675346,1038240,0.6504719525350593
brown_0.05,3,17,102.0,v100,-4741.7177734375,1579.9310302734375,865353,1038240,0.8334806981044846
brown_0.05,3,17,102.0,v150,-6193.208984375,10062.4267578125,1003413,1038240,0.9664557327785483
brown_0.05,3,17,102.0,v200,-2268.785400390625,6055.189453125,992913,1038240,0.956342464170134
brown_0.05,3,17,102.0,v250,-494.9360046386719,6162.326171875,994348,1038240,0.9577246108799506
brown_0.05,3,17,102.0,v300,-861.166748046875,2777.75048828125,849272,1038240,0.8179919864385884
brown_0.05,3,17,102.0,v400,-1216.3778076171875,643.228271484375,698620,1038240,0.6728887347819387
brown_0.05,3,17,102.0,v500,-463.4505920410156,740.4825439453125,594067,1038240,0.5721865849899831
brown_0.05,3,17,102.0,v600,-910.2777709960938,1082.464111328125,702325,1038240,0.6764572738480505
brown_0.05,3,17,102.0,v700,-3541.6455078125,1994.120849609375,929625,1038240,0.8953854600092465
brown_0.05,3,17,102.0,v850,-193.39727783203125,3772.04345703125,947205,1038240,0.9123179611650486
brown_0.05,3,17,102.0,v925,-289.2879638671875,5924.634765625,982848,1038240,0.9466481738326399
brown_0.05,3,17,102.0,v1000,-479.4087219238281,5646.49267578125,926503,1038240,0.8923784481430113
brown_0.05,3,17,102.0,z50,-3776958.75,9918185.0,1030971,1038240,0.9929987286176607
brown_0.05,3,17,102.0,z100,13966.84375,10926475.0,1027707,1038240,0.9898549468331022
brown_0.05,3,17,102.0,z150,94223.1171875,13120734.0,1037014,1038240,0.9988191554939128
brown_0.05,3,17,102.0,z200,46517.9765625,11368743.0,1022530,1038240,0.9848686238249345
brown_0.05,3,17,102.0,z250,10516.78125,10259181.0,1022865,1038240,0.9851912852519649
brown_0.05,3,17,102.0,z300,28087.75,8483268.0,1027770,1038240,0.9899156264447526
brown_0.05,3,17,102.0,z400,46693.8125,5489253.0,1016683,1038240,0.9792369779627061
brown_0.05,3,17,102.0,z500,-72309.9765625,3662022.0,1003349,1038240,0.9663940899984589
brown_0.05,3,17,102.0,z600,-139701.484375,2491025.0,999754,1038240,0.9629314994606257
brown_0.05,3,17,102.0,z700,-219349.890625,1417906.125,1001412,1038240,0.9645284327323163
brown_0.05,3,17,102.0,z850,-350330.78125,842267.8125,958740,1038240,0.9234281091077208
brown_0.05,3,17,102.0,z925,-917867.4375,814130.375,983563,1038240,0.947336839266451
brown_0.05,3,17,102.0,z1000,-1458855.125,836259.6875,991366,1038240,0.954852442595161
brown_0.05,3,17,102.0,t50,-23046.1640625,13967.4873046875,1028686,1038240,0.9907978887347819
brown_0.05,3,17,102.0,t100,-29823.416015625,18679.525390625,1033500,1038240,0.9954345815996302
brown_0.05,3,17,102.0,t150,-6004.5078125,10451.5751953125,1007306,1038240,0.9702053475111727
brown_0.05,3,17,102.0,t200,-276.8973388671875,15409.58984375,1037012,1038240,0.998817229157035
brown_0.05,3,17,102.0,t250,-1165.932861328125,29448.392578125,1030395,1038240,0.9924439435968562
brown_0.05,3,17,102.0,t300,-2370.87451171875,35369.96484375,1030594,1038240,0.9926356141161966
brown_0.05,3,17,102.0,t400,-1781.0611572265625,30847.810546875,1027861,1038240,0.9900032747726922
brown_0.05,3,17,102.0,t500,-1302.8387451171875,23354.955078125,1024590,1038240,0.9868527508090615
brown_0.05,3,17,102.0,t600,-1132.4334716796875,19648.607421875,1023443,1038240,0.9857479966096471
brown_0.05,3,17,102.0,t700,-654.3699951171875,19679.0703125,1021115,1038240,0.9835057404838958
brown_0.05,3,17,102.0,t850,-227.34698486328125,19935.8671875,1014391,1038240,0.9770293959007551
brown_0.05,3,17,102.0,t925,-666.1229858398438,14033.6240234375,941824,1038240,0.907135151795346
brown_0.05,3,17,102.0,t1000,-1984.50048828125,13372.8037109375,1001697,1038240,0.9648029357374017
brown_0.05,3,17,102.0,q50,-0.09239151328802109,0.0687272772192955,539473,1038240,0.5196033672368624
brown_0.05,3,17,102.0,q100,-0.020348716527223587,0.027146706357598305,517371,1038240,0.49831541840036986
brown_0.05,3,17,102.0,q150,-0.01626657508313656,0.054741017520427704,133075,1038240,0.12817364000616427
brown_0.05,3,17,102.0,q200,-0.011693407781422138,0.2675362527370453,700991,1038240,0.6751724071505625
brown_0.05,3,17,102.0,q250,-0.022973893210291862,0.8009512424468994,891602,1038240,0.8587629064570812
brown_0.05,3,17,102.0,q300,-0.01673978753387928,1.964433193206787,967442,1038240,0.9318096008629989
brown_0.05,3,17,102.0,q400,-0.06775102019309998,4.575582027435303,1018964,1038240,0.9814339651718292
brown_0.05,3,17,102.0,q500,-0.18355052173137665,7.384555339813232,1028857,1038240,0.9909625905378333
brown_0.05,3,17,102.0,q600,-0.10251294076442719,11.554038047790527,1031432,1038240,0.993442749267992
brown_0.05,3,17,102.0,q700,-0.19228878617286682,15.124899864196777,1032268,1038240,0.9942479580829096
brown_0.05,3,17,102.0,q850,-0.4723567068576813,22.284475326538086,1034551,1038240,0.9964468716289104
brown_0.05,3,17,102.0,q925,-0.4854732155799866,24.194992065429688,1034129,1038240,0.9960404145476961
brown_0.05,3,17,102.0,q1000,-0.23752403259277344,23.940475463867188,1033373,1038240,0.9953122592078902
brown_0.05,3,18,108.0,u10m,-5186.45947265625,2952.29248046875,1012908,1038240,0.9756010171058714
brown_0.05,3,18,108.0,v10m,-841.3231811523438,4887.201171875,945131,1038240,0.910320349822777
brown_0.05,3,18,108.0,u100m,-6189.4599609375,3643.26025390625,1016306,1038240,0.978873863461242
brown_0.05,3,18,108.0,v100m,-825.8357543945312,4839.4150390625,991035,1038240,0.9545336338418863
brown_0.05,3,18,108.0,t2m,-2443.759765625,21634.662109375,949991,1038240,0.9150013484358145
brown_0.05,3,18,108.0,sp,-2161200.75,1691349.25,974629,1038240,0.9387318924333488
brown_0.05,3,18,108.0,msl,-1924382.0,1387647.5,1023871,1038240,0.9861602327014949
brown_0.05,3,18,108.0,tcwv,-858.3878173828125,105547.8046875,1036924,1038240,0.998732470334412
brown_0.05,3,18,108.0,u50,-28128.0625,16907.25390625,940500,1038240,0.9058599167822469
brown_0.05,3,18,108.0,u100,-25505.701171875,18923.078125,1028803,1038240,0.9909105794421328
brown_0.05,3,18,108.0,u150,-18291.541015625,22132.513671875,1030727,1038240,0.9927637155185699
brown_0.05,3,18,108.0,u200,-35860.7109375,13321.7314453125,1016913,1038240,0.9794585067036523
brown_0.05,3,18,108.0,u250,-47857.26171875,11838.5791015625,1013259,1038240,0.9759390892279242
brown_0.05,3,18,108.0,u300,-33288.47265625,11551.1220703125,944699,1038240,0.9099042610571737
brown_0.05,3,18,108.0,u400,-20167.6640625,10687.7900390625,1016720,1038240,0.9792726151949452
brown_0.05,3,18,108.0,u500,-21939.556640625,8326.32421875,1008527,1038240,0.9713813761750655
brown_0.05,3,18,108.0,u600,-17596.974609375,5551.92822265625,1007553,1038240,0.9704432501155802
brown_0.05,3,18,108.0,u700,-9765.9130859375,5504.89111328125,1008386,1038240,0.971245569425181
brown_0.05,3,18,108.0,u850,-6151.36181640625,5679.77197265625,1011490,1038240,0.9742352442595161
brown_0.05,3,18,108.0,u925,-7140.92724609375,4519.30126953125,1007000,1038240,0.9699106179688703
brown_0.05,3,18,108.0,u1000,-5979.0400390625,3335.74755859375,1001566,1038240,0.9646767606719063
brown_0.05,3,18,108.0,v50,-6292.39208984375,598.343017578125,677178,1038240,0.6522364771151179
brown_0.05,3,18,108.0,v100,-5016.37109375,1518.49462890625,857092,1038240,0.8255239636307597
brown_0.05,3,18,108.0,v150,-6463.998046875,9866.0673828125,1004405,1038240,0.9674111958699337
brown_0.05,3,18,108.0,v200,-2329.855224609375,5909.93701171875,989573,1038240,0.9531254815842195
brown_0.05,3,18,108.0,v250,-445.9125061035156,6052.2099609375,990797,1038240,0.9543043997534288
brown_0.05,3,18,108.0,v300,-833.7638549804688,2725.982421875,858444,1038240,0.8268261673601479
brown_0.05,3,18,108.0,v400,-1192.4730224609375,629.3220825195312,668849,1038240,0.6442142471875482
brown_0.05,3,18,108.0,v500,-436.05029296875,718.1843872070312,547994,1038240,0.5278105255047003
brown_0.05,3,18,108.0,v600,-871.7021484375,964.4879150390625,692294,1038240,0.6667957312374788
brown_0.05,3,18,108.0,v700,-3546.19140625,1964.1116943359375,928013,1038240,0.8938328324857451
brown_0.05,3,18,108.0,v850,-182.35890197753906,3756.569091796875,948566,1038240,0.9136288334103868
brown_0.05,3,18,108.0,v925,-281.53125,5865.95068359375,984121,1038240,0.9478742872553552
brown_0.05,3,18,108.0,v1000,-446.2803955078125,5598.31640625,930770,1038240,0.896488287871783
brown_0.05,3,18,108.0,z50,-3775383.25,10338423.0,1031233,1038240,0.9932510787486516
brown_0.05,3,18,108.0,z100,11146.109375,11499552.0,1028979,1038240,0.9910800970873787
brown_0.05,3,18,108.0,z150,100616.734375,13670936.0,1037120,1038240,0.9989212513484358
brown_0.05,3,18,108.0,z200,51414.515625,11863525.0,1024495,1038240,0.9867612498073663
brown_0.05,3,18,108.0,z250,14413.3828125,10665405.0,1023669,1038240,0.9859656726768378
brown_0.05,3,18,108.0,z300,29425.09375,8828376.0,1029358,1038240,0.9914451379257204
brown_0.05,3,18,108.0,z400,47510.4375,5744891.5,1018300,1038240,0.9807944213284019
brown_0.05,3,18,108.0,z500,-69298.0078125,3855441.25,1005084,1038240,0.9680651872399445
brown_0.05,3,18,108.0,z600,-135957.796875,2629980.75,999959,1038240,0.9631289489905994
brown_0.05,3,18,108.0,z700,-213649.734375,1507263.5,1003114,1038240,0.9661677454153182
brown_0.05,3,18,108.0,z850,-318331.65625,841821.6875,941878,1038240,0.9071871628910464
brown_0.05,3,18,108.0,z925,-900929.3125,798209.4375,982657,1038240,0.9464642086608106
brown_0.05,3,18,108.0,z1000,-1462213.375,812114.3125,990659,1038240,0.9541714825088612
brown_0.05,3,18,108.0,t50,-22860.86328125,13775.455078125,1028829,1038240,0.9909356218215442
brown_0.05,3,18,108.0,t100,-29924.654296875,18691.248046875,1033427,1038240,0.9953642703035906
brown_0.05,3,18,108.0,t150,-5806.95751953125,10732.08203125,1006743,1038240,0.9696630836800739
brown_0.05,3,18,108.0,t200,-281.71807861328125,16793.2265625,1037133,1038240,0.9989337725381414
brown_0.05,3,18,108.0,t250,-1089.02880859375,30657.599609375,1030905,1038240,0.9929351595006934
brown_0.05,3,18,108.0,t300,-2278.5322265625,36494.1640625,1030659,1038240,0.992698220064725
brown_0.05,3,18,108.0,t400,-1694.519775390625,31898.572265625,1027931,1038240,0.9900706965634151
brown_0.05,3,18,108.0,t500,-1235.3963623046875,24287.841796875,1024921,1038240,0.9871715595623363
brown_0.05,3,18,108.0,t600,-1062.711669921875,20602.513671875,1023750,1038240,0.9860436893203883
brown_0.05,3,18,108.0,t700,-604.5057373046875,20641.9375,1021985,1038240,0.9843436970257359
brown_0.05,3,18,108.0,t850,-205.3197021484375,20904.43359375,1016317,1038240,0.97888445831407
brown_0.05,3,18,108.0,t925,-609.158935546875,15079.1494140625,959956,1038240,0.9245993219294191
brown_0.05,3,18,108.0,t1000,-1626.6416015625,14457.8076171875,989359,1038240,0.9529193635382955
brown_0.05,3,18,108.0,q50,-0.09081107378005981,0.0675089955329895,533584,1038240,0.5139312683002003
brown_0.05,3,18,108.0,q100,-0.02017887309193611,0.025651317089796066,514125,1038240,0.49518897364771153
brown_0.05,3,18,108.0,q150,-0.01513926312327385,0.05476780980825424,126423,1038240,0.12176664355062414
brown_0.05,3,18,108.0,q200,-0.011533533222973347,0.26839905977249146,701915,1038240,0.6760623747881029
brown_0.05,3,18,108.0,q250,-0.022262362763285637,0.810010552406311,893660,1038240,0.8607451071043304
brown_0.05,3,18,108.0,q300,-0.01605585217475891,1.98355233669281,968680,1038240,0.9330020033903529
brown_0.05,3,18,108.0,q400,-0.06469210982322693,4.6293816566467285,1019109,1038240,0.9815736245954693
brown_0.05,3,18,108.0,q500,-0.17734932899475098,7.501547813415527,1029059,1038240,0.9911571505624903
brown_0.05,3,18,108.0,q600,-0.10351531952619553,11.662152290344238,1031756,1038240,0.9937548158421945
brown_0.05,3,18,108.0,q700,-0.18961818516254425,15.391290664672852,1032658,1038240,0.9946235937740792
brown_0.05,3,18,108.0,q850,-0.5039545297622681,22.78018569946289,1034669,1038240,0.9965605255047003
brown_0.05,3,18,108.0,q925,-0.5055043697357178,24.714263916015625,1034241,1038240,0.9961482894128525
brown_0.05,3,18,108.0,q1000,-0.23273319005966187,24.510398864746094,1033738,1038240,0.9956638156880875
brown_0.05,3,19,114.0,u10m,-5278.19091796875,2922.341552734375,1012109,1038240,0.9748314455231931
brown_0.05,3,19,114.0,v10m,-807.6849975585938,4877.4267578125,951971,1038240,0.9169084219448297
brown_0.05,3,19,114.0,u100m,-6350.6123046875,3614.83935546875,1015663,1038240,0.9782545461550316
brown_0.05,3,19,114.0,v100m,-802.2086181640625,4795.02734375,990610,1038240,0.9541242872553553
brown_0.05,3,19,114.0,t2m,-2304.12060546875,22579.732421875,948963,1038240,0.9140112112806288
brown_0.05,3,19,114.0,sp,-2151422.0,1611934.875,971348,1038240,0.935571736785329
brown_0.05,3,19,114.0,msl,-1914592.375,1351459.625,1024010,1038240,0.9862941131145014
brown_0.05,3,19,114.0,tcwv,-849.4851684570312,107265.3203125,1036824,1038240,0.9986361534905224
brown_0.05,3,19,114.0,u50,-30333.404296875,16329.357421875,897065,1038240,0.8640246956387733
brown_0.05,3,19,114.0,u100,-26990.990234375,18388.529296875,1028735,1038240,0.9908450839882879
brown_0.05,3,19,114.0,u150,-20347.15234375,21200.876953125,1028982,1038240,0.9910829865926953
brown_0.05,3,19,114.0,u200,-37088.45703125,13090.0244140625,991650,1038240,0.9551259824318077
brown_0.05,3,19,114.0,u250,-48924.4453125,11710.1318359375,975818,1038240,0.9398770997071968
brown_0.05,3,19,114.0,u300,-34253.57421875,11472.3251953125,964268,1038240,0.9287525042379411
brown_0.05,3,19,114.0,u400,-21164.787109375,10621.23828125,1012293,1038240,0.97500866851595
brown_0.05,3,19,114.0,u500,-22524.275390625,8289.5439453125,1007903,1038240,0.970780359069194
brown_0.05,3,19,114.0,u600,-18043.662109375,5557.6767578125,1002842,1038240,0.9659057635999384
brown_0.05,3,19,114.0,u700,-10197.9072265625,5498.61962890625,1007883,1038240,0.9707610957004161
brown_0.05,3,19,114.0,u850,-6473.7080078125,5618.62939453125,1011530,1038240,0.974273770997072
brown_0.05,3,19,114.0,u925,-7407.9599609375,4467.6611328125,1006906,1038240,0.9698200801356142
brown_0.05,3,19,114.0,u1000,-6071.44873046875,3308.536865234375,1000564,1038240,0.9637116658961319
brown_0.05,3,19,114.0,v50,-6757.96533203125,554.7990112304688,676415,1038240,0.6515015795962398
brown_0.05,3,19,114.0,v100,-5262.20166015625,1460.0682373046875,848646,1038240,0.8173890429958391
brown_0.05,3,19,114.0,v150,-6728.919921875,9653.564453125,1006125,1038240,0.9690678455848358
brown_0.05,3,19,114.0,v200,-2356.7080078125,5771.51611328125,985562,1038240,0.9492622129758053
brown_0.05,3,19,114.0,v250,-399.6746826171875,5932.166015625,986980,1038240,0.9506279858221606
brown_0.05,3,19,114.0,v300,-800.120361328125,2665.60498046875,868311,1038240,0.8363297503467406
brown_0.05,3,19,114.0,v400,-1169.6522216796875,631.861328125,640960,1038240,0.6173524425951611
brown_0.05,3,19,114.0,v500,-417.0489807128906,687.3098754882812,505940,1038240,0.48730543997534287
brown_0.05,3,19,114.0,v600,-838.1300659179688,868.6129150390625,683699,1038240,0.6585172985051626
brown_0.05,3,19,114.0,v700,-3551.792236328125,1932.068603515625,926509,1038240,0.8923842271536446
brown_0.05,3,19,114.0,v850,-171.48143005371094,3753.650390625,950147,1038240,0.9151516027122824
brown_0.05,3,19,114.0,v925,-271.26422119140625,5837.56103515625,985523,1038240,0.9492246494066883
brown_0.05,3,19,114.0,v1000,-413.90625,5570.16455078125,934681,1038240,0.9002552396363076
brown_0.05,3,19,114.0,z50,-3765545.5,10753761.0,1031779,1038240,0.9937769687162891
brown_0.05,3,19,114.0,z100,9746.1875,12056753.0,1030184,1038240,0.992240715056249
brown_0.05,3,19,114.0,z150,107115.28125,14199106.0,1037204,1038240,0.9990021574973031
brown_0.05,3,19,114.0,z200,56265.17578125,12337703.0,1026555,1038240,0.9887453767914933
brown_0.05,3,19,114.0,z250,18441.03125,11053229.0,1024620,1038240,0.9868816458622284
brown_0.05,3,19,114.0,z300,30827.16796875,9158700.0,1030768,1038240,0.9928032054245647
brown_0.05,3,19,114.0,z400,48718.1015625,5991689.5,1019857,1038240,0.9822940745877639
brown_0.05,3,19,114.0,z500,-65856.859375,4043980.0,1006523,1038240,0.9694511866235167
brown_0.05,3,19,114.0,z600,-131774.0625,2768159.0,1000486,1038240,0.963636538757898
brown_0.05,3,19,114.0,z700,-207442.09375,1597433.0,1004582,1038240,0.9675816766836184
brown_0.05,3,19,114.0,z850,-283696.1875,840203.0625,916514,1038240,0.8827573586068732
brown_0.05,3,19,114.0,z925,-881303.375,780967.125,981675,1038240,0.9455183772538142
brown_0.05,3,19,114.0,z1000,-1462150.25,787220.0,989796,1038240,0.9533402681460934
brown_0.05,3,19,114.0,t50,-22602.001953125,13556.0478515625,1029387,1038240,0.9914730698104485
brown_0.05,3,19,114.0,t100,-29979.88671875,18684.82421875,1033375,1038240,0.995314185544768
brown_0.05,3,19,114.0,t150,-5607.7255859375,11000.595703125,1003704,1038240,0.9667360147942672
brown_0.05,3,19,114.0,t200,-282.18353271484375,18151.7734375,1037217,1038240,0.9990146786870088
brown_0.05,3,19,114.0,t250,-1008.7196044921875,31823.951171875,1031388,1038240,0.9934003698566806
brown_0.05,3,19,114.0,t300,-2183.70703125,37535.875,1030824,1038240,0.9928571428571429
brown_0.05,3,19,114.0,t400,-1599.5179443359375,32925.65625,1028017,1038240,0.9901535290491601
brown_0.05,3,19,114.0,t500,-1167.9368896484375,25147.380859375,1025170,1038240,0.9874113885036215
brown_0.05,3,19,114.0,t600,-996.3155517578125,21495.94921875,1024554,1038240,0.9868180767452612
brown_0.05,3,19,114.0,t700,-550.4679565429688,21580.8671875,1022940,1038240,0.9852635228848821
brown_0.05,3,19,114.0,t850,-182.68695068359375,21852.24609375,1018022,1038240,0.9805266605023887
brown_0.05,3,19,114.0,t925,-558.4320678710938,16084.5595703125,993229,1038240,0.9566468253968254
brown_0.05,3,19,114.0,t1000,-1329.14892578125,15497.177734375,964760,1038240,0.9292263831098783
brown_0.05,3,19,114.0,q50,-0.08923064917325974,0.06629064679145813,527762,1038240,0.5083237016489444
brown_0.05,3,19,114.0,q100,-0.02014399878680706,0.024274000898003578,511119,1038240,0.49229368932038836
brown_0.05,3,19,114.0,q150,-0.01409594714641571,0.05476740747690201,119540,1038240,0.11513715518569888
brown_0.05,3,19,114.0,q200,-0.011338943615555763,0.2691590487957001,702480,1038240,0.6766065649560795
brown_0.05,3,19,114.0,q250,-0.021571489050984383,0.8188897967338562,895374,1038240,0.8623959778085991
brown_0.05,3,19,114.0,q300,-0.015168998390436172,2.001838445663452,969524,1038240,0.9338149175527817
brown_0.05,3,19,114.0,q400,-0.061764176934957504,4.673679828643799,1019283,1038240,0.9817412159038372
brown_0.05,3,19,114.0,q500,-0.1678011417388916,7.606110572814941,1029203,1038240,0.9912958468176915
brown_0.05,3,19,114.0,q600,-0.10836245864629745,11.768758773803711,1032057,1038240,0.9940447295423024
brown_0.05,3,19,114.0,q700,-0.18533284962177277,15.644552230834961,1033049,1038240,0.9950001926336878
brown_0.05,3,19,114.0,q850,-0.5209866166114807,23.266698837280273,1034662,1038240,0.9965537833256279
brown_0.05,3,19,114.0,q925,-0.49855026602745056,25.220407485961914,1034358,1038240,0.9962609801202035
brown_0.05,3,19,114.0,q1000,-0.22660522162914276,25.083999633789062,1033932,1038240,0.9958506703652334
brown_0.05,3,20,120.0,u10m,-5367.11669921875,2896.356201171875,1011327,1038240,0.974078247803976
brown_0.05,3,20,120.0,v10m,-776.7350463867188,4875.5478515625,958177,1038240,0.922885845276622
brown_0.05,3,20,120.0,u100m,-6494.4111328125,3590.46923828125,1014876,1038240,0.97749653259362
brown_0.05,3,20,120.0,v100m,-782.0918579101562,4768.30810546875,990236,1038240,0.9537640622592078
brown_0.05,3,20,120.0,t2m,-2157.404052734375,23480.57421875,929575,1038240,0.8953373015873016
brown_0.05,3,20,120.0,sp,-2138585.75,1533002.5,969367,1038240,0.9336637001078749
brown_0.05,3,20,120.0,msl,-1900179.25,1314803.25,1024081,1038240,0.9863624980736632
brown_0.05,3,20,120.0,tcwv,-834.6202392578125,108907.90625,1036806,1038240,0.9986188164586223
brown_0.05,3,20,120.0,u50,-32145.7734375,15800.3056640625,869668,1038240,0.8376367699183234
brown_0.05,3,20,120.0,u100,-28394.921875,17827.0234375,1026955,1038240,0.989130644167052
brown_0.05,3,20,120.0,u150,-22323.822265625,20246.33984375,1025004,1038240,0.9872515025427647
brown_0.05,3,20,120.0,u200,-38264.0,12821.357421875,966783,1038240,0.931174872861766
brown_0.05,3,20,120.0,u250,-49945.35546875,11538.3193359375,950590,1038240,0.9155782863307135
brown_0.05,3,20,120.0,u300,-35196.16015625,11347.2919921875,972438,1038240,0.9366215903837263
brown_0.05,3,20,120.0,u400,-22137.251953125,10519.068359375,991253,1038240,0.9547436045615657
brown_0.05,3,20,120.0,u500,-23110.109375,8225.3828125,1006428,1038240,0.9693596856218215
brown_0.05,3,20,120.0,u600,-18473.267578125,5545.2119140625,986346,1038240,0.9500173370319002
brown_0.05,3,20,120.0,u700,-10609.083984375,5476.93701171875,1007475,1038240,0.9703681229773463
brown_0.05,3,20,120.0,u850,-6765.39208984375,5563.85986328125,1011527,1038240,0.9742708814917552
brown_0.05,3,20,120.0,u925,-7668.564453125,4422.025390625,1006734,1038240,0.9696544151641239
brown_0.05,3,20,120.0,u1000,-6155.75927734375,3287.345703125,999707,1038240,0.9628862305439976
brown_0.05,3,20,120.0,v50,-7178.52197265625,526.5897827148438,675727,1038240,0.650838919710279
brown_0.05,3,20,120.0,v100,-5499.435546875,1404.7969970703125,840195,1038240,0.809249306518724
brown_0.05,3,20,120.0,v150,-6917.8310546875,9445.8583984375,1008065,1038240,0.9709363923562953
brown_0.05,3,20,120.0,v200,-2405.205322265625,5627.86376953125,981540,1038240,0.9453883495145631
brown_0.05,3,20,120.0,v250,-356.12255859375,5820.39404296875,983244,1038240,0.9470295885344429
brown_0.05,3,20,120.0,v300,-782.5946655273438,2619.709716796875,875420,1038240,0.8431769147788565
brown_0.05,3,20,120.0,v400,-1147.2794189453125,641.4730834960938,598542,1038240,0.5764967637540453
brown_0.05,3,20,120.0,v500,-400.4500427246094,649.5803833007812,455810,1038240,0.4390218061334566
brown_0.05,3,20,120.0,v600,-804.474365234375,776.7158813476562,674879,1038240,0.6500221528740946
brown_0.05,3,20,120.0,v700,-3549.781494140625,1892.8922119140625,926261,1038240,0.8921453613807983
brown_0.05,3,20,120.0,v850,-163.95565795898438,3747.77392578125,951721,1038240,0.9166676298351055
brown_0.05,3,20,120.0,v925,-260.5160217285156,5827.2587890625,986848,1038240,0.9505008475882263
brown_0.05,3,20,120.0,v1000,-384.3252868652344,5557.40673828125,937929,1038240,0.9033836107258437
brown_0.05,3,20,120.0,z50,-3745102.75,11159377.0,1031992,1038240,0.993982123593774
brown_0.05,3,20,120.0,z100,4520.453125,12596720.0,1031027,1038240,0.9930526660502389
brown_0.05,3,20,120.0,z150,113880.3515625,14711331.0,1037290,1038240,0.9990849899830483
brown_0.05,3,20,120.0,z200,61213.02734375,12794038.0,1028628,1038240,0.9907420249653259
brown_0.05,3,20,120.0,z250,22825.5703125,11424914.0,1026084,1038240,0.988291724456773
brown_0.05,3,20,120.0,z300,32506.7890625,9476497.0,1032015,1038240,0.9940042764678687
brown_0.05,3,20,120.0,z400,50129.5625,6232322.5,1021326,1038240,0.983708969024503
brown_0.05,3,20,120.0,z500,-62038.7421875,4229279.5,1007870,1038240,0.9707485745107104
brown_0.05,3,20,120.0,z600,-127103.046875,2904735.25,1001386,1038240,0.9645033903529049
brown_0.05,3,20,120.0,z700,-200789.375,1688459.75,1005083,1038240,0.9680642240715056
brown_0.05,3,20,120.0,z850,-272504.75,837505.5625,883824,1038240,0.8512713823393435
brown_0.05,3,20,120.0,z925,-859546.6875,762729.75,980540,1038240,0.9444251810756665
brown_0.05,3,20,120.0,z1000,-1458628.875,761965.9375,988961,1038240,0.9525360224996148
brown_0.05,3,20,120.0,t50,-22273.82421875,13318.7138671875,1029843,1038240,0.9919122746185853
brown_0.05,3,20,120.0,t100,-29992.689453125,18663.4765625,1033241,1038240,0.995185120973956
brown_0.05,3,20,120.0,t150,-5488.01953125,11254.8095703125,1001223,1038240,0.9643463938973648
brown_0.05,3,20,120.0,t200,-268.3258056640625,19453.9453125,1037286,1038240,0.9990811373092926
brown_0.05,3,20,120.0,t250,-946.1337890625,32944.41015625,1031526,1038240,0.9935332871012482
brown_0.05,3,20,120.0,t300,-2081.953125,38494.6015625,1030891,1038240,0.9929216751425489
brown_0.05,3,20,120.0,t400,-1499.1019287109375,33898.7734375,1028185,1038240,0.9903153413468947
brown_0.05,3,20,120.0,t500,-1096.69921875,25962.92578125,1025609,1038240,0.9878342194482971
brown_0.05,3,20,120.0,t600,-929.5245361328125,22354.837890625,1025712,1038240,0.9879334257975034
brown_0.05,3,20,120.0,t700,-497.89453125,22493.50390625,1023886,1038240,0.9861746802280783
brown_0.05,3,20,120.0,t850,-157.38150024414062,22779.05078125,1019500,1038240,0.9819502234550779
brown_0.05,3,20,120.0,t925,-503.84478759765625,17052.20703125,1004379,1038240,0.9673861534905224
brown_0.05,3,20,120.0,t1000,-1123.642578125,16493.6171875,960620,1038240,0.9252388657728463
brown_0.05,3,20,120.0,q50,-0.0876951813697815,0.06511739641427994,522527,1038240,0.5032815148713207
brown_0.05,3,20,120.0,q100,-0.020075246691703796,0.023440206423401833,505874,1038240,0.4872418708583757
brown_0.05,3,20,120.0,q150,-0.013149508275091648,0.054776012897491455,113753,1038240,0.10956329942980428
brown_0.05,3,20,120.0,q200,-0.011120157316327095,0.2702176570892334,703029,1038240,0.6771353444290338
brown_0.05,3,20,120.0,q250,-0.020778212696313858,0.8273826241493225,896773,1038240,0.8637434504546155
brown_0.05,3,20,120.0,q300,-0.014039125293493271,2.0188710689544678,970059,1038240,0.9343302126675913
brown_0.05,3,20,120.0,q400,-0.05802164599299431,4.716405391693115,1019438,1038240,0.9818905070118662
brown_0.05,3,20,120.0,q500,-0.16111482679843903,7.700429439544678,1029204,1038240,0.9912968099861303
brown_0.05,3,20,120.0,q600,-0.11620484292507172,11.870440483093262,1032249,1038240,0.9942296578825705
brown_0.05,3,20,120.0,q700,-0.17916014790534973,15.893318176269531,1033428,1038240,0.9953652334720295
brown_0.05,3,20,120.0,q850,-0.5230079889297485,23.737886428833008,1034715,1038240,0.9966048312528895
brown_0.05,3,20,120.0,q925,-0.47554323077201843,25.70437240600586,1034449,1038240,0.996348628448143
brown_0.05,3,20,120.0,q1000,-0.21847428381443024,25.650922775268555,1034046,1038240,0.9959604715672676
