config,member,step,lead_time_hours,variable,min_value,max_value,n_bad_points,n_total_points,violating_fraction
ic_robustness_spring,0,0,0.0,u10m,-42.87177658081055,34.148223876953125,0,1038240,0.0
ic_robustness_spring,0,0,0.0,v10m,-38.40488815307617,39.06511306762695,0,1038240,0.0
ic_robustness_spring,0,0,0.0,u100m,-53.70305633544922,42.59694290161133,0,1038240,0.0
ic_robustness_spring,0,0,0.0,v100m,-48.777957916259766,49.322044372558594,0,1038240,0.0
ic_robustness_spring,0,0,0.0,t2m,211.3999786376953,313.6999816894531,0,1038240,0.0
ic_robustness_spring,0,0,0.0,sp,48923.32421875,105560.125,0,1038240,0.0
ic_robustness_spring,0,0,0.0,msl,93900.890625,107858.890625,0,1038240,0.0
ic_robustness_spring,0,0,0.0,tcwv,0.1905267983675003,77.6737289428711,0,1038240,0.0
ic_robustness_spring,0,0,0.0,u50,-29.414226531982422,42.415775299072266,0,1038240,0.0
ic_robustness_spring,0,0,0.0,u100,-29.5372371673584,44.26276397705078,0,1038240,0.0
ic_robustness_spring,0,0,0.0,u150,-34.81248474121094,68.03751373291016,0,1038240,0.0
ic_robustness_spring,0,0,0.0,u200,-35.86829376220703,77.93170928955078,0,1038240,0.0
ic_robustness_spring,0,0,0.0,u250,-41.29993438720703,86.50006866455078,0,1038240,0.0
ic_robustness_spring,0,0,0.0,u300,-41.60982131958008,82.99018096923828,0,1038240,0.0
ic_robustness_spring,0,0,0.0,u400,-43.34391784667969,69.8560791015625,0,1038240,0.0
ic_robustness_spring,0,0,0.0,u500,-46.81391906738281,60.28607940673828,0,1038240,0.0
ic_robustness_spring,0,0,0.0,u600,-49.1823844909668,51.9176139831543,0,1038240,0.0
ic_robustness_spring,0,0,0.0,u700,-51.62813186645508,42.87186813354492,0,1038240,0.0
ic_robustness_spring,0,0,0.0,u850,-62.309837341308594,47.890159606933594,0,1038240,0.0
ic_robustness_spring,0,0,0.0,u925,-60.354331970214844,47.24566650390625,0,1038240,0.0
ic_robustness_spring,0,0,0.0,u1000,-41.87632369995117,33.21367645263672,0,1038240,0.0
ic_robustness_spring,0,0,0.0,v50,-23.190736770629883,20.389263153076172,0,1038240,0.0
ic_robustness_spring,0,0,0.0,v100,-23.9233455657959,30.346654891967773,0,1038240,0.0
ic_robustness_spring,0,0,0.0,v150,-41.958251953125,43.041748046875,0,1038240,0.0
ic_robustness_spring,0,0,0.0,v200,-58.044883728027344,50.55511474609375,0,1038240,0.0
ic_robustness_spring,0,0,0.0,v250,-72.09991455078125,64.50008392333984,0,1038240,0.0
ic_robustness_spring,0,0,0.0,v300,-74.61468505859375,66.28531646728516,0,1038240,0.0
ic_robustness_spring,0,0,0.0,v400,-70.12775421142578,58.272247314453125,0,1038240,0.0
ic_robustness_spring,0,0,0.0,v500,-52.565673828125,47.434326171875,0,1038240,0.0
ic_robustness_spring,0,0,0.0,v600,-50.697715759277344,50.90228271484375,0,1038240,0.0
ic_robustness_spring,0,0,0.0,v700,-45.154354095458984,53.745643615722656,0,1038240,0.0
ic_robustness_spring,0,0,0.0,v850,-57.513877868652344,59.186119079589844,0,1038240,0.0
ic_robustness_spring,0,0,0.0,v925,-55.3186149597168,55.6813850402832,0,1038240,0.0
ic_robustness_spring,0,0,0.0,v1000,-37.67674255371094,37.773258209228516,0,1038240,0.0
ic_robustness_spring,0,0,0.0,z50,190646.65625,203274.671875,0,1038240,0.0
ic_robustness_spring,0,0,0.0,z100,148851.390625,163590.71875,0,1038240,0.0
ic_robustness_spring,0,0,0.0,z150,123757.5,140450.59375,0,1038240,0.0
ic_robustness_spring,0,0,0.0,z200,105615.96875,122752.078125,0,1038240,0.0
ic_robustness_spring,0,0,0.0,z250,91410.5859375,108153.8984375,0,1038240,0.0
ic_robustness_spring,0,0,0.0,z300,79872.234375,95641.21875,0,1038240,0.0
ic_robustness_spring,0,0,0.0,z400,61672.6484375,74812.5546875,0,1038240,0.0
ic_robustness_spring,0,0,0.0,z500,46765.01953125,57878.765625,0,1038240,0.0
ic_robustness_spring,0,0,0.0,z600,33966.5234375,43658.48828125,0,1038240,0.0
ic_robustness_spring,0,0,0.0,z700,22634.39453125,32336.09375,0,1038240,0.0
ic_robustness_spring,0,0,0.0,z850,7822.728515625,17837.953125,0,1038240,0.0
ic_robustness_spring,0,0,0.0,z925,1194.55224609375,11347.3134765625,0,1038240,0.0
ic_robustness_spring,0,0,0.0,z1000,-5249.6435546875,5264.5185546875,0,1038240,0.0
ic_robustness_spring,0,0,0.0,t50,196.46160888671875,228.9416046142578,0,1038240,0.0
ic_robustness_spring,0,0,0.0,t100,186.49607849121094,231.82608032226562,0,1038240,0.0
ic_robustness_spring,0,0,0.0,t150,198.04364013671875,233.53363037109375,0,1038240,0.0
ic_robustness_spring,0,0,0.0,t200,204.48179626464844,235.1417999267578,0,1038240,0.0
ic_robustness_spring,0,0,0.0,t250,203.18763732910156,248.32763671875,0,1038240,0.0
ic_robustness_spring,0,0,0.0,t300,208.7226104736328,259.5826110839844,0,1038240,0.0
ic_robustness_spring,0,0,0.0,t400,221.1183624267578,268.1583557128906,0,1038240,0.0
ic_robustness_spring,0,0,0.0,t500,229.30477905273438,275.5647888183594,0,1038240,0.0
ic_robustness_spring,0,0,0.0,t600,215.1596221923828,284.4896240234375,0,1038240,0.0
ic_robustness_spring,0,0,0.0,t700,217.41229248046875,293.4922790527344,0,1038240,0.0
ic_robustness_spring,0,0,0.0,t850,225.59410095214844,305.02410888671875,0,1038240,0.0
ic_robustness_spring,0,0,0.0,t925,229.25576782226562,310.2457580566406,0,1038240,0.0
ic_robustness_spring,0,0,0.0,t1000,228.20973205566406,315.77972412109375,0,1038240,0.0
ic_robustness_spring,0,0,0.0,q50,3.9951139618743525e-10,2.839247599695227e-06,0,1038240,0.0
ic_robustness_spring,0,0,0.0,q100,2.7604252217372505e-10,5.028628038417082e-06,0,1038240,0.0
ic_robustness_spring,0,0,0.0,q150,4.525137764499476e-10,7.054509478621185e-05,0,1038240,0.0
ic_robustness_spring,0,0,0.0,q200,9.99998417405834e-10,0.00028627298888750374,0,1038240,0.0
ic_robustness_spring,0,0,0.0,q250,9.99997196160507e-10,0.0008963849977590144,0,1038240,0.0
ic_robustness_spring,0,0,0.0,q300,9.999985284281365e-10,0.0019712650682777166,0,1038240,0.0
ic_robustness_spring,0,0,0.0,q400,9.99997418205112e-10,0.005571713205426931,0,1038240,0.0
ic_robustness_spring,0,0,0.0,q500,9.999993055842538e-10,0.008390912786126137,0,1038240,0.0
ic_robustness_spring,0,0,0.0,q600,1.14070464185545e-09,0.011217601597309113,0,1038240,0.0
ic_robustness_spring,0,0,0.0,q700,3.5614577953424487e-09,0.014162883162498474,0,1038240,0.0
ic_robustness_spring,0,0,0.0,q850,6.211981595782845e-09,0.020800646394491196,0,1038240,0.0
ic_robustness_spring,0,0,0.0,q925,3.570871922420338e-05,0.025212028995156288,0,1038240,0.0
ic_robustness_spring,0,0,0.0,q1000,4.484131932258606e-05,0.029902761802077293,0,1038240,0.0
ic_robustness_spring,0,1,6.0,u10m,-27.096477508544922,29.62554359436035,0,1038240,0.0
ic_robustness_spring,0,1,6.0,v10m,-27.389429092407227,29.28842544555664,0,1038240,0.0
ic_robustness_spring,0,1,6.0,u100m,-36.42708206176758,37.26652145385742,0,1038240,0.0
ic_robustness_spring,0,1,6.0,v100m,-37.286006927490234,37.343360900878906,0,1038240,0.0
ic_robustness_spring,0,1,6.0,t2m,209.81304931640625,314.2864990234375,0,1038240,0.0
ic_robustness_spring,0,1,6.0,sp,49145.81640625,104940.8984375,0,1038240,0.0
ic_robustness_spring,0,1,6.0,msl,94067.15625,106369.484375,0,1038240,0.0
ic_robustness_spring,0,1,6.0,tcwv,-4.203727722167969,80.72064971923828,70204,1038240,0.0676182770842965
ic_robustness_spring,0,1,6.0,u50,-28.019367218017578,38.141353607177734,0,1038240,0.0
ic_robustness_spring,0,1,6.0,u100,-27.425098419189453,45.90584945678711,0,1038240,0.0
ic_robustness_spring,0,1,6.0,u150,-21.1722354888916,66.88163757324219,0,1038240,0.0
ic_robustness_spring,0,1,6.0,u200,-24.1468563079834,70.13951110839844,0,1038240,0.0
ic_robustness_spring,0,1,6.0,u250,-28.13128662109375,81.20941162109375,0,1038240,0.0
ic_robustness_spring,0,1,6.0,u300,-35.315948486328125,80.38338470458984,0,1038240,0.0
ic_robustness_spring,0,1,6.0,u400,-38.42179870605469,66.5768814086914,0,1038240,0.0
ic_robustness_spring,0,1,6.0,u500,-38.6860237121582,53.04679489135742,0,1038240,0.0
ic_robustness_spring,0,1,6.0,u600,-40.493099212646484,44.2087287902832,0,1038240,0.0
ic_robustness_spring,0,1,6.0,u700,-41.51189422607422,43.42628479003906,0,1038240,0.0
ic_robustness_spring,0,1,6.0,u850,-43.88809585571289,41.25999069213867,0,1038240,0.0
ic_robustness_spring,0,1,6.0,u925,-46.82106399536133,45.2002067565918,0,1038240,0.0
ic_robustness_spring,0,1,6.0,u1000,-27.400575637817383,29.569110870361328,0,1038240,0.0
ic_robustness_spring,0,1,6.0,v50,-17.458803176879883,18.180265426635742,0,1038240,0.0
ic_robustness_spring,0,1,6.0,v100,-23.50506591796875,25.738140106201172,0,1038240,0.0
ic_robustness_spring,0,1,6.0,v150,-35.62196731567383,36.03856658935547,0,1038240,0.0
ic_robustness_spring,0,1,6.0,v200,-58.56376647949219,53.4734992980957,0,1038240,0.0
ic_robustness_spring,0,1,6.0,v250,-70.677490234375,65.29751586914062,0,1038240,0.0
ic_robustness_spring,0,1,6.0,v300,-74.3644027709961,63.07797622680664,0,1038240,0.0
ic_robustness_spring,0,1,6.0,v400,-61.912620544433594,50.406639099121094,0,1038240,0.0
ic_robustness_spring,0,1,6.0,v500,-44.865562438964844,40.73994445800781,0,1038240,0.0
ic_robustness_spring,0,1,6.0,v600,-36.582210540771484,42.678958892822266,0,1038240,0.0
ic_robustness_spring,0,1,6.0,v700,-38.57953643798828,47.27432632446289,0,1038240,0.0
ic_robustness_spring,0,1,6.0,v850,-42.15378952026367,49.9267578125,0,1038240,0.0
ic_robustness_spring,0,1,6.0,v925,-44.6306037902832,48.38324737548828,0,1038240,0.0
ic_robustness_spring,0,1,6.0,v1000,-26.940093994140625,30.272523880004883,0,1038240,0.0
ic_robustness_spring,0,1,6.0,z50,190768.25,203160.734375,0,1038240,0.0
ic_robustness_spring,0,1,6.0,z100,148963.390625,163477.109375,0,1038240,0.0
ic_robustness_spring,0,1,6.0,z150,123856.640625,140263.0625,0,1038240,0.0
ic_robustness_spring,0,1,6.0,z200,105788.34375,122552.65625,0,1038240,0.0
ic_robustness_spring,0,1,6.0,z250,91588.890625,108000.6171875,0,1038240,0.0
ic_robustness_spring,0,1,6.0,z300,80092.859375,95496.265625,0,1038240,0.0
ic_robustness_spring,0,1,6.0,z400,61868.953125,74785.03125,0,1038240,0.0
ic_robustness_spring,0,1,6.0,z500,46984.875,57965.1171875,0,1038240,0.0
ic_robustness_spring,0,1,6.0,z600,34139.46875,43762.58203125,0,1038240,0.0
ic_robustness_spring,0,1,6.0,z700,22820.181640625,31783.693359375,0,1038240,0.0
ic_robustness_spring,0,1,6.0,z850,7984.74658203125,16831.158203125,0,1038240,0.0
ic_robustness_spring,0,1,6.0,z925,1363.26220703125,10157.537109375,0,1038240,0.0
ic_robustness_spring,0,1,6.0,z1000,-4838.94482421875,3971.39892578125,0,1038240,0.0
ic_robustness_spring,0,1,6.0,t50,197.4656219482422,228.6278076171875,0,1038240,0.0
ic_robustness_spring,0,1,6.0,t100,187.3512725830078,230.73072814941406,0,1038240,0.0
ic_robustness_spring,0,1,6.0,t150,202.76112365722656,231.63580322265625,0,1038240,0.0
ic_robustness_spring,0,1,6.0,t200,206.243408203125,234.2592315673828,0,1038240,0.0
ic_robustness_spring,0,1,6.0,t250,204.2140350341797,245.71978759765625,0,1038240,0.0
ic_robustness_spring,0,1,6.0,t300,210.06919860839844,255.7931365966797,0,1038240,0.0
ic_robustness_spring,0,1,6.0,t400,221.63204956054688,268.612060546875,0,1038240,0.0
ic_robustness_spring,0,1,6.0,t500,229.1066131591797,276.2317199707031,0,1038240,0.0
ic_robustness_spring,0,1,6.0,t600,222.53054809570312,284.57659912109375,0,1038240,0.0
ic_robustness_spring,0,1,6.0,t700,217.89076232910156,289.1248779296875,0,1038240,0.0
ic_robustness_spring,0,1,6.0,t850,224.9031982421875,300.97113037109375,0,1038240,0.0
ic_robustness_spring,0,1,6.0,t925,229.7996063232422,308.13397216796875,0,1038240,0.0
ic_robustness_spring,0,1,6.0,t1000,231.0771484375,312.5873718261719,0,1038240,0.0
ic_robustness_spring,0,1,6.0,q50,4.323237590142526e-08,2.839842181856511e-06,0,1038240,0.0
ic_robustness_spring,0,1,6.0,q100,1.6525086721230764e-07,4.8265028453897685e-06,0,1038240,0.0
ic_robustness_spring,0,1,6.0,q150,2.890069481509272e-07,5.929916733293794e-05,0,1038240,0.0
ic_robustness_spring,0,1,6.0,q200,-2.29350189329125e-06,0.0002626272034831345,3024,1038240,0.002912621359223301
ic_robustness_spring,0,1,6.0,q250,-3.106913936790079e-06,0.0008453853661194444,566,1038240,0.0005451533364154723
ic_robustness_spring,0,1,6.0,q300,-1.5438534319400787e-05,0.0019500611815601587,68,1038240,6.549545384496841e-05
ic_robustness_spring,0,1,6.0,q400,-2.5328772608190775e-05,0.005053939297795296,214,1038240,0.00020611804592387116
ic_robustness_spring,0,1,6.0,q500,-0.0001403269125148654,0.007844740524888039,660,1038240,0.0006356911696717522
ic_robustness_spring,0,1,6.0,q600,-0.0003194668097421527,0.010931020602583885,3190,1038240,0.0030725073200801355
ic_robustness_spring,0,1,6.0,q700,-0.0003598015755414963,0.014239232987165451,9101,1038240,0.008765795962397904
ic_robustness_spring,0,1,6.0,q850,-0.0006206505931913853,0.018646016716957092,49144,1038240,0.047333949761134225
ic_robustness_spring,0,1,6.0,q925,-0.0009221648797392845,0.020978769287467003,60930,1038240,0.05868585298196949
ic_robustness_spring,0,1,6.0,q1000,-0.0011979560367763042,0.02193908393383026,66868,1038240,0.06440514717213747
ic_robustness_spring,0,2,12.0,u10m,-26.820131301879883,29.054231643676758,0,1038240,0.0
ic_robustness_spring,0,2,12.0,v10m,-24.574214935302734,27.535503387451172,0,1038240,0.0
ic_robustness_spring,0,2,12.0,u100m,-35.25092697143555,36.497684478759766,0,1038240,0.0
ic_robustness_spring,0,2,12.0,v100m,-32.49179458618164,34.816444396972656,0,1038240,0.0
ic_robustness_spring,0,2,12.0,t2m,210.92205810546875,317.2560119628906,0,1038240,0.0
ic_robustness_spring,0,2,12.0,sp,48877.28515625,104073.71875,0,1038240,0.0
ic_robustness_spring,0,2,12.0,msl,94186.6484375,105462.0390625,0,1038240,0.0
ic_robustness_spring,0,2,12.0,tcwv,-4.512676239013672,80.29151916503906,70121,1038240,0.06753833410386809
ic_robustness_spring,0,2,12.0,u50,-28.013599395751953,37.34634780883789,0,1038240,0.0
ic_robustness_spring,0,2,12.0,u100,-27.111148834228516,46.30815505981445,0,1038240,0.0
ic_robustness_spring,0,2,12.0,u150,-23.828351974487305,64.07003784179688,0,1038240,0.0
ic_robustness_spring,0,2,12.0,u200,-24.465673446655273,68.03662872314453,0,1038240,0.0
ic_robustness_spring,0,2,12.0,u250,-26.876522064208984,80.04588317871094,0,1038240,0.0
ic_robustness_spring,0,2,12.0,u300,-32.711666107177734,79.5548324584961,0,1038240,0.0
ic_robustness_spring,0,2,12.0,u400,-34.45287322998047,64.87088775634766,0,1038240,0.0
ic_robustness_spring,0,2,12.0,u500,-36.067481994628906,50.27790069580078,0,1038240,0.0
ic_robustness_spring,0,2,12.0,u600,-38.29935836791992,44.207244873046875,0,1038240,0.0
ic_robustness_spring,0,2,12.0,u700,-39.04021072387695,43.494625091552734,0,1038240,0.0
ic_robustness_spring,0,2,12.0,u850,-41.774749755859375,42.196659088134766,0,1038240,0.0
ic_robustness_spring,0,2,12.0,u925,-45.455055236816406,45.49351119995117,0,1038240,0.0
ic_robustness_spring,0,2,12.0,u1000,-26.792125701904297,28.56651496887207,0,1038240,0.0
ic_robustness_spring,0,2,12.0,v50,-17.424531936645508,17.723445892333984,0,1038240,0.0
ic_robustness_spring,0,2,12.0,v100,-21.924440383911133,24.529233932495117,0,1038240,0.0
ic_robustness_spring,0,2,12.0,v150,-33.61949157714844,31.92428207397461,0,1038240,0.0
ic_robustness_spring,0,2,12.0,v200,-54.08570098876953,52.5833625793457,0,1038240,0.0
ic_robustness_spring,0,2,12.0,v250,-70.41979217529297,69.36703491210938,0,1038240,0.0
ic_robustness_spring,0,2,12.0,v300,-68.23477935791016,69.96981048583984,0,1038240,0.0
ic_robustness_spring,0,2,12.0,v400,-53.403533935546875,54.09320068359375,0,1038240,0.0
ic_robustness_spring,0,2,12.0,v500,-38.918190002441406,41.24701690673828,0,1038240,0.0
ic_robustness_spring,0,2,12.0,v600,-36.56008529663086,40.290138244628906,0,1038240,0.0
ic_robustness_spring,0,2,12.0,v700,-38.536861419677734,44.21564483642578,0,1038240,0.0
ic_robustness_spring,0,2,12.0,v850,-38.19511413574219,46.52524185180664,0,1038240,0.0
ic_robustness_spring,0,2,12.0,v925,-40.94063186645508,46.99711227416992,0,1038240,0.0
ic_robustness_spring,0,2,12.0,v1000,-24.144763946533203,27.68325424194336,0,1038240,0.0
ic_robustness_spring,0,2,12.0,z50,190938.65625,203251.765625,0,1038240,0.0
ic_robustness_spring,0,2,12.0,z100,149153.140625,163543.546875,0,1038240,0.0
ic_robustness_spring,0,2,12.0,z150,124057.203125,140444.859375,0,1038240,0.0
ic_robustness_spring,0,2,12.0,z200,105994.8515625,122753.9921875,0,1038240,0.0
ic_robustness_spring,0,2,12.0,z250,91863.765625,108183.8515625,0,1038240,0.0
ic_robustness_spring,0,2,12.0,z300,80349.7265625,95655.140625,0,1038240,0.0
ic_robustness_spring,0,2,12.0,z400,61942.3359375,74847.0078125,0,1038240,0.0
ic_robustness_spring,0,2,12.0,z500,47011.609375,57935.59375,0,1038240,0.0
ic_robustness_spring,0,2,12.0,z600,34169.21484375,43662.9765625,0,1038240,0.0
ic_robustness_spring,0,2,12.0,z700,22863.669921875,31348.17578125,0,1038240,0.0
ic_robustness_spring,0,2,12.0,z850,8075.3359375,16180.3544921875,0,1038240,0.0
ic_robustness_spring,0,2,12.0,z925,1488.03759765625,9412.787109375,0,1038240,0.0
ic_robustness_spring,0,2,12.0,z1000,-4675.80419921875,3130.56689453125,0,1038240,0.0
ic_robustness_spring,0,2,12.0,t50,197.97714233398438,228.59765625,0,1038240,0.0
ic_robustness_spring,0,2,12.0,t100,187.67886352539062,230.06314086914062,0,1038240,0.0
ic_robustness_spring,0,2,12.0,t150,203.25050354003906,231.0850830078125,0,1038240,0.0
ic_robustness_spring,0,2,12.0,t200,206.52157592773438,234.1282196044922,0,1038240,0.0
ic_robustness_spring,0,2,12.0,t250,204.50479125976562,243.71890258789062,0,1038240,0.0
ic_robustness_spring,0,2,12.0,t300,210.29592895507812,253.8989715576172,0,1038240,0.0
ic_robustness_spring,0,2,12.0,t400,221.48977661132812,267.4070739746094,0,1038240,0.0
ic_robustness_spring,0,2,12.0,t500,228.29811096191406,275.358154296875,0,1038240,0.0
ic_robustness_spring,0,2,12.0,t600,222.3600616455078,282.6512451171875,0,1038240,0.0
ic_robustness_spring,0,2,12.0,t700,220.68466186523438,288.1832580566406,0,1038240,0.0
ic_robustness_spring,0,2,12.0,t850,227.65447998046875,304.27960205078125,0,1038240,0.0
ic_robustness_spring,0,2,12.0,t925,232.2305908203125,311.4722595214844,0,1038240,0.0
ic_robustness_spring,0,2,12.0,t1000,233.48635864257812,315.91748046875,0,1038240,0.0
ic_robustness_spring,0,2,12.0,q50,8.761458047956694e-08,2.838129830706748e-06,0,1038240,0.0
ic_robustness_spring,0,2,12.0,q100,3.2763000490376726e-07,4.764051027450478e-06,0,1038240,0.0
ic_robustness_spring,0,2,12.0,q150,3.17277226713486e-07,5.0666094466578215e-05,0,1038240,0.0
ic_robustness_spring,0,2,12.0,q200,-1.7296388250542805e-06,0.0002551557554397732,2650,1038240,0.002552396363075975
ic_robustness_spring,0,2,12.0,q250,-2.3214997781906277e-06,0.0008019477827474475,336,1038240,0.00032362459546925567
ic_robustness_spring,0,2,12.0,q300,-3.0196824809536338e-06,0.0018709679134190083,127,1038240,0.00012232239173986747
ic_robustness_spring,0,2,12.0,q400,-2.83562985714525e-05,0.004930370021611452,430,1038240,0.0004141624287255355
ic_robustness_spring,0,2,12.0,q500,-8.379202336072922e-05,0.007764611858874559,502,1038240,0.0004835105563260903
ic_robustness_spring,0,2,12.0,q600,-0.00021637976169586182,0.010913034901022911,3517,1038240,0.003387463399599322
ic_robustness_spring,0,2,12.0,q700,-0.00048068747855722904,0.01429453119635582,41028,1038240,0.03951687471104947
ic_robustness_spring,0,2,12.0,q850,-0.0008733742870390415,0.018242204561829567,62502,1038240,0.060199953767914934
ic_robustness_spring,0,2,12.0,q925,-0.0010574078187346458,0.020259827375411987,66638,1038240,0.06418361843119125
ic_robustness_spring,0,2,12.0,q1000,-0.0014036507345736027,0.02118133008480072,72229,1038240,0.06956869317306211
ic_robustness_spring,0,3,18.0,u10m,-25.965232849121094,26.718923568725586,0,1038240,0.0
ic_robustness_spring,0,3,18.0,v10m,-24.142597198486328,26.284217834472656,0,1038240,0.0
ic_robustness_spring,0,3,18.0,u100m,-34.11030197143555,33.019248962402344,0,1038240,0.0
ic_robustness_spring,0,3,18.0,v100m,-31.973461151123047,35.37025451660156,0,1038240,0.0
ic_robustness_spring,0,3,18.0,t2m,210.54562377929688,314.1672668457031,0,1038240,0.0
ic_robustness_spring,0,3,18.0,sp,48833.51171875,103901.71875,0,1038240,0.0
ic_robustness_spring,0,3,18.0,msl,94325.9296875,104738.5390625,0,1038240,0.0
ic_robustness_spring,0,3,18.0,tcwv,-4.206506729125977,78.9351806640625,68405,1038240,0.06588553706272153
ic_robustness_spring,0,3,18.0,u50,-26.975238800048828,34.14818572998047,0,1038240,0.0
ic_robustness_spring,0,3,18.0,u100,-26.333091735839844,45.777339935302734,0,1038240,0.0
ic_robustness_spring,0,3,18.0,u150,-23.19305992126465,61.55640411376953,0,1038240,0.0
ic_robustness_spring,0,3,18.0,u200,-24.670373916625977,65.41156005859375,0,1038240,0.0
ic_robustness_spring,0,3,18.0,u250,-28.908687591552734,77.79942321777344,0,1038240,0.0
ic_robustness_spring,0,3,18.0,u300,-31.748924255371094,72.9291763305664,0,1038240,0.0
ic_robustness_spring,0,3,18.0,u400,-31.214574813842773,63.558082580566406,0,1038240,0.0
ic_robustness_spring,0,3,18.0,u500,-33.50407791137695,52.122257232666016,0,1038240,0.0
ic_robustness_spring,0,3,18.0,u600,-36.647640228271484,43.747013092041016,0,1038240,0.0
ic_robustness_spring,0,3,18.0,u700,-38.27978515625,40.38656234741211,0,1038240,0.0
ic_robustness_spring,0,3,18.0,u850,-40.437564849853516,39.553688049316406,0,1038240,0.0
ic_robustness_spring,0,3,18.0,u925,-45.12063980102539,41.31292724609375,0,1038240,0.0
ic_robustness_spring,0,3,18.0,u1000,-25.483951568603516,25.95191192626953,0,1038240,0.0
ic_robustness_spring,0,3,18.0,v50,-20.448518753051758,17.870595932006836,0,1038240,0.0
ic_robustness_spring,0,3,18.0,v100,-21.738967895507812,26.164514541625977,0,1038240,0.0
ic_robustness_spring,0,3,18.0,v150,-29.69774055480957,37.22377014160156,0,1038240,0.0
ic_robustness_spring,0,3,18.0,v200,-44.05526351928711,54.98596954345703,0,1038240,0.0
ic_robustness_spring,0,3,18.0,v250,-59.329017639160156,75.33796691894531,0,1038240,0.0
ic_robustness_spring,0,3,18.0,v300,-57.93462371826172,79.71678161621094,0,1038240,0.0
ic_robustness_spring,0,3,18.0,v400,-51.03626251220703,61.77921676635742,0,1038240,0.0
ic_robustness_spring,0,3,18.0,v500,-41.2561149597168,46.599910736083984,0,1038240,0.0
ic_robustness_spring,0,3,18.0,v600,-34.22142791748047,40.54227066040039,0,1038240,0.0
ic_robustness_spring,0,3,18.0,v700,-36.509544372558594,44.934051513671875,0,1038240,0.0
ic_robustness_spring,0,3,18.0,v850,-37.283477783203125,46.67958450317383,0,1038240,0.0
ic_robustness_spring,0,3,18.0,v925,-39.90657424926758,45.107967376708984,0,1038240,0.0
ic_robustness_spring,0,3,18.0,v1000,-23.637611389160156,26.36897087097168,0,1038240,0.0
ic_robustness_spring,0,3,18.0,z50,191145.53125,203248.15625,0,1038240,0.0
ic_robustness_spring,0,3,18.0,z100,149346.09375,163297.046875,0,1038240,0.0
ic_robustness_spring,0,3,18.0,z150,124298.046875,140232.34375,0,1038240,0.0
ic_robustness_spring,0,3,18.0,z200,106257.328125,122550.9375,0,1038240,0.0
ic_robustness_spring,0,3,18.0,z250,92174.7734375,107987.578125,0,1038240,0.0
ic_robustness_spring,0,3,18.0,z300,80568.390625,95474.3828125,0,1038240,0.0
ic_robustness_spring,0,3,18.0,z400,62009.2578125,74797.4765625,0,1038240,0.0
ic_robustness_spring,0,3,18.0,z500,47097.51953125,58058.97265625,0,1038240,0.0
ic_robustness_spring,0,3,18.0,z600,34255.03515625,43826.3671875,0,1038240,0.0
ic_robustness_spring,0,3,18.0,z700,22954.388671875,31472.458984375,0,1038240,0.0
ic_robustness_spring,0,3,18.0,z850,8177.26416015625,16166.123046875,0,1038240,0.0
ic_robustness_spring,0,3,18.0,z925,1602.60205078125,9377.8203125,0,1038240,0.0
ic_robustness_spring,0,3,18.0,z1000,-4556.9267578125,3048.7900390625,0,1038240,0.0
ic_robustness_spring,0,3,18.0,t50,199.8858642578125,228.40969848632812,0,1038240,0.0
ic_robustness_spring,0,3,18.0,t100,188.3270263671875,229.29336547851562,0,1038240,0.0
ic_robustness_spring,0,3,18.0,t150,203.53323364257812,230.4279022216797,0,1038240,0.0
ic_robustness_spring,0,3,18.0,t200,206.36953735351562,234.11744689941406,0,1038240,0.0
ic_robustness_spring,0,3,18.0,t250,204.85011291503906,242.5683135986328,0,1038240,0.0
ic_robustness_spring,0,3,18.0,t300,209.9689483642578,253.8206024169922,0,1038240,0.0
ic_robustness_spring,0,3,18.0,t400,221.1543731689453,266.97637939453125,0,1038240,0.0
ic_robustness_spring,0,3,18.0,t500,227.7969207763672,275.0429382324219,0,1038240,0.0
ic_robustness_spring,0,3,18.0,t600,219.48477172851562,283.65960693359375,0,1038240,0.0
ic_robustness_spring,0,3,18.0,t700,222.63275146484375,291.11590576171875,0,1038240,0.0
ic_robustness_spring,0,3,18.0,t850,230.72201538085938,303.9793395996094,0,1038240,0.0
ic_robustness_spring,0,3,18.0,t925,234.91195678710938,311.41912841796875,0,1038240,0.0
ic_robustness_spring,0,3,18.0,t1000,235.4037628173828,316.5971374511719,0,1038240,0.0
ic_robustness_spring,0,3,18.0,q50,1.3249814401206095e-07,2.838471345967264e-06,0,1038240,0.0
ic_robustness_spring,0,3,18.0,q100,4.795779204869177e-07,4.65034281660337e-06,0,1038240,0.0
ic_robustness_spring,0,3,18.0,q150,3.789095899264794e-07,4.141167664784007e-05,0,1038240,0.0
ic_robustness_spring,0,3,18.0,q200,-2.2290496417554095e-06,0.0002320491330465302,3195,1038240,0.0030773231622746185
ic_robustness_spring,0,3,18.0,q250,-4.700221325038001e-06,0.0007667055469937623,311,1038240,0.0002995453844968408
ic_robustness_spring,0,3,18.0,q300,-8.898452506400645e-06,0.0018297601491212845,967,1038240,0.0009313838804130066
ic_robustness_spring,0,3,18.0,q400,-2.586192567832768e-05,0.004915463738143444,390,1038240,0.00037563569116967177
ic_robustness_spring,0,3,18.0,q500,-8.417345816269517e-05,0.007652265019714832,607,1038240,0.0005846432424102327
ic_robustness_spring,0,3,18.0,q600,-0.0002874106867238879,0.010652139782905579,7218,1038240,0.006952149791955617
ic_robustness_spring,0,3,18.0,q700,-0.0005618459545075893,0.013943886384367943,48304,1038240,0.04652488827246109
ic_robustness_spring,0,3,18.0,q850,-0.0008067656308412552,0.018216589465737343,63891,1038240,0.0615377947295423
ic_robustness_spring,0,3,18.0,q925,-0.0010413317941129208,0.020528627559542656,68469,1038240,0.06594717984281091
ic_robustness_spring,0,3,18.0,q1000,-0.0012762187980115414,0.021179083734750748,72866,1038240,0.07018223146863924
ic_robustness_spring,0,4,24.0,u10m,-26.507551193237305,27.16860008239746,0,1038240,0.0
ic_robustness_spring,0,4,24.0,v10m,-25.16309928894043,26.517549514770508,0,1038240,0.0
ic_robustness_spring,0,4,24.0,u100m,-34.561973571777344,34.02450180053711,0,1038240,0.0
ic_robustness_spring,0,4,24.0,v100m,-32.10108184814453,35.88751983642578,0,1038240,0.0
ic_robustness_spring,0,4,24.0,t2m,210.16110229492188,312.689697265625,0,1038240,0.0
ic_robustness_spring,0,4,24.0,sp,48630.87109375,103876.5,0,1038240,0.0
ic_robustness_spring,0,4,24.0,msl,94352.265625,104647.234375,0,1038240,0.0
ic_robustness_spring,0,4,24.0,tcwv,-3.7696704864501953,79.71270751953125,66465,1038240,0.06401699029126214
ic_robustness_spring,0,4,24.0,u50,-27.42852020263672,34.165287017822266,0,1038240,0.0
ic_robustness_spring,0,4,24.0,u100,-26.338069915771484,39.05400848388672,0,1038240,0.0
ic_robustness_spring,0,4,24.0,u150,-23.886388778686523,57.62529754638672,0,1038240,0.0
ic_robustness_spring,0,4,24.0,u200,-23.76854133605957,72.82286834716797,0,1038240,0.0
ic_robustness_spring,0,4,24.0,u250,-27.58340072631836,76.70877075195312,0,1038240,0.0
ic_robustness_spring,0,4,24.0,u300,-31.345108032226562,67.40695190429688,0,1038240,0.0
ic_robustness_spring,0,4,24.0,u400,-33.31360626220703,63.85448455810547,0,1038240,0.0
ic_robustness_spring,0,4,24.0,u500,-32.77054977416992,52.991294860839844,0,1038240,0.0
ic_robustness_spring,0,4,24.0,u600,-35.86088180541992,46.758243560791016,0,1038240,0.0
ic_robustness_spring,0,4,24.0,u700,-38.62167739868164,41.73954772949219,0,1038240,0.0
ic_robustness_spring,0,4,24.0,u850,-41.83879089355469,39.9875602722168,0,1038240,0.0
ic_robustness_spring,0,4,24.0,u925,-46.26979064941406,42.589813232421875,0,1038240,0.0
ic_robustness_spring,0,4,24.0,u1000,-26.02650260925293,27.0345516204834,0,1038240,0.0
ic_robustness_spring,0,4,24.0,v50,-21.714622497558594,18.016902923583984,0,1038240,0.0
ic_robustness_spring,0,4,24.0,v100,-24.413650512695312,25.53070068359375,0,1038240,0.0
ic_robustness_spring,0,4,24.0,v150,-31.814773559570312,40.42302703857422,0,1038240,0.0
ic_robustness_spring,0,4,24.0,v200,-38.20407485961914,55.337310791015625,0,1038240,0.0
ic_robustness_spring,0,4,24.0,v250,-54.86962890625,76.63294219970703,0,1038240,0.0
ic_robustness_spring,0,4,24.0,v300,-60.945335388183594,86.36424255371094,0,1038240,0.0
ic_robustness_spring,0,4,24.0,v400,-50.87443161010742,67.43106079101562,0,1038240,0.0
ic_robustness_spring,0,4,24.0,v500,-42.0623893737793,51.573726654052734,0,1038240,0.0
ic_robustness_spring,0,4,24.0,v600,-36.10012435913086,41.89806365966797,0,1038240,0.0
ic_robustness_spring,0,4,24.0,v700,-37.066349029541016,45.05329132080078,0,1038240,0.0
ic_robustness_spring,0,4,24.0,v850,-37.40510940551758,46.68144607543945,0,1038240,0.0
ic_robustness_spring,0,4,24.0,v925,-39.223148345947266,45.82261276245117,0,1038240,0.0
ic_robustness_spring,0,4,24.0,v1000,-24.591819763183594,26.66705322265625,0,1038240,0.0
ic_robustness_spring,0,4,24.0,z50,191305.4375,203300.8125,0,1038240,0.0
ic_robustness_spring,0,4,24.0,z100,149524.59375,163537.5625,0,1038240,0.0
ic_robustness_spring,0,4,24.0,z150,124490.296875,140501.109375,0,1038240,0.0
ic_robustness_spring,0,4,24.0,z200,106477.8828125,122770.1796875,0,1038240,0.0
ic_robustness_spring,0,4,24.0,z250,92272.53125,108210.09375,0,1038240,0.0
ic_robustness_spring,0,4,24.0,z300,80548.34375,95701.671875,0,1038240,0.0
ic_robustness_spring,0,4,24.0,z400,61982.51953125,74920.4765625,0,1038240,0.0
ic_robustness_spring,0,4,24.0,z500,47088.2578125,58003.8125,0,1038240,0.0
ic_robustness_spring,0,4,24.0,z600,34245.53515625,43728.23828125,0,1038240,0.0
ic_robustness_spring,0,4,24.0,z700,22955.66015625,31408.44921875,0,1038240,0.0
ic_robustness_spring,0,4,24.0,z850,8194.578125,16315.0634765625,0,1038240,0.0
ic_robustness_spring,0,4,24.0,z925,1627.7763671875,9579.5107421875,0,1038240,0.0
ic_robustness_spring,0,4,24.0,z1000,-4520.7021484375,3268.23388671875,0,1038240,0.0
ic_robustness_spring,0,4,24.0,t50,200.73435974121094,228.38421630859375,0,1038240,0.0
ic_robustness_spring,0,4,24.0,t100,188.27847290039062,228.96542358398438,0,1038240,0.0
ic_robustness_spring,0,4,24.0,t150,203.34420776367188,230.10557556152344,0,1038240,0.0
ic_robustness_spring,0,4,24.0,t200,205.78433227539062,234.0009002685547,0,1038240,0.0
ic_robustness_spring,0,4,24.0,t250,204.97610473632812,242.56710815429688,0,1038240,0.0
ic_robustness_spring,0,4,24.0,t300,209.87538146972656,253.85169982910156,0,1038240,0.0
ic_robustness_spring,0,4,24.0,t400,221.1960906982422,267.4201354980469,0,1038240,0.0
ic_robustness_spring,0,4,24.0,t500,227.79550170898438,275.54302978515625,0,1038240,0.0
ic_robustness_spring,0,4,24.0,t600,216.47889709472656,283.0426940917969,0,1038240,0.0
ic_robustness_spring,0,4,24.0,t700,221.9766845703125,290.5873107910156,0,1038240,0.0
ic_robustness_spring,0,4,24.0,t850,230.3860321044922,305.4220886230469,0,1038240,0.0
ic_robustness_spring,0,4,24.0,t925,234.25747680664062,310.3871765136719,0,1038240,0.0
ic_robustness_spring,0,4,24.0,t1000,236.7598419189453,315.0767517089844,0,1038240,0.0
ic_robustness_spring,0,4,24.0,q50,1.7817592379287817e-07,2.836479552570381e-06,0,1038240,0.0
ic_robustness_spring,0,4,24.0,q100,6.096884135331493e-07,4.4979788071941584e-06,0,1038240,0.0
ic_robustness_spring,0,4,24.0,q150,3.302329787402414e-07,3.923295662389137e-05,0,1038240,0.0
ic_robustness_spring,0,4,24.0,q200,-1.7656420823186636e-06,0.0002238094893982634,3966,1038240,0.003819926028663893
ic_robustness_spring,0,4,24.0,q250,-4.899138730252162e-06,0.0007337596616707742,450,1038240,0.00043342579750346743
ic_robustness_spring,0,4,24.0,q300,-5.165027687326074e-06,0.0017700151074677706,225,1038240,0.00021671289875173372
ic_robustness_spring,0,4,24.0,q400,-1.4344666851684451e-05,0.004758361726999283,383,1038240,0.0003688935120973956
ic_robustness_spring,0,4,24.0,q500,-8.798530325293541e-05,0.0075157517567276955,943,1038240,0.0009082678378794884
ic_robustness_spring,0,4,24.0,q600,-0.0002656439319252968,0.010787533596158028,9024,1038240,0.008691631992602866
ic_robustness_spring,0,4,24.0,q700,-0.00044146832078695297,0.014212386682629585,46762,1038240,0.04503968253968254
ic_robustness_spring,0,4,24.0,q850,-0.0008055614307522774,0.018425047397613525,64541,1038240,0.062163854214825086
ic_robustness_spring,0,4,24.0,q925,-0.0008425177074968815,0.020512422546744347,66945,1038240,0.0644793111419325
ic_robustness_spring,0,4,24.0,q1000,-0.0010657957755029202,0.021314149722456932,70595,1038240,0.06799487594390508
ic_robustness_spring,0,5,30.0,u10m,-26.47161865234375,26.03276252746582,0,1038240,0.0
ic_robustness_spring,0,5,30.0,v10m,-24.26856231689453,26.63875389099121,0,1038240,0.0
ic_robustness_spring,0,5,30.0,u100m,-34.58544921875,32.88698959350586,0,1038240,0.0
ic_robustness_spring,0,5,30.0,v100m,-31.666444778442383,36.819175720214844,0,1038240,0.0
ic_robustness_spring,0,5,30.0,t2m,209.77755737304688,315.0128479003906,0,1038240,0.0
ic_robustness_spring,0,5,30.0,sp,48711.6015625,103790.0390625,0,1038240,0.0
ic_robustness_spring,0,5,30.0,msl,94596.625,104590.8671875,0,1038240,0.0
ic_robustness_spring,0,5,30.0,tcwv,-3.492288589477539,80.12763214111328,62099,1038240,0.05981179688703961
ic_robustness_spring,0,5,30.0,u50,-25.38677215576172,35.173648834228516,0,1038240,0.0
ic_robustness_spring,0,5,30.0,u100,-26.09839630126953,38.994361877441406,0,1038240,0.0
ic_robustness_spring,0,5,30.0,u150,-24.662477493286133,57.04547882080078,0,1038240,0.0
ic_robustness_spring,0,5,30.0,u200,-22.721323013305664,75.01758575439453,0,1038240,0.0
ic_robustness_spring,0,5,30.0,u250,-30.551532745361328,77.52714538574219,0,1038240,0.0
ic_robustness_spring,0,5,30.0,u300,-41.15419006347656,69.51687622070312,0,1038240,0.0
ic_robustness_spring,0,5,30.0,u400,-34.65380096435547,65.81600952148438,0,1038240,0.0
ic_robustness_spring,0,5,30.0,u500,-30.762676239013672,56.81700897216797,0,1038240,0.0
ic_robustness_spring,0,5,30.0,u600,-34.88338851928711,45.01323318481445,0,1038240,0.0
ic_robustness_spring,0,5,30.0,u700,-37.983028411865234,40.195560455322266,0,1038240,0.0
ic_robustness_spring,0,5,30.0,u850,-41.33439636230469,39.0137825012207,0,1038240,0.0
ic_robustness_spring,0,5,30.0,u925,-46.50749969482422,40.79304122924805,0,1038240,0.0
ic_robustness_spring,0,5,30.0,u1000,-26.24595069885254,25.932767868041992,0,1038240,0.0
ic_robustness_spring,0,5,30.0,v50,-23.7448673248291,18.33448028564453,0,1038240,0.0
ic_robustness_spring,0,5,30.0,v100,-27.61440086364746,25.353748321533203,0,1038240,0.0
ic_robustness_spring,0,5,30.0,v150,-33.59208297729492,40.184207916259766,0,1038240,0.0
ic_robustness_spring,0,5,30.0,v200,-44.329002380371094,55.37873840332031,0,1038240,0.0
ic_robustness_spring,0,5,30.0,v250,-54.195125579833984,73.6231918334961,0,1038240,0.0
ic_robustness_spring,0,5,30.0,v300,-59.82185745239258,84.19445037841797,0,1038240,0.0
ic_robustness_spring,0,5,30.0,v400,-54.25139617919922,68.76947021484375,0,1038240,0.0
ic_robustness_spring,0,5,30.0,v500,-45.54642868041992,54.370384216308594,0,1038240,0.0
ic_robustness_spring,0,5,30.0,v600,-35.57078170776367,42.41013717651367,0,1038240,0.0
ic_robustness_spring,0,5,30.0,v700,-37.84914779663086,45.44247055053711,0,1038240,0.0
ic_robustness_spring,0,5,30.0,v850,-37.5375862121582,48.14649963378906,0,1038240,0.0
ic_robustness_spring,0,5,30.0,v925,-39.21122360229492,46.55295944213867,0,1038240,0.0
ic_robustness_spring,0,5,30.0,v1000,-24.003868103027344,27.316024780273438,0,1038240,0.0
ic_robustness_spring,0,5,30.0,z50,191431.890625,203152.0625,0,1038240,0.0
ic_robustness_spring,0,5,30.0,z100,149647.859375,163518.234375,0,1038240,0.0
ic_robustness_spring,0,5,30.0,z150,124571.9765625,140327.625,0,1038240,0.0
ic_robustness_spring,0,5,30.0,z200,106599.1875,122613.8828125,0,1038240,0.0
ic_robustness_spring,0,5,30.0,z250,92334.1640625,108048.828125,0,1038240,0.0
ic_robustness_spring,0,5,30.0,z300,80573.671875,95527.625,0,1038240,0.0
ic_robustness_spring,0,5,30.0,z400,62042.93359375,74792.8046875,0,1038240,0.0
ic_robustness_spring,0,5,30.0,z500,47184.33984375,58017.0078125,0,1038240,0.0
ic_robustness_spring,0,5,30.0,z600,34369.546875,43783.17578125,0,1038240,0.0
ic_robustness_spring,0,5,30.0,z700,23099.625,31495.0546875,0,1038240,0.0
ic_robustness_spring,0,5,30.0,z850,8373.271484375,16015.1748046875,0,1038240,0.0
ic_robustness_spring,0,5,30.0,z925,1821.12353515625,9185.0537109375,0,1038240,0.0
ic_robustness_spring,0,5,30.0,z1000,-4314.81787109375,2813.544921875,0,1038240,0.0
ic_robustness_spring,0,5,30.0,t50,200.3960418701172,228.10858154296875,0,1038240,0.0
ic_robustness_spring,0,5,30.0,t100,188.29383850097656,228.9464111328125,0,1038240,0.0
ic_robustness_spring,0,5,30.0,t150,203.2230224609375,230.4179229736328,0,1038240,0.0
ic_robustness_spring,0,5,30.0,t200,205.81646728515625,234.17005920410156,0,1038240,0.0
ic_robustness_spring,0,5,30.0,t250,205.57742309570312,243.28475952148438,0,1038240,0.0
ic_robustness_spring,0,5,30.0,t300,210.06820678710938,254.0508575439453,0,1038240,0.0
ic_robustness_spring,0,5,30.0,t400,220.9610137939453,267.2495422363281,0,1038240,0.0
ic_robustness_spring,0,5,30.0,t500,227.8234100341797,275.4549865722656,0,1038240,0.0
ic_robustness_spring,0,5,30.0,t600,216.437255859375,282.53173828125,0,1038240,0.0
ic_robustness_spring,0,5,30.0,t700,221.2843017578125,288.3789978027344,0,1038240,0.0
ic_robustness_spring,0,5,30.0,t850,229.60537719726562,302.41485595703125,0,1038240,0.0
ic_robustness_spring,0,5,30.0,t925,233.47879028320312,308.91265869140625,0,1038240,0.0
ic_robustness_spring,0,5,30.0,t1000,236.14222717285156,313.97076416015625,0,1038240,0.0
ic_robustness_spring,0,5,30.0,q50,2.219251200585859e-07,2.836647126969183e-06,0,1038240,0.0
ic_robustness_spring,0,5,30.0,q100,7.235601060529007e-07,4.300857199268648e-06,0,1038240,0.0
ic_robustness_spring,0,5,30.0,q150,3.2485786505276337e-07,3.950925383833237e-05,0,1038240,0.0
ic_robustness_spring,0,5,30.0,q200,-1.6789417713880539e-06,0.0002321314241271466,3060,1038240,0.0029472954230235784
ic_robustness_spring,0,5,30.0,q250,-3.928344085579738e-06,0.0007563976105302572,367,1038240,0.0003534828170750501
ic_robustness_spring,0,5,30.0,q300,-6.074260454624891e-06,0.0017986958846449852,932,1038240,0.0008976729850516258
ic_robustness_spring,0,5,30.0,q400,-2.2176362108439207e-05,0.004805924370884895,370,1038240,0.00035637232239173986
ic_robustness_spring,0,5,30.0,q500,-5.573249654844403e-05,0.007621579337865114,1009,1038240,0.0009718369548466636
ic_robustness_spring,0,5,30.0,q600,-0.0002414453774690628,0.01086339820176363,4968,1038240,0.00478502080443828
ic_robustness_spring,0,5,30.0,q700,-0.000349411740899086,0.014262871816754341,45474,1038240,0.043799121590383724
ic_robustness_spring,0,5,30.0,q850,-0.0006211930885910988,0.018586773425340652,59073,1038240,0.05689724919093851
ic_robustness_spring,0,5,30.0,q925,-0.0007546916604042053,0.020713962614536285,64284,1038240,0.06191631992602866
ic_robustness_spring,0,5,30.0,q1000,-0.0009229439310729504,0.021498510614037514,69501,1038240,0.06694116967175219
ic_robustness_spring,0,6,36.0,u10m,-26.31768798828125,27.482542037963867,0,1038240,0.0
ic_robustness_spring,0,6,36.0,v10m,-24.820663452148438,27.749370574951172,0,1038240,0.0
ic_robustness_spring,0,6,36.0,u100m,-34.59455871582031,34.55880355834961,0,1038240,0.0
ic_robustness_spring,0,6,36.0,v100m,-31.584949493408203,37.10038757324219,0,1038240,0.0
ic_robustness_spring,0,6,36.0,t2m,210.50543212890625,318.1552734375,0,1038240,0.0
ic_robustness_spring,0,6,36.0,sp,48445.62109375,103774.9609375,0,1038240,0.0
ic_robustness_spring,0,6,36.0,msl,95091.265625,104623.2265625,0,1038240,0.0
ic_robustness_spring,0,6,36.0,tcwv,-3.400348663330078,80.59811401367188,57110,1038240,0.055006549545384496
ic_robustness_spring,0,6,36.0,u50,-25.495059967041016,34.691062927246094,0,1038240,0.0
ic_robustness_spring,0,6,36.0,u100,-26.23154067993164,37.60857391357422,0,1038240,0.0
ic_robustness_spring,0,6,36.0,u150,-24.64482307434082,56.55793762207031,0,1038240,0.0
ic_robustness_spring,0,6,36.0,u200,-20.708955764770508,71.74101257324219,0,1038240,0.0
ic_robustness_spring,0,6,36.0,u250,-32.11156463623047,76.11712646484375,0,1038240,0.0
ic_robustness_spring,0,6,36.0,u300,-43.0910530090332,76.954833984375,0,1038240,0.0
ic_robustness_spring,0,6,36.0,u400,-36.544960021972656,73.55821228027344,0,1038240,0.0
ic_robustness_spring,0,6,36.0,u500,-30.49321746826172,59.940067291259766,0,1038240,0.0
ic_robustness_spring,0,6,36.0,u600,-34.210113525390625,49.12000274658203,0,1038240,0.0
ic_robustness_spring,0,6,36.0,u700,-38.215736389160156,42.7713508605957,0,1038240,0.0
ic_robustness_spring,0,6,36.0,u850,-41.77338790893555,41.07951736450195,0,1038240,0.0
ic_robustness_spring,0,6,36.0,u925,-47.133384704589844,44.03162384033203,0,1038240,0.0
ic_robustness_spring,0,6,36.0,u1000,-26.406795501708984,27.44121742248535,0,1038240,0.0
ic_robustness_spring,0,6,36.0,v50,-24.427522659301758,18.995527267456055,0,1038240,0.0
ic_robustness_spring,0,6,36.0,v100,-27.746667861938477,25.040210723876953,0,1038240,0.0
ic_robustness_spring,0,6,36.0,v150,-32.5302619934082,39.75071334838867,0,1038240,0.0
ic_robustness_spring,0,6,36.0,v200,-46.01294708251953,52.85367202758789,0,1038240,0.0
ic_robustness_spring,0,6,36.0,v250,-53.63969802856445,67.30340576171875,0,1038240,0.0
ic_robustness_spring,0,6,36.0,v300,-59.116943359375,74.38955688476562,0,1038240,0.0
ic_robustness_spring,0,6,36.0,v400,-51.263179779052734,63.142181396484375,0,1038240,0.0
ic_robustness_spring,0,6,36.0,v500,-41.656837463378906,49.00851058959961,0,1038240,0.0
ic_robustness_spring,0,6,36.0,v600,-36.94717788696289,41.92273712158203,0,1038240,0.0
ic_robustness_spring,0,6,36.0,v700,-38.8881950378418,45.11500549316406,0,1038240,0.0
ic_robustness_spring,0,6,36.0,v850,-36.80422592163086,48.89295959472656,0,1038240,0.0
ic_robustness_spring,0,6,36.0,v925,-39.60529708862305,48.82286071777344,0,1038240,0.0
ic_robustness_spring,0,6,36.0,v1000,-24.553056716918945,28.532270431518555,0,1038240,0.0
ic_robustness_spring,0,6,36.0,z50,191520.4375,203148.546875,0,1038240,0.0
ic_robustness_spring,0,6,36.0,z100,149730.484375,163561.984375,0,1038240,0.0
ic_robustness_spring,0,6,36.0,z150,124424.4140625,140467.859375,0,1038240,0.0
ic_robustness_spring,0,6,36.0,z200,106403.484375,122783.2578125,0,1038240,0.0
ic_robustness_spring,0,6,36.0,z250,92503.640625,108227.2265625,0,1038240,0.0
ic_robustness_spring,0,6,36.0,z300,80758.453125,95694.1796875,0,1038240,0.0
ic_robustness_spring,0,6,36.0,z400,62297.6640625,74884.5078125,0,1038240,0.0
ic_robustness_spring,0,6,36.0,z500,47480.48046875,58001.71484375,0,1038240,0.0
ic_robustness_spring,0,6,36.0,z600,34699.46875,43747.63671875,0,1038240,0.0
ic_robustness_spring,0,6,36.0,z700,23457.1953125,31449.494140625,0,1038240,0.0
ic_robustness_spring,0,6,36.0,z850,8755.6708984375,15764.982421875,0,1038240,0.0
ic_robustness_spring,0,6,36.0,z925,2214.509765625,8915.654296875,0,1038240,0.0
ic_robustness_spring,0,6,36.0,z1000,-3912.08935546875,2664.195068359375,0,1038240,0.0
ic_robustness_spring,0,6,36.0,t50,200.90530395507812,228.28692626953125,0,1038240,0.0
ic_robustness_spring,0,6,36.0,t100,188.51312255859375,229.14859008789062,0,1038240,0.0
ic_robustness_spring,0,6,36.0,t150,202.95321655273438,230.58554077148438,0,1038240,0.0
ic_robustness_spring,0,6,36.0,t200,206.52435302734375,233.9340057373047,0,1038240,0.0
ic_robustness_spring,0,6,36.0,t250,206.37892150878906,242.73611450195312,0,1038240,0.0
ic_robustness_spring,0,6,36.0,t300,210.4771728515625,253.97047424316406,0,1038240,0.0
ic_robustness_spring,0,6,36.0,t400,221.00225830078125,267.7807312011719,0,1038240,0.0
ic_robustness_spring,0,6,36.0,t500,227.78118896484375,276.4850769042969,0,1038240,0.0
ic_robustness_spring,0,6,36.0,t600,217.77174377441406,284.17156982421875,0,1038240,0.0
ic_robustness_spring,0,6,36.0,t700,220.9297332763672,289.1690673828125,0,1038240,0.0
ic_robustness_spring,0,6,36.0,t850,229.201416015625,305.6432189941406,0,1038240,0.0
ic_robustness_spring,0,6,36.0,t925,232.99752807617188,312.20867919921875,0,1038240,0.0
ic_robustness_spring,0,6,36.0,t1000,235.59889221191406,317.00067138671875,0,1038240,0.0
ic_robustness_spring,0,6,36.0,q50,2.643478183017578e-07,2.833179451044998e-06,0,1038240,0.0
ic_robustness_spring,0,6,36.0,q100,8.194333531719167e-07,4.114103376195999e-06,0,1038240,0.0
ic_robustness_spring,0,6,36.0,q150,3.184700290148612e-07,4.0131744754035026e-05,0,1038240,0.0
ic_robustness_spring,0,6,36.0,q200,-1.3042208593105897e-06,0.00023872725432738662,2574,1038240,0.0024791955617198334
ic_robustness_spring,0,6,36.0,q250,-1.7193015082739294e-06,0.0007736582192592323,278,1038240,0.0002677608260132532
ic_robustness_spring,0,6,36.0,q300,-3.0709925340488553e-06,0.0018289779545739293,47,1038240,4.526891662813993e-05
ic_robustness_spring,0,6,36.0,q400,-1.5823956346139312e-05,0.0047765327617526054,410,1038240,0.0003948990599476036
ic_robustness_spring,0,6,36.0,q500,-9.765621507540345e-05,0.007573247887194157,878,1038240,0.0008456618893512097
ic_robustness_spring,0,6,36.0,q600,-0.00028674735222011805,0.010852636769413948,4494,1038240,0.004328478964401294
ic_robustness_spring,0,6,36.0,q700,-0.0002952711656689644,0.014480313286185265,40616,1038240,0.039120049314224074
ic_robustness_spring,0,6,36.0,q850,-0.0005703349597752094,0.018578391522169113,50699,1038240,0.04883167668361843
ic_robustness_spring,0,6,36.0,q925,-0.0006688893772661686,0.020639363676309586,59142,1038240,0.056963707813222374
ic_robustness_spring,0,6,36.0,q1000,-0.0007442259229719639,0.02139643207192421,65345,1038240,0.06293824163969795
ic_robustness_spring,0,7,42.0,u10m,-26.372657775878906,27.850000381469727,0,1038240,0.0
ic_robustness_spring,0,7,42.0,v10m,-25.66554832458496,27.856664657592773,0,1038240,0.0
ic_robustness_spring,0,7,42.0,u100m,-34.5582389831543,34.39464569091797,0,1038240,0.0
ic_robustness_spring,0,7,42.0,v100m,-32.854705810546875,37.10288619995117,0,1038240,0.0
ic_robustness_spring,0,7,42.0,t2m,209.42599487304688,315.9242248535156,0,1038240,0.0
ic_robustness_spring,0,7,42.0,sp,48689.34375,103692.0703125,0,1038240,0.0
ic_robustness_spring,0,7,42.0,msl,95637.140625,104694.7890625,0,1038240,0.0
ic_robustness_spring,0,7,42.0,tcwv,-3.2271976470947266,80.05741882324219,51349,1038240,0.049457736168901215
ic_robustness_spring,0,7,42.0,u50,-24.45352554321289,33.880828857421875,0,1038240,0.0
ic_robustness_spring,0,7,42.0,u100,-25.046981811523438,40.060890197753906,0,1038240,0.0
ic_robustness_spring,0,7,42.0,u150,-23.85081672668457,59.37286376953125,0,1038240,0.0
ic_robustness_spring,0,7,42.0,u200,-20.3579158782959,69.54280853271484,0,1038240,0.0
ic_robustness_spring,0,7,42.0,u250,-30.21172332763672,74.06869506835938,0,1038240,0.0
ic_robustness_spring,0,7,42.0,u300,-39.209686279296875,80.929931640625,0,1038240,0.0
ic_robustness_spring,0,7,42.0,u400,-32.33253479003906,75.74484252929688,0,1038240,0.0
ic_robustness_spring,0,7,42.0,u500,-29.143314361572266,62.32862091064453,0,1038240,0.0
ic_robustness_spring,0,7,42.0,u600,-32.74617385864258,48.54208755493164,0,1038240,0.0
ic_robustness_spring,0,7,42.0,u700,-37.773765563964844,42.46227264404297,0,1038240,0.0
ic_robustness_spring,0,7,42.0,u850,-44.02909469604492,42.22275161743164,0,1038240,0.0
ic_robustness_spring,0,7,42.0,u925,-46.63188552856445,43.70732116699219,0,1038240,0.0
ic_robustness_spring,0,7,42.0,u1000,-25.870494842529297,27.295528411865234,0,1038240,0.0
ic_robustness_spring,0,7,42.0,v50,-25.89939308166504,18.547422409057617,0,1038240,0.0
ic_robustness_spring,0,7,42.0,v100,-29.45410919189453,23.59269142150879,0,1038240,0.0
ic_robustness_spring,0,7,42.0,v150,-34.72496795654297,38.633018493652344,0,1038240,0.0
ic_robustness_spring,0,7,42.0,v200,-49.77309799194336,47.08568572998047,0,1038240,0.0
ic_robustness_spring,0,7,42.0,v250,-58.69001007080078,61.26470184326172,0,1038240,0.0
ic_robustness_spring,0,7,42.0,v300,-66.24687194824219,66.16212463378906,0,1038240,0.0
ic_robustness_spring,0,7,42.0,v400,-56.87816619873047,61.11356735229492,0,1038240,0.0
ic_robustness_spring,0,7,42.0,v500,-42.86614227294922,44.73387908935547,0,1038240,0.0
ic_robustness_spring,0,7,42.0,v600,-35.393619537353516,43.53835678100586,0,1038240,0.0
ic_robustness_spring,0,7,42.0,v700,-37.821372985839844,48.23787307739258,0,1038240,0.0
ic_robustness_spring,0,7,42.0,v850,-37.58808898925781,50.62199401855469,0,1038240,0.0
ic_robustness_spring,0,7,42.0,v925,-39.09558868408203,48.20859909057617,0,1038240,0.0
ic_robustness_spring,0,7,42.0,v1000,-25.245887756347656,28.885656356811523,0,1038240,0.0
ic_robustness_spring,0,7,42.0,z50,191544.171875,203079.921875,0,1038240,0.0
ic_robustness_spring,0,7,42.0,z100,149623.1875,163320.1875,0,1038240,0.0
ic_robustness_spring,0,7,42.0,z150,124298.28125,140197.546875,0,1038240,0.0
ic_robustness_spring,0,7,42.0,z200,106244.265625,122513.8359375,0,1038240,0.0
ic_robustness_spring,0,7,42.0,z250,92352.4140625,107984.015625,0,1038240,0.0
ic_robustness_spring,0,7,42.0,z300,80849.1875,95555.40625,0,1038240,0.0
ic_robustness_spring,0,7,42.0,z400,62521.9140625,74878.5,0,1038240,0.0
ic_robustness_spring,0,7,42.0,z500,47852.6796875,58062.0625,0,1038240,0.0
ic_robustness_spring,0,7,42.0,z600,35057.6015625,43868.75,0,1038240,0.0
ic_robustness_spring,0,7,42.0,z700,23826.783203125,31536.6015625,0,1038240,0.0
ic_robustness_spring,0,7,42.0,z850,9188.125,16020.8349609375,0,1038240,0.0
ic_robustness_spring,0,7,42.0,z925,2650.0517578125,9167.37890625,0,1038240,0.0
ic_robustness_spring,0,7,42.0,z1000,-3626.0595703125,2766.046142578125,0,1038240,0.0
ic_robustness_spring,0,7,42.0,t50,200.33444213867188,228.10946655273438,0,1038240,0.0
ic_robustness_spring,0,7,42.0,t100,188.5868682861328,229.14016723632812,0,1038240,0.0
ic_robustness_spring,0,7,42.0,t150,202.6464385986328,230.572021484375,0,1038240,0.0
ic_robustness_spring,0,7,42.0,t200,207.00286865234375,233.7556915283203,0,1038240,0.0
ic_robustness_spring,0,7,42.0,t250,207.3491668701172,242.28260803222656,0,1038240,0.0
ic_robustness_spring,0,7,42.0,t300,210.56723022460938,254.0792694091797,0,1038240,0.0
ic_robustness_spring,0,7,42.0,t400,220.42974853515625,268.18231201171875,0,1038240,0.0
ic_robustness_spring,0,7,42.0,t500,227.34556579589844,276.4679870605469,0,1038240,0.0
ic_robustness_spring,0,7,42.0,t600,217.64126586914062,285.152587890625,0,1038240,0.0
ic_robustness_spring,0,7,42.0,t700,219.9344940185547,292.712158203125,0,1038240,0.0
ic_robustness_spring,0,7,42.0,t850,228.14918518066406,305.0509033203125,0,1038240,0.0
ic_robustness_spring,0,7,42.0,t925,231.9801483154297,312.256103515625,0,1038240,0.0
ic_robustness_spring,0,7,42.0,t1000,233.81024169921875,317.30615234375,0,1038240,0.0
ic_robustness_spring,0,7,42.0,q50,3.0798037187196314e-07,2.833117378031602e-06,0,1038240,0.0
ic_robustness_spring,0,7,42.0,q100,9.08892047846166e-07,3.932343133783434e-06,0,1038240,0.0
ic_robustness_spring,0,7,42.0,q150,4.689991328632459e-07,3.979622124461457e-05,0,1038240,0.0
ic_robustness_spring,0,7,42.0,q200,-2.1243540686555207e-06,0.00021733033645432442,2817,1038240,0.002713245492371706
ic_robustness_spring,0,7,42.0,q250,-1.2283780961297452e-06,0.0007409402169287205,289,1038240,0.00027835567884111574
ic_robustness_spring,0,7,42.0,q300,-5.027352017350495e-06,0.0017415209440514445,392,1038240,0.0003775620280474649
ic_robustness_spring,0,7,42.0,q400,-2.775350003503263e-05,0.004629436414688826,514,1038240,0.0004950685775928494
ic_robustness_spring,0,7,42.0,q500,-0.0001432058634236455,0.007540056481957436,814,1038240,0.0007840191092618277
ic_robustness_spring,0,7,42.0,q600,-0.00024175469297915697,0.010982724837958813,3423,1038240,0.003296925566343042
ic_robustness_spring,0,7,42.0,q700,-0.0003551293630152941,0.014407090842723846,34376,1038240,0.033109878255509324
ic_robustness_spring,0,7,42.0,q850,-0.0005704434588551521,0.01871740259230137,44329,1038240,0.042696293727847126
ic_robustness_spring,0,7,42.0,q925,-0.0006143250502645969,0.020848950371146202,54884,1038240,0.052862536600400675
ic_robustness_spring,0,7,42.0,q1000,-0.0006641740910708904,0.0215312372893095,61799,1038240,0.059522846355370626
ic_robustness_spring,0,8,48.0,u10m,-27.074386596679688,29.290042877197266,0,1038240,0.0
ic_robustness_spring,0,8,48.0,v10m,-26.160808563232422,27.932334899902344,0,1038240,0.0
ic_robustness_spring,0,8,48.0,u100m,-35.522830963134766,36.79014205932617,0,1038240,0.0
ic_robustness_spring,0,8,48.0,v100m,-33.92839050292969,36.94148635864258,0,1038240,0.0
ic_robustness_spring,0,8,48.0,t2m,207.9062957763672,313.0303039550781,0,1038240,0.0
ic_robustness_spring,0,8,48.0,sp,48609.46875,103646.21875,0,1038240,0.0
ic_robustness_spring,0,8,48.0,msl,95797.1875,104788.5625,0,1038240,0.0
ic_robustness_spring,0,8,48.0,tcwv,-2.9224281311035156,81.47547912597656,44398,1038240,0.04276275235013099
ic_robustness_spring,0,8,48.0,u50,-25.029319763183594,32.865509033203125,0,1038240,0.0
ic_robustness_spring,0,8,48.0,u100,-24.491092681884766,40.17718505859375,0,1038240,0.0
ic_robustness_spring,0,8,48.0,u150,-23.470029830932617,61.82604217529297,0,1038240,0.0
ic_robustness_spring,0,8,48.0,u200,-19.455659866333008,71.680908203125,0,1038240,0.0
ic_robustness_spring,0,8,48.0,u250,-28.46302032470703,72.82032012939453,0,1038240,0.0
ic_robustness_spring,0,8,48.0,u300,-36.0103874206543,79.12254333496094,0,1038240,0.0
ic_robustness_spring,0,8,48.0,u400,-32.52100372314453,72.66593933105469,0,1038240,0.0
ic_robustness_spring,0,8,48.0,u500,-30.77313232421875,59.164913177490234,0,1038240,0.0
ic_robustness_spring,0,8,48.0,u600,-34.73707962036133,47.55693817138672,0,1038240,0.0
ic_robustness_spring,0,8,48.0,u700,-39.61505126953125,44.207054138183594,0,1038240,0.0
ic_robustness_spring,0,8,48.0,u850,-43.855430603027344,43.77495574951172,0,1038240,0.0
ic_robustness_spring,0,8,48.0,u925,-47.036251068115234,45.24406814575195,0,1038240,0.0
ic_robustness_spring,0,8,48.0,u1000,-26.51587677001953,29.231430053710938,0,1038240,0.0
ic_robustness_spring,0,8,48.0,v50,-26.795316696166992,19.12562370300293,0,1038240,0.0
ic_robustness_spring,0,8,48.0,v100,-28.357404708862305,24.53644371032715,0,1038240,0.0
ic_robustness_spring,0,8,48.0,v150,-34.73143005371094,35.40958786010742,0,1038240,0.0
ic_robustness_spring,0,8,48.0,v200,-43.527645111083984,42.50674057006836,0,1038240,0.0
ic_robustness_spring,0,8,48.0,v250,-57.79804992675781,58.67316436767578,0,1038240,0.0
ic_robustness_spring,0,8,48.0,v300,-71.14228820800781,55.919288635253906,0,1038240,0.0
ic_robustness_spring,0,8,48.0,v400,-57.59850311279297,53.70609664916992,0,1038240,0.0
ic_robustness_spring,0,8,48.0,v500,-43.46413040161133,45.8848991394043,0,1038240,0.0
ic_robustness_spring,0,8,48.0,v600,-36.3138427734375,43.847137451171875,0,1038240,0.0
ic_robustness_spring,0,8,48.0,v700,-37.88320541381836,48.3812370300293,0,1038240,0.0
ic_robustness_spring,0,8,48.0,v850,-37.15313720703125,50.86695098876953,0,1038240,0.0
ic_robustness_spring,0,8,48.0,v925,-39.32954025268555,49.18272018432617,0,1038240,0.0
ic_robustness_spring,0,8,48.0,v1000,-25.724618911743164,28.6573486328125,0,1038240,0.0
ic_robustness_spring,0,8,48.0,z50,191576.25,203096.625,0,1038240,0.0
ic_robustness_spring,0,8,48.0,z100,149568.78125,163576.796875,0,1038240,0.0
ic_robustness_spring,0,8,48.0,z150,124238.3125,140414.328125,0,1038240,0.0
ic_robustness_spring,0,8,48.0,z200,106147.828125,122741.28125,0,1038240,0.0
ic_robustness_spring,0,8,48.0,z250,92222.015625,108206.859375,0,1038240,0.0
ic_robustness_spring,0,8,48.0,z300,80840.46875,95705.3515625,0,1038240,0.0
ic_robustness_spring,0,8,48.0,z400,62485.609375,74952.171875,0,1038240,0.0
ic_robustness_spring,0,8,48.0,z500,47978.48828125,58099.25390625,0,1038240,0.0
ic_robustness_spring,0,8,48.0,z600,35254.7578125,43827.84765625,0,1038240,0.0
ic_robustness_spring,0,8,48.0,z700,24051.91796875,31500.03515625,0,1038240,0.0
ic_robustness_spring,0,8,48.0,z850,9472.759765625,15997.9677734375,0,1038240,0.0
ic_robustness_spring,0,8,48.0,z925,3006.743408203125,9139.666015625,0,1038240,0.0
ic_robustness_spring,0,8,48.0,z1000,-3532.2568359375,2736.230224609375,0,1038240,0.0
ic_robustness_spring,0,8,48.0,t50,200.7289276123047,228.17495727539062,0,1038240,0.0
ic_robustness_spring,0,8,48.0,t100,188.5155029296875,229.48818969726562,0,1038240,0.0
ic_robustness_spring,0,8,48.0,t150,203.19944763183594,230.40103149414062,0,1038240,0.0
ic_robustness_spring,0,8,48.0,t200,207.4630889892578,233.39166259765625,0,1038240,0.0
ic_robustness_spring,0,8,48.0,t250,208.31089782714844,242.6275634765625,0,1038240,0.0
ic_robustness_spring,0,8,48.0,t300,210.44149780273438,254.26065063476562,0,1038240,0.0
ic_robustness_spring,0,8,48.0,t400,220.14425659179688,267.95281982421875,0,1038240,0.0
ic_robustness_spring,0,8,48.0,t500,226.9522705078125,276.7934875488281,0,1038240,0.0
ic_robustness_spring,0,8,48.0,t600,216.97708129882812,284.92449951171875,0,1038240,0.0
ic_robustness_spring,0,8,48.0,t700,220.43255615234375,292.0794372558594,0,1038240,0.0
ic_robustness_spring,0,8,48.0,t850,228.70654296875,306.55072021484375,0,1038240,0.0
ic_robustness_spring,0,8,48.0,t925,232.35198974609375,311.5169982910156,0,1038240,0.0
ic_robustness_spring,0,8,48.0,t1000,232.19436645507812,316.15960693359375,0,1038240,0.0
ic_robustness_spring,0,8,48.0,q50,3.5104358175885864e-07,2.8325214316282654e-06,0,1038240,0.0
ic_robustness_spring,0,8,48.0,q100,1.00172610473237e-06,3.7296108530426864e-06,0,1038240,0.0
ic_robustness_spring,0,8,48.0,q150,2.4668179321452044e-07,4.040273779537529e-05,0,1038240,0.0
ic_robustness_spring,0,8,48.0,q200,-2.578271960373968e-06,0.00021891307551413774,3027,1038240,0.002915510864539991
ic_robustness_spring,0,8,48.0,q250,-1.7778620531316847e-06,0.0007526357658207417,298,1038240,0.00028702419479118506
ic_robustness_spring,0,8,48.0,q300,-6.954011041671038e-06,0.0017677419818937778,604,1038240,0.000581753737093543
ic_robustness_spring,0,8,48.0,q400,-2.5928718969225883e-05,0.004580967128276825,668,1038240,0.0006433965171829249
ic_robustness_spring,0,8,48.0,q500,-5.649437662214041e-05,0.007434590719640255,520,1038240,0.000500847588226229
ic_robustness_spring,0,8,48.0,q600,-0.000297949998639524,0.011181129142642021,2649,1038240,0.0025514331946370782
ic_robustness_spring,0,8,48.0,q700,-0.00034825410693883896,0.014887666329741478,24437,1038240,0.023536947141316072
ic_robustness_spring,0,8,48.0,q850,-0.0005751424469053745,0.0189900491386652,36508,1038240,0.03516335336723686
ic_robustness_spring,0,8,48.0,q925,-0.0005559083074331284,0.02091836743056774,45701,1038240,0.044017760826013254
ic_robustness_spring,0,8,48.0,q1000,-0.0005339570343494415,0.02162301540374756,51636,1038240,0.04973416551086454
ic_robustness_spring,0,9,54.0,u10m,-27.93255043029785,28.08051872253418,0,1038240,0.0
ic_robustness_spring,0,9,54.0,v10m,-27.37950897216797,29.574283599853516,0,1038240,0.0
ic_robustness_spring,0,9,54.0,u100m,-37.12055206298828,35.40640640258789,0,1038240,0.0
ic_robustness_spring,0,9,54.0,v100m,-36.33231735229492,39.40753173828125,0,1038240,0.0
ic_robustness_spring,0,9,54.0,t2m,208.47686767578125,314.7361755371094,0,1038240,0.0
ic_robustness_spring,0,9,54.0,sp,48693.4609375,103535.078125,0,1038240,0.0
ic_robustness_spring,0,9,54.0,msl,95305.9453125,104864.3515625,0,1038240,0.0
ic_robustness_spring,0,9,54.0,tcwv,-2.762603759765625,83.5305404663086,41433,1038240,0.03990695792880259
ic_robustness_spring,0,9,54.0,u50,-23.364967346191406,32.5932731628418,0,1038240,0.0
ic_robustness_spring,0,9,54.0,u100,-23.941242218017578,39.033966064453125,0,1038240,0.0
ic_robustness_spring,0,9,54.0,u150,-24.0510311126709,62.14763641357422,0,1038240,0.0
ic_robustness_spring,0,9,54.0,u200,-18.77066993713379,73.6903305053711,0,1038240,0.0
ic_robustness_spring,0,9,54.0,u250,-25.466697692871094,73.88115692138672,0,1038240,0.0
ic_robustness_spring,0,9,54.0,u300,-31.461158752441406,75.1788330078125,0,1038240,0.0
ic_robustness_spring,0,9,54.0,u400,-32.009178161621094,67.80925750732422,0,1038240,0.0
ic_robustness_spring,0,9,54.0,u500,-31.657127380371094,55.15299606323242,0,1038240,0.0
ic_robustness_spring,0,9,54.0,u600,-36.07343292236328,46.69095230102539,0,1038240,0.0
ic_robustness_spring,0,9,54.0,u700,-41.48698043823242,42.83012771606445,0,1038240,0.0
ic_robustness_spring,0,9,54.0,u850,-46.474998474121094,42.346012115478516,0,1038240,0.0
ic_robustness_spring,0,9,54.0,u925,-50.25514602661133,44.31964874267578,0,1038240,0.0
ic_robustness_spring,0,9,54.0,u1000,-27.301618576049805,28.108816146850586,0,1038240,0.0
ic_robustness_spring,0,9,54.0,v50,-27.05527114868164,19.73834991455078,0,1038240,0.0
ic_robustness_spring,0,9,54.0,v100,-28.678632736206055,24.76643180847168,0,1038240,0.0
ic_robustness_spring,0,9,54.0,v150,-35.36526870727539,31.069107055664062,0,1038240,0.0
ic_robustness_spring,0,9,54.0,v200,-43.825626373291016,55.4847297668457,0,1038240,0.0
ic_robustness_spring,0,9,54.0,v250,-59.22816467285156,63.29642868041992,0,1038240,0.0
ic_robustness_spring,0,9,54.0,v300,-73.12752532958984,61.86807632446289,0,1038240,0.0
ic_robustness_spring,0,9,54.0,v400,-58.17886734008789,50.06692123413086,0,1038240,0.0
ic_robustness_spring,0,9,54.0,v500,-47.8145751953125,42.581275939941406,0,1038240,0.0
ic_robustness_spring,0,9,54.0,v600,-37.60647201538086,44.74085235595703,0,1038240,0.0
ic_robustness_spring,0,9,54.0,v700,-39.7985954284668,49.26372146606445,0,1038240,0.0
ic_robustness_spring,0,9,54.0,v850,-39.87703323364258,52.96298599243164,0,1038240,0.0
ic_robustness_spring,0,9,54.0,v925,-44.147056579589844,51.656455993652344,0,1038240,0.0
ic_robustness_spring,0,9,54.0,v1000,-27.21831703186035,30.98763656616211,0,1038240,0.0
ic_robustness_spring,0,9,54.0,z50,191544.15625,202958.984375,0,1038240,0.0
ic_robustness_spring,0,9,54.0,z100,149462.84375,163542.71875,0,1038240,0.0
ic_robustness_spring,0,9,54.0,z150,124111.7734375,140304.75,0,1038240,0.0
ic_robustness_spring,0,9,54.0,z200,105993.96875,122552.125,0,1038240,0.0
ic_robustness_spring,0,9,54.0,z250,92033.0078125,108000.6015625,0,1038240,0.0
ic_robustness_spring,0,9,54.0,z300,80799.34375,95562.1796875,0,1038240,0.0
ic_robustness_spring,0,9,54.0,z400,62445.83203125,74854.109375,0,1038240,0.0
ic_robustness_spring,0,9,54.0,z500,47939.82421875,58002.82421875,0,1038240,0.0
ic_robustness_spring,0,9,54.0,z600,35383.29296875,43819.1015625,0,1038240,0.0
ic_robustness_spring,0,9,54.0,z700,24191.9609375,31596.50390625,0,1038240,0.0
ic_robustness_spring,0,9,54.0,z850,9652.2548828125,15942.30859375,0,1038240,0.0
ic_robustness_spring,0,9,54.0,z925,2789.7255859375,9065.708984375,0,1038240,0.0
ic_robustness_spring,0,9,54.0,z1000,-3933.96875,2655.69775390625,0,1038240,0.0
ic_robustness_spring,0,9,54.0,t50,200.63705444335938,228.3743438720703,0,1038240,0.0
ic_robustness_spring,0,9,54.0,t100,188.74122619628906,229.72085571289062,0,1038240,0.0
ic_robustness_spring,0,9,54.0,t150,203.4408721923828,230.53823852539062,0,1038240,0.0
ic_robustness_spring,0,9,54.0,t200,207.23306274414062,233.1112823486328,0,1038240,0.0
ic_robustness_spring,0,9,54.0,t250,209.2442169189453,243.30979919433594,0,1038240,0.0
ic_robustness_spring,0,9,54.0,t300,210.37718200683594,254.86636352539062,0,1038240,0.0
ic_robustness_spring,0,9,54.0,t400,219.8456268310547,268.26629638671875,0,1038240,0.0
ic_robustness_spring,0,9,54.0,t500,226.53915405273438,277.14556884765625,0,1038240,0.0
ic_robustness_spring,0,9,54.0,t600,217.61285400390625,285.95654296875,0,1038240,0.0
ic_robustness_spring,0,9,54.0,t700,221.09164428710938,290.33624267578125,0,1038240,0.0
ic_robustness_spring,0,9,54.0,t850,229.228759765625,302.39849853515625,0,1038240,0.0
ic_robustness_spring,0,9,54.0,t925,232.95718383789062,308.90771484375,0,1038240,0.0
ic_robustness_spring,0,9,54.0,t1000,233.98828125,313.7384033203125,0,1038240,0.0
ic_robustness_spring,0,9,54.0,q50,3.9144151742220856e-07,2.833061898854794e-06,0,1038240,0.0
ic_robustness_spring,0,9,54.0,q100,1.1094298315583728e-06,3.574613856471842e-06,0,1038240,0.0
ic_robustness_spring,0,9,54.0,q150,8.255574357463047e-08,4.0301503759110346e-05,0,1038240,0.0
ic_robustness_spring,0,9,54.0,q200,-2.8081776690669358e-06,0.00023048430739436299,3139,1038240,0.003023385729696409
ic_robustness_spring,0,9,54.0,q250,-2.821630914695561e-06,0.0007715965621173382,243,1038240,0.0002340499306518724
ic_robustness_spring,0,9,54.0,q300,-1.1379437637515366e-05,0.0018324651755392551,632,1038240,0.0006087224533826475
ic_robustness_spring,0,9,54.0,q400,-3.138865577057004e-05,0.0047362009063363075,482,1038240,0.0004642471875481584
ic_robustness_spring,0,9,54.0,q500,-0.00011074019130319357,0.007694819942116737,543,1038240,0.0005230004623208507
ic_robustness_spring,0,9,54.0,q600,-0.00014919857494533062,0.011513735167682171,2344,1038240,0.002257666820773617
ic_robustness_spring,0,9,54.0,q700,-0.0007039757911115885,0.015390157699584961,20539,1038240,0.019782516566497148
ic_robustness_spring,0,9,54.0,q850,-0.0005261348560452461,0.01935763470828533,27248,1038240,0.0262444136230544
ic_robustness_spring,0,9,54.0,q925,-0.000628278125077486,0.021504612639546394,38184,1038240,0.036777623670827556
ic_robustness_spring,0,9,54.0,q1000,-0.0005736234597861767,0.02210049331188202,46758,1038240,0.045035829865926955
ic_robustness_spring,0,10,60.0,u10m,-29.722625732421875,28.349637985229492,0,1038240,0.0
ic_robustness_spring,0,10,60.0,v10m,-27.43987274169922,29.265907287597656,0,1038240,0.0
ic_robustness_spring,0,10,60.0,u100m,-39.48794174194336,35.671504974365234,0,1038240,0.0
ic_robustness_spring,0,10,60.0,v100m,-36.514244079589844,38.57020568847656,0,1038240,0.0
ic_robustness_spring,0,10,60.0,t2m,209.149658203125,318.4425354003906,0,1038240,0.0
ic_robustness_spring,0,10,60.0,sp,48562.4140625,103535.1796875,0,1038240,0.0
ic_robustness_spring,0,10,60.0,msl,95442.34375,104697.1640625,0,1038240,0.0
ic_robustness_spring,0,10,60.0,tcwv,-2.674694061279297,82.7236328125,37252,1038240,0.03587995068577593
ic_robustness_spring,0,10,60.0,u50,-23.262874603271484,32.3346061706543,0,1038240,0.0
ic_robustness_spring,0,10,60.0,u100,-24.03571319580078,38.93714904785156,0,1038240,0.0
ic_robustness_spring,0,10,60.0,u150,-24.807645797729492,58.19153594970703,0,1038240,0.0
ic_robustness_spring,0,10,60.0,u200,-18.135271072387695,71.26066589355469,0,1038240,0.0
ic_robustness_spring,0,10,60.0,u250,-23.76824951171875,77.49490356445312,0,1038240,0.0
ic_robustness_spring,0,10,60.0,u300,-30.444480895996094,78.02330017089844,0,1038240,0.0
ic_robustness_spring,0,10,60.0,u400,-35.150001525878906,65.25331115722656,0,1038240,0.0
ic_robustness_spring,0,10,60.0,u500,-35.04731750488281,57.16775894165039,0,1038240,0.0
ic_robustness_spring,0,10,60.0,u600,-39.41617202758789,45.75182342529297,0,1038240,0.0
ic_robustness_spring,0,10,60.0,u700,-46.08952713012695,43.12423324584961,0,1038240,0.0
ic_robustness_spring,0,10,60.0,u850,-50.37107849121094,42.51654052734375,0,1038240,0.0
ic_robustness_spring,0,10,60.0,u925,-51.102386474609375,44.79016876220703,0,1038240,0.0
ic_robustness_spring,0,10,60.0,u1000,-29.830949783325195,27.86290740966797,0,1038240,0.0
ic_robustness_spring,0,10,60.0,v50,-27.167613983154297,21.579605102539062,0,1038240,0.0
ic_robustness_spring,0,10,60.0,v100,-28.124710083007812,26.151201248168945,0,1038240,0.0
ic_robustness_spring,0,10,60.0,v150,-34.81647491455078,32.77411651611328,0,1038240,0.0
ic_robustness_spring,0,10,60.0,v200,-49.68927764892578,50.31374740600586,0,1038240,0.0
ic_robustness_spring,0,10,60.0,v250,-55.350887298583984,67.21936798095703,0,1038240,0.0
ic_robustness_spring,0,10,60.0,v300,-67.30270385742188,67.82684326171875,0,1038240,0.0
ic_robustness_spring,0,10,60.0,v400,-61.402076721191406,56.05797576904297,0,1038240,0.0
ic_robustness_spring,0,10,60.0,v500,-47.803955078125,42.396053314208984,0,1038240,0.0
ic_robustness_spring,0,10,60.0,v600,-37.55938720703125,45.57255172729492,0,1038240,0.0
ic_robustness_spring,0,10,60.0,v700,-39.54072189331055,49.46698760986328,0,1038240,0.0
ic_robustness_spring,0,10,60.0,v850,-41.02550506591797,53.50845718383789,0,1038240,0.0
ic_robustness_spring,0,10,60.0,v925,-44.213409423828125,51.051902770996094,0,1038240,0.0
ic_robustness_spring,0,10,60.0,v1000,-27.417491912841797,30.006513595581055,0,1038240,0.0
ic_robustness_spring,0,10,60.0,z50,191513.828125,202822.5,0,1038240,0.0
ic_robustness_spring,0,10,60.0,z100,149353.84375,163633.484375,0,1038240,0.0
ic_robustness_spring,0,10,60.0,z150,123983.328125,140411.96875,0,1038240,0.0
ic_robustness_spring,0,10,60.0,z200,105825.75,122711.5234375,0,1038240,0.0
ic_robustness_spring,0,10,60.0,z250,91835.6953125,108150.4296875,0,1038240,0.0
ic_robustness_spring,0,10,60.0,z300,80602.890625,95626.6015625,0,1038240,0.0
ic_robustness_spring,0,10,60.0,z400,62436.77734375,74870.9296875,0,1038240,0.0
ic_robustness_spring,0,10,60.0,z500,47928.046875,57988.37890625,0,1038240,0.0
ic_robustness_spring,0,10,60.0,z600,35477.6953125,43718.9609375,0,1038240,0.0
ic_robustness_spring,0,10,60.0,z700,24205.23828125,31489.2109375,0,1038240,0.0
ic_robustness_spring,0,10,60.0,z850,9509.3876953125,15781.1181640625,0,1038240,0.0
ic_robustness_spring,0,10,60.0,z925,2909.341796875,8907.7099609375,0,1038240,0.0
ic_robustness_spring,0,10,60.0,z1000,-3819.1630859375,2572.878662109375,0,1038240,0.0
ic_robustness_spring,0,10,60.0,t50,200.13961791992188,228.56385803222656,0,1038240,0.0
ic_robustness_spring,0,10,60.0,t100,188.6693572998047,230.05255126953125,0,1038240,0.0
ic_robustness_spring,0,10,60.0,t150,203.18264770507812,230.58114624023438,0,1038240,0.0
ic_robustness_spring,0,10,60.0,t200,206.3975372314453,232.66464233398438,0,1038240,0.0
ic_robustness_spring,0,10,60.0,t250,210.18719482421875,243.2071533203125,0,1038240,0.0
ic_robustness_spring,0,10,60.0,t300,210.12355041503906,254.68785095214844,0,1038240,0.0
ic_robustness_spring,0,10,60.0,t400,219.85092163085938,268.189697265625,0,1038240,0.0
ic_robustness_spring,0,10,60.0,t500,225.89353942871094,277.5127868652344,0,1038240,0.0
ic_robustness_spring,0,10,60.0,t600,216.03286743164062,286.4077453613281,0,1038240,0.0
ic_robustness_spring,0,10,60.0,t700,221.13804626464844,290.87933349609375,0,1038240,0.0
ic_robustness_spring,0,10,60.0,t850,231.36557006835938,305.9920654296875,0,1038240,0.0
ic_robustness_spring,0,10,60.0,t925,235.1577911376953,313.66973876953125,0,1038240,0.0
ic_robustness_spring,0,10,60.0,t1000,235.87144470214844,317.99468994140625,0,1038240,0.0
ic_robustness_spring,0,10,60.0,q50,4.314044872444356e-07,2.8316489988355897e-06,0,1038240,0.0
ic_robustness_spring,0,10,60.0,q100,1.2067748684785329e-06,3.426723878874327e-06,0,1038240,0.0
ic_robustness_spring,0,10,60.0,q150,5.597485142061487e-09,4.181861368124373e-05,0,1038240,0.0
ic_robustness_spring,0,10,60.0,q200,-1.9978779164375737e-06,0.0002358420315431431,4006,1038240,0.0038584527662197565
ic_robustness_spring,0,10,60.0,q250,-2.1527157514356077e-06,0.0007625658763572574,425,1038240,0.00040934658653105256
ic_robustness_spring,0,10,60.0,q300,-3.341789124533534e-06,0.0018306656274944544,154,1038240,0.00014832793959007552
ic_robustness_spring,0,10,60.0,q400,-2.7782341931015253e-05,0.004745883401483297,486,1038240,0.0004680998613037448
ic_robustness_spring,0,10,60.0,q500,-7.795781129971147e-05,0.00791628286242485,615,1038240,0.0005923485899214055
ic_robustness_spring,0,10,60.0,q600,-0.00033349846489727497,0.011437895707786083,2874,1038240,0.002768146093388812
ic_robustness_spring,0,10,60.0,q700,-0.0006177334580570459,0.015286864712834358,23251,1038240,0.022394629372784712
ic_robustness_spring,0,10,60.0,q850,-0.0005312934517860413,0.018974052742123604,21107,1038240,0.020329596239790415
ic_robustness_spring,0,10,60.0,q925,-0.0006700139492750168,0.020954106003046036,31691,1038240,0.03052377099707197
ic_robustness_spring,0,10,60.0,q1000,-0.0006244508549571037,0.02196505293250084,38216,1038240,0.03680844506087225
ic_robustness_spring,0,11,66.0,u10m,-31.35618782043457,28.368160247802734,0,1038240,0.0
ic_robustness_spring,0,11,66.0,v10m,-27.896665573120117,29.053768157958984,0,1038240,0.0
ic_robustness_spring,0,11,66.0,u100m,-40.545745849609375,35.68819046020508,0,1038240,0.0
ic_robustness_spring,0,11,66.0,v100m,-37.751346588134766,38.65941619873047,0,1038240,0.0
ic_robustness_spring,0,11,66.0,t2m,207.94757080078125,315.5321960449219,0,1038240,0.0
ic_robustness_spring,0,11,66.0,sp,48738.37109375,103516.96875,0,1038240,0.0
ic_robustness_spring,0,11,66.0,msl,95360.8359375,104446.328125,0,1038240,0.0
ic_robustness_spring,0,11,66.0,tcwv,-2.550874710083008,81.14179992675781,29096,1038240,0.028024348898135307
ic_robustness_spring,0,11,66.0,u50,-22.209457397460938,33.2823486328125,0,1038240,0.0
ic_robustness_spring,0,11,66.0,u100,-23.62616729736328,40.718971252441406,0,1038240,0.0
ic_robustness_spring,0,11,66.0,u150,-25.196928024291992,61.483863830566406,0,1038240,0.0
ic_robustness_spring,0,11,66.0,u200,-17.203353881835938,71.36788177490234,0,1038240,0.0
ic_robustness_spring,0,11,66.0,u250,-24.506858825683594,78.693603515625,0,1038240,0.0
ic_robustness_spring,0,11,66.0,u300,-29.44603729248047,78.57447052001953,0,1038240,0.0
ic_robustness_spring,0,11,66.0,u400,-36.88580322265625,64.1004409790039,0,1038240,0.0
ic_robustness_spring,0,11,66.0,u500,-37.7760009765625,54.75865936279297,0,1038240,0.0
ic_robustness_spring,0,11,66.0,u600,-37.604305267333984,44.60509490966797,0,1038240,0.0
ic_robustness_spring,0,11,66.0,u700,-45.307579040527344,44.115821838378906,0,1038240,0.0
ic_robustness_spring,0,11,66.0,u850,-51.052207946777344,44.33430862426758,0,1038240,0.0
ic_robustness_spring,0,11,66.0,u925,-50.058570861816406,44.564456939697266,0,1038240,0.0
ic_robustness_spring,0,11,66.0,u1000,-31.045961380004883,27.866199493408203,0,1038240,0.0
ic_robustness_spring,0,11,66.0,v50,-29.353384017944336,24.33725357055664,0,1038240,0.0
ic_robustness_spring,0,11,66.0,v100,-28.049436569213867,27.891864776611328,0,1038240,0.0
ic_robustness_spring,0,11,66.0,v150,-35.32419204711914,34.71242904663086,0,1038240,0.0
ic_robustness_spring,0,11,66.0,v200,-50.302852630615234,47.93440246582031,0,1038240,0.0
ic_robustness_spring,0,11,66.0,v250,-59.75608444213867,62.74527359008789,0,1038240,0.0
ic_robustness_spring,0,11,66.0,v300,-63.48613357543945,67.56136322021484,0,1038240,0.0
ic_robustness_spring,0,11,66.0,v400,-60.48866271972656,54.10404968261719,0,1038240,0.0
ic_robustness_spring,0,11,66.0,v500,-49.161407470703125,41.374168395996094,0,1038240,0.0
ic_robustness_spring,0,11,66.0,v600,-38.67090606689453,46.60072708129883,0,1038240,0.0
ic_robustness_spring,0,11,66.0,v700,-39.51693344116211,51.021095275878906,0,1038240,0.0
ic_robustness_spring,0,11,66.0,v850,-42.04741287231445,54.07899475097656,0,1038240,0.0
ic_robustness_spring,0,11,66.0,v925,-45.6947135925293,49.7401008605957,0,1038240,0.0
ic_robustness_spring,0,11,66.0,v1000,-27.98793601989746,29.805156707763672,0,1038240,0.0
ic_robustness_spring,0,11,66.0,z50,191392.8125,202940.734375,0,1038240,0.0
ic_robustness_spring,0,11,66.0,z100,149219.1875,163383.390625,0,1038240,0.0
ic_robustness_spring,0,11,66.0,z150,123808.2421875,140176.09375,0,1038240,0.0
ic_robustness_spring,0,11,66.0,z200,105605.203125,122449.0234375,0,1038240,0.0
ic_robustness_spring,0,11,66.0,z250,91575.0625,107919.9140625,0,1038240,0.0
ic_robustness_spring,0,11,66.0,z300,80314.984375,95513.25,0,1038240,0.0
ic_robustness_spring,0,11,66.0,z400,62400.01953125,74810.8046875,0,1038240,0.0
ic_robustness_spring,0,11,66.0,z500,47711.83984375,58016.89453125,0,1038240,0.0
ic_robustness_spring,0,11,66.0,z600,34965.8125,43902.0703125,0,1038240,0.0
ic_robustness_spring,0,11,66.0,z700,23749.20703125,31589.138671875,0,1038240,0.0
ic_robustness_spring,0,11,66.0,z850,9101.912109375,15963.37109375,0,1038240,0.0
ic_robustness_spring,0,11,66.0,z925,2608.92333984375,9084.40625,0,1038240,0.0
ic_robustness_spring,0,11,66.0,z1000,-3897.064453125,2671.562255859375,0,1038240,0.0
ic_robustness_spring,0,11,66.0,t50,200.4782257080078,228.58132934570312,0,1038240,0.0
ic_robustness_spring,0,11,66.0,t100,188.52178955078125,230.06622314453125,0,1038240,0.0
ic_robustness_spring,0,11,66.0,t150,202.23744201660156,230.79031372070312,0,1038240,0.0
ic_robustness_spring,0,11,66.0,t200,205.80995178222656,232.81329345703125,0,1038240,0.0
ic_robustness_spring,0,11,66.0,t250,210.95068359375,242.2124786376953,0,1038240,0.0
ic_robustness_spring,0,11,66.0,t300,210.25381469726562,254.41970825195312,0,1038240,0.0
ic_robustness_spring,0,11,66.0,t400,219.29026794433594,268.91070556640625,0,1038240,0.0
ic_robustness_spring,0,11,66.0,t500,225.73165893554688,277.6832580566406,0,1038240,0.0
ic_robustness_spring,0,11,66.0,t600,214.9276580810547,287.1474304199219,0,1038240,0.0
ic_robustness_spring,0,11,66.0,t700,220.38201904296875,294.5335693359375,0,1038240,0.0
ic_robustness_spring,0,11,66.0,t850,230.6352081298828,306.24468994140625,0,1038240,0.0
ic_robustness_spring,0,11,66.0,t925,234.1350860595703,312.4205322265625,0,1038240,0.0
ic_robustness_spring,0,11,66.0,t1000,237.25592041015625,317.2569885253906,0,1038240,0.0
ic_robustness_spring,0,11,66.0,q50,4.713263024314074e-07,2.832794052665122e-06,0,1038240,0.0
ic_robustness_spring,0,11,66.0,q100,1.2325352827247116e-06,3.312419494250207e-06,0,1038240,0.0
ic_robustness_spring,0,11,66.0,q150,1.865737431216985e-07,4.116922718822025e-05,0,1038240,0.0
ic_robustness_spring,0,11,66.0,q200,-2.0320912881288677e-06,0.00021613010903820395,3731,1038240,0.003593581445523193
ic_robustness_spring,0,11,66.0,q250,-2.329412382096052e-06,0.0007250980706885457,678,1038240,0.0006530282015718908
ic_robustness_spring,0,11,66.0,q300,-6.958958692848682e-06,0.0017484658164903522,171,1038240,0.00016470180305131762
ic_robustness_spring,0,11,66.0,q400,-3.134133294224739e-05,0.004726269748061895,830,1038240,0.0007994298042841732
ic_robustness_spring,0,11,66.0,q500,-0.00013298157136887312,0.008016902953386307,663,1038240,0.000638580674988442
ic_robustness_spring,0,11,66.0,q600,-0.00017688318621367216,0.011343954131007195,3253,1038240,0.003133186931730621
ic_robustness_spring,0,11,66.0,q700,-0.0003439188003540039,0.014902545139193535,19859,1038240,0.019127562028047464
ic_robustness_spring,0,11,66.0,q850,-0.0005785059183835983,0.018909037113189697,22102,1038240,0.021287948836492526
ic_robustness_spring,0,11,66.0,q925,-0.0007635243237018585,0.02094608172774315,31561,1038240,0.03039855910001541
ic_robustness_spring,0,11,66.0,q1000,-0.0007940288633108139,0.02200721763074398,34336,1038240,0.03307135151795346
ic_robustness_spring,0,12,72.0,u10m,-27.590673446655273,28.37958335876465,0,1038240,0.0
ic_robustness_spring,0,12,72.0,v10m,-28.11536407470703,28.863006591796875,0,1038240,0.0
ic_robustness_spring,0,12,72.0,u100m,-37.27511978149414,35.63785934448242,0,1038240,0.0
ic_robustness_spring,0,12,72.0,v100m,-37.74435806274414,38.08019256591797,0,1038240,0.0
ic_robustness_spring,0,12,72.0,t2m,208.2013397216797,312.39300537109375,0,1038240,0.0
ic_robustness_spring,0,12,72.0,sp,48614.375,103544.15625,0,1038240,0.0
ic_robustness_spring,0,12,72.0,msl,95657.921875,104211.4609375,0,1038240,0.0
ic_robustness_spring,0,12,72.0,tcwv,-2.484872817993164,80.46851348876953,25273,1038240,0.024342155956233628
ic_robustness_spring,0,12,72.0,u50,-22.57776641845703,33.56938934326172,0,1038240,0.0
ic_robustness_spring,0,12,72.0,u100,-24.489105224609375,40.647979736328125,0,1038240,0.0
ic_robustness_spring,0,12,72.0,u150,-26.212736129760742,61.061729431152344,0,1038240,0.0
ic_robustness_spring,0,12,72.0,u200,-20.127729415893555,72.70387268066406,0,1038240,0.0
ic_robustness_spring,0,12,72.0,u250,-25.455379486083984,73.528076171875,0,1038240,0.0
ic_robustness_spring,0,12,72.0,u300,-27.800098419189453,74.96764373779297,0,1038240,0.0
ic_robustness_spring,0,12,72.0,u400,-33.30987548828125,60.38255310058594,0,1038240,0.0
ic_robustness_spring,0,12,72.0,u500,-33.056949615478516,53.21234893798828,0,1038240,0.0
ic_robustness_spring,0,12,72.0,u600,-39.027488708496094,46.20012664794922,0,1038240,0.0
ic_robustness_spring,0,12,72.0,u700,-45.038455963134766,44.74479293823242,0,1038240,0.0
ic_robustness_spring,0,12,72.0,u850,-52.17811965942383,43.92252731323242,0,1038240,0.0
ic_robustness_spring,0,12,72.0,u925,-50.24372863769531,44.285037994384766,0,1038240,0.0
ic_robustness_spring,0,12,72.0,u1000,-27.262069702148438,27.95134162902832,0,1038240,0.0
ic_robustness_spring,0,12,72.0,v50,-29.364784240722656,24.05413055419922,0,1038240,0.0
ic_robustness_spring,0,12,72.0,v100,-27.692827224731445,27.201356887817383,0,1038240,0.0
ic_robustness_spring,0,12,72.0,v150,-31.444236755371094,34.78884506225586,0,1038240,0.0
ic_robustness_spring,0,12,72.0,v200,-50.11953353881836,49.18378829956055,0,1038240,0.0
ic_robustness_spring,0,12,72.0,v250,-62.323490142822266,64.7918472290039,0,1038240,0.0
ic_robustness_spring,0,12,72.0,v300,-63.16520309448242,69.47166442871094,0,1038240,0.0
ic_robustness_spring,0,12,72.0,v400,-54.911930084228516,54.20229721069336,0,1038240,0.0
ic_robustness_spring,0,12,72.0,v500,-46.83319091796875,43.241844177246094,0,1038240,0.0
ic_robustness_spring,0,12,72.0,v600,-38.5579948425293,47.60798263549805,0,1038240,0.0
ic_robustness_spring,0,12,72.0,v700,-38.67134475708008,52.528968811035156,0,1038240,0.0
ic_robustness_spring,0,12,72.0,v850,-41.65998458862305,53.53684997558594,0,1038240,0.0
ic_robustness_spring,0,12,72.0,v925,-45.74080276489258,49.88240432739258,0,1038240,0.0
ic_robustness_spring,0,12,72.0,v1000,-28.247520446777344,29.446212768554688,0,1038240,0.0
ic_robustness_spring,0,12,72.0,z50,191246.390625,202934.9375,0,1038240,0.0
ic_robustness_spring,0,12,72.0,z100,149112.046875,163603.984375,0,1038240,0.0
ic_robustness_spring,0,12,72.0,z150,123663.953125,140342.8125,0,1038240,0.0
ic_robustness_spring,0,12,72.0,z200,105399.15625,122665.1953125,0,1038240,0.0
ic_robustness_spring,0,12,72.0,z250,91325.65625,108121.734375,0,1038240,0.0
ic_robustness_spring,0,12,72.0,z300,80043.28125,95630.734375,0,1038240,0.0
ic_robustness_spring,0,12,72.0,z400,62246.55859375,74873.25,0,1038240,0.0
ic_robustness_spring,0,12,72.0,z500,47639.0078125,58007.5859375,0,1038240,0.0
ic_robustness_spring,0,12,72.0,z600,34886.66015625,43738.65625,0,1038240,0.0
ic_robustness_spring,0,12,72.0,z700,23700.9296875,31422.33203125,0,1038240,0.0
ic_robustness_spring,0,12,72.0,z850,9196.33203125,15967.1923828125,0,1038240,0.0
ic_robustness_spring,0,12,72.0,z925,2770.38232421875,9071.345703125,0,1038240,0.0
ic_robustness_spring,0,12,72.0,z1000,-3649.5615234375,2664.610595703125,0,1038240,0.0
ic_robustness_spring,0,12,72.0,t50,200.06332397460938,228.7821044921875,0,1038240,0.0
ic_robustness_spring,0,12,72.0,t100,188.34036254882812,229.9939422607422,0,1038240,0.0
ic_robustness_spring,0,12,72.0,t150,201.3736114501953,231.05819702148438,0,1038240,0.0
ic_robustness_spring,0,12,72.0,t200,205.32176208496094,232.74465942382812,0,1038240,0.0
ic_robustness_spring,0,12,72.0,t250,210.0725860595703,242.83802795410156,0,1038240,0.0
ic_robustness_spring,0,12,72.0,t300,210.92462158203125,254.0938720703125,0,1038240,0.0
ic_robustness_spring,0,12,72.0,t400,218.5004119873047,268.4378662109375,0,1038240,0.0
ic_robustness_spring,0,12,72.0,t500,225.14088439941406,277.6144714355469,0,1038240,0.0
ic_robustness_spring,0,12,72.0,t600,212.92385864257812,286.6920471191406,0,1038240,0.0
ic_robustness_spring,0,12,72.0,t700,219.44827270507812,292.4115295410156,0,1038240,0.0
ic_robustness_spring,0,12,72.0,t850,229.31333923339844,306.7193908691406,0,1038240,0.0
ic_robustness_spring,0,12,72.0,t925,232.6972198486328,311.6341552734375,0,1038240,0.0
ic_robustness_spring,0,12,72.0,t1000,235.77877807617188,316.43060302734375,0,1038240,0.0
ic_robustness_spring,0,12,72.0,q50,5.112431153975194e-07,2.8342121822788613e-06,0,1038240,0.0
ic_robustness_spring,0,12,72.0,q100,1.2198394188089878e-06,3.176332938892301e-06,0,1038240,0.0
ic_robustness_spring,0,12,72.0,q150,1.8946548152598552e-07,3.981048212153837e-05,0,1038240,0.0
ic_robustness_spring,0,12,72.0,q200,-2.3812553990865126e-06,0.00022318869014270604,4138,1038240,0.003985591000154107
ic_robustness_spring,0,12,72.0,q250,-5.53263453184627e-06,0.0007406909135170281,1589,1038240,0.0015304746494066883
ic_robustness_spring,0,12,72.0,q300,-4.227418685331941e-06,0.0017571659991517663,433,1038240,0.0004170519340422253
ic_robustness_spring,0,12,72.0,q400,-2.674770075827837e-05,0.004608708433806896,816,1038240,0.0007859454461396209
ic_robustness_spring,0,12,72.0,q500,-5.907262675464153e-05,0.007758893072605133,279,1038240,0.0002687239944521498
ic_robustness_spring,0,12,72.0,q600,-0.00021912262309342623,0.011082425713539124,3184,1038240,0.003066728309446756
ic_robustness_spring,0,12,72.0,q700,-0.00022411695681512356,0.014645345509052277,18048,1038240,0.017383263985205732
ic_robustness_spring,0,12,72.0,q850,-0.000500295776873827,0.018868815153837204,22791,1038240,0.02195157189089228
ic_robustness_spring,0,12,72.0,q925,-0.0009339670650660992,0.020664528012275696,27569,1038240,0.026553590691940205
ic_robustness_spring,0,12,72.0,q1000,-0.0010628937743604183,0.021493585780262947,28952,1038240,0.027885652642934196
ic_robustness_spring,0,13,78.0,u10m,-26.749971389770508,26.97231101989746,0,1038240,0.0
ic_robustness_spring,0,13,78.0,v10m,-27.228052139282227,28.18082618713379,0,1038240,0.0
ic_robustness_spring,0,13,78.0,u100m,-36.23957061767578,34.48626708984375,0,1038240,0.0
ic_robustness_spring,0,13,78.0,v100m,-37.392974853515625,38.074161529541016,0,1038240,0.0
ic_robustness_spring,0,13,78.0,t2m,208.06570434570312,315.4618225097656,0,1038240,0.0
ic_robustness_spring,0,13,78.0,sp,48612.76953125,103515.0234375,0,1038240,0.0
ic_robustness_spring,0,13,78.0,msl,95493.5546875,104239.8515625,0,1038240,0.0
ic_robustness_spring,0,13,78.0,tcwv,-2.7502174377441406,80.60803985595703,24644,1038240,0.023736323008167668
ic_robustness_spring,0,13,78.0,u50,-21.499652862548828,35.415252685546875,0,1038240,0.0
ic_robustness_spring,0,13,78.0,u100,-24.406818389892578,44.01969909667969,0,1038240,0.0
ic_robustness_spring,0,13,78.0,u150,-26.063425064086914,63.57288360595703,0,1038240,0.0
ic_robustness_spring,0,13,78.0,u200,-19.771753311157227,72.70128631591797,0,1038240,0.0
ic_robustness_spring,0,13,78.0,u250,-23.378273010253906,71.34573364257812,0,1038240,0.0
ic_robustness_spring,0,13,78.0,u300,-25.73162078857422,71.05479431152344,0,1038240,0.0
ic_robustness_spring,0,13,78.0,u400,-30.145112991333008,57.586029052734375,0,1038240,0.0
ic_robustness_spring,0,13,78.0,u500,-26.731781005859375,50.4531135559082,0,1038240,0.0
ic_robustness_spring,0,13,78.0,u600,-33.45960998535156,45.77535629272461,0,1038240,0.0
ic_robustness_spring,0,13,78.0,u700,-42.811580657958984,44.05558395385742,0,1038240,0.0
ic_robustness_spring,0,13,78.0,u850,-51.288368225097656,43.60580062866211,0,1038240,0.0
ic_robustness_spring,0,13,78.0,u925,-50.01796340942383,43.883541107177734,0,1038240,0.0
ic_robustness_spring,0,13,78.0,u1000,-26.343372344970703,26.929039001464844,0,1038240,0.0
ic_robustness_spring,0,13,78.0,v50,-28.74840545654297,24.509418487548828,0,1038240,0.0
ic_robustness_spring,0,13,78.0,v100,-27.5446720123291,27.3792667388916,0,1038240,0.0
ic_robustness_spring,0,13,78.0,v150,-33.91045379638672,34.77987289428711,0,1038240,0.0
ic_robustness_spring,0,13,78.0,v200,-50.220638275146484,51.82124710083008,0,1038240,0.0
ic_robustness_spring,0,13,78.0,v250,-64.54280853271484,64.73594665527344,0,1038240,0.0
ic_robustness_spring,0,13,78.0,v300,-69.99251556396484,66.12865447998047,0,1038240,0.0
ic_robustness_spring,0,13,78.0,v400,-58.80003356933594,57.45635986328125,0,1038240,0.0
ic_robustness_spring,0,13,78.0,v500,-50.888248443603516,50.021202087402344,0,1038240,0.0
ic_robustness_spring,0,13,78.0,v600,-40.06754684448242,47.00147247314453,0,1038240,0.0
ic_robustness_spring,0,13,78.0,v700,-36.31327819824219,50.932289123535156,0,1038240,0.0
ic_robustness_spring,0,13,78.0,v850,-40.97285079956055,53.63676834106445,0,1038240,0.0
ic_robustness_spring,0,13,78.0,v925,-44.967803955078125,49.104026794433594,0,1038240,0.0
ic_robustness_spring,0,13,78.0,v1000,-27.25229263305664,29.490102767944336,0,1038240,0.0
ic_robustness_spring,0,13,78.0,z50,191074.046875,203019.21875,0,1038240,0.0
ic_robustness_spring,0,13,78.0,z100,148930.375,163510.78125,0,1038240,0.0
ic_robustness_spring,0,13,78.0,z150,123443.421875,140246.046875,0,1038240,0.0
ic_robustness_spring,0,13,78.0,z200,105133.078125,122470.265625,0,1038240,0.0
ic_robustness_spring,0,13,78.0,z250,91015.4375,107935.0234375,0,1038240,0.0
ic_robustness_spring,0,13,78.0,z300,79715.671875,95490.5234375,0,1038240,0.0
ic_robustness_spring,0,13,78.0,z400,61928.88671875,74781.4140625,0,1038240,0.0
ic_robustness_spring,0,13,78.0,z500,47763.83984375,57969.9453125,0,1038240,0.0
ic_robustness_spring,0,13,78.0,z600,35192.8046875,43821.1875,0,1038240,0.0
ic_robustness_spring,0,13,78.0,z700,24094.40625,31522.716796875,0,1038240,0.0
ic_robustness_spring,0,13,78.0,z850,9722.083984375,15881.73046875,0,1038240,0.0
ic_robustness_spring,0,13,78.0,z925,2943.771484375,8974.458984375,0,1038240,0.0
ic_robustness_spring,0,13,78.0,z1000,-3798.90478515625,2603.172607421875,0,1038240,0.0
ic_robustness_spring,0,13,78.0,t50,198.9470977783203,229.13465881347656,0,1038240,0.0
ic_robustness_spring,0,13,78.0,t100,188.32595825195312,229.77044677734375,0,1038240,0.0
ic_robustness_spring,0,13,78.0,t150,201.54135131835938,231.4202880859375,0,1038240,0.0
ic_robustness_spring,0,13,78.0,t200,205.72491455078125,232.45484924316406,0,1038240,0.0
ic_robustness_spring,0,13,78.0,t250,209.5305938720703,242.92355346679688,0,1038240,0.0
ic_robustness_spring,0,13,78.0,t300,211.3160858154297,254.21336364746094,0,1038240,0.0
ic_robustness_spring,0,13,78.0,t400,217.95277404785156,268.58551025390625,0,1038240,0.0
ic_robustness_spring,0,13,78.0,t500,224.29139709472656,277.46246337890625,0,1038240,0.0
ic_robustness_spring,0,13,78.0,t600,212.6349334716797,287.00860595703125,0,1038240,0.0
ic_robustness_spring,0,13,78.0,t700,220.48414611816406,291.1011047363281,0,1038240,0.0
ic_robustness_spring,0,13,78.0,t850,229.26951599121094,303.54852294921875,0,1038240,0.0
ic_robustness_spring,0,13,78.0,t925,232.91104125976562,310.1664733886719,0,1038240,0.0
ic_robustness_spring,0,13,78.0,t1000,236.04818725585938,314.9045715332031,0,1038240,0.0
ic_robustness_spring,0,13,78.0,q50,5.496412995853461e-07,2.836480462065083e-06,0,1038240,0.0
ic_robustness_spring,0,13,78.0,q100,1.2130947197874775e-06,3.0705739391123643e-06,0,1038240,0.0
ic_robustness_spring,0,13,78.0,q150,3.550030669430271e-07,3.700473826029338e-05,0,1038240,0.0
ic_robustness_spring,0,13,78.0,q200,-3.655693944892846e-06,0.00022090322454459965,4700,1038240,0.004526891662813993
ic_robustness_spring,0,13,78.0,q250,-7.732032827334478e-06,0.0007617677329108119,1921,1038240,0.0018502465711203574
ic_robustness_spring,0,13,78.0,q300,-7.166774594224989e-06,0.001789312344044447,705,1038240,0.0006790337494220989
ic_robustness_spring,0,13,78.0,q400,-2.202496398240328e-05,0.004563196562230587,243,1038240,0.0002340499306518724
ic_robustness_spring,0,13,78.0,q500,-5.666713695973158e-05,0.0076194037683308125,223,1038240,0.0002147865618739405
ic_robustness_spring,0,13,78.0,q600,-0.00020334403961896896,0.010992917232215405,4262,1038240,0.004105023886577285
ic_robustness_spring,0,13,78.0,q700,-0.00023981858976185322,0.01458662934601307,19027,1038240,0.018326205886885497
ic_robustness_spring,0,13,78.0,q850,-0.0006984909996390343,0.018251363188028336,20946,1038240,0.020174526121128064
ic_robustness_spring,0,13,78.0,q925,-0.0010799337178468704,0.020470989868044853,29287,1038240,0.028208314069964557
ic_robustness_spring,0,13,78.0,q1000,-0.0011425339616835117,0.021240277215838432,30685,1038240,0.029554823547541995
ic_robustness_spring,0,14,84.0,u10m,-24.911890029907227,26.011180877685547,0,1038240,0.0
ic_robustness_spring,0,14,84.0,v10m,-25.70872688293457,28.280885696411133,0,1038240,0.0
ic_robustness_spring,0,14,84.0,u100m,-33.047149658203125,33.16020202636719,0,1038240,0.0
ic_robustness_spring,0,14,84.0,v100m,-34.330841064453125,37.94453811645508,0,1038240,0.0
ic_robustness_spring,0,14,84.0,t2m,207.64202880859375,318.8460693359375,0,1038240,0.0
ic_robustness_spring,0,14,84.0,sp,48494.9140625,103509.515625,0,1038240,0.0
ic_robustness_spring,0,14,84.0,msl,96090.7578125,104081.3203125,0,1038240,0.0
ic_robustness_spring,0,14,84.0,tcwv,-2.6896533966064453,79.24439239501953,21707,1038240,0.02090749730312837
ic_robustness_spring,0,14,84.0,u50,-20.70215606689453,36.18587875366211,0,1038240,0.0
ic_robustness_spring,0,14,84.0,u100,-25.333240509033203,43.706050872802734,0,1038240,0.0
ic_robustness_spring,0,14,84.0,u150,-24.603700637817383,63.43095397949219,0,1038240,0.0
ic_robustness_spring,0,14,84.0,u200,-21.151826858520508,71.078125,0,1038240,0.0
ic_robustness_spring,0,14,84.0,u250,-22.289077758789062,68.48146057128906,0,1038240,0.0
ic_robustness_spring,0,14,84.0,u300,-29.142696380615234,68.3555908203125,0,1038240,0.0
ic_robustness_spring,0,14,84.0,u400,-30.264379501342773,64.11055755615234,0,1038240,0.0
ic_robustness_spring,0,14,84.0,u500,-26.745635986328125,55.42979431152344,0,1038240,0.0
ic_robustness_spring,0,14,84.0,u600,-31.51448631286621,47.49939727783203,0,1038240,0.0
ic_robustness_spring,0,14,84.0,u700,-37.45610809326172,43.17048263549805,0,1038240,0.0
ic_robustness_spring,0,14,84.0,u850,-46.082828521728516,42.638671875,0,1038240,0.0
ic_robustness_spring,0,14,84.0,u925,-44.97492218017578,42.96647262573242,0,1038240,0.0
ic_robustness_spring,0,14,84.0,u1000,-25.2467041015625,25.85201072692871,0,1038240,0.0
ic_robustness_spring,0,14,84.0,v50,-26.637306213378906,22.50044059753418,0,1038240,0.0
ic_robustness_spring,0,14,84.0,v100,-28.39451789855957,25.437000274658203,0,1038240,0.0
ic_robustness_spring,0,14,84.0,v150,-37.479454040527344,34.46872329711914,0,1038240,0.0
ic_robustness_spring,0,14,84.0,v200,-55.23463439941406,53.4327392578125,0,1038240,0.0
ic_robustness_spring,0,14,84.0,v250,-62.733070373535156,61.41484832763672,0,1038240,0.0
ic_robustness_spring,0,14,84.0,v300,-68.20841979980469,64.90557861328125,0,1038240,0.0
ic_robustness_spring,0,14,84.0,v400,-56.83616638183594,58.07514190673828,0,1038240,0.0
ic_robustness_spring,0,14,84.0,v500,-46.07892608642578,46.722164154052734,0,1038240,0.0
ic_robustness_spring,0,14,84.0,v600,-37.9149055480957,46.83320999145508,0,1038240,0.0
ic_robustness_spring,0,14,84.0,v700,-34.703857421875,48.284912109375,0,1038240,0.0
ic_robustness_spring,0,14,84.0,v850,-37.28511047363281,51.749168395996094,0,1038240,0.0
ic_robustness_spring,0,14,84.0,v925,-41.17319107055664,49.01849365234375,0,1038240,0.0
ic_robustness_spring,0,14,84.0,v1000,-25.814727783203125,29.29867935180664,0,1038240,0.0
ic_robustness_spring,0,14,84.0,z50,190896.0625,202941.5,0,1038240,0.0
ic_robustness_spring,0,14,84.0,z100,148749.140625,163615.53125,0,1038240,0.0
ic_robustness_spring,0,14,84.0,z150,123228.5234375,140316.4375,0,1038240,0.0
ic_robustness_spring,0,14,84.0,z200,104876.7734375,122588.984375,0,1038240,0.0
ic_robustness_spring,0,14,84.0,z250,90736.4375,108027.8359375,0,1038240,0.0
ic_robustness_spring,0,14,84.0,z300,79445.90625,95557.34375,0,1038240,0.0
ic_robustness_spring,0,14,84.0,z400,61672.15625,74825.140625,0,1038240,0.0
ic_robustness_spring,0,14,84.0,z500,47524.703125,57919.66015625,0,1038240,0.0
ic_robustness_spring,0,14,84.0,z600,35488.59765625,43677.19921875,0,1038240,0.0
ic_robustness_spring,0,14,84.0,z700,24517.1953125,31386.71875,0,1038240,0.0
ic_robustness_spring,0,14,84.0,z850,9823.748046875,15668.3046875,0,1038240,0.0
ic_robustness_spring,0,14,84.0,z925,3205.406982421875,8862.67578125,0,1038240,0.0
ic_robustness_spring,0,14,84.0,z1000,-3310.24755859375,2668.215087890625,0,1038240,0.0
ic_robustness_spring,0,14,84.0,t50,199.49356079101562,229.43051147460938,0,1038240,0.0
ic_robustness_spring,0,14,84.0,t100,188.19351196289062,229.59320068359375,0,1038240,0.0
ic_robustness_spring,0,14,84.0,t150,201.87408447265625,231.831787109375,0,1038240,0.0
ic_robustness_spring,0,14,84.0,t200,205.84107971191406,232.12640380859375,0,1038240,0.0
ic_robustness_spring,0,14,84.0,t250,210.82101440429688,241.8798065185547,0,1038240,0.0
ic_robustness_spring,0,14,84.0,t300,211.84130859375,252.87869262695312,0,1038240,0.0
ic_robustness_spring,0,14,84.0,t400,217.72850036621094,267.9063415527344,0,1038240,0.0
ic_robustness_spring,0,14,84.0,t500,223.70455932617188,277.2141418457031,0,1038240,0.0
ic_robustness_spring,0,14,84.0,t600,213.84344482421875,286.22314453125,0,1038240,0.0
ic_robustness_spring,0,14,84.0,t700,219.83099365234375,290.8604736328125,0,1038240,0.0
ic_robustness_spring,0,14,84.0,t850,228.43206787109375,305.8833923339844,0,1038240,0.0
ic_robustness_spring,0,14,84.0,t925,232.25765991210938,313.59197998046875,0,1038240,0.0
ic_robustness_spring,0,14,84.0,t1000,235.75387573242188,318.3316650390625,0,1038240,0.0
ic_robustness_spring,0,14,84.0,q50,5.868575954082189e-07,2.834866563716787e-06,0,1038240,0.0
ic_robustness_spring,0,14,84.0,q100,1.2006893257421325e-06,2.9797774914186448e-06,0,1038240,0.0
ic_robustness_spring,0,14,84.0,q150,4.2409283196320757e-07,3.479375664028339e-05,0,1038240,0.0
ic_robustness_spring,0,14,84.0,q200,-4.721017830888741e-06,0.00020714770653285086,4758,1038240,0.004582755432269995
ic_robustness_spring,0,14,84.0,q250,-7.745813491055742e-06,0.0007200181134976447,1420,1038240,0.0013676991832331639
ic_robustness_spring,0,14,84.0,q300,-3.214692696928978e-06,0.001760560437105596,414,1038240,0.00039875173370319003
ic_robustness_spring,0,14,84.0,q400,-1.088398857973516e-05,0.004609028343111277,217,1038240,0.00020900755124056094
ic_robustness_spring,0,14,84.0,q500,-2.8761103749275208e-05,0.007578237447887659,339,1038240,0.0003265141007859454
ic_robustness_spring,0,14,84.0,q600,-0.00021768256556242704,0.010931506752967834,4686,1038240,0.00451340730466944
ic_robustness_spring,0,14,84.0,q700,-0.0002861705143004656,0.01437283493578434,22652,1038240,0.02181769147788565
ic_robustness_spring,0,14,84.0,q850,-0.00047350581735372543,0.017639320343732834,19421,1038240,0.018705694251810758
ic_robustness_spring,0,14,84.0,q925,-0.0009568720124661922,0.01988573931157589,29566,1038240,0.028477038064416704
ic_robustness_spring,0,14,84.0,q1000,-0.0010579614900052547,0.022460902109742165,34013,1038240,0.03276024811218986
ic_robustness_spring,0,15,90.0,u10m,-25.443307876586914,25.804006576538086,0,1038240,0.0
ic_robustness_spring,0,15,90.0,v10m,-24.32746696472168,28.942955017089844,0,1038240,0.0
ic_robustness_spring,0,15,90.0,u100m,-33.73087692260742,33.782772064208984,0,1038240,0.0
ic_robustness_spring,0,15,90.0,v100m,-31.96780776977539,37.945716857910156,0,1038240,0.0
ic_robustness_spring,0,15,90.0,t2m,207.0228271484375,315.2793273925781,0,1038240,0.0
ic_robustness_spring,0,15,90.0,sp,48640.71875,103547.8046875,0,1038240,0.0
ic_robustness_spring,0,15,90.0,msl,95499.1015625,103857.390625,0,1038240,0.0
ic_robustness_spring,0,15,90.0,tcwv,-2.6681880950927734,77.3005142211914,19720,1038240,0.01899368161504084
ic_robustness_spring,0,15,90.0,u50,-20.62299346923828,37.850624084472656,0,1038240,0.0
ic_robustness_spring,0,15,90.0,u100,-26.377376556396484,45.466651916503906,0,1038240,0.0
ic_robustness_spring,0,15,90.0,u150,-22.841001510620117,66.96322631835938,0,1038240,0.0
ic_robustness_spring,0,15,90.0,u200,-20.764829635620117,72.49813079833984,0,1038240,0.0
ic_robustness_spring,0,15,90.0,u250,-29.76068878173828,74.72502899169922,0,1038240,0.0
ic_robustness_spring,0,15,90.0,u300,-35.83338928222656,67.16014099121094,0,1038240,0.0
ic_robustness_spring,0,15,90.0,u400,-31.60767936706543,68.67228698730469,0,1038240,0.0
ic_robustness_spring,0,15,90.0,u500,-25.930755615234375,60.668251037597656,0,1038240,0.0
ic_robustness_spring,0,15,90.0,u600,-27.69471549987793,51.31262969970703,0,1038240,0.0
ic_robustness_spring,0,15,90.0,u700,-35.913002014160156,42.18117141723633,0,1038240,0.0
ic_robustness_spring,0,15,90.0,u850,-45.79277801513672,43.26409149169922,0,1038240,0.0
ic_robustness_spring,0,15,90.0,u925,-44.14274597167969,42.55828094482422,0,1038240,0.0
ic_robustness_spring,0,15,90.0,u1000,-25.282764434814453,25.851472854614258,0,1038240,0.0
ic_robustness_spring,0,15,90.0,v50,-25.19460678100586,21.55571937561035,0,1038240,0.0
ic_robustness_spring,0,15,90.0,v100,-25.215286254882812,24.67110824584961,0,1038240,0.0
ic_robustness_spring,0,15,90.0,v150,-43.010189056396484,33.480316162109375,0,1038240,0.0
ic_robustness_spring,0,15,90.0,v200,-53.00226974487305,53.0239143371582,0,1038240,0.0
ic_robustness_spring,0,15,90.0,v250,-60.96345138549805,65.17109680175781,0,1038240,0.0
ic_robustness_spring,0,15,90.0,v300,-64.66029357910156,63.29350662231445,0,1038240,0.0
ic_robustness_spring,0,15,90.0,v400,-53.55199432373047,58.873634338378906,0,1038240,0.0
ic_robustness_spring,0,15,90.0,v500,-42.52587127685547,48.23383331298828,0,1038240,0.0
ic_robustness_spring,0,15,90.0,v600,-34.7181282043457,45.070003509521484,0,1038240,0.0
ic_robustness_spring,0,15,90.0,v700,-33.29219055175781,48.47833251953125,0,1038240,0.0
ic_robustness_spring,0,15,90.0,v850,-34.31853485107422,52.42683029174805,0,1038240,0.0
ic_robustness_spring,0,15,90.0,v925,-37.479740142822266,49.35160827636719,0,1038240,0.0
ic_robustness_spring,0,15,90.0,v1000,-24.048011779785156,29.95977020263672,0,1038240,0.0
ic_robustness_spring,0,15,90.0,z50,190792.984375,203062.765625,0,1038240,0.0
ic_robustness_spring,0,15,90.0,z100,148575.578125,163373.140625,0,1038240,0.0
ic_robustness_spring,0,15,90.0,z150,123015.046875,140050.515625,0,1038240,0.0
ic_robustness_spring,0,15,90.0,z200,104628.59375,122389.875,0,1038240,0.0
ic_robustness_spring,0,15,90.0,z250,90458.4296875,107887.25,0,1038240,0.0
ic_robustness_spring,0,15,90.0,z300,79153.8046875,95421.84375,0,1038240,0.0
ic_robustness_spring,0,15,90.0,z400,61402.4921875,74768.328125,0,1038240,0.0
ic_robustness_spring,0,15,90.0,z500,47287.12890625,57907.35546875,0,1038240,0.0
ic_robustness_spring,0,15,90.0,z600,35404.9609375,43844.7109375,0,1038240,0.0
ic_robustness_spring,0,15,90.0,z700,24053.341796875,31546.150390625,0,1038240,0.0
ic_robustness_spring,0,15,90.0,z850,9128.361328125,15767.134765625,0,1038240,0.0
ic_robustness_spring,0,15,90.0,z925,2513.974609375,8868.970703125,0,1038240,0.0
ic_robustness_spring,0,15,90.0,z1000,-3640.43408203125,2717.29296875,0,1038240,0.0
ic_robustness_spring,0,15,90.0,t50,200.12045288085938,229.8524627685547,0,1038240,0.0
ic_robustness_spring,0,15,90.0,t100,187.93038940429688,229.40194702148438,0,1038240,0.0
ic_robustness_spring,0,15,90.0,t150,201.9781494140625,232.5810546875,0,1038240,0.0
ic_robustness_spring,0,15,90.0,t200,205.9461669921875,231.9659881591797,0,1038240,0.0
ic_robustness_spring,0,15,90.0,t250,211.17233276367188,240.5655975341797,0,1038240,0.0
ic_robustness_spring,0,15,90.0,t300,211.78756713867188,252.44322204589844,0,1038240,0.0
ic_robustness_spring,0,15,90.0,t400,217.16468811035156,268.516357421875,0,1038240,0.0
ic_robustness_spring,0,15,90.0,t500,223.143310546875,278.1658935546875,0,1038240,0.0
ic_robustness_spring,0,15,90.0,t600,215.81961059570312,287.21258544921875,0,1038240,0.0
ic_robustness_spring,0,15,90.0,t700,219.65286254882812,293.6185302734375,0,1038240,0.0
ic_robustness_spring,0,15,90.0,t850,228.18643188476562,306.169189453125,0,1038240,0.0
ic_robustness_spring,0,15,90.0,t925,231.91331481933594,313.5091247558594,0,1038240,0.0
ic_robustness_spring,0,15,90.0,t1000,235.3597869873047,317.93121337890625,0,1038240,0.0
ic_robustness_spring,0,15,90.0,q50,6.241446044441545e-07,2.8362283046590164e-06,0,1038240,0.0
ic_robustness_spring,0,15,90.0,q100,1.193025013890292e-06,2.893976443374413e-06,0,1038240,0.0
ic_robustness_spring,0,15,90.0,q150,4.814723979507107e-07,3.1616262276656926e-05,0,1038240,0.0
ic_robustness_spring,0,15,90.0,q200,-5.399662768468261e-06,0.0001774840784491971,5636,1038240,0.005428417321621205
ic_robustness_spring,0,15,90.0,q250,-9.405634045833722e-06,0.000644251995254308,1990,1038240,0.0019167051934042224
ic_robustness_spring,0,15,90.0,q300,-5.3636322263628244e-06,0.0016185576096177101,343,1038240,0.00033036677454153184
ic_robustness_spring,0,15,90.0,q400,-4.33164241258055e-05,0.004384870175272226,341,1038240,0.00032844043766373863
ic_robustness_spring,0,15,90.0,q500,-9.105907520279288e-05,0.007476581260561943,467,1038240,0.0004497996609647095
ic_robustness_spring,0,15,90.0,q600,-0.00013187609147280455,0.01101742871105671,3968,1038240,0.003821852365541686
ic_robustness_spring,0,15,90.0,q700,-0.0002407326828688383,0.014261515811085701,16350,1038240,0.015747803975959315
ic_robustness_spring,0,15,90.0,q850,-0.0005096844397485256,0.01724707894027233,19831,1038240,0.01910059331175836
ic_robustness_spring,0,15,90.0,q925,-0.0009301789104938507,0.0196530781686306,30125,1038240,0.0290154492217599
ic_robustness_spring,0,15,90.0,q1000,-0.0010711834765970707,0.021698161959648132,28983,1038240,0.02791551086453999
ic_robustness_spring,0,16,96.0,u10m,-28.694902420043945,24.778905868530273,0,1038240,0.0
ic_robustness_spring,0,16,96.0,v10m,-23.200136184692383,26.608661651611328,0,1038240,0.0
ic_robustness_spring,0,16,96.0,u100m,-37.31435012817383,32.422035217285156,0,1038240,0.0
ic_robustness_spring,0,16,96.0,v100m,-30.167461395263672,35.51353454589844,0,1038240,0.0
ic_robustness_spring,0,16,96.0,t2m,206.24252319335938,312.00225830078125,0,1038240,0.0
ic_robustness_spring,0,16,96.0,sp,48424.765625,103595.8125,0,1038240,0.0
ic_robustness_spring,0,16,96.0,msl,95258.234375,103821.8359375,0,1038240,0.0
ic_robustness_spring,0,16,96.0,tcwv,-2.6731910705566406,74.98810577392578,17213,1038240,0.016579018338727075
ic_robustness_spring,0,16,96.0,u50,-21.082687377929688,38.0791015625,0,1038240,0.0
ic_robustness_spring,0,16,96.0,u100,-27.962623596191406,44.848331451416016,0,1038240,0.0
ic_robustness_spring,0,16,96.0,u150,-24.985246658325195,67.40655517578125,0,1038240,0.0
ic_robustness_spring,0,16,96.0,u200,-19.5189266204834,70.2896499633789,0,1038240,0.0
ic_robustness_spring,0,16,96.0,u250,-33.224395751953125,73.75945281982422,0,1038240,0.0
ic_robustness_spring,0,16,96.0,u300,-40.732852935791016,68.00151824951172,0,1038240,0.0
ic_robustness_spring,0,16,96.0,u400,-37.85021209716797,65.99128723144531,0,1038240,0.0
ic_robustness_spring,0,16,96.0,u500,-32.452911376953125,60.06785583496094,0,1038240,0.0
ic_robustness_spring,0,16,96.0,u600,-30.94099998474121,50.86115264892578,0,1038240,0.0
ic_robustness_spring,0,16,96.0,u700,-35.91452407836914,40.013519287109375,0,1038240,0.0
ic_robustness_spring,0,16,96.0,u850,-49.02685546875,41.033565521240234,0,1038240,0.0
ic_robustness_spring,0,16,96.0,u925,-48.60561752319336,41.46004104614258,0,1038240,0.0
ic_robustness_spring,0,16,96.0,u1000,-28.470163345336914,24.824853897094727,0,1038240,0.0
ic_robustness_spring,0,16,96.0,v50,-20.813980102539062,19.85860824584961,0,1038240,0.0
ic_robustness_spring,0,16,96.0,v100,-23.43625259399414,26.37884521484375,0,1038240,0.0
ic_robustness_spring,0,16,96.0,v150,-43.032569885253906,35.65390396118164,0,1038240,0.0
ic_robustness_spring,0,16,96.0,v200,-51.000247955322266,61.236412048339844,0,1038240,0.0
ic_robustness_spring,0,16,96.0,v250,-59.75014877319336,69.12935638427734,0,1038240,0.0
ic_robustness_spring,0,16,96.0,v300,-63.236595153808594,61.712772369384766,0,1038240,0.0
ic_robustness_spring,0,16,96.0,v400,-52.68959045410156,60.688079833984375,0,1038240,0.0
ic_robustness_spring,0,16,96.0,v500,-49.2443733215332,49.57029724121094,0,1038240,0.0
ic_robustness_spring,0,16,96.0,v600,-41.974308013916016,40.32515335083008,0,1038240,0.0
ic_robustness_spring,0,16,96.0,v700,-31.603519439697266,42.72296905517578,0,1038240,0.0
ic_robustness_spring,0,16,96.0,v850,-34.85393524169922,46.70881652832031,0,1038240,0.0
ic_robustness_spring,0,16,96.0,v925,-36.476253509521484,44.94105529785156,0,1038240,0.0
ic_robustness_spring,0,16,96.0,v1000,-24.128324508666992,27.33043670654297,0,1038240,0.0
ic_robustness_spring,0,16,96.0,z50,190736.953125,203041.4375,0,1038240,0.0
ic_robustness_spring,0,16,96.0,z100,148490.625,163564.5,0,1038240,0.0
ic_robustness_spring,0,16,96.0,z150,122902.078125,140232.15625,0,1038240,0.0
ic_robustness_spring,0,16,96.0,z200,104486.59375,122524.8515625,0,1038240,0.0
ic_robustness_spring,0,16,96.0,z250,90311.84375,108003.1875,0,1038240,0.0
ic_robustness_spring,0,16,96.0,z300,79016.484375,95511.046875,0,1038240,0.0
ic_robustness_spring,0,16,96.0,z400,61296.0234375,74781.671875,0,1038240,0.0
ic_robustness_spring,0,16,96.0,z500,47176.26171875,57872.73046875,0,1038240,0.0
ic_robustness_spring,0,16,96.0,z600,35160.97265625,43648.5390625,0,1038240,0.0
ic_robustness_spring,0,16,96.0,z700,23742.51953125,31394.25,0,1038240,0.0
ic_robustness_spring,0,16,96.0,z850,8898.9765625,15693.60546875,0,1038240,0.0
ic_robustness_spring,0,16,96.0,z925,2307.474609375,8891.005859375,0,1038240,0.0
ic_robustness_spring,0,16,96.0,z1000,-3828.0546875,2853.81982421875,0,1038240,0.0
ic_robustness_spring,0,16,96.0,t50,200.08106994628906,230.2886962890625,0,1038240,0.0
ic_robustness_spring,0,16,96.0,t100,187.60630798339844,229.6779327392578,0,1038240,0.0
ic_robustness_spring,0,16,96.0,t150,201.53550720214844,233.18898010253906,0,1038240,0.0
ic_robustness_spring,0,16,96.0,t200,205.68951416015625,232.48854064941406,0,1038240,0.0
ic_robustness_spring,0,16,96.0,t250,211.02554321289062,240.41485595703125,0,1038240,0.0
ic_robustness_spring,0,16,96.0,t300,212.0635528564453,251.7403564453125,0,1038240,0.0
ic_robustness_spring,0,16,96.0,t400,217.16299438476562,267.7197265625,0,1038240,0.0
ic_robustness_spring,0,16,96.0,t500,223.1097412109375,277.9364318847656,0,1038240,0.0
ic_robustness_spring,0,16,96.0,t600,214.94313049316406,285.87103271484375,0,1038240,0.0
ic_robustness_spring,0,16,96.0,t700,219.94796752929688,291.7072448730469,0,1038240,0.0
ic_robustness_spring,0,16,96.0,t850,228.57949829101562,305.5210266113281,0,1038240,0.0
ic_robustness_spring,0,16,96.0,t925,232.09527587890625,311.3739318847656,0,1038240,0.0
ic_robustness_spring,0,16,96.0,t1000,235.32350158691406,316.57049560546875,0,1038240,0.0
ic_robustness_spring,0,16,96.0,q50,6.606064744119067e-07,2.8367387585603865e-06,0,1038240,0.0
ic_robustness_spring,0,16,96.0,q100,1.180703748104861e-06,2.8944373298145365e-06,0,1038240,0.0
ic_robustness_spring,0,16,96.0,q150,2.367523848079145e-07,2.8245060093468055e-05,0,1038240,0.0
ic_robustness_spring,0,16,96.0,q200,-4.2218798625981435e-06,0.00016545796825084835,5854,1038240,0.005638388041300663
ic_robustness_spring,0,16,96.0,q250,-8.463935955660418e-06,0.0006193594308570027,1792,1038240,0.001725997842502697
ic_robustness_spring,0,16,96.0,q300,-5.204201443120837e-07,0.0015511465026065707,62,1038240,5.9716443211588844e-05
ic_robustness_spring,0,16,96.0,q400,-3.219593781977892e-05,0.004366585053503513,463,1038240,0.0004459469872091231
ic_robustness_spring,0,16,96.0,q500,-9.631161810830235e-05,0.007320669945329428,778,1038240,0.0007493450454615503
ic_robustness_spring,0,16,96.0,q600,-0.0002269217511638999,0.010563690215349197,4419,1038240,0.00425624133148405
ic_robustness_spring,0,16,96.0,q700,-0.0002065468579530716,0.013586239889264107,11652,1038240,0.011222838650023116
ic_robustness_spring,0,16,96.0,q850,-0.0004713442176580429,0.016869239509105682,19175,1038240,0.018468754815842193
ic_robustness_spring,0,16,96.0,q925,-0.0010342765599489212,0.019103053957223892,25640,1038240,0.024695638773308676
ic_robustness_spring,0,16,96.0,q1000,-0.0012325025163590908,0.02129465527832508,23276,1038240,0.02241870858375713
ic_robustness_spring,0,17,102.0,u10m,-28.381559371948242,23.75530433654785,0,1038240,0.0
ic_robustness_spring,0,17,102.0,v10m,-21.774187088012695,25.812541961669922,0,1038240,0.0
ic_robustness_spring,0,17,102.0,u100m,-35.49068832397461,31.276615142822266,0,1038240,0.0
ic_robustness_spring,0,17,102.0,v100m,-28.111604690551758,34.480072021484375,0,1038240,0.0
ic_robustness_spring,0,17,102.0,t2m,207.46884155273438,316.3257141113281,0,1038240,0.0
ic_robustness_spring,0,17,102.0,sp,48340.609375,103542.265625,0,1038240,0.0
ic_robustness_spring,0,17,102.0,msl,95358.0390625,103509.125,0,1038240,0.0
ic_robustness_spring,0,17,102.0,tcwv,-3.306671142578125,74.07384490966797,17673,1038240,0.01702207582061951
ic_robustness_spring,0,17,102.0,u50,-21.918785095214844,39.51133346557617,0,1038240,0.0
ic_robustness_spring,0,17,102.0,u100,-27.630657196044922,44.924800872802734,0,1038240,0.0
ic_robustness_spring,0,17,102.0,u150,-25.535173416137695,70.29414367675781,0,1038240,0.0
ic_robustness_spring,0,17,102.0,u200,-18.950769424438477,71.10115051269531,0,1038240,0.0
ic_robustness_spring,0,17,102.0,u250,-26.515869140625,70.1293716430664,0,1038240,0.0
ic_robustness_spring,0,17,102.0,u300,-31.79631805419922,68.79881286621094,0,1038240,0.0
ic_robustness_spring,0,17,102.0,u400,-31.224271774291992,67.2676010131836,0,1038240,0.0
ic_robustness_spring,0,17,102.0,u500,-28.592124938964844,58.8137321472168,0,1038240,0.0
ic_robustness_spring,0,17,102.0,u600,-31.93621253967285,47.24803924560547,0,1038240,0.0
ic_robustness_spring,0,17,102.0,u700,-39.5166015625,39.4039306640625,0,1038240,0.0
ic_robustness_spring,0,17,102.0,u850,-44.48558044433594,39.13975524902344,0,1038240,0.0
ic_robustness_spring,0,17,102.0,u925,-43.13240051269531,39.398643493652344,0,1038240,0.0
ic_robustness_spring,0,17,102.0,u1000,-28.310367584228516,23.983375549316406,0,1038240,0.0
ic_robustness_spring,0,17,102.0,v50,-19.519481658935547,18.980127334594727,0,1038240,0.0
ic_robustness_spring,0,17,102.0,v100,-23.289880752563477,27.49116325378418,0,1038240,0.0
ic_robustness_spring,0,17,102.0,v150,-43.566871643066406,38.27892303466797,0,1038240,0.0
ic_robustness_spring,0,17,102.0,v200,-48.04011154174805,61.2993278503418,0,1038240,0.0
ic_robustness_spring,0,17,102.0,v250,-60.83830261230469,77.3864974975586,0,1038240,0.0
ic_robustness_spring,0,17,102.0,v300,-63.87362289428711,70.47676086425781,0,1038240,0.0
ic_robustness_spring,0,17,102.0,v400,-54.58588790893555,59.29990005493164,0,1038240,0.0
ic_robustness_spring,0,17,102.0,v500,-42.91959762573242,47.73108673095703,0,1038240,0.0
ic_robustness_spring,0,17,102.0,v600,-37.388004302978516,38.56982421875,0,1038240,0.0
ic_robustness_spring,0,17,102.0,v700,-32.92236328125,40.890724182128906,0,1038240,0.0
ic_robustness_spring,0,17,102.0,v850,-32.73482131958008,44.615501403808594,0,1038240,0.0
ic_robustness_spring,0,17,102.0,v925,-34.421199798583984,43.07415008544922,0,1038240,0.0
ic_robustness_spring,0,17,102.0,v1000,-24.29855728149414,26.761089324951172,0,1038240,0.0
ic_robustness_spring,0,17,102.0,z50,190673.453125,203126.484375,0,1038240,0.0
ic_robustness_spring,0,17,102.0,z100,148416.234375,163430.71875,0,1038240,0.0
ic_robustness_spring,0,17,102.0,z150,122800.3828125,140116.03125,0,1038240,0.0
ic_robustness_spring,0,17,102.0,z200,104374.859375,122391.0,0,1038240,0.0
ic_robustness_spring,0,17,102.0,z250,90189.5546875,107877.390625,0,1038240,0.0
ic_robustness_spring,0,17,102.0,z300,78897.0390625,95414.6640625,0,1038240,0.0
ic_robustness_spring,0,17,102.0,z400,61182.546875,74715.25,0,1038240,0.0
ic_robustness_spring,0,17,102.0,z500,47059.98828125,57880.671875,0,1038240,0.0
ic_robustness_spring,0,17,102.0,z600,35048.9296875,43706.48046875,0,1038240,0.0
ic_robustness_spring,0,17,102.0,z700,23702.23828125,31500.365234375,0,1038240,0.0
ic_robustness_spring,0,17,102.0,z850,8921.03125,15792.32421875,0,1038240,0.0
ic_robustness_spring,0,17,102.0,z925,2368.8515625,8923.17578125,0,1038240,0.0
ic_robustness_spring,0,17,102.0,z1000,-3729.966796875,2700.45166015625,0,1038240,0.0
ic_robustness_spring,0,17,102.0,t50,199.77243041992188,230.7554473876953,0,1038240,0.0
ic_robustness_spring,0,17,102.0,t100,187.53855895996094,230.05111694335938,0,1038240,0.0
ic_robustness_spring,0,17,102.0,t150,201.59678649902344,233.60104370117188,0,1038240,0.0
ic_robustness_spring,0,17,102.0,t200,205.8479766845703,232.91734313964844,0,1038240,0.0
ic_robustness_spring,0,17,102.0,t250,210.9134521484375,239.46533203125,0,1038240,0.0
ic_robustness_spring,0,17,102.0,t300,212.18377685546875,251.28695678710938,0,1038240,0.0
ic_robustness_spring,0,17,102.0,t400,217.31068420410156,267.51690673828125,0,1038240,0.0
ic_robustness_spring,0,17,102.0,t500,223.3677520751953,278.23089599609375,0,1038240,0.0
ic_robustness_spring,0,17,102.0,t600,213.01412963867188,286.29376220703125,0,1038240,0.0
ic_robustness_spring,0,17,102.0,t700,220.69142150878906,289.9632568359375,0,1038240,0.0
ic_robustness_spring,0,17,102.0,t850,229.068115234375,303.4788513183594,0,1038240,0.0
ic_robustness_spring,0,17,102.0,t925,232.8979949951172,311.0935974121094,0,1038240,0.0
ic_robustness_spring,0,17,102.0,t1000,234.15272521972656,315.68450927734375,0,1038240,0.0
ic_robustness_spring,0,17,102.0,q50,6.956165634619538e-07,2.8372260203468613e-06,0,1038240,0.0
ic_robustness_spring,0,17,102.0,q100,1.1618996040851925e-06,2.9326299681997625e-06,0,1038240,0.0
ic_robustness_spring,0,17,102.0,q150,2.1383948478614911e-07,2.263388887513429e-05,0,1038240,0.0
ic_robustness_spring,0,17,102.0,q200,-3.6793553590541705e-06,0.00017137624672614038,5057,1038240,0.004870742795500077
ic_robustness_spring,0,17,102.0,q250,-4.554716724669561e-06,0.000626576307695359,1288,1038240,0.0012405609492988133
ic_robustness_spring,0,17,102.0,q300,6.888003554195166e-07,0.0015308018773794174,0,1038240,0.0
ic_robustness_spring,0,17,102.0,q400,-6.807065801694989e-06,0.004434001166373491,111,1038240,0.00010691169671752197
ic_robustness_spring,0,17,102.0,q500,-8.161808364093304e-05,0.007305392064154148,787,1038240,0.0007580135614116196
ic_robustness_spring,0,17,102.0,q600,-0.0003363188588991761,0.010463389568030834,3475,1038240,0.003347010325165665
ic_robustness_spring,0,17,102.0,q700,-0.00028906436637043953,0.013300018385052681,11455,1038240,0.011033094467560487
ic_robustness_spring,0,17,102.0,q850,-0.0006893365643918514,0.016422130167484283,21445,1038240,0.020655147172137463
ic_robustness_spring,0,17,102.0,q925,-0.0011972798965871334,0.018764358013868332,26510,1038240,0.025533595315148712
ic_robustness_spring,0,17,102.0,q1000,-0.0012952066026628017,0.020664826035499573,24368,1038240,0.023470488519032207
ic_robustness_spring,0,18,108.0,u10m,-23.301883697509766,22.577787399291992,0,1038240,0.0
ic_robustness_spring,0,18,108.0,v10m,-20.934110641479492,23.07038116455078,0,1038240,0.0
ic_robustness_spring,0,18,108.0,u100m,-30.173751831054688,29.562793731689453,0,1038240,0.0
ic_robustness_spring,0,18,108.0,v100m,-26.205535888671875,30.250179290771484,0,1038240,0.0
ic_robustness_spring,0,18,108.0,t2m,209.4862823486328,319.3128662109375,0,1038240,0.0
ic_robustness_spring,0,18,108.0,sp,48118.125,103581.1875,0,1038240,0.0
ic_robustness_spring,0,18,108.0,msl,96031.0859375,103515.9375,0,1038240,0.0
ic_robustness_spring,0,18,108.0,tcwv,-3.3135318756103516,70.97990417480469,15183,1038240,0.01462378640776699
ic_robustness_spring,0,18,108.0,u50,-22.13263702392578,39.44451904296875,0,1038240,0.0
ic_robustness_spring,0,18,108.0,u100,-26.578266143798828,44.61790084838867,0,1038240,0.0
ic_robustness_spring,0,18,108.0,u150,-23.32842445373535,68.83084869384766,0,1038240,0.0
ic_robustness_spring,0,18,108.0,u200,-18.28288459777832,69.4381103515625,0,1038240,0.0
ic_robustness_spring,0,18,108.0,u250,-24.161331176757812,69.05130004882812,0,1038240,0.0
ic_robustness_spring,0,18,108.0,u300,-30.609111785888672,66.78150939941406,0,1038240,0.0
ic_robustness_spring,0,18,108.0,u400,-32.509429931640625,63.721046447753906,0,1038240,0.0
ic_robustness_spring,0,18,108.0,u500,-27.63677215576172,53.66634750366211,0,1038240,0.0
ic_robustness_spring,0,18,108.0,u600,-28.221017837524414,44.40727996826172,0,1038240,0.0
ic_robustness_spring,0,18,108.0,u700,-37.43136215209961,39.888580322265625,0,1038240,0.0
ic_robustness_spring,0,18,108.0,u850,-34.672245025634766,37.95964050292969,0,1038240,0.0
ic_robustness_spring,0,18,108.0,u925,-38.370357513427734,36.252784729003906,0,1038240,0.0
ic_robustness_spring,0,18,108.0,u1000,-23.058218002319336,22.741455078125,0,1038240,0.0
ic_robustness_spring,0,18,108.0,v50,-21.474363327026367,17.575969696044922,0,1038240,0.0
ic_robustness_spring,0,18,108.0,v100,-25.116758346557617,27.419124603271484,0,1038240,0.0
ic_robustness_spring,0,18,108.0,v150,-46.623252868652344,40.63662338256836,0,1038240,0.0
ic_robustness_spring,0,18,108.0,v200,-50.48551940917969,60.086143493652344,0,1038240,0.0
ic_robustness_spring,0,18,108.0,v250,-60.30033874511719,75.98344421386719,0,1038240,0.0
ic_robustness_spring,0,18,108.0,v300,-64.07733154296875,72.89381408691406,0,1038240,0.0
ic_robustness_spring,0,18,108.0,v400,-58.8912467956543,54.654090881347656,0,1038240,0.0
ic_robustness_spring,0,18,108.0,v500,-44.70649719238281,44.499874114990234,0,1038240,0.0
ic_robustness_spring,0,18,108.0,v600,-38.78923034667969,37.428489685058594,0,1038240,0.0
ic_robustness_spring,0,18,108.0,v700,-32.24497985839844,36.81748962402344,0,1038240,0.0
ic_robustness_spring,0,18,108.0,v850,-33.471317291259766,39.8886833190918,0,1038240,0.0
ic_robustness_spring,0,18,108.0,v925,-31.702363967895508,38.089935302734375,0,1038240,0.0
ic_robustness_spring,0,18,108.0,v1000,-23.45833969116211,23.761634826660156,0,1038240,0.0
ic_robustness_spring,0,18,108.0,z50,190550.0625,203052.0,0,1038240,0.0
ic_robustness_spring,0,18,108.0,z100,148374.625,163508.0,0,1038240,0.0
ic_robustness_spring,0,18,108.0,z150,122742.28125,140215.84375,0,1038240,0.0
ic_robustness_spring,0,18,108.0,z200,104302.4296875,122499.9375,0,1038240,0.0
ic_robustness_spring,0,18,108.0,z250,90123.4375,107964.25,0,1038240,0.0
ic_robustness_spring,0,18,108.0,z300,78833.5,95498.84375,0,1038240,0.0
ic_robustness_spring,0,18,108.0,z400,61111.09375,74783.1171875,0,1038240,0.0
ic_robustness_spring,0,18,108.0,z500,46984.19140625,57889.21875,0,1038240,0.0
ic_robustness_spring,0,18,108.0,z600,35144.08203125,43664.6796875,0,1038240,0.0
ic_robustness_spring,0,18,108.0,z700,24055.525390625,31466.228515625,0,1038240,0.0
ic_robustness_spring,0,18,108.0,z850,9414.1484375,15817.6826171875,0,1038240,0.0
ic_robustness_spring,0,18,108.0,z925,2907.9013671875,8982.4833984375,0,1038240,0.0
ic_robustness_spring,0,18,108.0,z1000,-3165.3291015625,2693.07275390625,0,1038240,0.0
ic_robustness_spring,0,18,108.0,t50,199.93954467773438,231.08984375,0,1038240,0.0
ic_robustness_spring,0,18,108.0,t100,187.64527893066406,230.3912353515625,0,1038240,0.0
ic_robustness_spring,0,18,108.0,t150,201.8612518310547,233.47982788085938,0,1038240,0.0
ic_robustness_spring,0,18,108.0,t200,206.92433166503906,232.72923278808594,0,1038240,0.0
ic_robustness_spring,0,18,108.0,t250,210.78939819335938,238.4839324951172,0,1038240,0.0
ic_robustness_spring,0,18,108.0,t300,212.1111602783203,249.9412841796875,0,1038240,0.0
ic_robustness_spring,0,18,108.0,t400,217.4274444580078,265.9479064941406,0,1038240,0.0
ic_robustness_spring,0,18,108.0,t500,223.65090942382812,277.4935302734375,0,1038240,0.0
ic_robustness_spring,0,18,108.0,t600,213.63442993164062,286.102294921875,0,1038240,0.0
ic_robustness_spring,0,18,108.0,t700,221.31280517578125,290.15496826171875,0,1038240,0.0
ic_robustness_spring,0,18,108.0,t850,229.56663513183594,306.54974365234375,0,1038240,0.0
ic_robustness_spring,0,18,108.0,t925,233.47007751464844,314.22802734375,0,1038240,0.0
ic_robustness_spring,0,18,108.0,t1000,232.76278686523438,318.8517761230469,0,1038240,0.0
ic_robustness_spring,0,18,108.0,q50,7.298272066691425e-07,2.833662620105315e-06,0,1038240,0.0
ic_robustness_spring,0,18,108.0,q100,1.1333288512105355e-06,2.9308359899005154e-06,0,1038240,0.0
ic_robustness_spring,0,18,108.0,q150,2.6592579160933383e-07,1.8821050616679713e-05,0,1038240,0.0
ic_robustness_spring,0,18,108.0,q200,-2.3700522433500737e-06,0.00015259369683917612,4413,1038240,0.004250462320850671
ic_robustness_spring,0,18,108.0,q250,-1.619322574697435e-06,0.0005887540173716843,1629,1038240,0.001569001386962552
ic_robustness_spring,0,18,108.0,q300,-1.262016303371638e-05,0.0014364513335749507,57,1038240,5.4900601017105875e-05
ic_robustness_spring,0,18,108.0,q400,-1.5433237422257662e-05,0.004242466762661934,276,1038240,0.00026583448913546
ic_robustness_spring,0,18,108.0,q500,-9.666057303547859e-05,0.007176640909165144,652,1038240,0.0006279858221605795
ic_robustness_spring,0,18,108.0,q600,-0.00019382487516850233,0.01018736232072115,3742,1038240,0.003604176298351056
ic_robustness_spring,0,18,108.0,q700,-0.00038967421278357506,0.012413443997502327,14758,1038240,0.014214439821235937
ic_robustness_spring,0,18,108.0,q850,-0.0007635555230081081,0.016367724165320396,19697,1038240,0.018971528740946215
ic_robustness_spring,0,18,108.0,q925,-0.0012675863690674305,0.018974654376506805,24910,1038240,0.023992525812914164
ic_robustness_spring,0,18,108.0,q1000,-0.0013656984083354473,0.02176039107143879,25783,1038240,0.02483337186007089
ic_robustness_spring,0,19,114.0,u10m,-21.739736557006836,21.49142074584961,0,1038240,0.0
ic_robustness_spring,0,19,114.0,v10m,-20.5909481048584,21.14202308654785,0,1038240,0.0
ic_robustness_spring,0,19,114.0,u100m,-28.336252212524414,28.237661361694336,0,1038240,0.0
ic_robustness_spring,0,19,114.0,v100m,-25.79551887512207,27.531530380249023,0,1038240,0.0
ic_robustness_spring,0,19,114.0,t2m,209.66571044921875,314.86566162109375,0,1038240,0.0
ic_robustness_spring,0,19,114.0,sp,48241.5234375,103525.1875,0,1038240,0.0
ic_robustness_spring,0,19,114.0,msl,96714.328125,103500.3828125,0,1038240,0.0
ic_robustness_spring,0,19,114.0,tcwv,-4.172828674316406,69.31182861328125,13822,1038240,0.013312914162428725
ic_robustness_spring,0,19,114.0,u50,-22.28274917602539,38.28647232055664,0,1038240,0.0
ic_robustness_spring,0,19,114.0,u100,-24.116992950439453,45.342350006103516,0,1038240,0.0
ic_robustness_spring,0,19,114.0,u150,-21.589994430541992,69.35050964355469,0,1038240,0.0
ic_robustness_spring,0,19,114.0,u200,-15.171550750732422,69.26948547363281,0,1038240,0.0
ic_robustness_spring,0,19,114.0,u250,-25.342693328857422,72.78277587890625,0,1038240,0.0
ic_robustness_spring,0,19,114.0,u300,-29.876502990722656,69.30426788330078,0,1038240,0.0
ic_robustness_spring,0,19,114.0,u400,-30.315263748168945,59.21089172363281,0,1038240,0.0
ic_robustness_spring,0,19,114.0,u500,-26.354610443115234,50.80928421020508,0,1038240,0.0
ic_robustness_spring,0,19,114.0,u600,-23.476089477539062,43.06825637817383,0,1038240,0.0
ic_robustness_spring,0,19,114.0,u700,-31.211029052734375,40.48217010498047,0,1038240,0.0
ic_robustness_spring,0,19,114.0,u850,-31.81147575378418,40.27566146850586,0,1038240,0.0
ic_robustness_spring,0,19,114.0,u925,-36.69450378417969,36.239036560058594,0,1038240,0.0
ic_robustness_spring,0,19,114.0,u1000,-21.708377838134766,21.80756187438965,0,1038240,0.0
ic_robustness_spring,0,19,114.0,v50,-23.20220184326172,16.78957176208496,0,1038240,0.0
ic_robustness_spring,0,19,114.0,v100,-28.040714263916016,26.549312591552734,0,1038240,0.0
ic_robustness_spring,0,19,114.0,v150,-47.685916900634766,42.02141189575195,0,1038240,0.0
ic_robustness_spring,0,19,114.0,v200,-50.19963073730469,58.293888092041016,0,1038240,0.0
ic_robustness_spring,0,19,114.0,v250,-58.26781463623047,71.80780029296875,0,1038240,0.0
ic_robustness_spring,0,19,114.0,v300,-64.62924194335938,71.09180450439453,0,1038240,0.0
ic_robustness_spring,0,19,114.0,v400,-60.0920524597168,58.759769439697266,0,1038240,0.0
ic_robustness_spring,0,19,114.0,v500,-51.05914306640625,49.586814880371094,0,1038240,0.0
ic_robustness_spring,0,19,114.0,v600,-41.6374397277832,40.09377670288086,0,1038240,0.0
ic_robustness_spring,0,19,114.0,v700,-33.255104064941406,34.341949462890625,0,1038240,0.0
ic_robustness_spring,0,19,114.0,v850,-31.088943481445312,37.763038635253906,0,1038240,0.0
ic_robustness_spring,0,19,114.0,v925,-30.857248306274414,35.251014709472656,0,1038240,0.0
ic_robustness_spring,0,19,114.0,v1000,-22.742361068725586,21.661828994750977,0,1038240,0.0
ic_robustness_spring,0,19,114.0,z50,190421.71875,203109.28125,0,1038240,0.0
ic_robustness_spring,0,19,114.0,z100,148304.34375,163269.6875,0,1038240,0.0
ic_robustness_spring,0,19,114.0,z150,122649.390625,140020.203125,0,1038240,0.0
ic_robustness_spring,0,19,114.0,z200,104189.8125,122385.6171875,0,1038240,0.0
ic_robustness_spring,0,19,114.0,z250,89993.3359375,107847.6953125,0,1038240,0.0
ic_robustness_spring,0,19,114.0,z300,78680.015625,95396.9375,0,1038240,0.0
ic_robustness_spring,0,19,114.0,z400,60950.546875,74731.40625,0,1038240,0.0
ic_robustness_spring,0,19,114.0,z500,46837.5390625,57882.9921875,0,1038240,0.0
ic_robustness_spring,0,19,114.0,z600,35013.25,43773.13671875,0,1038240,0.0
ic_robustness_spring,0,19,114.0,z700,24309.89453125,31572.4765625,0,1038240,0.0
ic_robustness_spring,0,19,114.0,z850,9935.80078125,15911.04296875,0,1038240,0.0
ic_robustness_spring,0,19,114.0,z925,3497.2119140625,9064.8681640625,0,1038240,0.0
ic_robustness_spring,0,19,114.0,z1000,-2622.10498046875,2791.84765625,0,1038240,0.0
ic_robustness_spring,0,19,114.0,t50,200.17861938476562,231.42669677734375,0,1038240,0.0
ic_robustness_spring,0,19,114.0,t100,187.50338745117188,230.6571502685547,0,1038240,0.0
ic_robustness_spring,0,19,114.0,t150,202.09864807128906,233.43026733398438,0,1038240,0.0
ic_robustness_spring,0,19,114.0,t200,206.53033447265625,232.4075164794922,0,1038240,0.0
ic_robustness_spring,0,19,114.0,t250,210.9686279296875,237.54421997070312,0,1038240,0.0
ic_robustness_spring,0,19,114.0,t300,212.05389404296875,249.1035614013672,0,1038240,0.0
ic_robustness_spring,0,19,114.0,t400,217.25927734375,265.03466796875,0,1038240,0.0
ic_robustness_spring,0,19,114.0,t500,223.5269012451172,277.0184631347656,0,1038240,0.0
ic_robustness_spring,0,19,114.0,t600,214.3821563720703,285.7967224121094,0,1038240,0.0
ic_robustness_spring,0,19,114.0,t700,221.38206481933594,293.71923828125,0,1038240,0.0
ic_robustness_spring,0,19,114.0,t850,229.6367645263672,306.48016357421875,0,1038240,0.0
ic_robustness_spring,0,19,114.0,t925,233.41458129882812,313.49444580078125,0,1038240,0.0
ic_robustness_spring,0,19,114.0,t1000,231.82579040527344,318.17681884765625,0,1038240,0.0
ic_robustness_spring,0,19,114.0,q50,7.630890195287066e-07,2.8339254640741274e-06,0,1038240,0.0
ic_robustness_spring,0,19,114.0,q100,1.1117377880509594e-06,2.9333759812288918e-06,0,1038240,0.0
ic_robustness_spring,0,19,114.0,q150,1.4930674296920188e-07,1.810002140700817e-05,0,1038240,0.0
ic_robustness_spring,0,19,114.0,q200,-2.251301339128986e-06,0.00013517489423975348,4320,1038240,0.004160887656033287
ic_robustness_spring,0,19,114.0,q250,-1.087111741071567e-06,0.0005325812962837517,670,1038240,0.0006453228540607181
ic_robustness_spring,0,19,114.0,q300,-6.349117029458284e-06,0.0013381574535742402,144,1038240,0.00013869625520110957
ic_robustness_spring,0,19,114.0,q400,-2.3068860173225403e-05,0.003985419869422913,1777,1038240,0.001711550315919248
ic_robustness_spring,0,19,114.0,q500,-8.203217294067144e-05,0.006881600245833397,576,1038240,0.0005547850208044383
ic_robustness_spring,0,19,114.0,q600,-0.00016632897313684225,0.0097197899594903,3666,1038240,0.0035309754969949144
ic_robustness_spring,0,19,114.0,q700,-0.00046410667710006237,0.011861611157655716,11425,1038240,0.01100419941439359
ic_robustness_spring,0,19,114.0,q850,-0.0010871877893805504,0.016626225784420967,20216,1038240,0.019471413160733548
ic_robustness_spring,0,19,114.0,q925,-0.0014624730683863163,0.01997199095785618,25469,1038240,0.02453093697025736
ic_robustness_spring,0,19,114.0,q1000,-0.0015328065492212772,0.02110125869512558,22533,1038240,0.021703074433656957
ic_robustness_spring,0,20,120.0,u10m,-20.367938995361328,20.828407287597656,0,1038240,0.0
ic_robustness_spring,0,20,120.0,v10m,-18.52925682067871,19.845930099487305,0,1038240,0.0
ic_robustness_spring,0,20,120.0,u100m,-26.410280227661133,27.104854583740234,0,1038240,0.0
ic_robustness_spring,0,20,120.0,v100m,-22.899568557739258,25.869401931762695,0,1038240,0.0
ic_robustness_spring,0,20,120.0,t2m,209.33416748046875,312.2019348144531,0,1038240,0.0
ic_robustness_spring,0,20,120.0,sp,48075.640625,103522.90625,0,1038240,0.0
ic_robustness_spring,0,20,120.0,msl,96576.1171875,103560.7109375,0,1038240,0.0
ic_robustness_spring,0,20,120.0,tcwv,-4.29539680480957,65.29670715332031,11896,1038240,0.011457851749113885
ic_robustness_spring,0,20,120.0,u50,-22.306983947753906,37.508941650390625,0,1038240,0.0
ic_robustness_spring,0,20,120.0,u100,-22.874645233154297,43.68283462524414,0,1038240,0.0
ic_robustness_spring,0,20,120.0,u150,-21.15584373474121,66.84135437011719,0,1038240,0.0
ic_robustness_spring,0,20,120.0,u200,-14.04831314086914,68.85784149169922,0,1038240,0.0
ic_robustness_spring,0,20,120.0,u250,-27.52991485595703,75.79627227783203,0,1038240,0.0
ic_robustness_spring,0,20,120.0,u300,-29.69430923461914,75.36276245117188,0,1038240,0.0
ic_robustness_spring,0,20,120.0,u400,-28.9904842376709,61.73041534423828,0,1038240,0.0
ic_robustness_spring,0,20,120.0,u500,-23.659555435180664,47.77469253540039,0,1038240,0.0
ic_robustness_spring,0,20,120.0,u600,-23.031118392944336,41.15814971923828,0,1038240,0.0
ic_robustness_spring,0,20,120.0,u700,-25.021865844726562,39.1646614074707,0,1038240,0.0
ic_robustness_spring,0,20,120.0,u850,-29.015527725219727,35.880916595458984,0,1038240,0.0
ic_robustness_spring,0,20,120.0,u925,-35.47251510620117,33.131935119628906,0,1038240,0.0
ic_robustness_spring,0,20,120.0,u1000,-20.399892807006836,21.022789001464844,0,1038240,0.0
ic_robustness_spring,0,20,120.0,v50,-22.466033935546875,16.70029640197754,0,1038240,0.0
ic_robustness_spring,0,20,120.0,v100,-28.979581832885742,24.8828067779541,0,1038240,0.0
ic_robustness_spring,0,20,120.0,v150,-45.30186080932617,39.0444450378418,0,1038240,0.0
ic_robustness_spring,0,20,120.0,v200,-47.25520706176758,51.62240219116211,0,1038240,0.0
ic_robustness_spring,0,20,120.0,v250,-55.688438415527344,67.25482177734375,0,1038240,0.0
ic_robustness_spring,0,20,120.0,v300,-63.57819366455078,74.25941467285156,0,1038240,0.0
ic_robustness_spring,0,20,120.0,v400,-60.58927917480469,62.06853103637695,0,1038240,0.0
ic_robustness_spring,0,20,120.0,v500,-51.66990661621094,51.106388092041016,0,1038240,0.0
ic_robustness_spring,0,20,120.0,v600,-40.37211227416992,41.3480110168457,0,1038240,0.0
ic_robustness_spring,0,20,120.0,v700,-31.990848541259766,32.644691467285156,0,1038240,0.0
ic_robustness_spring,0,20,120.0,v850,-30.61082649230957,35.16386032104492,0,1038240,0.0
ic_robustness_spring,0,20,120.0,v925,-30.1346378326416,32.70256805419922,0,1038240,0.0
ic_robustness_spring,0,20,120.0,v1000,-20.366300582885742,20.45851707458496,0,1038240,0.0
ic_robustness_spring,0,20,120.0,z50,190252.3125,203071.046875,0,1038240,0.0
ic_robustness_spring,0,20,120.0,z100,148248.84375,163435.3125,0,1038240,0.0
ic_robustness_spring,0,20,120.0,z150,122580.4609375,140168.4375,0,1038240,0.0
ic_robustness_spring,0,20,120.0,z200,104094.046875,122438.375,0,1038240,0.0
ic_robustness_spring,0,20,120.0,z250,89884.6796875,107962.5234375,0,1038240,0.0
ic_robustness_spring,0,20,120.0,z300,78555.5625,95506.4375,0,1038240,0.0
ic_robustness_spring,0,20,120.0,z400,60821.69140625,74787.6640625,0,1038240,0.0
ic_robustness_spring,0,20,120.0,z500,46727.109375,57878.24609375,0,1038240,0.0
ic_robustness_spring,0,20,120.0,z600,34927.58203125,43754.73046875,0,1038240,0.0
ic_robustness_spring,0,20,120.0,z700,24221.955078125,31574.03515625,0,1038240,0.0
ic_robustness_spring,0,20,120.0,z850,9958.7216796875,15850.9384765625,0,1038240,0.0
ic_robustness_spring,0,20,120.0,z925,3397.077392578125,9018.396484375,0,1038240,0.0
ic_robustness_spring,0,20,120.0,z1000,-2736.18408203125,2737.326171875,0,1038240,0.0
ic_robustness_spring,0,20,120.0,t50,199.7999267578125,231.888916015625,0,1038240,0.0
ic_robustness_spring,0,20,120.0,t100,186.7678985595703,230.76776123046875,0,1038240,0.0
ic_robustness_spring,0,20,120.0,t150,202.70040893554688,233.31851196289062,0,1038240,0.0
ic_robustness_spring,0,20,120.0,t200,206.3795623779297,232.05307006835938,0,1038240,0.0
ic_robustness_spring,0,20,120.0,t250,211.313232421875,237.63572692871094,0,1038240,0.0
ic_robustness_spring,0,20,120.0,t300,212.16058349609375,248.55006408691406,0,1038240,0.0
ic_robustness_spring,0,20,120.0,t400,217.11419677734375,264.2809753417969,0,1038240,0.0
ic_robustness_spring,0,20,120.0,t500,223.09983825683594,276.1197814941406,0,1038240,0.0
ic_robustness_spring,0,20,120.0,t600,213.89329528808594,284.6740417480469,0,1038240,0.0
ic_robustness_spring,0,20,120.0,t700,220.8708953857422,290.1259765625,0,1038240,0.0
ic_robustness_spring,0,20,120.0,t850,229.199462890625,305.0456237792969,0,1038240,0.0
ic_robustness_spring,0,20,120.0,t925,232.8238525390625,309.86968994140625,0,1038240,0.0
ic_robustness_spring,0,20,120.0,t1000,231.4603729248047,314.4134521484375,0,1038240,0.0
ic_robustness_spring,0,20,120.0,q50,7.968777708811103e-07,2.832947529896046e-06,0,1038240,0.0
ic_robustness_spring,0,20,120.0,q100,1.085325493477285e-06,2.9523478133341996e-06,0,1038240,0.0
ic_robustness_spring,0,20,120.0,q150,-1.1835254554171115e-08,1.6259195035672747e-05,32,1038240,3.082139004469102e-05
ic_robustness_spring,0,20,120.0,q200,-1.8353312043473125e-06,0.0001303963945247233,4460,1038240,0.004295731237478811
ic_robustness_spring,0,20,120.0,q250,-1.1602496670093387e-06,0.0005135564715601504,580,1038240,0.0005586376945600247
ic_robustness_spring,0,20,120.0,q300,-2.177999704144895e-06,0.0012495701666921377,200,1038240,0.00019263368777931885
ic_robustness_spring,0,20,120.0,q400,-2.5205430574715137e-05,0.0037935967557132244,1886,1038240,0.0018165356757589768
ic_robustness_spring,0,20,120.0,q500,-9.235204197466373e-05,0.006757023278623819,352,1038240,0.00033903529049160116
ic_robustness_spring,0,20,120.0,q600,-0.0001629125326871872,0.009295718744397163,3129,1038240,0.0030137540453074436
ic_robustness_spring,0,20,120.0,q700,-0.0005097603425383568,0.01152561791241169,10061,1038240,0.009690437663738635
ic_robustness_spring,0,20,120.0,q850,-0.0011284505017101765,0.016069697216153145,19031,1038240,0.018330058560641085
ic_robustness_spring,0,20,120.0,q925,-0.001633957028388977,0.019115490838885307,24047,1038240,0.023161311450146403
ic_robustness_spring,0,20,120.0,q1000,-0.001786659937351942,0.02115831896662712,19481,1038240,0.018763484358144553
