config,member,step,lead_time_hours,variable,min_value,max_value,n_bad_points,n_total_points,violating_fraction
z500_brown_0.002,0,0,0.0,u10m,-29.98059844970703,25.07940101623535,0,1038240,0.0
z500_brown_0.002,0,0,0.0,v10m,-27.66229820251465,25.987703323364258,0,1038240,0.0
z500_brown_0.002,0,0,0.0,u100m,-38.64726257324219,30.782737731933594,0,1038240,0.0
z500_brown_0.002,0,0,0.0,v100m,-33.108516693115234,32.41148376464844,0,1038240,0.0
z500_brown_0.002,0,0,0.0,t2m,203.00914001464844,317.2091369628906,0,1038240,0.0
z500_brown_0.002,0,0,0.0,sp,49593.44921875,104524.6484375,0,1038240,0.0
z500_brown_0.002,0,0,0.0,msl,93167.375,107762.9765625,0,1038240,0.0
z500_brown_0.002,0,0,0.0,tcwv,0.033688269555568695,80.67048645019531,0,1038240,0.0
z500_brown_0.002,0,0,0.0,u50,-32.53466796875,69.6953353881836,0,1038240,0.0
z500_brown_0.002,0,0,0.0,u100,-42.44437026977539,63.615631103515625,0,1038240,0.0
z500_brown_0.002,0,0,0.0,u150,-43.69473648071289,76.46526336669922,0,1038240,0.0
z500_brown_0.002,0,0,0.0,u200,-44.91203308105469,103.88796997070312,0,1038240,0.0
z500_brown_0.002,0,0,0.0,u250,-45.851261138916016,105.44873809814453,0,1038240,0.0
z500_brown_0.002,0,0,0.0,u300,-36.28936004638672,102.41063690185547,0,1038240,0.0
z500_brown_0.002,0,0,0.0,u400,-35.72868347167969,71.8713150024414,0,1038240,0.0
z500_brown_0.002,0,0,0.0,u500,-39.31422805786133,50.18577194213867,0,1038240,0.0
z500_brown_0.002,0,0,0.0,u600,-45.0154914855957,45.66450500488281,0,1038240,0.0
z500_brown_0.002,0,0,0.0,u700,-47.08867263793945,41.111328125,0,1038240,0.0
z500_brown_0.002,0,0,0.0,u850,-52.83549880981445,36.304500579833984,0,1038240,0.0
z500_brown_0.002,0,0,0.0,u925,-42.309513092041016,34.310489654541016,0,1038240,0.0
z500_brown_0.002,0,0,0.0,u1000,-29.00948715209961,24.660512924194336,0,1038240,0.0
z500_brown_0.002,0,0,0.0,v50,-28.3104305267334,37.03956985473633,0,1038240,0.0
z500_brown_0.002,0,0,0.0,v100,-31.289772033691406,41.980228424072266,0,1038240,0.0
z500_brown_0.002,0,0,0.0,v150,-39.73875427246094,46.22124481201172,0,1038240,0.0
z500_brown_0.002,0,0,0.0,v200,-56.7220573425293,65.07794189453125,0,1038240,0.0
z500_brown_0.002,0,0,0.0,v250,-63.08574295043945,62.81425857543945,0,1038240,0.0
z500_brown_0.002,0,0,0.0,v300,-54.844512939453125,65.45549011230469,0,1038240,0.0
z500_brown_0.002,0,0,0.0,v400,-59.89063262939453,63.009368896484375,0,1038240,0.0
z500_brown_0.002,0,0,0.0,v500,-50.19239807128906,56.80760192871094,0,1038240,0.0
z500_brown_0.002,0,0,0.0,v600,-45.045677185058594,40.0643196105957,0,1038240,0.0
z500_brown_0.002,0,0,0.0,v700,-36.78691101074219,42.36308670043945,0,1038240,0.0
z500_brown_0.002,0,0,0.0,v850,-42.88942337036133,34.960575103759766,0,1038240,0.0
z500_brown_0.002,0,0,0.0,v925,-37.343692779541016,37.056304931640625,0,1038240,0.0
z500_brown_0.002,0,0,0.0,v1000,-26.340137481689453,25.029863357543945,0,1038240,0.0
z500_brown_0.002,0,0,0.0,z50,178325.890625,207936.40625,0,1038240,0.0
z500_brown_0.002,0,0,0.0,z100,140693.140625,165755.734375,0,1038240,0.0
z500_brown_0.002,0,0,0.0,z150,117632.0390625,141996.15625,0,1038240,0.0
z500_brown_0.002,0,0,0.0,z200,100768.7421875,123884.2421875,0,1038240,0.0
z500_brown_0.002,0,0,0.0,z250,87459.671875,109026.765625,0,1038240,0.0
z500_brown_0.002,0,0,0.0,z300,76372.9453125,96320.9921875,0,1038240,0.0
z500_brown_0.002,0,0,0.0,z400,58395.84765625,75588.4609375,0,1038240,0.0
z500_brown_0.002,0,0,0.0,z500,43960.421875,58905.3671875,0,1038240,0.0
z500_brown_0.002,0,0,0.0,z600,31816.14453125,44789.28125,0,1038240,0.0
z500_brown_0.002,0,0,0.0,z700,21340.9609375,32460.98828125,0,1038240,0.0
z500_brown_0.002,0,0,0.0,z850,7071.60302734375,16482.923828125,0,1038240,0.0
z500_brown_0.002,0,0,0.0,z925,558.6236572265625,9957.2314453125,0,1038240,0.0
z500_brown_0.002,0,0,0.0,z1000,-5507.95556640625,4905.5556640625,0,1038240,0.0
z500_brown_0.002,0,0,0.0,t50,176.96493530273438,233.25494384765625,0,1038240,0.0
z500_brown_0.002,0,0,0.0,t100,185.84442138671875,235.84442138671875,0,1038240,0.0
z500_brown_0.002,0,0,0.0,t150,187.8889617919922,238.91896057128906,0,1038240,0.0
z500_brown_0.002,0,0,0.0,t200,190.15658569335938,241.17657470703125,0,1038240,0.0
z500_brown_0.002,0,0,0.0,t250,199.0135498046875,243.6435546875,0,1038240,0.0
z500_brown_0.002,0,0,0.0,t300,204.70855712890625,251.70855712890625,0,1038240,0.0
z500_brown_0.002,0,0,0.0,t400,216.0428466796875,266.5628662109375,0,1038240,0.0
z500_brown_0.002,0,0,0.0,t500,224.4999542236328,276.89996337890625,0,1038240,0.0
z500_brown_0.002,0,0,0.0,t600,204.55136108398438,287.2413635253906,0,1038240,0.0
z500_brown_0.002,0,0,0.0,t700,208.45738220214844,296.9873962402344,0,1038240,0.0
z500_brown_0.002,0,0,0.0,t850,216.30093383789062,309.6709289550781,0,1038240,0.0
z500_brown_0.002,0,0,0.0,t925,219.8119354248047,315.3219299316406,0,1038240,0.0
z500_brown_0.002,0,0,0.0,t1000,223.1019287109375,319.7119445800781,0,1038240,0.0
z500_brown_0.002,0,0,0.0,q50,9.999999717180685e-10,1.9450640138529707e-06,0,1038240,0.0
z500_brown_0.002,0,0,0.0,q100,1.000000082740371e-09,9.873159797280096e-06,0,1038240,0.0
z500_brown_0.002,0,0,0.0,q150,1.0000005268295808e-09,4.6891240344848484e-05,0,1038240,0.0
z500_brown_0.002,0,0,0.0,q200,9.999985284281365e-10,0.0002307913964614272,0,1038240,0.0
z500_brown_0.002,0,0,0.0,q250,1.000000304784976e-09,0.0007995401974767447,0,1038240,0.0
z500_brown_0.002,0,0,0.0,q300,9.999980843389267e-10,0.0018608650425449014,0,1038240,0.0
z500_brown_0.002,0,0,0.0,q400,9.999975292274144e-10,0.004661120939999819,0,1038240,0.0
z500_brown_0.002,0,0,0.0,q500,9.999941985583405e-10,0.007641600910574198,0,1038240,0.0
z500_brown_0.002,0,0,0.0,q600,1.0000007488741858e-09,0.012534401379525661,0,1038240,0.0
z500_brown_0.002,0,0,0.0,q700,9.999989725173464e-10,0.018419841304421425,0,1038240,0.0
z500_brown_0.002,0,0,0.0,q850,1.635912212805124e-06,0.028813155367970467,0,1038240,0.0
z500_brown_0.002,0,0,0.0,q925,4.967510903952643e-06,0.03459184616804123,0,1038240,0.0
z500_brown_0.002,0,0,0.0,q1000,6.670324182778131e-06,0.04069339111447334,0,1038240,0.0
z500_brown_0.002,0,1,6.0,u10m,-28.26662826538086,24.725343704223633,0,1038240,0.0
z500_brown_0.002,0,1,6.0,v10m,-18.348295211791992,25.409976959228516,0,1038240,0.0
z500_brown_0.002,0,1,6.0,u100m,-36.92644119262695,30.874807357788086,0,1038240,0.0
z500_brown_0.002,0,1,6.0,v100m,-24.574291229248047,33.9788818359375,0,1038240,0.0
z500_brown_0.002,0,1,6.0,t2m,201.16290283203125,315.77337646484375,0,1038240,0.0
z500_brown_0.002,0,1,6.0,sp,49429.72265625,104052.21875,0,1038240,0.0
z500_brown_0.002,0,1,6.0,msl,93364.265625,106022.015625,0,1038240,0.0
z500_brown_0.002,0,1,6.0,tcwv,-5.554573059082031,78.99384307861328,71863,1038240,0.06921617352442595
z500_brown_0.002,0,1,6.0,u50,-30.99331283569336,73.90312957763672,0,1038240,0.0
z500_brown_0.002,0,1,6.0,u100,-39.639732360839844,61.74380111694336,0,1038240,0.0
z500_brown_0.002,0,1,6.0,u150,-36.364349365234375,73.82738494873047,0,1038240,0.0
z500_brown_0.002,0,1,6.0,u200,-44.386146545410156,94.17500305175781,0,1038240,0.0
z500_brown_0.002,0,1,6.0,u250,-40.242340087890625,107.08670043945312,0,1038240,0.0
z500_brown_0.002,0,1,6.0,u300,-36.5831298828125,100.92613220214844,0,1038240,0.0
z500_brown_0.002,0,1,6.0,u400,-38.10851287841797,69.02294921875,0,1038240,0.0
z500_brown_0.002,0,1,6.0,u500,-33.671321868896484,54.1348876953125,0,1038240,0.0
z500_brown_0.002,0,1,6.0,u600,-39.60209655761719,43.45893859863281,0,1038240,0.0
z500_brown_0.002,0,1,6.0,u700,-40.23883819580078,37.83327865600586,0,1038240,0.0
z500_brown_0.002,0,1,6.0,u850,-46.781009674072266,36.94855880737305,0,1038240,0.0
z500_brown_0.002,0,1,6.0,u925,-43.35582733154297,33.70161819458008,0,1038240,0.0
z500_brown_0.002,0,1,6.0,u1000,-27.0113468170166,23.938142776489258,0,1038240,0.0
z500_brown_0.002,0,1,6.0,v50,-23.687562942504883,30.955883026123047,0,1038240,0.0
z500_brown_0.002,0,1,6.0,v100,-30.242816925048828,37.05029296875,0,1038240,0.0
z500_brown_0.002,0,1,6.0,v150,-32.545005798339844,41.01648712158203,0,1038240,0.0
z500_brown_0.002,0,1,6.0,v200,-45.699581146240234,53.78913497924805,0,1038240,0.0
z500_brown_0.002,0,1,6.0,v250,-55.91434860229492,62.798702239990234,0,1038240,0.0
z500_brown_0.002,0,1,6.0,v300,-48.57569122314453,65.55392456054688,0,1038240,0.0
z500_brown_0.002,0,1,6.0,v400,-49.647560119628906,62.94601821899414,0,1038240,0.0
z500_brown_0.002,0,1,6.0,v500,-45.10268783569336,49.73537063598633,0,1038240,0.0
z500_brown_0.002,0,1,6.0,v600,-35.023216247558594,35.91107177734375,0,1038240,0.0
z500_brown_0.002,0,1,6.0,v700,-30.072473526000977,34.23475646972656,0,1038240,0.0
z500_brown_0.002,0,1,6.0,v850,-34.2606315612793,36.72390365600586,0,1038240,0.0
z500_brown_0.002,0,1,6.0,v925,-34.349029541015625,32.49458694458008,0,1038240,0.0
z500_brown_0.002,0,1,6.0,v1000,-21.297121047973633,25.758255004882812,0,1038240,0.0
z500_brown_0.002,0,1,6.0,z50,178381.8125,207983.3125,0,1038240,0.0
z500_brown_0.002,0,1,6.0,z100,140675.75,165754.28125,0,1038240,0.0
z500_brown_0.002,0,1,6.0,z150,117538.3671875,142024.4375,0,1038240,0.0
z500_brown_0.002,0,1,6.0,z200,100703.2734375,123902.203125,0,1038240,0.0
z500_brown_0.002,0,1,6.0,z250,87383.34375,109060.5703125,0,1038240,0.0
z500_brown_0.002,0,1,6.0,z300,76289.1640625,96385.84375,0,1038240,0.0
z500_brown_0.002,0,1,6.0,z400,58355.328125,75593.2734375,0,1038240,0.0
z500_brown_0.002,0,1,6.0,z500,43971.22265625,58831.37890625,0,1038240,0.0
z500_brown_0.002,0,1,6.0,z600,31867.328125,44735.1484375,0,1038240,0.0
z500_brown_0.002,0,1,6.0,z700,21432.73046875,32360.15625,0,1038240,0.0
z500_brown_0.002,0,1,6.0,z850,7203.10400390625,16416.82421875,0,1038240,0.0
z500_brown_0.002,0,1,6.0,z925,738.5751953125,9321.6767578125,0,1038240,0.0
z500_brown_0.002,0,1,6.0,z1000,-5302.41162109375,3649.6826171875,0,1038240,0.0
z500_brown_0.002,0,1,6.0,t50,179.83154296875,233.6676483154297,0,1038240,0.0
z500_brown_0.002,0,1,6.0,t100,186.5077667236328,235.44126892089844,0,1038240,0.0
z500_brown_0.002,0,1,6.0,t150,188.92953491210938,238.73724365234375,0,1038240,0.0
z500_brown_0.002,0,1,6.0,t200,191.56875610351562,241.3602752685547,0,1038240,0.0
z500_brown_0.002,0,1,6.0,t250,199.23068237304688,243.1333770751953,0,1038240,0.0
z500_brown_0.002,0,1,6.0,t300,205.0389862060547,251.13470458984375,0,1038240,0.0
z500_brown_0.002,0,1,6.0,t400,215.11151123046875,264.9374084472656,0,1038240,0.0
z500_brown_0.002,0,1,6.0,t500,224.70770263671875,276.8890380859375,0,1038240,0.0
z500_brown_0.002,0,1,6.0,t600,214.51953125,289.6756286621094,0,1038240,0.0
z500_brown_0.002,0,1,6.0,t700,210.1229248046875,300.00384521484375,0,1038240,0.0
z500_brown_0.002,0,1,6.0,t850,217.85513305664062,312.0284118652344,0,1038240,0.0
z500_brown_0.002,0,1,6.0,t925,222.42501831054688,317.1992492675781,0,1038240,0.0
z500_brown_0.002,0,1,6.0,t1000,225.74368286132812,322.233154296875,0,1038240,0.0
z500_brown_0.002,0,1,6.0,q50,4.0225359043688513e-08,1.9511955997586483e-06,0,1038240,0.0
z500_brown_0.002,0,1,6.0,q100,1.0800135896715801e-07,9.330646207672544e-06,0,1038240,0.0
z500_brown_0.002,0,1,6.0,q150,6.372010830091313e-08,3.4251297620357946e-05,0,1038240,0.0
z500_brown_0.002,0,1,6.0,q200,-2.2600506781600416e-06,0.00021032935183029622,7430,1038240,0.007156341501001695
z500_brown_0.002,0,1,6.0,q250,-1.4107707102084532e-05,0.0006908549112267792,33336,1038240,0.032108183079056864
z500_brown_0.002,0,1,6.0,q300,-2.6113033527508378e-05,0.0016040903283283114,11135,1038240,0.010724880567113577
z500_brown_0.002,0,1,6.0,q400,-0.00011307830573059618,0.0044692386873066425,30081,1038240,0.028973069810448452
z500_brown_0.002,0,1,6.0,q500,-0.00016424315981566906,0.007303062826395035,8712,1038240,0.00839112343966713
z500_brown_0.002,0,1,6.0,q600,-0.0002337592886760831,0.009991299360990524,10765,1038240,0.010368508244721837
z500_brown_0.002,0,1,6.0,q700,-0.0006407457403838634,0.013610556721687317,28070,1038240,0.0270361380798274
z500_brown_0.002,0,1,6.0,q850,-0.0009649833664298058,0.018230805173516273,63996,1038240,0.061638927415626446
z500_brown_0.002,0,1,6.0,q925,-0.001624805387109518,0.020304976031184196,67712,1038240,0.06521806133456619
z500_brown_0.002,0,1,6.0,q1000,-0.0016579409129917622,0.024263590574264526,68408,1038240,0.06588842656803821
z500_brown_0.002,0,2,12.0,u10m,-24.63167953491211,22.683988571166992,0,1038240,0.0
z500_brown_0.002,0,2,12.0,v10m,-19.056657791137695,27.259506225585938,0,1038240,0.0
z500_brown_0.002,0,2,12.0,u100m,-32.437835693359375,28.44456672668457,0,1038240,0.0
z500_brown_0.002,0,2,12.0,v100m,-25.74309539794922,36.29791259765625,0,1038240,0.0
z500_brown_0.002,0,2,12.0,t2m,205.36285400390625,321.945556640625,0,1038240,0.0
z500_brown_0.002,0,2,12.0,sp,49203.0625,103868.3203125,0,1038240,0.0
z500_brown_0.002,0,2,12.0,msl,93640.90625,104244.5703125,0,1038240,0.0
z500_brown_0.002,0,2,12.0,tcwv,-5.963743209838867,77.52139282226562,73572,1038240,0.07086222838650023
z500_brown_0.002,0,2,12.0,u50,-29.69406509399414,75.33419036865234,0,1038240,0.0
z500_brown_0.002,0,2,12.0,u100,-39.417579650878906,64.45590209960938,0,1038240,0.0
z500_brown_0.002,0,2,12.0,u150,-34.242095947265625,72.1448745727539,0,1038240,0.0
z500_brown_0.002,0,2,12.0,u200,-44.21321105957031,89.13219451904297,0,1038240,0.0
z500_brown_0.002,0,2,12.0,u250,-40.32534408569336,100.9635009765625,0,1038240,0.0
z500_brown_0.002,0,2,12.0,u300,-40.87629699707031,91.8093032836914,0,1038240,0.0
z500_brown_0.002,0,2,12.0,u400,-41.234535217285156,71.69613647460938,0,1038240,0.0
z500_brown_0.002,0,2,12.0,u500,-36.49357986450195,56.88872528076172,0,1038240,0.0
z500_brown_0.002,0,2,12.0,u600,-36.76103591918945,43.285003662109375,0,1038240,0.0
z500_brown_0.002,0,2,12.0,u700,-38.5073356628418,39.211395263671875,0,1038240,0.0
z500_brown_0.002,0,2,12.0,u850,-42.931495666503906,37.081966400146484,0,1038240,0.0
z500_brown_0.002,0,2,12.0,u925,-41.2228889465332,34.475345611572266,0,1038240,0.0
z500_brown_0.002,0,2,12.0,u1000,-24.141632080078125,22.374244689941406,0,1038240,0.0
z500_brown_0.002,0,2,12.0,v50,-24.8616943359375,30.88040542602539,0,1038240,0.0
z500_brown_0.002,0,2,12.0,v100,-28.49932861328125,35.016632080078125,0,1038240,0.0
z500_brown_0.002,0,2,12.0,v150,-32.54144287109375,38.26191329956055,0,1038240,0.0
z500_brown_0.002,0,2,12.0,v200,-46.50296401977539,51.424400329589844,0,1038240,0.0
z500_brown_0.002,0,2,12.0,v250,-54.8858528137207,55.025062561035156,0,1038240,0.0
z500_brown_0.002,0,2,12.0,v300,-51.806453704833984,62.73646545410156,0,1038240,0.0
z500_brown_0.002,0,2,12.0,v400,-48.00126266479492,57.52073287963867,0,1038240,0.0
z500_brown_0.002,0,2,12.0,v500,-43.181427001953125,46.25382995605469,0,1038240,0.0
z500_brown_0.002,0,2,12.0,v600,-33.286712646484375,36.841548919677734,0,1038240,0.0
z500_brown_0.002,0,2,12.0,v700,-27.727201461791992,34.439693450927734,0,1038240,0.0
z500_brown_0.002,0,2,12.0,v850,-36.857513427734375,38.818878173828125,0,1038240,0.0
z500_brown_0.002,0,2,12.0,v925,-32.10883331298828,36.67573547363281,0,1038240,0.0
z500_brown_0.002,0,2,12.0,v1000,-19.76866912841797,28.057533264160156,0,1038240,0.0
z500_brown_0.002,0,2,12.0,z50,178425.3125,208132.046875,0,1038240,0.0
z500_brown_0.002,0,2,12.0,z100,140601.109375,165767.71875,0,1038240,0.0
z500_brown_0.002,0,2,12.0,z150,117500.1875,142046.609375,0,1038240,0.0
z500_brown_0.002,0,2,12.0,z200,100662.625,123892.1875,0,1038240,0.0
z500_brown_0.002,0,2,12.0,z250,87341.2421875,109062.3203125,0,1038240,0.0
z500_brown_0.002,0,2,12.0,z300,76238.71875,96355.875,0,1038240,0.0
z500_brown_0.002,0,2,12.0,z400,58364.21875,75480.828125,0,1038240,0.0
z500_brown_0.002,0,2,12.0,z500,44087.7578125,58903.60546875,0,1038240,0.0
z500_brown_0.002,0,2,12.0,z600,31994.970703125,44796.171875,0,1038240,0.0
z500_brown_0.002,0,2,12.0,z700,21556.119140625,32431.1171875,0,1038240,0.0
z500_brown_0.002,0,2,12.0,z850,7360.654296875,16491.619140625,0,1038240,0.0
z500_brown_0.002,0,2,12.0,z925,969.54541015625,9397.40625,0,1038240,0.0
z500_brown_0.002,0,2,12.0,z1000,-5071.58935546875,3096.43701171875,0,1038240,0.0
z500_brown_0.002,0,2,12.0,t50,180.73435974121094,234.05763244628906,0,1038240,0.0
z500_brown_0.002,0,2,12.0,t100,186.34329223632812,235.4652557373047,0,1038240,0.0
z500_brown_0.002,0,2,12.0,t150,188.22149658203125,238.62452697753906,0,1038240,0.0
z500_brown_0.002,0,2,12.0,t200,191.9323272705078,241.485107421875,0,1038240,0.0
z500_brown_0.002,0,2,12.0,t250,199.12103271484375,242.9459228515625,0,1038240,0.0
z500_brown_0.002,0,2,12.0,t300,204.8271484375,251.21499633789062,0,1038240,0.0
z500_brown_0.002,0,2,12.0,t400,214.71810913085938,265.0132141113281,0,1038240,0.0
z500_brown_0.002,0,2,12.0,t500,223.65162658691406,276.45135498046875,0,1038240,0.0
z500_brown_0.002,0,2,12.0,t600,217.67056274414062,290.3299865722656,0,1038240,0.0
z500_brown_0.002,0,2,12.0,t700,214.6513671875,302.19256591796875,0,1038240,0.0
z500_brown_0.002,0,2,12.0,t850,222.50567626953125,314.0937194824219,0,1038240,0.0
z500_brown_0.002,0,2,12.0,t925,226.85049438476562,319.78216552734375,0,1038240,0.0
z500_brown_0.002,0,2,12.0,t1000,230.6319580078125,324.8677673339844,0,1038240,0.0
z500_brown_0.002,0,2,12.0,q50,8.485653779644053e-08,1.959241217264207e-06,0,1038240,0.0
z500_brown_0.002,0,2,12.0,q100,2.667875378392637e-07,8.742030331632122e-06,0,1038240,0.0
z500_brown_0.002,0,2,12.0,q150,3.6976962292101234e-07,3.52549395756796e-05,0,1038240,0.0
z500_brown_0.002,0,2,12.0,q200,-2.756447429419495e-06,0.00020802393555641174,9652,1038240,0.009296501772229928
z500_brown_0.002,0,2,12.0,q250,-9.911320375977084e-06,0.0007063564844429493,38349,1038240,0.03693654646324549
z500_brown_0.002,0,2,12.0,q300,-1.2277188943699002e-05,0.00153423473238945,19211,1038240,0.018503428879642472
z500_brown_0.002,0,2,12.0,q400,-7.395376451313496e-05,0.004148497711867094,48370,1038240,0.04658845738942826
z500_brown_0.002,0,2,12.0,q500,-0.0001120157539844513,0.006989193614572287,25526,1038240,0.024585837571274465
z500_brown_0.002,0,2,12.0,q600,-0.0002304170047864318,0.010147817432880402,20414,1038240,0.019662120511635076
z500_brown_0.002,0,2,12.0,q700,-0.0006534510757774115,0.013357657939195633,54619,1038240,0.05260729696409308
z500_brown_0.002,0,2,12.0,q850,-0.0012465603649616241,0.017900627106428146,70587,1038240,0.06798717059639389
z500_brown_0.002,0,2,12.0,q925,-0.0015205289237201214,0.020125605165958405,73388,1038240,0.07068500539374326
z500_brown_0.002,0,2,12.0,q1000,-0.0017796200700104237,0.02522667497396469,73094,1038240,0.07040183387270765
z500_brown_0.002,0,3,18.0,u10m,-22.75889778137207,20.836395263671875,0,1038240,0.0
z500_brown_0.002,0,3,18.0,v10m,-19.845441818237305,26.773466110229492,0,1038240,0.0
z500_brown_0.002,0,3,18.0,u100m,-29.590038299560547,25.75139045715332,0,1038240,0.0
z500_brown_0.002,0,3,18.0,v100m,-25.642412185668945,36.57195281982422,0,1038240,0.0
z500_brown_0.002,0,3,18.0,t2m,206.3167724609375,320.8795166015625,0,1038240,0.0
z500_brown_0.002,0,3,18.0,sp,49166.3671875,103798.109375,0,1038240,0.0
z500_brown_0.002,0,3,18.0,msl,93883.8125,103938.9140625,0,1038240,0.0
z500_brown_0.002,0,3,18.0,tcwv,-5.101558685302734,77.45545959472656,73572,1038240,0.07086222838650023
z500_brown_0.002,0,3,18.0,u50,-29.240447998046875,76.20945739746094,0,1038240,0.0
z500_brown_0.002,0,3,18.0,u100,-37.244102478027344,65.86787414550781,0,1038240,0.0
z500_brown_0.002,0,3,18.0,u150,-32.91249084472656,74.45291137695312,0,1038240,0.0
z500_brown_0.002,0,3,18.0,u200,-40.92115020751953,86.29351043701172,0,1038240,0.0
z500_brown_0.002,0,3,18.0,u250,-37.48995590209961,101.04899597167969,0,1038240,0.0
z500_brown_0.002,0,3,18.0,u300,-39.115543365478516,97.71902465820312,0,1038240,0.0
z500_brown_0.002,0,3,18.0,u400,-37.67832946777344,71.58952331542969,0,1038240,0.0
z500_brown_0.002,0,3,18.0,u500,-34.5335578918457,58.22721862792969,0,1038240,0.0
z500_brown_0.002,0,3,18.0,u600,-32.902992248535156,45.48898696899414,0,1038240,0.0
z500_brown_0.002,0,3,18.0,u700,-34.03733825683594,39.04045867919922,0,1038240,0.0
z500_brown_0.002,0,3,18.0,u850,-36.35478973388672,35.62174606323242,0,1038240,0.0
z500_brown_0.002,0,3,18.0,u925,-36.856231689453125,32.01686477661133,0,1038240,0.0
z500_brown_0.002,0,3,18.0,u1000,-22.246217727661133,21.52625846862793,0,1038240,0.0
z500_brown_0.002,0,3,18.0,v50,-23.21405601501465,29.55408477783203,0,1038240,0.0
z500_brown_0.002,0,3,18.0,v100,-26.698583602905273,33.70105743408203,0,1038240,0.0
z500_brown_0.002,0,3,18.0,v150,-29.464670181274414,36.502464294433594,0,1038240,0.0
z500_brown_0.002,0,3,18.0,v200,-45.37077713012695,54.95509719848633,0,1038240,0.0
z500_brown_0.002,0,3,18.0,v250,-57.1181526184082,62.68858337402344,0,1038240,0.0
z500_brown_0.002,0,3,18.0,v300,-52.77499008178711,59.16200256347656,0,1038240,0.0
z500_brown_0.002,0,3,18.0,v400,-44.96057891845703,52.57611846923828,0,1038240,0.0
z500_brown_0.002,0,3,18.0,v500,-42.510108947753906,43.3453483581543,0,1038240,0.0
z500_brown_0.002,0,3,18.0,v600,-33.117759704589844,36.51829528808594,0,1038240,0.0
z500_brown_0.002,0,3,18.0,v700,-27.336721420288086,34.29627227783203,0,1038240,0.0
z500_brown_0.002,0,3,18.0,v850,-32.71282958984375,37.79958724975586,0,1038240,0.0
z500_brown_0.002,0,3,18.0,v925,-31.23782730102539,37.620487213134766,0,1038240,0.0
z500_brown_0.002,0,3,18.0,v1000,-20.67019271850586,27.404064178466797,0,1038240,0.0
z500_brown_0.002,0,3,18.0,z50,178364.59375,208026.84375,0,1038240,0.0
z500_brown_0.002,0,3,18.0,z100,140505.75,165755.703125,0,1038240,0.0
z500_brown_0.002,0,3,18.0,z150,117417.9765625,142009.5,0,1038240,0.0
z500_brown_0.002,0,3,18.0,z200,100615.4921875,123871.2265625,0,1038240,0.0
z500_brown_0.002,0,3,18.0,z250,87318.046875,109031.84375,0,1038240,0.0
z500_brown_0.002,0,3,18.0,z300,76233.15625,96387.7421875,0,1038240,0.0
z500_brown_0.002,0,3,18.0,z400,58392.1640625,75614.703125,0,1038240,0.0
z500_brown_0.002,0,3,18.0,z500,44144.34375,58856.78125,0,1038240,0.0
z500_brown_0.002,0,3,18.0,z600,32108.4609375,44696.90234375,0,1038240,0.0
z500_brown_0.002,0,3,18.0,z700,21648.76171875,32401.078125,0,1038240,0.0
z500_brown_0.002,0,3,18.0,z850,7493.36572265625,16458.3828125,0,1038240,0.0
z500_brown_0.002,0,3,18.0,z925,1167.32470703125,9416.931640625,0,1038240,0.0
z500_brown_0.002,0,3,18.0,z1000,-4780.74169921875,3016.40234375,0,1038240,0.0
z500_brown_0.002,0,3,18.0,t50,180.44265747070312,234.35751342773438,0,1038240,0.0
z500_brown_0.002,0,3,18.0,t100,186.37977600097656,235.3859100341797,0,1038240,0.0
z500_brown_0.002,0,3,18.0,t150,188.81300354003906,239.08558654785156,0,1038240,0.0
z500_brown_0.002,0,3,18.0,t200,192.62982177734375,241.7964324951172,0,1038240,0.0
z500_brown_0.002,0,3,18.0,t250,199.32684326171875,242.4601287841797,0,1038240,0.0
z500_brown_0.002,0,3,18.0,t300,204.73536682128906,250.66036987304688,0,1038240,0.0
z500_brown_0.002,0,3,18.0,t400,214.79324340820312,264.7555236816406,0,1038240,0.0
z500_brown_0.002,0,3,18.0,t500,223.2855682373047,276.767578125,0,1038240,0.0
z500_brown_0.002,0,3,18.0,t600,216.60836791992188,288.46844482421875,0,1038240,0.0
z500_brown_0.002,0,3,18.0,t700,215.436767578125,299.6343994140625,0,1038240,0.0
z500_brown_0.002,0,3,18.0,t850,223.75790405273438,310.33349609375,0,1038240,0.0
z500_brown_0.002,0,3,18.0,t925,227.81832885742188,316.83099365234375,0,1038240,0.0
z500_brown_0.002,0,3,18.0,t1000,231.50430297851562,321.9698791503906,0,1038240,0.0
z500_brown_0.002,0,3,18.0,q50,1.2880468602816109e-07,1.9686690393427853e-06,0,1038240,0.0
z500_brown_0.002,0,3,18.0,q100,3.991415269410936e-07,8.172139132511802e-06,0,1038240,0.0
z500_brown_0.002,0,3,18.0,q150,3.3531705412315205e-07,3.6804962292080745e-05,0,1038240,0.0
z500_brown_0.002,0,3,18.0,q200,-1.6774611140135676e-06,0.0002112554939230904,5729,1038240,0.005517991986438589
z500_brown_0.002,0,3,18.0,q250,-1.5080837329151109e-05,0.0006485458579845726,34104,1038240,0.03284789644012945
z500_brown_0.002,0,3,18.0,q300,-1.5704077668488026e-05,0.0015144519275054336,28133,1038240,0.027096817691477884
z500_brown_0.002,0,3,18.0,q400,-7.630229811184108e-05,0.004055245313793421,56813,1038240,0.05472048851903221
z500_brown_0.002,0,3,18.0,q500,-0.0001225915621034801,0.006949522998183966,40876,1038240,0.03937047310833718
z500_brown_0.002,0,3,18.0,q600,-0.00031697750091552734,0.009602718986570835,35743,1038240,0.034426529511480966
z500_brown_0.002,0,3,18.0,q700,-0.000734423054382205,0.013106845319271088,60746,1038240,0.05850862998921252
z500_brown_0.002,0,3,18.0,q850,-0.001195005141198635,0.018031185492873192,72769,1038240,0.07008880413006627
z500_brown_0.002,0,3,18.0,q925,-0.0014863749966025352,0.01987578347325325,75193,1038240,0.07242352442595161
z500_brown_0.002,0,3,18.0,q1000,-0.0015490413643419743,0.024602830410003662,73760,1038240,0.07104330405301279
z500_brown_0.002,0,4,24.0,u10m,-20.917194366455078,25.45136833190918,0,1038240,0.0
z500_brown_0.002,0,4,24.0,v10m,-19.721416473388672,25.55338478088379,0,1038240,0.0
z500_brown_0.002,0,4,24.0,u100m,-27.972076416015625,32.5674934387207,0,1038240,0.0
z500_brown_0.002,0,4,24.0,v100m,-26.21065902709961,34.56995391845703,0,1038240,0.0
z500_brown_0.002,0,4,24.0,t2m,205.80441284179688,319.51104736328125,0,1038240,0.0
z500_brown_0.002,0,4,24.0,sp,49046.63671875,103879.9375,0,1038240,0.0
z500_brown_0.002,0,4,24.0,msl,93893.953125,103863.3515625,0,1038240,0.0
z500_brown_0.002,0,4,24.0,tcwv,-4.607563018798828,75.87976837158203,72313,1038240,0.06964959932192942
z500_brown_0.002,0,4,24.0,u50,-29.716625213623047,77.6054458618164,0,1038240,0.0
z500_brown_0.002,0,4,24.0,u100,-37.615013122558594,65.92705535888672,0,1038240,0.0
z500_brown_0.002,0,4,24.0,u150,-31.637746810913086,73.64391326904297,0,1038240,0.0
z500_brown_0.002,0,4,24.0,u200,-37.446144104003906,85.67019653320312,0,1038240,0.0
z500_brown_0.002,0,4,24.0,u250,-36.50111770629883,96.27857971191406,0,1038240,0.0
z500_brown_0.002,0,4,24.0,u300,-38.976383209228516,93.82947540283203,0,1038240,0.0
z500_brown_0.002,0,4,24.0,u400,-35.79047393798828,72.43921661376953,0,1038240,0.0
z500_brown_0.002,0,4,24.0,u500,-30.368812561035156,62.87274932861328,0,1038240,0.0
z500_brown_0.002,0,4,24.0,u600,-30.034753799438477,51.09969711303711,0,1038240,0.0
z500_brown_0.002,0,4,24.0,u700,-31.62246322631836,41.607696533203125,0,1038240,0.0
z500_brown_0.002,0,4,24.0,u850,-36.18781280517578,35.333248138427734,0,1038240,0.0
z500_brown_0.002,0,4,24.0,u925,-34.67414093017578,35.86801528930664,0,1038240,0.0
z500_brown_0.002,0,4,24.0,u1000,-20.431760787963867,25.139568328857422,0,1038240,0.0
z500_brown_0.002,0,4,24.0,v50,-22.934934616088867,29.34223175048828,0,1038240,0.0
z500_brown_0.002,0,4,24.0,v100,-25.026094436645508,32.71303176879883,0,1038240,0.0
z500_brown_0.002,0,4,24.0,v150,-29.512609481811523,34.76947784423828,0,1038240,0.0
z500_brown_0.002,0,4,24.0,v200,-42.445064544677734,53.335357666015625,0,1038240,0.0
z500_brown_0.002,0,4,24.0,v250,-55.13445281982422,63.16233825683594,0,1038240,0.0
z500_brown_0.002,0,4,24.0,v300,-54.23842239379883,60.661895751953125,0,1038240,0.0
z500_brown_0.002,0,4,24.0,v400,-38.77946090698242,53.00190734863281,0,1038240,0.0
z500_brown_0.002,0,4,24.0,v500,-36.5388298034668,46.0913200378418,0,1038240,0.0
z500_brown_0.002,0,4,24.0,v600,-33.31260681152344,36.933876037597656,0,1038240,0.0
z500_brown_0.002,0,4,24.0,v700,-29.956241607666016,32.057132720947266,0,1038240,0.0
z500_brown_0.002,0,4,24.0,v850,-36.65741729736328,38.78407287597656,0,1038240,0.0
z500_brown_0.002,0,4,24.0,v925,-32.073265075683594,36.681880950927734,0,1038240,0.0
z500_brown_0.002,0,4,24.0,v1000,-20.378957748413086,26.2869815826416,0,1038240,0.0
z500_brown_0.002,0,4,24.0,z50,178282.921875,208038.75,0,1038240,0.0
z500_brown_0.002,0,4,24.0,z100,140450.34375,165511.640625,0,1038240,0.0
z500_brown_0.002,0,4,24.0,z150,117386.8125,141741.390625,0,1038240,0.0
z500_brown_0.002,0,4,24.0,z200,100595.2578125,123627.8203125,0,1038240,0.0
z500_brown_0.002,0,4,24.0,z250,87301.546875,108931.859375,0,1038240,0.0
z500_brown_0.002,0,4,24.0,z300,76199.046875,96398.125,0,1038240,0.0
z500_brown_0.002,0,4,24.0,z400,58367.57421875,75583.09375,0,1038240,0.0
z500_brown_0.002,0,4,24.0,z500,44144.39453125,58800.78125,0,1038240,0.0
z500_brown_0.002,0,4,24.0,z600,32159.912109375,44669.2734375,0,1038240,0.0
z500_brown_0.002,0,4,24.0,z700,21596.25,32390.37109375,0,1038240,0.0
z500_brown_0.002,0,4,24.0,z850,7355.69189453125,16492.4609375,0,1038240,0.0
z500_brown_0.002,0,4,24.0,z925,1074.4677734375,9512.21484375,0,1038240,0.0
z500_brown_0.002,0,4,24.0,z1000,-4791.412109375,3068.01806640625,0,1038240,0.0
z500_brown_0.002,0,4,24.0,t50,180.0303192138672,234.6508026123047,0,1038240,0.0
z500_brown_0.002,0,4,24.0,t100,186.5146484375,235.38568115234375,0,1038240,0.0
z500_brown_0.002,0,4,24.0,t150,188.56765747070312,239.3572235107422,0,1038240,0.0
z500_brown_0.002,0,4,24.0,t200,192.23849487304688,241.90878295898438,0,1038240,0.0
z500_brown_0.002,0,4,24.0,t250,199.6746826171875,242.63880920410156,0,1038240,0.0
z500_brown_0.002,0,4,24.0,t300,204.74929809570312,250.16761779785156,0,1038240,0.0
z500_brown_0.002,0,4,24.0,t400,214.6383056640625,264.619384765625,0,1038240,0.0
z500_brown_0.002,0,4,24.0,t500,222.8271484375,276.62127685546875,0,1038240,0.0
z500_brown_0.002,0,4,24.0,t600,217.0934295654297,286.6383361816406,0,1038240,0.0
z500_brown_0.002,0,4,24.0,t700,215.74066162109375,295.4066467285156,0,1038240,0.0
z500_brown_0.002,0,4,24.0,t850,224.3338623046875,308.165283203125,0,1038240,0.0
z500_brown_0.002,0,4,24.0,t925,228.18467712402344,313.81573486328125,0,1038240,0.0
z500_brown_0.002,0,4,24.0,t1000,231.87257385253906,318.2935485839844,0,1038240,0.0
z500_brown_0.002,0,4,24.0,q50,1.697510469966801e-07,1.9753165361180436e-06,0,1038240,0.0
z500_brown_0.002,0,4,24.0,q100,4.764326604345115e-07,7.67300934967352e-06,0,1038240,0.0
z500_brown_0.002,0,4,24.0,q150,-5.803758540423587e-08,3.535357245709747e-05,3,1038240,2.889505316689783e-06
z500_brown_0.002,0,4,24.0,q200,-1.429141775588505e-06,0.00019477208843454719,4921,1038240,0.00473975188781014
z500_brown_0.002,0,4,24.0,q250,-1.2783562851836905e-05,0.0006223827367648482,40805,1038240,0.039302088149175525
z500_brown_0.002,0,4,24.0,q300,-1.8117454601451755e-05,0.0014741343911737204,31123,1038240,0.0299766913237787
z500_brown_0.002,0,4,24.0,q400,-6.268353899940848e-05,0.004100874066352844,53525,1038240,0.05155359069194021
z500_brown_0.002,0,4,24.0,q500,-0.00012134184362366796,0.00690223416313529,44515,1038240,0.04287544305748189
z500_brown_0.002,0,4,24.0,q600,-0.00025674502830952406,0.009479974396526814,43285,1038240,0.04169074587763908
z500_brown_0.002,0,4,24.0,q700,-0.0006537095177918673,0.013035442680120468,59704,1038240,0.05750500847588226
z500_brown_0.002,0,4,24.0,q850,-0.0010119020007550716,0.018072044476866722,72156,1038240,0.06949838187702265
z500_brown_0.002,0,4,24.0,q925,-0.0012711919844150543,0.019603118300437927,74829,1038240,0.07207293111419324
z500_brown_0.002,0,4,24.0,q1000,-0.001388773787766695,0.02463974803686142,72898,1038240,0.07021305285868393
z500_brown_0.002,0,5,30.0,u10m,-21.71149444580078,27.016817092895508,0,1038240,0.0
z500_brown_0.002,0,5,30.0,v10m,-19.779186248779297,24.1138858795166,0,1038240,0.0
z500_brown_0.002,0,5,30.0,u100m,-29.05400276184082,34.12095642089844,0,1038240,0.0
z500_brown_0.002,0,5,30.0,v100m,-26.066762924194336,32.99931335449219,0,1038240,0.0
z500_brown_0.002,0,5,30.0,t2m,205.74844360351562,316.18450927734375,0,1038240,0.0
z500_brown_0.002,0,5,30.0,sp,49072.515625,103788.28125,0,1038240,0.0
z500_brown_0.002,0,5,30.0,msl,93969.5625,103797.0859375,0,1038240,0.0
z500_brown_0.002,0,5,30.0,tcwv,-4.130058288574219,75.21121978759766,70733,1038240,0.0681277931884728
z500_brown_0.002,0,5,30.0,u50,-30.319225311279297,77.09723663330078,0,1038240,0.0
z500_brown_0.002,0,5,30.0,u100,-38.03550338745117,68.66584777832031,0,1038240,0.0
z500_brown_0.002,0,5,30.0,u150,-30.393064498901367,73.16688537597656,0,1038240,0.0
z500_brown_0.002,0,5,30.0,u200,-37.570594787597656,85.42444610595703,0,1038240,0.0
z500_brown_0.002,0,5,30.0,u250,-33.46573257446289,93.52374267578125,0,1038240,0.0
z500_brown_0.002,0,5,30.0,u300,-37.42467498779297,91.71481323242188,0,1038240,0.0
z500_brown_0.002,0,5,30.0,u400,-34.37147521972656,75.02721405029297,0,1038240,0.0
z500_brown_0.002,0,5,30.0,u500,-30.877262115478516,60.9599494934082,0,1038240,0.0
z500_brown_0.002,0,5,30.0,u600,-29.28685188293457,49.4787712097168,0,1038240,0.0
z500_brown_0.002,0,5,30.0,u700,-35.627994537353516,40.05741882324219,0,1038240,0.0
z500_brown_0.002,0,5,30.0,u850,-38.30747604370117,39.31468963623047,0,1038240,0.0
z500_brown_0.002,0,5,30.0,u925,-35.180747985839844,36.404178619384766,0,1038240,0.0
z500_brown_0.002,0,5,30.0,u1000,-21.658950805664062,26.452539443969727,0,1038240,0.0
z500_brown_0.002,0,5,30.0,v50,-23.59062957763672,27.967533111572266,0,1038240,0.0
z500_brown_0.002,0,5,30.0,v100,-21.95770835876465,31.379308700561523,0,1038240,0.0
z500_brown_0.002,0,5,30.0,v150,-28.411693572998047,33.08298873901367,0,1038240,0.0
z500_brown_0.002,0,5,30.0,v200,-42.47712326049805,51.72807312011719,0,1038240,0.0
z500_brown_0.002,0,5,30.0,v250,-54.371971130371094,63.67271423339844,0,1038240,0.0
z500_brown_0.002,0,5,30.0,v300,-53.51603698730469,66.13902282714844,0,1038240,0.0
z500_brown_0.002,0,5,30.0,v400,-39.70134735107422,56.45737838745117,0,1038240,0.0
z500_brown_0.002,0,5,30.0,v500,-37.28642654418945,48.50705337524414,0,1038240,0.0
z500_brown_0.002,0,5,30.0,v600,-33.24876403808594,39.388301849365234,0,1038240,0.0
z500_brown_0.002,0,5,30.0,v700,-28.799392700195312,32.52214431762695,0,1038240,0.0
z500_brown_0.002,0,5,30.0,v850,-36.25537109375,38.75423812866211,0,1038240,0.0
z500_brown_0.002,0,5,30.0,v925,-30.859251022338867,31.939714431762695,0,1038240,0.0
z500_brown_0.002,0,5,30.0,v1000,-20.341773986816406,24.565027236938477,0,1038240,0.0
z500_brown_0.002,0,5,30.0,z50,178072.78125,208175.96875,0,1038240,0.0
z500_brown_0.002,0,5,30.0,z100,140335.25,165621.3125,0,1038240,0.0
z500_brown_0.002,0,5,30.0,z150,117312.875,141766.09375,0,1038240,0.0
z500_brown_0.002,0,5,30.0,z200,100544.890625,123667.1875,0,1038240,0.0
z500_brown_0.002,0,5,30.0,z250,87257.8828125,108939.84375,0,1038240,0.0
z500_brown_0.002,0,5,30.0,z300,76183.3125,96394.453125,0,1038240,0.0
z500_brown_0.002,0,5,30.0,z400,58362.3828125,75591.9765625,0,1038240,0.0
z500_brown_0.002,0,5,30.0,z500,44137.60546875,58647.421875,0,1038240,0.0
z500_brown_0.002,0,5,30.0,z600,31988.392578125,44514.7734375,0,1038240,0.0
z500_brown_0.002,0,5,30.0,z700,21274.240234375,32219.62109375,0,1038240,0.0
z500_brown_0.002,0,5,30.0,z850,7283.6142578125,16517.9140625,0,1038240,0.0
z500_brown_0.002,0,5,30.0,z925,1122.7177734375,9523.12890625,0,1038240,0.0
z500_brown_0.002,0,5,30.0,z1000,-4677.46142578125,3027.6923828125,0,1038240,0.0
z500_brown_0.002,0,5,30.0,t50,179.8109588623047,234.92864990234375,0,1038240,0.0
z500_brown_0.002,0,5,30.0,t100,186.2783660888672,235.23265075683594,0,1038240,0.0
z500_brown_0.002,0,5,30.0,t150,189.11053466796875,240.01864624023438,0,1038240,0.0
z500_brown_0.002,0,5,30.0,t200,192.11367797851562,242.1234893798828,0,1038240,0.0
z500_brown_0.002,0,5,30.0,t250,199.81578063964844,242.5130157470703,0,1038240,0.0
z500_brown_0.002,0,5,30.0,t300,204.80889892578125,250.23452758789062,0,1038240,0.0
z500_brown_0.002,0,5,30.0,t400,214.09217834472656,264.1508483886719,0,1038240,0.0
z500_brown_0.002,0,5,30.0,t500,222.83909606933594,276.0257568359375,0,1038240,0.0
z500_brown_0.002,0,5,30.0,t600,216.96939086914062,289.0409851074219,0,1038240,0.0
z500_brown_0.002,0,5,30.0,t700,215.1461639404297,300.839599609375,0,1038240,0.0
z500_brown_0.002,0,5,30.0,t850,223.910888671875,312.13201904296875,0,1038240,0.0
z500_brown_0.002,0,5,30.0,t925,227.73651123046875,317.29022216796875,0,1038240,0.0
z500_brown_0.002,0,5,30.0,t1000,231.31365966796875,322.4418640136719,0,1038240,0.0
z500_brown_0.002,0,5,30.0,q50,2.115789357048925e-07,1.982776211661985e-06,0,1038240,0.0
z500_brown_0.002,0,5,30.0,q100,5.700976544176228e-07,7.222646217996953e-06,0,1038240,0.0
z500_brown_0.002,0,5,30.0,q150,-4.4267926568863913e-07,3.5022592783207074e-05,63,1038240,6.0679611650485434e-05
z500_brown_0.002,0,5,30.0,q200,-2.2192452888702974e-06,0.0002028890303336084,7397,1038240,0.007124556942518108
z500_brown_0.002,0,5,30.0,q250,-1.5604204236296937e-05,0.0006366627640090883,32131,1038240,0.03094756511018647
z500_brown_0.002,0,5,30.0,q300,-2.065078297164291e-05,0.0015164284268394113,28539,1038240,0.027487864077669903
z500_brown_0.002,0,5,30.0,q400,-6.835826206952333e-05,0.004192057065665722,50365,1038240,0.04850997842502697
z500_brown_0.002,0,5,30.0,q500,-0.00011361984070390463,0.007218089420348406,40712,1038240,0.03921251348435814
z500_brown_0.002,0,5,30.0,q600,-0.00029274309054017067,0.010798525996506214,44128,1038240,0.04250269687162891
z500_brown_0.002,0,5,30.0,q700,-0.0005520053673535585,0.013304576277732849,61849,1038240,0.05957100477731546
z500_brown_0.002,0,5,30.0,q850,-0.000838790088891983,0.017994707450270653,70108,1038240,0.06752581291416243
z500_brown_0.002,0,5,30.0,q925,-0.0010583591647446156,0.020056303590536118,72473,1038240,0.06980370627215288
z500_brown_0.002,0,5,30.0,q1000,-0.0011323303915560246,0.023933596909046173,71211,1038240,0.06858818770226537
z500_brown_0.002,0,6,36.0,u10m,-22.132970809936523,23.299482345581055,0,1038240,0.0
z500_brown_0.002,0,6,36.0,v10m,-19.48523712158203,22.847206115722656,0,1038240,0.0
z500_brown_0.002,0,6,36.0,u100m,-29.32468032836914,29.09923553466797,0,1038240,0.0
z500_brown_0.002,0,6,36.0,v100m,-25.404306411743164,31.7803955078125,0,1038240,0.0
z500_brown_0.002,0,6,36.0,t2m,204.12667846679688,322.08502197265625,0,1038240,0.0
z500_brown_0.002,0,6,36.0,sp,49000.6484375,103833.609375,0,1038240,0.0
z500_brown_0.002,0,6,36.0,msl,94192.6875,103783.0,0,1038240,0.0
z500_brown_0.002,0,6,36.0,tcwv,-3.719867706298828,75.5044937133789,67034,1038240,0.0645650331329943
z500_brown_0.002,0,6,36.0,u50,-27.42876434326172,75.8682632446289,0,1038240,0.0
z500_brown_0.002,0,6,36.0,u100,-37.70653533935547,67.94447326660156,0,1038240,0.0
z500_brown_0.002,0,6,36.0,u150,-31.963117599487305,71.17867279052734,0,1038240,0.0
z500_brown_0.002,0,6,36.0,u200,-37.26325225830078,83.00004577636719,0,1038240,0.0
z500_brown_0.002,0,6,36.0,u250,-34.47074508666992,90.77217102050781,0,1038240,0.0
z500_brown_0.002,0,6,36.0,u300,-31.747379302978516,86.57569122314453,0,1038240,0.0
z500_brown_0.002,0,6,36.0,u400,-28.24733543395996,73.01483154296875,0,1038240,0.0
z500_brown_0.002,0,6,36.0,u500,-27.763275146484375,59.6470832824707,0,1038240,0.0
z500_brown_0.002,0,6,36.0,u600,-29.986486434936523,48.4382438659668,0,1038240,0.0
z500_brown_0.002,0,6,36.0,u700,-37.37109375,40.95806884765625,0,1038240,0.0
z500_brown_0.002,0,6,36.0,u850,-37.854408264160156,36.43061447143555,0,1038240,0.0
z500_brown_0.002,0,6,36.0,u925,-35.07291030883789,31.023197174072266,0,1038240,0.0
z500_brown_0.002,0,6,36.0,u1000,-21.839340209960938,23.246950149536133,0,1038240,0.0
z500_brown_0.002,0,6,36.0,v50,-25.393430709838867,27.560331344604492,0,1038240,0.0
z500_brown_0.002,0,6,36.0,v100,-21.453378677368164,29.022310256958008,0,1038240,0.0
z500_brown_0.002,0,6,36.0,v150,-29.067523956298828,32.701419830322266,0,1038240,0.0
z500_brown_0.002,0,6,36.0,v200,-40.6501579284668,47.994998931884766,0,1038240,0.0
z500_brown_0.002,0,6,36.0,v250,-50.556121826171875,54.300750732421875,0,1038240,0.0
z500_brown_0.002,0,6,36.0,v300,-54.707645416259766,53.91728591918945,0,1038240,0.0
z500_brown_0.002,0,6,36.0,v400,-45.78324508666992,53.82649230957031,0,1038240,0.0
z500_brown_0.002,0,6,36.0,v500,-37.62321090698242,45.88722610473633,0,1038240,0.0
z500_brown_0.002,0,6,36.0,v600,-30.042675018310547,38.60389709472656,0,1038240,0.0
z500_brown_0.002,0,6,36.0,v700,-26.067346572875977,31.22124481201172,0,1038240,0.0
z500_brown_0.002,0,6,36.0,v850,-32.5027961730957,37.788414001464844,0,1038240,0.0
z500_brown_0.002,0,6,36.0,v925,-31.155445098876953,31.004680633544922,0,1038240,0.0
z500_brown_0.002,0,6,36.0,v1000,-20.4096736907959,23.545185089111328,0,1038240,0.0
z500_brown_0.002,0,6,36.0,z50,177778.078125,208346.4375,0,1038240,0.0
z500_brown_0.002,0,6,36.0,z100,140343.4375,165804.75,0,1038240,0.0
z500_brown_0.002,0,6,36.0,z150,117383.15625,141954.921875,0,1038240,0.0
z500_brown_0.002,0,6,36.0,z200,100662.9375,123788.8125,0,1038240,0.0
z500_brown_0.002,0,6,36.0,z250,87421.1953125,108870.7109375,0,1038240,0.0
z500_brown_0.002,0,6,36.0,z300,76357.9609375,96253.5859375,0,1038240,0.0
z500_brown_0.002,0,6,36.0,z400,58530.4140625,75455.671875,0,1038240,0.0
z500_brown_0.002,0,6,36.0,z500,44135.0078125,58723.75,0,1038240,0.0
z500_brown_0.002,0,6,36.0,z600,31880.859375,44603.3828125,0,1038240,0.0
z500_brown_0.002,0,6,36.0,z700,21234.38671875,32268.96875,0,1038240,0.0
z500_brown_0.002,0,6,36.0,z850,7409.6572265625,16569.791015625,0,1038240,0.0
z500_brown_0.002,0,6,36.0,z925,1300.3046875,9576.146484375,0,1038240,0.0
z500_brown_0.002,0,6,36.0,z1000,-4471.5390625,3087.31396484375,0,1038240,0.0
z500_brown_0.002,0,6,36.0,t50,179.49038696289062,235.19728088378906,0,1038240,0.0
z500_brown_0.002,0,6,36.0,t100,185.99537658691406,235.69029235839844,0,1038240,0.0
z500_brown_0.002,0,6,36.0,t150,189.07444763183594,240.2223663330078,0,1038240,0.0
z500_brown_0.002,0,6,36.0,t200,192.00888061523438,241.98191833496094,0,1038240,0.0
z500_brown_0.002,0,6,36.0,t250,200.2344207763672,242.7882537841797,0,1038240,0.0
z500_brown_0.002,0,6,36.0,t300,204.64405822753906,251.33343505859375,0,1038240,0.0
z500_brown_0.002,0,6,36.0,t400,213.6080780029297,265.4929504394531,0,1038240,0.0
z500_brown_0.002,0,6,36.0,t500,222.52633666992188,276.8248291015625,0,1038240,0.0
z500_brown_0.002,0,6,36.0,t600,217.43362426757812,291.0350036621094,0,1038240,0.0
z500_brown_0.002,0,6,36.0,t700,215.04237365722656,303.3629455566406,0,1038240,0.0
z500_brown_0.002,0,6,36.0,t850,223.51712036132812,313.70947265625,0,1038240,0.0
z500_brown_0.002,0,6,36.0,t925,227.426025390625,318.6377868652344,0,1038240,0.0
z500_brown_0.002,0,6,36.0,t1000,231.00607299804688,323.59063720703125,0,1038240,0.0
z500_brown_0.002,0,6,36.0,q50,2.488977770553902e-07,1.9891083411494037e-06,0,1038240,0.0
z500_brown_0.002,0,6,36.0,q100,6.479251624114113e-07,6.820849648647709e-06,0,1038240,0.0
z500_brown_0.002,0,6,36.0,q150,1.771804818417877e-07,3.9006885344861075e-05,0,1038240,0.0
z500_brown_0.002,0,6,36.0,q200,-3.7297304515959695e-06,0.00021334897610358894,11502,1038240,0.011078363384188626
z500_brown_0.002,0,6,36.0,q250,-1.3802749890601262e-05,0.0006453224341385067,30906,1038240,0.02976768377253814
z500_brown_0.002,0,6,36.0,q300,-1.6538790077902377e-05,0.0014782900689169765,27401,1038240,0.02639177839420558
z500_brown_0.002,0,6,36.0,q400,-5.644679185934365e-05,0.003988725133240223,48969,1038240,0.047165395284327324
z500_brown_0.002,0,6,36.0,q500,-0.00010134920012205839,0.007915443740785122,36907,1038240,0.0355476575743566
z500_brown_0.002,0,6,36.0,q600,-0.00021642097271978855,0.009869061410427094,42271,1038240,0.04071409308059794
z500_brown_0.002,0,6,36.0,q700,-0.00048431288450956345,0.012852009385824203,56809,1038240,0.05471663584527662
z500_brown_0.002,0,6,36.0,q850,-0.0006326688453555107,0.018176821991801262,65809,1038240,0.06338515179534597
z500_brown_0.002,0,6,36.0,q925,-0.0007958114147186279,0.020159905776381493,67537,1038240,0.06504950685775929
z500_brown_0.002,0,6,36.0,q1000,-0.0009281770326197147,0.02565820701420307,67190,1038240,0.06471528740946217
z500_brown_0.002,0,7,42.0,u10m,-21.94186782836914,18.602632522583008,0,1038240,0.0
z500_brown_0.002,0,7,42.0,v10m,-20.331466674804688,23.66864013671875,0,1038240,0.0
z500_brown_0.002,0,7,42.0,u100m,-28.438690185546875,24.115659713745117,0,1038240,0.0
z500_brown_0.002,0,7,42.0,v100m,-27.385011672973633,32.626800537109375,0,1038240,0.0
z500_brown_0.002,0,7,42.0,t2m,202.6654052734375,321.0466613769531,0,1038240,0.0
z500_brown_0.002,0,7,42.0,sp,49104.9453125,103867.8359375,0,1038240,0.0
z500_brown_0.002,0,7,42.0,msl,94657.578125,103827.1640625,0,1038240,0.0
z500_brown_0.002,0,7,42.0,tcwv,-2.7529525756835938,76.8407974243164,61226,1038240,0.05897095083988288
z500_brown_0.002,0,7,42.0,u50,-27.991546630859375,75.67066955566406,0,1038240,0.0
z500_brown_0.002,0,7,42.0,u100,-33.94633483886719,67.02249145507812,0,1038240,0.0
z500_brown_0.002,0,7,42.0,u150,-30.924333572387695,70.41038513183594,0,1038240,0.0
z500_brown_0.002,0,7,42.0,u200,-37.868141174316406,81.59500885009766,0,1038240,0.0
z500_brown_0.002,0,7,42.0,u250,-35.897396087646484,87.04409790039062,0,1038240,0.0
z500_brown_0.002,0,7,42.0,u300,-32.44971466064453,85.19685363769531,0,1038240,0.0
z500_brown_0.002,0,7,42.0,u400,-24.49724769592285,69.9443588256836,0,1038240,0.0
z500_brown_0.002,0,7,42.0,u500,-26.782005310058594,59.724143981933594,0,1038240,0.0
z500_brown_0.002,0,7,42.0,u600,-32.80142593383789,48.802879333496094,0,1038240,0.0
z500_brown_0.002,0,7,42.0,u700,-39.57291793823242,40.73200988769531,0,1038240,0.0
z500_brown_0.002,0,7,42.0,u850,-37.376182556152344,35.4329948425293,0,1038240,0.0
z500_brown_0.002,0,7,42.0,u925,-36.297088623046875,30.60029411315918,0,1038240,0.0
z500_brown_0.002,0,7,42.0,u1000,-21.960790634155273,20.86015510559082,0,1038240,0.0
z500_brown_0.002,0,7,42.0,v50,-26.43909454345703,25.861984252929688,0,1038240,0.0
z500_brown_0.002,0,7,42.0,v100,-21.727130889892578,25.755308151245117,0,1038240,0.0
z500_brown_0.002,0,7,42.0,v150,-28.530241012573242,32.38082504272461,0,1038240,0.0
z500_brown_0.002,0,7,42.0,v200,-40.27671432495117,47.69972610473633,0,1038240,0.0
z500_brown_0.002,0,7,42.0,v250,-53.14247512817383,52.617958068847656,0,1038240,0.0
z500_brown_0.002,0,7,42.0,v300,-58.94460678100586,54.78640365600586,0,1038240,0.0
z500_brown_0.002,0,7,42.0,v400,-54.89338302612305,55.89350509643555,0,1038240,0.0
z500_brown_0.002,0,7,42.0,v500,-39.772586822509766,48.720802307128906,0,1038240,0.0
z500_brown_0.002,0,7,42.0,v600,-28.111618041992188,39.707157135009766,0,1038240,0.0
z500_brown_0.002,0,7,42.0,v700,-24.591896057128906,32.660614013671875,0,1038240,0.0
z500_brown_0.002,0,7,42.0,v850,-33.96984100341797,35.9310188293457,0,1038240,0.0
z500_brown_0.002,0,7,42.0,v925,-34.299583435058594,31.039478302001953,0,1038240,0.0
z500_brown_0.002,0,7,42.0,v1000,-20.53017234802246,24.38636589050293,0,1038240,0.0
z500_brown_0.002,0,7,42.0,z50,177525.890625,208246.796875,0,1038240,0.0
z500_brown_0.002,0,7,42.0,z100,140318.140625,165771.984375,0,1038240,0.0
z500_brown_0.002,0,7,42.0,z150,117450.734375,141869.1875,0,1038240,0.0
z500_brown_0.002,0,7,42.0,z200,100796.1328125,123717.921875,0,1038240,0.0
z500_brown_0.002,0,7,42.0,z250,87601.25,108900.8046875,0,1038240,0.0
z500_brown_0.002,0,7,42.0,z300,76563.2578125,96392.96875,0,1038240,0.0
z500_brown_0.002,0,7,42.0,z400,58697.03515625,75591.921875,0,1038240,0.0
z500_brown_0.002,0,7,42.0,z500,44249.8984375,58723.9921875,0,1038240,0.0
z500_brown_0.002,0,7,42.0,z600,32054.51171875,44522.4375,0,1038240,0.0
z500_brown_0.002,0,7,42.0,z700,21463.6875,32293.25390625,0,1038240,0.0
z500_brown_0.002,0,7,42.0,z850,7726.7490234375,16584.3203125,0,1038240,0.0
z500_brown_0.002,0,7,42.0,z925,1646.13818359375,9590.3154296875,0,1038240,0.0
z500_brown_0.002,0,7,42.0,z1000,-4094.07080078125,3115.46875,0,1038240,0.0
z500_brown_0.002,0,7,42.0,t50,179.8211669921875,235.57220458984375,0,1038240,0.0
z500_brown_0.002,0,7,42.0,t100,186.2761993408203,235.93264770507812,0,1038240,0.0
z500_brown_0.002,0,7,42.0,t150,189.25692749023438,241.1226806640625,0,1038240,0.0
z500_brown_0.002,0,7,42.0,t200,192.1251983642578,242.03634643554688,0,1038240,0.0
z500_brown_0.002,0,7,42.0,t250,199.79345703125,243.1295166015625,0,1038240,0.0
z500_brown_0.002,0,7,42.0,t300,204.8927764892578,249.8478240966797,0,1038240,0.0
z500_brown_0.002,0,7,42.0,t400,213.84954833984375,264.4804992675781,0,1038240,0.0
z500_brown_0.002,0,7,42.0,t500,221.8052978515625,275.6808776855469,0,1038240,0.0
z500_brown_0.002,0,7,42.0,t600,215.56936645507812,288.592529296875,0,1038240,0.0
z500_brown_0.002,0,7,42.0,t700,214.48211669921875,299.1353759765625,0,1038240,0.0
z500_brown_0.002,0,7,42.0,t850,224.8916778564453,310.1998291015625,0,1038240,0.0
z500_brown_0.002,0,7,42.0,t925,228.67637634277344,315.9730224609375,0,1038240,0.0
z500_brown_0.002,0,7,42.0,t1000,232.42929077148438,321.0892639160156,0,1038240,0.0
z500_brown_0.002,0,7,42.0,q50,2.8405133889464196e-07,1.997025492528337e-06,0,1038240,0.0
z500_brown_0.002,0,7,42.0,q100,7.093042313499609e-07,6.409571142285131e-06,0,1038240,0.0
z500_brown_0.002,0,7,42.0,q150,3.8281723391264677e-07,3.8054098695283756e-05,0,1038240,0.0
z500_brown_0.002,0,7,42.0,q200,-4.057323167216964e-06,0.0002128596097463742,12675,1038240,0.012208159963014331
z500_brown_0.002,0,7,42.0,q250,-1.370908648823388e-05,0.0006464270991273224,26005,1038240,0.025047195253505933
z500_brown_0.002,0,7,42.0,q300,-2.1027139155194163e-05,0.0014349335106089711,27669,1038240,0.026649907535829867
z500_brown_0.002,0,7,42.0,q400,-6.278615910559893e-05,0.004203618969768286,45025,1038240,0.04336665896131916
z500_brown_0.002,0,7,42.0,q500,-9.121495531871915e-05,0.007443426642566919,29260,1038240,0.028182308522114348
z500_brown_0.002,0,7,42.0,q600,-0.0002548986813053489,0.00951139535754919,33473,1038240,0.0322401371551857
z500_brown_0.002,0,7,42.0,q700,-0.00045926659367978573,0.01287977583706379,53403,1038240,0.051436084142394825
z500_brown_0.002,0,7,42.0,q850,-0.0005438318476080894,0.018216725438833237,58560,1038240,0.05640314378178456
z500_brown_0.002,0,7,42.0,q925,-0.0007316088303923607,0.019708391278982162,63259,1038240,0.06092907227615965
z500_brown_0.002,0,7,42.0,q1000,-0.0008182558231055737,0.024858996272087097,62065,1038240,0.05977904916011712
z500_brown_0.002,0,8,48.0,u10m,-23.269380569458008,20.360130310058594,0,1038240,0.0
z500_brown_0.002,0,8,48.0,v10m,-24.07297706604004,23.01742935180664,0,1038240,0.0
z500_brown_0.002,0,8,48.0,u100m,-29.66024398803711,26.093503952026367,0,1038240,0.0
z500_brown_0.002,0,8,48.0,v100m,-31.891345977783203,32.0821647644043,0,1038240,0.0
z500_brown_0.002,0,8,48.0,t2m,201.46743774414062,320.2019958496094,0,1038240,0.0
z500_brown_0.002,0,8,48.0,sp,48955.87109375,103880.1484375,0,1038240,0.0
z500_brown_0.002,0,8,48.0,msl,94919.9140625,103833.4140625,0,1038240,0.0
z500_brown_0.002,0,8,48.0,tcwv,-2.6006603240966797,77.08879089355469,56364,1038240,0.05428802588996764
z500_brown_0.002,0,8,48.0,u50,-28.576080322265625,73.10050964355469,0,1038240,0.0
z500_brown_0.002,0,8,48.0,u100,-34.21907424926758,64.93463134765625,0,1038240,0.0
z500_brown_0.002,0,8,48.0,u150,-31.8406925201416,68.49323272705078,0,1038240,0.0
z500_brown_0.002,0,8,48.0,u200,-40.700218200683594,79.90088653564453,0,1038240,0.0
z500_brown_0.002,0,8,48.0,u250,-36.04273986816406,84.66120910644531,0,1038240,0.0
z500_brown_0.002,0,8,48.0,u300,-36.51304626464844,81.74260711669922,0,1038240,0.0
z500_brown_0.002,0,8,48.0,u400,-32.809173583984375,67.98973083496094,0,1038240,0.0
z500_brown_0.002,0,8,48.0,u500,-26.064289093017578,58.951236724853516,0,1038240,0.0
z500_brown_0.002,0,8,48.0,u600,-28.13474464416504,49.753334045410156,0,1038240,0.0
z500_brown_0.002,0,8,48.0,u700,-37.114986419677734,40.63144302368164,0,1038240,0.0
z500_brown_0.002,0,8,48.0,u850,-38.423160552978516,34.40220642089844,0,1038240,0.0
z500_brown_0.002,0,8,48.0,u925,-35.8642463684082,31.374181747436523,0,1038240,0.0
z500_brown_0.002,0,8,48.0,u1000,-23.229820251464844,20.61588478088379,0,1038240,0.0
z500_brown_0.002,0,8,48.0,v50,-26.25051498413086,24.509822845458984,0,1038240,0.0
z500_brown_0.002,0,8,48.0,v100,-22.222515106201172,22.66226577758789,0,1038240,0.0
z500_brown_0.002,0,8,48.0,v150,-27.47273826599121,32.64603805541992,0,1038240,0.0
z500_brown_0.002,0,8,48.0,v200,-45.95158004760742,45.32463836669922,0,1038240,0.0
z500_brown_0.002,0,8,48.0,v250,-52.89139175415039,47.56272888183594,0,1038240,0.0
z500_brown_0.002,0,8,48.0,v300,-57.851158142089844,55.96025466918945,0,1038240,0.0
z500_brown_0.002,0,8,48.0,v400,-55.6840705871582,55.19140625,0,1038240,0.0
z500_brown_0.002,0,8,48.0,v500,-42.467140197753906,48.266563415527344,0,1038240,0.0
z500_brown_0.002,0,8,48.0,v600,-29.60890769958496,38.9727897644043,0,1038240,0.0
z500_brown_0.002,0,8,48.0,v700,-26.188556671142578,32.62063217163086,0,1038240,0.0
z500_brown_0.002,0,8,48.0,v850,-37.718177795410156,35.216548919677734,0,1038240,0.0
z500_brown_0.002,0,8,48.0,v925,-35.411258697509766,31.034730911254883,0,1038240,0.0
z500_brown_0.002,0,8,48.0,v1000,-24.49220848083496,23.661935806274414,0,1038240,0.0
z500_brown_0.002,0,8,48.0,z50,177227.421875,208247.828125,0,1038240,0.0
z500_brown_0.002,0,8,48.0,z100,140360.984375,165661.71875,0,1038240,0.0
z500_brown_0.002,0,8,48.0,z150,117617.6796875,141655.15625,0,1038240,0.0
z500_brown_0.002,0,8,48.0,z200,100984.6796875,123636.5390625,0,1038240,0.0
z500_brown_0.002,0,8,48.0,z250,87778.421875,109002.078125,0,1038240,0.0
z500_brown_0.002,0,8,48.0,z300,76744.6953125,96461.96875,0,1038240,0.0
z500_brown_0.002,0,8,48.0,z400,58820.23046875,75573.546875,0,1038240,0.0
z500_brown_0.002,0,8,48.0,z500,44393.5390625,58801.54296875,0,1038240,0.0
z500_brown_0.002,0,8,48.0,z600,32217.1953125,44595.265625,0,1038240,0.0
z500_brown_0.002,0,8,48.0,z700,21638.80859375,32362.83984375,0,1038240,0.0
z500_brown_0.002,0,8,48.0,z850,7915.1357421875,16616.251953125,0,1038240,0.0
z500_brown_0.002,0,8,48.0,z925,1847.662109375,9600.02734375,0,1038240,0.0
z500_brown_0.002,0,8,48.0,z1000,-3874.3125,3118.68408203125,0,1038240,0.0
z500_brown_0.002,0,8,48.0,t50,179.98785400390625,235.70169067382812,0,1038240,0.0
z500_brown_0.002,0,8,48.0,t100,186.71026611328125,236.33778381347656,0,1038240,0.0
z500_brown_0.002,0,8,48.0,t150,190.11892700195312,241.36732482910156,0,1038240,0.0
z500_brown_0.002,0,8,48.0,t200,192.32989501953125,241.7529296875,0,1038240,0.0
z500_brown_0.002,0,8,48.0,t250,199.4614715576172,243.6459197998047,0,1038240,0.0
z500_brown_0.002,0,8,48.0,t300,204.694091796875,250.23472595214844,0,1038240,0.0
z500_brown_0.002,0,8,48.0,t400,214.44802856445312,264.4364318847656,0,1038240,0.0
z500_brown_0.002,0,8,48.0,t500,221.51303100585938,275.6092834472656,0,1038240,0.0
z500_brown_0.002,0,8,48.0,t600,212.08209228515625,286.54681396484375,0,1038240,0.0
z500_brown_0.002,0,8,48.0,t700,214.2127227783203,295.7898254394531,0,1038240,0.0
z500_brown_0.002,0,8,48.0,t850,223.79287719726562,308.6041564941406,0,1038240,0.0
z500_brown_0.002,0,8,48.0,t925,227.57516479492188,314.3842468261719,0,1038240,0.0
z500_brown_0.002,0,8,48.0,t1000,231.3575439453125,318.9427490234375,0,1038240,0.0
z500_brown_0.002,0,8,48.0,q50,3.22091636917321e-07,2.0050226794410264e-06,0,1038240,0.0
z500_brown_0.002,0,8,48.0,q100,7.811966042936547e-07,6.078947080823127e-06,0,1038240,0.0
z500_brown_0.002,0,8,48.0,q150,2.2314816305879503e-07,3.398639819351956e-05,0,1038240,0.0
z500_brown_0.002,0,8,48.0,q200,-4.129926310270093e-06,0.00019423470075707883,12310,1038240,0.011856603482817075
z500_brown_0.002,0,8,48.0,q250,-1.104078910429962e-05,0.0006339395768009126,23615,1038240,0.022745222684543074
z500_brown_0.002,0,8,48.0,q300,-2.8868933441117406e-05,0.0014783750521019101,22784,1038240,0.021944829711820005
z500_brown_0.002,0,8,48.0,q400,-6.158280302770436e-05,0.004341329447925091,38541,1038240,0.03712147480351364
z500_brown_0.002,0,8,48.0,q500,-0.00011366652324795723,0.007152688689529896,31792,1038240,0.030621051009400525
z500_brown_0.002,0,8,48.0,q600,-0.00020417245104908943,0.009577627293765545,28819,1038240,0.027757551240560948
z500_brown_0.002,0,8,48.0,q700,-0.0003782752901315689,0.012879755347967148,45643,1038240,0.04396189705655725
z500_brown_0.002,0,8,48.0,q850,-0.0005588908679783344,0.018215881660580635,51275,1038240,0.04938646170442287
z500_brown_0.002,0,8,48.0,q925,-0.0006445734761655331,0.01953912526369095,54760,1038240,0.0527431037139775
z500_brown_0.002,0,8,48.0,q1000,-0.0008433735929429531,0.024845093488693237,55667,1038240,0.05361669748805671
z500_brown_0.002,0,9,54.0,u10m,-22.316370010375977,21.400712966918945,0,1038240,0.0
z500_brown_0.002,0,9,54.0,v10m,-20.129589080810547,22.984508514404297,0,1038240,0.0
z500_brown_0.002,0,9,54.0,u100m,-28.916637420654297,27.767780303955078,0,1038240,0.0
z500_brown_0.002,0,9,54.0,v100m,-26.454143524169922,29.793243408203125,0,1038240,0.0
z500_brown_0.002,0,9,54.0,t2m,200.0710906982422,315.7739562988281,0,1038240,0.0
z500_brown_0.002,0,9,54.0,sp,49011.41015625,103854.546875,0,1038240,0.0
z500_brown_0.002,0,9,54.0,msl,95096.734375,103801.828125,0,1038240,0.0
z500_brown_0.002,0,9,54.0,tcwv,-2.220104217529297,78.44709777832031,49020,1038240,0.04721451687471105
z500_brown_0.002,0,9,54.0,u50,-30.790531158447266,72.24613952636719,0,1038240,0.0
z500_brown_0.002,0,9,54.0,u100,-33.4671516418457,63.424530029296875,0,1038240,0.0
z500_brown_0.002,0,9,54.0,u150,-32.94805145263672,67.55609893798828,0,1038240,0.0
z500_brown_0.002,0,9,54.0,u200,-39.82048034667969,81.31107330322266,0,1038240,0.0
z500_brown_0.002,0,9,54.0,u250,-35.17023849487305,82.01799011230469,0,1038240,0.0
z500_brown_0.002,0,9,54.0,u300,-36.85823059082031,77.27205657958984,0,1038240,0.0
z500_brown_0.002,0,9,54.0,u400,-34.79131317138672,63.165618896484375,0,1038240,0.0
z500_brown_0.002,0,9,54.0,u500,-26.16469955444336,54.28226089477539,0,1038240,0.0
z500_brown_0.002,0,9,54.0,u600,-28.55034828186035,45.17289352416992,0,1038240,0.0
z500_brown_0.002,0,9,54.0,u700,-32.4520149230957,36.12060546875,0,1038240,0.0
z500_brown_0.002,0,9,54.0,u850,-38.012454986572266,33.0816764831543,0,1038240,0.0
z500_brown_0.002,0,9,54.0,u925,-36.611907958984375,34.45677947998047,0,1038240,0.0
z500_brown_0.002,0,9,54.0,u1000,-23.217426300048828,21.71506690979004,0,1038240,0.0
z500_brown_0.002,0,9,54.0,v50,-24.54950714111328,21.894882202148438,0,1038240,0.0
z500_brown_0.002,0,9,54.0,v100,-23.722082138061523,21.143571853637695,0,1038240,0.0
z500_brown_0.002,0,9,54.0,v150,-29.184335708618164,31.14800262451172,0,1038240,0.0
z500_brown_0.002,0,9,54.0,v200,-43.9315299987793,45.24760055541992,0,1038240,0.0
z500_brown_0.002,0,9,54.0,v250,-52.166587829589844,50.30107498168945,0,1038240,0.0
z500_brown_0.002,0,9,54.0,v300,-54.981868743896484,57.03443145751953,0,1038240,0.0
z500_brown_0.002,0,9,54.0,v400,-48.51835632324219,57.840362548828125,0,1038240,0.0
z500_brown_0.002,0,9,54.0,v500,-43.64825439453125,51.18163299560547,0,1038240,0.0
z500_brown_0.002,0,9,54.0,v600,-32.88499069213867,39.06575012207031,0,1038240,0.0
z500_brown_0.002,0,9,54.0,v700,-28.479785919189453,35.2551383972168,0,1038240,0.0
z500_brown_0.002,0,9,54.0,v850,-33.17165756225586,36.72772216796875,0,1038240,0.0
z500_brown_0.002,0,9,54.0,v925,-31.725046157836914,36.82398223876953,0,1038240,0.0
z500_brown_0.002,0,9,54.0,v1000,-20.67896842956543,23.628578186035156,0,1038240,0.0
z500_brown_0.002,0,9,54.0,z50,176973.828125,208367.0,0,1038240,0.0
z500_brown_0.002,0,9,54.0,z100,140336.328125,165838.140625,0,1038240,0.0
z500_brown_0.002,0,9,54.0,z150,117640.921875,141902.625,0,1038240,0.0
z500_brown_0.002,0,9,54.0,z200,100933.4375,123804.0625,0,1038240,0.0
z500_brown_0.002,0,9,54.0,z250,87747.59375,109022.4453125,0,1038240,0.0
z500_brown_0.002,0,9,54.0,z300,76716.8125,96496.328125,0,1038240,0.0
z500_brown_0.002,0,9,54.0,z400,58759.9765625,75632.359375,0,1038240,0.0
z500_brown_0.002,0,9,54.0,z500,44360.796875,58782.5234375,0,1038240,0.0
z500_brown_0.002,0,9,54.0,z600,32208.73828125,44585.3671875,0,1038240,0.0
z500_brown_0.002,0,9,54.0,z700,21684.41015625,32340.736328125,0,1038240,0.0
z500_brown_0.002,0,9,54.0,z850,8019.5908203125,16581.15234375,0,1038240,0.0
z500_brown_0.002,0,9,54.0,z925,1981.6826171875,9556.4072265625,0,1038240,0.0
z500_brown_0.002,0,9,54.0,z1000,-3715.314453125,3082.38818359375,0,1038240,0.0
z500_brown_0.002,0,9,54.0,t50,180.21913146972656,235.83340454101562,0,1038240,0.0
z500_brown_0.002,0,9,54.0,t100,186.95028686523438,236.60604858398438,0,1038240,0.0
z500_brown_0.002,0,9,54.0,t150,190.5070343017578,241.82339477539062,0,1038240,0.0
z500_brown_0.002,0,9,54.0,t200,192.8318634033203,241.62496948242188,0,1038240,0.0
z500_brown_0.002,0,9,54.0,t250,199.91366577148438,243.63555908203125,0,1038240,0.0
z500_brown_0.002,0,9,54.0,t300,203.52725219726562,251.0033416748047,0,1038240,0.0
z500_brown_0.002,0,9,54.0,t400,213.6504364013672,264.6889343261719,0,1038240,0.0
z500_brown_0.002,0,9,54.0,t500,220.0083465576172,275.9632568359375,0,1038240,0.0
z500_brown_0.002,0,9,54.0,t600,210.19903564453125,288.5321044921875,0,1038240,0.0
z500_brown_0.002,0,9,54.0,t700,212.15585327148438,299.93292236328125,0,1038240,0.0
z500_brown_0.002,0,9,54.0,t850,222.02796936035156,311.8040466308594,0,1038240,0.0
z500_brown_0.002,0,9,54.0,t925,225.8137969970703,316.65740966796875,0,1038240,0.0
z500_brown_0.002,0,9,54.0,t1000,229.4046173095703,321.7862548828125,0,1038240,0.0
z500_brown_0.002,0,9,54.0,q50,3.6068558983970433e-07,2.0126728941249894e-06,0,1038240,0.0
z500_brown_0.002,0,9,54.0,q100,8.636569646114367e-07,5.781103027402423e-06,0,1038240,0.0
z500_brown_0.002,0,9,54.0,q150,-5.489437171490863e-08,3.5151057090843096e-05,73,1038240,7.031129603945137e-05
z500_brown_0.002,0,9,54.0,q200,-6.150436092866585e-06,0.0002113323862431571,10152,1038240,0.009778085991678225
z500_brown_0.002,0,9,54.0,q250,-1.3588196452474222e-05,0.0006953076808713377,20050,1038240,0.019311527199876714
z500_brown_0.002,0,9,54.0,q300,-2.412270987406373e-05,0.001581369200721383,19830,1038240,0.019099630143319463
z500_brown_0.002,0,9,54.0,q400,-6.03503140155226e-05,0.00437864800915122,36355,1038240,0.035015988596085686
z500_brown_0.002,0,9,54.0,q500,-0.00013210519682615995,0.007840447127819061,26667,1038240,0.025684812760055478
z500_brown_0.002,0,9,54.0,q600,-0.00017609656788408756,0.011011367663741112,21861,1038240,0.021055825242718446
z500_brown_0.002,0,9,54.0,q700,-0.0004543506074696779,0.013197602704167366,44398,1038240,0.04276275235013099
z500_brown_0.002,0,9,54.0,q850,-0.0005718083120882511,0.018307900056242943,48839,1038240,0.04704018338727076
z500_brown_0.002,0,9,54.0,q925,-0.0006123315542936325,0.020510779693722725,56068,1038240,0.05400292803205425
z500_brown_0.002,0,9,54.0,q1000,-0.0006207735277712345,0.024745618924498558,54800,1038240,0.05278163045153336
z500_brown_0.002,0,10,60.0,u10m,-24.264076232910156,20.875858306884766,0,1038240,0.0
z500_brown_0.002,0,10,60.0,v10m,-20.094833374023438,23.147830963134766,0,1038240,0.0
z500_brown_0.002,0,10,60.0,u100m,-31.101791381835938,26.813819885253906,0,1038240,0.0
z500_brown_0.002,0,10,60.0,v100m,-26.01957130432129,29.430343627929688,0,1038240,0.0
z500_brown_0.002,0,10,60.0,t2m,200.30552673339844,321.6271057128906,0,1038240,0.0
z500_brown_0.002,0,10,60.0,sp,48971.6953125,103892.703125,0,1038240,0.0
z500_brown_0.002,0,10,60.0,msl,95220.140625,103841.59375,0,1038240,0.0
z500_brown_0.002,0,10,60.0,tcwv,-2.3933067321777344,78.9484634399414,40773,1038240,0.039271266759130834
z500_brown_0.002,0,10,60.0,u50,-29.167850494384766,69.68124389648438,0,1038240,0.0
z500_brown_0.002,0,10,60.0,u100,-32.79086685180664,60.101470947265625,0,1038240,0.0
z500_brown_0.002,0,10,60.0,u150,-31.875349044799805,67.23529052734375,0,1038240,0.0
z500_brown_0.002,0,10,60.0,u200,-36.201011657714844,82.67559814453125,0,1038240,0.0
z500_brown_0.002,0,10,60.0,u250,-33.59458541870117,79.01741027832031,0,1038240,0.0
z500_brown_0.002,0,10,60.0,u300,-29.624927520751953,76.87681579589844,0,1038240,0.0
z500_brown_0.002,0,10,60.0,u400,-28.205373764038086,64.24644470214844,0,1038240,0.0
z500_brown_0.002,0,10,60.0,u500,-28.09915542602539,53.0040283203125,0,1038240,0.0
z500_brown_0.002,0,10,60.0,u600,-29.955556869506836,43.0086555480957,0,1038240,0.0
z500_brown_0.002,0,10,60.0,u700,-35.77786636352539,35.71703338623047,0,1038240,0.0
z500_brown_0.002,0,10,60.0,u850,-40.63029861450195,30.77976417541504,0,1038240,0.0
z500_brown_0.002,0,10,60.0,u925,-36.800655364990234,32.823997497558594,0,1038240,0.0
z500_brown_0.002,0,10,60.0,u1000,-24.121986389160156,21.55070686340332,0,1038240,0.0
z500_brown_0.002,0,10,60.0,v50,-24.393985748291016,21.29648780822754,0,1038240,0.0
z500_brown_0.002,0,10,60.0,v100,-25.3895320892334,22.69675636291504,0,1038240,0.0
z500_brown_0.002,0,10,60.0,v150,-31.374303817749023,33.2540168762207,0,1038240,0.0
z500_brown_0.002,0,10,60.0,v200,-47.61839294433594,43.65334701538086,0,1038240,0.0
z500_brown_0.002,0,10,60.0,v250,-55.29203414916992,51.591888427734375,0,1038240,0.0
z500_brown_0.002,0,10,60.0,v300,-57.188873291015625,57.690643310546875,0,1038240,0.0
z500_brown_0.002,0,10,60.0,v400,-51.34061050415039,56.582725524902344,0,1038240,0.0
z500_brown_0.002,0,10,60.0,v500,-44.09587097167969,49.463645935058594,0,1038240,0.0
z500_brown_0.002,0,10,60.0,v600,-34.029624938964844,38.61102294921875,0,1038240,0.0
z500_brown_0.002,0,10,60.0,v700,-27.797752380371094,34.782554626464844,0,1038240,0.0
z500_brown_0.002,0,10,60.0,v850,-31.65796661376953,34.58765411376953,0,1038240,0.0
z500_brown_0.002,0,10,60.0,v925,-33.37458038330078,35.83333969116211,0,1038240,0.0
z500_brown_0.002,0,10,60.0,v1000,-21.587291717529297,23.677265167236328,0,1038240,0.0
z500_brown_0.002,0,10,60.0,z50,176782.71875,208509.40625,0,1038240,0.0
z500_brown_0.002,0,10,60.0,z100,140269.140625,166035.859375,0,1038240,0.0
z500_brown_0.002,0,10,60.0,z150,117516.703125,142153.6875,0,1038240,0.0
z500_brown_0.002,0,10,60.0,z200,100690.1484375,123958.28125,0,1038240,0.0
z500_brown_0.002,0,10,60.0,z250,87464.890625,108986.2734375,0,1038240,0.0
z500_brown_0.002,0,10,60.0,z300,76626.4921875,96402.8046875,0,1038240,0.0
z500_brown_0.002,0,10,60.0,z400,58739.8828125,75561.5078125,0,1038240,0.0
z500_brown_0.002,0,10,60.0,z500,44344.203125,58726.73046875,0,1038240,0.0
z500_brown_0.002,0,10,60.0,z600,32221.9375,44575.25390625,0,1038240,0.0
z500_brown_0.002,0,10,60.0,z700,21741.458984375,32346.6875,0,1038240,0.0
z500_brown_0.002,0,10,60.0,z850,8121.34716796875,16585.33203125,0,1038240,0.0
z500_brown_0.002,0,10,60.0,z925,2081.81103515625,9557.75390625,0,1038240,0.0
z500_brown_0.002,0,10,60.0,z1000,-3608.24072265625,3107.8388671875,0,1038240,0.0
z500_brown_0.002,0,10,60.0,t50,180.18576049804688,235.94729614257812,0,1038240,0.0
z500_brown_0.002,0,10,60.0,t100,186.97515869140625,237.20407104492188,0,1038240,0.0
z500_brown_0.002,0,10,60.0,t150,190.73287963867188,241.9358673095703,0,1038240,0.0
z500_brown_0.002,0,10,60.0,t200,192.99635314941406,241.67112731933594,0,1038240,0.0
z500_brown_0.002,0,10,60.0,t250,198.98602294921875,243.79469299316406,0,1038240,0.0
z500_brown_0.002,0,10,60.0,t300,202.72073364257812,250.99618530273438,0,1038240,0.0
z500_brown_0.002,0,10,60.0,t400,213.3221435546875,265.92724609375,0,1038240,0.0
z500_brown_0.002,0,10,60.0,t500,219.3096923828125,278.4256591796875,0,1038240,0.0
z500_brown_0.002,0,10,60.0,t600,213.11520385742188,290.4239196777344,0,1038240,0.0
z500_brown_0.002,0,10,60.0,t700,210.87326049804688,303.1926574707031,0,1038240,0.0
z500_brown_0.002,0,10,60.0,t850,220.8291015625,313.824951171875,0,1038240,0.0
z500_brown_0.002,0,10,60.0,t925,224.49586486816406,319.012939453125,0,1038240,0.0
z500_brown_0.002,0,10,60.0,t1000,228.1044464111328,324.234619140625,0,1038240,0.0
z500_brown_0.002,0,10,60.0,q50,3.9541237129014917e-07,2.017645556406933e-06,0,1038240,0.0
z500_brown_0.002,0,10,60.0,q100,9.439849009140744e-07,5.516509190783836e-06,0,1038240,0.0
z500_brown_0.002,0,10,60.0,q150,2.231627149740234e-08,4.391556649352424e-05,0,1038240,0.0
z500_brown_0.002,0,10,60.0,q200,-8.18538319435902e-06,0.00021718656353186816,9400,1038240,0.009053783325627986
z500_brown_0.002,0,10,60.0,q250,-1.3715685781789944e-05,0.0006901876186020672,16551,1038240,0.01594140083217753
z500_brown_0.002,0,10,60.0,q300,-2.375719486735761e-05,0.001619432121515274,16212,1038240,0.015614886731391586
z500_brown_0.002,0,10,60.0,q400,-7.060810457915068e-05,0.004474132787436247,32196,1038240,0.031010171058714748
z500_brown_0.002,0,10,60.0,q500,-0.00020669959485530853,0.008123423904180527,24075,1038240,0.023188280166435506
z500_brown_0.002,0,10,60.0,q600,-0.00023690576199442148,0.00995984859764576,18921,1038240,0.018224110032362458
z500_brown_0.002,0,10,60.0,q700,-0.00041822041384875774,0.013009782880544662,37098,1038240,0.035731622746185854
z500_brown_0.002,0,10,60.0,q850,-0.0004878104664385319,0.018411001190543175,42575,1038240,0.0410068962860225
z500_brown_0.002,0,10,60.0,q925,-0.0005072839558124542,0.02058616280555725,50356,1038240,0.048501309909076896
z500_brown_0.002,0,10,60.0,q1000,-0.0006462708115577698,0.025555454194545746,47516,1038240,0.045765911542610574
z500_brown_0.002,0,11,66.0,u10m,-26.1512508392334,21.282739639282227,0,1038240,0.0
z500_brown_0.002,0,11,66.0,v10m,-22.98360252380371,22.652603149414062,0,1038240,0.0
z500_brown_0.002,0,11,66.0,u100m,-33.99697494506836,27.24342918395996,0,1038240,0.0
z500_brown_0.002,0,11,66.0,v100m,-29.805938720703125,29.12238883972168,0,1038240,0.0
z500_brown_0.002,0,11,66.0,t2m,201.0216064453125,320.8657531738281,0,1038240,0.0
z500_brown_0.002,0,11,66.0,sp,49144.046875,103864.28125,0,1038240,0.0
z500_brown_0.002,0,11,66.0,msl,95515.453125,103814.59375,0,1038240,0.0
z500_brown_0.002,0,11,66.0,tcwv,-2.027599334716797,78.95275115966797,31862,1038240,0.030688472800123285
z500_brown_0.002,0,11,66.0,u50,-28.883155822753906,69.71513366699219,0,1038240,0.0
z500_brown_0.002,0,11,66.0,u100,-30.09450912475586,59.04525375366211,0,1038240,0.0
z500_brown_0.002,0,11,66.0,u150,-33.060447692871094,69.38392639160156,0,1038240,0.0
z500_brown_0.002,0,11,66.0,u200,-34.606239318847656,84.67808532714844,0,1038240,0.0
z500_brown_0.002,0,11,66.0,u250,-36.98251724243164,80.86613464355469,0,1038240,0.0
z500_brown_0.002,0,11,66.0,u300,-32.255855560302734,76.48756408691406,0,1038240,0.0
z500_brown_0.002,0,11,66.0,u400,-30.995325088500977,64.13362121582031,0,1038240,0.0
z500_brown_0.002,0,11,66.0,u500,-32.400333404541016,54.59541320800781,0,1038240,0.0
z500_brown_0.002,0,11,66.0,u600,-28.737565994262695,43.496578216552734,0,1038240,0.0
z500_brown_0.002,0,11,66.0,u700,-31.43722152709961,37.69674301147461,0,1038240,0.0
z500_brown_0.002,0,11,66.0,u850,-43.903533935546875,33.363834381103516,0,1038240,0.0
z500_brown_0.002,0,11,66.0,u925,-40.434207916259766,33.04189682006836,0,1038240,0.0
z500_brown_0.002,0,11,66.0,u1000,-26.21222686767578,22.64877700805664,0,1038240,0.0
z500_brown_0.002,0,11,66.0,v50,-22.324941635131836,20.153060913085938,0,1038240,0.0
z500_brown_0.002,0,11,66.0,v100,-24.895753860473633,20.706024169921875,0,1038240,0.0
z500_brown_0.002,0,11,66.0,v150,-34.85643005371094,33.53907012939453,0,1038240,0.0
z500_brown_0.002,0,11,66.0,v200,-47.047386169433594,42.18169021606445,0,1038240,0.0
z500_brown_0.002,0,11,66.0,v250,-55.504066467285156,46.780433654785156,0,1038240,0.0
z500_brown_0.002,0,11,66.0,v300,-54.3241081237793,51.83675765991211,0,1038240,0.0
z500_brown_0.002,0,11,66.0,v400,-52.804443359375,54.36347961425781,0,1038240,0.0
z500_brown_0.002,0,11,66.0,v500,-43.6859245300293,47.37936019897461,0,1038240,0.0
z500_brown_0.002,0,11,66.0,v600,-37.111087799072266,37.39496994018555,0,1038240,0.0
z500_brown_0.002,0,11,66.0,v700,-31.76580238342285,33.332603454589844,0,1038240,0.0
z500_brown_0.002,0,11,66.0,v850,-32.43692398071289,35.75955581665039,0,1038240,0.0
z500_brown_0.002,0,11,66.0,v925,-30.014949798583984,37.20769119262695,0,1038240,0.0
z500_brown_0.002,0,11,66.0,v1000,-23.531673431396484,23.045291900634766,0,1038240,0.0
z500_brown_0.002,0,11,66.0,z50,176715.375,208390.640625,0,1038240,0.0
z500_brown_0.002,0,11,66.0,z100,140183.53125,166101.3125,0,1038240,0.0
z500_brown_0.002,0,11,66.0,z150,117403.375,142017.5625,0,1038240,0.0
z500_brown_0.002,0,11,66.0,z200,100558.5234375,123862.203125,0,1038240,0.0
z500_brown_0.002,0,11,66.0,z250,87313.8984375,109124.890625,0,1038240,0.0
z500_brown_0.002,0,11,66.0,z300,76457.0390625,96616.3203125,0,1038240,0.0
z500_brown_0.002,0,11,66.0,z400,58818.08203125,75781.75,0,1038240,0.0
z500_brown_0.002,0,11,66.0,z500,44436.0234375,58813.00390625,0,1038240,0.0
z500_brown_0.002,0,11,66.0,z600,32365.38671875,44532.1484375,0,1038240,0.0
z500_brown_0.002,0,11,66.0,z700,21929.55859375,32306.466796875,0,1038240,0.0
z500_brown_0.002,0,11,66.0,z850,8337.44140625,16547.01953125,0,1038240,0.0
z500_brown_0.002,0,11,66.0,z925,2315.0615234375,9516.099609375,0,1038240,0.0
z500_brown_0.002,0,11,66.0,z1000,-3374.0986328125,3075.517578125,0,1038240,0.0
z500_brown_0.002,0,11,66.0,t50,180.39602661132812,236.0895233154297,0,1038240,0.0
z500_brown_0.002,0,11,66.0,t100,187.4844970703125,237.63414001464844,0,1038240,0.0
z500_brown_0.002,0,11,66.0,t150,191.40760803222656,242.72694396972656,0,1038240,0.0
z500_brown_0.002,0,11,66.0,t200,192.88409423828125,242.6237335205078,0,1038240,0.0
z500_brown_0.002,0,11,66.0,t250,198.29632568359375,243.61569213867188,0,1038240,0.0
z500_brown_0.002,0,11,66.0,t300,202.33663940429688,250.69712829589844,0,1038240,0.0
z500_brown_0.002,0,11,66.0,t400,212.8785400390625,265.0557556152344,0,1038240,0.0
z500_brown_0.002,0,11,66.0,t500,219.30078125,275.8186340332031,0,1038240,0.0
z500_brown_0.002,0,11,66.0,t600,213.015380859375,288.6510009765625,0,1038240,0.0
z500_brown_0.002,0,11,66.0,t700,212.1254119873047,299.8362121582031,0,1038240,0.0
z500_brown_0.002,0,11,66.0,t850,219.93296813964844,310.3692626953125,0,1038240,0.0
z500_brown_0.002,0,11,66.0,t925,223.63720703125,315.61669921875,0,1038240,0.0
z500_brown_0.002,0,11,66.0,t1000,227.19186401367188,320.6077575683594,0,1038240,0.0
z500_brown_0.002,0,11,66.0,q50,4.3267277760605793e-07,2.025861249421723e-06,0,1038240,0.0
z500_brown_0.002,0,11,66.0,q100,1.0109670256497338e-06,5.249768037174363e-06,0,1038240,0.0
z500_brown_0.002,0,11,66.0,q150,1.8573518900666386e-07,4.0918886952567846e-05,0,1038240,0.0
z500_brown_0.002,0,11,66.0,q200,-8.112525392789394e-06,0.00021313641627784818,10902,1038240,0.010500462320850671
z500_brown_0.002,0,11,66.0,q250,-1.3784705515718088e-05,0.0006800378323532641,16591,1038240,0.015979927569733394
z500_brown_0.002,0,11,66.0,q300,-2.7969435905106366e-05,0.0016068816184997559,17549,1038240,0.016902642934196334
z500_brown_0.002,0,11,66.0,q400,-7.097437628544867e-05,0.004450828768312931,27300,1038240,0.026294498381877023
z500_brown_0.002,0,11,66.0,q500,-8.251110557466745e-05,0.007701373193413019,15156,1038240,0.014597780859916783
z500_brown_0.002,0,11,66.0,q600,-0.00023067800793796778,0.009797397069633007,17799,1038240,0.01714343504392048
z500_brown_0.002,0,11,66.0,q700,-0.0003731141332536936,0.01259494386613369,38366,1038240,0.03695292032670673
z500_brown_0.002,0,11,66.0,q850,-0.0006578518077731133,0.018812650814652443,41400,1038240,0.039875173370319004
z500_brown_0.002,0,11,66.0,q925,-0.0005487860180437565,0.020310331135988235,47781,1038240,0.04602115117891817
z500_brown_0.002,0,11,66.0,q1000,-0.0006351848132908344,0.025939831510186195,41789,1038240,0.04024984589304978
z500_brown_0.002,0,12,72.0,u10m,-21.79624366760254,22.072715759277344,0,1038240,0.0
z500_brown_0.002,0,12,72.0,v10m,-23.000638961791992,21.246288299560547,0,1038240,0.0
z500_brown_0.002,0,12,72.0,u100m,-27.84198760986328,28.054275512695312,0,1038240,0.0
z500_brown_0.002,0,12,72.0,v100m,-29.902772903442383,26.557727813720703,0,1038240,0.0
z500_brown_0.002,0,12,72.0,t2m,202.27786254882812,320.02008056640625,0,1038240,0.0
z500_brown_0.002,0,12,72.0,sp,49049.21875,103852.9375,0,1038240,0.0
z500_brown_0.002,0,12,72.0,msl,95902.484375,103811.9140625,0,1038240,0.0
z500_brown_0.002,0,12,72.0,tcwv,-2.0361289978027344,76.1798324584961,34061,1038240,0.0328064801972569
z500_brown_0.002,0,12,72.0,u50,-30.058475494384766,68.28323364257812,0,1038240,0.0
z500_brown_0.002,0,12,72.0,u100,-31.140888214111328,58.460201263427734,0,1038240,0.0
z500_brown_0.002,0,12,72.0,u150,-33.441612243652344,69.3653335571289,0,1038240,0.0
z500_brown_0.002,0,12,72.0,u200,-35.613525390625,84.2560043334961,0,1038240,0.0
z500_brown_0.002,0,12,72.0,u250,-36.69982147216797,83.79649353027344,0,1038240,0.0
z500_brown_0.002,0,12,72.0,u300,-32.930694580078125,76.99068450927734,0,1038240,0.0
z500_brown_0.002,0,12,72.0,u400,-36.70240783691406,63.464683532714844,0,1038240,0.0
z500_brown_0.002,0,12,72.0,u500,-39.51482391357422,53.486595153808594,0,1038240,0.0
z500_brown_0.002,0,12,72.0,u600,-35.515830993652344,43.666072845458984,0,1038240,0.0
z500_brown_0.002,0,12,72.0,u700,-30.660011291503906,38.68492126464844,0,1038240,0.0
z500_brown_0.002,0,12,72.0,u850,-37.32106018066406,32.88412857055664,0,1038240,0.0
z500_brown_0.002,0,12,72.0,u925,-35.84368896484375,34.53853225708008,0,1038240,0.0
z500_brown_0.002,0,12,72.0,u1000,-21.897315979003906,22.510883331298828,0,1038240,0.0
z500_brown_0.002,0,12,72.0,v50,-22.79969596862793,21.01438331604004,0,1038240,0.0
z500_brown_0.002,0,12,72.0,v100,-23.980934143066406,21.798559188842773,0,1038240,0.0
z500_brown_0.002,0,12,72.0,v150,-35.954219818115234,34.68651580810547,0,1038240,0.0
z500_brown_0.002,0,12,72.0,v200,-46.21722412109375,42.730716705322266,0,1038240,0.0
z500_brown_0.002,0,12,72.0,v250,-56.18873596191406,48.38077163696289,0,1038240,0.0
z500_brown_0.002,0,12,72.0,v300,-56.03044128417969,51.42806625366211,0,1038240,0.0
z500_brown_0.002,0,12,72.0,v400,-51.581787109375,50.40361785888672,0,1038240,0.0
z500_brown_0.002,0,12,72.0,v500,-43.58616256713867,44.75580596923828,0,1038240,0.0
z500_brown_0.002,0,12,72.0,v600,-35.423851013183594,34.78396987915039,0,1038240,0.0
z500_brown_0.002,0,12,72.0,v700,-28.99012565612793,30.48494529724121,0,1038240,0.0
z500_brown_0.002,0,12,72.0,v850,-30.65569305419922,31.600271224975586,0,1038240,0.0
z500_brown_0.002,0,12,72.0,v925,-30.312503814697266,33.00041198730469,0,1038240,0.0
z500_brown_0.002,0,12,72.0,v1000,-23.28748893737793,21.243566513061523,0,1038240,0.0
z500_brown_0.002,0,12,72.0,z50,176656.875,208413.6875,0,1038240,0.0
z500_brown_0.002,0,12,72.0,z100,140199.5,165985.703125,0,1038240,0.0
z500_brown_0.002,0,12,72.0,z150,117400.7265625,141872.28125,0,1038240,0.0
z500_brown_0.002,0,12,72.0,z200,100552.375,123870.6328125,0,1038240,0.0
z500_brown_0.002,0,12,72.0,z250,87312.046875,109257.96875,0,1038240,0.0
z500_brown_0.002,0,12,72.0,z300,76451.59375,96720.8046875,0,1038240,0.0
z500_brown_0.002,0,12,72.0,z400,59034.51171875,75812.78125,0,1038240,0.0
z500_brown_0.002,0,12,72.0,z500,44654.38671875,58781.4609375,0,1038240,0.0
z500_brown_0.002,0,12,72.0,z600,32617.345703125,44571.6796875,0,1038240,0.0
z500_brown_0.002,0,12,72.0,z700,22232.4921875,32338.86328125,0,1038240,0.0
z500_brown_0.002,0,12,72.0,z850,8620.046875,16548.873046875,0,1038240,0.0
z500_brown_0.002,0,12,72.0,z925,2596.751953125,9509.4755859375,0,1038240,0.0
z500_brown_0.002,0,12,72.0,z1000,-3120.3125,3073.46044921875,0,1038240,0.0
z500_brown_0.002,0,12,72.0,t50,180.0858154296875,236.2884979248047,0,1038240,0.0
z500_brown_0.002,0,12,72.0,t100,186.95401000976562,238.22975158691406,0,1038240,0.0
z500_brown_0.002,0,12,72.0,t150,191.1875762939453,243.19630432128906,0,1038240,0.0
z500_brown_0.002,0,12,72.0,t200,192.02981567382812,243.42440795898438,0,1038240,0.0
z500_brown_0.002,0,12,72.0,t250,197.93307495117188,243.84396362304688,0,1038240,0.0
z500_brown_0.002,0,12,72.0,t300,201.8430938720703,250.83633422851562,0,1038240,0.0
z500_brown_0.002,0,12,72.0,t400,212.04330444335938,264.32330322265625,0,1038240,0.0
z500_brown_0.002,0,12,72.0,t500,219.2464599609375,275.00604248046875,0,1038240,0.0
z500_brown_0.002,0,12,72.0,t600,211.74298095703125,286.7428894042969,0,1038240,0.0
z500_brown_0.002,0,12,72.0,t700,211.21530151367188,295.1944885253906,0,1038240,0.0
z500_brown_0.002,0,12,72.0,t850,219.19915771484375,309.7471923828125,0,1038240,0.0
z500_brown_0.002,0,12,72.0,t925,222.74710083007812,314.9470520019531,0,1038240,0.0
z500_brown_0.002,0,12,72.0,t1000,226.2602996826172,319.82550048828125,0,1038240,0.0
z500_brown_0.002,0,12,72.0,q50,4.610969881468918e-07,2.0345073608041275e-06,0,1038240,0.0
z500_brown_0.002,0,12,72.0,q100,1.0658609426172916e-06,5.044582394475583e-06,0,1038240,0.0
z500_brown_0.002,0,12,72.0,q150,3.607442522479687e-07,3.474991171970032e-05,0,1038240,0.0
z500_brown_0.002,0,12,72.0,q200,-6.7954570113215595e-06,0.00020054803462699056,10096,1038240,0.009724148559100015
z500_brown_0.002,0,12,72.0,q250,-1.2485306797316298e-05,0.0006795689114369452,18569,1038240,0.017885074741870857
z500_brown_0.002,0,12,72.0,q300,-2.3256201529875398e-05,0.0015896722907200456,19650,1038240,0.018926259824318076
z500_brown_0.002,0,12,72.0,q400,-4.8160116421058774e-05,0.004279779735952616,24555,1038240,0.023650601017105873
z500_brown_0.002,0,12,72.0,q500,-8.140539284795523e-05,0.0073349252343177795,14125,1038240,0.013604754199414393
z500_brown_0.002,0,12,72.0,q600,-0.00019334221724420786,0.009922751225531101,17400,1038240,0.01675913083680074
z500_brown_0.002,0,12,72.0,q700,-0.00042011518962681293,0.012729700654745102,28932,1038240,0.027866389274156265
z500_brown_0.002,0,12,72.0,q850,-0.0006082113832235336,0.018417587503790855,36083,1038240,0.03475400678070581
z500_brown_0.002,0,12,72.0,q925,-0.0005898694507777691,0.02036883868277073,40341,1038240,0.03885517799352751
z500_brown_0.002,0,12,72.0,q1000,-0.0006419899873435497,0.025858687236905098,37466,1038240,0.0360860687316998
z500_brown_0.002,0,13,78.0,u10m,-18.569259643554688,20.620540618896484,0,1038240,0.0
z500_brown_0.002,0,13,78.0,v10m,-25.451242446899414,18.587345123291016,0,1038240,0.0
z500_brown_0.002,0,13,78.0,u100m,-24.83624267578125,25.920656204223633,0,1038240,0.0
z500_brown_0.002,0,13,78.0,v100m,-32.228858947753906,23.24692726135254,0,1038240,0.0
z500_brown_0.002,0,13,78.0,t2m,202.70237731933594,316.01580810546875,0,1038240,0.0
z500_brown_0.002,0,13,78.0,sp,49067.75,103782.9140625,0,1038240,0.0
z500_brown_0.002,0,13,78.0,msl,95951.3046875,103743.8515625,0,1038240,0.0
z500_brown_0.002,0,13,78.0,tcwv,-1.9851264953613281,75.17382049560547,33569,1038240,0.032332601325319774
z500_brown_0.002,0,13,78.0,u50,-31.892898559570312,68.86507415771484,0,1038240,0.0
z500_brown_0.002,0,13,78.0,u100,-31.24679946899414,57.026180267333984,0,1038240,0.0
z500_brown_0.002,0,13,78.0,u150,-34.15351104736328,69.36675262451172,0,1038240,0.0
z500_brown_0.002,0,13,78.0,u200,-36.01458740234375,84.66136932373047,0,1038240,0.0
z500_brown_0.002,0,13,78.0,u250,-36.99419403076172,83.81900024414062,0,1038240,0.0
z500_brown_0.002,0,13,78.0,u300,-33.27984619140625,77.3450927734375,0,1038240,0.0
z500_brown_0.002,0,13,78.0,u400,-36.31990051269531,60.33009338378906,0,1038240,0.0
z500_brown_0.002,0,13,78.0,u500,-40.59070587158203,51.88328170776367,0,1038240,0.0
z500_brown_0.002,0,13,78.0,u600,-37.164527893066406,45.3140869140625,0,1038240,0.0
z500_brown_0.002,0,13,78.0,u700,-29.93541717529297,38.789466857910156,0,1038240,0.0
z500_brown_0.002,0,13,78.0,u850,-31.945039749145508,34.76224136352539,0,1038240,0.0
z500_brown_0.002,0,13,78.0,u925,-30.402053833007812,33.257469177246094,0,1038240,0.0
z500_brown_0.002,0,13,78.0,u1000,-20.550256729125977,24.004507064819336,0,1038240,0.0
z500_brown_0.002,0,13,78.0,v50,-22.98807144165039,19.61348533630371,0,1038240,0.0
z500_brown_0.002,0,13,78.0,v100,-22.14203643798828,22.17285919189453,0,1038240,0.0
z500_brown_0.002,0,13,78.0,v150,-34.877769470214844,35.47475814819336,0,1038240,0.0
z500_brown_0.002,0,13,78.0,v200,-44.45830154418945,43.97752380371094,0,1038240,0.0
z500_brown_0.002,0,13,78.0,v250,-56.09941101074219,46.65704345703125,0,1038240,0.0
z500_brown_0.002,0,13,78.0,v300,-56.247154235839844,49.880584716796875,0,1038240,0.0
z500_brown_0.002,0,13,78.0,v400,-59.763519287109375,49.13238525390625,0,1038240,0.0
z500_brown_0.002,0,13,78.0,v500,-50.65699005126953,43.4079475402832,0,1038240,0.0
z500_brown_0.002,0,13,78.0,v600,-35.54153823852539,32.952911376953125,0,1038240,0.0
z500_brown_0.002,0,13,78.0,v700,-32.454368591308594,29.902551651000977,0,1038240,0.0
z500_brown_0.002,0,13,78.0,v850,-35.408103942871094,28.97873878479004,0,1038240,0.0
z500_brown_0.002,0,13,78.0,v925,-32.46934127807617,29.486730575561523,0,1038240,0.0
z500_brown_0.002,0,13,78.0,v1000,-25.88256072998047,21.009811401367188,0,1038240,0.0
z500_brown_0.002,0,13,78.0,z50,176674.625,208528.234375,0,1038240,0.0
z500_brown_0.002,0,13,78.0,z100,140175.40625,166109.5625,0,1038240,0.0
z500_brown_0.002,0,13,78.0,z150,117350.671875,142001.40625,0,1038240,0.0
z500_brown_0.002,0,13,78.0,z200,100511.6484375,123846.7109375,0,1038240,0.0
z500_brown_0.002,0,13,78.0,z250,87264.546875,109248.25,0,1038240,0.0
z500_brown_0.002,0,13,78.0,z300,76413.625,96728.09375,0,1038240,0.0
z500_brown_0.002,0,13,78.0,z400,59143.0859375,75855.515625,0,1038240,0.0
z500_brown_0.002,0,13,78.0,z500,44790.68359375,58847.0234375,0,1038240,0.0
z500_brown_0.002,0,13,78.0,z600,32763.52734375,44535.83203125,0,1038240,0.0
z500_brown_0.002,0,13,78.0,z700,22363.9296875,32306.50390625,0,1038240,0.0
z500_brown_0.002,0,13,78.0,z850,8756.921875,16498.05859375,0,1038240,0.0
z500_brown_0.002,0,13,78.0,z925,2766.55224609375,9447.6171875,0,1038240,0.0
z500_brown_0.002,0,13,78.0,z1000,-3228.220703125,3017.013671875,0,1038240,0.0
z500_brown_0.002,0,13,78.0,t50,179.92208862304688,236.676025390625,0,1038240,0.0
z500_brown_0.002,0,13,78.0,t100,185.74984741210938,238.62351989746094,0,1038240,0.0
z500_brown_0.002,0,13,78.0,t150,188.84133911132812,244.0372314453125,0,1038240,0.0
z500_brown_0.002,0,13,78.0,t200,191.53622436523438,244.09890747070312,0,1038240,0.0
z500_brown_0.002,0,13,78.0,t250,197.80780029296875,244.03274536132812,0,1038240,0.0
z500_brown_0.002,0,13,78.0,t300,201.7696533203125,250.62948608398438,0,1038240,0.0
z500_brown_0.002,0,13,78.0,t400,211.9027557373047,264.6112365722656,0,1038240,0.0
z500_brown_0.002,0,13,78.0,t500,218.95086669921875,276.28082275390625,0,1038240,0.0
z500_brown_0.002,0,13,78.0,t600,209.41213989257812,288.277099609375,0,1038240,0.0
z500_brown_0.002,0,13,78.0,t700,212.03408813476562,299.9707336425781,0,1038240,0.0
z500_brown_0.002,0,13,78.0,t850,219.88209533691406,312.27874755859375,0,1038240,0.0
z500_brown_0.002,0,13,78.0,t925,223.50108337402344,317.04229736328125,0,1038240,0.0
z500_brown_0.002,0,13,78.0,t1000,227.0367889404297,322.05230712890625,0,1038240,0.0
z500_brown_0.002,0,13,78.0,q50,4.939229256706312e-07,2.042350160991191e-06,0,1038240,0.0
z500_brown_0.002,0,13,78.0,q100,1.0694191132643027e-06,4.859754426433938e-06,0,1038240,0.0
z500_brown_0.002,0,13,78.0,q150,2.370784386585001e-07,3.603204095270485e-05,0,1038240,0.0
z500_brown_0.002,0,13,78.0,q200,-7.116957931430079e-06,0.0001989198790397495,9826,1038240,0.009464093080597934
z500_brown_0.002,0,13,78.0,q250,-9.41460530157201e-06,0.000676727679092437,19731,1038240,0.0190042764678687
z500_brown_0.002,0,13,78.0,q300,-2.4745429982431233e-05,0.0015804253052920103,19969,1038240,0.01923351055632609
z500_brown_0.002,0,13,78.0,q400,-4.055091994814575e-05,0.00421800184994936,26148,1038240,0.025184928340268146
z500_brown_0.002,0,13,78.0,q500,-0.00011928105959668756,0.007834025658667088,13505,1038240,0.013007589767298506
z500_brown_0.002,0,13,78.0,q600,-0.00019781605806201696,0.01131477952003479,14500,1038240,0.013965942364000616
z500_brown_0.002,0,13,78.0,q700,-0.00038469256833195686,0.013245174661278725,34700,1038240,0.03342194482971182
z500_brown_0.002,0,13,78.0,q850,-0.0006101983599364758,0.018512867391109467,39998,1038240,0.038524811218985974
z500_brown_0.002,0,13,78.0,q925,-0.0005554314702749252,0.02108200080692768,48931,1038240,0.04712879488364925
z500_brown_0.002,0,13,78.0,q1000,-0.0006105131469666958,0.025904269888997078,39512,1038240,0.03805671135768223
z500_brown_0.002,0,14,84.0,u10m,-22.23958969116211,19.307485580444336,0,1038240,0.0
z500_brown_0.002,0,14,84.0,v10m,-24.451448440551758,17.101167678833008,0,1038240,0.0
z500_brown_0.002,0,14,84.0,u100m,-29.01654815673828,24.297542572021484,0,1038240,0.0
z500_brown_0.002,0,14,84.0,v100m,-31.17430305480957,20.948410034179688,0,1038240,0.0
z500_brown_0.002,0,14,84.0,t2m,202.88592529296875,321.6744384765625,0,1038240,0.0
z500_brown_0.002,0,14,84.0,sp,48978.89453125,103760.8359375,0,1038240,0.0
z500_brown_0.002,0,14,84.0,msl,95897.2109375,103731.9140625,0,1038240,0.0
z500_brown_0.002,0,14,84.0,tcwv,-2.092081069946289,75.51634216308594,31909,1038240,0.030733741716751424
z500_brown_0.002,0,14,84.0,u50,-30.292709350585938,68.08882141113281,0,1038240,0.0
z500_brown_0.002,0,14,84.0,u100,-30.957565307617188,55.834022521972656,0,1038240,0.0
z500_brown_0.002,0,14,84.0,u150,-35.045936584472656,69.23927307128906,0,1038240,0.0
z500_brown_0.002,0,14,84.0,u200,-36.04718780517578,86.0697250366211,0,1038240,0.0
z500_brown_0.002,0,14,84.0,u250,-36.54533386230469,85.97525024414062,0,1038240,0.0
z500_brown_0.002,0,14,84.0,u300,-32.56271743774414,79.60595703125,0,1038240,0.0
z500_brown_0.002,0,14,84.0,u400,-39.66316223144531,59.257080078125,0,1038240,0.0
z500_brown_0.002,0,14,84.0,u500,-36.879764556884766,51.26533126831055,0,1038240,0.0
z500_brown_0.002,0,14,84.0,u600,-33.98063278198242,45.13752746582031,0,1038240,0.0
z500_brown_0.002,0,14,84.0,u700,-28.117450714111328,38.55241394042969,0,1038240,0.0
z500_brown_0.002,0,14,84.0,u850,-32.71063232421875,36.40597915649414,0,1038240,0.0
z500_brown_0.002,0,14,84.0,u925,-34.62804412841797,30.539587020874023,0,1038240,0.0
z500_brown_0.002,0,14,84.0,u1000,-21.4665470123291,22.446949005126953,0,1038240,0.0
z500_brown_0.002,0,14,84.0,v50,-23.4541072845459,20.557754516601562,0,1038240,0.0
z500_brown_0.002,0,14,84.0,v100,-21.512588500976562,21.63664436340332,0,1038240,0.0
z500_brown_0.002,0,14,84.0,v150,-35.233055114746094,36.795955657958984,0,1038240,0.0
z500_brown_0.002,0,14,84.0,v200,-45.00654602050781,47.14646911621094,0,1038240,0.0
z500_brown_0.002,0,14,84.0,v250,-54.22856521606445,46.88444900512695,0,1038240,0.0
z500_brown_0.002,0,14,84.0,v300,-56.26841735839844,45.469783782958984,0,1038240,0.0
z500_brown_0.002,0,14,84.0,v400,-60.543922424316406,47.010589599609375,0,1038240,0.0
z500_brown_0.002,0,14,84.0,v500,-51.64397430419922,42.17451858520508,0,1038240,0.0
z500_brown_0.002,0,14,84.0,v600,-39.569610595703125,36.14905548095703,0,1038240,0.0
z500_brown_0.002,0,14,84.0,v700,-34.35677719116211,30.968000411987305,0,1038240,0.0
z500_brown_0.002,0,14,84.0,v850,-36.80828094482422,26.325286865234375,0,1038240,0.0
z500_brown_0.002,0,14,84.0,v925,-31.378049850463867,27.413875579833984,0,1038240,0.0
z500_brown_0.002,0,14,84.0,v1000,-24.90189552307129,18.693622589111328,0,1038240,0.0
z500_brown_0.002,0,14,84.0,z50,176582.015625,208633.671875,0,1038240,0.0
z500_brown_0.002,0,14,84.0,z100,140189.78125,166245.75,0,1038240,0.0
z500_brown_0.002,0,14,84.0,z150,117372.09375,142230.640625,0,1038240,0.0
z500_brown_0.002,0,14,84.0,z200,100528.4296875,123952.5390625,0,1038240,0.0
z500_brown_0.002,0,14,84.0,z250,87283.3671875,109064.421875,0,1038240,0.0
z500_brown_0.002,0,14,84.0,z300,76424.9375,96556.0234375,0,1038240,0.0
z500_brown_0.002,0,14,84.0,z400,59136.31640625,75707.7890625,0,1038240,0.0
z500_brown_0.002,0,14,84.0,z500,45049.17578125,58726.01953125,0,1038240,0.0
z500_brown_0.002,0,14,84.0,z600,32988.4453125,44499.359375,0,1038240,0.0
z500_brown_0.002,0,14,84.0,z700,22603.890625,32282.615234375,0,1038240,0.0
z500_brown_0.002,0,14,84.0,z850,8878.9296875,16489.6015625,0,1038240,0.0
z500_brown_0.002,0,14,84.0,z925,2654.6240234375,9435.341796875,0,1038240,0.0
z500_brown_0.002,0,14,84.0,z1000,-3264.7548828125,3006.8798828125,0,1038240,0.0
z500_brown_0.002,0,14,84.0,t50,179.22239685058594,237.06179809570312,0,1038240,0.0
z500_brown_0.002,0,14,84.0,t100,184.4710693359375,239.11561584472656,0,1038240,0.0
z500_brown_0.002,0,14,84.0,t150,187.578857421875,243.90216064453125,0,1038240,0.0
z500_brown_0.002,0,14,84.0,t200,192.18045043945312,243.7438201904297,0,1038240,0.0
z500_brown_0.002,0,14,84.0,t250,197.80763244628906,244.49330139160156,0,1038240,0.0
z500_brown_0.002,0,14,84.0,t300,202.17333984375,251.1168975830078,0,1038240,0.0
z500_brown_0.002,0,14,84.0,t400,211.9483184814453,265.8208312988281,0,1038240,0.0
z500_brown_0.002,0,14,84.0,t500,218.78817749023438,278.5989685058594,0,1038240,0.0
z500_brown_0.002,0,14,84.0,t600,209.20188903808594,291.1495361328125,0,1038240,0.0
z500_brown_0.002,0,14,84.0,t700,213.5719757080078,302.830322265625,0,1038240,0.0
z500_brown_0.002,0,14,84.0,t850,221.50599670410156,313.3919677734375,0,1038240,0.0
z500_brown_0.002,0,14,84.0,t925,225.04214477539062,318.3984375,0,1038240,0.0
z500_brown_0.002,0,14,84.0,t1000,228.63392639160156,323.54998779296875,0,1038240,0.0
z500_brown_0.002,0,14,84.0,q50,5.269932898954721e-07,2.0471190964599373e-06,0,1038240,0.0
z500_brown_0.002,0,14,84.0,q100,1.0383459994045552e-06,4.718069249065593e-06,0,1038240,0.0
z500_brown_0.002,0,14,84.0,q150,2.4588644009782e-07,4.481427822611295e-05,0,1038240,0.0
z500_brown_0.002,0,14,84.0,q200,-6.6900174715556204e-06,0.00022732643992640078,11111,1038240,0.010701764524580059
z500_brown_0.002,0,14,84.0,q250,-1.2184533261461183e-05,0.0006438971613533795,19096,1038240,0.018392664509169362
z500_brown_0.002,0,14,84.0,q300,-2.8757305699400604e-05,0.001530577428638935,20923,1038240,0.02015237324703344
z500_brown_0.002,0,14,84.0,q400,-0.00014109149924479425,0.004131725057959557,28034,1038240,0.027001464016027123
z500_brown_0.002,0,14,84.0,q500,-0.00015863834414631128,0.007905367761850357,13186,1038240,0.01270033903529049
z500_brown_0.002,0,14,84.0,q600,-0.0001634268555790186,0.010196131654083729,13266,1038240,0.012777392510402219
z500_brown_0.002,0,14,84.0,q700,-0.00038368371315300465,0.013229485601186752,26406,1038240,0.02543342579750347
z500_brown_0.002,0,14,84.0,q850,-0.0004629967734217644,0.018705690279603004,37719,1038240,0.03632975034674064
z500_brown_0.002,0,14,84.0,q925,-0.0005223853513598442,0.021260902285575867,46600,1038240,0.044883649252581294
z500_brown_0.002,0,14,84.0,q1000,-0.0006105704233050346,0.02545034885406494,35289,1038240,0.033989251040221914
z500_brown_0.002,0,15,90.0,u10m,-25.08003044128418,18.444461822509766,0,1038240,0.0
z500_brown_0.002,0,15,90.0,v10m,-22.06021499633789,17.245832443237305,0,1038240,0.0
z500_brown_0.002,0,15,90.0,u100m,-32.229122161865234,23.09794044494629,0,1038240,0.0
z500_brown_0.002,0,15,90.0,v100m,-27.834177017211914,21.155216217041016,0,1038240,0.0
z500_brown_0.002,0,15,90.0,t2m,202.80824279785156,320.7934265136719,0,1038240,0.0
z500_brown_0.002,0,15,90.0,sp,49108.0078125,103720.0390625,0,1038240,0.0
z500_brown_0.002,0,15,90.0,msl,95620.5078125,103684.9375,0,1038240,0.0
z500_brown_0.002,0,15,90.0,tcwv,-2.0752525329589844,77.9925537109375,28560,1038240,0.02750809061488673
z500_brown_0.002,0,15,90.0,u50,-30.231182098388672,69.27913665771484,0,1038240,0.0
z500_brown_0.002,0,15,90.0,u100,-31.86286163330078,56.26702880859375,0,1038240,0.0
z500_brown_0.002,0,15,90.0,u150,-39.648704528808594,71.27079772949219,0,1038240,0.0
z500_brown_0.002,0,15,90.0,u200,-35.00023651123047,86.29097747802734,0,1038240,0.0
z500_brown_0.002,0,15,90.0,u250,-35.416996002197266,86.15830993652344,0,1038240,0.0
z500_brown_0.002,0,15,90.0,u300,-41.125770568847656,81.04948425292969,0,1038240,0.0
z500_brown_0.002,0,15,90.0,u400,-42.51512145996094,58.4766845703125,0,1038240,0.0
z500_brown_0.002,0,15,90.0,u500,-35.952640533447266,49.03740692138672,0,1038240,0.0
z500_brown_0.002,0,15,90.0,u600,-27.211074829101562,42.318328857421875,0,1038240,0.0
z500_brown_0.002,0,15,90.0,u700,-29.632244110107422,38.35588455200195,0,1038240,0.0
z500_brown_0.002,0,15,90.0,u850,-38.090538024902344,37.11991500854492,0,1038240,0.0
z500_brown_0.002,0,15,90.0,u925,-38.52544021606445,31.08654022216797,0,1038240,0.0
z500_brown_0.002,0,15,90.0,u1000,-24.382408142089844,20.271766662597656,0,1038240,0.0
z500_brown_0.002,0,15,90.0,v50,-23.28314781188965,19.650592803955078,0,1038240,0.0
z500_brown_0.002,0,15,90.0,v100,-19.013471603393555,23.164443969726562,0,1038240,0.0
z500_brown_0.002,0,15,90.0,v150,-34.864845275878906,35.625545501708984,0,1038240,0.0
z500_brown_0.002,0,15,90.0,v200,-43.09724807739258,47.2142219543457,0,1038240,0.0
z500_brown_0.002,0,15,90.0,v250,-53.6983642578125,54.50640106201172,0,1038240,0.0
z500_brown_0.002,0,15,90.0,v300,-53.61213302612305,56.1181755065918,0,1038240,0.0
z500_brown_0.002,0,15,90.0,v400,-57.52791213989258,51.13086700439453,0,1038240,0.0
z500_brown_0.002,0,15,90.0,v500,-52.386512756347656,46.56179428100586,0,1038240,0.0
z500_brown_0.002,0,15,90.0,v600,-42.28843688964844,39.31501007080078,0,1038240,0.0
z500_brown_0.002,0,15,90.0,v700,-33.358245849609375,31.439626693725586,0,1038240,0.0
z500_brown_0.002,0,15,90.0,v850,-33.25934600830078,26.967453002929688,0,1038240,0.0
z500_brown_0.002,0,15,90.0,v925,-32.390342712402344,27.431964874267578,0,1038240,0.0
z500_brown_0.002,0,15,90.0,v1000,-22.1315860748291,19.444095611572266,0,1038240,0.0
z500_brown_0.002,0,15,90.0,z50,176510.171875,208529.515625,0,1038240,0.0
z500_brown_0.002,0,15,90.0,z100,140157.96875,166369.96875,0,1038240,0.0
z500_brown_0.002,0,15,90.0,z150,117318.8515625,142241.015625,0,1038240,0.0
z500_brown_0.002,0,15,90.0,z200,100456.796875,123970.5625,0,1038240,0.0
z500_brown_0.002,0,15,90.0,z250,87193.2109375,109190.078125,0,1038240,0.0
z500_brown_0.002,0,15,90.0,z300,76307.6484375,96678.2421875,0,1038240,0.0
z500_brown_0.002,0,15,90.0,z400,59019.98046875,75823.40625,0,1038240,0.0
z500_brown_0.002,0,15,90.0,z500,45261.140625,58826.59765625,0,1038240,0.0
z500_brown_0.002,0,15,90.0,z600,33204.41015625,44417.77734375,0,1038240,0.0
z500_brown_0.002,0,15,90.0,z700,22610.33984375,32206.7734375,0,1038240,0.0
z500_brown_0.002,0,15,90.0,z850,8607.224609375,16435.208984375,0,1038240,0.0
z500_brown_0.002,0,15,90.0,z925,2410.75732421875,9387.978515625,0,1038240,0.0
z500_brown_0.002,0,15,90.0,z1000,-3386.13037109375,2969.80810546875,0,1038240,0.0
z500_brown_0.002,0,15,90.0,t50,179.15597534179688,237.39547729492188,0,1038240,0.0
z500_brown_0.002,0,15,90.0,t100,184.40762329101562,239.3587646484375,0,1038240,0.0
z500_brown_0.002,0,15,90.0,t150,186.70986938476562,244.26194763183594,0,1038240,0.0
z500_brown_0.002,0,15,90.0,t200,192.80947875976562,243.5218505859375,0,1038240,0.0
z500_brown_0.002,0,15,90.0,t250,198.01080322265625,244.6913604736328,0,1038240,0.0
z500_brown_0.002,0,15,90.0,t300,202.3616485595703,250.4105224609375,0,1038240,0.0
z500_brown_0.002,0,15,90.0,t400,211.86886596679688,264.7266540527344,0,1038240,0.0
z500_brown_0.002,0,15,90.0,t500,218.0529022216797,275.403076171875,0,1038240,0.0
z500_brown_0.002,0,15,90.0,t600,208.31704711914062,287.37969970703125,0,1038240,0.0
z500_brown_0.002,0,15,90.0,t700,213.63662719726562,296.9383544921875,0,1038240,0.0
z500_brown_0.002,0,15,90.0,t850,222.48069763183594,309.2781677246094,0,1038240,0.0
z500_brown_0.002,0,15,90.0,t925,226.1573486328125,314.97100830078125,0,1038240,0.0
z500_brown_0.002,0,15,90.0,t1000,229.302734375,320.39666748046875,0,1038240,0.0
z500_brown_0.002,0,15,90.0,q50,5.626811798720155e-07,2.0599695744749624e-06,0,1038240,0.0
z500_brown_0.002,0,15,90.0,q100,1.02566218629363e-06,4.6465956984320655e-06,0,1038240,0.0
z500_brown_0.002,0,15,90.0,q150,-1.31154138216516e-07,4.122123937122524e-05,6,1038240,5.779010633379566e-06
z500_brown_0.002,0,15,90.0,q200,-7.5499792728805915e-06,0.00021608415408991277,11089,1038240,0.010680574818924333
z500_brown_0.002,0,15,90.0,q250,-1.2610584235517308e-05,0.0006970620015636086,17717,1038240,0.01706445523193096
z500_brown_0.002,0,15,90.0,q300,-3.3442338462919e-05,0.0015132222324609756,19719,1038240,0.01899271844660194
z500_brown_0.002,0,15,90.0,q400,-6.335970829240978e-05,0.004264745861291885,31116,1038240,0.029969949144706427
z500_brown_0.002,0,15,90.0,q500,-0.00011788890697062016,0.007594159804284573,13242,1038240,0.0127542764678687
z500_brown_0.002,0,15,90.0,q600,-0.00021716835908591747,0.0100321089848876,14563,1038240,0.014026621975651101
z500_brown_0.002,0,15,90.0,q700,-0.00042190123349428177,0.013044686987996101,36115,1038240,0.0347848281707505
z500_brown_0.002,0,15,90.0,q850,-0.000522972084581852,0.0186636783182621,40930,1038240,0.0394224842040376
z500_brown_0.002,0,15,90.0,q925,-0.00044853612780570984,0.02105565369129181,51699,1038240,0.04979484512251502
z500_brown_0.002,0,15,90.0,q1000,-0.0005161343142390251,0.02536056376993656,39706,1038240,0.03824356603482817
z500_brown_0.002,0,16,96.0,u10m,-22.474075317382812,18.969070434570312,0,1038240,0.0
z500_brown_0.002,0,16,96.0,v10m,-20.35141372680664,21.257661819458008,0,1038240,0.0
z500_brown_0.002,0,16,96.0,u100m,-29.5142822265625,23.261259078979492,0,1038240,0.0
z500_brown_0.002,0,16,96.0,v100m,-25.807470321655273,26.9627742767334,0,1038240,0.0
z500_brown_0.002,0,16,96.0,t2m,202.68203735351562,317.02142333984375,0,1038240,0.0
z500_brown_0.002,0,16,96.0,sp,48952.83984375,103675.3515625,0,1038240,0.0
z500_brown_0.002,0,16,96.0,msl,95425.921875,103646.140625,0,1038240,0.0
z500_brown_0.002,0,16,96.0,tcwv,-2.550661087036133,76.43809509277344,36505,1038240,0.03516046386192017
z500_brown_0.002,0,16,96.0,u50,-30.54467010498047,68.73957824707031,0,1038240,0.0
z500_brown_0.002,0,16,96.0,u100,-31.418987274169922,57.55498504638672,0,1038240,0.0
z500_brown_0.002,0,16,96.0,u150,-40.404640197753906,73.51761627197266,0,1038240,0.0
z500_brown_0.002,0,16,96.0,u200,-34.44037628173828,85.09452056884766,0,1038240,0.0
z500_brown_0.002,0,16,96.0,u250,-34.706703186035156,86.79795837402344,0,1038240,0.0
z500_brown_0.002,0,16,96.0,u300,-34.39015197753906,80.32971954345703,0,1038240,0.0
z500_brown_0.002,0,16,96.0,u400,-42.353179931640625,59.463233947753906,0,1038240,0.0
z500_brown_0.002,0,16,96.0,u500,-36.61579895019531,49.743343353271484,0,1038240,0.0
z500_brown_0.002,0,16,96.0,u600,-32.432586669921875,42.056358337402344,0,1038240,0.0
z500_brown_0.002,0,16,96.0,u700,-34.90666198730469,39.47418975830078,0,1038240,0.0
z500_brown_0.002,0,16,96.0,u850,-40.709808349609375,38.909061431884766,0,1038240,0.0
z500_brown_0.002,0,16,96.0,u925,-33.29780578613281,32.90504455566406,0,1038240,0.0
z500_brown_0.002,0,16,96.0,u1000,-22.352340698242188,19.91145896911621,0,1038240,0.0
z500_brown_0.002,0,16,96.0,v50,-22.653240203857422,21.10773468017578,0,1038240,0.0
z500_brown_0.002,0,16,96.0,v100,-17.90554428100586,25.312650680541992,0,1038240,0.0
z500_brown_0.002,0,16,96.0,v150,-33.919456481933594,37.354801177978516,0,1038240,0.0
z500_brown_0.002,0,16,96.0,v200,-42.5847053527832,50.35261154174805,0,1038240,0.0
z500_brown_0.002,0,16,96.0,v250,-53.11116027832031,57.73219299316406,0,1038240,0.0
z500_brown_0.002,0,16,96.0,v300,-51.451072692871094,61.19480514526367,0,1038240,0.0
z500_brown_0.002,0,16,96.0,v400,-56.152252197265625,52.86784744262695,0,1038240,0.0
z500_brown_0.002,0,16,96.0,v500,-49.90711975097656,50.397274017333984,0,1038240,0.0
z500_brown_0.002,0,16,96.0,v600,-39.086631774902344,42.983646392822266,0,1038240,0.0
z500_brown_0.002,0,16,96.0,v700,-32.85019302368164,33.746429443359375,0,1038240,0.0
z500_brown_0.002,0,16,96.0,v850,-31.346792221069336,31.536405563354492,0,1038240,0.0
z500_brown_0.002,0,16,96.0,v925,-31.026241302490234,30.920602798461914,0,1038240,0.0
z500_brown_0.002,0,16,96.0,v1000,-20.61593246459961,20.970041275024414,0,1038240,0.0
z500_brown_0.002,0,16,96.0,z50,176400.21875,208514.359375,0,1038240,0.0
z500_brown_0.002,0,16,96.0,z100,140138.5625,166236.875,0,1038240,0.0
z500_brown_0.002,0,16,96.0,z150,117288.609375,142087.765625,0,1038240,0.0
z500_brown_0.002,0,16,96.0,z200,100395.4453125,123890.734375,0,1038240,0.0
z500_brown_0.002,0,16,96.0,z250,87118.65625,109254.1171875,0,1038240,0.0
z500_brown_0.002,0,16,96.0,z300,76239.6484375,96697.921875,0,1038240,0.0
z500_brown_0.002,0,16,96.0,z400,58993.7734375,75753.21875,0,1038240,0.0
z500_brown_0.002,0,16,96.0,z500,45084.52734375,58690.9453125,0,1038240,0.0
z500_brown_0.002,0,16,96.0,z600,32959.46484375,44428.85546875,0,1038240,0.0
z500_brown_0.002,0,16,96.0,z700,22350.96484375,32211.166015625,0,1038240,0.0
z500_brown_0.002,0,16,96.0,z850,8405.9375,16431.43359375,0,1038240,0.0
z500_brown_0.002,0,16,96.0,z925,2246.26953125,9378.0322265625,0,1038240,0.0
z500_brown_0.002,0,16,96.0,z1000,-3654.23681640625,2943.966796875,0,1038240,0.0
z500_brown_0.002,0,16,96.0,t50,179.30126953125,237.5140838623047,0,1038240,0.0
z500_brown_0.002,0,16,96.0,t100,184.82789611816406,239.85289001464844,0,1038240,0.0
z500_brown_0.002,0,16,96.0,t150,186.85302734375,244.4467010498047,0,1038240,0.0
z500_brown_0.002,0,16,96.0,t200,193.36785888671875,243.46102905273438,0,1038240,0.0
z500_brown_0.002,0,16,96.0,t250,198.1512451171875,245.0250244140625,0,1038240,0.0
z500_brown_0.002,0,16,96.0,t300,202.56077575683594,250.17474365234375,0,1038240,0.0
z500_brown_0.002,0,16,96.0,t400,211.17877197265625,264.29669189453125,0,1038240,0.0
z500_brown_0.002,0,16,96.0,t500,217.80747985839844,275.3083190917969,0,1038240,0.0
z500_brown_0.002,0,16,96.0,t600,207.2651824951172,284.9672546386719,0,1038240,0.0
z500_brown_0.002,0,16,96.0,t700,213.85350036621094,293.6943664550781,0,1038240,0.0
z500_brown_0.002,0,16,96.0,t850,222.34622192382812,310.2032775878906,0,1038240,0.0
z500_brown_0.002,0,16,96.0,t925,226.05995178222656,315.1363525390625,0,1038240,0.0
z500_brown_0.002,0,16,96.0,t1000,229.249267578125,320.01678466796875,0,1038240,0.0
z500_brown_0.002,0,16,96.0,q50,5.959543614153517e-07,2.0785648757737363e-06,0,1038240,0.0
z500_brown_0.002,0,16,96.0,q100,1.0224592870144988e-06,4.635814548237249e-06,0,1038240,0.0
z500_brown_0.002,0,16,96.0,q150,-8.632027856947388e-07,3.53189607267268e-05,18,1038240,1.7337031900138696e-05
z500_brown_0.002,0,16,96.0,q200,-8.215050911530852e-06,0.00019065501692239195,12490,1038240,0.012029973801818462
z500_brown_0.002,0,16,96.0,q250,-1.2679196515819058e-05,0.0006711882306262851,16417,1038240,0.015812336261365387
z500_brown_0.002,0,16,96.0,q300,-3.0429160688072443e-05,0.0015222744550555944,20071,1038240,0.019331753737093543
z500_brown_0.002,0,16,96.0,q400,-5.194018012844026e-05,0.004127090331166983,23189,1038240,0.022334912929573125
z500_brown_0.002,0,16,96.0,q500,-0.00010832981206476688,0.007284155581146479,13236,1038240,0.012748497457235322
z500_brown_0.002,0,16,96.0,q600,-0.0002591616939753294,0.009956177324056625,16285,1038240,0.015685198027431037
z500_brown_0.002,0,16,96.0,q700,-0.00045000528916716576,0.012691177427768707,32264,1038240,0.031075666512559715
z500_brown_0.002,0,16,96.0,q850,-0.0007223454304039478,0.018846888095140457,44007,1038240,0.042386153490522424
z500_brown_0.002,0,16,96.0,q925,-0.000544773880392313,0.02205169014632702,50768,1038240,0.0488981353059023
z500_brown_0.002,0,16,96.0,q1000,-0.000577055849134922,0.025569362565875053,45659,1038240,0.0439773077515796
z500_brown_0.002,0,17,102.0,u10m,-20.452238082885742,21.105030059814453,0,1038240,0.0
z500_brown_0.002,0,17,102.0,v10m,-18.147756576538086,20.100069046020508,0,1038240,0.0
z500_brown_0.002,0,17,102.0,u100m,-26.947351455688477,26.942861557006836,0,1038240,0.0
z500_brown_0.002,0,17,102.0,v100m,-23.189876556396484,24.537864685058594,0,1038240,0.0
z500_brown_0.002,0,17,102.0,t2m,202.48294067382812,314.726806640625,0,1038240,0.0
z500_brown_0.002,0,17,102.0,sp,48953.71484375,103567.453125,0,1038240,0.0
z500_brown_0.002,0,17,102.0,msl,95323.9296875,103542.5703125,0,1038240,0.0
z500_brown_0.002,0,17,102.0,tcwv,-2.539052963256836,76.61666870117188,41111,1038240,0.03959681769147789
z500_brown_0.002,0,17,102.0,u50,-31.936546325683594,70.77770233154297,0,1038240,0.0
z500_brown_0.002,0,17,102.0,u100,-31.359088897705078,59.46858215332031,0,1038240,0.0
z500_brown_0.002,0,17,102.0,u150,-39.88264465332031,73.352294921875,0,1038240,0.0
z500_brown_0.002,0,17,102.0,u200,-33.14563751220703,85.62171936035156,0,1038240,0.0
z500_brown_0.002,0,17,102.0,u250,-34.04746627807617,86.94436645507812,0,1038240,0.0
z500_brown_0.002,0,17,102.0,u300,-37.02272415161133,80.27560424804688,0,1038240,0.0
z500_brown_0.002,0,17,102.0,u400,-40.682579040527344,59.89916229248047,0,1038240,0.0
z500_brown_0.002,0,17,102.0,u500,-39.180908203125,49.35222625732422,0,1038240,0.0
z500_brown_0.002,0,17,102.0,u600,-34.938499450683594,42.5914421081543,0,1038240,0.0
z500_brown_0.002,0,17,102.0,u700,-34.55389404296875,39.060630798339844,0,1038240,0.0
z500_brown_0.002,0,17,102.0,u850,-35.09437942504883,37.084739685058594,0,1038240,0.0
z500_brown_0.002,0,17,102.0,u925,-32.32777786254883,32.73314666748047,0,1038240,0.0
z500_brown_0.002,0,17,102.0,u1000,-20.739484786987305,21.09910011291504,0,1038240,0.0
z500_brown_0.002,0,17,102.0,v50,-22.20673942565918,21.752182006835938,0,1038240,0.0
z500_brown_0.002,0,17,102.0,v100,-19.331127166748047,25.936397552490234,0,1038240,0.0
z500_brown_0.002,0,17,102.0,v150,-37.20642852783203,34.265899658203125,0,1038240,0.0
z500_brown_0.002,0,17,102.0,v200,-43.089813232421875,49.48123550415039,0,1038240,0.0
z500_brown_0.002,0,17,102.0,v250,-53.40550994873047,56.769432067871094,0,1038240,0.0
z500_brown_0.002,0,17,102.0,v300,-46.55559158325195,61.842437744140625,0,1038240,0.0
z500_brown_0.002,0,17,102.0,v400,-48.72575378417969,57.23585891723633,0,1038240,0.0
z500_brown_0.002,0,17,102.0,v500,-46.17031478881836,49.03868103027344,0,1038240,0.0
z500_brown_0.002,0,17,102.0,v600,-37.59957504272461,41.06836700439453,0,1038240,0.0
z500_brown_0.002,0,17,102.0,v700,-31.033674240112305,32.774173736572266,0,1038240,0.0
z500_brown_0.002,0,17,102.0,v850,-29.893400192260742,30.734256744384766,0,1038240,0.0
z500_brown_0.002,0,17,102.0,v925,-30.83200454711914,27.466745376586914,0,1038240,0.0
z500_brown_0.002,0,17,102.0,v1000,-21.287944793701172,19.809412002563477,0,1038240,0.0
z500_brown_0.002,0,17,102.0,z50,176375.703125,208561.09375,0,1038240,0.0
z500_brown_0.002,0,17,102.0,z100,140050.765625,166289.40625,0,1038240,0.0
z500_brown_0.002,0,17,102.0,z150,117173.21875,142155.71875,0,1038240,0.0
z500_brown_0.002,0,17,102.0,z200,100264.34375,123873.875,0,1038240,0.0
z500_brown_0.002,0,17,102.0,z250,86975.890625,109149.4609375,0,1038240,0.0
z500_brown_0.002,0,17,102.0,z300,76116.6640625,96610.4375,0,1038240,0.0
z500_brown_0.002,0,17,102.0,z400,58921.58984375,75721.125,0,1038240,0.0
z500_brown_0.002,0,17,102.0,z500,44976.76953125,58699.66796875,0,1038240,0.0
z500_brown_0.002,0,17,102.0,z600,32868.703125,44351.859375,0,1038240,0.0
z500_brown_0.002,0,17,102.0,z700,22294.9296875,32141.091796875,0,1038240,0.0
z500_brown_0.002,0,17,102.0,z850,8421.986328125,16362.064453125,0,1038240,0.0
z500_brown_0.002,0,17,102.0,z925,2302.150390625,9300.1396484375,0,1038240,0.0
z500_brown_0.002,0,17,102.0,z1000,-3760.35205078125,2861.0146484375,0,1038240,0.0
z500_brown_0.002,0,17,102.0,t50,179.34976196289062,237.70755004882812,0,1038240,0.0
z500_brown_0.002,0,17,102.0,t100,185.2606964111328,240.26956176757812,0,1038240,0.0
z500_brown_0.002,0,17,102.0,t150,189.1009979248047,245.207763671875,0,1038240,0.0
z500_brown_0.002,0,17,102.0,t200,193.96351623535156,244.2508544921875,0,1038240,0.0
z500_brown_0.002,0,17,102.0,t250,198.31289672851562,244.9810333251953,0,1038240,0.0
z500_brown_0.002,0,17,102.0,t300,202.13294982910156,250.5882110595703,0,1038240,0.0
z500_brown_0.002,0,17,102.0,t400,211.00900268554688,264.61090087890625,0,1038240,0.0
z500_brown_0.002,0,17,102.0,t500,217.82101440429688,276.3851318359375,0,1038240,0.0
z500_brown_0.002,0,17,102.0,t600,207.28250122070312,288.7837829589844,0,1038240,0.0
z500_brown_0.002,0,17,102.0,t700,214.31521606445312,298.1341552734375,0,1038240,0.0
z500_brown_0.002,0,17,102.0,t850,223.20870971679688,309.7430419921875,0,1038240,0.0
z500_brown_0.002,0,17,102.0,t925,226.8894805908203,315.1636657714844,0,1038240,0.0
z500_brown_0.002,0,17,102.0,t1000,230.0815887451172,320.0914306640625,0,1038240,0.0
z500_brown_0.002,0,17,102.0,q50,6.314166967058554e-07,2.095652007483295e-06,0,1038240,0.0
z500_brown_0.002,0,17,102.0,q100,1.0142829296455602e-06,4.748081664729398e-06,0,1038240,0.0
z500_brown_0.002,0,17,102.0,q150,-8.837209861667361e-07,3.7161305954214185e-05,18,1038240,1.7337031900138696e-05
z500_brown_0.002,0,17,102.0,q200,-1.0474122973391786e-05,0.00019109838467556983,13185,1038240,0.012699375866851595
z500_brown_0.002,0,17,102.0,q250,-1.2690255971392617e-05,0.0006493148393929005,18038,1038240,0.017373632300816767
z500_brown_0.002,0,17,102.0,q300,-3.022728196810931e-05,0.0014973614597693086,20541,1038240,0.019784442903374944
z500_brown_0.002,0,17,102.0,q400,-6.199328345246613e-05,0.004120741039514542,24538,1038240,0.02363422715364463
z500_brown_0.002,0,17,102.0,q500,-0.00010007282253354788,0.007972901687026024,10586,1038240,0.010196101094159346
z500_brown_0.002,0,17,102.0,q600,-0.00028159713838249445,0.01161078829318285,14530,1038240,0.013994837417167514
z500_brown_0.002,0,17,102.0,q700,-0.00047171791084110737,0.013232851400971413,37011,1038240,0.03564782709200185
z500_brown_0.002,0,17,102.0,q850,-0.0005514039658010006,0.018884986639022827,50201,1038240,0.048352018801047926
z500_brown_0.002,0,17,102.0,q925,-0.0005741245113313198,0.02181566320359707,60255,1038240,0.05803571428571429
z500_brown_0.002,0,17,102.0,q1000,-0.0005790339782834053,0.0250104907900095,53977,1038240,0.051988942826321466
z500_brown_0.002,0,18,108.0,u10m,-22.600868225097656,21.938093185424805,0,1038240,0.0
z500_brown_0.002,0,18,108.0,v10m,-18.70751190185547,18.06290626525879,0,1038240,0.0
z500_brown_0.002,0,18,108.0,u100m,-29.255916595458984,28.25188446044922,0,1038240,0.0
z500_brown_0.002,0,18,108.0,v100m,-24.148635864257812,23.794347763061523,0,1038240,0.0
z500_brown_0.002,0,18,108.0,t2m,200.84719848632812,322.0848388671875,0,1038240,0.0
z500_brown_0.002,0,18,108.0,sp,48868.6796875,103547.3828125,0,1038240,0.0
z500_brown_0.002,0,18,108.0,msl,95496.234375,103520.28125,0,1038240,0.0
z500_brown_0.002,0,18,108.0,tcwv,-2.577056884765625,78.56250762939453,40233,1038240,0.03875115580212667
z500_brown_0.002,0,18,108.0,u50,-29.983734130859375,70.83098602294922,0,1038240,0.0
z500_brown_0.002,0,18,108.0,u100,-31.149944305419922,61.33114242553711,0,1038240,0.0
z500_brown_0.002,0,18,108.0,u150,-37.268890380859375,72.52477264404297,0,1038240,0.0
z500_brown_0.002,0,18,108.0,u200,-32.240509033203125,87.4623031616211,0,1038240,0.0
z500_brown_0.002,0,18,108.0,u250,-34.177574157714844,91.25042724609375,0,1038240,0.0
z500_brown_0.002,0,18,108.0,u300,-32.13776779174805,81.52510833740234,0,1038240,0.0
z500_brown_0.002,0,18,108.0,u400,-38.88780975341797,59.81163787841797,0,1038240,0.0
z500_brown_0.002,0,18,108.0,u500,-37.85107421875,52.56499099731445,0,1038240,0.0
z500_brown_0.002,0,18,108.0,u600,-34.23952102661133,44.874534606933594,0,1038240,0.0
z500_brown_0.002,0,18,108.0,u700,-33.679466247558594,38.12638854980469,0,1038240,0.0
z500_brown_0.002,0,18,108.0,u850,-35.561771392822266,37.190311431884766,0,1038240,0.0
z500_brown_0.002,0,18,108.0,u925,-37.72056198120117,34.63713836669922,0,1038240,0.0
z500_brown_0.002,0,18,108.0,u1000,-22.564361572265625,22.236507415771484,0,1038240,0.0
z500_brown_0.002,0,18,108.0,v50,-22.028200149536133,23.016132354736328,0,1038240,0.0
z500_brown_0.002,0,18,108.0,v100,-18.609342575073242,25.489126205444336,0,1038240,0.0
z500_brown_0.002,0,18,108.0,v150,-35.43141174316406,32.49324417114258,0,1038240,0.0
z500_brown_0.002,0,18,108.0,v200,-41.18354034423828,47.28921127319336,0,1038240,0.0
z500_brown_0.002,0,18,108.0,v250,-50.25947570800781,55.109004974365234,0,1038240,0.0
z500_brown_0.002,0,18,108.0,v300,-45.109500885009766,59.140472412109375,0,1038240,0.0
z500_brown_0.002,0,18,108.0,v400,-42.71841049194336,59.52428436279297,0,1038240,0.0
z500_brown_0.002,0,18,108.0,v500,-38.459564208984375,51.196533203125,0,1038240,0.0
z500_brown_0.002,0,18,108.0,v600,-31.51435661315918,39.52700424194336,0,1038240,0.0
z500_brown_0.002,0,18,108.0,v700,-28.304527282714844,31.202884674072266,0,1038240,0.0
z500_brown_0.002,0,18,108.0,v850,-30.216167449951172,26.435110092163086,0,1038240,0.0
z500_brown_0.002,0,18,108.0,v925,-31.251174926757812,27.08350944519043,0,1038240,0.0
z500_brown_0.002,0,18,108.0,v1000,-20.352291107177734,18.773088455200195,0,1038240,0.0
z500_brown_0.002,0,18,108.0,z50,176244.890625,208762.796875,0,1038240,0.0
z500_brown_0.002,0,18,108.0,z100,139978.84375,166394.609375,0,1038240,0.0
z500_brown_0.002,0,18,108.0,z150,117084.28125,142254.078125,0,1038240,0.0
z500_brown_0.002,0,18,108.0,z200,100151.703125,123983.2265625,0,1038240,0.0
z500_brown_0.002,0,18,108.0,z250,86853.8046875,109078.6484375,0,1038240,0.0
z500_brown_0.002,0,18,108.0,z300,75981.1171875,96425.828125,0,1038240,0.0
z500_brown_0.002,0,18,108.0,z400,58798.99609375,75501.71875,0,1038240,0.0
z500_brown_0.002,0,18,108.0,z500,44843.91796875,58533.1484375,0,1038240,0.0
z500_brown_0.002,0,18,108.0,z600,32769.89453125,44405.83984375,0,1038240,0.0
z500_brown_0.002,0,18,108.0,z700,22250.34375,32079.70703125,0,1038240,0.0
z500_brown_0.002,0,18,108.0,z850,8500.388671875,16320.9677734375,0,1038240,0.0
z500_brown_0.002,0,18,108.0,z925,2422.45166015625,9260.189453125,0,1038240,0.0
z500_brown_0.002,0,18,108.0,z1000,-3613.61328125,2837.662109375,0,1038240,0.0
z500_brown_0.002,0,18,108.0,t50,179.09815979003906,237.72137451171875,0,1038240,0.0
z500_brown_0.002,0,18,108.0,t100,185.6496124267578,240.719482421875,0,1038240,0.0
z500_brown_0.002,0,18,108.0,t150,191.15074157714844,245.07846069335938,0,1038240,0.0
z500_brown_0.002,0,18,108.0,t200,194.67962646484375,244.13751220703125,0,1038240,0.0
z500_brown_0.002,0,18,108.0,t250,198.3719024658203,245.00546264648438,0,1038240,0.0
z500_brown_0.002,0,18,108.0,t300,201.68197631835938,251.47091674804688,0,1038240,0.0
z500_brown_0.002,0,18,108.0,t400,210.78456115722656,265.9872131347656,0,1038240,0.0
z500_brown_0.002,0,18,108.0,t500,217.5303955078125,278.97027587890625,0,1038240,0.0
z500_brown_0.002,0,18,108.0,t600,207.36508178710938,291.9407653808594,0,1038240,0.0
z500_brown_0.002,0,18,108.0,t700,214.1774139404297,301.22900390625,0,1038240,0.0
z500_brown_0.002,0,18,108.0,t850,223.5850067138672,312.1790466308594,0,1038240,0.0
z500_brown_0.002,0,18,108.0,t925,227.50677490234375,317.34405517578125,0,1038240,0.0
z500_brown_0.002,0,18,108.0,t1000,230.87796020507812,322.6144104003906,0,1038240,0.0
z500_brown_0.002,0,18,108.0,q50,6.651562216575257e-07,2.1116620700922795e-06,0,1038240,0.0
z500_brown_0.002,0,18,108.0,q100,9.894389449982555e-07,4.69543965664343e-06,0,1038240,0.0
z500_brown_0.002,0,18,108.0,q150,-3.671666490845382e-07,4.4833719584858045e-05,9,1038240,8.668515950069348e-06
z500_brown_0.002,0,18,108.0,q200,-1.0738604032667354e-05,0.00023146302555687726,12757,1038240,0.012287139775003854
z500_brown_0.002,0,18,108.0,q250,-1.5304740372812375e-05,0.0006949338130652905,19828,1038240,0.01909770380644167
z500_brown_0.002,0,18,108.0,q300,-3.272545291110873e-05,0.0015900613507255912,20757,1038240,0.019992487286176606
z500_brown_0.002,0,18,108.0,q400,-0.00011877654469572008,0.00432118633762002,25410,1038240,0.02447411003236246
z500_brown_0.002,0,18,108.0,q500,-0.00011001538950949907,0.007976364344358444,10678,1038240,0.010284712590537834
z500_brown_0.002,0,18,108.0,q600,-0.00027065782342106104,0.010196765884757042,13549,1038240,0.013049969178609955
z500_brown_0.002,0,18,108.0,q700,-0.0005225874483585358,0.013575270771980286,29211,1038240,0.028135113268608413
z500_brown_0.002,0,18,108.0,q850,-0.0005520540289580822,0.019756203517317772,44691,1038240,0.043044960702727696
z500_brown_0.002,0,18,108.0,q925,-0.0006079133599996567,0.020988503471016884,55127,1038240,0.05309658653105255
z500_brown_0.002,0,18,108.0,q1000,-0.0005898410454392433,0.025215618312358856,45037,1038240,0.04337821698258591
z500_brown_0.002,0,19,114.0,u10m,-25.719457626342773,23.46124267578125,0,1038240,0.0
z500_brown_0.002,0,19,114.0,v10m,-19.08692169189453,17.930984497070312,0,1038240,0.0
z500_brown_0.002,0,19,114.0,u100m,-33.36606979370117,29.532400131225586,0,1038240,0.0
z500_brown_0.002,0,19,114.0,v100m,-24.85392951965332,24.28973388671875,0,1038240,0.0
z500_brown_0.002,0,19,114.0,t2m,199.54037475585938,321.2210998535156,0,1038240,0.0
z500_brown_0.002,0,19,114.0,sp,49022.4609375,103461.9296875,0,1038240,0.0
z500_brown_0.002,0,19,114.0,msl,95564.625,103427.1640625,0,1038240,0.0
z500_brown_0.002,0,19,114.0,tcwv,-2.6532344818115234,79.43367004394531,39023,1038240,0.0375857219910618
z500_brown_0.002,0,19,114.0,u50,-30.181381225585938,72.37725067138672,0,1038240,0.0
z500_brown_0.002,0,19,114.0,u100,-33.87191390991211,62.37068557739258,0,1038240,0.0
z500_brown_0.002,0,19,114.0,u150,-38.74751281738281,71.47331237792969,0,1038240,0.0
z500_brown_0.002,0,19,114.0,u200,-32.55989074707031,87.51451873779297,0,1038240,0.0
z500_brown_0.002,0,19,114.0,u250,-34.016300201416016,95.21719360351562,0,1038240,0.0
z500_brown_0.002,0,19,114.0,u300,-32.22426986694336,84.22948455810547,0,1038240,0.0
z500_brown_0.002,0,19,114.0,u400,-40.50190734863281,63.54521942138672,0,1038240,0.0
z500_brown_0.002,0,19,114.0,u500,-35.79493713378906,56.406761169433594,0,1038240,0.0
z500_brown_0.002,0,19,114.0,u600,-28.789884567260742,47.96515655517578,0,1038240,0.0
z500_brown_0.002,0,19,114.0,u700,-31.233177185058594,40.116275787353516,0,1038240,0.0
z500_brown_0.002,0,19,114.0,u850,-43.340370178222656,35.851131439208984,0,1038240,0.0
z500_brown_0.002,0,19,114.0,u925,-42.04658889770508,34.50395584106445,0,1038240,0.0
z500_brown_0.002,0,19,114.0,u1000,-25.744503021240234,23.50141143798828,0,1038240,0.0
z500_brown_0.002,0,19,114.0,v50,-22.679351806640625,21.666231155395508,0,1038240,0.0
z500_brown_0.002,0,19,114.0,v100,-18.850601196289062,23.495603561401367,0,1038240,0.0
z500_brown_0.002,0,19,114.0,v150,-30.540687561035156,31.812973022460938,0,1038240,0.0
z500_brown_0.002,0,19,114.0,v200,-39.79246520996094,43.2203483581543,0,1038240,0.0
z500_brown_0.002,0,19,114.0,v250,-45.989830017089844,49.82695770263672,0,1038240,0.0
z500_brown_0.002,0,19,114.0,v300,-42.847415924072266,58.404945373535156,0,1038240,0.0
z500_brown_0.002,0,19,114.0,v400,-46.25213623046875,58.93613815307617,0,1038240,0.0
z500_brown_0.002,0,19,114.0,v500,-35.42091369628906,49.73388671875,0,1038240,0.0
z500_brown_0.002,0,19,114.0,v600,-28.297618865966797,38.278236389160156,0,1038240,0.0
z500_brown_0.002,0,19,114.0,v700,-29.385812759399414,29.244951248168945,0,1038240,0.0
z500_brown_0.002,0,19,114.0,v850,-33.795562744140625,24.395536422729492,0,1038240,0.0
z500_brown_0.002,0,19,114.0,v925,-31.954879760742188,27.19449234008789,0,1038240,0.0
z500_brown_0.002,0,19,114.0,v1000,-20.134273529052734,18.79889488220215,0,1038240,0.0
z500_brown_0.002,0,19,114.0,z50,176117.296875,208768.9375,0,1038240,0.0
z500_brown_0.002,0,19,114.0,z100,139869.609375,166481.34375,0,1038240,0.0
z500_brown_0.002,0,19,114.0,z150,116950.6484375,142313.5625,0,1038240,0.0
z500_brown_0.002,0,19,114.0,z200,99979.8359375,124035.4453125,0,1038240,0.0
z500_brown_0.002,0,19,114.0,z250,86647.7109375,109132.359375,0,1038240,0.0
z500_brown_0.002,0,19,114.0,z300,75743.4921875,96475.3515625,0,1038240,0.0
z500_brown_0.002,0,19,114.0,z400,58557.296875,75594.96875,0,1038240,0.0
z500_brown_0.002,0,19,114.0,z500,44862.8203125,58599.7734375,0,1038240,0.0
z500_brown_0.002,0,19,114.0,z600,32809.76171875,44399.515625,0,1038240,0.0
z500_brown_0.002,0,19,114.0,z700,22328.44921875,31968.833984375,0,1038240,0.0
z500_brown_0.002,0,19,114.0,z850,8650.5234375,16229.3984375,0,1038240,0.0
z500_brown_0.002,0,19,114.0,z925,2509.85986328125,9175.505859375,0,1038240,0.0
z500_brown_0.002,0,19,114.0,z1000,-3549.02978515625,2765.53076171875,0,1038240,0.0
z500_brown_0.002,0,19,114.0,t50,179.11512756347656,237.774658203125,0,1038240,0.0
z500_brown_0.002,0,19,114.0,t100,186.8868408203125,240.89364624023438,0,1038240,0.0
z500_brown_0.002,0,19,114.0,t150,193.30393981933594,245.2826385498047,0,1038240,0.0
z500_brown_0.002,0,19,114.0,t200,195.2653045654297,243.96937561035156,0,1038240,0.0
z500_brown_0.002,0,19,114.0,t250,198.6766815185547,245.0660858154297,0,1038240,0.0
z500_brown_0.002,0,19,114.0,t300,201.80941772460938,250.75137329101562,0,1038240,0.0
z500_brown_0.002,0,19,114.0,t400,210.4883575439453,264.74603271484375,0,1038240,0.0
z500_brown_0.002,0,19,114.0,t500,216.4962615966797,276.3531188964844,0,1038240,0.0
z500_brown_0.002,0,19,114.0,t600,205.12069702148438,287.3123779296875,0,1038240,0.0
z500_brown_0.002,0,19,114.0,t700,213.88104248046875,295.8121337890625,0,1038240,0.0
z500_brown_0.002,0,19,114.0,t850,223.19271850585938,309.168701171875,0,1038240,0.0
z500_brown_0.002,0,19,114.0,t925,227.228515625,315.284912109375,0,1038240,0.0
z500_brown_0.002,0,19,114.0,t1000,230.49539184570312,320.7605285644531,0,1038240,0.0
z500_brown_0.002,0,19,114.0,q50,7.011101388343377e-07,2.1256093987176428e-06,0,1038240,0.0
z500_brown_0.002,0,19,114.0,q100,9.930024589266395e-07,4.627173439075705e-06,0,1038240,0.0
z500_brown_0.002,0,19,114.0,q150,2.714969014050439e-07,4.101239755982533e-05,0,1038240,0.0
z500_brown_0.002,0,19,114.0,q200,-1.1792684745159931e-05,0.00022037807502783835,11328,1038240,0.01091077207582062
z500_brown_0.002,0,19,114.0,q250,-1.5027751942398027e-05,0.0007090764702297747,23444,1038240,0.022580520881491754
z500_brown_0.002,0,19,114.0,q300,-3.277198993600905e-05,0.0016463464125990868,25352,1038240,0.024418246262906458
z500_brown_0.002,0,19,114.0,q400,-6.198944174684584e-05,0.004422006197273731,32618,1038240,0.03141662813992911
z500_brown_0.002,0,19,114.0,q500,-8.273788262158632e-05,0.0076739173382520676,9746,1038240,0.009387039605486208
z500_brown_0.002,0,19,114.0,q600,-0.0002715566661208868,0.010140884667634964,13197,1038240,0.012710933888118354
z500_brown_0.002,0,19,114.0,q700,-0.00045541138388216496,0.013127263635396957,34701,1038240,0.03342290799815072
z500_brown_0.002,0,19,114.0,q850,-0.0005627297796308994,0.019957534968852997,46380,1038240,0.04467175219602404
z500_brown_0.002,0,19,114.0,q925,-0.0006003309972584248,0.020922962576150894,58402,1038240,0.056250963168438896
z500_brown_0.002,0,19,114.0,q1000,-0.0006521157920360565,0.025264954194426537,47431,1038240,0.04568404222530436
z500_brown_0.002,0,20,120.0,u10m,-24.847007751464844,27.06855010986328,0,1038240,0.0
z500_brown_0.002,0,20,120.0,v10m,-19.162263870239258,18.420459747314453,0,1038240,0.0
z500_brown_0.002,0,20,120.0,u100m,-32.13675308227539,35.61039733886719,0,1038240,0.0
z500_brown_0.002,0,20,120.0,v100m,-24.95670509338379,25.06751251220703,0,1038240,0.0
z500_brown_0.002,0,20,120.0,t2m,197.45811462402344,318.8695068359375,0,1038240,0.0
z500_brown_0.002,0,20,120.0,sp,48861.09765625,103387.0546875,0,1038240,0.0
z500_brown_0.002,0,20,120.0,msl,94799.9453125,103347.7265625,0,1038240,0.0
z500_brown_0.002,0,20,120.0,tcwv,-2.566244125366211,77.0665512084961,45832,1038240,0.04414393589150871
z500_brown_0.002,0,20,120.0,u50,-30.230777740478516,72.2542953491211,0,1038240,0.0
z500_brown_0.002,0,20,120.0,u100,-33.81621551513672,62.17155075073242,0,1038240,0.0
z500_brown_0.002,0,20,120.0,u150,-38.87903594970703,70.37364196777344,0,1038240,0.0
z500_brown_0.002,0,20,120.0,u200,-32.155487060546875,87.9024887084961,0,1038240,0.0
z500_brown_0.002,0,20,120.0,u250,-31.7354736328125,92.39454650878906,0,1038240,0.0
z500_brown_0.002,0,20,120.0,u300,-31.490421295166016,84.77928924560547,0,1038240,0.0
z500_brown_0.002,0,20,120.0,u400,-42.45897674560547,63.95201110839844,0,1038240,0.0
z500_brown_0.002,0,20,120.0,u500,-36.58472442626953,58.140113830566406,0,1038240,0.0
z500_brown_0.002,0,20,120.0,u600,-27.825345993041992,49.59501647949219,0,1038240,0.0
z500_brown_0.002,0,20,120.0,u700,-30.464847564697266,44.39479446411133,0,1038240,0.0
z500_brown_0.002,0,20,120.0,u850,-41.886329650878906,42.8766975402832,0,1038240,0.0
z500_brown_0.002,0,20,120.0,u925,-39.22478103637695,41.400177001953125,0,1038240,0.0
z500_brown_0.002,0,20,120.0,u1000,-24.71157455444336,27.431133270263672,0,1038240,0.0
z500_brown_0.002,0,20,120.0,v50,-23.66014862060547,21.7301082611084,0,1038240,0.0
z500_brown_0.002,0,20,120.0,v100,-18.545961380004883,22.334667205810547,0,1038240,0.0
z500_brown_0.002,0,20,120.0,v150,-27.179908752441406,31.973892211914062,0,1038240,0.0
z500_brown_0.002,0,20,120.0,v200,-42.48051834106445,41.67681884765625,0,1038240,0.0
z500_brown_0.002,0,20,120.0,v250,-51.0056037902832,45.154300689697266,0,1038240,0.0
z500_brown_0.002,0,20,120.0,v300,-44.561248779296875,54.376338958740234,0,1038240,0.0
z500_brown_0.002,0,20,120.0,v400,-46.00813674926758,56.31049728393555,0,1038240,0.0
z500_brown_0.002,0,20,120.0,v500,-37.817142486572266,48.121482849121094,0,1038240,0.0
z500_brown_0.002,0,20,120.0,v600,-30.270906448364258,37.705204010009766,0,1038240,0.0
z500_brown_0.002,0,20,120.0,v700,-28.335613250732422,27.86553192138672,0,1038240,0.0
z500_brown_0.002,0,20,120.0,v850,-34.718902587890625,27.698579788208008,0,1038240,0.0
z500_brown_0.002,0,20,120.0,v925,-32.61906051635742,28.010467529296875,0,1038240,0.0
z500_brown_0.002,0,20,120.0,v1000,-20.239288330078125,19.43103790283203,0,1038240,0.0
z500_brown_0.002,0,20,120.0,z50,175951.0,208726.34375,0,1038240,0.0
z500_brown_0.002,0,20,120.0,z100,139788.625,166307.640625,0,1038240,0.0
z500_brown_0.002,0,20,120.0,z150,116838.6171875,142118.765625,0,1038240,0.0
z500_brown_0.002,0,20,120.0,z200,99817.921875,123836.140625,0,1038240,0.0
z500_brown_0.002,0,20,120.0,z250,86460.03125,109013.7265625,0,1038240,0.0
z500_brown_0.002,0,20,120.0,z300,75546.9609375,96447.3046875,0,1038240,0.0
z500_brown_0.002,0,20,120.0,z400,58380.171875,75498.578125,0,1038240,0.0
z500_brown_0.002,0,20,120.0,z500,44782.8359375,58643.58203125,0,1038240,0.0
z500_brown_0.002,0,20,120.0,z600,33066.0234375,44503.9375,0,1038240,0.0
z500_brown_0.002,0,20,120.0,z700,22707.25390625,32015.69921875,0,1038240,0.0
z500_brown_0.002,0,20,120.0,z850,8354.35546875,16190.365234375,0,1038240,0.0
z500_brown_0.002,0,20,120.0,z925,1861.72412109375,9122.826171875,0,1038240,0.0
z500_brown_0.002,0,20,120.0,z1000,-4223.14453125,2713.52734375,0,1038240,0.0
z500_brown_0.002,0,20,120.0,t50,178.968505859375,237.82217407226562,0,1038240,0.0
z500_brown_0.002,0,20,120.0,t100,188.1171417236328,241.2647247314453,0,1038240,0.0
z500_brown_0.002,0,20,120.0,t150,193.59402465820312,245.2626953125,0,1038240,0.0
z500_brown_0.002,0,20,120.0,t200,195.49058532714844,243.6638641357422,0,1038240,0.0
z500_brown_0.002,0,20,120.0,t250,199.1956024169922,245.30238342285156,0,1038240,0.0
z500_brown_0.002,0,20,120.0,t300,202.361572265625,250.52426147460938,0,1038240,0.0
z500_brown_0.002,0,20,120.0,t400,209.74281311035156,264.39373779296875,0,1038240,0.0
z500_brown_0.002,0,20,120.0,t500,215.78260803222656,275.1464538574219,0,1038240,0.0
z500_brown_0.002,0,20,120.0,t600,206.03662109375,283.6194763183594,0,1038240,0.0
z500_brown_0.002,0,20,120.0,t700,213.13795471191406,294.01214599609375,0,1038240,0.0
z500_brown_0.002,0,20,120.0,t850,222.384521484375,309.5363464355469,0,1038240,0.0
z500_brown_0.002,0,20,120.0,t925,226.58328247070312,315.0103759765625,0,1038240,0.0
z500_brown_0.002,0,20,120.0,t1000,229.92117309570312,319.7308349609375,0,1038240,0.0
z500_brown_0.002,0,20,120.0,q50,7.39207507649553e-07,2.142281800843193e-06,0,1038240,0.0
z500_brown_0.002,0,20,120.0,q100,1.0000975407820079e-06,4.682582130044466e-06,0,1038240,0.0
z500_brown_0.002,0,20,120.0,q150,2.340038918191567e-07,3.4649423469090834e-05,0,1038240,0.0
z500_brown_0.002,0,20,120.0,q200,-1.2001770301139913e-05,0.00019734686065930873,12498,1038240,0.012037679149329635
z500_brown_0.002,0,20,120.0,q250,-1.5459936548722908e-05,0.0006782049895264208,24501,1038240,0.023598589921405455
z500_brown_0.002,0,20,120.0,q300,-3.5052711609750986e-05,0.0015855955425649881,24275,1038240,0.023380913854214824
z500_brown_0.002,0,20,120.0,q400,-5.151121877133846e-05,0.004189633298665285,30200,1038240,0.029087686854677147
z500_brown_0.002,0,20,120.0,q500,-0.00010439747711643577,0.007359515409916639,12372,1038240,0.011916319926028663
z500_brown_0.002,0,20,120.0,q600,-0.00028042064514011145,0.00997164100408554,15524,1038240,0.01495222684543073
z500_brown_0.002,0,20,120.0,q700,-0.0004100147634744644,0.013151060789823532,34081,1038240,0.03282574356603483
z500_brown_0.002,0,20,120.0,q850,-0.0005426504649221897,0.01910041831433773,50898,1038240,0.04902334720295885
z500_brown_0.002,0,20,120.0,q925,-0.0006509763188660145,0.02072303369641304,56272,1038240,0.05419941439358915
z500_brown_0.002,0,20,120.0,q1000,-0.0006354157812893391,0.02518639899790287,47663,1038240,0.04590749730312837
z500_brown_0.002,1,0,0.0,u10m,-29.98059844970703,25.07940101623535,0,1038240,0.0
z500_brown_0.002,1,0,0.0,v10m,-27.66229820251465,25.987703323364258,0,1038240,0.0
z500_brown_0.002,1,0,0.0,u100m,-38.64726257324219,30.782737731933594,0,1038240,0.0
z500_brown_0.002,1,0,0.0,v100m,-33.108516693115234,32.41148376464844,0,1038240,0.0
z500_brown_0.002,1,0,0.0,t2m,203.00914001464844,317.2091369628906,0,1038240,0.0
z500_brown_0.002,1,0,0.0,sp,49593.44921875,104524.6484375,0,1038240,0.0
z500_brown_0.002,1,0,0.0,msl,93167.375,107762.9765625,0,1038240,0.0
z500_brown_0.002,1,0,0.0,tcwv,0.033688269555568695,80.67048645019531,0,1038240,0.0
z500_brown_0.002,1,0,0.0,u50,-32.53466796875,69.6953353881836,0,1038240,0.0
z500_brown_0.002,1,0,0.0,u100,-42.44437026977539,63.615631103515625,0,1038240,0.0
z500_brown_0.002,1,0,0.0,u150,-43.69473648071289,76.46526336669922,0,1038240,0.0
z500_brown_0.002,1,0,0.0,u200,-44.91203308105469,103.88796997070312,0,1038240,0.0
z500_brown_0.002,1,0,0.0,u250,-45.851261138916016,105.44873809814453,0,1038240,0.0
z500_brown_0.002,1,0,0.0,u300,-36.28936004638672,102.41063690185547,0,1038240,0.0
z500_brown_0.002,1,0,0.0,u400,-35.72868347167969,71.8713150024414,0,1038240,0.0
z500_brown_0.002,1,0,0.0,u500,-39.31422805786133,50.18577194213867,0,1038240,0.0
z500_brown_0.002,1,0,0.0,u600,-45.0154914855957,45.66450500488281,0,1038240,0.0
z500_brown_0.002,1,0,0.0,u700,-47.08867263793945,41.111328125,0,1038240,0.0
z500_brown_0.002,1,0,0.0,u850,-52.83549880981445,36.304500579833984,0,1038240,0.0
z500_brown_0.002,1,0,0.0,u925,-42.309513092041016,34.310489654541016,0,1038240,0.0
z500_brown_0.002,1,0,0.0,u1000,-29.00948715209961,24.660512924194336,0,1038240,0.0
z500_brown_0.002,1,0,0.0,v50,-28.3104305267334,37.03956985473633,0,1038240,0.0
z500_brown_0.002,1,0,0.0,v100,-31.289772033691406,41.980228424072266,0,1038240,0.0
z500_brown_0.002,1,0,0.0,v150,-39.73875427246094,46.22124481201172,0,1038240,0.0
z500_brown_0.002,1,0,0.0,v200,-56.7220573425293,65.07794189453125,0,1038240,0.0
z500_brown_0.002,1,0,0.0,v250,-63.08574295043945,62.81425857543945,0,1038240,0.0
z500_brown_0.002,1,0,0.0,v300,-54.844512939453125,65.45549011230469,0,1038240,0.0
z500_brown_0.002,1,0,0.0,v400,-59.89063262939453,63.009368896484375,0,1038240,0.0
z500_brown_0.002,1,0,0.0,v500,-50.19239807128906,56.80760192871094,0,1038240,0.0
z500_brown_0.002,1,0,0.0,v600,-45.045677185058594,40.0643196105957,0,1038240,0.0
z500_brown_0.002,1,0,0.0,v700,-36.78691101074219,42.36308670043945,0,1038240,0.0
z500_brown_0.002,1,0,0.0,v850,-42.88942337036133,34.960575103759766,0,1038240,0.0
z500_brown_0.002,1,0,0.0,v925,-37.343692779541016,37.056304931640625,0,1038240,0.0
z500_brown_0.002,1,0,0.0,v1000,-26.340137481689453,25.029863357543945,0,1038240,0.0
z500_brown_0.002,1,0,0.0,z50,178325.890625,207936.40625,0,1038240,0.0
z500_brown_0.002,1,0,0.0,z100,140693.140625,165755.734375,0,1038240,0.0
z500_brown_0.002,1,0,0.0,z150,117632.0390625,141996.15625,0,1038240,0.0
z500_brown_0.002,1,0,0.0,z200,100768.7421875,123884.2421875,0,1038240,0.0
z500_brown_0.002,1,0,0.0,z250,87459.671875,109026.765625,0,1038240,0.0
z500_brown_0.002,1,0,0.0,z300,76372.9453125,96320.9921875,0,1038240,0.0
z500_brown_0.002,1,0,0.0,z400,58395.84765625,75588.4609375,0,1038240,0.0
z500_brown_0.002,1,0,0.0,z500,43961.24609375,58904.36328125,0,1038240,0.0
z500_brown_0.002,1,0,0.0,z600,31816.14453125,44789.28125,0,1038240,0.0
z500_brown_0.002,1,0,0.0,z700,21340.9609375,32460.98828125,0,1038240,0.0
z500_brown_0.002,1,0,0.0,z850,7071.60302734375,16482.923828125,0,1038240,0.0
z500_brown_0.002,1,0,0.0,z925,558.6236572265625,9957.2314453125,0,1038240,0.0
z500_brown_0.002,1,0,0.0,z1000,-5507.95556640625,4905.5556640625,0,1038240,0.0
z500_brown_0.002,1,0,0.0,t50,176.96493530273438,233.25494384765625,0,1038240,0.0
z500_brown_0.002,1,0,0.0,t100,185.84442138671875,235.84442138671875,0,1038240,0.0
z500_brown_0.002,1,0,0.0,t150,187.8889617919922,238.91896057128906,0,1038240,0.0
z500_brown_0.002,1,0,0.0,t200,190.15658569335938,241.17657470703125,0,1038240,0.0
z500_brown_0.002,1,0,0.0,t250,199.0135498046875,243.6435546875,0,1038240,0.0
z500_brown_0.002,1,0,0.0,t300,204.70855712890625,251.70855712890625,0,1038240,0.0
z500_brown_0.002,1,0,0.0,t400,216.0428466796875,266.5628662109375,0,1038240,0.0
z500_brown_0.002,1,0,0.0,t500,224.4999542236328,276.89996337890625,0,1038240,0.0
z500_brown_0.002,1,0,0.0,t600,204.55136108398438,287.2413635253906,0,1038240,0.0
z500_brown_0.002,1,0,0.0,t700,208.45738220214844,296.9873962402344,0,1038240,0.0
z500_brown_0.002,1,0,0.0,t850,216.30093383789062,309.6709289550781,0,1038240,0.0
z500_brown_0.002,1,0,0.0,t925,219.8119354248047,315.3219299316406,0,1038240,0.0
z500_brown_0.002,1,0,0.0,t1000,223.1019287109375,319.7119445800781,0,1038240,0.0
z500_brown_0.002,1,0,0.0,q50,9.999999717180685e-10,1.9450640138529707e-06,0,1038240,0.0
z500_brown_0.002,1,0,0.0,q100,1.000000082740371e-09,9.873159797280096e-06,0,1038240,0.0
z500_brown_0.002,1,0,0.0,q150,1.0000005268295808e-09,4.6891240344848484e-05,0,1038240,0.0
z500_brown_0.002,1,0,0.0,q200,9.999985284281365e-10,0.0002307913964614272,0,1038240,0.0
z500_brown_0.002,1,0,0.0,q250,1.000000304784976e-09,0.0007995401974767447,0,1038240,0.0
z500_brown_0.002,1,0,0.0,q300,9.999980843389267e-10,0.0018608650425449014,0,1038240,0.0
z500_brown_0.002,1,0,0.0,q400,9.999975292274144e-10,0.004661120939999819,0,1038240,0.0
z500_brown_0.002,1,0,0.0,q500,9.999941985583405e-10,0.007641600910574198,0,1038240,0.0
z500_brown_0.002,1,0,0.0,q600,1.0000007488741858e-09,0.012534401379525661,0,1038240,0.0
z500_brown_0.002,1,0,0.0,q700,9.999989725173464e-10,0.018419841304421425,0,1038240,0.0
z500_brown_0.002,1,0,0.0,q850,1.635912212805124e-06,0.028813155367970467,0,1038240,0.0
z500_brown_0.002,1,0,0.0,q925,4.967510903952643e-06,0.03459184616804123,0,1038240,0.0
z500_brown_0.002,1,0,0.0,q1000,6.670324182778131e-06,0.04069339111447334,0,1038240,0.0
z500_brown_0.002,1,1,6.0,u10m,-28.253007888793945,24.725488662719727,0,1038240,0.0
z500_brown_0.002,1,1,6.0,v10m,-18.355741500854492,25.414173126220703,0,1038240,0.0
z500_brown_0.002,1,1,6.0,u100m,-36.907257080078125,30.87681007385254,0,1038240,0.0
z500_brown_0.002,1,1,6.0,v100m,-24.576379776000977,33.981510162353516,0,1038240,0.0
z500_brown_0.002,1,1,6.0,t2m,201.15652465820312,315.77850341796875,0,1038240,0.0
z500_brown_0.002,1,1,6.0,sp,49430.23828125,104051.5625,0,1038240,0.0
z500_brown_0.002,1,1,6.0,msl,93363.984375,106022.640625,0,1038240,0.0
z500_brown_0.002,1,1,6.0,tcwv,-5.555971145629883,78.98954010009766,71862,1038240,0.06921521035598706
z500_brown_0.002,1,1,6.0,u50,-30.996273040771484,73.91461944580078,0,1038240,0.0
z500_brown_0.002,1,1,6.0,u100,-39.649009704589844,61.76010513305664,0,1038240,0.0
z500_brown_0.002,1,1,6.0,u150,-36.353965759277344,73.8190689086914,0,1038240,0.0
z500_brown_0.002,1,1,6.0,u200,-44.38934326171875,94.17936706542969,0,1038240,0.0
z500_brown_0.002,1,1,6.0,u250,-40.25841522216797,107.10391235351562,0,1038240,0.0
z500_brown_0.002,1,1,6.0,u300,-36.5850715637207,100.96589660644531,0,1038240,0.0
z500_brown_0.002,1,1,6.0,u400,-38.10728454589844,69.02184295654297,0,1038240,0.0
z500_brown_0.002,1,1,6.0,u500,-33.681583404541016,54.1439208984375,0,1038240,0.0
z500_brown_0.002,1,1,6.0,u600,-39.60577392578125,43.46176528930664,0,1038240,0.0
z500_brown_0.002,1,1,6.0,u700,-40.236785888671875,37.837947845458984,0,1038240,0.0
z500_brown_0.002,1,1,6.0,u850,-46.7777214050293,36.94479751586914,0,1038240,0.0
z500_brown_0.002,1,1,6.0,u925,-43.328208923339844,33.697837829589844,0,1038240,0.0
z500_brown_0.002,1,1,6.0,u1000,-26.996044158935547,23.936603546142578,0,1038240,0.0
z500_brown_0.002,1,1,6.0,v50,-23.681793212890625,30.96550750732422,0,1038240,0.0
z500_brown_0.002,1,1,6.0,v100,-30.248685836791992,37.052513122558594,0,1038240,0.0
z500_brown_0.002,1,1,6.0,v150,-32.54296112060547,41.00986099243164,0,1038240,0.0
z500_brown_0.002,1,1,6.0,v200,-45.684814453125,53.79399108886719,0,1038240,0.0
z500_brown_0.002,1,1,6.0,v250,-55.91972732543945,62.78007125854492,0,1038240,0.0
z500_brown_0.002,1,1,6.0,v300,-48.57468795776367,65.53275299072266,0,1038240,0.0
z500_brown_0.002,1,1,6.0,v400,-49.65396499633789,62.92854690551758,0,1038240,0.0
z500_brown_0.002,1,1,6.0,v500,-45.08604049682617,49.723445892333984,0,1038240,0.0
z500_brown_0.002,1,1,6.0,v600,-35.024574279785156,35.907432556152344,0,1038240,0.0
z500_brown_0.002,1,1,6.0,v700,-30.062726974487305,34.23444366455078,0,1038240,0.0
z500_brown_0.002,1,1,6.0,v850,-34.2633171081543,36.717960357666016,0,1038240,0.0
z500_brown_0.002,1,1,6.0,v925,-34.3497200012207,32.505210876464844,0,1038240,0.0
z500_brown_0.002,1,1,6.0,v1000,-21.292190551757812,25.763818740844727,0,1038240,0.0
z500_brown_0.002,1,1,6.0,z50,178380.515625,207983.8125,0,1038240,0.0
z500_brown_0.002,1,1,6.0,z100,140675.40625,165753.796875,0,1038240,0.0
z500_brown_0.002,1,1,6.0,z150,117538.28125,142024.109375,0,1038240,0.0
z500_brown_0.002,1,1,6.0,z200,100703.046875,123901.6484375,0,1038240,0.0
z500_brown_0.002,1,1,6.0,z250,87383.078125,109060.3125,0,1038240,0.0
z500_brown_0.002,1,1,6.0,z300,76289.8671875,96385.3515625,0,1038240,0.0
z500_brown_0.002,1,1,6.0,z400,58356.1171875,75593.015625,0,1038240,0.0
z500_brown_0.002,1,1,6.0,z500,43970.71875,58831.5,0,1038240,0.0
z500_brown_0.002,1,1,6.0,z600,31867.298828125,44734.85546875,0,1038240,0.0
z500_brown_0.002,1,1,6.0,z700,21432.62109375,32360.623046875,0,1038240,0.0
z500_brown_0.002,1,1,6.0,z850,7202.62255859375,16417.38671875,0,1038240,0.0
z500_brown_0.002,1,1,6.0,z925,738.37841796875,9321.3388671875,0,1038240,0.0
z500_brown_0.002,1,1,6.0,z1000,-5302.82080078125,3649.6748046875,0,1038240,0.0
z500_brown_0.002,1,1,6.0,t50,179.83364868164062,233.6664581298828,0,1038240,0.0
z500_brown_0.002,1,1,6.0,t100,186.5092315673828,235.44287109375,0,1038240,0.0
z500_brown_0.002,1,1,6.0,t150,188.92218017578125,238.739990234375,0,1038240,0.0
z500_brown_0.002,1,1,6.0,t200,191.56690979003906,241.3622283935547,0,1038240,0.0
z500_brown_0.002,1,1,6.0,t250,199.2299346923828,243.13522338867188,0,1038240,0.0
z500_brown_0.002,1,1,6.0,t300,205.04017639160156,251.1356201171875,0,1038240,0.0
z500_brown_0.002,1,1,6.0,t400,215.10623168945312,264.9342041015625,0,1038240,0.0
z500_brown_0.002,1,1,6.0,t500,224.7086181640625,276.88861083984375,0,1038240,0.0
z500_brown_0.002,1,1,6.0,t600,214.50828552246094,289.67584228515625,0,1038240,0.0
z500_brown_0.002,1,1,6.0,t700,210.11843872070312,299.999755859375,0,1038240,0.0
z500_brown_0.002,1,1,6.0,t850,217.85345458984375,312.0276184082031,0,1038240,0.0
z500_brown_0.002,1,1,6.0,t925,222.4225311279297,317.20233154296875,0,1038240,0.0
z500_brown_0.002,1,1,6.0,t1000,225.73870849609375,322.23590087890625,0,1038240,0.0
z500_brown_0.002,1,1,6.0,q50,4.0234681364381686e-08,1.9511799109750427e-06,0,1038240,0.0
z500_brown_0.002,1,1,6.0,q100,1.0802136785059702e-07,9.330642569693737e-06,0,1038240,0.0
z500_brown_0.002,1,1,6.0,q150,6.302389010670595e-08,3.4255401260452345e-05,0,1038240,0.0
z500_brown_0.002,1,1,6.0,q200,-2.2510539565701038e-06,0.00021039220155216753,7366,1038240,0.007094698720912313
z500_brown_0.002,1,1,6.0,q250,-1.4103996363701299e-05,0.0006912783719599247,33387,1038240,0.03215730466944059
z500_brown_0.002,1,1,6.0,q300,-2.5906687369570136e-05,0.0016039940528571606,11084,1038240,0.01067575897672985
z500_brown_0.002,1,1,6.0,q400,-0.00011354268644936383,0.004468950442969799,30169,1038240,0.029057828633071353
z500_brown_0.002,1,1,6.0,q500,-0.000162801006808877,0.007301919162273407,8737,1038240,0.008415202650639544
z500_brown_0.002,1,1,6.0,q600,-0.00023632298689335585,0.0099899061024189,10823,1038240,0.010424372014177839
z500_brown_0.002,1,1,6.0,q700,-0.000640795798972249,0.013613671064376831,28089,1038240,0.027054438280166435
z500_brown_0.002,1,1,6.0,q850,-0.0009656520560383797,0.01823047362267971,64023,1038240,0.06166493296347665
z500_brown_0.002,1,1,6.0,q925,-0.0016255886293947697,0.020298268646001816,67715,1038240,0.06522095083988289
z500_brown_0.002,1,1,6.0,q1000,-0.0016585453413426876,0.0242660753428936,68410,1038240,0.06589035290491602
z500_brown_0.002,1,2,12.0,u10m,-24.62405014038086,22.692523956298828,0,1038240,0.0
z500_brown_0.002,1,2,12.0,v10m,-19.057241439819336,27.267770767211914,0,1038240,0.0
z500_brown_0.002,1,2,12.0,u100m,-32.430477142333984,28.452238082885742,0,1038240,0.0
z500_brown_0.002,1,2,12.0,v100m,-25.7490234375,36.301666259765625,0,1038240,0.0
z500_brown_0.002,1,2,12.0,t2m,205.33645629882812,321.9508972167969,0,1038240,0.0
z500_brown_0.002,1,2,12.0,sp,49202.93359375,103868.0078125,0,1038240,0.0
z500_brown_0.002,1,2,12.0,msl,93638.9296875,104243.9453125,0,1038240,0.0
z500_brown_0.002,1,2,12.0,tcwv,-5.961170196533203,77.51758575439453,73565,1038240,0.07085548620742796
z500_brown_0.002,1,2,12.0,u50,-29.692550659179688,75.34517669677734,0,1038240,0.0
z500_brown_0.002,1,2,12.0,u100,-39.41326904296875,64.45599365234375,0,1038240,0.0
z500_brown_0.002,1,2,12.0,u150,-34.229461669921875,72.14217376708984,0,1038240,0.0
z500_brown_0.002,1,2,12.0,u200,-44.22547149658203,89.11788177490234,0,1038240,0.0
z500_brown_0.002,1,2,12.0,u250,-40.32432174682617,100.97702026367188,0,1038240,0.0
z500_brown_0.002,1,2,12.0,u300,-40.88331604003906,91.80731201171875,0,1038240,0.0
z500_brown_0.002,1,2,12.0,u400,-41.22782897949219,71.6760025024414,0,1038240,0.0
z500_brown_0.002,1,2,12.0,u500,-36.485355377197266,56.892269134521484,0,1038240,0.0
z500_brown_0.002,1,2,12.0,u600,-36.752342224121094,43.296390533447266,0,1038240,0.0
z500_brown_0.002,1,2,12.0,u700,-38.526451110839844,39.220394134521484,0,1038240,0.0
z500_brown_0.002,1,2,12.0,u850,-42.92292404174805,37.081207275390625,0,1038240,0.0
z500_brown_0.002,1,2,12.0,u925,-41.220458984375,34.494873046875,0,1038240,0.0
z500_brown_0.002,1,2,12.0,u1000,-24.13739013671875,22.37664031982422,0,1038240,0.0
z500_brown_0.002,1,2,12.0,v50,-24.864473342895508,30.88118553161621,0,1038240,0.0
z500_brown_0.002,1,2,12.0,v100,-28.493623733520508,35.01321029663086,0,1038240,0.0
z500_brown_0.002,1,2,12.0,v150,-32.54120635986328,38.25860595703125,0,1038240,0.0
z500_brown_0.002,1,2,12.0,v200,-46.51008224487305,51.4449462890625,0,1038240,0.0
z500_brown_0.002,1,2,12.0,v250,-54.880096435546875,55.0316047668457,0,1038240,0.0
z500_brown_0.002,1,2,12.0,v300,-51.80864334106445,62.709632873535156,0,1038240,0.0
z500_brown_0.002,1,2,12.0,v400,-47.977638244628906,57.49665451049805,0,1038240,0.0
z500_brown_0.002,1,2,12.0,v500,-43.16193389892578,46.23719024658203,0,1038240,0.0
z500_brown_0.002,1,2,12.0,v600,-33.274566650390625,36.831764221191406,0,1038240,0.0
z500_brown_0.002,1,2,12.0,v700,-27.73504638671875,34.42489242553711,0,1038240,0.0
z500_brown_0.002,1,2,12.0,v850,-36.86158752441406,38.818153381347656,0,1038240,0.0
z500_brown_0.002,1,2,12.0,v925,-32.10838317871094,36.665992736816406,0,1038240,0.0
z500_brown_0.002,1,2,12.0,v1000,-19.765663146972656,28.061458587646484,0,1038240,0.0
z500_brown_0.002,1,2,12.0,z50,178425.6875,208131.796875,0,1038240,0.0
z500_brown_0.002,1,2,12.0,z100,140601.4375,165764.734375,0,1038240,0.0
z500_brown_0.002,1,2,12.0,z150,117497.390625,142046.359375,0,1038240,0.0
z500_brown_0.002,1,2,12.0,z200,100662.96875,123890.8125,0,1038240,0.0
z500_brown_0.002,1,2,12.0,z250,87341.140625,109062.0390625,0,1038240,0.0
z500_brown_0.002,1,2,12.0,z300,76238.46875,96355.25,0,1038240,0.0
z500_brown_0.002,1,2,12.0,z400,58363.98046875,75480.0390625,0,1038240,0.0
z500_brown_0.002,1,2,12.0,z500,44087.5,58903.5078125,0,1038240,0.0
z500_brown_0.002,1,2,12.0,z600,31994.90625,44796.29296875,0,1038240,0.0
z500_brown_0.002,1,2,12.0,z700,21556.013671875,32431.2109375,0,1038240,0.0
z500_brown_0.002,1,2,12.0,z850,7360.4697265625,16492.33984375,0,1038240,0.0
z500_brown_0.002,1,2,12.0,z925,969.48291015625,9397.01953125,0,1038240,0.0
z500_brown_0.002,1,2,12.0,z1000,-5072.234375,3096.08203125,0,1038240,0.0
z500_brown_0.002,1,2,12.0,t50,180.7315216064453,234.0579071044922,0,1038240,0.0
z500_brown_0.002,1,2,12.0,t100,186.34255981445312,235.4676513671875,0,1038240,0.0
z500_brown_0.002,1,2,12.0,t150,188.21275329589844,238.6263427734375,0,1038240,0.0
z500_brown_0.002,1,2,12.0,t200,191.9318084716797,241.48414611816406,0,1038240,0.0
z500_brown_0.002,1,2,12.0,t250,199.1214141845703,242.95066833496094,0,1038240,0.0
z500_brown_0.002,1,2,12.0,t300,204.82958984375,251.21484375,0,1038240,0.0
z500_brown_0.002,1,2,12.0,t400,214.71490478515625,265.01373291015625,0,1038240,0.0
z500_brown_0.002,1,2,12.0,t500,223.65481567382812,276.4415283203125,0,1038240,0.0
z500_brown_0.002,1,2,12.0,t600,217.67881774902344,290.3266906738281,0,1038240,0.0
z500_brown_0.002,1,2,12.0,t700,214.64999389648438,302.18829345703125,0,1038240,0.0
z500_brown_0.002,1,2,12.0,t850,222.5053253173828,314.0934143066406,0,1038240,0.0
z500_brown_0.002,1,2,12.0,t925,226.85060119628906,319.7806091308594,0,1038240,0.0
z500_brown_0.002,1,2,12.0,t1000,230.63267517089844,324.86700439453125,0,1038240,0.0
z500_brown_0.002,1,2,12.0,q50,8.488450475852005e-08,1.9592798707890324e-06,0,1038240,0.0
z500_brown_0.002,1,2,12.0,q100,2.66724100583815e-07,8.741903002373874e-06,0,1038240,0.0
z500_brown_0.002,1,2,12.0,q150,3.691588972287718e-07,3.526751243043691e-05,0,1038240,0.0
z500_brown_0.002,1,2,12.0,q200,-2.747805410763249e-06,0.0002080493577523157,9605,1038240,0.009251232855601787
z500_brown_0.002,1,2,12.0,q250,-9.89959153230302e-06,0.0007064091041684151,38315,1038240,0.03690379873632301
z500_brown_0.002,1,2,12.0,q300,-1.2313670595176518e-05,0.0015343943377956748,19175,1038240,0.018468754815842193
z500_brown_0.002,1,2,12.0,q400,-7.426075171679258e-05,0.004148698411881924,48388,1038240,0.0466057944213284
z500_brown_0.002,1,2,12.0,q500,-0.0001116954954341054,0.00698838010430336,25530,1038240,0.02458969024503005
z500_brown_0.002,1,2,12.0,q600,-0.00023120397236198187,0.010145296342670918,20454,1038240,0.019700647249190937
z500_brown_0.002,1,2,12.0,q700,-0.0006539393216371536,0.013357676565647125,54636,1038240,0.05262367082755432
z500_brown_0.002,1,2,12.0,q850,-0.0012482870370149612,0.0179008636623621,70604,1038240,0.06800354445985514
z500_brown_0.002,1,2,12.0,q925,-0.001521808560937643,0.020128928124904633,73392,1038240,0.07068885806749885
z500_brown_0.002,1,2,12.0,q1000,-0.0017786812968552113,0.025220364332199097,73081,1038240,0.070389312683002
z500_brown_0.002,1,3,18.0,u10m,-22.759841918945312,20.837312698364258,0,1038240,0.0
z500_brown_0.002,1,3,18.0,v10m,-19.854045867919922,26.773853302001953,0,1038240,0.0
z500_brown_0.002,1,3,18.0,u100m,-29.592851638793945,25.75124740600586,0,1038240,0.0
z500_brown_0.002,1,3,18.0,v100m,-25.644441604614258,36.56792449951172,0,1038240,0.0
z500_brown_0.002,1,3,18.0,t2m,206.2794952392578,320.8769836425781,0,1038240,0.0
z500_brown_0.002,1,3,18.0,sp,49166.2265625,103797.796875,0,1038240,0.0
z500_brown_0.002,1,3,18.0,msl,93883.734375,103938.703125,0,1038240,0.0
z500_brown_0.002,1,3,18.0,tcwv,-5.099037170410156,77.46279907226562,73577,1038240,0.07086704422869472
z500_brown_0.002,1,3,18.0,u50,-29.244525909423828,76.20037078857422,0,1038240,0.0
z500_brown_0.002,1,3,18.0,u100,-37.26987075805664,65.8741455078125,0,1038240,0.0
z500_brown_0.002,1,3,18.0,u150,-32.91539764404297,74.44664764404297,0,1038240,0.0
z500_brown_0.002,1,3,18.0,u200,-40.9208984375,86.30459594726562,0,1038240,0.0
z500_brown_0.002,1,3,18.0,u250,-37.48943328857422,101.05140686035156,0,1038240,0.0
z500_brown_0.002,1,3,18.0,u300,-39.113037109375,97.7003402709961,0,1038240,0.0
z500_brown_0.002,1,3,18.0,u400,-37.65351867675781,71.59112548828125,0,1038240,0.0
z500_brown_0.002,1,3,18.0,u500,-34.50830078125,58.22509002685547,0,1038240,0.0
z500_brown_0.002,1,3,18.0,u600,-32.91770553588867,45.482032775878906,0,1038240,0.0
z500_brown_0.002,1,3,18.0,u700,-34.05086898803711,39.04293441772461,0,1038240,0.0
z500_brown_0.002,1,3,18.0,u850,-36.36012649536133,35.61153793334961,0,1038240,0.0
z500_brown_0.002,1,3,18.0,u925,-36.86407470703125,32.012786865234375,0,1038240,0.0
z500_brown_0.002,1,3,18.0,u1000,-22.247705459594727,21.516605377197266,0,1038240,0.0
z500_brown_0.002,1,3,18.0,v50,-23.213144302368164,29.558380126953125,0,1038240,0.0
z500_brown_0.002,1,3,18.0,v100,-26.69173240661621,33.71086883544922,0,1038240,0.0
z500_brown_0.002,1,3,18.0,v150,-29.465129852294922,36.49805450439453,0,1038240,0.0
z500_brown_0.002,1,3,18.0,v200,-45.37490463256836,54.962581634521484,0,1038240,0.0
z500_brown_0.002,1,3,18.0,v250,-57.10312271118164,62.71240997314453,0,1038240,0.0
z500_brown_0.002,1,3,18.0,v300,-52.76292037963867,59.18236541748047,0,1038240,0.0
z500_brown_0.002,1,3,18.0,v400,-44.95854568481445,52.58090591430664,0,1038240,0.0
z500_brown_0.002,1,3,18.0,v500,-42.51793670654297,43.33988952636719,0,1038240,0.0
z500_brown_0.002,1,3,18.0,v600,-33.113441467285156,36.510807037353516,0,1038240,0.0
z500_brown_0.002,1,3,18.0,v700,-27.35005760192871,34.29862594604492,0,1038240,0.0
z500_brown_0.002,1,3,18.0,v850,-32.71898651123047,37.80318832397461,0,1038240,0.0
z500_brown_0.002,1,3,18.0,v925,-31.238826751708984,37.62152862548828,0,1038240,0.0
z500_brown_0.002,1,3,18.0,v1000,-20.673179626464844,27.409549713134766,0,1038240,0.0
z500_brown_0.002,1,3,18.0,z50,178363.765625,208026.421875,0,1038240,0.0
z500_brown_0.002,1,3,18.0,z100,140505.59375,165755.59375,0,1038240,0.0
z500_brown_0.002,1,3,18.0,z150,117418.25,142009.875,0,1038240,0.0
z500_brown_0.002,1,3,18.0,z200,100615.453125,123871.09375,0,1038240,0.0
z500_brown_0.002,1,3,18.0,z250,87318.328125,109031.2578125,0,1038240,0.0
z500_brown_0.002,1,3,18.0,z300,76233.3984375,96387.734375,0,1038240,0.0
z500_brown_0.002,1,3,18.0,z400,58391.78125,75614.2109375,0,1038240,0.0
z500_brown_0.002,1,3,18.0,z500,44144.125,58857.21875,0,1038240,0.0
z500_brown_0.002,1,3,18.0,z600,32108.67578125,44696.94140625,0,1038240,0.0
z500_brown_0.002,1,3,18.0,z700,21648.33203125,32401.40234375,0,1038240,0.0
z500_brown_0.002,1,3,18.0,z850,7493.05029296875,16459.076171875,0,1038240,0.0
z500_brown_0.002,1,3,18.0,z925,1167.73583984375,9417.525390625,0,1038240,0.0
z500_brown_0.002,1,3,18.0,z1000,-4780.33544921875,3015.79541015625,0,1038240,0.0
z500_brown_0.002,1,3,18.0,t50,180.442626953125,234.35911560058594,0,1038240,0.0
z500_brown_0.002,1,3,18.0,t100,186.37977600097656,235.38693237304688,0,1038240,0.0
z500_brown_0.002,1,3,18.0,t150,188.81060791015625,239.08511352539062,0,1038240,0.0
z500_brown_0.002,1,3,18.0,t200,192.62901306152344,241.79827880859375,0,1038240,0.0
z500_brown_0.002,1,3,18.0,t250,199.32415771484375,242.4619140625,0,1038240,0.0
z500_brown_0.002,1,3,18.0,t300,204.73460388183594,250.65835571289062,0,1038240,0.0
z500_brown_0.002,1,3,18.0,t400,214.79794311523438,264.7501220703125,0,1038240,0.0
z500_brown_0.002,1,3,18.0,t500,223.29476928710938,276.7590026855469,0,1038240,0.0
z500_brown_0.002,1,3,18.0,t600,216.58309936523438,288.469482421875,0,1038240,0.0
z500_brown_0.002,1,3,18.0,t700,215.4385223388672,299.6348571777344,0,1038240,0.0
z500_brown_0.002,1,3,18.0,t850,223.7565155029297,310.33074951171875,0,1038240,0.0
z500_brown_0.002,1,3,18.0,t925,227.81289672851562,316.8318786621094,0,1038240,0.0
z500_brown_0.002,1,3,18.0,t1000,231.50021362304688,321.9646301269531,0,1038240,0.0
z500_brown_0.002,1,3,18.0,q50,1.288074145122664e-07,1.968678589037154e-06,0,1038240,0.0
z500_brown_0.002,1,3,18.0,q100,3.9970018406165764e-07,8.17223008198198e-06,0,1038240,0.0
z500_brown_0.002,1,3,18.0,q150,3.36182438331889e-07,3.6819899833062664e-05,0,1038240,0.0
z500_brown_0.002,1,3,18.0,q200,-1.6740177670726553e-06,0.00021132075926288962,5701,1038240,0.005491023270149484
z500_brown_0.002,1,3,18.0,q250,-1.5074470866238698e-05,0.0006486367783509195,34093,1038240,0.03283730158730159
z500_brown_0.002,1,3,18.0,q300,-1.569201413076371e-05,0.0015145380748435855,28114,1038240,0.02707851749113885
z500_brown_0.002,1,3,18.0,q400,-7.63419084250927e-05,0.004056599456816912,56804,1038240,0.05471182000308214
z500_brown_0.002,1,3,18.0,q500,-0.00012265489203855395,0.006946375593543053,40878,1038240,0.03937239944521498
z500_brown_0.002,1,3,18.0,q600,-0.00031691091135144234,0.009602973237633705,35782,1038240,0.03446409308059793
z500_brown_0.002,1,3,18.0,q700,-0.000734980683773756,0.013103360310196877,60755,1038240,0.05851729850516258
z500_brown_0.002,1,3,18.0,q850,-0.0011952053755521774,0.018032684922218323,72777,1038240,0.07009650947757744
z500_brown_0.002,1,3,18.0,q925,-0.0014863647520542145,0.01987827569246292,75187,1038240,0.07241774541531823
z500_brown_0.002,1,3,18.0,q1000,-0.001549284439533949,0.02460436336696148,73746,1038240,0.07102981969486824
z500_brown_0.002,1,4,24.0,u10m,-20.914470672607422,25.441783905029297,0,1038240,0.0
z500_brown_0.002,1,4,24.0,v10m,-19.72841453552246,25.554393768310547,0,1038240,0.0
z500_brown_0.002,1,4,24.0,u100m,-27.97191047668457,32.55208969116211,0,1038240,0.0
z500_brown_0.002,1,4,24.0,v100m,-26.21347999572754,34.574405670166016,0,1038240,0.0
z500_brown_0.002,1,4,24.0,t2m,205.80831909179688,319.495849609375,0,1038240,0.0
z500_brown_0.002,1,4,24.0,sp,49046.7109375,103879.8671875,0,1038240,0.0
z500_brown_0.002,1,4,24.0,msl,93895.1328125,103863.46875,0,1038240,0.0
z500_brown_0.002,1,4,24.0,tcwv,-4.607860565185547,75.88134765625,72309,1038240,0.06964574664817383
z500_brown_0.002,1,4,24.0,u50,-29.699127197265625,77.58507537841797,0,1038240,0.0
z500_brown_0.002,1,4,24.0,u100,-37.64649963378906,65.95527648925781,0,1038240,0.0
z500_brown_0.002,1,4,24.0,u150,-31.64455223083496,73.64338684082031,0,1038240,0.0
z500_brown_0.002,1,4,24.0,u200,-37.43316650390625,85.68341827392578,0,1038240,0.0
z500_brown_0.002,1,4,24.0,u250,-36.49120330810547,96.29777526855469,0,1038240,0.0
z500_brown_0.002,1,4,24.0,u300,-39.00426483154297,93.83190155029297,0,1038240,0.0
z500_brown_0.002,1,4,24.0,u400,-35.789215087890625,72.43438720703125,0,1038240,0.0
z500_brown_0.002,1,4,24.0,u500,-30.366439819335938,62.873573303222656,0,1038240,0.0
z500_brown_0.002,1,4,24.0,u600,-30.058298110961914,51.101470947265625,0,1038240,0.0
z500_brown_0.002,1,4,24.0,u700,-31.63794708251953,41.608951568603516,0,1038240,0.0
z500_brown_0.002,1,4,24.0,u850,-36.194889068603516,35.296932220458984,0,1038240,0.0
z500_brown_0.002,1,4,24.0,u925,-34.679500579833984,35.836734771728516,0,1038240,0.0
z500_brown_0.002,1,4,24.0,u1000,-20.42999839782715,25.13412857055664,0,1038240,0.0
z500_brown_0.002,1,4,24.0,v50,-22.94202995300293,29.34999656677246,0,1038240,0.0
z500_brown_0.002,1,4,24.0,v100,-25.03062629699707,32.70542907714844,0,1038240,0.0
z500_brown_0.002,1,4,24.0,v150,-29.51427459716797,34.7659797668457,0,1038240,0.0
z500_brown_0.002,1,4,24.0,v200,-42.435813903808594,53.33885192871094,0,1038240,0.0
z500_brown_0.002,1,4,24.0,v250,-55.11702346801758,63.172245025634766,0,1038240,0.0
z500_brown_0.002,1,4,24.0,v300,-54.23067855834961,60.660438537597656,0,1038240,0.0
z500_brown_0.002,1,4,24.0,v400,-38.784236907958984,52.996070861816406,0,1038240,0.0
z500_brown_0.002,1,4,24.0,v500,-36.549991607666016,46.09531784057617,0,1038240,0.0
z500_brown_0.002,1,4,24.0,v600,-33.31940841674805,36.934837341308594,0,1038240,0.0
z500_brown_0.002,1,4,24.0,v700,-29.96674346923828,32.04873275756836,0,1038240,0.0
z500_brown_0.002,1,4,24.0,v850,-36.66899490356445,38.78981399536133,0,1038240,0.0
z500_brown_0.002,1,4,24.0,v925,-32.08039474487305,36.66886901855469,0,1038240,0.0
z500_brown_0.002,1,4,24.0,v1000,-20.385051727294922,26.284128189086914,0,1038240,0.0
z500_brown_0.002,1,4,24.0,z50,178282.96875,208038.890625,0,1038240,0.0
z500_brown_0.002,1,4,24.0,z100,140450.703125,165512.015625,0,1038240,0.0
z500_brown_0.002,1,4,24.0,z150,117389.3671875,141741.21875,0,1038240,0.0
z500_brown_0.002,1,4,24.0,z200,100595.2890625,123627.328125,0,1038240,0.0
z500_brown_0.002,1,4,24.0,z250,87302.265625,108931.953125,0,1038240,0.0
z500_brown_0.002,1,4,24.0,z300,76200.7265625,96398.3984375,0,1038240,0.0
z500_brown_0.002,1,4,24.0,z400,58367.9296875,75582.34375,0,1038240,0.0
z500_brown_0.002,1,4,24.0,z500,44143.73046875,58801.2890625,0,1038240,0.0
z500_brown_0.002,1,4,24.0,z600,32160.37890625,44669.2734375,0,1038240,0.0
z500_brown_0.002,1,4,24.0,z700,21595.59765625,32390.64453125,0,1038240,0.0
z500_brown_0.002,1,4,24.0,z850,7356.32958984375,16492.65234375,0,1038240,0.0
z500_brown_0.002,1,4,24.0,z925,1075.142578125,9512.798828125,0,1038240,0.0
z500_brown_0.002,1,4,24.0,z1000,-4790.265625,3067.51708984375,0,1038240,0.0
z500_brown_0.002,1,4,24.0,t50,180.0172119140625,234.65231323242188,0,1038240,0.0
z500_brown_0.002,1,4,24.0,t100,186.517578125,235.38406372070312,0,1038240,0.0
z500_brown_0.002,1,4,24.0,t150,188.56890869140625,239.35903930664062,0,1038240,0.0
z500_brown_0.002,1,4,24.0,t200,192.23391723632812,241.91441345214844,0,1038240,0.0
z500_brown_0.002,1,4,24.0,t250,199.67160034179688,242.6448211669922,0,1038240,0.0
z500_brown_0.002,1,4,24.0,t300,204.74746704101562,250.16720581054688,0,1038240,0.0
z500_brown_0.002,1,4,24.0,t400,214.647216796875,264.62591552734375,0,1038240,0.0
z500_brown_0.002,1,4,24.0,t500,222.8271942138672,276.6153564453125,0,1038240,0.0
z500_brown_0.002,1,4,24.0,t600,217.08087158203125,286.63323974609375,0,1038240,0.0
z500_brown_0.002,1,4,24.0,t700,215.74380493164062,295.4046630859375,0,1038240,0.0
z500_brown_0.002,1,4,24.0,t850,224.32911682128906,308.1646423339844,0,1038240,0.0
z500_brown_0.002,1,4,24.0,t925,228.17581176757812,313.81640625,0,1038240,0.0
z500_brown_0.002,1,4,24.0,t1000,231.87823486328125,318.2917175292969,0,1038240,0.0
z500_brown_0.002,1,4,24.0,q50,1.6975400285446085e-07,1.975300392587087e-06,0,1038240,0.0
z500_brown_0.002,1,4,24.0,q100,4.784185421158327e-07,7.672825631743763e-06,0,1038240,0.0
z500_brown_0.002,1,4,24.0,q150,-5.8958903537131846e-08,3.5352251870790496e-05,3,1038240,2.889505316689783e-06
z500_brown_0.002,1,4,24.0,q200,-1.428705218131654e-06,0.0001948871067725122,4912,1038240,0.004731083371860071
z500_brown_0.002,1,4,24.0,q250,-1.277350020245649e-05,0.0006226625991985202,40771,1038240,0.039269340422253045
z500_brown_0.002,1,4,24.0,q300,-1.8159946193918586e-05,0.0014740420738235116,31108,1038240,0.029962243797195254
z500_brown_0.002,1,4,24.0,q400,-6.260719965212047e-05,0.004100511781871319,53529,1038240,0.051557443365695795
z500_brown_0.002,1,4,24.0,q500,-0.00012099591549485922,0.006902649067342281,44508,1038240,0.04286870087840962
z500_brown_0.002,1,4,24.0,q600,-0.00025675236247479916,0.009481142275035381,43330,1038240,0.04173408845738943
z500_brown_0.002,1,4,24.0,q700,-0.0006527318619191647,0.01303541474044323,59727,1038240,0.05752716134997688
z500_brown_0.002,1,4,24.0,q850,-0.0010100561194121838,0.01807538978755474,72183,1038240,0.06952438742487287
z500_brown_0.002,1,4,24.0,q925,-0.0012692646123468876,0.01960461027920246,74847,1038240,0.07209026814609339
z500_brown_0.002,1,4,24.0,q1000,-0.001387628260999918,0.02464013174176216,72894,1038240,0.07020920018492834
z500_brown_0.002,1,5,30.0,u10m,-21.70952796936035,27.015403747558594,0,1038240,0.0
z500_brown_0.002,1,5,30.0,v10m,-19.784061431884766,24.131458282470703,0,1038240,0.0
z500_brown_0.002,1,5,30.0,u100m,-29.054950714111328,34.113189697265625,0,1038240,0.0
z500_brown_0.002,1,5,30.0,v100m,-26.072206497192383,33.0173454284668,0,1038240,0.0
z500_brown_0.002,1,5,30.0,t2m,205.7518310546875,316.1845397949219,0,1038240,0.0
z500_brown_0.002,1,5,30.0,sp,49072.30859375,103790.0,0,1038240,0.0
z500_brown_0.002,1,5,30.0,msl,93970.640625,103797.2265625,0,1038240,0.0
z500_brown_0.002,1,5,30.0,tcwv,-4.124423980712891,75.21001434326172,70741,1038240,0.06813549853598397
z500_brown_0.002,1,5,30.0,u50,-30.32579803466797,77.09950256347656,0,1038240,0.0
z500_brown_0.002,1,5,30.0,u100,-38.067596435546875,68.66383361816406,0,1038240,0.0
z500_brown_0.002,1,5,30.0,u150,-30.394376754760742,73.16262817382812,0,1038240,0.0
z500_brown_0.002,1,5,30.0,u200,-37.57250213623047,85.41754913330078,0,1038240,0.0
z500_brown_0.002,1,5,30.0,u250,-33.473270416259766,93.52317810058594,0,1038240,0.0
z500_brown_0.002,1,5,30.0,u300,-37.457313537597656,91.72176361083984,0,1038240,0.0
z500_brown_0.002,1,5,30.0,u400,-34.37548828125,75.04059600830078,0,1038240,0.0
z500_brown_0.002,1,5,30.0,u500,-30.876251220703125,60.950103759765625,0,1038240,0.0
z500_brown_0.002,1,5,30.0,u600,-29.277753829956055,49.47573471069336,0,1038240,0.0
z500_brown_0.002,1,5,30.0,u700,-35.620704650878906,40.061988830566406,0,1038240,0.0
z500_brown_0.002,1,5,30.0,u850,-38.29956817626953,39.302093505859375,0,1038240,0.0
z500_brown_0.002,1,5,30.0,u925,-35.168426513671875,36.40464401245117,0,1038240,0.0
z500_brown_0.002,1,5,30.0,u1000,-21.65924072265625,26.449556350708008,0,1038240,0.0
z500_brown_0.002,1,5,30.0,v50,-23.58970069885254,27.957550048828125,0,1038240,0.0
z500_brown_0.002,1,5,30.0,v100,-21.96319580078125,31.385759353637695,0,1038240,0.0
z500_brown_0.002,1,5,30.0,v150,-28.430578231811523,33.07887649536133,0,1038240,0.0
z500_brown_0.002,1,5,30.0,v200,-42.48072052001953,51.72219467163086,0,1038240,0.0
z500_brown_0.002,1,5,30.0,v250,-54.34212112426758,63.67980194091797,0,1038240,0.0
z500_brown_0.002,1,5,30.0,v300,-53.513545989990234,66.14728546142578,0,1038240,0.0
z500_brown_0.002,1,5,30.0,v400,-39.686058044433594,56.45098114013672,0,1038240,0.0
z500_brown_0.002,1,5,30.0,v500,-37.291542053222656,48.50080871582031,0,1038240,0.0
z500_brown_0.002,1,5,30.0,v600,-33.26164245605469,39.39080047607422,0,1038240,0.0
z500_brown_0.002,1,5,30.0,v700,-28.787578582763672,32.527931213378906,0,1038240,0.0
z500_brown_0.002,1,5,30.0,v850,-36.2573127746582,38.75966262817383,0,1038240,0.0
z500_brown_0.002,1,5,30.0,v925,-30.83673858642578,31.93767738342285,0,1038240,0.0
z500_brown_0.002,1,5,30.0,v1000,-20.34910774230957,24.581785202026367,0,1038240,0.0
z500_brown_0.002,1,5,30.0,z50,178073.46875,208175.703125,0,1038240,0.0
z500_brown_0.002,1,5,30.0,z100,140335.8125,165621.15625,0,1038240,0.0
z500_brown_0.002,1,5,30.0,z150,117313.3671875,141766.359375,0,1038240,0.0
z500_brown_0.002,1,5,30.0,z200,100546.34375,123665.9921875,0,1038240,0.0
z500_brown_0.002,1,5,30.0,z250,87258.46875,108940.1796875,0,1038240,0.0
z500_brown_0.002,1,5,30.0,z300,76182.59375,96395.6015625,0,1038240,0.0
z500_brown_0.002,1,5,30.0,z400,58362.390625,75591.359375,0,1038240,0.0
z500_brown_0.002,1,5,30.0,z500,44137.84375,58646.67578125,0,1038240,0.0
z500_brown_0.002,1,5,30.0,z600,31988.466796875,44514.921875,0,1038240,0.0
z500_brown_0.002,1,5,30.0,z700,21271.73046875,32219.7421875,0,1038240,0.0
z500_brown_0.002,1,5,30.0,z850,7284.3720703125,16518.216796875,0,1038240,0.0
z500_brown_0.002,1,5,30.0,z925,1123.90234375,9523.111328125,0,1038240,0.0
z500_brown_0.002,1,5,30.0,z1000,-4676.54345703125,3027.6708984375,0,1038240,0.0
z500_brown_0.002,1,5,30.0,t50,179.81015014648438,234.92758178710938,0,1038240,0.0
z500_brown_0.002,1,5,30.0,t100,186.25421142578125,235.23260498046875,0,1038240,0.0
z500_brown_0.002,1,5,30.0,t150,189.1097412109375,240.0169677734375,0,1038240,0.0
z500_brown_0.002,1,5,30.0,t200,192.11312866210938,242.13339233398438,0,1038240,0.0
z500_brown_0.002,1,5,30.0,t250,199.81861877441406,242.51422119140625,0,1038240,0.0
z500_brown_0.002,1,5,30.0,t300,204.80474853515625,250.2403564453125,0,1038240,0.0
z500_brown_0.002,1,5,30.0,t400,214.1013946533203,264.154296875,0,1038240,0.0
z500_brown_0.002,1,5,30.0,t500,222.8275146484375,276.02374267578125,0,1038240,0.0
z500_brown_0.002,1,5,30.0,t600,216.93447875976562,289.0408020019531,0,1038240,0.0
z500_brown_0.002,1,5,30.0,t700,215.14761352539062,300.8320007324219,0,1038240,0.0
z500_brown_0.002,1,5,30.0,t850,223.91720581054688,312.12017822265625,0,1038240,0.0
z500_brown_0.002,1,5,30.0,t925,227.73959350585938,317.2821044921875,0,1038240,0.0
z500_brown_0.002,1,5,30.0,t1000,231.315673828125,322.4284973144531,0,1038240,0.0
z500_brown_0.002,1,5,30.0,q50,2.1156279217393603e-07,1.982732101168949e-06,0,1038240,0.0
z500_brown_0.002,1,5,30.0,q100,5.709941888198955e-07,7.222625754366163e-06,0,1038240,0.0
z500_brown_0.002,1,5,30.0,q150,-4.408025233715307e-07,3.5036475310334936e-05,62,1038240,5.9716443211588844e-05
z500_brown_0.002,1,5,30.0,q200,-2.202876203227788e-06,0.00020293236593715847,7404,1038240,0.007131299121590383
z500_brown_0.002,1,5,30.0,q250,-1.5602930943714455e-05,0.000636587617918849,32101,1038240,0.030918670057019572
z500_brown_0.002,1,5,30.0,q300,-2.0687744836322963e-05,0.0015162471681833267,28502,1038240,0.02745222684543073
z500_brown_0.002,1,5,30.0,q400,-6.825555465184152e-05,0.004192497115582228,50317,1038240,0.04846374633995993
z500_brown_0.002,1,5,30.0,q500,-0.0001137126237154007,0.007219926919788122,40704,1038240,0.03920480813684697
z500_brown_0.002,1,5,30.0,q600,-0.00029254122637212276,0.010802256874740124,44184,1038240,0.04255663430420712
z500_brown_0.002,1,5,30.0,q700,-0.0005515620578080416,0.01330495998263359,61881,1038240,0.05960182616736015
z500_brown_0.002,1,5,30.0,q850,-0.0008377204649150372,0.01799524389207363,70123,1038240,0.06754026044074588
z500_brown_0.002,1,5,30.0,q925,-0.0010575582273304462,0.020057598128914833,72485,1038240,0.06981526429341964
z500_brown_0.002,1,5,30.0,q1000,-0.0011316263116896152,0.023938316851854324,71218,1038240,0.06859492988133765
z500_brown_0.002,1,6,36.0,u10m,-22.134845733642578,23.30032730102539,0,1038240,0.0
z500_brown_0.002,1,6,36.0,v10m,-19.48710823059082,22.84383773803711,0,1038240,0.0
z500_brown_0.002,1,6,36.0,u100m,-29.335023880004883,29.100793838500977,0,1038240,0.0
z500_brown_0.002,1,6,36.0,v100m,-25.410799026489258,31.772367477416992,0,1038240,0.0
z500_brown_0.002,1,6,36.0,t2m,204.12890625,322.08465576171875,0,1038240,0.0
z500_brown_0.002,1,6,36.0,sp,49001.015625,103833.5390625,0,1038240,0.0
z500_brown_0.002,1,6,36.0,msl,94189.4140625,103782.96875,0,1038240,0.0
z500_brown_0.002,1,6,36.0,tcwv,-3.716348648071289,75.49998474121094,67045,1038240,0.06457562798582216
z500_brown_0.002,1,6,36.0,u50,-27.42855453491211,75.87284088134766,0,1038240,0.0
z500_brown_0.002,1,6,36.0,u100,-37.72112274169922,67.94729614257812,0,1038240,0.0
z500_brown_0.002,1,6,36.0,u150,-31.94858741760254,71.18768310546875,0,1038240,0.0
z500_brown_0.002,1,6,36.0,u200,-37.27027893066406,83.0060806274414,0,1038240,0.0
z500_brown_0.002,1,6,36.0,u250,-34.49186706542969,90.80165100097656,0,1038240,0.0
z500_brown_0.002,1,6,36.0,u300,-31.79730224609375,86.59429168701172,0,1038240,0.0
z500_brown_0.002,1,6,36.0,u400,-28.2675724029541,73.01287078857422,0,1038240,0.0
z500_brown_0.002,1,6,36.0,u500,-27.733478546142578,59.63198471069336,0,1038240,0.0
z500_brown_0.002,1,6,36.0,u600,-29.964967727661133,48.44584274291992,0,1038240,0.0
z500_brown_0.002,1,6,36.0,u700,-37.36679458618164,40.95662307739258,0,1038240,0.0
z500_brown_0.002,1,6,36.0,u850,-37.85303497314453,36.41402053833008,0,1038240,0.0
z500_brown_0.002,1,6,36.0,u925,-35.08719253540039,31.021766662597656,0,1038240,0.0
z500_brown_0.002,1,6,36.0,u1000,-21.839445114135742,23.24538803100586,0,1038240,0.0
z500_brown_0.002,1,6,36.0,v50,-25.38033103942871,27.547277450561523,0,1038240,0.0
z500_brown_0.002,1,6,36.0,v100,-21.449926376342773,29.015064239501953,0,1038240,0.0
z500_brown_0.002,1,6,36.0,v150,-29.088850021362305,32.68775939941406,0,1038240,0.0
z500_brown_0.002,1,6,36.0,v200,-40.67912292480469,48.00430679321289,0,1038240,0.0
z500_brown_0.002,1,6,36.0,v250,-50.55335235595703,54.30067443847656,0,1038240,0.0
z500_brown_0.002,1,6,36.0,v300,-54.69697189331055,53.9213981628418,0,1038240,0.0
z500_brown_0.002,1,6,36.0,v400,-45.7781982421875,53.8335075378418,0,1038240,0.0
z500_brown_0.002,1,6,36.0,v500,-37.62401580810547,45.895362854003906,0,1038240,0.0
z500_brown_0.002,1,6,36.0,v600,-30.038578033447266,38.600982666015625,0,1038240,0.0
z500_brown_0.002,1,6,36.0,v700,-26.05406951904297,31.218618392944336,0,1038240,0.0
z500_brown_0.002,1,6,36.0,v850,-32.49312210083008,37.78832244873047,0,1038240,0.0
z500_brown_0.002,1,6,36.0,v925,-31.13981056213379,31.012346267700195,0,1038240,0.0
z500_brown_0.002,1,6,36.0,v1000,-20.41077995300293,23.547536849975586,0,1038240,0.0
z500_brown_0.002,1,6,36.0,z50,177779.21875,208346.40625,0,1038240,0.0
z500_brown_0.002,1,6,36.0,z100,140343.109375,165807.234375,0,1038240,0.0
z500_brown_0.002,1,6,36.0,z150,117380.4375,141954.671875,0,1038240,0.0
z500_brown_0.002,1,6,36.0,z200,100662.3359375,123788.546875,0,1038240,0.0
z500_brown_0.002,1,6,36.0,z250,87423.078125,108871.09375,0,1038240,0.0
z500_brown_0.002,1,6,36.0,z300,76354.328125,96252.015625,0,1038240,0.0
z500_brown_0.002,1,6,36.0,z400,58530.1875,75455.2578125,0,1038240,0.0
z500_brown_0.002,1,6,36.0,z500,44135.34375,58723.9296875,0,1038240,0.0
z500_brown_0.002,1,6,36.0,z600,31880.6015625,44603.625,0,1038240,0.0
z500_brown_0.002,1,6,36.0,z700,21234.41015625,32269.203125,0,1038240,0.0
z500_brown_0.002,1,6,36.0,z850,7409.9453125,16570.34375,0,1038240,0.0
z500_brown_0.002,1,6,36.0,z925,1300.4931640625,9576.587890625,0,1038240,0.0
z500_brown_0.002,1,6,36.0,z1000,-4472.8798828125,3087.52734375,0,1038240,0.0
z500_brown_0.002,1,6,36.0,t50,179.46426391601562,235.2044219970703,0,1038240,0.0
z500_brown_0.002,1,6,36.0,t100,185.99868774414062,235.6894989013672,0,1038240,0.0
z500_brown_0.002,1,6,36.0,t150,189.07525634765625,240.2216796875,0,1038240,0.0
z500_brown_0.002,1,6,36.0,t200,192.00677490234375,241.9846649169922,0,1038240,0.0
z500_brown_0.002,1,6,36.0,t250,200.23587036132812,242.7913055419922,0,1038240,0.0
z500_brown_0.002,1,6,36.0,t300,204.6371612548828,251.33334350585938,0,1038240,0.0
z500_brown_0.002,1,6,36.0,t400,213.6083526611328,265.49188232421875,0,1038240,0.0
z500_brown_0.002,1,6,36.0,t500,222.51364135742188,276.8276062011719,0,1038240,0.0
z500_brown_0.002,1,6,36.0,t600,217.42112731933594,291.0374450683594,0,1038240,0.0
z500_brown_0.002,1,6,36.0,t700,215.0443878173828,303.3606262207031,0,1038240,0.0
z500_brown_0.002,1,6,36.0,t850,223.5259246826172,313.7066650390625,0,1038240,0.0
z500_brown_0.002,1,6,36.0,t925,227.43511962890625,318.6339111328125,0,1038240,0.0
z500_brown_0.002,1,6,36.0,t1000,231.01126098632812,323.5740966796875,0,1038240,0.0
z500_brown_0.002,1,6,36.0,q50,2.4891119210224133e-07,1.9887588678102475e-06,0,1038240,0.0
z500_brown_0.002,1,6,36.0,q100,6.489551651611691e-07,6.820920134487096e-06,0,1038240,0.0
z500_brown_0.002,1,6,36.0,q150,1.7587854017619975e-07,3.899570583598688e-05,0,1038240,0.0
z500_brown_0.002,1,6,36.0,q200,-3.730721800820902e-06,0.00021338900842238218,11501,1038240,0.01107740021574973
z500_brown_0.002,1,6,36.0,q250,-1.3780652807326987e-05,0.00064559665042907,30892,1038240,0.029754199414393587
z500_brown_0.002,1,6,36.0,q300,-1.656505628488958e-05,0.0014788988046348095,27360,1038240,0.026352288488210817
z500_brown_0.002,1,6,36.0,q400,-5.641294410452247e-05,0.003987607080489397,48935,1038240,0.04713264755740484
z500_brown_0.002,1,6,36.0,q500,-0.00010136811761185527,0.007916375994682312,36898,1038240,0.03553898905840654
z500_brown_0.002,1,6,36.0,q600,-0.00021939945872873068,0.009869428351521492,42292,1038240,0.04073431961781476
z500_brown_0.002,1,6,36.0,q700,-0.00048444001004099846,0.012852676212787628,56849,1038240,0.05475516258283249
z500_brown_0.002,1,6,36.0,q850,-0.0006318106316030025,0.018177133053541183,65834,1038240,0.06340923100631839
z500_brown_0.002,1,6,36.0,q925,-0.0007955650798976421,0.020159155130386353,67563,1038240,0.0650745492371706
z500_brown_0.002,1,6,36.0,q1000,-0.0009272838942706585,0.02565859444439411,67183,1038240,0.0647085452303899
z500_brown_0.002,1,7,42.0,u10m,-21.929288864135742,18.601030349731445,0,1038240,0.0
z500_brown_0.002,1,7,42.0,v10m,-20.334320068359375,23.67586326599121,0,1038240,0.0
z500_brown_0.002,1,7,42.0,u100m,-28.421220779418945,24.128360748291016,0,1038240,0.0
z500_brown_0.002,1,7,42.0,v100m,-27.390466690063477,32.626739501953125,0,1038240,0.0
z500_brown_0.002,1,7,42.0,t2m,202.67251586914062,321.0481262207031,0,1038240,0.0
z500_brown_0.002,1,7,42.0,sp,49103.94140625,103867.6953125,0,1038240,0.0
z500_brown_0.002,1,7,42.0,msl,94655.1953125,103829.640625,0,1038240,0.0
z500_brown_0.002,1,7,42.0,tcwv,-2.7485313415527344,76.8428726196289,61211,1038240,0.05895650331329943
z500_brown_0.002,1,7,42.0,u50,-28.019718170166016,75.71367645263672,0,1038240,0.0
z500_brown_0.002,1,7,42.0,u100,-33.936767578125,67.01824188232422,0,1038240,0.0
z500_brown_0.002,1,7,42.0,u150,-30.903627395629883,70.40997314453125,0,1038240,0.0
z500_brown_0.002,1,7,42.0,u200,-37.84943389892578,81.59600830078125,0,1038240,0.0
z500_brown_0.002,1,7,42.0,u250,-35.92158889770508,87.06138610839844,0,1038240,0.0
z500_brown_0.002,1,7,42.0,u300,-32.458316802978516,85.23259735107422,0,1038240,0.0
z500_brown_0.002,1,7,42.0,u400,-24.501230239868164,69.94770050048828,0,1038240,0.0
z500_brown_0.002,1,7,42.0,u500,-26.76110076904297,59.73056411743164,0,1038240,0.0
z500_brown_0.002,1,7,42.0,u600,-32.790279388427734,48.806793212890625,0,1038240,0.0
z500_brown_0.002,1,7,42.0,u700,-39.57072067260742,40.72649383544922,0,1038240,0.0
z500_brown_0.002,1,7,42.0,u850,-37.375938415527344,35.43251037597656,0,1038240,0.0
z500_brown_0.002,1,7,42.0,u925,-36.257938385009766,30.60265350341797,0,1038240,0.0
z500_brown_0.002,1,7,42.0,u1000,-21.95818519592285,20.860639572143555,0,1038240,0.0
z500_brown_0.002,1,7,42.0,v50,-26.434978485107422,25.86982536315918,0,1038240,0.0
z500_brown_0.002,1,7,42.0,v100,-21.72812271118164,25.755352020263672,0,1038240,0.0
z500_brown_0.002,1,7,42.0,v150,-28.54908561706543,32.35501480102539,0,1038240,0.0
z500_brown_0.002,1,7,42.0,v200,-40.28731918334961,47.6750373840332,0,1038240,0.0
z500_brown_0.002,1,7,42.0,v250,-53.10411071777344,52.599090576171875,0,1038240,0.0
z500_brown_0.002,1,7,42.0,v300,-58.95799255371094,54.783050537109375,0,1038240,0.0
z500_brown_0.002,1,7,42.0,v400,-54.88724136352539,55.900047302246094,0,1038240,0.0
z500_brown_0.002,1,7,42.0,v500,-39.759395599365234,48.72454833984375,0,1038240,0.0
z500_brown_0.002,1,7,42.0,v600,-28.11077880859375,39.711090087890625,0,1038240,0.0
z500_brown_0.002,1,7,42.0,v700,-24.600711822509766,32.66059494018555,0,1038240,0.0
z500_brown_0.002,1,7,42.0,v850,-33.946815490722656,35.945220947265625,0,1038240,0.0
z500_brown_0.002,1,7,42.0,v925,-34.31111145019531,31.046302795410156,0,1038240,0.0
z500_brown_0.002,1,7,42.0,v1000,-20.54084587097168,24.387048721313477,0,1038240,0.0
z500_brown_0.002,1,7,42.0,z50,177525.578125,208246.765625,0,1038240,0.0
z500_brown_0.002,1,7,42.0,z100,140317.703125,165771.96875,0,1038240,0.0
z500_brown_0.002,1,7,42.0,z150,117451.078125,141868.875,0,1038240,0.0
z500_brown_0.002,1,7,42.0,z200,100797.7265625,123717.296875,0,1038240,0.0
z500_brown_0.002,1,7,42.0,z250,87602.5234375,108899.953125,0,1038240,0.0
z500_brown_0.002,1,7,42.0,z300,76563.328125,96392.171875,0,1038240,0.0
z500_brown_0.002,1,7,42.0,z400,58697.3203125,75591.46875,0,1038240,0.0
z500_brown_0.002,1,7,42.0,z500,44249.609375,58722.921875,0,1038240,0.0
z500_brown_0.002,1,7,42.0,z600,32053.90234375,44523.2578125,0,1038240,0.0
z500_brown_0.002,1,7,42.0,z700,21463.71484375,32293.306640625,0,1038240,0.0
z500_brown_0.002,1,7,42.0,z850,7726.90283203125,16584.8203125,0,1038240,0.0
z500_brown_0.002,1,7,42.0,z925,1646.60595703125,9590.5400390625,0,1038240,0.0
z500_brown_0.002,1,7,42.0,z1000,-4093.5712890625,3115.5205078125,0,1038240,0.0
z500_brown_0.002,1,7,42.0,t50,179.8279266357422,235.57142639160156,0,1038240,0.0
z500_brown_0.002,1,7,42.0,t100,186.27078247070312,235.9159698486328,0,1038240,0.0
z500_brown_0.002,1,7,42.0,t150,189.2611541748047,241.12547302246094,0,1038240,0.0
z500_brown_0.002,1,7,42.0,t200,192.12417602539062,242.03834533691406,0,1038240,0.0
z500_brown_0.002,1,7,42.0,t250,199.7897491455078,243.12762451171875,0,1038240,0.0
z500_brown_0.002,1,7,42.0,t300,204.88291931152344,249.8487091064453,0,1038240,0.0
z500_brown_0.002,1,7,42.0,t400,213.845458984375,264.48944091796875,0,1038240,0.0
z500_brown_0.002,1,7,42.0,t500,221.81532287597656,275.67169189453125,0,1038240,0.0
z500_brown_0.002,1,7,42.0,t600,215.5830535888672,288.5887756347656,0,1038240,0.0
z500_brown_0.002,1,7,42.0,t700,214.48068237304688,299.13385009765625,0,1038240,0.0
z500_brown_0.002,1,7,42.0,t850,224.88035583496094,310.2103576660156,0,1038240,0.0
z500_brown_0.002,1,7,42.0,t925,228.66436767578125,315.97027587890625,0,1038240,0.0
z500_brown_0.002,1,7,42.0,t1000,232.4176483154297,321.0873107910156,0,1038240,0.0
z500_brown_0.002,1,7,42.0,q50,2.840242814272642e-07,1.9966471427323995e-06,0,1038240,0.0
z500_brown_0.002,1,7,42.0,q100,7.103615189407719e-07,6.411561571439961e-06,0,1038240,0.0
z500_brown_0.002,1,7,42.0,q150,3.83693532057805e-07,3.8056714402046055e-05,0,1038240,0.0
z500_brown_0.002,1,7,42.0,q200,-4.057586920680478e-06,0.00021284808462951332,12672,1038240,0.012205270457697643
z500_brown_0.002,1,7,42.0,q250,-1.3699984265258536e-05,0.0006466913619078696,25993,1038240,0.025035637232239175
z500_brown_0.002,1,7,42.0,q300,-2.09189165616408e-05,0.001434104866348207,27600,1038240,0.026583448913546002
z500_brown_0.002,1,7,42.0,q400,-6.255789776332676e-05,0.0042039151303470135,45016,1038240,0.04335799044536909
z500_brown_0.002,1,7,42.0,q500,-9.0298883151263e-05,0.007440023124217987,29172,1038240,0.028097549699491447
z500_brown_0.002,1,7,42.0,q600,-0.0002551554935052991,0.00951212365180254,33458,1038240,0.03222568962860225
z500_brown_0.002,1,7,42.0,q700,-0.00045957136899232864,0.012884354218840599,53432,1038240,0.051464016027122826
z500_brown_0.002,1,7,42.0,q850,-0.0005436972714960575,0.018216494470834732,58582,1038240,0.05642433348744028
z500_brown_0.002,1,7,42.0,q925,-0.0007307282648980618,0.01970820128917694,63272,1038240,0.060941593465865314
z500_brown_0.002,1,7,42.0,q1000,-0.0008165701292455196,0.02485516481101513,62070,1038240,0.0597838650023116
z500_brown_0.002,1,8,48.0,u10m,-23.260459899902344,20.34095573425293,0,1038240,0.0
z500_brown_0.002,1,8,48.0,v10m,-24.081327438354492,23.011409759521484,0,1038240,0.0
z500_brown_0.002,1,8,48.0,u100m,-29.646371841430664,26.081493377685547,0,1038240,0.0
z500_brown_0.002,1,8,48.0,v100m,-31.89590835571289,32.07874298095703,0,1038240,0.0
z500_brown_0.002,1,8,48.0,t2m,201.47621154785156,320.2037353515625,0,1038240,0.0
z500_brown_0.002,1,8,48.0,sp,48955.58203125,103880.140625,0,1038240,0.0
z500_brown_0.002,1,8,48.0,msl,94919.9296875,103835.328125,0,1038240,0.0
z500_brown_0.002,1,8,48.0,tcwv,-2.5988845825195312,77.07240295410156,56378,1038240,0.05430151024811219
z500_brown_0.002,1,8,48.0,u50,-28.595569610595703,73.14278411865234,0,1038240,0.0
z500_brown_0.002,1,8,48.0,u100,-34.24457931518555,64.92779541015625,0,1038240,0.0
z500_brown_0.002,1,8,48.0,u150,-31.817598342895508,68.52230072021484,0,1038240,0.0
z500_brown_0.002,1,8,48.0,u200,-40.693580627441406,79.89434814453125,0,1038240,0.0
z500_brown_0.002,1,8,48.0,u250,-36.04219436645508,84.64765930175781,0,1038240,0.0
z500_brown_0.002,1,8,48.0,u300,-36.50081253051758,81.77115631103516,0,1038240,0.0
z500_brown_0.002,1,8,48.0,u400,-32.786094665527344,67.97982025146484,0,1038240,0.0
z500_brown_0.002,1,8,48.0,u500,-26.06885528564453,58.95719909667969,0,1038240,0.0
z500_brown_0.002,1,8,48.0,u600,-28.149045944213867,49.73622131347656,0,1038240,0.0
z500_brown_0.002,1,8,48.0,u700,-37.09965515136719,40.632755279541016,0,1038240,0.0
z500_brown_0.002,1,8,48.0,u850,-38.411705017089844,34.41276931762695,0,1038240,0.0
z500_brown_0.002,1,8,48.0,u925,-35.851444244384766,31.37067413330078,0,1038240,0.0
z500_brown_0.002,1,8,48.0,u1000,-23.21741485595703,20.601919174194336,0,1038240,0.0
z500_brown_0.002,1,8,48.0,v50,-26.246768951416016,24.515684127807617,0,1038240,0.0
z500_brown_0.002,1,8,48.0,v100,-22.233793258666992,22.675514221191406,0,1038240,0.0
z500_brown_0.002,1,8,48.0,v150,-27.462133407592773,32.64435577392578,0,1038240,0.0
z500_brown_0.002,1,8,48.0,v200,-45.94776916503906,45.340450286865234,0,1038240,0.0
z500_brown_0.002,1,8,48.0,v250,-52.890926361083984,47.57093811035156,0,1038240,0.0
z500_brown_0.002,1,8,48.0,v300,-57.85831832885742,55.95276641845703,0,1038240,0.0
z500_brown_0.002,1,8,48.0,v400,-55.71163558959961,55.2033576965332,0,1038240,0.0
z500_brown_0.002,1,8,48.0,v500,-42.45873260498047,48.25408172607422,0,1038240,0.0
z500_brown_0.002,1,8,48.0,v600,-29.628829956054688,38.9692268371582,0,1038240,0.0
z500_brown_0.002,1,8,48.0,v700,-26.19373321533203,32.65191650390625,0,1038240,0.0
z500_brown_0.002,1,8,48.0,v850,-37.71510314941406,35.23447036743164,0,1038240,0.0
z500_brown_0.002,1,8,48.0,v925,-35.40290832519531,31.053855895996094,0,1038240,0.0
z500_brown_0.002,1,8,48.0,v1000,-24.5030574798584,23.661096572875977,0,1038240,0.0
z500_brown_0.002,1,8,48.0,z50,177227.6875,208247.921875,0,1038240,0.0
z500_brown_0.002,1,8,48.0,z100,140361.59375,165661.328125,0,1038240,0.0
z500_brown_0.002,1,8,48.0,z150,117618.2578125,141655.96875,0,1038240,0.0
z500_brown_0.002,1,8,48.0,z200,100984.796875,123636.7578125,0,1038240,0.0
z500_brown_0.002,1,8,48.0,z250,87783.625,109001.6171875,0,1038240,0.0
z500_brown_0.002,1,8,48.0,z300,76744.328125,96462.1640625,0,1038240,0.0
z500_brown_0.002,1,8,48.0,z400,58820.4609375,75573.4921875,0,1038240,0.0
z500_brown_0.002,1,8,48.0,z500,44393.6875,58801.48828125,0,1038240,0.0
z500_brown_0.002,1,8,48.0,z600,32218.39453125,44595.25,0,1038240,0.0
z500_brown_0.002,1,8,48.0,z700,21639.841796875,32362.76171875,0,1038240,0.0
z500_brown_0.002,1,8,48.0,z850,7915.79736328125,16616.21484375,0,1038240,0.0
z500_brown_0.002,1,8,48.0,z925,1848.75146484375,9600.451171875,0,1038240,0.0
z500_brown_0.002,1,8,48.0,z1000,-3871.5546875,3119.3974609375,0,1038240,0.0
z500_brown_0.002,1,8,48.0,t50,179.9952850341797,235.70199584960938,0,1038240,0.0
z500_brown_0.002,1,8,48.0,t100,186.7123565673828,236.33058166503906,0,1038240,0.0
z500_brown_0.002,1,8,48.0,t150,190.1195831298828,241.36534118652344,0,1038240,0.0
z500_brown_0.002,1,8,48.0,t200,192.32708740234375,241.75225830078125,0,1038240,0.0
z500_brown_0.002,1,8,48.0,t250,199.4726104736328,243.65419006347656,0,1038240,0.0
z500_brown_0.002,1,8,48.0,t300,204.68971252441406,250.23013305664062,0,1038240,0.0
z500_brown_0.002,1,8,48.0,t400,214.4414825439453,264.4355163574219,0,1038240,0.0
z500_brown_0.002,1,8,48.0,t500,221.50315856933594,275.6016845703125,0,1038240,0.0
z500_brown_0.002,1,8,48.0,t600,212.06591796875,286.54339599609375,0,1038240,0.0
z500_brown_0.002,1,8,48.0,t700,214.22396850585938,295.7895202636719,0,1038240,0.0
z500_brown_0.002,1,8,48.0,t850,223.7860107421875,308.599853515625,0,1038240,0.0
z500_brown_0.002,1,8,48.0,t925,227.57138061523438,314.3827209472656,0,1038240,0.0
z500_brown_0.002,1,8,48.0,t1000,231.36097717285156,318.93780517578125,0,1038240,0.0
z500_brown_0.002,1,8,48.0,q50,3.2207867661782075e-07,2.004690031753853e-06,0,1038240,0.0
z500_brown_0.002,1,8,48.0,q100,7.80402160671656e-07,6.08110804023454e-06,0,1038240,0.0
z500_brown_0.002,1,8,48.0,q150,2.2142421585158445e-07,3.398247645236552e-05,0,1038240,0.0
z500_brown_0.002,1,8,48.0,q200,-4.140467353863642e-06,0.00019426362996455282,12296,1038240,0.011843119124672523
z500_brown_0.002,1,8,48.0,q250,-1.1009364243363962e-05,0.0006336609367281199,23642,1038240,0.02277122823239328
z500_brown_0.002,1,8,48.0,q300,-2.881909313146025e-05,0.001478347578085959,22729,1038240,0.02189185544768069
z500_brown_0.002,1,8,48.0,q400,-6.161537021398544e-05,0.004338522907346487,38459,1038240,0.037042494991524115
z500_brown_0.002,1,8,48.0,q500,-0.00011353677837178111,0.007150343153625727,31762,1038240,0.030592155956233626
z500_brown_0.002,1,8,48.0,q600,-0.00020679098088294268,0.009575198404490948,28791,1038240,0.027730582524271845
z500_brown_0.002,1,8,48.0,q700,-0.0003787281457334757,0.012878898531198502,45640,1038240,0.04395900755124056
z500_brown_0.002,1,8,48.0,q850,-0.0005603712052106857,0.018218189477920532,51297,1038240,0.04940765141007859
z500_brown_0.002,1,8,48.0,q925,-0.0006430437788367271,0.019540658220648766,54773,1038240,0.05275562490368316
z500_brown_0.002,1,8,48.0,q1000,-0.0008411337621510029,0.024836989119648933,55660,1038240,0.053609955308984436
z500_brown_0.002,1,9,54.0,u10m,-22.315649032592773,21.408084869384766,0,1038240,0.0
z500_brown_0.002,1,9,54.0,v10m,-20.12691307067871,23.017967224121094,0,1038240,0.0
z500_brown_0.002,1,9,54.0,u100m,-28.91268539428711,27.774328231811523,0,1038240,0.0
z500_brown_0.002,1,9,54.0,v100m,-26.44771385192871,29.783344268798828,0,1038240,0.0
z500_brown_0.002,1,9,54.0,t2m,200.07098388671875,315.7803649902344,0,1038240,0.0
z500_brown_0.002,1,9,54.0,sp,49011.12109375,103854.7421875,0,1038240,0.0
z500_brown_0.002,1,9,54.0,msl,95091.9453125,103801.5078125,0,1038240,0.0
z500_brown_0.002,1,9,54.0,tcwv,-2.2121849060058594,78.439208984375,49048,1038240,0.04724148559100015
z500_brown_0.002,1,9,54.0,u50,-30.793018341064453,72.24154663085938,0,1038240,0.0
z500_brown_0.002,1,9,54.0,u100,-33.47987747192383,63.431148529052734,0,1038240,0.0
z500_brown_0.002,1,9,54.0,u150,-32.946449279785156,67.56066131591797,0,1038240,0.0
z500_brown_0.002,1,9,54.0,u200,-39.81556701660156,81.32791137695312,0,1038240,0.0
z500_brown_0.002,1,9,54.0,u250,-35.19725036621094,82.02796936035156,0,1038240,0.0
z500_brown_0.002,1,9,54.0,u300,-36.85725021362305,77.26689147949219,0,1038240,0.0
z500_brown_0.002,1,9,54.0,u400,-34.8052978515625,63.170021057128906,0,1038240,0.0
z500_brown_0.002,1,9,54.0,u500,-26.170696258544922,54.28120040893555,0,1038240,0.0
z500_brown_0.002,1,9,54.0,u600,-28.560205459594727,45.163291931152344,0,1038240,0.0
z500_brown_0.002,1,9,54.0,u700,-32.4642219543457,36.116764068603516,0,1038240,0.0
z500_brown_0.002,1,9,54.0,u850,-37.996803283691406,33.08564376831055,0,1038240,0.0
z500_brown_0.002,1,9,54.0,u925,-36.59496307373047,34.441070556640625,0,1038240,0.0
z500_brown_0.002,1,9,54.0,u1000,-23.231672286987305,21.70318603515625,0,1038240,0.0
z500_brown_0.002,1,9,54.0,v50,-24.55232048034668,21.881759643554688,0,1038240,0.0
z500_brown_0.002,1,9,54.0,v100,-23.719219207763672,21.130727767944336,0,1038240,0.0
z500_brown_0.002,1,9,54.0,v150,-29.177339553833008,31.14776039123535,0,1038240,0.0
z500_brown_0.002,1,9,54.0,v200,-43.95128631591797,45.26142120361328,0,1038240,0.0
z500_brown_0.002,1,9,54.0,v250,-52.17049789428711,50.31440353393555,0,1038240,0.0
z500_brown_0.002,1,9,54.0,v300,-54.97443389892578,57.04771041870117,0,1038240,0.0
z500_brown_0.002,1,9,54.0,v400,-48.53803253173828,57.82927322387695,0,1038240,0.0
z500_brown_0.002,1,9,54.0,v500,-43.631370544433594,51.18599319458008,0,1038240,0.0
z500_brown_0.002,1,9,54.0,v600,-32.87982177734375,39.07024002075195,0,1038240,0.0
z500_brown_0.002,1,9,54.0,v700,-28.4655704498291,35.28313064575195,0,1038240,0.0
z500_brown_0.002,1,9,54.0,v850,-33.16875076293945,36.76737976074219,0,1038240,0.0
z500_brown_0.002,1,9,54.0,v925,-31.78058433532715,36.86854934692383,0,1038240,0.0
z500_brown_0.002,1,9,54.0,v1000,-20.685333251953125,23.62959861755371,0,1038240,0.0
z500_brown_0.002,1,9,54.0,z50,176973.203125,208367.3125,0,1038240,0.0
z500_brown_0.002,1,9,54.0,z100,140336.4375,165837.9375,0,1038240,0.0
z500_brown_0.002,1,9,54.0,z150,117641.328125,141902.296875,0,1038240,0.0
z500_brown_0.002,1,9,54.0,z200,100932.4765625,123803.8984375,0,1038240,0.0
z500_brown_0.002,1,9,54.0,z250,87746.8828125,109021.578125,0,1038240,0.0
z500_brown_0.002,1,9,54.0,z300,76716.625,96497.5,0,1038240,0.0
z500_brown_0.002,1,9,54.0,z400,58756.36328125,75633.1953125,0,1038240,0.0
z500_brown_0.002,1,9,54.0,z500,44359.859375,58782.3203125,0,1038240,0.0
z500_brown_0.002,1,9,54.0,z600,32208.84375,44585.94921875,0,1038240,0.0
z500_brown_0.002,1,9,54.0,z700,21685.033203125,32340.701171875,0,1038240,0.0
z500_brown_0.002,1,9,54.0,z850,8019.12939453125,16581.189453125,0,1038240,0.0
z500_brown_0.002,1,9,54.0,z925,1981.0439453125,9556.5625,0,1038240,0.0
z500_brown_0.002,1,9,54.0,z1000,-3716.0751953125,3082.81103515625,0,1038240,0.0
z500_brown_0.002,1,9,54.0,t50,180.2022705078125,235.8321075439453,0,1038240,0.0
z500_brown_0.002,1,9,54.0,t100,186.95140075683594,236.60357666015625,0,1038240,0.0
z500_brown_0.002,1,9,54.0,t150,190.50787353515625,241.82310485839844,0,1038240,0.0
z500_brown_0.002,1,9,54.0,t200,192.82992553710938,241.63070678710938,0,1038240,0.0
z500_brown_0.002,1,9,54.0,t250,199.91094970703125,243.6394500732422,0,1038240,0.0
z500_brown_0.002,1,9,54.0,t300,203.52540588378906,251.00784301757812,0,1038240,0.0
z500_brown_0.002,1,9,54.0,t400,213.64889526367188,264.6912841796875,0,1038240,0.0
z500_brown_0.002,1,9,54.0,t500,220.00592041015625,275.96270751953125,0,1038240,0.0
z500_brown_0.002,1,9,54.0,t600,210.17713928222656,288.5326232910156,0,1038240,0.0
z500_brown_0.002,1,9,54.0,t700,212.17758178710938,299.9228515625,0,1038240,0.0
z500_brown_0.002,1,9,54.0,t850,222.03103637695312,311.8083190917969,0,1038240,0.0
z500_brown_0.002,1,9,54.0,t925,225.82846069335938,316.66204833984375,0,1038240,0.0
z500_brown_0.002,1,9,54.0,t1000,229.414306640625,321.79254150390625,0,1038240,0.0
z500_brown_0.002,1,9,54.0,q50,3.606774043873884e-07,2.0123763988522114e-06,0,1038240,0.0
z500_brown_0.002,1,9,54.0,q100,8.62436991155846e-07,5.783054803032428e-06,0,1038240,0.0
z500_brown_0.002,1,9,54.0,q150,-5.975562089588493e-08,3.514750278554857e-05,76,1038240,7.320080135614116e-05
z500_brown_0.002,1,9,54.0,q200,-6.142003257991746e-06,0.00021127982472535223,10140,1038240,0.009766527970411465
z500_brown_0.002,1,9,54.0,q250,-1.363480623695068e-05,0.0006952506955713034,20049,1038240,0.019310564031437816
z500_brown_0.002,1,9,54.0,q300,-2.4135399144142866e-05,0.0015820263652130961,19862,1038240,0.019130451533364155
z500_brown_0.002,1,9,54.0,q400,-6.0343387303873897e-05,0.004378737416118383,36334,1038240,0.034995762058868854
z500_brown_0.002,1,9,54.0,q500,-0.00013260275591164827,0.007840337231755257,26661,1038240,0.025679033749422098
z500_brown_0.002,1,9,54.0,q600,-0.00017575512174516916,0.01101524755358696,21915,1038240,0.021107836338418864
z500_brown_0.002,1,9,54.0,q700,-0.00045342929661273956,0.013191649690270424,44401,1038240,0.04276564185544768
z500_brown_0.002,1,9,54.0,q850,-0.0005710618570446968,0.018304524943232536,48878,1038240,0.04707774695638774
z500_brown_0.002,1,9,54.0,q925,-0.0006137681193649769,0.020508281886577606,56061,1038240,0.05399618585298197
z500_brown_0.002,1,9,54.0,q1000,-0.0006222380325198174,0.024750003591179848,54777,1038240,0.05275947757743874
z500_brown_0.002,1,10,60.0,u10m,-24.239656448364258,20.878442764282227,0,1038240,0.0
z500_brown_0.002,1,10,60.0,v10m,-20.08955955505371,23.139938354492188,0,1038240,0.0
z500_brown_0.002,1,10,60.0,u100m,-31.078289031982422,26.821008682250977,0,1038240,0.0
z500_brown_0.002,1,10,60.0,v100m,-26.005674362182617,29.414749145507812,0,1038240,0.0
z500_brown_0.002,1,10,60.0,t2m,200.28904724121094,321.630859375,0,1038240,0.0
z500_brown_0.002,1,10,60.0,sp,48971.234375,103892.15625,0,1038240,0.0
z500_brown_0.002,1,10,60.0,msl,95218.6796875,103841.6640625,0,1038240,0.0
z500_brown_0.002,1,10,60.0,tcwv,-2.3865394592285156,78.92817687988281,40787,1038240,0.03928475111727539
z500_brown_0.002,1,10,60.0,u50,-29.143329620361328,69.669921875,0,1038240,0.0
z500_brown_0.002,1,10,60.0,u100,-32.77986145019531,60.09490203857422,0,1038240,0.0
z500_brown_0.002,1,10,60.0,u150,-31.857912063598633,67.2455062866211,0,1038240,0.0
z500_brown_0.002,1,10,60.0,u200,-36.166717529296875,82.6923828125,0,1038240,0.0
z500_brown_0.002,1,10,60.0,u250,-33.611568450927734,79.01716613769531,0,1038240,0.0
z500_brown_0.002,1,10,60.0,u300,-29.66265869140625,76.87969207763672,0,1038240,0.0
z500_brown_0.002,1,10,60.0,u400,-28.212263107299805,64.24141693115234,0,1038240,0.0
z500_brown_0.002,1,10,60.0,u500,-28.077098846435547,53.004234313964844,0,1038240,0.0
z500_brown_0.002,1,10,60.0,u600,-29.946340560913086,43.01054763793945,0,1038240,0.0
z500_brown_0.002,1,10,60.0,u700,-35.784034729003906,35.72812271118164,0,1038240,0.0
z500_brown_0.002,1,10,60.0,u850,-40.622962951660156,30.812490463256836,0,1038240,0.0
z500_brown_0.002,1,10,60.0,u925,-36.7690544128418,32.82672882080078,0,1038240,0.0
z500_brown_0.002,1,10,60.0,u1000,-24.100427627563477,21.553876876831055,0,1038240,0.0
z500_brown_0.002,1,10,60.0,v50,-24.408126831054688,21.287879943847656,0,1038240,0.0
z500_brown_0.002,1,10,60.0,v100,-25.394838333129883,22.689342498779297,0,1038240,0.0
z500_brown_0.002,1,10,60.0,v150,-31.365819931030273,33.24321365356445,0,1038240,0.0
z500_brown_0.002,1,10,60.0,v200,-47.62200927734375,43.67496109008789,0,1038240,0.0
z500_brown_0.002,1,10,60.0,v250,-55.301048278808594,51.581295013427734,0,1038240,0.0
z500_brown_0.002,1,10,60.0,v300,-57.176002502441406,57.70170974731445,0,1038240,0.0
z500_brown_0.002,1,10,60.0,v400,-51.33073806762695,56.55740737915039,0,1038240,0.0
z500_brown_0.002,1,10,60.0,v500,-44.09938049316406,49.476722717285156,0,1038240,0.0
z500_brown_0.002,1,10,60.0,v600,-34.07462692260742,38.619285583496094,0,1038240,0.0
z500_brown_0.002,1,10,60.0,v700,-27.834951400756836,34.80807113647461,0,1038240,0.0
z500_brown_0.002,1,10,60.0,v850,-31.674625396728516,34.5952262878418,0,1038240,0.0
z500_brown_0.002,1,10,60.0,v925,-33.38613510131836,35.81968688964844,0,1038240,0.0
z500_brown_0.002,1,10,60.0,v1000,-21.58024024963379,23.67232894897461,0,1038240,0.0
z500_brown_0.002,1,10,60.0,z50,176784.3125,208508.671875,0,1038240,0.0
z500_brown_0.002,1,10,60.0,z100,140268.796875,166035.125,0,1038240,0.0
z500_brown_0.002,1,10,60.0,z150,117515.796875,142154.0,0,1038240,0.0
z500_brown_0.002,1,10,60.0,z200,100689.25,123959.0859375,0,1038240,0.0
z500_brown_0.002,1,10,60.0,z250,87464.125,108985.2265625,0,1038240,0.0
z500_brown_0.002,1,10,60.0,z300,76625.71875,96403.125,0,1038240,0.0
z500_brown_0.002,1,10,60.0,z400,58740.35546875,75562.640625,0,1038240,0.0
z500_brown_0.002,1,10,60.0,z500,44344.0,58727.26953125,0,1038240,0.0
z500_brown_0.002,1,10,60.0,z600,32221.619140625,44575.6796875,0,1038240,0.0
z500_brown_0.002,1,10,60.0,z700,21740.908203125,32346.51171875,0,1038240,0.0
z500_brown_0.002,1,10,60.0,z850,8120.89794921875,16585.203125,0,1038240,0.0
z500_brown_0.002,1,10,60.0,z925,2081.70703125,9557.9931640625,0,1038240,0.0
z500_brown_0.002,1,10,60.0,z1000,-3608.48291015625,3107.75830078125,0,1038240,0.0
z500_brown_0.002,1,10,60.0,t50,180.18560791015625,235.9362030029297,0,1038240,0.0
z500_brown_0.002,1,10,60.0,t100,186.97817993164062,237.198486328125,0,1038240,0.0
z500_brown_0.002,1,10,60.0,t150,190.72607421875,241.9330596923828,0,1038240,0.0
z500_brown_0.002,1,10,60.0,t200,192.9803466796875,241.6806182861328,0,1038240,0.0
z500_brown_0.002,1,10,60.0,t250,198.98573303222656,243.80328369140625,0,1038240,0.0
z500_brown_0.002,1,10,60.0,t300,202.71084594726562,250.99176025390625,0,1038240,0.0
z500_brown_0.002,1,10,60.0,t400,213.3256378173828,265.92950439453125,0,1038240,0.0
z500_brown_0.002,1,10,60.0,t500,219.315673828125,278.4167785644531,0,1038240,0.0
z500_brown_0.002,1,10,60.0,t600,213.0730743408203,290.423095703125,0,1038240,0.0
z500_brown_0.002,1,10,60.0,t700,210.86920166015625,303.18377685546875,0,1038240,0.0
z500_brown_0.002,1,10,60.0,t850,220.8330078125,313.8182373046875,0,1038240,0.0
z500_brown_0.002,1,10,60.0,t925,224.49673461914062,319.0062255859375,0,1038240,0.0
z500_brown_0.002,1,10,60.0,t1000,228.10211181640625,324.2286682128906,0,1038240,0.0
z500_brown_0.002,1,10,60.0,q50,3.95425104215974e-07,2.0173001757939346e-06,0,1038240,0.0
z500_brown_0.002,1,10,60.0,q100,9.428697467228631e-07,5.518382749869488e-06,0,1038240,0.0
z500_brown_0.002,1,10,60.0,q150,2.0678271539509296e-08,4.3926589569309726e-05,0,1038240,0.0
z500_brown_0.002,1,10,60.0,q200,-8.196522685466334e-06,0.00021705216204281896,9396,1038240,0.0090499306518724
z500_brown_0.002,1,10,60.0,q250,-1.3762644812231883e-05,0.0006898993160575628,16591,1038240,0.015979927569733394
z500_brown_0.002,1,10,60.0,q300,-2.3795306333340704e-05,0.0016187039436772466,16217,1038240,0.015619702573586068
z500_brown_0.002,1,10,60.0,q400,-7.010108674876392e-05,0.004472961183637381,32205,1038240,0.03101883957466482
z500_brown_0.002,1,10,60.0,q500,-0.00020621728617697954,0.00812041386961937,24064,1038240,0.023177685313607643
z500_brown_0.002,1,10,60.0,q600,-0.00023661123123019934,0.009959607385098934,18941,1038240,0.018243373401140392
z500_brown_0.002,1,10,60.0,q700,-0.0004170129541307688,0.01301216334104538,37131,1038240,0.03576340730466944
z500_brown_0.002,1,10,60.0,q850,-0.0004881774075329304,0.01840692013502121,42646,1038240,0.041075281245184156
z500_brown_0.002,1,10,60.0,q925,-0.0005109962075948715,0.020584773272275925,50370,1038240,0.04851479426722145
z500_brown_0.002,1,10,60.0,q1000,-0.0006488366052508354,0.02555812895298004,47544,1038240,0.045792880258899674
z500_brown_0.002,1,11,66.0,u10m,-26.14352035522461,21.27910804748535,0,1038240,0.0
z500_brown_0.002,1,11,66.0,v10m,-23.006860733032227,22.635297775268555,0,1038240,0.0
z500_brown_0.002,1,11,66.0,u100m,-33.99001693725586,27.239442825317383,0,1038240,0.0
z500_brown_0.002,1,11,66.0,v100m,-29.825193405151367,29.09723663330078,0,1038240,0.0
z500_brown_0.002,1,11,66.0,t2m,201.02622985839844,320.8687744140625,0,1038240,0.0
z500_brown_0.002,1,11,66.0,sp,49142.0078125,103863.9453125,0,1038240,0.0
z500_brown_0.002,1,11,66.0,msl,95512.0,103814.6328125,0,1038240,0.0
z500_brown_0.002,1,11,66.0,tcwv,-2.026876449584961,78.96568298339844,31834,1038240,0.030661504083834182
z500_brown_0.002,1,11,66.0,u50,-28.891437530517578,69.7000503540039,0,1038240,0.0
z500_brown_0.002,1,11,66.0,u100,-30.102237701416016,59.0487060546875,0,1038240,0.0
z500_brown_0.002,1,11,66.0,u150,-33.07079315185547,69.38348388671875,0,1038240,0.0
z500_brown_0.002,1,11,66.0,u200,-34.60542297363281,84.6832504272461,0,1038240,0.0
z500_brown_0.002,1,11,66.0,u250,-36.97528076171875,80.86741638183594,0,1038240,0.0
z500_brown_0.002,1,11,66.0,u300,-32.25467300415039,76.50395202636719,0,1038240,0.0
z500_brown_0.002,1,11,66.0,u400,-30.9902400970459,64.1209945678711,0,1038240,0.0
z500_brown_0.002,1,11,66.0,u500,-32.3813362121582,54.576419830322266,0,1038240,0.0
z500_brown_0.002,1,11,66.0,u600,-28.718244552612305,43.52799606323242,0,1038240,0.0
z500_brown_0.002,1,11,66.0,u700,-31.39993667602539,37.680301666259766,0,1038240,0.0
z500_brown_0.002,1,11,66.0,u850,-43.89757537841797,33.36433029174805,0,1038240,0.0
z500_brown_0.002,1,11,66.0,u925,-40.431068420410156,33.04340362548828,0,1038240,0.0
z500_brown_0.002,1,11,66.0,u1000,-26.204147338867188,22.645931243896484,0,1038240,0.0
z500_brown_0.002,1,11,66.0,v50,-22.317615509033203,20.1463623046875,0,1038240,0.0
z500_brown_0.002,1,11,66.0,v100,-24.896215438842773,20.698766708374023,0,1038240,0.0
z500_brown_0.002,1,11,66.0,v150,-34.8248176574707,33.534339904785156,0,1038240,0.0
z500_brown_0.002,1,11,66.0,v200,-47.05971908569336,42.193946838378906,0,1038240,0.0
z500_brown_0.002,1,11,66.0,v250,-55.51409912109375,46.81024169921875,0,1038240,0.0
z500_brown_0.002,1,11,66.0,v300,-54.301212310791016,51.832279205322266,0,1038240,0.0
z500_brown_0.002,1,11,66.0,v400,-52.79552459716797,54.34557342529297,0,1038240,0.0
z500_brown_0.002,1,11,66.0,v500,-43.6578254699707,47.37482833862305,0,1038240,0.0
z500_brown_0.002,1,11,66.0,v600,-37.10640335083008,37.391021728515625,0,1038240,0.0
z500_brown_0.002,1,11,66.0,v700,-31.761459350585938,33.33095169067383,0,1038240,0.0
z500_brown_0.002,1,11,66.0,v850,-32.417964935302734,35.80491256713867,0,1038240,0.0
z500_brown_0.002,1,11,66.0,v925,-30.032184600830078,37.26780319213867,0,1038240,0.0
z500_brown_0.002,1,11,66.0,v1000,-23.548526763916016,23.028749465942383,0,1038240,0.0
z500_brown_0.002,1,11,66.0,z50,176715.25,208389.734375,0,1038240,0.0
z500_brown_0.002,1,11,66.0,z100,140183.765625,166100.921875,0,1038240,0.0
z500_brown_0.002,1,11,66.0,z150,117403.4453125,142017.703125,0,1038240,0.0
z500_brown_0.002,1,11,66.0,z200,100558.5546875,123862.96875,0,1038240,0.0
z500_brown_0.002,1,11,66.0,z250,87313.484375,109125.3515625,0,1038240,0.0
z500_brown_0.002,1,11,66.0,z300,76456.4609375,96616.8203125,0,1038240,0.0
z500_brown_0.002,1,11,66.0,z400,58817.734375,75782.0234375,0,1038240,0.0
z500_brown_0.002,1,11,66.0,z500,44435.453125,58813.03515625,0,1038240,0.0
z500_brown_0.002,1,11,66.0,z600,32365.095703125,44532.1875,0,1038240,0.0
z500_brown_0.002,1,11,66.0,z700,21928.89453125,32306.849609375,0,1038240,0.0
z500_brown_0.002,1,11,66.0,z850,8336.7431640625,16547.18359375,0,1038240,0.0
z500_brown_0.002,1,11,66.0,z925,2313.75830078125,9516.208984375,0,1038240,0.0
z500_brown_0.002,1,11,66.0,z1000,-3375.74755859375,3076.009765625,0,1038240,0.0
z500_brown_0.002,1,11,66.0,t50,180.3860321044922,236.08680725097656,0,1038240,0.0
z500_brown_0.002,1,11,66.0,t100,187.50592041015625,237.62705993652344,0,1038240,0.0
z500_brown_0.002,1,11,66.0,t150,191.4166717529297,242.7230987548828,0,1038240,0.0
z500_brown_0.002,1,11,66.0,t200,192.88009643554688,242.6295623779297,0,1038240,0.0
z500_brown_0.002,1,11,66.0,t250,198.2964630126953,243.62185668945312,0,1038240,0.0
z500_brown_0.002,1,11,66.0,t300,202.3451690673828,250.69334411621094,0,1038240,0.0
z500_brown_0.002,1,11,66.0,t400,212.87646484375,265.0486145019531,0,1038240,0.0
z500_brown_0.002,1,11,66.0,t500,219.3050537109375,275.8260498046875,0,1038240,0.0
z500_brown_0.002,1,11,66.0,t600,213.02432250976562,288.6462097167969,0,1038240,0.0
z500_brown_0.002,1,11,66.0,t700,212.121826171875,299.82452392578125,0,1038240,0.0
z500_brown_0.002,1,11,66.0,t850,219.92926025390625,310.3621520996094,0,1038240,0.0
z500_brown_0.002,1,11,66.0,t925,223.63241577148438,315.59979248046875,0,1038240,0.0
z500_brown_0.002,1,11,66.0,t1000,227.1927490234375,320.6006164550781,0,1038240,0.0
z500_brown_0.002,1,11,66.0,q50,4.326484486227855e-07,2.025511321335216e-06,0,1038240,0.0
z500_brown_0.002,1,11,66.0,q100,1.0114551969309105e-06,5.2515752031467855e-06,0,1038240,0.0
z500_brown_0.002,1,11,66.0,q150,1.851426532084588e-07,4.0928145608631894e-05,0,1038240,0.0
z500_brown_0.002,1,11,66.0,q200,-8.110499038593844e-06,0.00021315518824849278,10884,1038240,0.010483125288950531
z500_brown_0.002,1,11,66.0,q250,-1.3850130926584825e-05,0.0006802244461141527,16621,1038240,0.016008822622900293
z500_brown_0.002,1,11,66.0,q300,-2.794194733723998e-05,0.0016074873274192214,17536,1038240,0.016890121744490675
z500_brown_0.002,1,11,66.0,q400,-7.129635196179152e-05,0.004449169151484966,27317,1038240,0.026310872245338266
z500_brown_0.002,1,11,66.0,q500,-8.32270598039031e-05,0.007701122667640448,15177,1038240,0.014618007397133611
z500_brown_0.002,1,11,66.0,q600,-0.0002306876704096794,0.009802763350307941,17813,1038240,0.017156919402065034
z500_brown_0.002,1,11,66.0,q700,-0.00037196557968854904,0.012595217674970627,38406,1038240,0.0369914470642626
z500_brown_0.002,1,11,66.0,q850,-0.0006544352509081364,0.01881268061697483,41411,1038240,0.039885768223146864
z500_brown_0.002,1,11,66.0,q925,-0.000548739917576313,0.020307466387748718,47808,1038240,0.04604715672676838
z500_brown_0.002,1,11,66.0,q1000,-0.00063303392380476,0.02593870647251606,41817,1038240,0.04027681460933888
z500_brown_0.002,1,12,72.0,u10m,-21.811716079711914,22.077165603637695,0,1038240,0.0
z500_brown_0.002,1,12,72.0,v10m,-22.98897361755371,21.261680603027344,0,1038240,0.0
z500_brown_0.002,1,12,72.0,u100m,-27.838848114013672,28.064565658569336,0,1038240,0.0
z500_brown_0.002,1,12,72.0,v100m,-29.892620086669922,26.57740020751953,0,1038240,0.0
z500_brown_0.002,1,12,72.0,t2m,202.24252319335938,320.0218200683594,0,1038240,0.0
z500_brown_0.002,1,12,72.0,sp,49049.96875,103853.2890625,0,1038240,0.0
z500_brown_0.002,1,12,72.0,msl,95898.9140625,103812.0390625,0,1038240,0.0
z500_brown_0.002,1,12,72.0,tcwv,-2.0377845764160156,76.21342468261719,34077,1038240,0.03282189089227924
z500_brown_0.002,1,12,72.0,u50,-30.044734954833984,68.28216552734375,0,1038240,0.0
z500_brown_0.002,1,12,72.0,u100,-31.164661407470703,58.471927642822266,0,1038240,0.0
z500_brown_0.002,1,12,72.0,u150,-33.42096710205078,69.34110260009766,0,1038240,0.0
z500_brown_0.002,1,12,72.0,u200,-35.619789123535156,84.23515319824219,0,1038240,0.0
z500_brown_0.002,1,12,72.0,u250,-36.705013275146484,83.80366516113281,0,1038240,0.0
z500_brown_0.002,1,12,72.0,u300,-32.955406188964844,76.9528579711914,0,1038240,0.0
z500_brown_0.002,1,12,72.0,u400,-36.70703887939453,63.453582763671875,0,1038240,0.0
z500_brown_0.002,1,12,72.0,u500,-39.52983093261719,53.48094940185547,0,1038240,0.0
z500_brown_0.002,1,12,72.0,u600,-35.49523162841797,43.70112991333008,0,1038240,0.0
z500_brown_0.002,1,12,72.0,u700,-30.610301971435547,38.68671798706055,0,1038240,0.0
z500_brown_0.002,1,12,72.0,u850,-37.30354309082031,32.89739227294922,0,1038240,0.0
z500_brown_0.002,1,12,72.0,u925,-35.83222961425781,34.53648376464844,0,1038240,0.0
z500_brown_0.002,1,12,72.0,u1000,-21.905921936035156,22.522382736206055,0,1038240,0.0
z500_brown_0.002,1,12,72.0,v50,-22.7835636138916,21.01023292541504,0,1038240,0.0
z500_brown_0.002,1,12,72.0,v100,-23.98542022705078,21.789098739624023,0,1038240,0.0
z500_brown_0.002,1,12,72.0,v150,-35.93882751464844,34.70082092285156,0,1038240,0.0
z500_brown_0.002,1,12,72.0,v200,-46.2049560546875,42.733154296875,0,1038240,0.0
z500_brown_0.002,1,12,72.0,v250,-56.178123474121094,48.375022888183594,0,1038240,0.0
z500_brown_0.002,1,12,72.0,v300,-56.01115417480469,51.42655944824219,0,1038240,0.0
z500_brown_0.002,1,12,72.0,v400,-51.578819274902344,50.396331787109375,0,1038240,0.0
z500_brown_0.002,1,12,72.0,v500,-43.609615325927734,44.7263069152832,0,1038240,0.0
z500_brown_0.002,1,12,72.0,v600,-35.41774368286133,34.75951385498047,0,1038240,0.0
z500_brown_0.002,1,12,72.0,v700,-28.94841194152832,30.48565101623535,0,1038240,0.0
z500_brown_0.002,1,12,72.0,v850,-30.63058090209961,31.614152908325195,0,1038240,0.0
z500_brown_0.002,1,12,72.0,v925,-30.325138092041016,33.01791763305664,0,1038240,0.0
z500_brown_0.002,1,12,72.0,v1000,-23.277755737304688,21.24100685119629,0,1038240,0.0
z500_brown_0.002,1,12,72.0,z50,176656.484375,208409.703125,0,1038240,0.0
z500_brown_0.002,1,12,72.0,z100,140198.9375,165983.703125,0,1038240,0.0
z500_brown_0.002,1,12,72.0,z150,117400.0625,141869.71875,0,1038240,0.0
z500_brown_0.002,1,12,72.0,z200,100552.203125,123871.078125,0,1038240,0.0
z500_brown_0.002,1,12,72.0,z250,87311.7734375,109258.2890625,0,1038240,0.0
z500_brown_0.002,1,12,72.0,z300,76451.25,96720.9765625,0,1038240,0.0
z500_brown_0.002,1,12,72.0,z400,59033.9453125,75812.84375,0,1038240,0.0
z500_brown_0.002,1,12,72.0,z500,44652.640625,58781.5546875,0,1038240,0.0
z500_brown_0.002,1,12,72.0,z600,32615.8359375,44571.3515625,0,1038240,0.0
z500_brown_0.002,1,12,72.0,z700,22232.326171875,32339.18359375,0,1038240,0.0
z500_brown_0.002,1,12,72.0,z850,8618.17578125,16549.212890625,0,1038240,0.0
z500_brown_0.002,1,12,72.0,z925,2594.48828125,9509.5224609375,0,1038240,0.0
z500_brown_0.002,1,12,72.0,z1000,-3122.255859375,3073.58056640625,0,1038240,0.0
z500_brown_0.002,1,12,72.0,t50,180.08465576171875,236.28431701660156,0,1038240,0.0
z500_brown_0.002,1,12,72.0,t100,186.96055603027344,238.22117614746094,0,1038240,0.0
z500_brown_0.002,1,12,72.0,t150,191.18199157714844,243.18869018554688,0,1038240,0.0
z500_brown_0.002,1,12,72.0,t200,192.01785278320312,243.42849731445312,0,1038240,0.0
z500_brown_0.002,1,12,72.0,t250,197.93687438964844,243.85720825195312,0,1038240,0.0
z500_brown_0.002,1,12,72.0,t300,201.85215759277344,250.8350830078125,0,1038240,0.0
z500_brown_0.002,1,12,72.0,t400,212.0469512939453,264.33306884765625,0,1038240,0.0
z500_brown_0.002,1,12,72.0,t500,219.24612426757812,275.003662109375,0,1038240,0.0
z500_brown_0.002,1,12,72.0,t600,211.74514770507812,286.7290954589844,0,1038240,0.0
z500_brown_0.002,1,12,72.0,t700,211.21534729003906,295.19781494140625,0,1038240,0.0
z500_brown_0.002,1,12,72.0,t850,219.1981201171875,309.7477722167969,0,1038240,0.0
z500_brown_0.002,1,12,72.0,t925,222.7394256591797,314.9465637207031,0,1038240,0.0
z500_brown_0.002,1,12,72.0,t1000,226.24838256835938,319.8232421875,0,1038240,0.0
z500_brown_0.002,1,12,72.0,q50,4.6109516915748827e-07,2.03414947463898e-06,0,1038240,0.0
z500_brown_0.002,1,12,72.0,q100,1.0659280178515473e-06,5.046508704253938e-06,0,1038240,0.0
z500_brown_0.002,1,12,72.0,q150,3.620916686486453e-07,3.476532219792716e-05,0,1038240,0.0
z500_brown_0.002,1,12,72.0,q200,-6.799849870731123e-06,0.00020053633488714695,10080,1038240,0.009708737864077669
z500_brown_0.002,1,12,72.0,q250,-1.2500659067882225e-05,0.0006794916116632521,18533,1038240,0.01785040067807058
z500_brown_0.002,1,12,72.0,q300,-2.3294895072467625e-05,0.0015897873090580106,19626,1038240,0.018903143781784558
z500_brown_0.002,1,12,72.0,q400,-4.856070154346526e-05,0.004279681481420994,24554,1038240,0.023649637848666975
z500_brown_0.002,1,12,72.0,q500,-8.261448238044977e-05,0.007334340363740921,14132,1038240,0.01361149637848667
z500_brown_0.002,1,12,72.0,q600,-0.0001935620093718171,0.009924626909196377,17401,1038240,0.016760094005239635
z500_brown_0.002,1,12,72.0,q700,-0.00041817943565547466,0.012728095054626465,28968,1038240,0.02790106333795654
z500_brown_0.002,1,12,72.0,q850,-0.0006076241843402386,0.01841399446129799,36081,1038240,0.034752080443828014
z500_brown_0.002,1,12,72.0,q925,-0.0005899039097130299,0.02037089876830578,40306,1038240,0.038821467098166126
z500_brown_0.002,1,12,72.0,q1000,-0.0006405739113688469,0.025859158486127853,37498,1038240,0.03611689012174449
z500_brown_0.002,1,13,78.0,u10m,-18.55551528930664,20.612152099609375,0,1038240,0.0
z500_brown_0.002,1,13,78.0,v10m,-25.421428680419922,18.59639549255371,0,1038240,0.0
z500_brown_0.002,1,13,78.0,u100m,-24.818613052368164,25.906633377075195,0,1038240,0.0
z500_brown_0.002,1,13,78.0,v100m,-32.19404220581055,23.255714416503906,0,1038240,0.0
z500_brown_0.002,1,13,78.0,t2m,202.6993408203125,316.0130920410156,0,1038240,0.0
z500_brown_0.002,1,13,78.0,sp,49067.1171875,103785.125,0,1038240,0.0
z500_brown_0.002,1,13,78.0,msl,95953.6953125,103743.65625,0,1038240,0.0
z500_brown_0.002,1,13,78.0,tcwv,-1.9981021881103516,75.19393920898438,33572,1038240,0.032335490830636464
z500_brown_0.002,1,13,78.0,u50,-31.870330810546875,68.85991668701172,0,1038240,0.0
z500_brown_0.002,1,13,78.0,u100,-31.276092529296875,57.0350227355957,0,1038240,0.0
z500_brown_0.002,1,13,78.0,u150,-34.15697479248047,69.36738586425781,0,1038240,0.0
z500_brown_0.002,1,13,78.0,u200,-36.03169250488281,84.67048645019531,0,1038240,0.0
z500_brown_0.002,1,13,78.0,u250,-37.00074005126953,83.80946350097656,0,1038240,0.0
z500_brown_0.002,1,13,78.0,u300,-33.286521911621094,77.3202896118164,0,1038240,0.0
z500_brown_0.002,1,13,78.0,u400,-36.316856384277344,60.33642578125,0,1038240,0.0
z500_brown_0.002,1,13,78.0,u500,-40.56257629394531,51.9150390625,0,1038240,0.0
z500_brown_0.002,1,13,78.0,u600,-37.15460968017578,45.34476089477539,0,1038240,0.0
z500_brown_0.002,1,13,78.0,u700,-29.946327209472656,38.8067512512207,0,1038240,0.0
z500_brown_0.002,1,13,78.0,u850,-31.944242477416992,34.78361892700195,0,1038240,0.0
z500_brown_0.002,1,13,78.0,u925,-30.395526885986328,33.22903060913086,0,1038240,0.0
z500_brown_0.002,1,13,78.0,u1000,-20.552112579345703,24.011457443237305,0,1038240,0.0
z500_brown_0.002,1,13,78.0,v50,-22.978498458862305,19.615182876586914,0,1038240,0.0
z500_brown_0.002,1,13,78.0,v100,-22.147743225097656,22.16111183166504,0,1038240,0.0
z500_brown_0.002,1,13,78.0,v150,-34.856719970703125,35.47060775756836,0,1038240,0.0
z500_brown_0.002,1,13,78.0,v200,-44.462364196777344,43.98737716674805,0,1038240,0.0
z500_brown_0.002,1,13,78.0,v250,-56.089778900146484,46.67348861694336,0,1038240,0.0
z500_brown_0.002,1,13,78.0,v300,-56.244022369384766,49.89169692993164,0,1038240,0.0
z500_brown_0.002,1,13,78.0,v400,-59.796268463134766,49.10197448730469,0,1038240,0.0
z500_brown_0.002,1,13,78.0,v500,-50.66133499145508,43.36581802368164,0,1038240,0.0
z500_brown_0.002,1,13,78.0,v600,-35.553611755371094,32.97060775756836,0,1038240,0.0
z500_brown_0.002,1,13,78.0,v700,-32.39381408691406,29.901975631713867,0,1038240,0.0
z500_brown_0.002,1,13,78.0,v850,-35.36376190185547,28.99803924560547,0,1038240,0.0
z500_brown_0.002,1,13,78.0,v925,-32.467529296875,29.502723693847656,0,1038240,0.0
z500_brown_0.002,1,13,78.0,v1000,-25.850078582763672,21.02105712890625,0,1038240,0.0
z500_brown_0.002,1,13,78.0,z50,176674.484375,208531.0,0,1038240,0.0
z500_brown_0.002,1,13,78.0,z100,140171.421875,166108.171875,0,1038240,0.0
z500_brown_0.002,1,13,78.0,z150,117349.234375,142001.28125,0,1038240,0.0
z500_brown_0.002,1,13,78.0,z200,100511.0078125,123846.796875,0,1038240,0.0
z500_brown_0.002,1,13,78.0,z250,87264.296875,109248.4921875,0,1038240,0.0
z500_brown_0.002,1,13,78.0,z300,76412.03125,96728.265625,0,1038240,0.0
z500_brown_0.002,1,13,78.0,z400,59140.3125,75855.5390625,0,1038240,0.0
z500_brown_0.002,1,13,78.0,z500,44789.734375,58846.921875,0,1038240,0.0
z500_brown_0.002,1,13,78.0,z600,32762.85546875,44536.078125,0,1038240,0.0
z500_brown_0.002,1,13,78.0,z700,22361.82421875,32306.40234375,0,1038240,0.0
z500_brown_0.002,1,13,78.0,z850,8753.880859375,16498.080078125,0,1038240,0.0
z500_brown_0.002,1,13,78.0,z925,2763.7666015625,9447.9765625,0,1038240,0.0
z500_brown_0.002,1,13,78.0,z1000,-3227.72607421875,3017.453125,0,1038240,0.0
z500_brown_0.002,1,13,78.0,t50,179.9075927734375,236.66107177734375,0,1038240,0.0
z500_brown_0.002,1,13,78.0,t100,185.74281311035156,238.616455078125,0,1038240,0.0
z500_brown_0.002,1,13,78.0,t150,188.8349609375,244.01828002929688,0,1038240,0.0
z500_brown_0.002,1,13,78.0,t200,191.5319366455078,244.0884552001953,0,1038240,0.0
z500_brown_0.002,1,13,78.0,t250,197.8130340576172,244.0498046875,0,1038240,0.0
z500_brown_0.002,1,13,78.0,t300,201.77099609375,250.63204956054688,0,1038240,0.0
z500_brown_0.002,1,13,78.0,t400,211.9093780517578,264.6137390136719,0,1038240,0.0
z500_brown_0.002,1,13,78.0,t500,218.9481658935547,276.2831115722656,0,1038240,0.0
z500_brown_0.002,1,13,78.0,t600,209.40054321289062,288.2771911621094,0,1038240,0.0
z500_brown_0.002,1,13,78.0,t700,212.01470947265625,299.9660339355469,0,1038240,0.0
z500_brown_0.002,1,13,78.0,t850,219.86874389648438,312.2616882324219,0,1038240,0.0
z500_brown_0.002,1,13,78.0,t925,223.49632263183594,317.0351257324219,0,1038240,0.0
z500_brown_0.002,1,13,78.0,t1000,227.0325164794922,322.0399169921875,0,1038240,0.0
z500_brown_0.002,1,13,78.0,q50,4.939529389957897e-07,2.0420006876520347e-06,0,1038240,0.0
z500_brown_0.002,1,13,78.0,q100,1.0694891443563392e-06,4.861970865022158e-06,0,1038240,0.0
z500_brown_0.002,1,13,78.0,q150,2.3943493943079375e-07,3.605289020924829e-05,0,1038240,0.0
z500_brown_0.002,1,13,78.0,q200,-7.103803000063635e-06,0.00019889188115485013,9826,1038240,0.009464093080597934
z500_brown_0.002,1,13,78.0,q250,-9.429935744265094e-06,0.0006766244769096375,19708,1038240,0.01898212359377408
z500_brown_0.002,1,13,78.0,q300,-2.475036308169365e-05,0.0015802482375875115,19954,1038240,0.01921906302974264
z500_brown_0.002,1,13,78.0,q400,-4.069675924256444e-05,0.004217496141791344,26152,1038240,0.025188781014023734
z500_brown_0.002,1,13,78.0,q500,-0.00011961685959249735,0.00783257745206356,13519,1038240,0.013021074125443058
z500_brown_0.002,1,13,78.0,q600,-0.00019719044212251902,0.011313743889331818,14486,1038240,0.013952458005856065
z500_brown_0.002,1,13,78.0,q700,-0.0003834436647593975,0.013243813067674637,34741,1038240,0.03346143473570658
z500_brown_0.002,1,13,78.0,q850,-0.0006084507331252098,0.0185096338391304,40023,1038240,0.03854889042995839
z500_brown_0.002,1,13,78.0,q925,-0.0005570021457970142,0.021083205938339233,48954,1038240,0.04715094775774387
z500_brown_0.002,1,13,78.0,q1000,-0.0006123054772615433,0.02590252459049225,39527,1038240,0.03807115888426568
z500_brown_0.002,1,14,84.0,u10m,-22.242494583129883,19.301746368408203,0,1038240,0.0
z500_brown_0.002,1,14,84.0,v10m,-24.443403244018555,17.094240188598633,0,1038240,0.0
z500_brown_0.002,1,14,84.0,u100m,-29.017671585083008,24.30633544921875,0,1038240,0.0
z500_brown_0.002,1,14,84.0,v100m,-31.16796112060547,20.92940902709961,0,1038240,0.0
z500_brown_0.002,1,14,84.0,t2m,202.88623046875,321.6856384277344,0,1038240,0.0
z500_brown_0.002,1,14,84.0,sp,48977.52734375,103764.734375,0,1038240,0.0
z500_brown_0.002,1,14,84.0,msl,95897.15625,103732.046875,0,1038240,0.0
z500_brown_0.002,1,14,84.0,tcwv,-2.0934791564941406,75.49441528320312,31883,1038240,0.030708699337340113
z500_brown_0.002,1,14,84.0,u50,-30.270339965820312,68.05884552001953,0,1038240,0.0
z500_brown_0.002,1,14,84.0,u100,-30.978302001953125,55.82732009887695,0,1038240,0.0
z500_brown_0.002,1,14,84.0,u150,-35.042259216308594,69.2515640258789,0,1038240,0.0
z500_brown_0.002,1,14,84.0,u200,-36.055023193359375,86.07245635986328,0,1038240,0.0
z500_brown_0.002,1,14,84.0,u250,-36.53463363647461,85.9852294921875,0,1038240,0.0
z500_brown_0.002,1,14,84.0,u300,-32.56665802001953,79.61125183105469,0,1038240,0.0
z500_brown_0.002,1,14,84.0,u400,-39.70428466796875,59.2718505859375,0,1038240,0.0
z500_brown_0.002,1,14,84.0,u500,-36.81266403198242,51.31304168701172,0,1038240,0.0
z500_brown_0.002,1,14,84.0,u600,-33.95249557495117,45.16919708251953,0,1038240,0.0
z500_brown_0.002,1,14,84.0,u700,-28.106380462646484,38.556373596191406,0,1038240,0.0
z500_brown_0.002,1,14,84.0,u850,-32.703250885009766,36.41556930541992,0,1038240,0.0
z500_brown_0.002,1,14,84.0,u925,-34.62595748901367,30.564428329467773,0,1038240,0.0
z500_brown_0.002,1,14,84.0,u1000,-21.469404220581055,22.443359375,0,1038240,0.0
z500_brown_0.002,1,14,84.0,v50,-23.445453643798828,20.562782287597656,0,1038240,0.0
z500_brown_0.002,1,14,84.0,v100,-21.514114379882812,21.656476974487305,0,1038240,0.0
z500_brown_0.002,1,14,84.0,v150,-35.225341796875,36.79077911376953,0,1038240,0.0
z500_brown_0.002,1,14,84.0,v200,-45.01462936401367,47.152469635009766,0,1038240,0.0
z500_brown_0.002,1,14,84.0,v250,-54.20799255371094,46.89521408081055,0,1038240,0.0
z500_brown_0.002,1,14,84.0,v300,-56.28864669799805,45.413387298583984,0,1038240,0.0
z500_brown_0.002,1,14,84.0,v400,-60.553951263427734,46.989784240722656,0,1038240,0.0
z500_brown_0.002,1,14,84.0,v500,-51.650962829589844,42.193634033203125,0,1038240,0.0
z500_brown_0.002,1,14,84.0,v600,-39.58313751220703,36.17204284667969,0,1038240,0.0
z500_brown_0.002,1,14,84.0,v700,-34.29887390136719,30.98409080505371,0,1038240,0.0
z500_brown_0.002,1,14,84.0,v850,-36.7805061340332,26.317686080932617,0,1038240,0.0
z500_brown_0.002,1,14,84.0,v925,-31.367563247680664,27.417354583740234,0,1038240,0.0
z500_brown_0.002,1,14,84.0,v1000,-24.892749786376953,18.680767059326172,0,1038240,0.0
z500_brown_0.002,1,14,84.0,z50,176581.8125,208633.78125,0,1038240,0.0
z500_brown_0.002,1,14,84.0,z100,140189.40625,166246.296875,0,1038240,0.0
z500_brown_0.002,1,14,84.0,z150,117371.1171875,142230.53125,0,1038240,0.0
z500_brown_0.002,1,14,84.0,z200,100527.828125,123952.984375,0,1038240,0.0
z500_brown_0.002,1,14,84.0,z250,87282.4609375,109064.6171875,0,1038240,0.0
z500_brown_0.002,1,14,84.0,z300,76423.1328125,96556.03125,0,1038240,0.0
z500_brown_0.002,1,14,84.0,z400,59133.83984375,75707.53125,0,1038240,0.0
z500_brown_0.002,1,14,84.0,z500,45048.96484375,58725.82421875,0,1038240,0.0
z500_brown_0.002,1,14,84.0,z600,32987.8359375,44499.78515625,0,1038240,0.0
z500_brown_0.002,1,14,84.0,z700,22603.46484375,32282.560546875,0,1038240,0.0
z500_brown_0.002,1,14,84.0,z850,8882.841796875,16489.482421875,0,1038240,0.0
z500_brown_0.002,1,14,84.0,z925,2659.28759765625,9435.107421875,0,1038240,0.0
z500_brown_0.002,1,14,84.0,z1000,-3264.36865234375,3006.18408203125,0,1038240,0.0
z500_brown_0.002,1,14,84.0,t50,179.23202514648438,237.06275939941406,0,1038240,0.0
z500_brown_0.002,1,14,84.0,t100,184.4683837890625,239.09120178222656,0,1038240,0.0
z500_brown_0.002,1,14,84.0,t150,187.58445739746094,243.8828582763672,0,1038240,0.0
z500_brown_0.002,1,14,84.0,t200,192.19979858398438,243.7339324951172,0,1038240,0.0
z500_brown_0.002,1,14,84.0,t250,197.8022003173828,244.50164794921875,0,1038240,0.0
z500_brown_0.002,1,14,84.0,t300,202.1723175048828,251.11976623535156,0,1038240,0.0
z500_brown_0.002,1,14,84.0,t400,211.94912719726562,265.8188171386719,0,1038240,0.0
z500_brown_0.002,1,14,84.0,t500,218.78895568847656,278.6025085449219,0,1038240,0.0
z500_brown_0.002,1,14,84.0,t600,209.18417358398438,291.1348876953125,0,1038240,0.0
z500_brown_0.002,1,14,84.0,t700,213.55874633789062,302.82745361328125,0,1038240,0.0
z500_brown_0.002,1,14,84.0,t850,221.50778198242188,313.3800354003906,0,1038240,0.0
z500_brown_0.002,1,14,84.0,t925,225.0528106689453,318.3969421386719,0,1038240,0.0
z500_brown_0.002,1,14,84.0,t1000,228.63772583007812,323.54833984375,0,1038240,0.0
z500_brown_0.002,1,14,84.0,q50,5.27029669683543e-07,2.046817826339975e-06,0,1038240,0.0
z500_brown_0.002,1,14,84.0,q100,1.0387133215772337e-06,4.7191279008984566e-06,0,1038240,0.0
z500_brown_0.002,1,14,84.0,q150,2.4172641133191064e-07,4.481941141420975e-05,0,1038240,0.0
z500_brown_0.002,1,14,84.0,q200,-6.683407264063135e-06,0.00022725592134520411,11107,1038240,0.010697911850824473
z500_brown_0.002,1,14,84.0,q250,-1.21111843327526e-05,0.00064390356419608,19118,1038240,0.01841385421482509
z500_brown_0.002,1,14,84.0,q300,-2.86021240754053e-05,0.0015308123547583818,20946,1038240,0.020174526121128064
z500_brown_0.002,1,14,84.0,q400,-0.0001398115127813071,0.004131581634283066,28040,1038240,0.027007243026660504
z500_brown_0.002,1,14,84.0,q500,-0.00015826302114874125,0.007905814796686172,13216,1038240,0.01272923408845739
z500_brown_0.002,1,14,84.0,q600,-0.00016281148418784142,0.010196116752922535,13268,1038240,0.012779318847280013
z500_brown_0.002,1,14,84.0,q700,-0.0003830995410680771,0.013229945674538612,26397,1038240,0.025424757281553398
z500_brown_0.002,1,14,84.0,q850,-0.00046353694051504135,0.018713193014264107,37696,1038240,0.03630759747264602
z500_brown_0.002,1,14,84.0,q925,-0.0005242219194769859,0.0212632454931736,46554,1038240,0.044839343504392046
z500_brown_0.002,1,14,84.0,q1000,-0.0006114253774285316,0.025456856936216354,35269,1038240,0.033969987671443984
z500_brown_0.002,1,15,90.0,u10m,-25.10107421875,18.414051055908203,0,1038240,0.0
z500_brown_0.002,1,15,90.0,v10m,-22.068845748901367,17.240671157836914,0,1038240,0.0
z500_brown_0.002,1,15,90.0,u100m,-32.255985260009766,23.074037551879883,0,1038240,0.0
z500_brown_0.002,1,15,90.0,v100m,-27.84497833251953,21.146228790283203,0,1038240,0.0
z500_brown_0.002,1,15,90.0,t2m,202.79342651367188,320.7982177734375,0,1038240,0.0
z500_brown_0.002,1,15,90.0,sp,49107.8125,103720.2109375,0,1038240,0.0
z500_brown_0.002,1,15,90.0,msl,95621.5546875,103685.515625,0,1038240,0.0
z500_brown_0.002,1,15,90.0,tcwv,-2.080781936645508,77.98384857177734,28544,1038240,0.027492679919864385
z500_brown_0.002,1,15,90.0,u50,-30.206432342529297,69.27874755859375,0,1038240,0.0
z500_brown_0.002,1,15,90.0,u100,-31.85218048095703,56.244476318359375,0,1038240,0.0
z500_brown_0.002,1,15,90.0,u150,-39.647979736328125,71.27436065673828,0,1038240,0.0
z500_brown_0.002,1,15,90.0,u200,-34.995391845703125,86.24705505371094,0,1038240,0.0
z500_brown_0.002,1,15,90.0,u250,-35.40208435058594,86.12971496582031,0,1038240,0.0
z500_brown_0.002,1,15,90.0,u300,-41.11429214477539,81.01960754394531,0,1038240,0.0
z500_brown_0.002,1,15,90.0,u400,-42.47853088378906,58.47528839111328,0,1038240,0.0
z500_brown_0.002,1,15,90.0,u500,-35.96092987060547,49.046871185302734,0,1038240,0.0
z500_brown_0.002,1,15,90.0,u600,-27.21649169921875,42.34537124633789,0,1038240,0.0
z500_brown_0.002,1,15,90.0,u700,-29.65857696533203,38.385990142822266,0,1038240,0.0
z500_brown_0.002,1,15,90.0,u850,-38.119293212890625,37.139137268066406,0,1038240,0.0
z500_brown_0.002,1,15,90.0,u925,-38.57198715209961,31.084613800048828,0,1038240,0.0
z500_brown_0.002,1,15,90.0,u1000,-24.40083122253418,20.297386169433594,0,1038240,0.0
z500_brown_0.002,1,15,90.0,v50,-23.274372100830078,19.660058975219727,0,1038240,0.0
z500_brown_0.002,1,15,90.0,v100,-19.0078067779541,23.172433853149414,0,1038240,0.0
z500_brown_0.002,1,15,90.0,v150,-34.84912109375,35.626014709472656,0,1038240,0.0
z500_brown_0.002,1,15,90.0,v200,-43.076202392578125,47.213443756103516,0,1038240,0.0
z500_brown_0.002,1,15,90.0,v250,-53.66557693481445,54.50510025024414,0,1038240,0.0
z500_brown_0.002,1,15,90.0,v300,-53.631832122802734,56.11510467529297,0,1038240,0.0
z500_brown_0.002,1,15,90.0,v400,-57.53437805175781,51.146114349365234,0,1038240,0.0
z500_brown_0.002,1,15,90.0,v500,-52.44534683227539,46.558265686035156,0,1038240,0.0
z500_brown_0.002,1,15,90.0,v600,-42.32112503051758,39.32169723510742,0,1038240,0.0
z500_brown_0.002,1,15,90.0,v700,-33.29391098022461,31.45537567138672,0,1038240,0.0
z500_brown_0.002,1,15,90.0,v850,-33.26213455200195,26.95825958251953,0,1038240,0.0
z500_brown_0.002,1,15,90.0,v925,-32.39982604980469,27.455883026123047,0,1038240,0.0
z500_brown_0.002,1,15,90.0,v1000,-22.144779205322266,19.442583084106445,0,1038240,0.0
z500_brown_0.002,1,15,90.0,z50,176510.5625,208529.53125,0,1038240,0.0
z500_brown_0.002,1,15,90.0,z100,140158.046875,166370.265625,0,1038240,0.0
z500_brown_0.002,1,15,90.0,z150,117318.3828125,142237.921875,0,1038240,0.0
z500_brown_0.002,1,15,90.0,z200,100455.1328125,123966.4921875,0,1038240,0.0
z500_brown_0.002,1,15,90.0,z250,87191.59375,109189.9296875,0,1038240,0.0
z500_brown_0.002,1,15,90.0,z300,76305.7890625,96678.171875,0,1038240,0.0
z500_brown_0.002,1,15,90.0,z400,59015.640625,75822.2890625,0,1038240,0.0
z500_brown_0.002,1,15,90.0,z500,45259.57421875,58826.3203125,0,1038240,0.0
z500_brown_0.002,1,15,90.0,z600,33205.6015625,44417.42578125,0,1038240,0.0
z500_brown_0.002,1,15,90.0,z700,22615.669921875,32206.40625,0,1038240,0.0
z500_brown_0.002,1,15,90.0,z850,8611.0390625,16435.228515625,0,1038240,0.0
z500_brown_0.002,1,15,90.0,z925,2414.1474609375,9388.189453125,0,1038240,0.0
z500_brown_0.002,1,15,90.0,z1000,-3386.67822265625,2971.71533203125,0,1038240,0.0
z500_brown_0.002,1,15,90.0,t50,179.12939453125,237.39340209960938,0,1038240,0.0
z500_brown_0.002,1,15,90.0,t100,184.39254760742188,239.33151245117188,0,1038240,0.0
z500_brown_0.002,1,15,90.0,t150,186.71026611328125,244.2321014404297,0,1038240,0.0
z500_brown_0.002,1,15,90.0,t200,192.80091857910156,243.50241088867188,0,1038240,0.0
z500_brown_0.002,1,15,90.0,t250,198.0061798095703,244.70443725585938,0,1038240,0.0
z500_brown_0.002,1,15,90.0,t300,202.36126708984375,250.4194793701172,0,1038240,0.0
z500_brown_0.002,1,15,90.0,t400,211.8670196533203,264.7305603027344,0,1038240,0.0
z500_brown_0.002,1,15,90.0,t500,218.0400848388672,275.40020751953125,0,1038240,0.0
z500_brown_0.002,1,15,90.0,t600,208.29481506347656,287.3731689453125,0,1038240,0.0
z500_brown_0.002,1,15,90.0,t700,213.62991333007812,296.95501708984375,0,1038240,0.0
z500_brown_0.002,1,15,90.0,t850,222.4838409423828,309.2803955078125,0,1038240,0.0
z500_brown_0.002,1,15,90.0,t925,226.15638732910156,314.97052001953125,0,1038240,0.0
z500_brown_0.002,1,15,90.0,t1000,229.30162048339844,320.39337158203125,0,1038240,0.0
z500_brown_0.002,1,15,90.0,q50,5.627034624922089e-07,2.0599409253918566e-06,0,1038240,0.0
z500_brown_0.002,1,15,90.0,q100,1.0259600458084606e-06,4.647120931622339e-06,0,1038240,0.0
z500_brown_0.002,1,15,90.0,q150,-1.364760464639403e-07,4.122015161556192e-05,6,1038240,5.779010633379566e-06
z500_brown_0.002,1,15,90.0,q200,-7.532888048444875e-06,0.00021618159371428192,11066,1038240,0.010658421944829712
z500_brown_0.002,1,15,90.0,q250,-1.2593762221513316e-05,0.0006973070558160543,17752,1038240,0.01709816612729234
z500_brown_0.002,1,15,90.0,q300,-3.316689981147647e-05,0.0015128802042454481,19726,1038240,0.018999460625674217
z500_brown_0.002,1,15,90.0,q400,-6.337970262393355e-05,0.004263259936124086,31152,1038240,0.030004623208506703
z500_brown_0.002,1,15,90.0,q500,-0.00011772086145356297,0.0075942473486065865,13266,1038240,0.012777392510402219
z500_brown_0.002,1,15,90.0,q600,-0.00021687871776521206,0.010028980672359467,14557,1038240,0.014020842965017722
z500_brown_0.002,1,15,90.0,q700,-0.000420235563069582,0.01304447092115879,36135,1038240,0.03480409153952843
z500_brown_0.002,1,15,90.0,q850,-0.000522212591022253,0.018663626164197922,40959,1038240,0.0394504160887656
z500_brown_0.002,1,15,90.0,q925,-0.0004443102516233921,0.021061677485704422,51655,1038240,0.04975246571120358
z500_brown_0.002,1,15,90.0,q1000,-0.0005181822925806046,0.025355296209454536,39679,1038240,0.03821756048697796
z500_brown_0.002,1,16,96.0,u10m,-22.489173889160156,18.863603591918945,0,1038240,0.0
z500_brown_0.002,1,16,96.0,v10m,-20.362817764282227,21.256248474121094,0,1038240,0.0
z500_brown_0.002,1,16,96.0,u100m,-29.535642623901367,23.28757095336914,0,1038240,0.0
z500_brown_0.002,1,16,96.0,v100m,-25.818532943725586,26.950666427612305,0,1038240,0.0
z500_brown_0.002,1,16,96.0,t2m,202.67474365234375,317.0212097167969,0,1038240,0.0
z500_brown_0.002,1,16,96.0,sp,48953.15625,103676.0546875,0,1038240,0.0
z500_brown_0.002,1,16,96.0,msl,95430.3984375,103646.7109375,0,1038240,0.0
z500_brown_0.002,1,16,96.0,tcwv,-2.5504932403564453,76.44915771484375,36482,1038240,0.03513831098782555
z500_brown_0.002,1,16,96.0,u50,-30.54668426513672,68.7237548828125,0,1038240,0.0
z500_brown_0.002,1,16,96.0,u100,-31.404987335205078,57.55424499511719,0,1038240,0.0
z500_brown_0.002,1,16,96.0,u150,-40.398902893066406,73.5185775756836,0,1038240,0.0
z500_brown_0.002,1,16,96.0,u200,-34.41700744628906,85.08474731445312,0,1038240,0.0
z500_brown_0.002,1,16,96.0,u250,-34.65810012817383,86.77848815917969,0,1038240,0.0
z500_brown_0.002,1,16,96.0,u300,-34.43056869506836,80.30618286132812,0,1038240,0.0
z500_brown_0.002,1,16,96.0,u400,-42.31861877441406,59.46221160888672,0,1038240,0.0
z500_brown_0.002,1,16,96.0,u500,-36.71010208129883,49.75166702270508,0,1038240,0.0
z500_brown_0.002,1,16,96.0,u600,-32.48407745361328,42.10272216796875,0,1038240,0.0
z500_brown_0.002,1,16,96.0,u700,-34.945770263671875,39.47478485107422,0,1038240,0.0
z500_brown_0.002,1,16,96.0,u850,-40.74714279174805,38.93853759765625,0,1038240,0.0
z500_brown_0.002,1,16,96.0,u925,-33.29060363769531,32.90970230102539,0,1038240,0.0
z500_brown_0.002,1,16,96.0,u1000,-22.369726181030273,19.934141159057617,0,1038240,0.0
z500_brown_0.002,1,16,96.0,v50,-22.64273452758789,21.11944007873535,0,1038240,0.0
z500_brown_0.002,1,16,96.0,v100,-17.911203384399414,25.326091766357422,0,1038240,0.0
z500_brown_0.002,1,16,96.0,v150,-33.911460876464844,37.36403274536133,0,1038240,0.0
z500_brown_0.002,1,16,96.0,v200,-42.5960578918457,50.369327545166016,0,1038240,0.0
z500_brown_0.002,1,16,96.0,v250,-53.09256362915039,57.7322998046875,0,1038240,0.0
z500_brown_0.002,1,16,96.0,v300,-51.45162582397461,61.245094299316406,0,1038240,0.0
z500_brown_0.002,1,16,96.0,v400,-56.162940979003906,52.896240234375,0,1038240,0.0
z500_brown_0.002,1,16,96.0,v500,-49.87681198120117,50.369510650634766,0,1038240,0.0
z500_brown_0.002,1,16,96.0,v600,-39.07789993286133,43.00436019897461,0,1038240,0.0
z500_brown_0.002,1,16,96.0,v700,-32.8646125793457,33.777557373046875,0,1038240,0.0
z500_brown_0.002,1,16,96.0,v850,-31.38535499572754,31.50984001159668,0,1038240,0.0
z500_brown_0.002,1,16,96.0,v925,-31.038373947143555,30.899166107177734,0,1038240,0.0
z500_brown_0.002,1,16,96.0,v1000,-20.62773895263672,20.974885940551758,0,1038240,0.0
z500_brown_0.002,1,16,96.0,z50,176402.28125,208514.59375,0,1038240,0.0
z500_brown_0.002,1,16,96.0,z100,140138.984375,166233.0625,0,1038240,0.0
z500_brown_0.002,1,16,96.0,z150,117289.4375,142085.046875,0,1038240,0.0
z500_brown_0.002,1,16,96.0,z200,100396.734375,123891.34375,0,1038240,0.0
z500_brown_0.002,1,16,96.0,z250,87119.96875,109254.484375,0,1038240,0.0
z500_brown_0.002,1,16,96.0,z300,76239.765625,96698.2109375,0,1038240,0.0
z500_brown_0.002,1,16,96.0,z400,58992.28125,75753.34375,0,1038240,0.0
z500_brown_0.002,1,16,96.0,z500,45085.109375,58690.96875,0,1038240,0.0
z500_brown_0.002,1,16,96.0,z600,32964.15625,44428.5,0,1038240,0.0
z500_brown_0.002,1,16,96.0,z700,22355.423828125,32211.2578125,0,1038240,0.0
z500_brown_0.002,1,16,96.0,z850,8407.232421875,16431.3984375,0,1038240,0.0
z500_brown_0.002,1,16,96.0,z925,2248.76513671875,9378.240234375,0,1038240,0.0
z500_brown_0.002,1,16,96.0,z1000,-3654.939453125,2944.9296875,0,1038240,0.0
z500_brown_0.002,1,16,96.0,t50,179.29928588867188,237.51287841796875,0,1038240,0.0
z500_brown_0.002,1,16,96.0,t100,184.833740234375,239.82583618164062,0,1038240,0.0
z500_brown_0.002,1,16,96.0,t150,186.83956909179688,244.40606689453125,0,1038240,0.0
z500_brown_0.002,1,16,96.0,t200,193.35406494140625,243.42135620117188,0,1038240,0.0
z500_brown_0.002,1,16,96.0,t250,198.1505126953125,245.04986572265625,0,1038240,0.0
z500_brown_0.002,1,16,96.0,t300,202.55606079101562,250.1665802001953,0,1038240,0.0
z500_brown_0.002,1,16,96.0,t400,211.19007873535156,264.2934875488281,0,1038240,0.0
z500_brown_0.002,1,16,96.0,t500,217.794189453125,275.3141174316406,0,1038240,0.0
z500_brown_0.002,1,16,96.0,t600,207.26141357421875,284.9599609375,0,1038240,0.0
z500_brown_0.002,1,16,96.0,t700,213.86378479003906,293.693603515625,0,1038240,0.0
z500_brown_0.002,1,16,96.0,t850,222.35511779785156,310.19891357421875,0,1038240,0.0
z500_brown_0.002,1,16,96.0,t925,226.07667541503906,315.1181945800781,0,1038240,0.0
z500_brown_0.002,1,16,96.0,t1000,229.25958251953125,320.01275634765625,0,1038240,0.0
z500_brown_0.002,1,16,96.0,q50,5.959825557511067e-07,2.078527359117288e-06,0,1038240,0.0
z500_brown_0.002,1,16,96.0,q100,1.0227170150756137e-06,4.637002348317765e-06,0,1038240,0.0
z500_brown_0.002,1,16,96.0,q150,-8.636970960651524e-07,3.532197661115788e-05,18,1038240,1.7337031900138696e-05
z500_brown_0.002,1,16,96.0,q200,-8.167949999915436e-06,0.00019059721671510488,12404,1038240,0.011947141316073355
z500_brown_0.002,1,16,96.0,q250,-1.286660335608758e-05,0.0006712300819344819,16400,1038240,0.015795962397904144
z500_brown_0.002,1,16,96.0,q300,-3.045574703719467e-05,0.001521683530882001,20125,1038240,0.01938376483279396
z500_brown_0.002,1,16,96.0,q400,-5.197295104153454e-05,0.004126464016735554,23269,1038240,0.02241196640468485
z500_brown_0.002,1,16,96.0,q500,-0.00010821840260177851,0.0072854505851864815,13246,1038240,0.012758129141624287
z500_brown_0.002,1,16,96.0,q600,-0.0002595636760815978,0.009952072985470295,16290,1038240,0.01569001386962552
z500_brown_0.002,1,16,96.0,q700,-0.00044867093674838543,0.012696327641606331,32266,1038240,0.03107759284943751
z500_brown_0.002,1,16,96.0,q850,-0.0007223272696137428,0.01883932389318943,43907,1038240,0.042289836646632765
z500_brown_0.002,1,16,96.0,q925,-0.0005482588894665241,0.02206197939813137,50754,1038240,0.04888465094775774
z500_brown_0.002,1,16,96.0,q1000,-0.000578074250370264,0.025572670623660088,45563,1038240,0.04388484358144552
z500_brown_0.002,1,17,102.0,u10m,-20.479045867919922,21.11271095275879,0,1038240,0.0
z500_brown_0.002,1,17,102.0,v10m,-18.147485733032227,20.094810485839844,0,1038240,0.0
z500_brown_0.002,1,17,102.0,u100m,-26.981962203979492,26.95441436767578,0,1038240,0.0
z500_brown_0.002,1,17,102.0,v100m,-23.19417381286621,24.508747100830078,0,1038240,0.0
z500_brown_0.002,1,17,102.0,t2m,202.4846649169922,314.7266845703125,0,1038240,0.0
z500_brown_0.002,1,17,102.0,sp,48953.58984375,103567.5078125,0,1038240,0.0
z500_brown_0.002,1,17,102.0,msl,95319.046875,103542.703125,0,1038240,0.0
z500_brown_0.002,1,17,102.0,tcwv,-2.545408248901367,76.61235809326172,41077,1038240,0.0395640699645554
z500_brown_0.002,1,17,102.0,u50,-31.921035766601562,70.73435974121094,0,1038240,0.0
z500_brown_0.002,1,17,102.0,u100,-31.35242462158203,59.47130584716797,0,1038240,0.0
z500_brown_0.002,1,17,102.0,u150,-39.879554748535156,73.33436584472656,0,1038240,0.0
z500_brown_0.002,1,17,102.0,u200,-33.101776123046875,85.60377502441406,0,1038240,0.0
z500_brown_0.002,1,17,102.0,u250,-33.99095916748047,86.90815734863281,0,1038240,0.0
z500_brown_0.002,1,17,102.0,u300,-37.060794830322266,80.21748352050781,0,1038240,0.0
z500_brown_0.002,1,17,102.0,u400,-40.69691467285156,59.89759063720703,0,1038240,0.0
z500_brown_0.002,1,17,102.0,u500,-39.24939727783203,49.35301208496094,0,1038240,0.0
z500_brown_0.002,1,17,102.0,u600,-35.046451568603516,42.60783004760742,0,1038240,0.0
z500_brown_0.002,1,17,102.0,u700,-34.62528610229492,39.05118179321289,0,1038240,0.0
z500_brown_0.002,1,17,102.0,u850,-35.098045349121094,37.11209487915039,0,1038240,0.0
z500_brown_0.002,1,17,102.0,u925,-32.34165573120117,32.748992919921875,0,1038240,0.0
z500_brown_0.002,1,17,102.0,u1000,-20.752626419067383,21.093013763427734,0,1038240,0.0
z500_brown_0.002,1,17,102.0,v50,-22.19537925720215,21.76711082458496,0,1038240,0.0
z500_brown_0.002,1,17,102.0,v100,-19.34423828125,25.951677322387695,0,1038240,0.0
z500_brown_0.002,1,17,102.0,v150,-37.22377395629883,34.27333450317383,0,1038240,0.0
z500_brown_0.002,1,17,102.0,v200,-43.09092712402344,49.517311096191406,0,1038240,0.0
z500_brown_0.002,1,17,102.0,v250,-53.41408920288086,56.77175521850586,0,1038240,0.0
z500_brown_0.002,1,17,102.0,v300,-46.58441925048828,61.848087310791016,0,1038240,0.0
z500_brown_0.002,1,17,102.0,v400,-48.745792388916016,57.296470642089844,0,1038240,0.0
z500_brown_0.002,1,17,102.0,v500,-46.2493896484375,49.05046081542969,0,1038240,0.0
z500_brown_0.002,1,17,102.0,v600,-37.598880767822266,41.0832633972168,0,1038240,0.0
z500_brown_0.002,1,17,102.0,v700,-31.078365325927734,32.784366607666016,0,1038240,0.0
z500_brown_0.002,1,17,102.0,v850,-29.957223892211914,30.689970016479492,0,1038240,0.0
z500_brown_0.002,1,17,102.0,v925,-30.881437301635742,27.464834213256836,0,1038240,0.0
z500_brown_0.002,1,17,102.0,v1000,-21.283645629882812,19.784231185913086,0,1038240,0.0
z500_brown_0.002,1,17,102.0,z50,176377.78125,208561.546875,0,1038240,0.0
z500_brown_0.002,1,17,102.0,z100,140050.390625,166290.09375,0,1038240,0.0
z500_brown_0.002,1,17,102.0,z150,117174.03125,142157.109375,0,1038240,0.0
z500_brown_0.002,1,17,102.0,z200,100265.2734375,123872.1171875,0,1038240,0.0
z500_brown_0.002,1,17,102.0,z250,86976.8359375,109149.3203125,0,1038240,0.0
z500_brown_0.002,1,17,102.0,z300,76116.90625,96610.296875,0,1038240,0.0
z500_brown_0.002,1,17,102.0,z400,58920.078125,75721.015625,0,1038240,0.0
z500_brown_0.002,1,17,102.0,z500,44977.5625,58699.77734375,0,1038240,0.0
z500_brown_0.002,1,17,102.0,z600,32870.265625,44351.671875,0,1038240,0.0
z500_brown_0.002,1,17,102.0,z700,22293.47265625,32140.92578125,0,1038240,0.0
z500_brown_0.002,1,17,102.0,z850,8419.052734375,16362.474609375,0,1038240,0.0
z500_brown_0.002,1,17,102.0,z925,2293.96728515625,9300.646484375,0,1038240,0.0
z500_brown_0.002,1,17,102.0,z1000,-3761.658203125,2861.12890625,0,1038240,0.0
z500_brown_0.002,1,17,102.0,t50,179.36001586914062,237.70602416992188,0,1038240,0.0
z500_brown_0.002,1,17,102.0,t100,185.2686004638672,240.24644470214844,0,1038240,0.0
z500_brown_0.002,1,17,102.0,t150,189.08602905273438,245.16119384765625,0,1038240,0.0
z500_brown_0.002,1,17,102.0,t200,193.95602416992188,244.21531677246094,0,1038240,0.0
z500_brown_0.002,1,17,102.0,t250,198.3068389892578,245.002197265625,0,1038240,0.0
z500_brown_0.002,1,17,102.0,t300,202.1237335205078,250.5966033935547,0,1038240,0.0
z500_brown_0.002,1,17,102.0,t400,211.01499938964844,264.619140625,0,1038240,0.0
z500_brown_0.002,1,17,102.0,t500,217.8046875,276.38946533203125,0,1038240,0.0
z500_brown_0.002,1,17,102.0,t600,207.26300048828125,288.7767333984375,0,1038240,0.0
z500_brown_0.002,1,17,102.0,t700,214.32460021972656,298.13311767578125,0,1038240,0.0
z500_brown_0.002,1,17,102.0,t850,223.21954345703125,309.7458801269531,0,1038240,0.0
z500_brown_0.002,1,17,102.0,t925,226.90769958496094,315.1649475097656,0,1038240,0.0
z500_brown_0.002,1,17,102.0,t1000,230.0943603515625,320.09423828125,0,1038240,0.0
z500_brown_0.002,1,17,102.0,q50,6.314362508419435e-07,2.0956294974894263e-06,0,1038240,0.0
z500_brown_0.002,1,17,102.0,q100,1.0143529607375967e-06,4.749053914565593e-06,0,1038240,0.0
z500_brown_0.002,1,17,102.0,q150,-8.806541700323578e-07,3.719222513609566e-05,18,1038240,1.7337031900138696e-05
z500_brown_0.002,1,17,102.0,q200,-1.0460891644470394e-05,0.0001909829006763175,13138,1038240,0.012654106950223456
z500_brown_0.002,1,17,102.0,q250,-1.2734217307297513e-05,0.0006493455730378628,18061,1038240,0.017395785174911388
z500_brown_0.002,1,17,102.0,q300,-3.0232564313337207e-05,0.0014969863696023822,20531,1038240,0.019774811218985975
z500_brown_0.002,1,17,102.0,q400,-6.167529500089586e-05,0.004120394587516785,24578,1038240,0.023672753891200493
z500_brown_0.002,1,17,102.0,q500,-0.00010007951641455293,0.007971089333295822,10577,1038240,0.010187432578209277
z500_brown_0.002,1,17,102.0,q600,-0.0002812896855175495,0.011606546118855476,14502,1038240,0.01396786870087841
z500_brown_0.002,1,17,102.0,q700,-0.00047159986570477486,0.013233430683612823,37074,1038240,0.03570850670365233
z500_brown_0.002,1,17,102.0,q850,-0.0005467785522341728,0.018886422738432884,50147,1038240,0.04830000770534751
z500_brown_0.002,1,17,102.0,q925,-0.0005735340528190136,0.021817507222294807,60317,1038240,0.058095430728925875
z500_brown_0.002,1,17,102.0,q1000,-0.0005819345824420452,0.02500992640852928,53984,1038240,0.05199568500539374
z500_brown_0.002,1,18,108.0,u10m,-22.62024688720703,21.923555374145508,0,1038240,0.0
z500_brown_0.002,1,18,108.0,v10m,-18.73615074157715,18.067285537719727,0,1038240,0.0
z500_brown_0.002,1,18,108.0,u100m,-29.283992767333984,28.212251663208008,0,1038240,0.0
z500_brown_0.002,1,18,108.0,v100m,-24.18418312072754,23.76944923400879,0,1038240,0.0
z500_brown_0.002,1,18,108.0,t2m,200.8330078125,322.0791015625,0,1038240,0.0
z500_brown_0.002,1,18,108.0,sp,48868.25390625,103547.2265625,0,1038240,0.0
z500_brown_0.002,1,18,108.0,msl,95492.21875,103520.078125,0,1038240,0.0
z500_brown_0.002,1,18,108.0,tcwv,-2.579557418823242,78.58665466308594,40183,1038240,0.03870299738018185
z500_brown_0.002,1,18,108.0,u50,-30.003734588623047,70.82415008544922,0,1038240,0.0
z500_brown_0.002,1,18,108.0,u100,-31.14785385131836,61.311248779296875,0,1038240,0.0
z500_brown_0.002,1,18,108.0,u150,-37.27063751220703,72.52064514160156,0,1038240,0.0
z500_brown_0.002,1,18,108.0,u200,-32.21508026123047,87.4835205078125,0,1038240,0.0
z500_brown_0.002,1,18,108.0,u250,-34.162498474121094,91.19621276855469,0,1038240,0.0
z500_brown_0.002,1,18,108.0,u300,-32.12519836425781,81.49596405029297,0,1038240,0.0
z500_brown_0.002,1,18,108.0,u400,-38.915870666503906,59.80854034423828,0,1038240,0.0
z500_brown_0.002,1,18,108.0,u500,-37.87080764770508,52.568050384521484,0,1038240,0.0
z500_brown_0.002,1,18,108.0,u600,-34.23514938354492,44.9054069519043,0,1038240,0.0
z500_brown_0.002,1,18,108.0,u700,-33.744407653808594,38.143653869628906,0,1038240,0.0
z500_brown_0.002,1,18,108.0,u850,-35.60797882080078,37.345115661621094,0,1038240,0.0
z500_brown_0.002,1,18,108.0,u925,-37.75557327270508,34.61625289916992,0,1038240,0.0
z500_brown_0.002,1,18,108.0,u1000,-22.581432342529297,22.1936092376709,0,1038240,0.0
z500_brown_0.002,1,18,108.0,v50,-22.028427124023438,23.02513313293457,0,1038240,0.0
z500_brown_0.002,1,18,108.0,v100,-18.611400604248047,25.51728630065918,0,1038240,0.0
z500_brown_0.002,1,18,108.0,v150,-35.4813117980957,32.52424240112305,0,1038240,0.0
z500_brown_0.002,1,18,108.0,v200,-41.217071533203125,47.339996337890625,0,1038240,0.0
z500_brown_0.002,1,18,108.0,v250,-50.28201675415039,55.151981353759766,0,1038240,0.0
z500_brown_0.002,1,18,108.0,v300,-45.12684631347656,59.152587890625,0,1038240,0.0
z500_brown_0.002,1,18,108.0,v400,-42.757694244384766,59.62156677246094,0,1038240,0.0
z500_brown_0.002,1,18,108.0,v500,-38.52278137207031,51.22481155395508,0,1038240,0.0
z500_brown_0.002,1,18,108.0,v600,-31.523054122924805,39.51970291137695,0,1038240,0.0
z500_brown_0.002,1,18,108.0,v700,-28.37890625,31.214670181274414,0,1038240,0.0
z500_brown_0.002,1,18,108.0,v850,-30.294031143188477,26.409934997558594,0,1038240,0.0
z500_brown_0.002,1,18,108.0,v925,-31.239253997802734,27.116086959838867,0,1038240,0.0
z500_brown_0.002,1,18,108.0,v1000,-20.363927841186523,18.749588012695312,0,1038240,0.0
z500_brown_0.002,1,18,108.0,z50,176245.234375,208763.46875,0,1038240,0.0
z500_brown_0.002,1,18,108.0,z100,139977.046875,166395.96875,0,1038240,0.0
z500_brown_0.002,1,18,108.0,z150,117085.1484375,142252.078125,0,1038240,0.0
z500_brown_0.002,1,18,108.0,z200,100152.1015625,123981.875,0,1038240,0.0
z500_brown_0.002,1,18,108.0,z250,86855.140625,109077.015625,0,1038240,0.0
z500_brown_0.002,1,18,108.0,z300,75983.21875,96425.8203125,0,1038240,0.0
z500_brown_0.002,1,18,108.0,z400,58801.203125,75502.0234375,0,1038240,0.0
z500_brown_0.002,1,18,108.0,z500,44841.91796875,58534.33984375,0,1038240,0.0
z500_brown_0.002,1,18,108.0,z600,32768.26953125,44406.140625,0,1038240,0.0
z500_brown_0.002,1,18,108.0,z700,22243.25390625,32079.490234375,0,1038240,0.0
z500_brown_0.002,1,18,108.0,z850,8492.1552734375,16320.97265625,0,1038240,0.0
z500_brown_0.002,1,18,108.0,z925,2410.4267578125,9260.015625,0,1038240,0.0
z500_brown_0.002,1,18,108.0,z1000,-3617.08837890625,2837.5302734375,0,1038240,0.0
z500_brown_0.002,1,18,108.0,t50,179.11782836914062,237.71820068359375,0,1038240,0.0
z500_brown_0.002,1,18,108.0,t100,185.64500427246094,240.69912719726562,0,1038240,0.0
z500_brown_0.002,1,18,108.0,t150,191.15565490722656,245.05763244628906,0,1038240,0.0
z500_brown_0.002,1,18,108.0,t200,194.66537475585938,244.11801147460938,0,1038240,0.0
z500_brown_0.002,1,18,108.0,t250,198.37477111816406,245.0148468017578,0,1038240,0.0
z500_brown_0.002,1,18,108.0,t300,201.69032287597656,251.47219848632812,0,1038240,0.0
z500_brown_0.002,1,18,108.0,t400,210.7992401123047,265.9886169433594,0,1038240,0.0
z500_brown_0.002,1,18,108.0,t500,217.54954528808594,278.9828186035156,0,1038240,0.0
z500_brown_0.002,1,18,108.0,t600,207.4097137451172,291.92266845703125,0,1038240,0.0
z500_brown_0.002,1,18,108.0,t700,214.1934356689453,301.2261657714844,0,1038240,0.0
z500_brown_0.002,1,18,108.0,t850,223.58938598632812,312.1721496582031,0,1038240,0.0
z500_brown_0.002,1,18,108.0,t925,227.48838806152344,317.3398742675781,0,1038240,0.0
z500_brown_0.002,1,18,108.0,t1000,230.88388061523438,322.60784912109375,0,1038240,0.0
z500_brown_0.002,1,18,108.0,q50,6.651791863987455e-07,2.1116848074598238e-06,0,1038240,0.0
z500_brown_0.002,1,18,108.0,q100,9.897747759168851e-07,4.695467396231834e-06,0,1038240,0.0
z500_brown_0.002,1,18,108.0,q150,-3.668815224955324e-07,4.484052988118492e-05,9,1038240,8.668515950069348e-06
z500_brown_0.002,1,18,108.0,q200,-1.0787924111355096e-05,0.00023134237562771887,12734,1038240,0.012264986900909231
z500_brown_0.002,1,18,108.0,q250,-1.5316338249249384e-05,0.0006946692010387778,19827,1038240,0.019096740638002773
z500_brown_0.002,1,18,108.0,q300,-3.27945890603587e-05,0.0015897501725703478,20787,1038240,0.020021382339343505
z500_brown_0.002,1,18,108.0,q400,-0.0001187351590488106,0.00432064663618803,25436,1038240,0.02449915241177377
z500_brown_0.002,1,18,108.0,q500,-0.00010899145854637027,0.007975587621331215,10624,1038240,0.010232701494837418
z500_brown_0.002,1,18,108.0,q600,-0.00027058448176831007,0.010197069495916367,13546,1038240,0.013047079673293266
z500_brown_0.002,1,18,108.0,q700,-0.0005223627667874098,0.01357729360461235,29303,1038240,0.028223724764986902
z500_brown_0.002,1,18,108.0,q850,-0.0005498426035046577,0.019757594913244247,44682,1038240,0.043036292186777625
z500_brown_0.002,1,18,108.0,q925,-0.000608573667705059,0.020986849442124367,55122,1038240,0.053091770688858064
z500_brown_0.002,1,18,108.0,q1000,-0.0005906922742724419,0.02521110139787197,45041,1038240,0.043382069656341504
z500_brown_0.002,1,19,114.0,u10m,-25.741966247558594,23.42233657836914,0,1038240,0.0
z500_brown_0.002,1,19,114.0,v10m,-19.110403060913086,17.901771545410156,0,1038240,0.0
z500_brown_0.002,1,19,114.0,u100m,-33.388980865478516,29.51923942565918,0,1038240,0.0
z500_brown_0.002,1,19,114.0,v100m,-24.88701820373535,24.244661331176758,0,1038240,0.0
z500_brown_0.002,1,19,114.0,t2m,199.54766845703125,321.2230529785156,0,1038240,0.0
z500_brown_0.002,1,19,114.0,sp,49023.796875,103462.125,0,1038240,0.0
z500_brown_0.002,1,19,114.0,msl,95559.328125,103427.140625,0,1038240,0.0
z500_brown_0.002,1,19,114.0,tcwv,-2.6431846618652344,79.47058868408203,39003,1038240,0.03756645862228387
z500_brown_0.002,1,19,114.0,u50,-30.196590423583984,72.37113189697266,0,1038240,0.0
z500_brown_0.002,1,19,114.0,u100,-33.878944396972656,62.35699462890625,0,1038240,0.0
z500_brown_0.002,1,19,114.0,u150,-38.725914001464844,71.490966796875,0,1038240,0.0
z500_brown_0.002,1,19,114.0,u200,-32.55198669433594,87.52941131591797,0,1038240,0.0
z500_brown_0.002,1,19,114.0,u250,-33.99000549316406,95.1890869140625,0,1038240,0.0
z500_brown_0.002,1,19,114.0,u300,-32.218631744384766,84.18639373779297,0,1038240,0.0
z500_brown_0.002,1,19,114.0,u400,-40.57794952392578,63.52684783935547,0,1038240,0.0
z500_brown_0.002,1,19,114.0,u500,-35.85298156738281,56.37360763549805,0,1038240,0.0
z500_brown_0.002,1,19,114.0,u600,-28.79874610900879,47.99062728881836,0,1038240,0.0
z500_brown_0.002,1,19,114.0,u700,-31.129154205322266,40.01737594604492,0,1038240,0.0
z500_brown_0.002,1,19,114.0,u850,-43.387020111083984,35.85186004638672,0,1038240,0.0
z500_brown_0.002,1,19,114.0,u925,-42.08220672607422,34.48715591430664,0,1038240,0.0
z500_brown_0.002,1,19,114.0,u1000,-25.767566680908203,23.485919952392578,0,1038240,0.0
z500_brown_0.002,1,19,114.0,v50,-22.673194885253906,21.68351936340332,0,1038240,0.0
z500_brown_0.002,1,19,114.0,v100,-18.868915557861328,23.51799201965332,0,1038240,0.0
z500_brown_0.002,1,19,114.0,v150,-30.597755432128906,31.812393188476562,0,1038240,0.0
z500_brown_0.002,1,19,114.0,v200,-39.77811050415039,43.250911712646484,0,1038240,0.0
z500_brown_0.002,1,19,114.0,v250,-45.950782775878906,49.84418487548828,0,1038240,0.0
z500_brown_0.002,1,19,114.0,v300,-42.86741256713867,58.416358947753906,0,1038240,0.0
z500_brown_0.002,1,19,114.0,v400,-46.208961486816406,58.98619842529297,0,1038240,0.0
z500_brown_0.002,1,19,114.0,v500,-35.36554718017578,49.79122543334961,0,1038240,0.0
z500_brown_0.002,1,19,114.0,v600,-28.475265502929688,38.282188415527344,0,1038240,0.0
z500_brown_0.002,1,19,114.0,v700,-29.5206356048584,29.262340545654297,0,1038240,0.0
z500_brown_0.002,1,19,114.0,v850,-33.82392883300781,24.4423885345459,0,1038240,0.0
z500_brown_0.002,1,19,114.0,v925,-32.005699157714844,27.1837158203125,0,1038240,0.0
z500_brown_0.002,1,19,114.0,v1000,-20.15217399597168,18.80881118774414,0,1038240,0.0
z500_brown_0.002,1,19,114.0,z50,176117.78125,208769.890625,0,1038240,0.0
z500_brown_0.002,1,19,114.0,z100,139868.09375,166482.1875,0,1038240,0.0
z500_brown_0.002,1,19,114.0,z150,116949.1484375,142310.96875,0,1038240,0.0
z500_brown_0.002,1,19,114.0,z200,99978.5703125,124035.390625,0,1038240,0.0
z500_brown_0.002,1,19,114.0,z250,86648.0859375,109131.8828125,0,1038240,0.0
z500_brown_0.002,1,19,114.0,z300,75744.6875,96475.046875,0,1038240,0.0
z500_brown_0.002,1,19,114.0,z400,58556.546875,75594.9609375,0,1038240,0.0
z500_brown_0.002,1,19,114.0,z500,44863.3046875,58599.3046875,0,1038240,0.0
z500_brown_0.002,1,19,114.0,z600,32809.62890625,44400.26171875,0,1038240,0.0
z500_brown_0.002,1,19,114.0,z700,22328.16796875,31968.634765625,0,1038240,0.0
z500_brown_0.002,1,19,114.0,z850,8646.142578125,16229.5556640625,0,1038240,0.0
z500_brown_0.002,1,19,114.0,z925,2506.43994140625,9175.5224609375,0,1038240,0.0
z500_brown_0.002,1,19,114.0,z1000,-3552.62451171875,2765.703369140625,0,1038240,0.0
z500_brown_0.002,1,19,114.0,t50,179.13894653320312,237.7687225341797,0,1038240,0.0
z500_brown_0.002,1,19,114.0,t100,186.87677001953125,240.885009765625,0,1038240,0.0
z500_brown_0.002,1,19,114.0,t150,193.2937469482422,245.26925659179688,0,1038240,0.0
z500_brown_0.002,1,19,114.0,t200,195.23680114746094,243.9709930419922,0,1038240,0.0
z500_brown_0.002,1,19,114.0,t250,198.66775512695312,245.07000732421875,0,1038240,0.0
z500_brown_0.002,1,19,114.0,t300,201.79769897460938,250.75137329101562,0,1038240,0.0
z500_brown_0.002,1,19,114.0,t400,210.50357055664062,264.75543212890625,0,1038240,0.0
z500_brown_0.002,1,19,114.0,t500,216.51251220703125,276.3587341308594,0,1038240,0.0
z500_brown_0.002,1,19,114.0,t600,205.12655639648438,287.3072814941406,0,1038240,0.0
z500_brown_0.002,1,19,114.0,t700,213.87936401367188,295.80963134765625,0,1038240,0.0
z500_brown_0.002,1,19,114.0,t850,223.188232421875,309.1645202636719,0,1038240,0.0
z500_brown_0.002,1,19,114.0,t925,227.23489379882812,315.2795104980469,0,1038240,0.0
z500_brown_0.002,1,19,114.0,t1000,230.50535583496094,320.75018310546875,0,1038240,0.0
z500_brown_0.002,1,19,114.0,q50,7.01088765708846e-07,2.1256139461911516e-06,0,1038240,0.0
z500_brown_0.002,1,19,114.0,q100,9.931396789397695e-07,4.627046564564807e-06,0,1038240,0.0
z500_brown_0.002,1,19,114.0,q150,2.7202531782677397e-07,4.099698344361968e-05,0,1038240,0.0
z500_brown_0.002,1,19,114.0,q200,-1.1810096111730672e-05,0.00022039233590476215,11391,1038240,0.010971451687471104
z500_brown_0.002,1,19,114.0,q250,-1.5050278307171538e-05,0.0007093620952218771,23512,1038240,0.022646016335336725
z500_brown_0.002,1,19,114.0,q300,-3.286376886535436e-05,0.001646899152547121,25415,1038240,0.024478925874556943
z500_brown_0.002,1,19,114.0,q400,-6.174403824843466e-05,0.004423409700393677,32665,1038240,0.03146189705655725
z500_brown_0.002,1,19,114.0,q500,-8.234410779550672e-05,0.00767455343157053,9718,1038240,0.009360070889197103
z500_brown_0.002,1,19,114.0,q600,-0.00027151009999215603,0.010138486512005329,13187,1038240,0.012701302203729389
z500_brown_0.002,1,19,114.0,q700,-0.00045619928278028965,0.013130424544215202,34774,1038240,0.03349321929419017
z500_brown_0.002,1,19,114.0,q850,-0.000561088789254427,0.019964877516031265,46419,1038240,0.044709315765141006
z500_brown_0.002,1,19,114.0,q925,-0.00059543177485466,0.02091517485678196,58407,1038240,0.05625577901063338
z500_brown_0.002,1,19,114.0,q1000,-0.0006459313444793224,0.025266898795962334,47479,1038240,0.0457302743103714
z500_brown_0.002,1,20,120.0,u10m,-24.87247657775879,27.097963333129883,0,1038240,0.0
z500_brown_0.002,1,20,120.0,v10m,-19.193241119384766,18.353490829467773,0,1038240,0.0
z500_brown_0.002,1,20,120.0,u100m,-32.14931869506836,35.67866134643555,0,1038240,0.0
z500_brown_0.002,1,20,120.0,v100m,-25.017866134643555,25.041034698486328,0,1038240,0.0
z500_brown_0.002,1,20,120.0,t2m,197.46617126464844,318.8581237792969,0,1038240,0.0
z500_brown_0.002,1,20,120.0,sp,48861.30078125,103386.8359375,0,1038240,0.0
z500_brown_0.002,1,20,120.0,msl,94791.21875,103346.40625,0,1038240,0.0
z500_brown_0.002,1,20,120.0,tcwv,-2.5867919921875,77.0696029663086,45816,1038240,0.044128525196486364
z500_brown_0.002,1,20,120.0,u50,-30.258808135986328,72.24530792236328,0,1038240,0.0
z500_brown_0.002,1,20,120.0,u100,-33.83085250854492,62.134765625,0,1038240,0.0
z500_brown_0.002,1,20,120.0,u150,-38.845787048339844,70.37508392333984,0,1038240,0.0
z500_brown_0.002,1,20,120.0,u200,-32.120147705078125,87.91825103759766,0,1038240,0.0
z500_brown_0.002,1,20,120.0,u250,-31.63701629638672,92.33297729492188,0,1038240,0.0
z500_brown_0.002,1,20,120.0,u300,-31.438518524169922,84.74283599853516,0,1038240,0.0
z500_brown_0.002,1,20,120.0,u400,-42.38850402832031,63.78767395019531,0,1038240,0.0
z500_brown_0.002,1,20,120.0,u500,-36.63181686401367,58.18014907836914,0,1038240,0.0
z500_brown_0.002,1,20,120.0,u600,-27.85965919494629,49.57625198364258,0,1038240,0.0
z500_brown_0.002,1,20,120.0,u700,-30.508651733398438,43.953880310058594,0,1038240,0.0
z500_brown_0.002,1,20,120.0,u850,-41.93074035644531,42.90319061279297,0,1038240,0.0
z500_brown_0.002,1,20,120.0,u925,-39.25714111328125,41.44867706298828,0,1038240,0.0
z500_brown_0.002,1,20,120.0,u1000,-24.734617233276367,27.433135986328125,0,1038240,0.0
z500_brown_0.002,1,20,120.0,v50,-23.661968231201172,21.74260139465332,0,1038240,0.0
z500_brown_0.002,1,20,120.0,v100,-18.57013702392578,22.355911254882812,0,1038240,0.0
z500_brown_0.002,1,20,120.0,v150,-27.252513885498047,31.972068786621094,0,1038240,0.0
z500_brown_0.002,1,20,120.0,v200,-42.48817825317383,41.70277404785156,0,1038240,0.0
z500_brown_0.002,1,20,120.0,v250,-50.981143951416016,45.21162414550781,0,1038240,0.0
z500_brown_0.002,1,20,120.0,v300,-44.588680267333984,54.39517593383789,0,1038240,0.0
z500_brown_0.002,1,20,120.0,v400,-46.044898986816406,56.32566452026367,0,1038240,0.0
z500_brown_0.002,1,20,120.0,v500,-37.91150665283203,48.12579345703125,0,1038240,0.0
z500_brown_0.002,1,20,120.0,v600,-30.34711456298828,37.71246337890625,0,1038240,0.0
z500_brown_0.002,1,20,120.0,v700,-28.382017135620117,27.877763748168945,0,1038240,0.0
z500_brown_0.002,1,20,120.0,v850,-34.8095703125,27.51739501953125,0,1038240,0.0
z500_brown_0.002,1,20,120.0,v925,-32.65161895751953,27.834877014160156,0,1038240,0.0
z500_brown_0.002,1,20,120.0,v1000,-20.25838851928711,19.350719451904297,0,1038240,0.0
z500_brown_0.002,1,20,120.0,z50,175950.625,208725.875,0,1038240,0.0
z500_brown_0.002,1,20,120.0,z100,139787.0,166308.609375,0,1038240,0.0
z500_brown_0.002,1,20,120.0,z150,116838.4609375,142116.328125,0,1038240,0.0
z500_brown_0.002,1,20,120.0,z200,99818.3203125,123836.2734375,0,1038240,0.0
z500_brown_0.002,1,20,120.0,z250,86461.1171875,109014.078125,0,1038240,0.0
z500_brown_0.002,1,20,120.0,z300,75547.96875,96447.3359375,0,1038240,0.0
z500_brown_0.002,1,20,120.0,z400,58379.5078125,75497.7890625,0,1038240,0.0
z500_brown_0.002,1,20,120.0,z500,44782.1171875,58644.06640625,0,1038240,0.0
z500_brown_0.002,1,20,120.0,z600,33066.56640625,44505.421875,0,1038240,0.0
z500_brown_0.002,1,20,120.0,z700,22712.810546875,32017.201171875,0,1038240,0.0
z500_brown_0.002,1,20,120.0,z850,8346.533203125,16190.0966796875,0,1038240,0.0
z500_brown_0.002,1,20,120.0,z925,1853.837890625,9122.88671875,0,1038240,0.0
z500_brown_0.002,1,20,120.0,z1000,-4231.48828125,2714.270263671875,0,1038240,0.0
z500_brown_0.002,1,20,120.0,t50,178.96902465820312,237.81922912597656,0,1038240,0.0
z500_brown_0.002,1,20,120.0,t100,188.16354370117188,241.25540161132812,0,1038240,0.0
z500_brown_0.002,1,20,120.0,t150,193.5920867919922,245.2436981201172,0,1038240,0.0
z500_brown_0.002,1,20,120.0,t200,195.48239135742188,243.65945434570312,0,1038240,0.0
z500_brown_0.002,1,20,120.0,t250,199.18740844726562,245.3120880126953,0,1038240,0.0
z500_brown_0.002,1,20,120.0,t300,202.35340881347656,250.5161895751953,0,1038240,0.0
z500_brown_0.002,1,20,120.0,t400,209.75596618652344,264.3953857421875,0,1038240,0.0
z500_brown_0.002,1,20,120.0,t500,215.79171752929688,275.152587890625,0,1038240,0.0
z500_brown_0.002,1,20,120.0,t600,206.00038146972656,283.61297607421875,0,1038240,0.0
z500_brown_0.002,1,20,120.0,t700,213.1407470703125,294.01190185546875,0,1038240,0.0
z500_brown_0.002,1,20,120.0,t850,222.38758850097656,309.5516357421875,0,1038240,0.0
z500_brown_0.002,1,20,120.0,t925,226.58221435546875,315.0162353515625,0,1038240,0.0
z500_brown_0.002,1,20,120.0,t1000,229.92471313476562,319.73583984375,0,1038240,0.0
z500_brown_0.002,1,20,120.0,q50,7.392311545117991e-07,2.1422983991215006e-06,0,1038240,0.0
z500_brown_0.002,1,20,120.0,q100,1.0000585461966693e-06,4.682706276071258e-06,0,1038240,0.0
z500_brown_0.002,1,20,120.0,q150,2.335805220354814e-07,3.465090412646532e-05,0,1038240,0.0
z500_brown_0.002,1,20,120.0,q200,-1.1981968782492913e-05,0.00019739384879358113,12496,1038240,0.012035752812451842
z500_brown_0.002,1,20,120.0,q250,-1.5515306586166844e-05,0.0006783428252674639,24541,1038240,0.02363711665896132
z500_brown_0.002,1,20,120.0,q300,-3.512256080284715e-05,0.0015857924008741975,24340,1038240,0.023443519802743104
z500_brown_0.002,1,20,120.0,q400,-5.1370501751080155e-05,0.004189609084278345,30277,1038240,0.029161850824472185
z500_brown_0.002,1,20,120.0,q500,-0.00010411336552351713,0.007358466275036335,12300,1038240,0.01184697179842811
z500_brown_0.002,1,20,120.0,q600,-0.00028140691574662924,0.009970279410481453,15569,1038240,0.014995569425181076
z500_brown_0.002,1,20,120.0,q700,-0.0004113058093935251,0.013156216591596603,34079,1038240,0.03282381722915703
z500_brown_0.002,1,20,120.0,q850,-0.0005385302938520908,0.019105035811662674,50897,1038240,0.04902238403451996
z500_brown_0.002,1,20,120.0,q925,-0.0006448742933571339,0.020716486498713493,56268,1038240,0.054195561719833564
z500_brown_0.002,1,20,120.0,q1000,-0.0006319768726825714,0.025187760591506958,47650,1038240,0.04589497611342271
z500_brown_0.002,2,0,0.0,u10m,-29.98059844970703,25.07940101623535,0,1038240,0.0
z500_brown_0.002,2,0,0.0,v10m,-27.66229820251465,25.987703323364258,0,1038240,0.0
z500_brown_0.002,2,0,0.0,u100m,-38.64726257324219,30.782737731933594,0,1038240,0.0
z500_brown_0.002,2,0,0.0,v100m,-33.108516693115234,32.41148376464844,0,1038240,0.0
z500_brown_0.002,2,0,0.0,t2m,203.00914001464844,317.2091369628906,0,1038240,0.0
z500_brown_0.002,2,0,0.0,sp,49593.44921875,104524.6484375,0,1038240,0.0
z500_brown_0.002,2,0,0.0,msl,93167.375,107762.9765625,0,1038240,0.0
z500_brown_0.002,2,0,0.0,tcwv,0.033688269555568695,80.67048645019531,0,1038240,0.0
z500_brown_0.002,2,0,0.0,u50,-32.53466796875,69.6953353881836,0,1038240,0.0
z500_brown_0.002,2,0,0.0,u100,-42.44437026977539,63.615631103515625,0,1038240,0.0
z500_brown_0.002,2,0,0.0,u150,-43.69473648071289,76.46526336669922,0,1038240,0.0
z500_brown_0.002,2,0,0.0,u200,-44.91203308105469,103.88796997070312,0,1038240,0.0
z500_brown_0.002,2,0,0.0,u250,-45.851261138916016,105.44873809814453,0,1038240,0.0
z500_brown_0.002,2,0,0.0,u300,-36.28936004638672,102.41063690185547,0,1038240,0.0
z500_brown_0.002,2,0,0.0,u400,-35.72868347167969,71.8713150024414,0,1038240,0.0
z500_brown_0.002,2,0,0.0,u500,-39.31422805786133,50.18577194213867,0,1038240,0.0
z500_brown_0.002,2,0,0.0,u600,-45.0154914855957,45.66450500488281,0,1038240,0.0
z500_brown_0.002,2,0,0.0,u700,-47.08867263793945,41.111328125,0,1038240,0.0
z500_brown_0.002,2,0,0.0,u850,-52.83549880981445,36.304500579833984,0,1038240,0.0
z500_brown_0.002,2,0,0.0,u925,-42.309513092041016,34.310489654541016,0,1038240,0.0
z500_brown_0.002,2,0,0.0,u1000,-29.00948715209961,24.660512924194336,0,1038240,0.0
z500_brown_0.002,2,0,0.0,v50,-28.3104305267334,37.03956985473633,0,1038240,0.0
z500_brown_0.002,2,0,0.0,v100,-31.289772033691406,41.980228424072266,0,1038240,0.0
z500_brown_0.002,2,0,0.0,v150,-39.73875427246094,46.22124481201172,0,1038240,0.0
z500_brown_0.002,2,0,0.0,v200,-56.7220573425293,65.07794189453125,0,1038240,0.0
z500_brown_0.002,2,0,0.0,v250,-63.08574295043945,62.81425857543945,0,1038240,0.0
z500_brown_0.002,2,0,0.0,v300,-54.844512939453125,65.45549011230469,0,1038240,0.0
z500_brown_0.002,2,0,0.0,v400,-59.89063262939453,63.009368896484375,0,1038240,0.0
z500_brown_0.002,2,0,0.0,v500,-50.19239807128906,56.80760192871094,0,1038240,0.0
z500_brown_0.002,2,0,0.0,v600,-45.045677185058594,40.0643196105957,0,1038240,0.0
z500_brown_0.002,2,0,0.0,v700,-36.78691101074219,42.36308670043945,0,1038240,0.0
z500_brown_0.002,2,0,0.0,v850,-42.88942337036133,34.960575103759766,0,1038240,0.0
z500_brown_0.002,2,0,0.0,v925,-37.343692779541016,37.056304931640625,0,1038240,0.0
z500_brown_0.002,2,0,0.0,v1000,-26.340137481689453,25.029863357543945,0,1038240,0.0
z500_brown_0.002,2,0,0.0,z50,178325.890625,207936.40625,0,1038240,0.0
z500_brown_0.002,2,0,0.0,z100,140693.140625,165755.734375,0,1038240,0.0
z500_brown_0.002,2,0,0.0,z150,117632.0390625,141996.15625,0,1038240,0.0
z500_brown_0.002,2,0,0.0,z200,100768.7421875,123884.2421875,0,1038240,0.0
z500_brown_0.002,2,0,0.0,z250,87459.671875,109026.765625,0,1038240,0.0
z500_brown_0.002,2,0,0.0,z300,76372.9453125,96320.9921875,0,1038240,0.0
z500_brown_0.002,2,0,0.0,z400,58395.84765625,75588.4609375,0,1038240,0.0
z500_brown_0.002,2,0,0.0,z500,43960.19921875,58906.2109375,0,1038240,0.0
z500_brown_0.002,2,0,0.0,z600,31816.14453125,44789.28125,0,1038240,0.0
z500_brown_0.002,2,0,0.0,z700,21340.9609375,32460.98828125,0,1038240,0.0
z500_brown_0.002,2,0,0.0,z850,7071.60302734375,16482.923828125,0,1038240,0.0
z500_brown_0.002,2,0,0.0,z925,558.6236572265625,9957.2314453125,0,1038240,0.0
z500_brown_0.002,2,0,0.0,z1000,-5507.95556640625,4905.5556640625,0,1038240,0.0
z500_brown_0.002,2,0,0.0,t50,176.96493530273438,233.25494384765625,0,1038240,0.0
z500_brown_0.002,2,0,0.0,t100,185.84442138671875,235.84442138671875,0,1038240,0.0
z500_brown_0.002,2,0,0.0,t150,187.8889617919922,238.91896057128906,0,1038240,0.0
z500_brown_0.002,2,0,0.0,t200,190.15658569335938,241.17657470703125,0,1038240,0.0
z500_brown_0.002,2,0,0.0,t250,199.0135498046875,243.6435546875,0,1038240,0.0
z500_brown_0.002,2,0,0.0,t300,204.70855712890625,251.70855712890625,0,1038240,0.0
z500_brown_0.002,2,0,0.0,t400,216.0428466796875,266.5628662109375,0,1038240,0.0
z500_brown_0.002,2,0,0.0,t500,224.4999542236328,276.89996337890625,0,1038240,0.0
z500_brown_0.002,2,0,0.0,t600,204.55136108398438,287.2413635253906,0,1038240,0.0
z500_brown_0.002,2,0,0.0,t700,208.45738220214844,296.9873962402344,0,1038240,0.0
z500_brown_0.002,2,0,0.0,t850,216.30093383789062,309.6709289550781,0,1038240,0.0
z500_brown_0.002,2,0,0.0,t925,219.8119354248047,315.3219299316406,0,1038240,0.0
z500_brown_0.002,2,0,0.0,t1000,223.1019287109375,319.7119445800781,0,1038240,0.0
z500_brown_0.002,2,0,0.0,q50,9.999999717180685e-10,1.9450640138529707e-06,0,1038240,0.0
z500_brown_0.002,2,0,0.0,q100,1.000000082740371e-09,9.873159797280096e-06,0,1038240,0.0
z500_brown_0.002,2,0,0.0,q150,1.0000005268295808e-09,4.6891240344848484e-05,0,1038240,0.0
z500_brown_0.002,2,0,0.0,q200,9.999985284281365e-10,0.0002307913964614272,0,1038240,0.0
z500_brown_0.002,2,0,0.0,q250,1.000000304784976e-09,0.0007995401974767447,0,1038240,0.0
z500_brown_0.002,2,0,0.0,q300,9.999980843389267e-10,0.0018608650425449014,0,1038240,0.0
z500_brown_0.002,2,0,0.0,q400,9.999975292274144e-10,0.004661120939999819,0,1038240,0.0
z500_brown_0.002,2,0,0.0,q500,9.999941985583405e-10,0.007641600910574198,0,1038240,0.0
z500_brown_0.002,2,0,0.0,q600,1.0000007488741858e-09,0.012534401379525661,0,1038240,0.0
z500_brown_0.002,2,0,0.0,q700,9.999989725173464e-10,0.018419841304421425,0,1038240,0.0
z500_brown_0.002,2,0,0.0,q850,1.635912212805124e-06,0.028813155367970467,0,1038240,0.0
z500_brown_0.002,2,0,0.0,q925,4.967510903952643e-06,0.03459184616804123,0,1038240,0.0
z500_brown_0.002,2,0,0.0,q1000,6.670324182778131e-06,0.04069339111447334,0,1038240,0.0
z500_brown_0.002,2,1,6.0,u10m,-28.264789581298828,24.723546981811523,0,1038240,0.0
z500_brown_0.002,2,1,6.0,v10m,-18.359424591064453,25.406383514404297,0,1038240,0.0
z500_brown_0.002,2,1,6.0,u100m,-36.92301940917969,30.877511978149414,0,1038240,0.0
z500_brown_0.002,2,1,6.0,v100m,-24.580270767211914,33.97373580932617,0,1038240,0.0
z500_brown_0.002,2,1,6.0,t2m,201.15789794921875,315.7695007324219,0,1038240,0.0
z500_brown_0.002,2,1,6.0,sp,49428.99609375,104052.4765625,0,1038240,0.0
z500_brown_0.002,2,1,6.0,msl,93364.234375,106023.203125,0,1038240,0.0
z500_brown_0.002,2,1,6.0,tcwv,-5.555669784545898,79.01097106933594,71864,1038240,0.06921713669286485
z500_brown_0.002,2,1,6.0,u50,-30.96966552734375,73.89041900634766,0,1038240,0.0
z500_brown_0.002,2,1,6.0,u100,-39.62442398071289,61.73748016357422,0,1038240,0.0
z500_brown_0.002,2,1,6.0,u150,-36.36412048339844,73.7978286743164,0,1038240,0.0
z500_brown_0.002,2,1,6.0,u200,-44.38450622558594,94.17018127441406,0,1038240,0.0
z500_brown_0.002,2,1,6.0,u250,-40.24215316772461,107.09310913085938,0,1038240,0.0
z500_brown_0.002,2,1,6.0,u300,-36.586631774902344,100.945068359375,0,1038240,0.0
z500_brown_0.002,2,1,6.0,u400,-38.09772491455078,69.0220718383789,0,1038240,0.0
z500_brown_0.002,2,1,6.0,u500,-33.684810638427734,54.11094284057617,0,1038240,0.0
z500_brown_0.002,2,1,6.0,u600,-39.601043701171875,43.45474624633789,0,1038240,0.0
z500_brown_0.002,2,1,6.0,u700,-40.222625732421875,37.83445739746094,0,1038240,0.0
z500_brown_0.002,2,1,6.0,u850,-46.757572174072266,36.943992614746094,0,1038240,0.0
z500_brown_0.002,2,1,6.0,u925,-43.32675552368164,33.70596694946289,0,1038240,0.0
z500_brown_0.002,2,1,6.0,u1000,-27.007184982299805,23.935970306396484,0,1038240,0.0
z500_brown_0.002,2,1,6.0,v50,-23.668460845947266,30.964984893798828,0,1038240,0.0
z500_brown_0.002,2,1,6.0,v100,-30.246366500854492,37.04612731933594,0,1038240,0.0
z500_brown_0.002,2,1,6.0,v150,-32.54908752441406,41.010311126708984,0,1038240,0.0
z500_brown_0.002,2,1,6.0,v200,-45.72134017944336,53.77459716796875,0,1038240,0.0
z500_brown_0.002,2,1,6.0,v250,-55.89973068237305,62.81150817871094,0,1038240,0.0
z500_brown_0.002,2,1,6.0,v300,-48.553810119628906,65.56245422363281,0,1038240,0.0
z500_brown_0.002,2,1,6.0,v400,-49.681053161621094,62.949119567871094,0,1038240,0.0
z500_brown_0.002,2,1,6.0,v500,-45.131980895996094,49.740447998046875,0,1038240,0.0
z500_brown_0.002,2,1,6.0,v600,-35.04305648803711,35.92301559448242,0,1038240,0.0
z500_brown_0.002,2,1,6.0,v700,-30.094669342041016,34.23273468017578,0,1038240,0.0
z500_brown_0.002,2,1,6.0,v850,-34.278472900390625,36.74809265136719,0,1038240,0.0
z500_brown_0.002,2,1,6.0,v925,-34.367454528808594,32.51027297973633,0,1038240,0.0
z500_brown_0.002,2,1,6.0,v1000,-21.308767318725586,25.752290725708008,0,1038240,0.0
z500_brown_0.002,2,1,6.0,z50,178381.796875,207984.65625,0,1038240,0.0
z500_brown_0.002,2,1,6.0,z100,140676.71875,165754.4375,0,1038240,0.0
z500_brown_0.002,2,1,6.0,z150,117539.25,142023.84375,0,1038240,0.0
z500_brown_0.002,2,1,6.0,z200,100704.0234375,123901.78125,0,1038240,0.0
z500_brown_0.002,2,1,6.0,z250,87384.0625,109060.4375,0,1038240,0.0
z500_brown_0.002,2,1,6.0,z300,76289.8046875,96386.859375,0,1038240,0.0
z500_brown_0.002,2,1,6.0,z400,58355.8046875,75594.046875,0,1038240,0.0
z500_brown_0.002,2,1,6.0,z500,43971.89453125,58831.2734375,0,1038240,0.0
z500_brown_0.002,2,1,6.0,z600,31867.5703125,44734.79296875,0,1038240,0.0
z500_brown_0.002,2,1,6.0,z700,21433.26171875,32360.06640625,0,1038240,0.0
z500_brown_0.002,2,1,6.0,z850,7203.1005859375,16416.583984375,0,1038240,0.0
z500_brown_0.002,2,1,6.0,z925,738.51513671875,9321.8671875,0,1038240,0.0
z500_brown_0.002,2,1,6.0,z1000,-5302.3603515625,3650.58056640625,0,1038240,0.0
z500_brown_0.002,2,1,6.0,t50,179.82733154296875,233.66880798339844,0,1038240,0.0
z500_brown_0.002,2,1,6.0,t100,186.5121612548828,235.4414520263672,0,1038240,0.0
z500_brown_0.002,2,1,6.0,t150,188.92288208007812,238.73660278320312,0,1038240,0.0
z500_brown_0.002,2,1,6.0,t200,191.56414794921875,241.3572540283203,0,1038240,0.0
z500_brown_0.002,2,1,6.0,t250,199.23101806640625,243.13812255859375,0,1038240,0.0
z500_brown_0.002,2,1,6.0,t300,205.0386962890625,251.13731384277344,0,1038240,0.0
z500_brown_0.002,2,1,6.0,t400,215.11083984375,264.9399108886719,0,1038240,0.0
z500_brown_0.002,2,1,6.0,t500,224.71006774902344,276.8801574707031,0,1038240,0.0
z500_brown_0.002,2,1,6.0,t600,214.5124053955078,289.6767272949219,0,1038240,0.0
z500_brown_0.002,2,1,6.0,t700,210.12179565429688,299.99810791015625,0,1038240,0.0
z500_brown_0.002,2,1,6.0,t850,217.85272216796875,312.0171813964844,0,1038240,0.0
z500_brown_0.002,2,1,6.0,t925,222.42425537109375,317.1961669921875,0,1038240,0.0
z500_brown_0.002,2,1,6.0,t1000,225.7431182861328,322.22357177734375,0,1038240,0.0
z500_brown_0.002,2,1,6.0,q50,4.0249460653285496e-08,1.9511787741066655e-06,0,1038240,0.0
z500_brown_0.002,2,1,6.0,q100,1.080486526916502e-07,9.331002729595639e-06,0,1038240,0.0
z500_brown_0.002,2,1,6.0,q150,6.547270459122956e-08,3.423149973968975e-05,0,1038240,0.0
z500_brown_0.002,2,1,6.0,q200,-2.2690383048029616e-06,0.0002104350132867694,7439,1038240,0.007165010016951765
z500_brown_0.002,2,1,6.0,q250,-1.4095636288402602e-05,0.0006913221441209316,33317,1038240,0.03208988287871783
z500_brown_0.002,2,1,6.0,q300,-2.6104768039658666e-05,0.0016051639104261994,11175,1038240,0.01076340730466944
z500_brown_0.002,2,1,6.0,q400,-0.0001136678911279887,0.0044697122648358345,30136,1038240,0.029026044074587764
z500_brown_0.002,2,1,6.0,q500,-0.00016489473637193441,0.007305566221475601,8699,1038240,0.008378602249961474
z500_brown_0.002,2,1,6.0,q600,-0.00023615697864443064,0.00999417994171381,10795,1038240,0.010397403297888734
z500_brown_0.002,2,1,6.0,q700,-0.0006409387569874525,0.013609131798148155,28074,1038240,0.027039990753582988
z500_brown_0.002,2,1,6.0,q850,-0.0009658290073275566,0.018230896443128586,63983,1038240,0.06162640622592079
z500_brown_0.002,2,1,6.0,q925,-0.0016246624290943146,0.020310936495661736,67702,1038240,0.06520842965017723
z500_brown_0.002,2,1,6.0,q1000,-0.0016580414958298206,0.024264544248580933,68413,1038240,0.0658932424102327
z500_brown_0.002,2,2,12.0,u10m,-24.630680084228516,22.68560028076172,0,1038240,0.0
z500_brown_0.002,2,2,12.0,v10m,-19.051931381225586,27.266883850097656,0,1038240,0.0
z500_brown_0.002,2,2,12.0,u100m,-32.45585250854492,28.44392204284668,0,1038240,0.0
z500_brown_0.002,2,2,12.0,v100m,-25.74251365661621,36.31269836425781,0,1038240,0.0
z500_brown_0.002,2,2,12.0,t2m,205.36572265625,321.9437255859375,0,1038240,0.0
z500_brown_0.002,2,2,12.0,sp,49203.58984375,103867.1484375,0,1038240,0.0
z500_brown_0.002,2,2,12.0,msl,93641.53125,104244.859375,0,1038240,0.0
z500_brown_0.002,2,2,12.0,tcwv,-5.958171844482422,77.53340148925781,73562,1038240,0.07085259670211126
z500_brown_0.002,2,2,12.0,u50,-29.66844940185547,75.33414459228516,0,1038240,0.0
z500_brown_0.002,2,2,12.0,u100,-39.38786697387695,64.45304870605469,0,1038240,0.0
z500_brown_0.002,2,2,12.0,u150,-34.27076721191406,72.14400482177734,0,1038240,0.0
z500_brown_0.002,2,2,12.0,u200,-44.21342468261719,89.09764099121094,0,1038240,0.0
z500_brown_0.002,2,2,12.0,u250,-40.32710266113281,100.97062683105469,0,1038240,0.0
z500_brown_0.002,2,2,12.0,u300,-40.8803825378418,91.81279754638672,0,1038240,0.0
z500_brown_0.002,2,2,12.0,u400,-41.269065856933594,71.67483520507812,0,1038240,0.0
z500_brown_0.002,2,2,12.0,u500,-36.53011703491211,56.85471725463867,0,1038240,0.0
z500_brown_0.002,2,2,12.0,u600,-36.75299835205078,43.26029968261719,0,1038240,0.0
z500_brown_0.002,2,2,12.0,u700,-38.507301330566406,39.225303649902344,0,1038240,0.0
z500_brown_0.002,2,2,12.0,u850,-42.92985534667969,37.091339111328125,0,1038240,0.0
z500_brown_0.002,2,2,12.0,u925,-41.21430206298828,34.49094772338867,0,1038240,0.0
z500_brown_0.002,2,2,12.0,u1000,-24.15263557434082,22.380434036254883,0,1038240,0.0
z500_brown_0.002,2,2,12.0,v50,-24.862184524536133,30.862159729003906,0,1038240,0.0
z500_brown_0.002,2,2,12.0,v100,-28.4969539642334,35.0069580078125,0,1038240,0.0
z500_brown_0.002,2,2,12.0,v150,-32.547332763671875,38.25318145751953,0,1038240,0.0
z500_brown_0.002,2,2,12.0,v200,-46.48870849609375,51.4165153503418,0,1038240,0.0
z500_brown_0.002,2,2,12.0,v250,-54.86252975463867,55.03178405761719,0,1038240,0.0
z500_brown_0.002,2,2,12.0,v300,-51.7911491394043,62.73407745361328,0,1038240,0.0
z500_brown_0.002,2,2,12.0,v400,-47.9991340637207,57.51963424682617,0,1038240,0.0
z500_brown_0.002,2,2,12.0,v500,-43.173736572265625,46.25247573852539,0,1038240,0.0
z500_brown_0.002,2,2,12.0,v600,-33.283573150634766,36.83211135864258,0,1038240,0.0
z500_brown_0.002,2,2,12.0,v700,-27.738079071044922,34.42607116699219,0,1038240,0.0
z500_brown_0.002,2,2,12.0,v850,-36.85231399536133,38.82769775390625,0,1038240,0.0
z500_brown_0.002,2,2,12.0,v925,-32.12415313720703,36.6866455078125,0,1038240,0.0
z500_brown_0.002,2,2,12.0,v1000,-19.772077560424805,28.068479537963867,0,1038240,0.0
z500_brown_0.002,2,2,12.0,z50,178425.34375,208132.09375,0,1038240,0.0
z500_brown_0.002,2,2,12.0,z100,140602.8125,165767.515625,0,1038240,0.0
z500_brown_0.002,2,2,12.0,z150,117500.9609375,142045.375,0,1038240,0.0
z500_brown_0.002,2,2,12.0,z200,100662.546875,123890.546875,0,1038240,0.0
z500_brown_0.002,2,2,12.0,z250,87342.078125,109062.828125,0,1038240,0.0
z500_brown_0.002,2,2,12.0,z300,76238.546875,96355.5703125,0,1038240,0.0
z500_brown_0.002,2,2,12.0,z400,58364.76171875,75480.84375,0,1038240,0.0
z500_brown_0.002,2,2,12.0,z500,44088.3359375,58903.28125,0,1038240,0.0
z500_brown_0.002,2,2,12.0,z600,31994.91015625,44795.94921875,0,1038240,0.0
z500_brown_0.002,2,2,12.0,z700,21556.265625,32431.095703125,0,1038240,0.0
z500_brown_0.002,2,2,12.0,z850,7361.1904296875,16491.783203125,0,1038240,0.0
z500_brown_0.002,2,2,12.0,z925,968.6884765625,9398.2373046875,0,1038240,0.0
z500_brown_0.002,2,2,12.0,z1000,-5072.17724609375,3096.82763671875,0,1038240,0.0
z500_brown_0.002,2,2,12.0,t50,180.7334747314453,234.05886840820312,0,1038240,0.0
z500_brown_0.002,2,2,12.0,t100,186.3521270751953,235.46621704101562,0,1038240,0.0
z500_brown_0.002,2,2,12.0,t150,188.22109985351562,238.62319946289062,0,1038240,0.0
z500_brown_0.002,2,2,12.0,t200,191.93679809570312,241.4845428466797,0,1038240,0.0
z500_brown_0.002,2,2,12.0,t250,199.11827087402344,242.94601440429688,0,1038240,0.0
z500_brown_0.002,2,2,12.0,t300,204.82345581054688,251.21458435058594,0,1038240,0.0
z500_brown_0.002,2,2,12.0,t400,214.7159423828125,265.0163269042969,0,1038240,0.0
z500_brown_0.002,2,2,12.0,t500,223.65386962890625,276.4606018066406,0,1038240,0.0
z500_brown_0.002,2,2,12.0,t600,217.6862030029297,290.3304748535156,0,1038240,0.0
z500_brown_0.002,2,2,12.0,t700,214.6459197998047,302.1914367675781,0,1038240,0.0
z500_brown_0.002,2,2,12.0,t850,222.51327514648438,314.0817565917969,0,1038240,0.0
z500_brown_0.002,2,2,12.0,t925,226.85792541503906,319.7771301269531,0,1038240,0.0
z500_brown_0.002,2,2,12.0,t1000,230.63888549804688,324.86322021484375,0,1038240,0.0
z500_brown_0.002,2,2,12.0,q50,8.486472324875649e-08,1.9592753233155236e-06,0,1038240,0.0
z500_brown_0.002,2,2,12.0,q100,2.6682891984819435e-07,8.746063940634485e-06,0,1038240,0.0
z500_brown_0.002,2,2,12.0,q150,3.7357176552177407e-07,3.524344356264919e-05,0,1038240,0.0
z500_brown_0.002,2,2,12.0,q200,-2.75819911621511e-06,0.00020802897051908076,9621,1038240,0.009266643550624133
z500_brown_0.002,2,2,12.0,q250,-9.883358870865777e-06,0.0007060041534714401,38358,1038240,0.03694521497919556
z500_brown_0.002,2,2,12.0,q300,-1.2269854778423905e-05,0.001533973729237914,19224,1038240,0.018515950069348128
z500_brown_0.002,2,2,12.0,q400,-7.473793812096119e-05,0.0041476706974208355,48377,1038240,0.04659519956850054
z500_brown_0.002,2,2,12.0,q500,-0.00011163135059177876,0.006990025285631418,25544,1038240,0.024603174603174603
z500_brown_0.002,2,2,12.0,q600,-0.0002306862734258175,0.010144270956516266,20398,1038240,0.01964670981661273
z500_brown_0.002,2,2,12.0,q700,-0.0006541619077324867,0.013357801362872124,54597,1038240,0.052586107258437355
z500_brown_0.002,2,2,12.0,q850,-0.0012462898157536983,0.017896218225359917,70565,1038240,0.06796598089073817
z500_brown_0.002,2,2,12.0,q925,-0.001520699355751276,0.020127061754465103,73378,1038240,0.0706753737093543
z500_brown_0.002,2,2,12.0,q1000,-0.0017799199558794498,0.02521684020757675,73089,1038240,0.07039701803051318
z500_brown_0.002,2,3,18.0,u10m,-22.76148796081543,20.842647552490234,0,1038240,0.0
z500_brown_0.002,2,3,18.0,v10m,-19.83795738220215,26.7818546295166,0,1038240,0.0
z500_brown_0.002,2,3,18.0,u100m,-29.59097671508789,25.752044677734375,0,1038240,0.0
z500_brown_0.002,2,3,18.0,v100m,-25.63253402709961,36.57923889160156,0,1038240,0.0
z500_brown_0.002,2,3,18.0,t2m,206.31973266601562,320.88275146484375,0,1038240,0.0
z500_brown_0.002,2,3,18.0,sp,49166.7109375,103797.5390625,0,1038240,0.0
z500_brown_0.002,2,3,18.0,msl,93884.1328125,103939.1015625,0,1038240,0.0
z500_brown_0.002,2,3,18.0,tcwv,-5.101694107055664,77.46538543701172,73592,1038240,0.07088149175527816
z500_brown_0.002,2,3,18.0,u50,-29.253128051757812,76.20526885986328,0,1038240,0.0
z500_brown_0.002,2,3,18.0,u100,-37.22890090942383,65.85516357421875,0,1038240,0.0
z500_brown_0.002,2,3,18.0,u150,-32.91606140136719,74.43084716796875,0,1038240,0.0
z500_brown_0.002,2,3,18.0,u200,-40.91703796386719,86.316650390625,0,1038240,0.0
z500_brown_0.002,2,3,18.0,u250,-37.48433303833008,101.06477355957031,0,1038240,0.0
z500_brown_0.002,2,3,18.0,u300,-39.0936164855957,97.72013092041016,0,1038240,0.0
z500_brown_0.002,2,3,18.0,u400,-37.68431091308594,71.59032440185547,0,1038240,0.0
z500_brown_0.002,2,3,18.0,u500,-34.54789733886719,58.203983306884766,0,1038240,0.0
z500_brown_0.002,2,3,18.0,u600,-32.89360809326172,45.495269775390625,0,1038240,0.0
z500_brown_0.002,2,3,18.0,u700,-34.028167724609375,39.051475524902344,0,1038240,0.0
z500_brown_0.002,2,3,18.0,u850,-36.349124908447266,35.626739501953125,0,1038240,0.0
z500_brown_0.002,2,3,18.0,u925,-36.8724365234375,32.01099395751953,0,1038240,0.0
z500_brown_0.002,2,3,18.0,u1000,-22.246559143066406,21.526596069335938,0,1038240,0.0
z500_brown_0.002,2,3,18.0,v50,-23.207595825195312,29.559480667114258,0,1038240,0.0
z500_brown_0.002,2,3,18.0,v100,-26.70743751525879,33.70313262939453,0,1038240,0.0
z500_brown_0.002,2,3,18.0,v150,-29.471744537353516,36.49441146850586,0,1038240,0.0
z500_brown_0.002,2,3,18.0,v200,-45.362911224365234,54.9576301574707,0,1038240,0.0
z500_brown_0.002,2,3,18.0,v250,-57.11153793334961,62.66218948364258,0,1038240,0.0
z500_brown_0.002,2,3,18.0,v300,-52.7688102722168,59.171592712402344,0,1038240,0.0
z500_brown_0.002,2,3,18.0,v400,-44.962547302246094,52.578857421875,0,1038240,0.0
z500_brown_0.002,2,3,18.0,v500,-42.521331787109375,43.33089065551758,0,1038240,0.0
z500_brown_0.002,2,3,18.0,v600,-33.115299224853516,36.50798416137695,0,1038240,0.0
z500_brown_0.002,2,3,18.0,v700,-27.340253829956055,34.291717529296875,0,1038240,0.0
z500_brown_0.002,2,3,18.0,v850,-32.7199821472168,37.816524505615234,0,1038240,0.0
z500_brown_0.002,2,3,18.0,v925,-31.23296356201172,37.637874603271484,0,1038240,0.0
z500_brown_0.002,2,3,18.0,v1000,-20.662857055664062,27.413362503051758,0,1038240,0.0
z500_brown_0.002,2,3,18.0,z50,178364.09375,208026.953125,0,1038240,0.0
z500_brown_0.002,2,3,18.0,z100,140506.625,165754.5625,0,1038240,0.0
z500_brown_0.002,2,3,18.0,z150,117419.75,142009.234375,0,1038240,0.0
z500_brown_0.002,2,3,18.0,z200,100616.0078125,123870.921875,0,1038240,0.0
z500_brown_0.002,2,3,18.0,z250,87318.5,109031.390625,0,1038240,0.0
z500_brown_0.002,2,3,18.0,z300,76233.15625,96388.3125,0,1038240,0.0
z500_brown_0.002,2,3,18.0,z400,58391.69140625,75615.15625,0,1038240,0.0
z500_brown_0.002,2,3,18.0,z500,44145.171875,58856.22265625,0,1038240,0.0
z500_brown_0.002,2,3,18.0,z600,32108.650390625,44696.19140625,0,1038240,0.0
z500_brown_0.002,2,3,18.0,z700,21648.361328125,32401.443359375,0,1038240,0.0
z500_brown_0.002,2,3,18.0,z850,7494.35400390625,16458.171875,0,1038240,0.0
z500_brown_0.002,2,3,18.0,z925,1167.5986328125,9417.0859375,0,1038240,0.0
z500_brown_0.002,2,3,18.0,z1000,-4778.369140625,3017.50341796875,0,1038240,0.0
z500_brown_0.002,2,3,18.0,t50,180.43899536132812,234.3579559326172,0,1038240,0.0
z500_brown_0.002,2,3,18.0,t100,186.39962768554688,235.38619995117188,0,1038240,0.0
z500_brown_0.002,2,3,18.0,t150,188.81124877929688,239.08245849609375,0,1038240,0.0
z500_brown_0.002,2,3,18.0,t200,192.63917541503906,241.79981994628906,0,1038240,0.0
z500_brown_0.002,2,3,18.0,t250,199.32638549804688,242.45994567871094,0,1038240,0.0
z500_brown_0.002,2,3,18.0,t300,204.73110961914062,250.65956115722656,0,1038240,0.0
z500_brown_0.002,2,3,18.0,t400,214.79385375976562,264.7558288574219,0,1038240,0.0
z500_brown_0.002,2,3,18.0,t500,223.28504943847656,276.78173828125,0,1038240,0.0
z500_brown_0.002,2,3,18.0,t600,216.5922088623047,288.47222900390625,0,1038240,0.0
z500_brown_0.002,2,3,18.0,t700,215.43536376953125,299.6361083984375,0,1038240,0.0
z500_brown_0.002,2,3,18.0,t850,223.75518798828125,310.32586669921875,0,1038240,0.0
z500_brown_0.002,2,3,18.0,t925,227.81283569335938,316.8270568847656,0,1038240,0.0
z500_brown_0.002,2,3,18.0,t1000,231.5018310546875,321.952392578125,0,1038240,0.0
z500_brown_0.002,2,3,18.0,q50,1.2879399946541525e-07,1.9686754058056977e-06,0,1038240,0.0
z500_brown_0.002,2,3,18.0,q100,4.012467798020225e-07,8.176461960829329e-06,0,1038240,0.0
z500_brown_0.002,2,3,18.0,q150,3.37051460519433e-07,3.679592191474512e-05,0,1038240,0.0
z500_brown_0.002,2,3,18.0,q200,-1.6823396435938776e-06,0.00021114718401804566,5690,1038240,0.0054804284173216216
z500_brown_0.002,2,3,18.0,q250,-1.5087596693774685e-05,0.0006488102371804416,34091,1038240,0.03283537525042379
z500_brown_0.002,2,3,18.0,q300,-1.5661571524105966e-05,0.0015145663637667894,28151,1038240,0.027114154723378026
z500_brown_0.002,2,3,18.0,q400,-7.636670488864183e-05,0.004054901655763388,56819,1038240,0.05472626752966559
z500_brown_0.002,2,3,18.0,q500,-0.00012232497101649642,0.006949038710445166,40874,1038240,0.039368546771459394
z500_brown_0.002,2,3,18.0,q600,-0.00031703338027000427,0.009595533832907677,35719,1038240,0.03440341346894745
z500_brown_0.002,2,3,18.0,q700,-0.0007352915126830339,0.013101594522595406,60751,1038240,0.058513445831406996
z500_brown_0.002,2,3,18.0,q850,-0.0011951122432947159,0.01803283579647541,72755,1038240,0.07007531977192172
z500_brown_0.002,2,3,18.0,q925,-0.0014863554388284683,0.019872574135661125,75192,1038240,0.07242256125751272
z500_brown_0.002,2,3,18.0,q1000,-0.0015490013174712658,0.02460125833749771,73753,1038240,0.07103656187394052
z500_brown_0.002,2,4,24.0,u10m,-20.90740203857422,25.43549919128418,0,1038240,0.0
z500_brown_0.002,2,4,24.0,v10m,-19.727914810180664,25.554733276367188,0,1038240,0.0
z500_brown_0.002,2,4,24.0,u100m,-27.956470489501953,32.54164123535156,0,1038240,0.0
z500_brown_0.002,2,4,24.0,v100m,-26.215606689453125,34.577110290527344,0,1038240,0.0
z500_brown_0.002,2,4,24.0,t2m,205.802001953125,319.51483154296875,0,1038240,0.0
z500_brown_0.002,2,4,24.0,sp,49047.328125,103875.890625,0,1038240,0.0
z500_brown_0.002,2,4,24.0,msl,93894.3125,103863.3984375,0,1038240,0.0
z500_brown_0.002,2,4,24.0,tcwv,-4.6080474853515625,75.90375518798828,72315,1038240,0.06965152565880721
z500_brown_0.002,2,4,24.0,u50,-29.70470428466797,77.58724975585938,0,1038240,0.0
z500_brown_0.002,2,4,24.0,u100,-37.59899139404297,65.90824890136719,0,1038240,0.0
z500_brown_0.002,2,4,24.0,u150,-31.608041763305664,73.6298828125,0,1038240,0.0
z500_brown_0.002,2,4,24.0,u200,-37.449462890625,85.70292663574219,0,1038240,0.0
z500_brown_0.002,2,4,24.0,u250,-36.49705123901367,96.30926513671875,0,1038240,0.0
z500_brown_0.002,2,4,24.0,u300,-38.98625183105469,93.8582534790039,0,1038240,0.0
z500_brown_0.002,2,4,24.0,u400,-35.79498291015625,72.44395446777344,0,1038240,0.0
z500_brown_0.002,2,4,24.0,u500,-30.353107452392578,62.892574310302734,0,1038240,0.0
z500_brown_0.002,2,4,24.0,u600,-30.019590377807617,51.1202392578125,0,1038240,0.0
z500_brown_0.002,2,4,24.0,u700,-31.612422943115234,41.620460510253906,0,1038240,0.0
z500_brown_0.002,2,4,24.0,u850,-36.17971420288086,35.289588928222656,0,1038240,0.0
z500_brown_0.002,2,4,24.0,u925,-34.66645812988281,35.84369659423828,0,1038240,0.0
z500_brown_0.002,2,4,24.0,u1000,-20.429826736450195,25.125268936157227,0,1038240,0.0
z500_brown_0.002,2,4,24.0,v50,-22.938793182373047,29.324039459228516,0,1038240,0.0
z500_brown_0.002,2,4,24.0,v100,-25.023441314697266,32.699649810791016,0,1038240,0.0
z500_brown_0.002,2,4,24.0,v150,-29.518735885620117,34.7662467956543,0,1038240,0.0
z500_brown_0.002,2,4,24.0,v200,-42.431060791015625,53.34366226196289,0,1038240,0.0
z500_brown_0.002,2,4,24.0,v250,-55.12158966064453,63.16069412231445,0,1038240,0.0
z500_brown_0.002,2,4,24.0,v300,-54.226287841796875,60.6581916809082,0,1038240,0.0
z500_brown_0.002,2,4,24.0,v400,-38.78145980834961,53.029205322265625,0,1038240,0.0
z500_brown_0.002,2,4,24.0,v500,-36.54043960571289,46.11075973510742,0,1038240,0.0
z500_brown_0.002,2,4,24.0,v600,-33.325260162353516,36.945152282714844,0,1038240,0.0
z500_brown_0.002,2,4,24.0,v700,-29.958995819091797,32.05499267578125,0,1038240,0.0
z500_brown_0.002,2,4,24.0,v850,-36.67365264892578,38.784156799316406,0,1038240,0.0
z500_brown_0.002,2,4,24.0,v925,-32.081748962402344,36.70744323730469,0,1038240,0.0
z500_brown_0.002,2,4,24.0,v1000,-20.387948989868164,26.284746170043945,0,1038240,0.0
z500_brown_0.002,2,4,24.0,z50,178283.0625,208039.046875,0,1038240,0.0
z500_brown_0.002,2,4,24.0,z100,140451.109375,165509.171875,0,1038240,0.0
z500_brown_0.002,2,4,24.0,z150,117388.8359375,141740.984375,0,1038240,0.0
z500_brown_0.002,2,4,24.0,z200,100595.6953125,123627.859375,0,1038240,0.0
z500_brown_0.002,2,4,24.0,z250,87302.4375,108932.40625,0,1038240,0.0
z500_brown_0.002,2,4,24.0,z300,76200.375,96398.03125,0,1038240,0.0
z500_brown_0.002,2,4,24.0,z400,58367.76953125,75583.2109375,0,1038240,0.0
z500_brown_0.002,2,4,24.0,z500,44144.265625,58800.54296875,0,1038240,0.0
z500_brown_0.002,2,4,24.0,z600,32160.51953125,44668.578125,0,1038240,0.0
z500_brown_0.002,2,4,24.0,z700,21597.484375,32390.48046875,0,1038240,0.0
z500_brown_0.002,2,4,24.0,z850,7357.85400390625,16492.8828125,0,1038240,0.0
z500_brown_0.002,2,4,24.0,z925,1075.93359375,9512.380859375,0,1038240,0.0
z500_brown_0.002,2,4,24.0,z1000,-4790.67529296875,3068.78515625,0,1038240,0.0
z500_brown_0.002,2,4,24.0,t50,180.02981567382812,234.6535186767578,0,1038240,0.0
z500_brown_0.002,2,4,24.0,t100,186.51138305664062,235.385986328125,0,1038240,0.0
z500_brown_0.002,2,4,24.0,t150,188.5698699951172,239.3484649658203,0,1038240,0.0
z500_brown_0.002,2,4,24.0,t200,192.23695373535156,241.922607421875,0,1038240,0.0
z500_brown_0.002,2,4,24.0,t250,199.67453002929688,242.63931274414062,0,1038240,0.0
z500_brown_0.002,2,4,24.0,t300,204.7441864013672,250.16807556152344,0,1038240,0.0
z500_brown_0.002,2,4,24.0,t400,214.63839721679688,264.6141662597656,0,1038240,0.0
z500_brown_0.002,2,4,24.0,t500,222.82553100585938,276.6275634765625,0,1038240,0.0
z500_brown_0.002,2,4,24.0,t600,217.09042358398438,286.6413879394531,0,1038240,0.0
z500_brown_0.002,2,4,24.0,t700,215.7323760986328,295.4060974121094,0,1038240,0.0
z500_brown_0.002,2,4,24.0,t850,224.3402862548828,308.1502990722656,0,1038240,0.0
z500_brown_0.002,2,4,24.0,t925,228.1814422607422,313.8241271972656,0,1038240,0.0
z500_brown_0.002,2,4,24.0,t1000,231.8707275390625,318.3052978515625,0,1038240,0.0
z500_brown_0.002,2,4,24.0,q50,1.6979129213723354e-07,1.9752969819819555e-06,0,1038240,0.0
z500_brown_0.002,2,4,24.0,q100,4.783375970873749e-07,7.677434041397646e-06,0,1038240,0.0
z500_brown_0.002,2,4,24.0,q150,-5.925176083110273e-08,3.534470306476578e-05,3,1038240,2.889505316689783e-06
z500_brown_0.002,2,4,24.0,q200,-1.4316319720819592e-06,0.00019468064419925213,4913,1038240,0.004732046540298967
z500_brown_0.002,2,4,24.0,q250,-1.2784028513124213e-05,0.0006220431532710791,40776,1038240,0.039274156264447524
z500_brown_0.002,2,4,24.0,q300,-1.8140068277716637e-05,0.0014728347305208445,31139,1038240,0.029992102018801047
z500_brown_0.002,2,4,24.0,q400,-6.265004049055278e-05,0.004098142497241497,53567,1038240,0.051594043766373866
z500_brown_0.002,2,4,24.0,q500,-0.00012100377352908254,0.006902925204485655,44477,1038240,0.04283884265680382
z500_brown_0.002,2,4,24.0,q600,-0.0002567049814388156,0.009486407972872257,43259,1038240,0.04166570349822777
z500_brown_0.002,2,4,24.0,q700,-0.0006530438549816608,0.013036902993917465,59704,1038240,0.05750500847588226
z500_brown_0.002,2,4,24.0,q850,-0.0010104570537805557,0.018066754564642906,72185,1038240,0.06952631376175065
z500_brown_0.002,2,4,24.0,q925,-0.0012700106017291546,0.019602002575993538,74824,1038240,0.07206811527199877
z500_brown_0.002,2,4,24.0,q1000,-0.0013875295408070087,0.024638714268803596,72883,1038240,0.07019860533210048
z500_brown_0.002,2,5,30.0,u10m,-21.70708656311035,27.012474060058594,0,1038240,0.0
z500_brown_0.002,2,5,30.0,v10m,-19.78911781311035,24.13190269470215,0,1038240,0.0
z500_brown_0.002,2,5,30.0,u100m,-29.046205520629883,34.11847686767578,0,1038240,0.0
z500_brown_0.002,2,5,30.0,v100m,-26.075916290283203,33.024051666259766,0,1038240,0.0
z500_brown_0.002,2,5,30.0,t2m,205.73092651367188,316.17626953125,0,1038240,0.0
z500_brown_0.002,2,5,30.0,sp,49072.796875,103792.3828125,0,1038240,0.0
z500_brown_0.002,2,5,30.0,msl,93968.5546875,103796.953125,0,1038240,0.0
z500_brown_0.002,2,5,30.0,tcwv,-4.121585845947266,75.19639587402344,70753,1038240,0.06814705655725073
z500_brown_0.002,2,5,30.0,u50,-30.301013946533203,77.09490966796875,0,1038240,0.0
z500_brown_0.002,2,5,30.0,u100,-38.02550506591797,68.63516235351562,0,1038240,0.0
z500_brown_0.002,2,5,30.0,u150,-30.37502098083496,73.1551742553711,0,1038240,0.0
z500_brown_0.002,2,5,30.0,u200,-37.57714080810547,85.41329956054688,0,1038240,0.0
z500_brown_0.002,2,5,30.0,u250,-33.45294952392578,93.50645446777344,0,1038240,0.0
z500_brown_0.002,2,5,30.0,u300,-37.45341491699219,91.69715881347656,0,1038240,0.0
z500_brown_0.002,2,5,30.0,u400,-34.39006805419922,75.03014373779297,0,1038240,0.0
z500_brown_0.002,2,5,30.0,u500,-30.88323974609375,60.99470520019531,0,1038240,0.0
z500_brown_0.002,2,5,30.0,u600,-29.278348922729492,49.50035095214844,0,1038240,0.0
z500_brown_0.002,2,5,30.0,u700,-35.59597396850586,40.06620788574219,0,1038240,0.0
z500_brown_0.002,2,5,30.0,u850,-38.29343032836914,39.289676666259766,0,1038240,0.0
z500_brown_0.002,2,5,30.0,u925,-35.16423034667969,36.40538787841797,0,1038240,0.0
z500_brown_0.002,2,5,30.0,u1000,-21.641315460205078,26.452329635620117,0,1038240,0.0
z500_brown_0.002,2,5,30.0,v50,-23.601118087768555,27.944862365722656,0,1038240,0.0
z500_brown_0.002,2,5,30.0,v100,-21.960433959960938,31.383459091186523,0,1038240,0.0
z500_brown_0.002,2,5,30.0,v150,-28.375829696655273,33.07450866699219,0,1038240,0.0
z500_brown_0.002,2,5,30.0,v200,-42.46372985839844,51.74507141113281,0,1038240,0.0
z500_brown_0.002,2,5,30.0,v250,-54.33185577392578,63.650779724121094,0,1038240,0.0
z500_brown_0.002,2,5,30.0,v300,-53.492431640625,66.12381744384766,0,1038240,0.0
z500_brown_0.002,2,5,30.0,v400,-39.690486907958984,56.471832275390625,0,1038240,0.0
z500_brown_0.002,2,5,30.0,v500,-37.308528900146484,48.517333984375,0,1038240,0.0
z500_brown_0.002,2,5,30.0,v600,-33.2965087890625,39.38066101074219,0,1038240,0.0
z500_brown_0.002,2,5,30.0,v700,-28.80978775024414,32.51774215698242,0,1038240,0.0
z500_brown_0.002,2,5,30.0,v850,-36.26906967163086,38.75993347167969,0,1038240,0.0
z500_brown_0.002,2,5,30.0,v925,-30.837543487548828,31.915071487426758,0,1038240,0.0
z500_brown_0.002,2,5,30.0,v1000,-20.354522705078125,24.57747459411621,0,1038240,0.0
z500_brown_0.002,2,5,30.0,z50,178073.96875,208176.015625,0,1038240,0.0
z500_brown_0.002,2,5,30.0,z100,140334.8125,165622.1875,0,1038240,0.0
z500_brown_0.002,2,5,30.0,z150,117316.3671875,141764.78125,0,1038240,0.0
z500_brown_0.002,2,5,30.0,z200,100547.3125,123667.2109375,0,1038240,0.0
z500_brown_0.002,2,5,30.0,z250,87259.765625,108939.9453125,0,1038240,0.0
z500_brown_0.002,2,5,30.0,z300,76181.671875,96395.4609375,0,1038240,0.0
z500_brown_0.002,2,5,30.0,z400,58362.66015625,75592.109375,0,1038240,0.0
z500_brown_0.002,2,5,30.0,z500,44137.80078125,58647.4921875,0,1038240,0.0
z500_brown_0.002,2,5,30.0,z600,31988.24609375,44514.296875,0,1038240,0.0
z500_brown_0.002,2,5,30.0,z700,21272.744140625,32220.384765625,0,1038240,0.0
z500_brown_0.002,2,5,30.0,z850,7284.4013671875,16517.91796875,0,1038240,0.0
z500_brown_0.002,2,5,30.0,z925,1122.91650390625,9523.189453125,0,1038240,0.0
z500_brown_0.002,2,5,30.0,z1000,-4678.3759765625,3027.45458984375,0,1038240,0.0
z500_brown_0.002,2,5,30.0,t50,179.80715942382812,234.9289093017578,0,1038240,0.0
z500_brown_0.002,2,5,30.0,t100,186.28541564941406,235.2350616455078,0,1038240,0.0
z500_brown_0.002,2,5,30.0,t150,189.10781860351562,240.0200653076172,0,1038240,0.0
z500_brown_0.002,2,5,30.0,t200,192.12106323242188,242.13116455078125,0,1038240,0.0
z500_brown_0.002,2,5,30.0,t250,199.80899047851562,242.50543212890625,0,1038240,0.0
z500_brown_0.002,2,5,30.0,t300,204.8013916015625,250.24197387695312,0,1038240,0.0
z500_brown_0.002,2,5,30.0,t400,214.09457397460938,264.1458435058594,0,1038240,0.0
z500_brown_0.002,2,5,30.0,t500,222.8275604248047,276.03265380859375,0,1038240,0.0
z500_brown_0.002,2,5,30.0,t600,216.9525604248047,289.0413513183594,0,1038240,0.0
z500_brown_0.002,2,5,30.0,t700,215.13528442382812,300.8367004394531,0,1038240,0.0
z500_brown_0.002,2,5,30.0,t850,223.90420532226562,312.1256103515625,0,1038240,0.0
z500_brown_0.002,2,5,30.0,t925,227.73410034179688,317.2873840332031,0,1038240,0.0
z500_brown_0.002,2,5,30.0,t1000,231.31124877929688,322.4338684082031,0,1038240,0.0
z500_brown_0.002,2,5,30.0,q50,2.1154914975340944e-07,1.9827677988359937e-06,0,1038240,0.0
z500_brown_0.002,2,5,30.0,q100,5.714825874747476e-07,7.226787147374125e-06,0,1038240,0.0
z500_brown_0.002,2,5,30.0,q150,-4.436878953129053e-07,3.5014109016628936e-05,61,1038240,5.875327477269225e-05
z500_brown_0.002,2,5,30.0,q200,-2.2089479898568243e-06,0.00020276005670893937,7366,1038240,0.007094698720912313
z500_brown_0.002,2,5,30.0,q250,-1.5615438314853236e-05,0.0006367252208292484,32106,1038240,0.030923485899214054
z500_brown_0.002,2,5,30.0,q300,-2.0714534912258387e-05,0.0015164142241701484,28557,1038240,0.02750520110957004
z500_brown_0.002,2,5,30.0,q400,-6.834921077825129e-05,0.004193177912384272,50374,1038240,0.04851864694097704
z500_brown_0.002,2,5,30.0,q500,-0.00011361204087734222,0.007221258711069822,40699,1038240,0.039199992294652486
z500_brown_0.002,2,5,30.0,q600,-0.0002934584626927972,0.01080315001308918,44103,1038240,0.0424786176606565
z500_brown_0.002,2,5,30.0,q700,-0.0005515650846064091,0.013302536681294441,61865,1038240,0.059586415472337804
z500_brown_0.002,2,5,30.0,q850,-0.0008374894969165325,0.017994770780205727,70096,1038240,0.06751425489289567
z500_brown_0.002,2,5,30.0,q925,-0.0010575568303465843,0.02005678042769432,72483,1038240,0.06981333795654183
z500_brown_0.002,2,5,30.0,q1000,-0.001131576020270586,0.023931046947836876,71225,1038240,0.06860167206040993
z500_brown_0.002,2,6,36.0,u10m,-22.135101318359375,23.298585891723633,0,1038240,0.0
z500_brown_0.002,2,6,36.0,v10m,-19.469745635986328,22.846874237060547,0,1038240,0.0
z500_brown_0.002,2,6,36.0,u100m,-29.326705932617188,29.09191131591797,0,1038240,0.0
z500_brown_0.002,2,6,36.0,v100m,-25.38424301147461,31.767087936401367,0,1038240,0.0
z500_brown_0.002,2,6,36.0,t2m,204.12283325195312,322.08258056640625,0,1038240,0.0
z500_brown_0.002,2,6,36.0,sp,49000.3359375,103833.828125,0,1038240,0.0
z500_brown_0.002,2,6,36.0,msl,94188.5234375,103783.0078125,0,1038240,0.0
z500_brown_0.002,2,6,36.0,tcwv,-3.718965530395508,75.53504943847656,67040,1038240,0.06457081214362768
z500_brown_0.002,2,6,36.0,u50,-27.399051666259766,75.82601165771484,0,1038240,0.0
z500_brown_0.002,2,6,36.0,u100,-37.70266342163086,67.939208984375,0,1038240,0.0
z500_brown_0.002,2,6,36.0,u150,-31.960172653198242,71.16639709472656,0,1038240,0.0
z500_brown_0.002,2,6,36.0,u200,-37.27803039550781,82.99785614013672,0,1038240,0.0
z500_brown_0.002,2,6,36.0,u250,-34.482425689697266,90.79029846191406,0,1038240,0.0
z500_brown_0.002,2,6,36.0,u300,-31.744823455810547,86.59172058105469,0,1038240,0.0
z500_brown_0.002,2,6,36.0,u400,-28.294031143188477,73.00965118408203,0,1038240,0.0
z500_brown_0.002,2,6,36.0,u500,-27.76888656616211,59.65259552001953,0,1038240,0.0
z500_brown_0.002,2,6,36.0,u600,-29.988435745239258,48.4483528137207,0,1038240,0.0
z500_brown_0.002,2,6,36.0,u700,-37.3753547668457,40.954219818115234,0,1038240,0.0
z500_brown_0.002,2,6,36.0,u850,-37.855838775634766,36.41918182373047,0,1038240,0.0
z500_brown_0.002,2,6,36.0,u925,-35.04924011230469,31.045656204223633,0,1038240,0.0
z500_brown_0.002,2,6,36.0,u1000,-21.84285545349121,23.243715286254883,0,1038240,0.0
z500_brown_0.002,2,6,36.0,v50,-25.395366668701172,27.53990936279297,0,1038240,0.0
z500_brown_0.002,2,6,36.0,v100,-21.451425552368164,29.008161544799805,0,1038240,0.0
z500_brown_0.002,2,6,36.0,v150,-29.067455291748047,32.69430923461914,0,1038240,0.0
z500_brown_0.002,2,6,36.0,v200,-40.64839172363281,47.99894714355469,0,1038240,0.0
z500_brown_0.002,2,6,36.0,v250,-50.55778503417969,54.291133880615234,0,1038240,0.0
z500_brown_0.002,2,6,36.0,v300,-54.702457427978516,53.89734649658203,0,1038240,0.0
z500_brown_0.002,2,6,36.0,v400,-45.79204559326172,53.81501770019531,0,1038240,0.0
z500_brown_0.002,2,6,36.0,v500,-37.625152587890625,45.88820266723633,0,1038240,0.0
z500_brown_0.002,2,6,36.0,v600,-30.04237174987793,38.58203887939453,0,1038240,0.0
z500_brown_0.002,2,6,36.0,v700,-26.06197738647461,31.21673583984375,0,1038240,0.0
z500_brown_0.002,2,6,36.0,v850,-32.501365661621094,37.78642272949219,0,1038240,0.0
z500_brown_0.002,2,6,36.0,v925,-31.118389129638672,31.021461486816406,0,1038240,0.0
z500_brown_0.002,2,6,36.0,v1000,-20.397510528564453,23.550731658935547,0,1038240,0.0
z500_brown_0.002,2,6,36.0,z50,177779.515625,208341.90625,0,1038240,0.0
z500_brown_0.002,2,6,36.0,z100,140344.15625,165807.59375,0,1038240,0.0
z500_brown_0.002,2,6,36.0,z150,117384.8828125,141955.25,0,1038240,0.0
z500_brown_0.002,2,6,36.0,z200,100662.578125,123789.28125,0,1038240,0.0
z500_brown_0.002,2,6,36.0,z250,87422.8046875,108871.1484375,0,1038240,0.0
z500_brown_0.002,2,6,36.0,z300,76355.46875,96252.3984375,0,1038240,0.0
z500_brown_0.002,2,6,36.0,z400,58527.9609375,75455.5234375,0,1038240,0.0
z500_brown_0.002,2,6,36.0,z500,44134.625,58723.24609375,0,1038240,0.0
z500_brown_0.002,2,6,36.0,z600,31879.4140625,44602.98046875,0,1038240,0.0
z500_brown_0.002,2,6,36.0,z700,21234.830078125,32268.85546875,0,1038240,0.0
z500_brown_0.002,2,6,36.0,z850,7409.9912109375,16569.787109375,0,1038240,0.0
z500_brown_0.002,2,6,36.0,z925,1300.29931640625,9575.2666015625,0,1038240,0.0
z500_brown_0.002,2,6,36.0,z1000,-4471.490234375,3087.4365234375,0,1038240,0.0
z500_brown_0.002,2,6,36.0,t50,179.47840881347656,235.20118713378906,0,1038240,0.0
z500_brown_0.002,2,6,36.0,t100,185.99349975585938,235.68980407714844,0,1038240,0.0
z500_brown_0.002,2,6,36.0,t150,189.07203674316406,240.22328186035156,0,1038240,0.0
z500_brown_0.002,2,6,36.0,t200,192.0072784423828,241.98300170898438,0,1038240,0.0
z500_brown_0.002,2,6,36.0,t250,200.2332000732422,242.78700256347656,0,1038240,0.0
z500_brown_0.002,2,6,36.0,t300,204.63795471191406,251.33480834960938,0,1038240,0.0
z500_brown_0.002,2,6,36.0,t400,213.60696411132812,265.4947204589844,0,1038240,0.0
z500_brown_0.002,2,6,36.0,t500,222.51141357421875,276.8207092285156,0,1038240,0.0
z500_brown_0.002,2,6,36.0,t600,217.42987060546875,291.03009033203125,0,1038240,0.0
z500_brown_0.002,2,6,36.0,t700,215.0457000732422,303.35797119140625,0,1038240,0.0
z500_brown_0.002,2,6,36.0,t850,223.51058959960938,313.7090148925781,0,1038240,0.0
z500_brown_0.002,2,6,36.0,t925,227.42208862304688,318.636962890625,0,1038240,0.0
z500_brown_0.002,2,6,36.0,t1000,231.00180053710938,323.5869140625,0,1038240,0.0
z500_brown_0.002,2,6,36.0,q50,2.489100552338641e-07,1.9891451756848255e-06,0,1038240,0.0
z500_brown_0.002,2,6,36.0,q100,6.490713531093206e-07,6.824951924500056e-06,0,1038240,0.0
z500_brown_0.002,2,6,36.0,q150,1.7934553397935815e-07,3.9005710277706385e-05,0,1038240,0.0
z500_brown_0.002,2,6,36.0,q200,-3.7241024983813986e-06,0.00021328034927137196,11489,1038240,0.01106584219448297
z500_brown_0.002,2,6,36.0,q250,-1.382438131258823e-05,0.0006449281354434788,30911,1038240,0.029772499614732623
z500_brown_0.002,2,6,36.0,q300,-1.6492034774273634e-05,0.001478054211474955,27383,1038240,0.02637444136230544
z500_brown_0.002,2,6,36.0,q400,-5.6382210459560156e-05,0.003988028038293123,48967,1038240,0.04716346894744953
z500_brown_0.002,2,6,36.0,q500,-0.00010147306602448225,0.007918324321508408,36884,1038240,0.03552550470026198
z500_brown_0.002,2,6,36.0,q600,-0.00021730875596404076,0.009867115877568722,42269,1038240,0.04071216674372014
z500_brown_0.002,2,6,36.0,q700,-0.0004840528126806021,0.012851729989051819,56834,1038240,0.054740715056249035
z500_brown_0.002,2,6,36.0,q850,-0.0006317677907645702,0.01817464642226696,65802,1038240,0.0633784096162737
z500_brown_0.002,2,6,36.0,q925,-0.0007946193218231201,0.020158275961875916,67564,1038240,0.06507551240560949
z500_brown_0.002,2,6,36.0,q1000,-0.0009274356998503208,0.025637736544013023,67175,1038240,0.06470083988287872
z500_brown_0.002,2,7,42.0,u10m,-21.953184127807617,18.60634994506836,0,1038240,0.0
z500_brown_0.002,2,7,42.0,v10m,-20.33464241027832,23.661630630493164,0,1038240,0.0
z500_brown_0.002,2,7,42.0,u100m,-28.4510498046875,24.11488914489746,0,1038240,0.0
z500_brown_0.002,2,7,42.0,v100m,-27.376075744628906,32.605621337890625,0,1038240,0.0
z500_brown_0.002,2,7,42.0,t2m,202.6803436279297,321.0552673339844,0,1038240,0.0
z500_brown_0.002,2,7,42.0,sp,49103.98046875,103867.984375,0,1038240,0.0
z500_brown_0.002,2,7,42.0,msl,94657.734375,103827.25,0,1038240,0.0
z500_brown_0.002,2,7,42.0,tcwv,-2.754648208618164,76.8644027709961,61222,1038240,0.058967098166127295
z500_brown_0.002,2,7,42.0,u50,-28.016681671142578,75.67914581298828,0,1038240,0.0
z500_brown_0.002,2,7,42.0,u100,-33.92338943481445,67.0272216796875,0,1038240,0.0
z500_brown_0.002,2,7,42.0,u150,-30.92747688293457,70.41612243652344,0,1038240,0.0
z500_brown_0.002,2,7,42.0,u200,-37.8984375,81.58556365966797,0,1038240,0.0
z500_brown_0.002,2,7,42.0,u250,-35.90271759033203,87.07081604003906,0,1038240,0.0
z500_brown_0.002,2,7,42.0,u300,-32.4647331237793,85.23880004882812,0,1038240,0.0
z500_brown_0.002,2,7,42.0,u400,-24.498472213745117,69.96013641357422,0,1038240,0.0
z500_brown_0.002,2,7,42.0,u500,-26.75487518310547,59.73705291748047,0,1038240,0.0
z500_brown_0.002,2,7,42.0,u600,-32.806236267089844,48.80769348144531,0,1038240,0.0
z500_brown_0.002,2,7,42.0,u700,-39.56997299194336,40.73651123046875,0,1038240,0.0
z500_brown_0.002,2,7,42.0,u850,-37.4102897644043,35.43595886230469,0,1038240,0.0
z500_brown_0.002,2,7,42.0,u925,-36.2862548828125,30.611696243286133,0,1038240,0.0
z500_brown_0.002,2,7,42.0,u1000,-21.962560653686523,20.861099243164062,0,1038240,0.0
z500_brown_0.002,2,7,42.0,v50,-26.448898315429688,25.85811996459961,0,1038240,0.0
z500_brown_0.002,2,7,42.0,v100,-21.738309860229492,25.75914764404297,0,1038240,0.0
z500_brown_0.002,2,7,42.0,v150,-28.541749954223633,32.376956939697266,0,1038240,0.0
z500_brown_0.002,2,7,42.0,v200,-40.259769439697266,47.70873260498047,0,1038240,0.0
z500_brown_0.002,2,7,42.0,v250,-53.14464569091797,52.597896575927734,0,1038240,0.0
z500_brown_0.002,2,7,42.0,v300,-58.93357849121094,54.78313064575195,0,1038240,0.0
z500_brown_0.002,2,7,42.0,v400,-54.89667510986328,55.92075729370117,0,1038240,0.0
z500_brown_0.002,2,7,42.0,v500,-39.77033996582031,48.73414611816406,0,1038240,0.0
z500_brown_0.002,2,7,42.0,v600,-28.1091365814209,39.70940399169922,0,1038240,0.0
z500_brown_0.002,2,7,42.0,v700,-24.600744247436523,32.67359161376953,0,1038240,0.0
z500_brown_0.002,2,7,42.0,v850,-33.94223403930664,35.929630279541016,0,1038240,0.0
z500_brown_0.002,2,7,42.0,v925,-34.31072998046875,31.04195213317871,0,1038240,0.0
z500_brown_0.002,2,7,42.0,v1000,-20.52859115600586,24.372770309448242,0,1038240,0.0
z500_brown_0.002,2,7,42.0,z50,177527.0,208246.578125,0,1038240,0.0
z500_brown_0.002,2,7,42.0,z100,140316.140625,165772.171875,0,1038240,0.0
z500_brown_0.002,2,7,42.0,z150,117452.0078125,141866.984375,0,1038240,0.0
z500_brown_0.002,2,7,42.0,z200,100795.671875,123718.671875,0,1038240,0.0
z500_brown_0.002,2,7,42.0,z250,87603.15625,108901.125,0,1038240,0.0
z500_brown_0.002,2,7,42.0,z300,76562.3984375,96392.671875,0,1038240,0.0
z500_brown_0.002,2,7,42.0,z400,58696.89453125,75591.46875,0,1038240,0.0
z500_brown_0.002,2,7,42.0,z500,44249.46484375,58723.97265625,0,1038240,0.0
z500_brown_0.002,2,7,42.0,z600,32055.390625,44521.578125,0,1038240,0.0
z500_brown_0.002,2,7,42.0,z700,21463.095703125,32292.74609375,0,1038240,0.0
z500_brown_0.002,2,7,42.0,z850,7726.72900390625,16584.3828125,0,1038240,0.0
z500_brown_0.002,2,7,42.0,z925,1646.716796875,9589.9111328125,0,1038240,0.0
z500_brown_0.002,2,7,42.0,z1000,-4093.876953125,3115.08544921875,0,1038240,0.0
z500_brown_0.002,2,7,42.0,t50,179.8280029296875,235.572509765625,0,1038240,0.0
z500_brown_0.002,2,7,42.0,t100,186.29156494140625,235.9170684814453,0,1038240,0.0
z500_brown_0.002,2,7,42.0,t150,189.25531005859375,241.12283325195312,0,1038240,0.0
z500_brown_0.002,2,7,42.0,t200,192.1307830810547,242.04005432128906,0,1038240,0.0
z500_brown_0.002,2,7,42.0,t250,199.78684997558594,243.12660217285156,0,1038240,0.0
z500_brown_0.002,2,7,42.0,t300,204.8809051513672,249.84901428222656,0,1038240,0.0
z500_brown_0.002,2,7,42.0,t400,213.83932495117188,264.4840393066406,0,1038240,0.0
z500_brown_0.002,2,7,42.0,t500,221.8063507080078,275.6872863769531,0,1038240,0.0
z500_brown_0.002,2,7,42.0,t600,215.5760498046875,288.5914306640625,0,1038240,0.0
z500_brown_0.002,2,7,42.0,t700,214.48391723632812,299.14190673828125,0,1038240,0.0
z500_brown_0.002,2,7,42.0,t850,224.8819580078125,310.1958312988281,0,1038240,0.0
z500_brown_0.002,2,7,42.0,t925,228.66668701171875,315.96484375,0,1038240,0.0
z500_brown_0.002,2,7,42.0,t1000,232.42041015625,321.0858154296875,0,1038240,0.0
z500_brown_0.002,2,7,42.0,q50,2.840436081896769e-07,1.996958872041432e-06,0,1038240,0.0
z500_brown_0.002,2,7,42.0,q100,7.101114078977844e-07,6.41385395283578e-06,0,1038240,0.0
z500_brown_0.002,2,7,42.0,q150,3.8431653592851944e-07,3.807519897236489e-05,0,1038240,0.0
z500_brown_0.002,2,7,42.0,q200,-4.061812433064915e-06,0.0002127542975358665,12673,1038240,0.012206233626136539
z500_brown_0.002,2,7,42.0,q250,-1.3722423318540677e-05,0.000645968597382307,25973,1038240,0.02501637386346124
z500_brown_0.002,2,7,42.0,q300,-2.1039799321442842e-05,0.0014355969615280628,27666,1038240,0.026647018030513177
z500_brown_0.002,2,7,42.0,q400,-6.200166535563767e-05,0.004204594995826483,45029,1038240,0.04337051163507474
z500_brown_0.002,2,7,42.0,q500,-9.136518929153681e-05,0.007442068308591843,29199,1038240,0.028123555247341656
z500_brown_0.002,2,7,42.0,q600,-0.00025492883287370205,0.009509638883173466,33466,1038240,0.032233394976113425
z500_brown_0.002,2,7,42.0,q700,-0.0004601136315613985,0.012876089662313461,53452,1038240,0.051483279395900756
z500_brown_0.002,2,7,42.0,q850,-0.0005420609377324581,0.01821284554898739,58563,1038240,0.05640603328710125
z500_brown_0.002,2,7,42.0,q925,-0.0007310882210731506,0.01970563270151615,63248,1038240,0.06091847742333179
z500_brown_0.002,2,7,42.0,q1000,-0.000817346852272749,0.024838212877511978,62050,1038240,0.05976460163353367
z500_brown_0.002,2,8,48.0,u10m,-23.28362274169922,20.376134872436523,0,1038240,0.0
z500_brown_0.002,2,8,48.0,v10m,-24.07285499572754,23.01019287109375,0,1038240,0.0
z500_brown_0.002,2,8,48.0,u100m,-29.67853355407715,26.09953498840332,0,1038240,0.0
z500_brown_0.002,2,8,48.0,v100m,-31.891376495361328,32.0670280456543,0,1038240,0.0
z500_brown_0.002,2,8,48.0,t2m,201.4636688232422,320.2037048339844,0,1038240,0.0
z500_brown_0.002,2,8,48.0,sp,48955.890625,103879.3984375,0,1038240,0.0
z500_brown_0.002,2,8,48.0,msl,94919.1484375,103833.1015625,0,1038240,0.0
z500_brown_0.002,2,8,48.0,tcwv,-2.6040611267089844,77.09986877441406,56379,1038240,0.05430247341655109
z500_brown_0.002,2,8,48.0,u50,-28.609676361083984,73.08676147460938,0,1038240,0.0
z500_brown_0.002,2,8,48.0,u100,-34.233768463134766,64.93196105957031,0,1038240,0.0
z500_brown_0.002,2,8,48.0,u150,-31.822114944458008,68.5102310180664,0,1038240,0.0
z500_brown_0.002,2,8,48.0,u200,-40.74800109863281,79.87361145019531,0,1038240,0.0
z500_brown_0.002,2,8,48.0,u250,-36.05080032348633,84.65116882324219,0,1038240,0.0
z500_brown_0.002,2,8,48.0,u300,-36.518096923828125,81.75428009033203,0,1038240,0.0
z500_brown_0.002,2,8,48.0,u400,-32.801353454589844,67.95629119873047,0,1038240,0.0
z500_brown_0.002,2,8,48.0,u500,-26.078895568847656,58.9331169128418,0,1038240,0.0
z500_brown_0.002,2,8,48.0,u600,-28.136320114135742,49.74857711791992,0,1038240,0.0
z500_brown_0.002,2,8,48.0,u700,-37.112796783447266,40.62194061279297,0,1038240,0.0
z500_brown_0.002,2,8,48.0,u850,-38.458309173583984,34.40058135986328,0,1038240,0.0
z500_brown_0.002,2,8,48.0,u925,-35.82852554321289,31.381128311157227,0,1038240,0.0
z500_brown_0.002,2,8,48.0,u1000,-23.23818016052246,20.618896484375,0,1038240,0.0
z500_brown_0.002,2,8,48.0,v50,-26.26618003845215,24.498857498168945,0,1038240,0.0
z500_brown_0.002,2,8,48.0,v100,-22.229703903198242,22.660472869873047,0,1038240,0.0
z500_brown_0.002,2,8,48.0,v150,-27.4515323638916,32.64786911010742,0,1038240,0.0
z500_brown_0.002,2,8,48.0,v200,-45.9591178894043,45.338565826416016,0,1038240,0.0
z500_brown_0.002,2,8,48.0,v250,-52.9185905456543,47.559776306152344,0,1038240,0.0
z500_brown_0.002,2,8,48.0,v300,-57.84898376464844,55.95604705810547,0,1038240,0.0
z500_brown_0.002,2,8,48.0,v400,-55.70127487182617,55.18108367919922,0,1038240,0.0
z500_brown_0.002,2,8,48.0,v500,-42.455345153808594,48.28805923461914,0,1038240,0.0
z500_brown_0.002,2,8,48.0,v600,-29.604684829711914,38.948909759521484,0,1038240,0.0
z500_brown_0.002,2,8,48.0,v700,-26.19345474243164,32.634986877441406,0,1038240,0.0
z500_brown_0.002,2,8,48.0,v850,-37.731163024902344,35.21233367919922,0,1038240,0.0
z500_brown_0.002,2,8,48.0,v925,-35.393131256103516,31.033349990844727,0,1038240,0.0
z500_brown_0.002,2,8,48.0,v1000,-24.49382972717285,23.651933670043945,0,1038240,0.0
z500_brown_0.002,2,8,48.0,z50,177228.0625,208249.234375,0,1038240,0.0
z500_brown_0.002,2,8,48.0,z100,140354.1875,165662.765625,0,1038240,0.0
z500_brown_0.002,2,8,48.0,z150,117616.6875,141655.140625,0,1038240,0.0
z500_brown_0.002,2,8,48.0,z200,100983.46875,123637.1953125,0,1038240,0.0
z500_brown_0.002,2,8,48.0,z250,87782.2890625,109001.8671875,0,1038240,0.0
z500_brown_0.002,2,8,48.0,z300,76743.2734375,96461.78125,0,1038240,0.0
z500_brown_0.002,2,8,48.0,z400,58819.4296875,75572.7421875,0,1038240,0.0
z500_brown_0.002,2,8,48.0,z500,44392.08203125,58800.453125,0,1038240,0.0
z500_brown_0.002,2,8,48.0,z600,32216.091796875,44594.26953125,0,1038240,0.0
z500_brown_0.002,2,8,48.0,z700,21640.88671875,32361.8359375,0,1038240,0.0
z500_brown_0.002,2,8,48.0,z850,7915.4716796875,16615.96875,0,1038240,0.0
z500_brown_0.002,2,8,48.0,z925,1848.54736328125,9600.0419921875,0,1038240,0.0
z500_brown_0.002,2,8,48.0,z1000,-3871.99658203125,3118.91552734375,0,1038240,0.0
z500_brown_0.002,2,8,48.0,t50,179.99615478515625,235.70428466796875,0,1038240,0.0
z500_brown_0.002,2,8,48.0,t100,186.70413208007812,236.3340606689453,0,1038240,0.0
z500_brown_0.002,2,8,48.0,t150,190.1107177734375,241.37142944335938,0,1038240,0.0
z500_brown_0.002,2,8,48.0,t200,192.33099365234375,241.7559814453125,0,1038240,0.0
z500_brown_0.002,2,8,48.0,t250,199.46131896972656,243.64158630371094,0,1038240,0.0
z500_brown_0.002,2,8,48.0,t300,204.7057342529297,250.23208618164062,0,1038240,0.0
z500_brown_0.002,2,8,48.0,t400,214.42269897460938,264.443359375,0,1038240,0.0
z500_brown_0.002,2,8,48.0,t500,221.5025634765625,275.615234375,0,1038240,0.0
z500_brown_0.002,2,8,48.0,t600,212.10079956054688,286.5488586425781,0,1038240,0.0
z500_brown_0.002,2,8,48.0,t700,214.2146759033203,295.7913818359375,0,1038240,0.0
z500_brown_0.002,2,8,48.0,t850,223.7724151611328,308.6040344238281,0,1038240,0.0
z500_brown_0.002,2,8,48.0,t925,227.5587921142578,314.3813171386719,0,1038240,0.0
z500_brown_0.002,2,8,48.0,t1000,231.348876953125,318.9397888183594,0,1038240,0.0
z500_brown_0.002,2,8,48.0,q50,3.2209300115937367e-07,2.005046553676948e-06,0,1038240,0.0
z500_brown_0.002,2,8,48.0,q100,7.804742381267715e-07,6.0831912378489505e-06,0,1038240,0.0
z500_brown_0.002,2,8,48.0,q150,2.2338690541801043e-07,3.397705950192176e-05,0,1038240,0.0
z500_brown_0.002,2,8,48.0,q200,-4.1280673030996695e-06,0.00019422624609433115,12314,1038240,0.011860456156572661
z500_brown_0.002,2,8,48.0,q250,-1.1031199392164126e-05,0.000634324096608907,23638,1038240,0.022767375558637695
z500_brown_0.002,2,8,48.0,q300,-2.8771013603545725e-05,0.0014788118423894048,22769,1038240,0.021930382185236554
z500_brown_0.002,2,8,48.0,q400,-6.151903653517365e-05,0.004341250751167536,38521,1038240,0.03710221143473571
z500_brown_0.002,2,8,48.0,q500,-0.00011338508920744061,0.007152884732931852,31782,1038240,0.030611419325011557
z500_brown_0.002,2,8,48.0,q600,-0.00020634522661566734,0.009575807489454746,28806,1038240,0.027745030050855293
z500_brown_0.002,2,8,48.0,q700,-0.00037721474654972553,0.012886036187410355,45663,1038240,0.04398116042533518
z500_brown_0.002,2,8,48.0,q850,-0.0005606380291283131,0.01821090281009674,51290,1038240,0.04940090923100632
z500_brown_0.002,2,8,48.0,q925,-0.0006440752185881138,0.01953929476439953,54776,1038240,0.05275851440899985
z500_brown_0.002,2,8,48.0,q1000,-0.0008407547138631344,0.024846624583005905,55695,1038240,0.05364366620434582
z500_brown_0.002,2,9,54.0,u10m,-22.336957931518555,21.410778045654297,0,1038240,0.0
z500_brown_0.002,2,9,54.0,v10m,-20.136388778686523,22.956501007080078,0,1038240,0.0
z500_brown_0.002,2,9,54.0,u100m,-28.943904876708984,27.793479919433594,0,1038240,0.0
z500_brown_0.002,2,9,54.0,v100m,-26.46575355529785,29.783554077148438,0,1038240,0.0
z500_brown_0.002,2,9,54.0,t2m,200.0677490234375,315.7652893066406,0,1038240,0.0
z500_brown_0.002,2,9,54.0,sp,49011.75,103852.6015625,0,1038240,0.0
z500_brown_0.002,2,9,54.0,msl,95097.0703125,103801.8125,0,1038240,0.0
z500_brown_0.002,2,9,54.0,tcwv,-2.2127838134765625,78.47115325927734,49022,1038240,0.04721644321158884
z500_brown_0.002,2,9,54.0,u50,-30.80001449584961,72.24092102050781,0,1038240,0.0
z500_brown_0.002,2,9,54.0,u100,-33.46931838989258,63.39333724975586,0,1038240,0.0
z500_brown_0.002,2,9,54.0,u150,-32.94502258300781,67.5596923828125,0,1038240,0.0
z500_brown_0.002,2,9,54.0,u200,-39.85209655761719,81.32488250732422,0,1038240,0.0
z500_brown_0.002,2,9,54.0,u250,-35.193782806396484,82.00126647949219,0,1038240,0.0
z500_brown_0.002,2,9,54.0,u300,-36.86784362792969,77.27404022216797,0,1038240,0.0
z500_brown_0.002,2,9,54.0,u400,-34.80267333984375,63.154823303222656,0,1038240,0.0
z500_brown_0.002,2,9,54.0,u500,-26.177478790283203,54.27397155761719,0,1038240,0.0
z500_brown_0.002,2,9,54.0,u600,-28.570005416870117,45.16742706298828,0,1038240,0.0
z500_brown_0.002,2,9,54.0,u700,-32.46898651123047,36.11537551879883,0,1038240,0.0
z500_brown_0.002,2,9,54.0,u850,-38.037193298339844,33.080833435058594,0,1038240,0.0
z500_brown_0.002,2,9,54.0,u925,-36.65098571777344,34.49201583862305,0,1038240,0.0
z500_brown_0.002,2,9,54.0,u1000,-23.221935272216797,21.71743392944336,0,1038240,0.0
z500_brown_0.002,2,9,54.0,v50,-24.563457489013672,21.87627601623535,0,1038240,0.0
z500_brown_0.002,2,9,54.0,v100,-23.704500198364258,21.126934051513672,0,1038240,0.0
z500_brown_0.002,2,9,54.0,v150,-29.186050415039062,31.15399169921875,0,1038240,0.0
z500_brown_0.002,2,9,54.0,v200,-43.926368713378906,45.2425537109375,0,1038240,0.0
z500_brown_0.002,2,9,54.0,v250,-52.1601448059082,50.31321716308594,0,1038240,0.0
z500_brown_0.002,2,9,54.0,v300,-55.007171630859375,57.043190002441406,0,1038240,0.0
z500_brown_0.002,2,9,54.0,v400,-48.51329040527344,57.85432052612305,0,1038240,0.0
z500_brown_0.002,2,9,54.0,v500,-43.6745491027832,51.18412399291992,0,1038240,0.0
z500_brown_0.002,2,9,54.0,v600,-32.8956298828125,39.063716888427734,0,1038240,0.0
z500_brown_0.002,2,9,54.0,v700,-28.503145217895508,35.25326919555664,0,1038240,0.0
z500_brown_0.002,2,9,54.0,v850,-33.194095611572266,36.71141815185547,0,1038240,0.0
z500_brown_0.002,2,9,54.0,v925,-31.7036190032959,36.80774688720703,0,1038240,0.0
z500_brown_0.002,2,9,54.0,v1000,-20.68156623840332,23.66468620300293,0,1038240,0.0
z500_brown_0.002,2,9,54.0,z50,176973.28125,208367.0625,0,1038240,0.0
z500_brown_0.002,2,9,54.0,z100,140341.078125,165840.78125,0,1038240,0.0
z500_brown_0.002,2,9,54.0,z150,117639.609375,141902.703125,0,1038240,0.0
z500_brown_0.002,2,9,54.0,z200,100933.5,123804.9921875,0,1038240,0.0
z500_brown_0.002,2,9,54.0,z250,87747.1015625,109020.9765625,0,1038240,0.0
z500_brown_0.002,2,9,54.0,z300,76717.4296875,96496.40625,0,1038240,0.0
z500_brown_0.002,2,9,54.0,z400,58756.35546875,75632.4453125,0,1038240,0.0
z500_brown_0.002,2,9,54.0,z500,44359.13671875,58781.6875,0,1038240,0.0
z500_brown_0.002,2,9,54.0,z600,32207.703125,44583.98046875,0,1038240,0.0
z500_brown_0.002,2,9,54.0,z700,21684.25390625,32339.50390625,0,1038240,0.0
z500_brown_0.002,2,9,54.0,z850,8019.685546875,16580.20703125,0,1038240,0.0
z500_brown_0.002,2,9,54.0,z925,1983.41357421875,9555.720703125,0,1038240,0.0
z500_brown_0.002,2,9,54.0,z1000,-3715.021484375,3082.0966796875,0,1038240,0.0
z500_brown_0.002,2,9,54.0,t50,180.22091674804688,235.83143615722656,0,1038240,0.0
z500_brown_0.002,2,9,54.0,t100,186.94854736328125,236.60540771484375,0,1038240,0.0
z500_brown_0.002,2,9,54.0,t150,190.5133819580078,241.82357788085938,0,1038240,0.0
z500_brown_0.002,2,9,54.0,t200,192.83807373046875,241.61851501464844,0,1038240,0.0
z500_brown_0.002,2,9,54.0,t250,199.9194793701172,243.63734436035156,0,1038240,0.0
z500_brown_0.002,2,9,54.0,t300,203.5428009033203,251.0141143798828,0,1038240,0.0
z500_brown_0.002,2,9,54.0,t400,213.65289306640625,264.69775390625,0,1038240,0.0
z500_brown_0.002,2,9,54.0,t500,220.007568359375,275.96124267578125,0,1038240,0.0
z500_brown_0.002,2,9,54.0,t600,210.1927490234375,288.5408020019531,0,1038240,0.0
z500_brown_0.002,2,9,54.0,t700,212.1697235107422,299.9333190917969,0,1038240,0.0
z500_brown_0.002,2,9,54.0,t850,222.03594970703125,311.794921875,0,1038240,0.0
z500_brown_0.002,2,9,54.0,t925,225.82394409179688,316.64825439453125,0,1038240,0.0
z500_brown_0.002,2,9,54.0,t1000,229.39938354492188,321.775390625,0,1038240,0.0
z500_brown_0.002,2,9,54.0,q50,3.606548943935195e-07,2.012708137044683e-06,0,1038240,0.0
z500_brown_0.002,2,9,54.0,q100,8.627072247691103e-07,5.785174835182261e-06,0,1038240,0.0
z500_brown_0.002,2,9,54.0,q150,-5.4640167945763096e-08,3.5162327549187467e-05,75,1038240,7.223763291724457e-05
z500_brown_0.002,2,9,54.0,q200,-6.1425580497598276e-06,0.0002114635572070256,10159,1038240,0.009784828170750501
z500_brown_0.002,2,9,54.0,q250,-1.3566579582402483e-05,0.0006959409802220762,20004,1038240,0.01926722145168747
z500_brown_0.002,2,9,54.0,q300,-2.415443304926157e-05,0.0015818739775568247,19860,1038240,0.019128525196486362
z500_brown_0.002,2,9,54.0,q400,-6.0580408899113536e-05,0.004379296209663153,36372,1038240,0.035032362459546926
z500_brown_0.002,2,9,54.0,q500,-0.00013203592970967293,0.00784057006239891,26643,1038240,0.02566169671752196
z500_brown_0.002,2,9,54.0,q600,-0.00017570261843502522,0.01100604422390461,21894,1038240,0.021087609801202035
z500_brown_0.002,2,9,54.0,q700,-0.0004539676010608673,0.01319180428981781,44419,1038240,0.04278297888734782
z500_brown_0.002,2,9,54.0,q850,-0.0005708285607397556,0.018307989463210106,48852,1038240,0.04705270457697642
z500_brown_0.002,2,9,54.0,q925,-0.0006126286461949348,0.020510869100689888,56055,1038240,0.05399040684234859
z500_brown_0.002,2,9,54.0,q1000,-0.0006212112493813038,0.024746356531977654,54786,1038240,0.05276814609338881
z500_brown_0.002,2,10,60.0,u10m,-24.260549545288086,20.870594024658203,0,1038240,0.0
z500_brown_0.002,2,10,60.0,v10m,-20.110950469970703,23.15959930419922,0,1038240,0.0
z500_brown_0.002,2,10,60.0,u100m,-31.109933853149414,26.811399459838867,0,1038240,0.0
z500_brown_0.002,2,10,60.0,v100m,-26.061120986938477,29.415191650390625,0,1038240,0.0
z500_brown_0.002,2,10,60.0,t2m,200.28692626953125,321.6396179199219,0,1038240,0.0
z500_brown_0.002,2,10,60.0,sp,48971.53515625,103888.375,0,1038240,0.0
z500_brown_0.002,2,10,60.0,msl,95224.65625,103841.546875,0,1038240,0.0
z500_brown_0.002,2,10,60.0,tcwv,-2.3910369873046875,78.97576141357422,40770,1038240,0.03926837725381415
z500_brown_0.002,2,10,60.0,u50,-29.164119720458984,69.69457244873047,0,1038240,0.0
z500_brown_0.002,2,10,60.0,u100,-32.80958938598633,60.107933044433594,0,1038240,0.0
z500_brown_0.002,2,10,60.0,u150,-31.85331916809082,67.2339859008789,0,1038240,0.0
z500_brown_0.002,2,10,60.0,u200,-36.22126770019531,82.72624206542969,0,1038240,0.0
z500_brown_0.002,2,10,60.0,u250,-33.595115661621094,79.03173828125,0,1038240,0.0
z500_brown_0.002,2,10,60.0,u300,-29.62442398071289,76.87813568115234,0,1038240,0.0
z500_brown_0.002,2,10,60.0,u400,-28.20467185974121,64.244384765625,0,1038240,0.0
z500_brown_0.002,2,10,60.0,u500,-28.127811431884766,53.0203742980957,0,1038240,0.0
z500_brown_0.002,2,10,60.0,u600,-29.985761642456055,43.037078857421875,0,1038240,0.0
z500_brown_0.002,2,10,60.0,u700,-35.758270263671875,35.72177505493164,0,1038240,0.0
z500_brown_0.002,2,10,60.0,u850,-40.645362854003906,30.799009323120117,0,1038240,0.0
z500_brown_0.002,2,10,60.0,u925,-36.81361770629883,32.79005432128906,0,1038240,0.0
z500_brown_0.002,2,10,60.0,u1000,-24.128694534301758,21.548206329345703,0,1038240,0.0
z500_brown_0.002,2,10,60.0,v50,-24.408174514770508,21.2785587310791,0,1038240,0.0
z500_brown_0.002,2,10,60.0,v100,-25.381250381469727,22.691476821899414,0,1038240,0.0
z500_brown_0.002,2,10,60.0,v150,-31.391921997070312,33.24502182006836,0,1038240,0.0
z500_brown_0.002,2,10,60.0,v200,-47.60343551635742,43.65959930419922,0,1038240,0.0
z500_brown_0.002,2,10,60.0,v250,-55.25275802612305,51.59577560424805,0,1038240,0.0
z500_brown_0.002,2,10,60.0,v300,-57.2139892578125,57.69020462036133,0,1038240,0.0
z500_brown_0.002,2,10,60.0,v400,-51.35527420043945,56.56792449951172,0,1038240,0.0
z500_brown_0.002,2,10,60.0,v500,-44.1143913269043,49.45475769042969,0,1038240,0.0
z500_brown_0.002,2,10,60.0,v600,-34.03932571411133,38.601287841796875,0,1038240,0.0
z500_brown_0.002,2,10,60.0,v700,-27.792783737182617,34.77494430541992,0,1038240,0.0
z500_brown_0.002,2,10,60.0,v850,-31.66847801208496,34.57036590576172,0,1038240,0.0
z500_brown_0.002,2,10,60.0,v925,-33.387115478515625,35.859153747558594,0,1038240,0.0
z500_brown_0.002,2,10,60.0,v1000,-21.60226058959961,23.68592643737793,0,1038240,0.0
z500_brown_0.002,2,10,60.0,z50,176783.671875,208508.4375,0,1038240,0.0
z500_brown_0.002,2,10,60.0,z100,140269.21875,166036.828125,0,1038240,0.0
z500_brown_0.002,2,10,60.0,z150,117517.015625,142153.984375,0,1038240,0.0
z500_brown_0.002,2,10,60.0,z200,100690.2734375,123959.203125,0,1038240,0.0
z500_brown_0.002,2,10,60.0,z250,87464.40625,108985.4140625,0,1038240,0.0
z500_brown_0.002,2,10,60.0,z300,76626.0859375,96402.8359375,0,1038240,0.0
z500_brown_0.002,2,10,60.0,z400,58741.703125,75561.125,0,1038240,0.0
z500_brown_0.002,2,10,60.0,z500,44344.0234375,58725.9765625,0,1038240,0.0
z500_brown_0.002,2,10,60.0,z600,32221.6640625,44574.17578125,0,1038240,0.0
z500_brown_0.002,2,10,60.0,z700,21742.08203125,32346.0703125,0,1038240,0.0
z500_brown_0.002,2,10,60.0,z850,8121.54638671875,16585.025390625,0,1038240,0.0
z500_brown_0.002,2,10,60.0,z925,2082.34228515625,9557.603515625,0,1038240,0.0
z500_brown_0.002,2,10,60.0,z1000,-3607.79638671875,3107.6826171875,0,1038240,0.0
z500_brown_0.002,2,10,60.0,t50,180.18707275390625,235.94549560546875,0,1038240,0.0
z500_brown_0.002,2,10,60.0,t100,186.96449279785156,237.2009735107422,0,1038240,0.0
z500_brown_0.002,2,10,60.0,t150,190.72592163085938,241.93630981445312,0,1038240,0.0
z500_brown_0.002,2,10,60.0,t200,192.99046325683594,241.67709350585938,0,1038240,0.0
z500_brown_0.002,2,10,60.0,t250,198.99993896484375,243.7959442138672,0,1038240,0.0
z500_brown_0.002,2,10,60.0,t300,202.72970581054688,251.00161743164062,0,1038240,0.0
z500_brown_0.002,2,10,60.0,t400,213.3279266357422,265.9283447265625,0,1038240,0.0
z500_brown_0.002,2,10,60.0,t500,219.30731201171875,278.421875,0,1038240,0.0
z500_brown_0.002,2,10,60.0,t600,213.08511352539062,290.423828125,0,1038240,0.0
z500_brown_0.002,2,10,60.0,t700,210.86842346191406,303.19647216796875,0,1038240,0.0
z500_brown_0.002,2,10,60.0,t850,220.81655883789062,313.8207702636719,0,1038240,0.0
z500_brown_0.002,2,10,60.0,t925,224.4803466796875,319.02557373046875,0,1038240,0.0
z500_brown_0.002,2,10,60.0,t1000,228.08863830566406,324.2369384765625,0,1038240,0.0
z500_brown_0.002,2,10,60.0,q50,3.953766736231046e-07,2.0176130419713445e-06,0,1038240,0.0
z500_brown_0.002,2,10,60.0,q100,9.431881835553213e-07,5.520505510503426e-06,0,1038240,0.0
z500_brown_0.002,2,10,60.0,q150,2.151500666514039e-08,4.391639231471345e-05,0,1038240,0.0
z500_brown_0.002,2,10,60.0,q200,-8.182283636415377e-06,0.0002172499371226877,9385,1038240,0.009039335799044536
z500_brown_0.002,2,10,60.0,q250,-1.371651524095796e-05,0.0006904414622113109,16544,1038240,0.015934658653105255
z500_brown_0.002,2,10,60.0,q300,-2.3777829483151436e-05,0.0016197809018194675,16212,1038240,0.015614886731391586
z500_brown_0.002,2,10,60.0,q400,-7.02369143255055e-05,0.004474767949432135,32210,1038240,0.0310236554168593
z500_brown_0.002,2,10,60.0,q500,-0.0002057274105027318,0.008121397346258163,24063,1038240,0.023176722145168745
z500_brown_0.002,2,10,60.0,q600,-0.0002364489482715726,0.00995899923145771,18917,1038240,0.018220257358606873
z500_brown_0.002,2,10,60.0,q700,-0.00041777780279517174,0.013009622693061829,37156,1038240,0.035787486515641856
z500_brown_0.002,2,10,60.0,q850,-0.00048737507313489914,0.018404176458716393,42606,1038240,0.041036754507628295
z500_brown_0.002,2,10,60.0,q925,-0.0005079405382275581,0.020582905039191246,50373,1038240,0.048517683772538144
z500_brown_0.002,2,10,60.0,q1000,-0.0006459755823016167,0.02555752359330654,47530,1038240,0.045779395900755124
z500_brown_0.002,2,11,66.0,u10m,-26.134449005126953,21.277591705322266,0,1038240,0.0
z500_brown_0.002,2,11,66.0,v10m,-22.984434127807617,22.68067169189453,0,1038240,0.0
z500_brown_0.002,2,11,66.0,u100m,-33.98085403442383,27.23687171936035,0,1038240,0.0
z500_brown_0.002,2,11,66.0,v100m,-29.796228408813477,29.17283058166504,0,1038240,0.0
z500_brown_0.002,2,11,66.0,t2m,201.01316833496094,320.86474609375,0,1038240,0.0
z500_brown_0.002,2,11,66.0,sp,49142.8203125,103859.6328125,0,1038240,0.0
z500_brown_0.002,2,11,66.0,msl,95518.953125,103814.828125,0,1038240,0.0
z500_brown_0.002,2,11,66.0,tcwv,-2.0250205993652344,78.97240447998047,31854,1038240,0.030680767452612112
z500_brown_0.002,2,11,66.0,u50,-28.878299713134766,69.71127319335938,0,1038240,0.0
z500_brown_0.002,2,11,66.0,u100,-30.099685668945312,59.04627227783203,0,1038240,0.0
z500_brown_0.002,2,11,66.0,u150,-33.03485107421875,69.38789367675781,0,1038240,0.0
z500_brown_0.002,2,11,66.0,u200,-34.637550354003906,84.70146942138672,0,1038240,0.0
z500_brown_0.002,2,11,66.0,u250,-36.977027893066406,80.861328125,0,1038240,0.0
z500_brown_0.002,2,11,66.0,u300,-32.258182525634766,76.49261474609375,0,1038240,0.0
z500_brown_0.002,2,11,66.0,u400,-31.003145217895508,64.14368438720703,0,1038240,0.0
z500_brown_0.002,2,11,66.0,u500,-32.409446716308594,54.585723876953125,0,1038240,0.0
z500_brown_0.002,2,11,66.0,u600,-28.758886337280273,43.50809097290039,0,1038240,0.0
z500_brown_0.002,2,11,66.0,u700,-31.39554214477539,37.661048889160156,0,1038240,0.0
z500_brown_0.002,2,11,66.0,u850,-43.878604888916016,33.37703323364258,0,1038240,0.0
z500_brown_0.002,2,11,66.0,u925,-40.437042236328125,33.074825286865234,0,1038240,0.0
z500_brown_0.002,2,11,66.0,u1000,-26.202930450439453,22.639545440673828,0,1038240,0.0
z500_brown_0.002,2,11,66.0,v50,-22.314077377319336,20.131040573120117,0,1038240,0.0
z500_brown_0.002,2,11,66.0,v100,-24.890600204467773,20.69680404663086,0,1038240,0.0
z500_brown_0.002,2,11,66.0,v150,-34.851009368896484,33.5280647277832,0,1038240,0.0
z500_brown_0.002,2,11,66.0,v200,-47.04319763183594,42.180015563964844,0,1038240,0.0
z500_brown_0.002,2,11,66.0,v250,-55.512760162353516,46.75894546508789,0,1038240,0.0
z500_brown_0.002,2,11,66.0,v300,-54.34008026123047,51.836517333984375,0,1038240,0.0
z500_brown_0.002,2,11,66.0,v400,-52.82435989379883,54.34457015991211,0,1038240,0.0
z500_brown_0.002,2,11,66.0,v500,-43.71541213989258,47.36943435668945,0,1038240,0.0
z500_brown_0.002,2,11,66.0,v600,-37.135581970214844,37.39234924316406,0,1038240,0.0
z500_brown_0.002,2,11,66.0,v700,-31.785856246948242,33.35838317871094,0,1038240,0.0
z500_brown_0.002,2,11,66.0,v850,-32.4473762512207,35.742897033691406,0,1038240,0.0
z500_brown_0.002,2,11,66.0,v925,-30.01286506652832,37.168190002441406,0,1038240,0.0
z500_brown_0.002,2,11,66.0,v1000,-23.52136993408203,23.0669002532959,0,1038240,0.0
z500_brown_0.002,2,11,66.0,z50,176714.609375,208390.046875,0,1038240,0.0
z500_brown_0.002,2,11,66.0,z100,140183.84375,166096.4375,0,1038240,0.0
z500_brown_0.002,2,11,66.0,z150,117402.9296875,142017.5,0,1038240,0.0
z500_brown_0.002,2,11,66.0,z200,100558.7734375,123862.4765625,0,1038240,0.0
z500_brown_0.002,2,11,66.0,z250,87313.3828125,109124.640625,0,1038240,0.0
z500_brown_0.002,2,11,66.0,z300,76456.203125,96616.3671875,0,1038240,0.0
z500_brown_0.002,2,11,66.0,z400,58816.6328125,75781.875,0,1038240,0.0
z500_brown_0.002,2,11,66.0,z500,44434.2265625,58812.8671875,0,1038240,0.0
z500_brown_0.002,2,11,66.0,z600,32365.75,44530.90234375,0,1038240,0.0
z500_brown_0.002,2,11,66.0,z700,21929.27734375,32305.5234375,0,1038240,0.0
z500_brown_0.002,2,11,66.0,z850,8337.87109375,16545.798828125,0,1038240,0.0
z500_brown_0.002,2,11,66.0,z925,2314.64697265625,9515.140625,0,1038240,0.0
z500_brown_0.002,2,11,66.0,z1000,-3374.392578125,3075.56396484375,0,1038240,0.0
z500_brown_0.002,2,11,66.0,t50,180.37591552734375,236.08786010742188,0,1038240,0.0
z500_brown_0.002,2,11,66.0,t100,187.49510192871094,237.6298828125,0,1038240,0.0
z500_brown_0.002,2,11,66.0,t150,191.40943908691406,242.72320556640625,0,1038240,0.0
z500_brown_0.002,2,11,66.0,t200,192.8802490234375,242.63046264648438,0,1038240,0.0
z500_brown_0.002,2,11,66.0,t250,198.29904174804688,243.6096954345703,0,1038240,0.0
z500_brown_0.002,2,11,66.0,t300,202.35714721679688,250.70281982421875,0,1038240,0.0
z500_brown_0.002,2,11,66.0,t400,212.87173461914062,265.04486083984375,0,1038240,0.0
z500_brown_0.002,2,11,66.0,t500,219.29788208007812,275.822265625,0,1038240,0.0
z500_brown_0.002,2,11,66.0,t600,213.0136260986328,288.65496826171875,0,1038240,0.0
z500_brown_0.002,2,11,66.0,t700,212.12509155273438,299.82928466796875,0,1038240,0.0
z500_brown_0.002,2,11,66.0,t850,219.93360900878906,310.37103271484375,0,1038240,0.0
z500_brown_0.002,2,11,66.0,t925,223.630126953125,315.612060546875,0,1038240,0.0
z500_brown_0.002,2,11,66.0,t1000,227.1895294189453,320.6092224121094,0,1038240,0.0
z500_brown_0.002,2,11,66.0,q50,4.326930138631724e-07,2.025857156695565e-06,0,1038240,0.0
z500_brown_0.002,2,11,66.0,q100,1.0115736586158164e-06,5.253781637293287e-06,0,1038240,0.0
z500_brown_0.002,2,11,66.0,q150,1.8310856830794364e-07,4.0921826439443976e-05,0,1038240,0.0
z500_brown_0.002,2,11,66.0,q200,-8.112536306725815e-06,0.0002130982611561194,10897,1038240,0.010495646478656187
z500_brown_0.002,2,11,66.0,q250,-1.3800407032249495e-05,0.0006802914431318641,16585,1038240,0.015974148559100017
z500_brown_0.002,2,11,66.0,q300,-2.7962945750914514e-05,0.0016078808112069964,17541,1038240,0.01689493758668516
z500_brown_0.002,2,11,66.0,q400,-7.145784911699593e-05,0.004450868349522352,27338,1038240,0.026331098782555094
z500_brown_0.002,2,11,66.0,q500,-8.202268509194255e-05,0.007700951304286718,15176,1038240,0.014617044228694713
z500_brown_0.002,2,11,66.0,q600,-0.00023042713291943073,0.009795194491744041,17787,1038240,0.017131877022653723
z500_brown_0.002,2,11,66.0,q700,-0.00037216488271951675,0.012595375999808311,38413,1038240,0.036998189243334874
z500_brown_0.002,2,11,66.0,q850,-0.0006546224467456341,0.018816296011209488,41397,1038240,0.039872283865002314
z500_brown_0.002,2,11,66.0,q925,-0.0005484842695295811,0.02031511440873146,47810,1038240,0.04604908306364617
z500_brown_0.002,2,11,66.0,q1000,-0.0006325277499854565,0.025936026126146317,41821,1038240,0.04028066728309447
z500_brown_0.002,2,12,72.0,u10m,-21.797216415405273,22.098106384277344,0,1038240,0.0
z500_brown_0.002,2,12,72.0,v10m,-22.996912002563477,21.203794479370117,0,1038240,0.0
z500_brown_0.002,2,12,72.0,u100m,-27.83037757873535,28.069950103759766,0,1038240,0.0
z500_brown_0.002,2,12,72.0,v100m,-29.907270431518555,26.508041381835938,0,1038240,0.0
z500_brown_0.002,2,12,72.0,t2m,202.24282836914062,320.0141296386719,0,1038240,0.0
z500_brown_0.002,2,12,72.0,sp,49050.74609375,103853.3046875,0,1038240,0.0
z500_brown_0.002,2,12,72.0,msl,95900.40625,103810.8203125,0,1038240,0.0
z500_brown_0.002,2,12,72.0,tcwv,-2.0350589752197266,76.20509338378906,34122,1038240,0.03286523347202959
z500_brown_0.002,2,12,72.0,u50,-30.05782699584961,68.27484130859375,0,1038240,0.0
z500_brown_0.002,2,12,72.0,u100,-31.12891387939453,58.454830169677734,0,1038240,0.0
z500_brown_0.002,2,12,72.0,u150,-33.41200256347656,69.35594940185547,0,1038240,0.0
z500_brown_0.002,2,12,72.0,u200,-35.64313507080078,84.25502014160156,0,1038240,0.0
z500_brown_0.002,2,12,72.0,u250,-36.689056396484375,83.832763671875,0,1038240,0.0
z500_brown_0.002,2,12,72.0,u300,-32.92306900024414,76.98124694824219,0,1038240,0.0
z500_brown_0.002,2,12,72.0,u400,-36.72376251220703,63.46991729736328,0,1038240,0.0
z500_brown_0.002,2,12,72.0,u500,-39.55172348022461,53.5080680847168,0,1038240,0.0
z500_brown_0.002,2,12,72.0,u600,-35.54218673706055,43.660072326660156,0,1038240,0.0
z500_brown_0.002,2,12,72.0,u700,-30.598514556884766,38.66291046142578,0,1038240,0.0
z500_brown_0.002,2,12,72.0,u850,-37.30311584472656,32.87142562866211,0,1038240,0.0
z500_brown_0.002,2,12,72.0,u925,-35.848384857177734,34.581607818603516,0,1038240,0.0
z500_brown_0.002,2,12,72.0,u1000,-21.90566062927246,22.513750076293945,0,1038240,0.0
z500_brown_0.002,2,12,72.0,v50,-22.79149055480957,20.98895835876465,0,1038240,0.0
z500_brown_0.002,2,12,72.0,v100,-23.985549926757812,21.785512924194336,0,1038240,0.0
z500_brown_0.002,2,12,72.0,v150,-35.94264602661133,34.71177673339844,0,1038240,0.0
z500_brown_0.002,2,12,72.0,v200,-46.20637512207031,42.737571716308594,0,1038240,0.0
z500_brown_0.002,2,12,72.0,v250,-56.19752883911133,48.383934020996094,0,1038240,0.0
z500_brown_0.002,2,12,72.0,v300,-56.05116653442383,51.378849029541016,0,1038240,0.0
z500_brown_0.002,2,12,72.0,v400,-51.60105514526367,50.40016174316406,0,1038240,0.0
z500_brown_0.002,2,12,72.0,v500,-43.61153793334961,44.7511100769043,0,1038240,0.0
z500_brown_0.002,2,12,72.0,v600,-35.412078857421875,34.778465270996094,0,1038240,0.0
z500_brown_0.002,2,12,72.0,v700,-28.978574752807617,30.50614356994629,0,1038240,0.0
z500_brown_0.002,2,12,72.0,v850,-30.649463653564453,31.59624671936035,0,1038240,0.0
z500_brown_0.002,2,12,72.0,v925,-30.341785430908203,32.94182205200195,0,1038240,0.0
z500_brown_0.002,2,12,72.0,v1000,-23.290008544921875,21.25476837158203,0,1038240,0.0
z500_brown_0.002,2,12,72.0,z50,176656.15625,208410.140625,0,1038240,0.0
z500_brown_0.002,2,12,72.0,z100,140199.03125,165986.375,0,1038240,0.0
z500_brown_0.002,2,12,72.0,z150,117400.4765625,141871.8125,0,1038240,0.0
z500_brown_0.002,2,12,72.0,z200,100552.609375,123870.6953125,0,1038240,0.0
z500_brown_0.002,2,12,72.0,z250,87311.2109375,109258.03125,0,1038240,0.0
z500_brown_0.002,2,12,72.0,z300,76450.640625,96720.796875,0,1038240,0.0
z500_brown_0.002,2,12,72.0,z400,59031.7109375,75812.6171875,0,1038240,0.0
z500_brown_0.002,2,12,72.0,z500,44649.4296875,58781.18359375,0,1038240,0.0
z500_brown_0.002,2,12,72.0,z600,32612.947265625,44570.10546875,0,1038240,0.0
z500_brown_0.002,2,12,72.0,z700,22230.146484375,32338.42578125,0,1038240,0.0
z500_brown_0.002,2,12,72.0,z850,8618.4140625,16548.388671875,0,1038240,0.0
z500_brown_0.002,2,12,72.0,z925,2593.693359375,9508.6376953125,0,1038240,0.0
z500_brown_0.002,2,12,72.0,z1000,-3120.513671875,3073.22998046875,0,1038240,0.0
z500_brown_0.002,2,12,72.0,t50,180.08447265625,236.2888641357422,0,1038240,0.0
z500_brown_0.002,2,12,72.0,t100,186.93931579589844,238.2250518798828,0,1038240,0.0
z500_brown_0.002,2,12,72.0,t150,191.18637084960938,243.19149780273438,0,1038240,0.0
z500_brown_0.002,2,12,72.0,t200,192.03042602539062,243.43141174316406,0,1038240,0.0
z500_brown_0.002,2,12,72.0,t250,197.93359375,243.84815979003906,0,1038240,0.0
z500_brown_0.002,2,12,72.0,t300,201.85365295410156,250.8382568359375,0,1038240,0.0
z500_brown_0.002,2,12,72.0,t400,212.03143310546875,264.32440185546875,0,1038240,0.0
z500_brown_0.002,2,12,72.0,t500,219.24127197265625,274.9989318847656,0,1038240,0.0
z500_brown_0.002,2,12,72.0,t600,211.7568359375,286.74169921875,0,1038240,0.0
z500_brown_0.002,2,12,72.0,t700,211.20651245117188,295.19415283203125,0,1038240,0.0
z500_brown_0.002,2,12,72.0,t850,219.19142150878906,309.7452392578125,0,1038240,0.0
z500_brown_0.002,2,12,72.0,t925,222.73741149902344,314.9403381347656,0,1038240,0.0
z500_brown_0.002,2,12,72.0,t1000,226.2523956298828,319.817626953125,0,1038240,0.0
z500_brown_0.002,2,12,72.0,q50,4.610358246281976e-07,2.0345125903986627e-06,0,1038240,0.0
z500_brown_0.002,2,12,72.0,q100,1.0655212463461794e-06,5.0488661145209335e-06,0,1038240,0.0
z500_brown_0.002,2,12,72.0,q150,3.6225401345291175e-07,3.476102210697718e-05,0,1038240,0.0
z500_brown_0.002,2,12,72.0,q200,-6.8130848376313224e-06,0.00020054525521118194,10094,1038240,0.009722222222222222
z500_brown_0.002,2,12,72.0,q250,-1.2486412742873654e-05,0.0006797667592763901,18661,1038240,0.017973686238249346
z500_brown_0.002,2,12,72.0,q300,-2.324575325474143e-05,0.0015904103638604283,19632,1038240,0.01890892279241794
z500_brown_0.002,2,12,72.0,q400,-4.837103188037872e-05,0.004281030036509037,24553,1038240,0.023648674680228077
z500_brown_0.002,2,12,72.0,q500,-8.173688547685742e-05,0.0073345499113202095,14142,1038240,0.013621128062875635
z500_brown_0.002,2,12,72.0,q600,-0.0001937521155923605,0.00992379430681467,17414,1038240,0.016772615194945294
z500_brown_0.002,2,12,72.0,q700,-0.000419974559918046,0.012733088806271553,28947,1038240,0.027880836800739713
z500_brown_0.002,2,12,72.0,q850,-0.0006075967103242874,0.018416469916701317,36105,1038240,0.034775196486361536
z500_brown_0.002,2,12,72.0,q925,-0.0005896869115531445,0.020373869687318802,40376,1038240,0.03888888888888889
z500_brown_0.002,2,12,72.0,q1000,-0.0006400439888238907,0.025849683210253716,37477,1038240,0.03609666358452766
z500_brown_0.002,2,13,78.0,u10m,-18.601314544677734,20.6224308013916,0,1038240,0.0
z500_brown_0.002,2,13,78.0,v10m,-25.447593688964844,18.583393096923828,0,1038240,0.0
z500_brown_0.002,2,13,78.0,u100m,-24.86970329284668,25.932809829711914,0,1038240,0.0
z500_brown_0.002,2,13,78.0,v100m,-32.22157287597656,23.18562889099121,0,1038240,0.0
z500_brown_0.002,2,13,78.0,t2m,202.69346618652344,316.009765625,0,1038240,0.0
z500_brown_0.002,2,13,78.0,sp,49067.3046875,103785.0,0,1038240,0.0
z500_brown_0.002,2,13,78.0,msl,95951.71875,103741.6171875,0,1038240,0.0
z500_brown_0.002,2,13,78.0,tcwv,-1.989419937133789,75.1728286743164,33539,1038240,0.03230370627215287
z500_brown_0.002,2,13,78.0,u50,-31.878055572509766,68.8595199584961,0,1038240,0.0
z500_brown_0.002,2,13,78.0,u100,-31.236934661865234,57.02388381958008,0,1038240,0.0
z500_brown_0.002,2,13,78.0,u150,-34.16142272949219,69.37828063964844,0,1038240,0.0
z500_brown_0.002,2,13,78.0,u200,-36.047149658203125,84.68914794921875,0,1038240,0.0
z500_brown_0.002,2,13,78.0,u250,-37.0293083190918,83.80824279785156,0,1038240,0.0
z500_brown_0.002,2,13,78.0,u300,-33.328704833984375,77.33695983886719,0,1038240,0.0
z500_brown_0.002,2,13,78.0,u400,-36.31977844238281,60.33348083496094,0,1038240,0.0
z500_brown_0.002,2,13,78.0,u500,-40.574432373046875,51.8746223449707,0,1038240,0.0
z500_brown_0.002,2,13,78.0,u600,-37.153690338134766,45.29594802856445,0,1038240,0.0
z500_brown_0.002,2,13,78.0,u700,-29.95931625366211,38.76473617553711,0,1038240,0.0
z500_brown_0.002,2,13,78.0,u850,-31.925798416137695,34.75623321533203,0,1038240,0.0
z500_brown_0.002,2,13,78.0,u925,-30.386213302612305,33.27863693237305,0,1038240,0.0
z500_brown_0.002,2,13,78.0,u1000,-20.572265625,23.998085021972656,0,1038240,0.0
z500_brown_0.002,2,13,78.0,v50,-22.986186981201172,19.600343704223633,0,1038240,0.0
z500_brown_0.002,2,13,78.0,v100,-22.141826629638672,22.161144256591797,0,1038240,0.0
z500_brown_0.002,2,13,78.0,v150,-34.863155364990234,35.479652404785156,0,1038240,0.0
z500_brown_0.002,2,13,78.0,v200,-44.497596740722656,43.978515625,0,1038240,0.0
z500_brown_0.002,2,13,78.0,v250,-56.10880661010742,46.644142150878906,0,1038240,0.0
z500_brown_0.002,2,13,78.0,v300,-56.25339889526367,49.861392974853516,0,1038240,0.0
z500_brown_0.002,2,13,78.0,v400,-59.77491760253906,49.14522171020508,0,1038240,0.0
z500_brown_0.002,2,13,78.0,v500,-50.68358612060547,43.385746002197266,0,1038240,0.0
z500_brown_0.002,2,13,78.0,v600,-35.60793685913086,32.97652816772461,0,1038240,0.0
z500_brown_0.002,2,13,78.0,v700,-32.421844482421875,29.928630828857422,0,1038240,0.0
z500_brown_0.002,2,13,78.0,v850,-35.39151382446289,28.98275375366211,0,1038240,0.0
z500_brown_0.002,2,13,78.0,v925,-32.46863555908203,29.47768211364746,0,1038240,0.0
z500_brown_0.002,2,13,78.0,v1000,-25.876989364624023,21.000211715698242,0,1038240,0.0
z500_brown_0.002,2,13,78.0,z50,176675.234375,208528.25,0,1038240,0.0
z500_brown_0.002,2,13,78.0,z100,140171.390625,166111.015625,0,1038240,0.0
z500_brown_0.002,2,13,78.0,z150,117350.015625,142002.09375,0,1038240,0.0
z500_brown_0.002,2,13,78.0,z200,100511.625,123847.2265625,0,1038240,0.0
z500_brown_0.002,2,13,78.0,z250,87264.625,109248.1875,0,1038240,0.0
z500_brown_0.002,2,13,78.0,z300,76412.1484375,96727.96875,0,1038240,0.0
z500_brown_0.002,2,13,78.0,z400,59141.65234375,75855.421875,0,1038240,0.0
z500_brown_0.002,2,13,78.0,z500,44787.859375,58846.859375,0,1038240,0.0
z500_brown_0.002,2,13,78.0,z600,32759.29296875,44534.4296875,0,1038240,0.0
z500_brown_0.002,2,13,78.0,z700,22359.80078125,32305.357421875,0,1038240,0.0
z500_brown_0.002,2,13,78.0,z850,8753.6572265625,16497.5703125,0,1038240,0.0
z500_brown_0.002,2,13,78.0,z925,2761.6826171875,9447.1328125,0,1038240,0.0
z500_brown_0.002,2,13,78.0,z1000,-3227.640625,3016.7421875,0,1038240,0.0
z500_brown_0.002,2,13,78.0,t50,179.90716552734375,236.67686462402344,0,1038240,0.0
z500_brown_0.002,2,13,78.0,t100,185.7497100830078,238.61781311035156,0,1038240,0.0
z500_brown_0.002,2,13,78.0,t150,188.82244873046875,244.01876831054688,0,1038240,0.0
z500_brown_0.002,2,13,78.0,t200,191.53298950195312,244.09451293945312,0,1038240,0.0
z500_brown_0.002,2,13,78.0,t250,197.8176727294922,244.0406036376953,0,1038240,0.0
z500_brown_0.002,2,13,78.0,t300,201.77841186523438,250.6331787109375,0,1038240,0.0
z500_brown_0.002,2,13,78.0,t400,211.89382934570312,264.61248779296875,0,1038240,0.0
z500_brown_0.002,2,13,78.0,t500,218.9440155029297,276.28460693359375,0,1038240,0.0
z500_brown_0.002,2,13,78.0,t600,209.41943359375,288.2858581542969,0,1038240,0.0
z500_brown_0.002,2,13,78.0,t700,212.02171325683594,299.9704284667969,0,1038240,0.0
z500_brown_0.002,2,13,78.0,t850,219.86643981933594,312.2600402832031,0,1038240,0.0
z500_brown_0.002,2,13,78.0,t925,223.4905548095703,317.03741455078125,0,1038240,0.0
z500_brown_0.002,2,13,78.0,t1000,227.02230834960938,322.04510498046875,0,1038240,0.0
z500_brown_0.002,2,13,78.0,q50,4.939229256706312e-07,2.042340383923147e-06,0,1038240,0.0
z500_brown_0.002,2,13,78.0,q100,1.0693811418605037e-06,4.864130460191518e-06,0,1038240,0.0
z500_brown_0.002,2,13,78.0,q150,2.3717166186543182e-07,3.603805453167297e-05,0,1038240,0.0
z500_brown_0.002,2,13,78.0,q200,-7.122513125068508e-06,0.00019896109006367624,9823,1038240,0.009461203575281246
z500_brown_0.002,2,13,78.0,q250,-9.45354622672312e-06,0.0006768769235350192,19703,1038240,0.018977307751579596
z500_brown_0.002,2,13,78.0,q300,-2.4735330953262746e-05,0.0015806779265403748,19960,1038240,0.01922484204037602
z500_brown_0.002,2,13,78.0,q400,-4.05003665946424e-05,0.004218549467623234,26177,1038240,0.025212860224996147
z500_brown_0.002,2,13,78.0,q500,-0.00011872965842485428,0.007835537195205688,13540,1038240,0.013041300662659886
z500_brown_0.002,2,13,78.0,q600,-0.0001982423709705472,0.011312366463243961,14515,1038240,0.013980389890584066
z500_brown_0.002,2,13,78.0,q700,-0.0003848227206617594,0.013243308290839195,34750,1038240,0.03347010325165665
z500_brown_0.002,2,13,78.0,q850,-0.0006110966205596924,0.018513569608330727,40037,1038240,0.03856237478810294
z500_brown_0.002,2,13,78.0,q925,-0.000555860809981823,0.021080948412418365,48955,1038240,0.04715191092618277
z500_brown_0.002,2,13,78.0,q1000,-0.0006118803285062313,0.025900300592184067,39549,1038240,0.03809234858992141
z500_brown_0.002,2,14,84.0,u10m,-22.25766944885254,19.307785034179688,0,1038240,0.0
z500_brown_0.002,2,14,84.0,v10m,-24.447052001953125,17.109033584594727,0,1038240,0.0
z500_brown_0.002,2,14,84.0,u100m,-29.030345916748047,24.310422897338867,0,1038240,0.0
z500_brown_0.002,2,14,84.0,v100m,-31.17706871032715,20.955333709716797,0,1038240,0.0
z500_brown_0.002,2,14,84.0,t2m,202.8790283203125,321.677001953125,0,1038240,0.0
z500_brown_0.002,2,14,84.0,sp,48977.42578125,103765.2578125,0,1038240,0.0
z500_brown_0.002,2,14,84.0,msl,95896.125,103731.7578125,0,1038240,0.0
z500_brown_0.002,2,14,84.0,tcwv,-2.092214584350586,75.50370788574219,31912,1038240,0.030736631222068114
z500_brown_0.002,2,14,84.0,u50,-30.270938873291016,68.08555603027344,0,1038240,0.0
z500_brown_0.002,2,14,84.0,u100,-30.953262329101562,55.83412170410156,0,1038240,0.0
z500_brown_0.002,2,14,84.0,u150,-35.05353546142578,69.25270080566406,0,1038240,0.0
z500_brown_0.002,2,14,84.0,u200,-36.09851837158203,86.09394073486328,0,1038240,0.0
z500_brown_0.002,2,14,84.0,u250,-36.6229362487793,86.00251770019531,0,1038240,0.0
z500_brown_0.002,2,14,84.0,u300,-32.613258361816406,79.61320495605469,0,1038240,0.0
z500_brown_0.002,2,14,84.0,u400,-39.70928192138672,59.26115417480469,0,1038240,0.0
z500_brown_0.002,2,14,84.0,u500,-36.80902099609375,51.312538146972656,0,1038240,0.0
z500_brown_0.002,2,14,84.0,u600,-33.95912551879883,45.14632034301758,0,1038240,0.0
z500_brown_0.002,2,14,84.0,u700,-28.116680145263672,38.56263732910156,0,1038240,0.0
z500_brown_0.002,2,14,84.0,u850,-32.71014404296875,36.40444564819336,0,1038240,0.0
z500_brown_0.002,2,14,84.0,u925,-34.64472961425781,30.550466537475586,0,1038240,0.0
z500_brown_0.002,2,14,84.0,u1000,-21.478656768798828,22.437747955322266,0,1038240,0.0
z500_brown_0.002,2,14,84.0,v50,-23.45082664489746,20.549846649169922,0,1038240,0.0
z500_brown_0.002,2,14,84.0,v100,-21.516124725341797,21.64522361755371,0,1038240,0.0
z500_brown_0.002,2,14,84.0,v150,-35.23429870605469,36.811378479003906,0,1038240,0.0
z500_brown_0.002,2,14,84.0,v200,-45.03008270263672,47.15945053100586,0,1038240,0.0
z500_brown_0.002,2,14,84.0,v250,-54.262332916259766,46.91984176635742,0,1038240,0.0
z500_brown_0.002,2,14,84.0,v300,-56.241600036621094,45.396697998046875,0,1038240,0.0
z500_brown_0.002,2,14,84.0,v400,-60.55414581298828,47.01396560668945,0,1038240,0.0
z500_brown_0.002,2,14,84.0,v500,-51.70246505737305,42.20846176147461,0,1038240,0.0
z500_brown_0.002,2,14,84.0,v600,-39.57073974609375,36.16775894165039,0,1038240,0.0
z500_brown_0.002,2,14,84.0,v700,-34.32075500488281,30.995731353759766,0,1038240,0.0
z500_brown_0.002,2,14,84.0,v850,-36.8287239074707,26.30169677734375,0,1038240,0.0
z500_brown_0.002,2,14,84.0,v925,-31.38910484313965,27.427820205688477,0,1038240,0.0
z500_brown_0.002,2,14,84.0,v1000,-24.899494171142578,18.692014694213867,0,1038240,0.0
z500_brown_0.002,2,14,84.0,z50,176581.4375,208627.875,0,1038240,0.0
z500_brown_0.002,2,14,84.0,z100,140189.859375,166245.578125,0,1038240,0.0
z500_brown_0.002,2,14,84.0,z150,117373.3359375,142230.375,0,1038240,0.0
z500_brown_0.002,2,14,84.0,z200,100528.984375,123953.4921875,0,1038240,0.0
z500_brown_0.002,2,14,84.0,z250,87282.921875,109064.4765625,0,1038240,0.0
z500_brown_0.002,2,14,84.0,z300,76423.6640625,96555.9453125,0,1038240,0.0
z500_brown_0.002,2,14,84.0,z400,59134.22265625,75707.671875,0,1038240,0.0
z500_brown_0.002,2,14,84.0,z500,45043.62109375,58725.70703125,0,1038240,0.0
z500_brown_0.002,2,14,84.0,z600,32981.8359375,44498.734375,0,1038240,0.0
z500_brown_0.002,2,14,84.0,z700,22600.1875,32281.109375,0,1038240,0.0
z500_brown_0.002,2,14,84.0,z850,8884.130859375,16489.318359375,0,1038240,0.0
z500_brown_0.002,2,14,84.0,z925,2661.484375,9434.353515625,0,1038240,0.0
z500_brown_0.002,2,14,84.0,z1000,-3265.61767578125,3005.28125,0,1038240,0.0
z500_brown_0.002,2,14,84.0,t50,179.21636962890625,237.076904296875,0,1038240,0.0
z500_brown_0.002,2,14,84.0,t100,184.4639129638672,239.09584045410156,0,1038240,0.0
z500_brown_0.002,2,14,84.0,t150,187.56716918945312,243.8856658935547,0,1038240,0.0
z500_brown_0.002,2,14,84.0,t200,192.19546508789062,243.72885131835938,0,1038240,0.0
z500_brown_0.002,2,14,84.0,t250,197.80874633789062,244.4952850341797,0,1038240,0.0
z500_brown_0.002,2,14,84.0,t300,202.18215942382812,251.1154327392578,0,1038240,0.0
z500_brown_0.002,2,14,84.0,t400,211.947265625,265.82080078125,0,1038240,0.0
z500_brown_0.002,2,14,84.0,t500,218.78065490722656,278.5989990234375,0,1038240,0.0
z500_brown_0.002,2,14,84.0,t600,209.16763305664062,291.13848876953125,0,1038240,0.0
z500_brown_0.002,2,14,84.0,t700,213.55938720703125,302.83148193359375,0,1038240,0.0
z500_brown_0.002,2,14,84.0,t850,221.4910125732422,313.38787841796875,0,1038240,0.0
z500_brown_0.002,2,14,84.0,t925,225.04136657714844,318.4015808105469,0,1038240,0.0
z500_brown_0.002,2,14,84.0,t1000,228.61904907226562,323.5467834472656,0,1038240,0.0
z500_brown_0.002,2,14,84.0,q50,5.270173915050691e-07,2.046790541498922e-06,0,1038240,0.0
z500_brown_0.002,2,14,84.0,q100,1.0388018836238189e-06,4.7205103328451514e-06,0,1038240,0.0
z500_brown_0.002,2,14,84.0,q150,2.470465005899314e-07,4.4812404667027295e-05,0,1038240,0.0
z500_brown_0.002,2,14,84.0,q200,-6.677119017695077e-06,0.0002273282007081434,11098,1038240,0.010689243334874404
z500_brown_0.002,2,14,84.0,q250,-1.2172928109066561e-05,0.0006437203846871853,19093,1038240,0.018389775003852672
z500_brown_0.002,2,14,84.0,q300,-2.8715337975881994e-05,0.0015306929126381874,20910,1038240,0.020139852057327785
z500_brown_0.002,2,14,84.0,q400,-0.0001409940014127642,0.004130534362047911,28137,1038240,0.027100670365233472
z500_brown_0.002,2,14,84.0,q500,-0.00015615788288414478,0.007904794067144394,13163,1038240,0.01267818616119587
z500_brown_0.002,2,14,84.0,q600,-0.00016402453184127808,0.010195247828960419,13271,1038240,0.012782208352596702
z500_brown_0.002,2,14,84.0,q700,-0.000382045516744256,0.013227419927716255,26411,1038240,0.02543824163969795
z500_brown_0.002,2,14,84.0,q850,-0.00046175112947821617,0.018716249614953995,37679,1038240,0.036291223609184776
z500_brown_0.002,2,14,84.0,q925,-0.0005225581116974354,0.021260283887386322,46633,1038240,0.04491543381106488
z500_brown_0.002,2,14,84.0,q1000,-0.0006074337288737297,0.025461412966251373,35300,1038240,0.033999845893049774
z500_brown_0.002,2,15,90.0,u10m,-25.068689346313477,18.421262741088867,0,1038240,0.0
z500_brown_0.002,2,15,90.0,v10m,-22.057514190673828,17.268281936645508,0,1038240,0.0
z500_brown_0.002,2,15,90.0,u100m,-32.2119026184082,23.079835891723633,0,1038240,0.0
z500_brown_0.002,2,15,90.0,v100m,-27.827499389648438,21.189973831176758,0,1038240,0.0
z500_brown_0.002,2,15,90.0,t2m,202.79513549804688,320.7996826171875,0,1038240,0.0
z500_brown_0.002,2,15,90.0,sp,49108.20703125,103720.671875,0,1038240,0.0
z500_brown_0.002,2,15,90.0,msl,95627.90625,103684.578125,0,1038240,0.0
z500_brown_0.002,2,15,90.0,tcwv,-2.0749454498291016,77.99187469482422,28532,1038240,0.027481121898597628
z500_brown_0.002,2,15,90.0,u50,-30.203147888183594,69.28488159179688,0,1038240,0.0
z500_brown_0.002,2,15,90.0,u100,-31.872257232666016,56.246402740478516,0,1038240,0.0
z500_brown_0.002,2,15,90.0,u150,-39.64637756347656,71.26325225830078,0,1038240,0.0
z500_brown_0.002,2,15,90.0,u200,-35.045440673828125,86.2799072265625,0,1038240,0.0
z500_brown_0.002,2,15,90.0,u250,-35.42326736450195,86.18467712402344,0,1038240,0.0
z500_brown_0.002,2,15,90.0,u300,-41.19398880004883,81.03596496582031,0,1038240,0.0
z500_brown_0.002,2,15,90.0,u400,-42.594383239746094,58.475990295410156,0,1038240,0.0
z500_brown_0.002,2,15,90.0,u500,-35.94170379638672,49.034767150878906,0,1038240,0.0
z500_brown_0.002,2,15,90.0,u600,-27.256513595581055,42.32047653198242,0,1038240,0.0
z500_brown_0.002,2,15,90.0,u700,-29.696075439453125,38.36408615112305,0,1038240,0.0
z500_brown_0.002,2,15,90.0,u850,-38.06687545776367,37.10517120361328,0,1038240,0.0
z500_brown_0.002,2,15,90.0,u925,-38.47182846069336,31.078433990478516,0,1038240,0.0
z500_brown_0.002,2,15,90.0,u1000,-24.370582580566406,20.254804611206055,0,1038240,0.0
z500_brown_0.002,2,15,90.0,v50,-23.297348022460938,19.64504623413086,0,1038240,0.0
z500_brown_0.002,2,15,90.0,v100,-19.012306213378906,23.163745880126953,0,1038240,0.0
z500_brown_0.002,2,15,90.0,v150,-34.84716796875,35.65214157104492,0,1038240,0.0
z500_brown_0.002,2,15,90.0,v200,-43.131813049316406,47.22747802734375,0,1038240,0.0
z500_brown_0.002,2,15,90.0,v250,-53.56098175048828,54.50439453125,0,1038240,0.0
z500_brown_0.002,2,15,90.0,v300,-53.60969161987305,56.11025619506836,0,1038240,0.0
z500_brown_0.002,2,15,90.0,v400,-57.53152847290039,51.181766510009766,0,1038240,0.0
z500_brown_0.002,2,15,90.0,v500,-52.427547454833984,46.60366439819336,0,1038240,0.0
z500_brown_0.002,2,15,90.0,v600,-42.363624572753906,39.33467102050781,0,1038240,0.0
z500_brown_0.002,2,15,90.0,v700,-33.313560485839844,31.46711540222168,0,1038240,0.0
z500_brown_0.002,2,15,90.0,v850,-33.24741744995117,26.943544387817383,0,1038240,0.0
z500_brown_0.002,2,15,90.0,v925,-32.401275634765625,27.454496383666992,0,1038240,0.0
z500_brown_0.002,2,15,90.0,v1000,-22.131053924560547,19.455263137817383,0,1038240,0.0
z500_brown_0.002,2,15,90.0,z50,176502.25,208529.40625,0,1038240,0.0
z500_brown_0.002,2,15,90.0,z100,140158.328125,166366.625,0,1038240,0.0
z500_brown_0.002,2,15,90.0,z150,117319.53125,142236.828125,0,1038240,0.0
z500_brown_0.002,2,15,90.0,z200,100455.8125,123965.796875,0,1038240,0.0
z500_brown_0.002,2,15,90.0,z250,87191.96875,109189.7578125,0,1038240,0.0
z500_brown_0.002,2,15,90.0,z300,76306.8515625,96677.859375,0,1038240,0.0
z500_brown_0.002,2,15,90.0,z400,59016.86328125,75823.4921875,0,1038240,0.0
z500_brown_0.002,2,15,90.0,z500,45261.86328125,58826.21875,0,1038240,0.0
z500_brown_0.002,2,15,90.0,z600,33199.96484375,44416.84765625,0,1038240,0.0
z500_brown_0.002,2,15,90.0,z700,22617.94140625,32206.015625,0,1038240,0.0
z500_brown_0.002,2,15,90.0,z850,8617.2802734375,16434.59375,0,1038240,0.0
z500_brown_0.002,2,15,90.0,z925,2419.2529296875,9387.626953125,0,1038240,0.0
z500_brown_0.002,2,15,90.0,z1000,-3379.7578125,2969.92138671875,0,1038240,0.0
z500_brown_0.002,2,15,90.0,t50,179.1553192138672,237.3946533203125,0,1038240,0.0
z500_brown_0.002,2,15,90.0,t100,184.39219665527344,239.3372802734375,0,1038240,0.0
z500_brown_0.002,2,15,90.0,t150,186.71484375,244.24346923828125,0,1038240,0.0
z500_brown_0.002,2,15,90.0,t200,192.79742431640625,243.51051330566406,0,1038240,0.0
z500_brown_0.002,2,15,90.0,t250,198.02102661132812,244.68743896484375,0,1038240,0.0
z500_brown_0.002,2,15,90.0,t300,202.35482788085938,250.41928100585938,0,1038240,0.0
z500_brown_0.002,2,15,90.0,t400,211.866455078125,264.7387390136719,0,1038240,0.0
z500_brown_0.002,2,15,90.0,t500,218.04705810546875,275.39837646484375,0,1038240,0.0
z500_brown_0.002,2,15,90.0,t600,208.2862091064453,287.3929138183594,0,1038240,0.0
z500_brown_0.002,2,15,90.0,t700,213.62928771972656,296.941162109375,0,1038240,0.0
z500_brown_0.002,2,15,90.0,t850,222.4696502685547,309.2829895019531,0,1038240,0.0
z500_brown_0.002,2,15,90.0,t925,226.14678955078125,314.96905517578125,0,1038240,0.0
z500_brown_0.002,2,15,90.0,t1000,229.2900390625,320.39654541015625,0,1038240,0.0
z500_brown_0.002,2,15,90.0,q50,5.626802703773137e-07,2.059614871541271e-06,0,1038240,0.0
z500_brown_0.002,2,15,90.0,q100,1.0252571200908278e-06,4.648479716706788e-06,0,1038240,0.0
z500_brown_0.002,2,15,90.0,q150,-1.308590071857907e-07,4.122227619518526e-05,6,1038240,5.779010633379566e-06
z500_brown_0.002,2,15,90.0,q200,-7.555043339380063e-06,0.0002161378797609359,11071,1038240,0.010663237787024195
z500_brown_0.002,2,15,90.0,q250,-1.2612475984496996e-05,0.0006970862741582096,17755,1038240,0.01710105563260903
z500_brown_0.002,2,15,90.0,q300,-3.344011201988906e-05,0.001512878923676908,19704,1038240,0.018978270920018494
z500_brown_0.002,2,15,90.0,q400,-6.327719893306494e-05,0.004263550043106079,31160,1038240,0.030012328556017875
z500_brown_0.002,2,15,90.0,q500,-0.00011732050916180015,0.0075948541052639484,13236,1038240,0.012748497457235322
z500_brown_0.002,2,15,90.0,q600,-0.00021692004520446062,0.01003086194396019,14588,1038240,0.014050701186623517
z500_brown_0.002,2,15,90.0,q700,-0.00042048050090670586,0.013041475787758827,36155,1038240,0.03482335490830636
z500_brown_0.002,2,15,90.0,q850,-0.0005238023586571217,0.01867050863802433,40921,1038240,0.039413815688087536
z500_brown_0.002,2,15,90.0,q925,-0.00044500967487692833,0.02106172777712345,51690,1038240,0.04978617660656496
z500_brown_0.002,2,15,90.0,q1000,-0.0005167820490896702,0.025356680154800415,39680,1038240,0.03821852365541686
z500_brown_0.002,2,16,96.0,u10m,-22.524412155151367,18.9865665435791,0,1038240,0.0
z500_brown_0.002,2,16,96.0,v10m,-20.345993041992188,21.249303817749023,0,1038240,0.0
z500_brown_0.002,2,16,96.0,u100m,-29.566675186157227,23.246047973632812,0,1038240,0.0
z500_brown_0.002,2,16,96.0,v100m,-25.795337677001953,26.953184127807617,0,1038240,0.0
z500_brown_0.002,2,16,96.0,t2m,202.6654815673828,317.0157775878906,0,1038240,0.0
z500_brown_0.002,2,16,96.0,sp,48953.82421875,103677.03125,0,1038240,0.0
z500_brown_0.002,2,16,96.0,msl,95442.5078125,103646.203125,0,1038240,0.0
z500_brown_0.002,2,16,96.0,tcwv,-2.5434207916259766,76.46473693847656,36474,1038240,0.03513060564031438
z500_brown_0.002,2,16,96.0,u50,-30.52142333984375,68.74793243408203,0,1038240,0.0
z500_brown_0.002,2,16,96.0,u100,-31.39344024658203,57.53583526611328,0,1038240,0.0
z500_brown_0.002,2,16,96.0,u150,-40.40165710449219,73.53086853027344,0,1038240,0.0
z500_brown_0.002,2,16,96.0,u200,-34.44841766357422,85.09110260009766,0,1038240,0.0
z500_brown_0.002,2,16,96.0,u250,-34.67245101928711,86.83738708496094,0,1038240,0.0
z500_brown_0.002,2,16,96.0,u300,-34.55133819580078,80.35405731201172,0,1038240,0.0
z500_brown_0.002,2,16,96.0,u400,-42.482627868652344,59.449302673339844,0,1038240,0.0
z500_brown_0.002,2,16,96.0,u500,-36.507408142089844,49.759517669677734,0,1038240,0.0
z500_brown_0.002,2,16,96.0,u600,-32.34478759765625,42.051414489746094,0,1038240,0.0
z500_brown_0.002,2,16,96.0,u700,-35.030494689941406,39.421241760253906,0,1038240,0.0
z500_brown_0.002,2,16,96.0,u850,-40.75566101074219,38.88197326660156,0,1038240,0.0
z500_brown_0.002,2,16,96.0,u925,-33.32979965209961,32.894325256347656,0,1038240,0.0
z500_brown_0.002,2,16,96.0,u1000,-22.39902687072754,19.918254852294922,0,1038240,0.0
z500_brown_0.002,2,16,96.0,v50,-22.654273986816406,21.10186767578125,0,1038240,0.0
z500_brown_0.002,2,16,96.0,v100,-17.910812377929688,25.31600570678711,0,1038240,0.0
z500_brown_0.002,2,16,96.0,v150,-33.9246826171875,37.38596725463867,0,1038240,0.0
z500_brown_0.002,2,16,96.0,v200,-42.61453628540039,50.39089584350586,0,1038240,0.0
z500_brown_0.002,2,16,96.0,v250,-52.97762680053711,57.74287033081055,0,1038240,0.0
z500_brown_0.002,2,16,96.0,v300,-51.45628356933594,61.237152099609375,0,1038240,0.0
z500_brown_0.002,2,16,96.0,v400,-56.173824310302734,52.92842483520508,0,1038240,0.0
z500_brown_0.002,2,16,96.0,v500,-49.94172286987305,50.4405517578125,0,1038240,0.0
z500_brown_0.002,2,16,96.0,v600,-39.05060577392578,43.01667022705078,0,1038240,0.0
z500_brown_0.002,2,16,96.0,v700,-32.86711883544922,33.781959533691406,0,1038240,0.0
z500_brown_0.002,2,16,96.0,v850,-31.290597915649414,31.616878509521484,0,1038240,0.0
z500_brown_0.002,2,16,96.0,v925,-31.011070251464844,30.932674407958984,0,1038240,0.0
z500_brown_0.002,2,16,96.0,v1000,-20.61338233947754,20.962909698486328,0,1038240,0.0
z500_brown_0.002,2,16,96.0,z50,176400.46875,208509.921875,0,1038240,0.0
z500_brown_0.002,2,16,96.0,z100,140139.5625,166237.296875,0,1038240,0.0
z500_brown_0.002,2,16,96.0,z150,117289.4296875,142083.46875,0,1038240,0.0
z500_brown_0.002,2,16,96.0,z200,100395.96875,123891.0234375,0,1038240,0.0
z500_brown_0.002,2,16,96.0,z250,87118.8359375,109254.1953125,0,1038240,0.0
z500_brown_0.002,2,16,96.0,z300,76239.3984375,96697.9453125,0,1038240,0.0
z500_brown_0.002,2,16,96.0,z400,58992.76171875,75753.1796875,0,1038240,0.0
z500_brown_0.002,2,16,96.0,z500,45088.83203125,58690.90625,0,1038240,0.0
z500_brown_0.002,2,16,96.0,z600,32966.5234375,44427.859375,0,1038240,0.0
z500_brown_0.002,2,16,96.0,z700,22359.845703125,32210.625,0,1038240,0.0
z500_brown_0.002,2,16,96.0,z850,8414.05859375,16431.419921875,0,1038240,0.0
z500_brown_0.002,2,16,96.0,z925,2257.90869140625,9377.4228515625,0,1038240,0.0
z500_brown_0.002,2,16,96.0,z1000,-3656.306640625,2944.12890625,0,1038240,0.0
z500_brown_0.002,2,16,96.0,t50,179.28109741210938,237.5141143798828,0,1038240,0.0
z500_brown_0.002,2,16,96.0,t100,184.83180236816406,239.82960510253906,0,1038240,0.0
z500_brown_0.002,2,16,96.0,t150,186.81875610351562,244.42372131347656,0,1038240,0.0
z500_brown_0.002,2,16,96.0,t200,193.3594512939453,243.44126892089844,0,1038240,0.0
z500_brown_0.002,2,16,96.0,t250,198.175537109375,245.020751953125,0,1038240,0.0
z500_brown_0.002,2,16,96.0,t300,202.55889892578125,250.17422485351562,0,1038240,0.0
z500_brown_0.002,2,16,96.0,t400,211.1821746826172,264.2886047363281,0,1038240,0.0
z500_brown_0.002,2,16,96.0,t500,217.80105590820312,275.308349609375,0,1038240,0.0
z500_brown_0.002,2,16,96.0,t600,207.25994873046875,284.966552734375,0,1038240,0.0
z500_brown_0.002,2,16,96.0,t700,213.83718872070312,293.690185546875,0,1038240,0.0
z500_brown_0.002,2,16,96.0,t850,222.33560180664062,310.1971130371094,0,1038240,0.0
z500_brown_0.002,2,16,96.0,t925,226.0518798828125,315.1353454589844,0,1038240,0.0
z500_brown_0.002,2,16,96.0,t1000,229.23739624023438,320.0191650390625,0,1038240,0.0
z500_brown_0.002,2,16,96.0,q50,5.959243480901932e-07,2.078248144243844e-06,0,1038240,0.0
z500_brown_0.002,2,16,96.0,q100,1.0217860335615114e-06,4.6376999307540245e-06,0,1038240,0.0
z500_brown_0.002,2,16,96.0,q150,-8.614010766905267e-07,3.532194023136981e-05,18,1038240,1.7337031900138696e-05
z500_brown_0.002,2,16,96.0,q200,-8.200771844713017e-06,0.00019057323515880853,12406,1038240,0.011949067652951149
z500_brown_0.002,2,16,96.0,q250,-1.271895962418057e-05,0.0006712225149385631,16418,1038240,0.015813299429804285
z500_brown_0.002,2,16,96.0,q300,-3.052703686989844e-05,0.0015222543152049184,20108,1038240,0.019367390969332716
z500_brown_0.002,2,16,96.0,q400,-5.2349845645949244e-05,0.0041269781067967415,23290,1038240,0.02243219294190168
z500_brown_0.002,2,16,96.0,q500,-0.00010896410094574094,0.007285442668944597,13275,1038240,0.012786061026352288
z500_brown_0.002,2,16,96.0,q600,-0.0002588497009128332,0.0099544832482934,16309,1038240,0.015708314069964556
z500_brown_0.002,2,16,96.0,q700,-0.00044941529631614685,0.012689877301454544,32262,1038240,0.031073740175681923
z500_brown_0.002,2,16,96.0,q850,-0.0007162075489759445,0.018840499222278595,44005,1038240,0.04238422715364463
z500_brown_0.002,2,16,96.0,q925,-0.0005445168353617191,0.022062357515096664,50758,1038240,0.048888503621513334
z500_brown_0.002,2,16,96.0,q1000,-0.0005782898515462875,0.02557321824133396,45568,1038240,0.04388965942364001
z500_brown_0.002,2,17,102.0,u10m,-20.447084426879883,21.11139678955078,0,1038240,0.0
z500_brown_0.002,2,17,102.0,v10m,-18.133930206298828,20.082380294799805,0,1038240,0.0
z500_brown_0.002,2,17,102.0,u100m,-26.942310333251953,26.973194122314453,0,1038240,0.0
z500_brown_0.002,2,17,102.0,v100m,-23.187841415405273,24.54715347290039,0,1038240,0.0
z500_brown_0.002,2,17,102.0,t2m,202.50216674804688,314.72747802734375,0,1038240,0.0
z500_brown_0.002,2,17,102.0,sp,48953.65625,103568.015625,0,1038240,0.0
z500_brown_0.002,2,17,102.0,msl,95324.5078125,103540.734375,0,1038240,0.0
z500_brown_0.002,2,17,102.0,tcwv,-2.5306339263916016,76.61925506591797,41041,1038240,0.039529395900755125
z500_brown_0.002,2,17,102.0,u50,-31.90703582763672,70.73606872558594,0,1038240,0.0
z500_brown_0.002,2,17,102.0,u100,-31.345020294189453,59.45416259765625,0,1038240,0.0
z500_brown_0.002,2,17,102.0,u150,-39.85612487792969,73.35550689697266,0,1038240,0.0
z500_brown_0.002,2,17,102.0,u200,-33.100189208984375,85.61609649658203,0,1038240,0.0
z500_brown_0.002,2,17,102.0,u250,-33.98862075805664,86.949951171875,0,1038240,0.0
z500_brown_0.002,2,17,102.0,u300,-37.05870056152344,80.16206359863281,0,1038240,0.0
z500_brown_0.002,2,17,102.0,u400,-40.66468048095703,59.86949157714844,0,1038240,0.0
z500_brown_0.002,2,17,102.0,u500,-39.11371994018555,49.35150909423828,0,1038240,0.0
z500_brown_0.002,2,17,102.0,u600,-34.94274139404297,42.565521240234375,0,1038240,0.0
z500_brown_0.002,2,17,102.0,u700,-34.63687515258789,38.999637603759766,0,1038240,0.0
z500_brown_0.002,2,17,102.0,u850,-35.030948638916016,37.072452545166016,0,1038240,0.0
z500_brown_0.002,2,17,102.0,u925,-32.373863220214844,32.71088790893555,0,1038240,0.0
z500_brown_0.002,2,17,102.0,u1000,-20.76357650756836,21.124832153320312,0,1038240,0.0
z500_brown_0.002,2,17,102.0,v50,-22.18074607849121,21.75939178466797,0,1038240,0.0
z500_brown_0.002,2,17,102.0,v100,-19.331588745117188,25.950593948364258,0,1038240,0.0
z500_brown_0.002,2,17,102.0,v150,-37.232765197753906,34.27546310424805,0,1038240,0.0
z500_brown_0.002,2,17,102.0,v200,-43.165531158447266,49.52408218383789,0,1038240,0.0
z500_brown_0.002,2,17,102.0,v250,-53.199363708496094,56.78816604614258,0,1038240,0.0
z500_brown_0.002,2,17,102.0,v300,-46.570526123046875,61.85865783691406,0,1038240,0.0
z500_brown_0.002,2,17,102.0,v400,-48.74253845214844,57.26607131958008,0,1038240,0.0
z500_brown_0.002,2,17,102.0,v500,-46.10636520385742,49.06890869140625,0,1038240,0.0
z500_brown_0.002,2,17,102.0,v600,-37.5982666015625,41.130218505859375,0,1038240,0.0
z500_brown_0.002,2,17,102.0,v700,-31.00251579284668,32.801509857177734,0,1038240,0.0
z500_brown_0.002,2,17,102.0,v850,-29.822010040283203,30.76156997680664,0,1038240,0.0
z500_brown_0.002,2,17,102.0,v925,-30.88715362548828,27.46770477294922,0,1038240,0.0
z500_brown_0.002,2,17,102.0,v1000,-21.30084228515625,19.819562911987305,0,1038240,0.0
z500_brown_0.002,2,17,102.0,z50,176377.078125,208557.515625,0,1038240,0.0
z500_brown_0.002,2,17,102.0,z100,140051.453125,166290.0625,0,1038240,0.0
z500_brown_0.002,2,17,102.0,z150,117174.40625,142156.21875,0,1038240,0.0
z500_brown_0.002,2,17,102.0,z200,100265.140625,123870.2265625,0,1038240,0.0
z500_brown_0.002,2,17,102.0,z250,86975.9296875,109149.3828125,0,1038240,0.0
z500_brown_0.002,2,17,102.0,z300,76116.4296875,96610.3671875,0,1038240,0.0
z500_brown_0.002,2,17,102.0,z400,58921.1171875,75721.109375,0,1038240,0.0
z500_brown_0.002,2,17,102.0,z500,44980.2109375,58699.828125,0,1038240,0.0
z500_brown_0.002,2,17,102.0,z600,32874.23828125,44350.8671875,0,1038240,0.0
z500_brown_0.002,2,17,102.0,z700,22299.18359375,32140.62109375,0,1038240,0.0
z500_brown_0.002,2,17,102.0,z850,8428.92578125,16362.677734375,0,1038240,0.0
z500_brown_0.002,2,17,102.0,z925,2303.78662109375,9300.0986328125,0,1038240,0.0
z500_brown_0.002,2,17,102.0,z1000,-3759.6162109375,2861.07763671875,0,1038240,0.0
z500_brown_0.002,2,17,102.0,t50,179.35220336914062,237.7052764892578,0,1038240,0.0
z500_brown_0.002,2,17,102.0,t100,185.26388549804688,240.24813842773438,0,1038240,0.0
z500_brown_0.002,2,17,102.0,t150,189.08135986328125,245.17543029785156,0,1038240,0.0
z500_brown_0.002,2,17,102.0,t200,193.95611572265625,244.23370361328125,0,1038240,0.0
z500_brown_0.002,2,17,102.0,t250,198.3163604736328,244.97216796875,0,1038240,0.0
z500_brown_0.002,2,17,102.0,t300,202.12820434570312,250.59463500976562,0,1038240,0.0
z500_brown_0.002,2,17,102.0,t400,211.00823974609375,264.6178283691406,0,1038240,0.0
z500_brown_0.002,2,17,102.0,t500,217.8095703125,276.385009765625,0,1038240,0.0
z500_brown_0.002,2,17,102.0,t600,207.25364685058594,288.7741394042969,0,1038240,0.0
z500_brown_0.002,2,17,102.0,t700,214.3076629638672,298.1358642578125,0,1038240,0.0
z500_brown_0.002,2,17,102.0,t850,223.18338012695312,309.7535095214844,0,1038240,0.0
z500_brown_0.002,2,17,102.0,t925,226.87368774414062,315.1687927246094,0,1038240,0.0
z500_brown_0.002,2,17,102.0,t1000,230.0543212890625,320.1027526855469,0,1038240,0.0
z500_brown_0.002,2,17,102.0,q50,6.313694029813632e-07,2.09533641282178e-06,0,1038240,0.0
z500_brown_0.002,2,17,102.0,q100,1.013407882055617e-06,4.74928310723044e-06,0,1038240,0.0
z500_brown_0.002,2,17,102.0,q150,-8.776569302426651e-07,3.71710084436927e-05,18,1038240,1.7337031900138696e-05
z500_brown_0.002,2,17,102.0,q200,-1.0465406376169994e-05,0.00019106191757600754,13159,1038240,0.012674333487440284
z500_brown_0.002,2,17,102.0,q250,-1.2704946129815653e-05,0.0006495587294921279,18043,1038240,0.01737844814301125
z500_brown_0.002,2,17,102.0,q300,-3.0143593903630972e-05,0.0014971302589401603,20530,1038240,0.01977384805054708
z500_brown_0.002,2,17,102.0,q400,-6.165658123791218e-05,0.004120994824916124,24640,1038240,0.023732470334412083
z500_brown_0.002,2,17,102.0,q500,-9.892357047647238e-05,0.007972224615514278,10610,1038240,0.010219217136692865
z500_brown_0.002,2,17,102.0,q600,-0.0002803998067975044,0.011613861657679081,14512,1038240,0.013977500385267376
z500_brown_0.002,2,17,102.0,q700,-0.0004705600440502167,0.013237854465842247,37062,1038240,0.03569694868238558
z500_brown_0.002,2,17,102.0,q850,-0.0005561667494475842,0.01888781599700451,50195,1038240,0.048346239790414546
z500_brown_0.002,2,17,102.0,q925,-0.0005698413588106632,0.021817099303007126,60318,1038240,0.05809639389736477
z500_brown_0.002,2,17,102.0,q1000,-0.0005783461965620518,0.025001298636198044,54003,1038240,0.05201398520573278
z500_brown_0.002,2,18,108.0,u10m,-22.610858917236328,21.993261337280273,0,1038240,0.0
z500_brown_0.002,2,18,108.0,v10m,-18.697790145874023,18.016767501831055,0,1038240,0.0
z500_brown_0.002,2,18,108.0,u100m,-29.264589309692383,28.272010803222656,0,1038240,0.0
z500_brown_0.002,2,18,108.0,v100m,-24.13275718688965,23.792980194091797,0,1038240,0.0
z500_brown_0.002,2,18,108.0,t2m,200.84481811523438,322.07122802734375,0,1038240,0.0
z500_brown_0.002,2,18,108.0,sp,48869.49609375,103547.625,0,1038240,0.0
z500_brown_0.002,2,18,108.0,msl,95498.2890625,103520.375,0,1038240,0.0
z500_brown_0.002,2,18,108.0,tcwv,-2.5651016235351562,78.58011627197266,40202,1038240,0.03872129758052088
z500_brown_0.002,2,18,108.0,u50,-29.980945587158203,70.82398986816406,0,1038240,0.0
z500_brown_0.002,2,18,108.0,u100,-31.136577606201172,61.322715759277344,0,1038240,0.0
z500_brown_0.002,2,18,108.0,u150,-37.25243377685547,72.5499496459961,0,1038240,0.0
z500_brown_0.002,2,18,108.0,u200,-32.249000549316406,87.46615600585938,0,1038240,0.0
z500_brown_0.002,2,18,108.0,u250,-34.15827178955078,91.05924987792969,0,1038240,0.0
z500_brown_0.002,2,18,108.0,u300,-32.129573822021484,81.5163345336914,0,1038240,0.0
z500_brown_0.002,2,18,108.0,u400,-38.920494079589844,59.76073455810547,0,1038240,0.0
z500_brown_0.002,2,18,108.0,u500,-37.609092712402344,52.53193283081055,0,1038240,0.0
z500_brown_0.002,2,18,108.0,u600,-33.97265625,44.93621826171875,0,1038240,0.0
z500_brown_0.002,2,18,108.0,u700,-33.775882720947266,38.09917449951172,0,1038240,0.0
z500_brown_0.002,2,18,108.0,u850,-35.62041473388672,37.40018844604492,0,1038240,0.0
z500_brown_0.002,2,18,108.0,u925,-37.71333694458008,34.59953308105469,0,1038240,0.0
z500_brown_0.002,2,18,108.0,u1000,-22.564495086669922,22.258380889892578,0,1038240,0.0
z500_brown_0.002,2,18,108.0,v50,-22.006454467773438,23.021888732910156,0,1038240,0.0
z500_brown_0.002,2,18,108.0,v100,-18.587251663208008,25.50128936767578,0,1038240,0.0
z500_brown_0.002,2,18,108.0,v150,-35.44240188598633,32.51999282836914,0,1038240,0.0
z500_brown_0.002,2,18,108.0,v200,-41.17212677001953,47.3265495300293,0,1038240,0.0
z500_brown_0.002,2,18,108.0,v250,-50.06734085083008,55.18385314941406,0,1038240,0.0
z500_brown_0.002,2,18,108.0,v300,-45.1324462890625,59.13413619995117,0,1038240,0.0
z500_brown_0.002,2,18,108.0,v400,-42.77368927001953,59.563499450683594,0,1038240,0.0
z500_brown_0.002,2,18,108.0,v500,-38.53303527832031,51.2531852722168,0,1038240,0.0
z500_brown_0.002,2,18,108.0,v600,-31.50092315673828,39.53692626953125,0,1038240,0.0
z500_brown_0.002,2,18,108.0,v700,-28.315933227539062,31.242067337036133,0,1038240,0.0
z500_brown_0.002,2,18,108.0,v850,-30.21592140197754,26.404117584228516,0,1038240,0.0
z500_brown_0.002,2,18,108.0,v925,-31.146984100341797,27.084203720092773,0,1038240,0.0
z500_brown_0.002,2,18,108.0,v1000,-20.393423080444336,18.695053100585938,0,1038240,0.0
z500_brown_0.002,2,18,108.0,z50,176245.0,208758.703125,0,1038240,0.0
z500_brown_0.002,2,18,108.0,z100,139979.203125,166392.21875,0,1038240,0.0
z500_brown_0.002,2,18,108.0,z150,117086.5546875,142251.3125,0,1038240,0.0
z500_brown_0.002,2,18,108.0,z200,100152.1875,123980.765625,0,1038240,0.0
z500_brown_0.002,2,18,108.0,z250,86854.3515625,109078.7734375,0,1038240,0.0
z500_brown_0.002,2,18,108.0,z300,75982.171875,96425.765625,0,1038240,0.0
z500_brown_0.002,2,18,108.0,z400,58800.140625,75501.59375,0,1038240,0.0
z500_brown_0.002,2,18,108.0,z500,44848.85546875,58533.92578125,0,1038240,0.0
z500_brown_0.002,2,18,108.0,z600,32771.65625,44406.0078125,0,1038240,0.0
z500_brown_0.002,2,18,108.0,z700,22248.599609375,32080.109375,0,1038240,0.0
z500_brown_0.002,2,18,108.0,z850,8495.9140625,16321.9755859375,0,1038240,0.0
z500_brown_0.002,2,18,108.0,z925,2412.99609375,9260.240234375,0,1038240,0.0
z500_brown_0.002,2,18,108.0,z1000,-3610.89990234375,2837.994140625,0,1038240,0.0
z500_brown_0.002,2,18,108.0,t50,179.11378479003906,237.7204132080078,0,1038240,0.0
z500_brown_0.002,2,18,108.0,t100,185.633056640625,240.69961547851562,0,1038240,0.0
z500_brown_0.002,2,18,108.0,t150,191.15220642089844,245.05624389648438,0,1038240,0.0
z500_brown_0.002,2,18,108.0,t200,194.66748046875,244.12709045410156,0,1038240,0.0
z500_brown_0.002,2,18,108.0,t250,198.36111450195312,244.99917602539062,0,1038240,0.0
z500_brown_0.002,2,18,108.0,t300,201.67706298828125,251.4715576171875,0,1038240,0.0
z500_brown_0.002,2,18,108.0,t400,210.79660034179688,265.9888000488281,0,1038240,0.0
z500_brown_0.002,2,18,108.0,t500,217.5378875732422,278.97454833984375,0,1038240,0.0
z500_brown_0.002,2,18,108.0,t600,207.3852081298828,291.9287109375,0,1038240,0.0
z500_brown_0.002,2,18,108.0,t700,214.1702423095703,301.22686767578125,0,1038240,0.0
z500_brown_0.002,2,18,108.0,t850,223.57411193847656,312.18206787109375,0,1038240,0.0
z500_brown_0.002,2,18,108.0,t925,227.48159790039062,317.34478759765625,0,1038240,0.0
z500_brown_0.002,2,18,108.0,t1000,230.855712890625,322.61895751953125,0,1038240,0.0
z500_brown_0.002,2,18,108.0,q50,6.651587227679556e-07,2.1113455659360625e-06,0,1038240,0.0
z500_brown_0.002,2,18,108.0,q100,9.881475762085756e-07,4.696227279055165e-06,0,1038240,0.0
z500_brown_0.002,2,18,108.0,q150,-3.6008077586302534e-07,4.484808232518844e-05,9,1038240,8.668515950069348e-06
z500_brown_0.002,2,18,108.0,q200,-1.0772575478767976e-05,0.0002314459125045687,12745,1038240,0.012275581753737094
z500_brown_0.002,2,18,108.0,q250,-1.527220956631936e-05,0.0006952493567951024,19776,1038240,0.01904761904761905
z500_brown_0.002,2,18,108.0,q300,-3.2871728762984276e-05,0.001590576022863388,20748,1038240,0.019983818770226536
z500_brown_0.002,2,18,108.0,q400,-0.00011885046842508018,0.004321832209825516,25454,1038240,0.02451648944367391
z500_brown_0.002,2,18,108.0,q500,-0.00011061405530199409,0.007974877953529358,10681,1038240,0.010287602095854524
z500_brown_0.002,2,18,108.0,q600,-0.00027112290263175964,0.010200132615864277,13528,1038240,0.013029742641393127
z500_brown_0.002,2,18,108.0,q700,-0.0005226556677371264,0.013575155287981033,29237,1038240,0.028160155648019727
z500_brown_0.002,2,18,108.0,q850,-0.0005553201772272587,0.019758103415369987,44734,1038240,0.04308637694560025
z500_brown_0.002,2,18,108.0,q925,-0.0006081270985305309,0.02098674140870571,55158,1038240,0.05312644475265835
z500_brown_0.002,2,18,108.0,q1000,-0.0005889865569770336,0.025193065404891968,45037,1038240,0.04337821698258591
z500_brown_0.002,2,19,114.0,u10m,-25.70484733581543,23.31890869140625,0,1038240,0.0
z500_brown_0.002,2,19,114.0,v10m,-19.09246063232422,17.925832748413086,0,1038240,0.0
z500_brown_0.002,2,19,114.0,u100m,-33.34711837768555,29.480735778808594,0,1038240,0.0
z500_brown_0.002,2,19,114.0,v100m,-24.862712860107422,24.27901840209961,0,1038240,0.0
z500_brown_0.002,2,19,114.0,t2m,199.53977966308594,321.2218322753906,0,1038240,0.0
z500_brown_0.002,2,19,114.0,sp,49022.89453125,103462.2109375,0,1038240,0.0
z500_brown_0.002,2,19,114.0,msl,95567.421875,103428.1640625,0,1038240,0.0
z500_brown_0.002,2,19,114.0,tcwv,-2.6439876556396484,79.4717025756836,39004,1038240,0.03756742179072276
z500_brown_0.002,2,19,114.0,u50,-30.189224243164062,72.36551666259766,0,1038240,0.0
z500_brown_0.002,2,19,114.0,u100,-33.83942794799805,62.36329650878906,0,1038240,0.0
z500_brown_0.002,2,19,114.0,u150,-38.71968078613281,71.5068359375,0,1038240,0.0
z500_brown_0.002,2,19,114.0,u200,-32.56615447998047,87.52268981933594,0,1038240,0.0
z500_brown_0.002,2,19,114.0,u250,-33.97688293457031,95.12796020507812,0,1038240,0.0
z500_brown_0.002,2,19,114.0,u300,-32.184364318847656,83.95915985107422,0,1038240,0.0
z500_brown_0.002,2,19,114.0,u400,-40.59278869628906,63.4815673828125,0,1038240,0.0
z500_brown_0.002,2,19,114.0,u500,-35.80007553100586,56.29001235961914,0,1038240,0.0
z500_brown_0.002,2,19,114.0,u600,-28.6319522857666,47.890689849853516,0,1038240,0.0
z500_brown_0.002,2,19,114.0,u700,-31.13439178466797,39.93484878540039,0,1038240,0.0
z500_brown_0.002,2,19,114.0,u850,-43.28396987915039,35.82478332519531,0,1038240,0.0
z500_brown_0.002,2,19,114.0,u925,-41.98933410644531,34.52898025512695,0,1038240,0.0
z500_brown_0.002,2,19,114.0,u1000,-25.725482940673828,23.48611068725586,0,1038240,0.0
z500_brown_0.002,2,19,114.0,v50,-22.642602920532227,21.67595100402832,0,1038240,0.0
z500_brown_0.002,2,19,114.0,v100,-18.8239688873291,23.4946231842041,0,1038240,0.0
z500_brown_0.002,2,19,114.0,v150,-30.572620391845703,31.864219665527344,0,1038240,0.0
z500_brown_0.002,2,19,114.0,v200,-39.89020919799805,43.276885986328125,0,1038240,0.0
z500_brown_0.002,2,19,114.0,v250,-46.020931243896484,49.82413864135742,0,1038240,0.0
z500_brown_0.002,2,19,114.0,v300,-42.82633590698242,58.373435974121094,0,1038240,0.0
z500_brown_0.002,2,19,114.0,v400,-46.21642303466797,58.959415435791016,0,1038240,0.0
z500_brown_0.002,2,19,114.0,v500,-35.425811767578125,49.76232147216797,0,1038240,0.0
z500_brown_0.002,2,19,114.0,v600,-28.27178382873535,38.31260299682617,0,1038240,0.0
z500_brown_0.002,2,19,114.0,v700,-29.356510162353516,29.2773380279541,0,1038240,0.0
z500_brown_0.002,2,19,114.0,v850,-33.81721878051758,24.69702911376953,0,1038240,0.0
z500_brown_0.002,2,19,114.0,v925,-31.966289520263672,27.023283004760742,0,1038240,0.0
z500_brown_0.002,2,19,114.0,v1000,-20.183820724487305,18.811279296875,0,1038240,0.0
z500_brown_0.002,2,19,114.0,z50,176117.96875,208767.3125,0,1038240,0.0
z500_brown_0.002,2,19,114.0,z100,139867.390625,166480.515625,0,1038240,0.0
z500_brown_0.002,2,19,114.0,z150,116949.296875,142310.609375,0,1038240,0.0
z500_brown_0.002,2,19,114.0,z200,99978.859375,124036.390625,0,1038240,0.0
z500_brown_0.002,2,19,114.0,z250,86647.046875,109131.8671875,0,1038240,0.0
z500_brown_0.002,2,19,114.0,z300,75743.75,96474.7734375,0,1038240,0.0
z500_brown_0.002,2,19,114.0,z400,58556.96484375,75593.9609375,0,1038240,0.0
z500_brown_0.002,2,19,114.0,z500,44869.3125,58599.2109375,0,1038240,0.0
z500_brown_0.002,2,19,114.0,z600,32814.90625,44399.97265625,0,1038240,0.0
z500_brown_0.002,2,19,114.0,z700,22331.833984375,31969.0234375,0,1038240,0.0
z500_brown_0.002,2,19,114.0,z850,8649.5908203125,16230.9658203125,0,1038240,0.0
z500_brown_0.002,2,19,114.0,z925,2510.93310546875,9176.55859375,0,1038240,0.0
z500_brown_0.002,2,19,114.0,z1000,-3547.55419921875,2764.95703125,0,1038240,0.0
z500_brown_0.002,2,19,114.0,t50,179.12728881835938,237.7707977294922,0,1038240,0.0
z500_brown_0.002,2,19,114.0,t100,186.88046264648438,240.89085388183594,0,1038240,0.0
z500_brown_0.002,2,19,114.0,t150,193.29046630859375,245.27963256835938,0,1038240,0.0
z500_brown_0.002,2,19,114.0,t200,195.2451171875,243.96975708007812,0,1038240,0.0
z500_brown_0.002,2,19,114.0,t250,198.68222045898438,245.0603790283203,0,1038240,0.0
z500_brown_0.002,2,19,114.0,t300,201.792236328125,250.7535858154297,0,1038240,0.0
z500_brown_0.002,2,19,114.0,t400,210.49642944335938,264.7558898925781,0,1038240,0.0
z500_brown_0.002,2,19,114.0,t500,216.5015869140625,276.3506774902344,0,1038240,0.0
z500_brown_0.002,2,19,114.0,t600,205.13180541992188,287.3150329589844,0,1038240,0.0
z500_brown_0.002,2,19,114.0,t700,213.85797119140625,295.7969970703125,0,1038240,0.0
z500_brown_0.002,2,19,114.0,t850,223.18112182617188,309.1744384765625,0,1038240,0.0
z500_brown_0.002,2,19,114.0,t925,227.21322631835938,315.28424072265625,0,1038240,0.0
z500_brown_0.002,2,19,114.0,t1000,230.480712890625,320.75994873046875,0,1038240,0.0
z500_brown_0.002,2,19,114.0,q50,7.01090812071925e-07,2.1253081285976805e-06,0,1038240,0.0
z500_brown_0.002,2,19,114.0,q100,9.907396361086285e-07,4.6276386456156615e-06,0,1038240,0.0
z500_brown_0.002,2,19,114.0,q150,2.7964551918557845e-07,4.100962541997433e-05,0,1038240,0.0
z500_brown_0.002,2,19,114.0,q200,-1.1810820069513284e-05,0.000220390924368985,11344,1038240,0.010926182770842965
z500_brown_0.002,2,19,114.0,q250,-1.5057750715641305e-05,0.0007091003935784101,23457,1038240,0.02259304207119741
z500_brown_0.002,2,19,114.0,q300,-3.3056625397875905e-05,0.0016468549147248268,25392,1038240,0.024456773000462322
z500_brown_0.002,2,19,114.0,q400,-6.232151645235717e-05,0.004422789439558983,32728,1038240,0.031522576668207736
z500_brown_0.002,2,19,114.0,q500,-8.257734589278698e-05,0.0076710376888513565,9721,1038240,0.009362960394513793
z500_brown_0.002,2,19,114.0,q600,-0.0002723722718656063,0.010139424353837967,13207,1038240,0.01272056557250732
z500_brown_0.002,2,19,114.0,q700,-0.00045518274419009686,0.013136237859725952,34783,1038240,0.03350188781014024
z500_brown_0.002,2,19,114.0,q850,-0.0005566352047026157,0.019973425194621086,46466,1038240,0.04475458468176915
z500_brown_0.002,2,19,114.0,q925,-0.0005999593995511532,0.020922508090734482,58431,1038240,0.0562788950531669
z500_brown_0.002,2,19,114.0,q1000,-0.000646399799734354,0.025258291512727737,47443,1038240,0.04569560024657112
z500_brown_0.002,2,20,120.0,u10m,-24.825376510620117,27.264371871948242,0,1038240,0.0
z500_brown_0.002,2,20,120.0,v10m,-19.169784545898438,18.373456954956055,0,1038240,0.0
z500_brown_0.002,2,20,120.0,u100m,-32.18730545043945,35.744117736816406,0,1038240,0.0
z500_brown_0.002,2,20,120.0,v100m,-24.967023849487305,25.06618881225586,0,1038240,0.0
z500_brown_0.002,2,20,120.0,t2m,197.47998046875,318.861083984375,0,1038240,0.0
z500_brown_0.002,2,20,120.0,sp,48861.71484375,103387.4609375,0,1038240,0.0
z500_brown_0.002,2,20,120.0,msl,94771.90625,103347.5546875,0,1038240,0.0
z500_brown_0.002,2,20,120.0,tcwv,-2.5731887817382812,77.0945053100586,45800,1038240,0.04411311450146402
z500_brown_0.002,2,20,120.0,u50,-30.249958038330078,72.2494888305664,0,1038240,0.0
z500_brown_0.002,2,20,120.0,u100,-33.824127197265625,62.13126754760742,0,1038240,0.0
z500_brown_0.002,2,20,120.0,u150,-38.86158752441406,70.38506317138672,0,1038240,0.0
z500_brown_0.002,2,20,120.0,u200,-32.136085510253906,87.92960357666016,0,1038240,0.0
z500_brown_0.002,2,20,120.0,u250,-31.634342193603516,92.12060546875,0,1038240,0.0
z500_brown_0.002,2,20,120.0,u300,-31.4368896484375,84.41702270507812,0,1038240,0.0
z500_brown_0.002,2,20,120.0,u400,-42.35588073730469,63.70906066894531,0,1038240,0.0
z500_brown_0.002,2,20,120.0,u500,-36.68758010864258,58.10599136352539,0,1038240,0.0
z500_brown_0.002,2,20,120.0,u600,-27.87052345275879,49.437191009521484,0,1038240,0.0
z500_brown_0.002,2,20,120.0,u700,-30.403675079345703,43.84658432006836,0,1038240,0.0
z500_brown_0.002,2,20,120.0,u850,-41.862918853759766,42.9021110534668,0,1038240,0.0
z500_brown_0.002,2,20,120.0,u925,-39.26826477050781,41.758155822753906,0,1038240,0.0
z500_brown_0.002,2,20,120.0,u1000,-24.69355010986328,27.574886322021484,0,1038240,0.0
z500_brown_0.002,2,20,120.0,v50,-23.620441436767578,21.734601974487305,0,1038240,0.0
z500_brown_0.002,2,20,120.0,v100,-18.521528244018555,22.343130111694336,0,1038240,0.0
z500_brown_0.002,2,20,120.0,v150,-27.278032302856445,31.956056594848633,0,1038240,0.0
z500_brown_0.002,2,20,120.0,v200,-42.5723991394043,41.710975646972656,0,1038240,0.0
z500_brown_0.002,2,20,120.0,v250,-51.07448196411133,45.08931350708008,0,1038240,0.0
z500_brown_0.002,2,20,120.0,v300,-44.5356330871582,54.350982666015625,0,1038240,0.0
z500_brown_0.002,2,20,120.0,v400,-46.048519134521484,56.26373291015625,0,1038240,0.0
z500_brown_0.002,2,20,120.0,v500,-37.81464767456055,48.076229095458984,0,1038240,0.0
z500_brown_0.002,2,20,120.0,v600,-30.300264358520508,37.70439529418945,0,1038240,0.0
z500_brown_0.002,2,20,120.0,v700,-28.337352752685547,27.870929718017578,0,1038240,0.0
z500_brown_0.002,2,20,120.0,v850,-34.72380065917969,27.411304473876953,0,1038240,0.0
z500_brown_0.002,2,20,120.0,v925,-32.63789749145508,27.5788516998291,0,1038240,0.0
z500_brown_0.002,2,20,120.0,v1000,-20.31328010559082,19.21124267578125,0,1038240,0.0
z500_brown_0.002,2,20,120.0,z50,175950.75,208726.921875,0,1038240,0.0
z500_brown_0.002,2,20,120.0,z100,139786.21875,166306.6875,0,1038240,0.0
z500_brown_0.002,2,20,120.0,z150,116837.8359375,142115.5625,0,1038240,0.0
z500_brown_0.002,2,20,120.0,z200,99817.9140625,123835.8359375,0,1038240,0.0
z500_brown_0.002,2,20,120.0,z250,86460.15625,109013.6328125,0,1038240,0.0
z500_brown_0.002,2,20,120.0,z300,75547.9140625,96446.6328125,0,1038240,0.0
z500_brown_0.002,2,20,120.0,z400,58381.3984375,75497.640625,0,1038240,0.0
z500_brown_0.002,2,20,120.0,z500,44783.4453125,58641.9296875,0,1038240,0.0
z500_brown_0.002,2,20,120.0,z600,33061.54296875,44502.88671875,0,1038240,0.0
z500_brown_0.002,2,20,120.0,z700,22710.578125,32014.34375,0,1038240,0.0
z500_brown_0.002,2,20,120.0,z850,8334.7490234375,16190.6279296875,0,1038240,0.0
z500_brown_0.002,2,20,120.0,z925,1839.8623046875,9123.98828125,0,1038240,0.0
z500_brown_0.002,2,20,120.0,z1000,-4249.30517578125,2713.5625,0,1038240,0.0
z500_brown_0.002,2,20,120.0,t50,178.98350524902344,237.81842041015625,0,1038240,0.0
z500_brown_0.002,2,20,120.0,t100,188.15402221679688,241.26242065429688,0,1038240,0.0
z500_brown_0.002,2,20,120.0,t150,193.58786010742188,245.25363159179688,0,1038240,0.0
z500_brown_0.002,2,20,120.0,t200,195.45858764648438,243.6683349609375,0,1038240,0.0
z500_brown_0.002,2,20,120.0,t250,199.1965789794922,245.29541015625,0,1038240,0.0
z500_brown_0.002,2,20,120.0,t300,202.3530731201172,250.5255126953125,0,1038240,0.0
z500_brown_0.002,2,20,120.0,t400,209.74400329589844,264.39434814453125,0,1038240,0.0
z500_brown_0.002,2,20,120.0,t500,215.7943572998047,275.14642333984375,0,1038240,0.0
z500_brown_0.002,2,20,120.0,t600,206.01417541503906,283.62518310546875,0,1038240,0.0
z500_brown_0.002,2,20,120.0,t700,213.12716674804688,294.0108337402344,0,1038240,0.0
z500_brown_0.002,2,20,120.0,t850,222.37942504882812,309.5523681640625,0,1038240,0.0
z500_brown_0.002,2,20,120.0,t925,226.57347106933594,315.01226806640625,0,1038240,0.0
z500_brown_0.002,2,20,120.0,t1000,229.91201782226562,319.74102783203125,0,1038240,0.0
z500_brown_0.002,2,20,120.0,q50,7.391979579551844e-07,2.1420073608169332e-06,0,1038240,0.0
z500_brown_0.002,2,20,120.0,q100,9.98267523755203e-07,4.682453891291516e-06,0,1038240,0.0
z500_brown_0.002,2,20,120.0,q150,2.2674839783576317e-07,3.464617839199491e-05,0,1038240,0.0
z500_brown_0.002,2,20,120.0,q200,-1.198225982079748e-05,0.00019726369646377861,12537,1038240,0.012075242718446602
z500_brown_0.002,2,20,120.0,q250,-1.5540772437816486e-05,0.0006784807192161679,24532,1038240,0.02362844814301125
z500_brown_0.002,2,20,120.0,q300,-3.536567965056747e-05,0.0015859195264056325,24340,1038240,0.023443519802743104
z500_brown_0.002,2,20,120.0,q400,-5.2368821343407035e-05,0.004190798848867416,30280,1038240,0.029164740329788875
z500_brown_0.002,2,20,120.0,q500,-0.00010355858830735087,0.0073610409162938595,12354,1038240,0.011898982894128525
z500_brown_0.002,2,20,120.0,q600,-0.0002817745553329587,0.009972360916435719,15532,1038240,0.014959932192941902
z500_brown_0.002,2,20,120.0,q700,-0.0004112161695957184,0.013148041442036629,34127,1038240,0.03287004931422407
z500_brown_0.002,2,20,120.0,q850,-0.0005431408062577248,0.019108515232801437,50926,1038240,0.04905031591924796
z500_brown_0.002,2,20,120.0,q925,-0.0006511085666716099,0.020687250420451164,56279,1038240,0.054206156572661424
z500_brown_0.002,2,20,120.0,q1000,-0.000634488184005022,0.02519296109676361,47703,1038240,0.045946024040684236
z500_brown_0.002,3,0,0.0,u10m,-29.98059844970703,25.07940101623535,0,1038240,0.0
z500_brown_0.002,3,0,0.0,v10m,-27.66229820251465,25.987703323364258,0,1038240,0.0
z500_brown_0.002,3,0,0.0,u100m,-38.64726257324219,30.782737731933594,0,1038240,0.0
z500_brown_0.002,3,0,0.0,v100m,-33.108516693115234,32.41148376464844,0,1038240,0.0
z500_brown_0.002,3,0,0.0,t2m,203.00914001464844,317.2091369628906,0,1038240,0.0
z500_brown_0.002,3,0,0.0,sp,49593.44921875,104524.6484375,0,1038240,0.0
z500_brown_0.002,3,0,0.0,msl,93167.375,107762.9765625,0,1038240,0.0
z500_brown_0.002,3,0,0.0,tcwv,0.033688269555568695,80.67048645019531,0,1038240,0.0
z500_brown_0.002,3,0,0.0,u50,-32.53466796875,69.6953353881836,0,1038240,0.0
z500_brown_0.002,3,0,0.0,u100,-42.44437026977539,63.615631103515625,0,1038240,0.0
z500_brown_0.002,3,0,0.0,u150,-43.69473648071289,76.46526336669922,0,1038240,0.0
z500_brown_0.002,3,0,0.0,u200,-44.91203308105469,103.88796997070312,0,1038240,0.0
z500_brown_0.002,3,0,0.0,u250,-45.851261138916016,105.44873809814453,0,1038240,0.0
z500_brown_0.002,3,0,0.0,u300,-36.28936004638672,102.41063690185547,0,1038240,0.0
z500_brown_0.002,3,0,0.0,u400,-35.72868347167969,71.8713150024414,0,1038240,0.0
z500_brown_0.002,3,0,0.0,u500,-39.31422805786133,50.18577194213867,0,1038240,0.0
z500_brown_0.002,3,0,0.0,u600,-45.0154914855957,45.66450500488281,0,1038240,0.0
z500_brown_0.002,3,0,0.0,u700,-47.08867263793945,41.111328125,0,1038240,0.0
z500_brown_0.002,3,0,0.0,u850,-52.83549880981445,36.304500579833984,0,1038240,0.0
z500_brown_0.002,3,0,0.0,u925,-42.309513092041016,34.310489654541016,0,1038240,0.0
z500_brown_0.002,3,0,0.0,u1000,-29.00948715209961,24.660512924194336,0,1038240,0.0
z500_brown_0.002,3,0,0.0,v50,-28.3104305267334,37.03956985473633,0,1038240,0.0
z500_brown_0.002,3,0,0.0,v100,-31.289772033691406,41.980228424072266,0,1038240,0.0
z500_brown_0.002,3,0,0.0,v150,-39.73875427246094,46.22124481201172,0,1038240,0.0
z500_brown_0.002,3,0,0.0,v200,-56.7220573425293,65.07794189453125,0,1038240,0.0
z500_brown_0.002,3,0,0.0,v250,-63.08574295043945,62.81425857543945,0,1038240,0.0
z500_brown_0.002,3,0,0.0,v300,-54.844512939453125,65.45549011230469,0,1038240,0.0
z500_brown_0.002,3,0,0.0,v400,-59.89063262939453,63.009368896484375,0,1038240,0.0
z500_brown_0.002,3,0,0.0,v500,-50.19239807128906,56.80760192871094,0,1038240,0.0
z500_brown_0.002,3,0,0.0,v600,-45.045677185058594,40.0643196105957,0,1038240,0.0
z500_brown_0.002,3,0,0.0,v700,-36.78691101074219,42.36308670043945,0,1038240,0.0
z500_brown_0.002,3,0,0.0,v850,-42.88942337036133,34.960575103759766,0,1038240,0.0
z500_brown_0.002,3,0,0.0,v925,-37.343692779541016,37.056304931640625,0,1038240,0.0
z500_brown_0.002,3,0,0.0,v1000,-26.340137481689453,25.029863357543945,0,1038240,0.0
z500_brown_0.002,3,0,0.0,z50,178325.890625,207936.40625,0,1038240,0.0
z500_brown_0.002,3,0,0.0,z100,140693.140625,165755.734375,0,1038240,0.0
z500_brown_0.002,3,0,0.0,z150,117632.0390625,141996.15625,0,1038240,0.0
z500_brown_0.002,3,0,0.0,z200,100768.7421875,123884.2421875,0,1038240,0.0
z500_brown_0.002,3,0,0.0,z250,87459.671875,109026.765625,0,1038240,0.0
z500_brown_0.002,3,0,0.0,z300,76372.9453125,96320.9921875,0,1038240,0.0
z500_brown_0.002,3,0,0.0,z400,58395.84765625,75588.4609375,0,1038240,0.0
z500_brown_0.002,3,0,0.0,z500,43969.46484375,58911.97265625,0,1038240,0.0
z500_brown_0.002,3,0,0.0,z600,31816.14453125,44789.28125,0,1038240,0.0
z500_brown_0.002,3,0,0.0,z700,21340.9609375,32460.98828125,0,1038240,0.0
z500_brown_0.002,3,0,0.0,z850,7071.60302734375,16482.923828125,0,1038240,0.0
z500_brown_0.002,3,0,0.0,z925,558.6236572265625,9957.2314453125,0,1038240,0.0
z500_brown_0.002,3,0,0.0,z1000,-5507.95556640625,4905.5556640625,0,1038240,0.0
z500_brown_0.002,3,0,0.0,t50,176.96493530273438,233.25494384765625,0,1038240,0.0
z500_brown_0.002,3,0,0.0,t100,185.84442138671875,235.84442138671875,0,1038240,0.0
z500_brown_0.002,3,0,0.0,t150,187.8889617919922,238.91896057128906,0,1038240,0.0
z500_brown_0.002,3,0,0.0,t200,190.15658569335938,241.17657470703125,0,1038240,0.0
z500_brown_0.002,3,0,0.0,t250,199.0135498046875,243.6435546875,0,1038240,0.0
z500_brown_0.002,3,0,0.0,t300,204.70855712890625,251.70855712890625,0,1038240,0.0
z500_brown_0.002,3,0,0.0,t400,216.0428466796875,266.5628662109375,0,1038240,0.0
z500_brown_0.002,3,0,0.0,t500,224.4999542236328,276.89996337890625,0,1038240,0.0
z500_brown_0.002,3,0,0.0,t600,204.55136108398438,287.2413635253906,0,1038240,0.0
z500_brown_0.002,3,0,0.0,t700,208.45738220214844,296.9873962402344,0,1038240,0.0
z500_brown_0.002,3,0,0.0,t850,216.30093383789062,309.6709289550781,0,1038240,0.0
z500_brown_0.002,3,0,0.0,t925,219.8119354248047,315.3219299316406,0,1038240,0.0
z500_brown_0.002,3,0,0.0,t1000,223.1019287109375,319.7119445800781,0,1038240,0.0
z500_brown_0.002,3,0,0.0,q50,9.999999717180685e-10,1.9450640138529707e-06,0,1038240,0.0
z500_brown_0.002,3,0,0.0,q100,1.000000082740371e-09,9.873159797280096e-06,0,1038240,0.0
z500_brown_0.002,3,0,0.0,q150,1.0000005268295808e-09,4.6891240344848484e-05,0,1038240,0.0
z500_brown_0.002,3,0,0.0,q200,9.999985284281365e-10,0.0002307913964614272,0,1038240,0.0
z500_brown_0.002,3,0,0.0,q250,1.000000304784976e-09,0.0007995401974767447,0,1038240,0.0
z500_brown_0.002,3,0,0.0,q300,9.999980843389267e-10,0.0018608650425449014,0,1038240,0.0
z500_brown_0.002,3,0,0.0,q400,9.999975292274144e-10,0.004661120939999819,0,1038240,0.0
z500_brown_0.002,3,0,0.0,q500,9.999941985583405e-10,0.007641600910574198,0,1038240,0.0
z500_brown_0.002,3,0,0.0,q600,1.0000007488741858e-09,0.012534401379525661,0,1038240,0.0
z500_brown_0.002,3,0,0.0,q700,9.999989725173464e-10,0.018419841304421425,0,1038240,0.0
z500_brown_0.002,3,0,0.0,q850,1.635912212805124e-06,0.028813155367970467,0,1038240,0.0
z500_brown_0.002,3,0,0.0,q925,4.967510903952643e-06,0.03459184616804123,0,1038240,0.0
z500_brown_0.002,3,0,0.0,q1000,6.670324182778131e-06,0.04069339111447334,0,1038240,0.0
z500_brown_0.002,3,1,6.0,u10m,-28.27081871032715,24.716596603393555,0,1038240,0.0
z500_brown_0.002,3,1,6.0,v10m,-18.36171531677246,25.411296844482422,0,1038240,0.0
z500_brown_0.002,3,1,6.0,u100m,-36.92743682861328,30.866281509399414,0,1038240,0.0
z500_brown_0.002,3,1,6.0,v100m,-24.579313278198242,33.983192443847656,0,1038240,0.0
z500_brown_0.002,3,1,6.0,t2m,201.1638946533203,315.7547302246094,0,1038240,0.0
z500_brown_0.002,3,1,6.0,sp,49428.09765625,104051.671875,0,1038240,0.0
z500_brown_0.002,3,1,6.0,msl,93365.0859375,106021.90625,0,1038240,0.0
z500_brown_0.002,3,1,6.0,tcwv,-5.551851272583008,79.01818084716797,71862,1038240,0.06921521035598706
z500_brown_0.002,3,1,6.0,u50,-30.988414764404297,73.8516845703125,0,1038240,0.0
z500_brown_0.002,3,1,6.0,u100,-39.652748107910156,61.75521469116211,0,1038240,0.0
z500_brown_0.002,3,1,6.0,u150,-36.38855743408203,73.81909942626953,0,1038240,0.0
z500_brown_0.002,3,1,6.0,u200,-44.40612030029297,94.16840362548828,0,1038240,0.0
z500_brown_0.002,3,1,6.0,u250,-40.25875473022461,107.07313537597656,0,1038240,0.0
z500_brown_0.002,3,1,6.0,u300,-36.58345031738281,100.93231201171875,0,1038240,0.0
z500_brown_0.002,3,1,6.0,u400,-38.10260009765625,69.04181671142578,0,1038240,0.0
z500_brown_0.002,3,1,6.0,u500,-33.669837951660156,54.1511116027832,0,1038240,0.0
z500_brown_0.002,3,1,6.0,u600,-39.58660125732422,43.46015548706055,0,1038240,0.0
z500_brown_0.002,3,1,6.0,u700,-40.255577087402344,37.83232879638672,0,1038240,0.0
z500_brown_0.002,3,1,6.0,u850,-46.78642654418945,36.94846725463867,0,1038240,0.0
z500_brown_0.002,3,1,6.0,u925,-43.33950424194336,33.70045471191406,0,1038240,0.0
z500_brown_0.002,3,1,6.0,u1000,-27.015308380126953,23.924970626831055,0,1038240,0.0
z500_brown_0.002,3,1,6.0,v50,-23.671873092651367,30.948320388793945,0,1038240,0.0
z500_brown_0.002,3,1,6.0,v100,-30.25385093688965,37.080875396728516,0,1038240,0.0
z500_brown_0.002,3,1,6.0,v150,-32.55126953125,40.994754791259766,0,1038240,0.0
z500_brown_0.002,3,1,6.0,v200,-45.69129180908203,53.751861572265625,0,1038240,0.0
z500_brown_0.002,3,1,6.0,v250,-55.89504623413086,62.817203521728516,0,1038240,0.0
z500_brown_0.002,3,1,6.0,v300,-48.560699462890625,65.61595153808594,0,1038240,0.0
z500_brown_0.002,3,1,6.0,v400,-49.673675537109375,62.973968505859375,0,1038240,0.0
z500_brown_0.002,3,1,6.0,v500,-45.10546875,49.73780059814453,0,1038240,0.0
z500_brown_0.002,3,1,6.0,v600,-35.037017822265625,35.905242919921875,0,1038240,0.0
z500_brown_0.002,3,1,6.0,v700,-30.10602378845215,34.22048568725586,0,1038240,0.0
z500_brown_0.002,3,1,6.0,v850,-34.2548828125,36.7473030090332,0,1038240,0.0
z500_brown_0.002,3,1,6.0,v925,-34.35110092163086,32.50578689575195,0,1038240,0.0
z500_brown_0.002,3,1,6.0,v1000,-21.308509826660156,25.758228302001953,0,1038240,0.0
z500_brown_0.002,3,1,6.0,z50,178381.484375,207983.859375,0,1038240,0.0
z500_brown_0.002,3,1,6.0,z100,140675.640625,165755.046875,0,1038240,0.0
z500_brown_0.002,3,1,6.0,z150,117540.0625,142024.203125,0,1038240,0.0
z500_brown_0.002,3,1,6.0,z200,100704.5703125,123901.84375,0,1038240,0.0
z500_brown_0.002,3,1,6.0,z250,87384.5390625,109060.2265625,0,1038240,0.0
z500_brown_0.002,3,1,6.0,z300,76292.3671875,96385.6484375,0,1038240,0.0
z500_brown_0.002,3,1,6.0,z400,58357.2109375,75593.1640625,0,1038240,0.0
z500_brown_0.002,3,1,6.0,z500,43974.2109375,58833.0859375,0,1038240,0.0
z500_brown_0.002,3,1,6.0,z600,31867.47265625,44735.10546875,0,1038240,0.0
z500_brown_0.002,3,1,6.0,z700,21433.1796875,32360.88671875,0,1038240,0.0
z500_brown_0.002,3,1,6.0,z850,7203.55078125,16416.7109375,0,1038240,0.0
z500_brown_0.002,3,1,6.0,z925,739.14892578125,9321.865234375,0,1038240,0.0
z500_brown_0.002,3,1,6.0,z1000,-5301.96044921875,3649.7529296875,0,1038240,0.0
z500_brown_0.002,3,1,6.0,t50,179.8270721435547,233.66464233398438,0,1038240,0.0
z500_brown_0.002,3,1,6.0,t100,186.5081787109375,235.44015502929688,0,1038240,0.0
z500_brown_0.002,3,1,6.0,t150,188.92755126953125,238.73568725585938,0,1038240,0.0
z500_brown_0.002,3,1,6.0,t200,191.5665283203125,241.356689453125,0,1038240,0.0
z500_brown_0.002,3,1,6.0,t250,199.2311248779297,243.1292724609375,0,1038240,0.0
z500_brown_0.002,3,1,6.0,t300,205.04002380371094,251.13937377929688,0,1038240,0.0
z500_brown_0.002,3,1,6.0,t400,215.10577392578125,264.9434814453125,0,1038240,0.0
z500_brown_0.002,3,1,6.0,t500,224.7099151611328,276.8769836425781,0,1038240,0.0
z500_brown_0.002,3,1,6.0,t600,214.49790954589844,289.66265869140625,0,1038240,0.0
z500_brown_0.002,3,1,6.0,t700,210.12423706054688,299.9818115234375,0,1038240,0.0
z500_brown_0.002,3,1,6.0,t850,217.85830688476562,312.01092529296875,0,1038240,0.0
z500_brown_0.002,3,1,6.0,t925,222.4298553466797,317.1920471191406,0,1038240,0.0
z500_brown_0.002,3,1,6.0,t1000,225.75323486328125,322.22283935546875,0,1038240,0.0
z500_brown_0.002,3,1,6.0,q50,4.0149416236090474e-08,1.951174908754183e-06,0,1038240,0.0
z500_brown_0.002,3,1,6.0,q100,1.0800908967212308e-07,9.330795364803635e-06,0,1038240,0.0
z500_brown_0.002,3,1,6.0,q150,6.558593668160029e-08,3.422392182983458e-05,0,1038240,0.0
z500_brown_0.002,3,1,6.0,q200,-2.265443981741555e-06,0.00021032242511864752,7480,1038240,0.007204499922946525
z500_brown_0.002,3,1,6.0,q250,-1.4130895579000935e-05,0.0006904667243361473,33280,1038240,0.03205424564647866
z500_brown_0.002,3,1,6.0,q300,-2.584383764769882e-05,0.0016052006976678967,11091,1038240,0.010682501155802127
z500_brown_0.002,3,1,6.0,q400,-0.00011317091411910951,0.0044696941040456295,30189,1038240,0.029077092001849283
z500_brown_0.002,3,1,6.0,q500,-0.00016429030802100897,0.007307099644094706,8791,1038240,0.00846721374633996
z500_brown_0.002,3,1,6.0,q600,-0.00023843836970627308,0.009996643289923668,10931,1038240,0.010528394205578672
z500_brown_0.002,3,1,6.0,q700,-0.0006421168800443411,0.01360497809946537,28098,1038240,0.027063106796116506
z500_brown_0.002,3,1,6.0,q850,-0.0009665815159678459,0.018232744187116623,64004,1038240,0.061646632763137615
z500_brown_0.002,3,1,6.0,q925,-0.0016264761798083782,0.020301099866628647,67716,1038240,0.06522191400832178
z500_brown_0.002,3,1,6.0,q1000,-0.001660092268139124,0.02426106296479702,68389,1038240,0.06587012636769918
z500_brown_0.002,3,2,12.0,u10m,-24.62593650817871,22.688865661621094,0,1038240,0.0
z500_brown_0.002,3,2,12.0,v10m,-19.045684814453125,27.266141891479492,0,1038240,0.0
z500_brown_0.002,3,2,12.0,u100m,-32.43703842163086,28.445816040039062,0,1038240,0.0
z500_brown_0.002,3,2,12.0,v100m,-25.721614837646484,36.301025390625,0,1038240,0.0
z500_brown_0.002,3,2,12.0,t2m,205.3610382080078,321.9417419433594,0,1038240,0.0
z500_brown_0.002,3,2,12.0,sp,49171.44921875,103866.984375,0,1038240,0.0
z500_brown_0.002,3,2,12.0,msl,93642.0078125,104244.5078125,0,1038240,0.0
z500_brown_0.002,3,2,12.0,tcwv,-5.956018447875977,77.54447937011719,73561,1038240,0.07085163353367237
z500_brown_0.002,3,2,12.0,u50,-29.668121337890625,75.30171203613281,0,1038240,0.0
z500_brown_0.002,3,2,12.0,u100,-39.38957977294922,64.451171875,0,1038240,0.0
z500_brown_0.002,3,2,12.0,u150,-34.2576904296875,72.16204833984375,0,1038240,0.0
z500_brown_0.002,3,2,12.0,u200,-44.21184539794922,89.10606384277344,0,1038240,0.0
z500_brown_0.002,3,2,12.0,u250,-40.32645034790039,100.95057678222656,0,1038240,0.0
z500_brown_0.002,3,2,12.0,u300,-40.900047302246094,91.79646301269531,0,1038240,0.0
z500_brown_0.002,3,2,12.0,u400,-41.283180236816406,71.67234802246094,0,1038240,0.0
z500_brown_0.002,3,2,12.0,u500,-36.52947235107422,56.87541961669922,0,1038240,0.0
z500_brown_0.002,3,2,12.0,u600,-36.7658805847168,43.27149200439453,0,1038240,0.0
z500_brown_0.002,3,2,12.0,u700,-38.48668670654297,39.215614318847656,0,1038240,0.0
z500_brown_0.002,3,2,12.0,u850,-42.922264099121094,37.06367874145508,0,1038240,0.0
z500_brown_0.002,3,2,12.0,u925,-41.22382354736328,34.487579345703125,0,1038240,0.0
z500_brown_0.002,3,2,12.0,u1000,-24.141075134277344,22.3723201751709,0,1038240,0.0
z500_brown_0.002,3,2,12.0,v50,-24.8613224029541,30.875783920288086,0,1038240,0.0
z500_brown_0.002,3,2,12.0,v100,-28.493968963623047,35.0294075012207,0,1038240,0.0
z500_brown_0.002,3,2,12.0,v150,-32.56121063232422,38.26445770263672,0,1038240,0.0
z500_brown_0.002,3,2,12.0,v200,-46.502986907958984,51.42488098144531,0,1038240,0.0
z500_brown_0.002,3,2,12.0,v250,-54.868595123291016,55.03798294067383,0,1038240,0.0
z500_brown_0.002,3,2,12.0,v300,-51.797454833984375,62.725894927978516,0,1038240,0.0
z500_brown_0.002,3,2,12.0,v400,-48.00161361694336,57.52611541748047,0,1038240,0.0
z500_brown_0.002,3,2,12.0,v500,-43.1870231628418,46.2359733581543,0,1038240,0.0
z500_brown_0.002,3,2,12.0,v600,-33.3011360168457,36.82426834106445,0,1038240,0.0
z500_brown_0.002,3,2,12.0,v700,-27.741878509521484,34.42991638183594,0,1038240,0.0
z500_brown_0.002,3,2,12.0,v850,-36.85531234741211,38.814605712890625,0,1038240,0.0
z500_brown_0.002,3,2,12.0,v925,-32.09809875488281,36.68238067626953,0,1038240,0.0
z500_brown_0.002,3,2,12.0,v1000,-19.768632888793945,28.05596923828125,0,1038240,0.0
z500_brown_0.002,3,2,12.0,z50,178426.15625,208132.484375,0,1038240,0.0
z500_brown_0.002,3,2,12.0,z100,140601.796875,165768.375,0,1038240,0.0
z500_brown_0.002,3,2,12.0,z150,117500.4609375,142047.25,0,1038240,0.0
z500_brown_0.002,3,2,12.0,z200,100662.7578125,123891.7421875,0,1038240,0.0
z500_brown_0.002,3,2,12.0,z250,87342.0859375,109062.234375,0,1038240,0.0
z500_brown_0.002,3,2,12.0,z300,76239.6171875,96355.4765625,0,1038240,0.0
z500_brown_0.002,3,2,12.0,z400,58365.453125,75480.7890625,0,1038240,0.0
z500_brown_0.002,3,2,12.0,z500,44088.1953125,58904.1640625,0,1038240,0.0
z500_brown_0.002,3,2,12.0,z600,31994.99609375,44796.421875,0,1038240,0.0
z500_brown_0.002,3,2,12.0,z700,21556.5859375,32431.640625,0,1038240,0.0
z500_brown_0.002,3,2,12.0,z850,7362.46240234375,16491.78125,0,1038240,0.0
z500_brown_0.002,3,2,12.0,z925,969.68408203125,9398.9365234375,0,1038240,0.0
z500_brown_0.002,3,2,12.0,z1000,-5071.4990234375,3097.1474609375,0,1038240,0.0
z500_brown_0.002,3,2,12.0,t50,180.7392120361328,234.0579071044922,0,1038240,0.0
z500_brown_0.002,3,2,12.0,t100,186.34413146972656,235.4643096923828,0,1038240,0.0
z500_brown_0.002,3,2,12.0,t150,188.2191162109375,238.624755859375,0,1038240,0.0
z500_brown_0.002,3,2,12.0,t200,191.93455505371094,241.48374938964844,0,1038240,0.0
z500_brown_0.002,3,2,12.0,t250,199.12435913085938,242.94467163085938,0,1038240,0.0
z500_brown_0.002,3,2,12.0,t300,204.83016967773438,251.2137451171875,0,1038240,0.0
z500_brown_0.002,3,2,12.0,t400,214.7142333984375,265.0122375488281,0,1038240,0.0
z500_brown_0.002,3,2,12.0,t500,223.6472625732422,276.4507141113281,0,1038240,0.0
z500_brown_0.002,3,2,12.0,t600,217.66334533691406,290.31756591796875,0,1038240,0.0
z500_brown_0.002,3,2,12.0,t700,214.6380615234375,302.18072509765625,0,1038240,0.0
z500_brown_0.002,3,2,12.0,t850,222.50186157226562,314.07183837890625,0,1038240,0.0
z500_brown_0.002,3,2,12.0,t925,226.8472900390625,319.7637023925781,0,1038240,0.0
z500_brown_0.002,3,2,12.0,t1000,230.6266326904297,324.85888671875,0,1038240,0.0
z500_brown_0.002,3,2,12.0,q50,8.485699254379142e-08,1.959285782504594e-06,0,1038240,0.0
z500_brown_0.002,3,2,12.0,q100,2.669728473847499e-07,8.742435966269113e-06,0,1038240,0.0
z500_brown_0.002,3,2,12.0,q150,3.7311519918148406e-07,3.523303894326091e-05,0,1038240,0.0
z500_brown_0.002,3,2,12.0,q200,-2.77195249509532e-06,0.00020793903968296945,9623,1038240,0.009268569887501927
z500_brown_0.002,3,2,12.0,q250,-9.930179658113047e-06,0.0007059984491206706,38323,1038240,0.03691150408383418
z500_brown_0.002,3,2,12.0,q300,-1.2302451068535447e-05,0.0015338468365371227,19234,1038240,0.018525581753737093
z500_brown_0.002,3,2,12.0,q400,-7.365879719145596e-05,0.004148841369897127,48468,1038240,0.04668284789644013
z500_brown_0.002,3,2,12.0,q500,-0.00011228170478716493,0.006990567781031132,25610,1038240,0.024666743720141777
z500_brown_0.002,3,2,12.0,q600,-0.0002305229427292943,0.010147510096430779,20431,1038240,0.019678494375096316
z500_brown_0.002,3,2,12.0,q700,-0.0006533525884151459,0.013357147574424744,54649,1038240,0.052636192017259976
z500_brown_0.002,3,2,12.0,q850,-0.0012468365021049976,0.01789790391921997,70579,1038240,0.06797946524888272
z500_brown_0.002,3,2,12.0,q925,-0.0015208334662020206,0.020122207701206207,73380,1038240,0.07067730004623209
z500_brown_0.002,3,2,12.0,q1000,-0.0017795977182686329,0.025215838104486465,73074,1038240,0.07038257050392972
z500_brown_0.002,3,3,18.0,u10m,-22.765275955200195,20.842334747314453,0,1038240,0.0
z500_brown_0.002,3,3,18.0,v10m,-19.84244155883789,26.77579689025879,0,1038240,0.0
z500_brown_0.002,3,3,18.0,u100m,-29.58945083618164,25.746227264404297,0,1038240,0.0
z500_brown_0.002,3,3,18.0,v100m,-25.63225746154785,36.57567596435547,0,1038240,0.0
z500_brown_0.002,3,3,18.0,t2m,206.32406616210938,320.8739929199219,0,1038240,0.0
z500_brown_0.002,3,3,18.0,sp,49165.66796875,103797.875,0,1038240,0.0
z500_brown_0.002,3,3,18.0,msl,93886.9453125,103939.1796875,0,1038240,0.0
z500_brown_0.002,3,3,18.0,tcwv,-5.099149703979492,77.44990539550781,73569,1038240,0.07085933888118354
z500_brown_0.002,3,3,18.0,u50,-29.22793960571289,76.16476440429688,0,1038240,0.0
z500_brown_0.002,3,3,18.0,u100,-37.2398796081543,65.87676239013672,0,1038240,0.0
z500_brown_0.002,3,3,18.0,u150,-32.88654327392578,74.4395751953125,0,1038240,0.0
z500_brown_0.002,3,3,18.0,u200,-40.90582275390625,86.3326187133789,0,1038240,0.0
z500_brown_0.002,3,3,18.0,u250,-37.47208786010742,101.02914428710938,0,1038240,0.0
z500_brown_0.002,3,3,18.0,u300,-39.130558013916016,97.67097473144531,0,1038240,0.0
z500_brown_0.002,3,3,18.0,u400,-37.71229553222656,71.57771301269531,0,1038240,0.0
z500_brown_0.002,3,3,18.0,u500,-34.58048629760742,58.196529388427734,0,1038240,0.0
z500_brown_0.002,3,3,18.0,u600,-32.88277816772461,45.47196960449219,0,1038240,0.0
z500_brown_0.002,3,3,18.0,u700,-34.01374816894531,39.03205108642578,0,1038240,0.0
z500_brown_0.002,3,3,18.0,u850,-36.38236618041992,35.612361907958984,0,1038240,0.0
z500_brown_0.002,3,3,18.0,u925,-36.866859436035156,32.01139450073242,0,1038240,0.0
z500_brown_0.002,3,3,18.0,u1000,-22.25113296508789,21.5375919342041,0,1038240,0.0
z500_brown_0.002,3,3,18.0,v50,-23.219661712646484,29.53952980041504,0,1038240,0.0
z500_brown_0.002,3,3,18.0,v100,-26.700416564941406,33.715946197509766,0,1038240,0.0
z500_brown_0.002,3,3,18.0,v150,-29.45902442932129,36.507850646972656,0,1038240,0.0
z500_brown_0.002,3,3,18.0,v200,-45.37412643432617,54.949607849121094,0,1038240,0.0
z500_brown_0.002,3,3,18.0,v250,-57.13409423828125,62.67558670043945,0,1038240,0.0
z500_brown_0.002,3,3,18.0,v300,-52.78812026977539,59.149688720703125,0,1038240,0.0
z500_brown_0.002,3,3,18.0,v400,-44.96815490722656,52.58545684814453,0,1038240,0.0
z500_brown_0.002,3,3,18.0,v500,-42.52714538574219,43.32162094116211,0,1038240,0.0
z500_brown_0.002,3,3,18.0,v600,-33.115089416503906,36.49177932739258,0,1038240,0.0
z500_brown_0.002,3,3,18.0,v700,-27.330280303955078,34.2877197265625,0,1038240,0.0
z500_brown_0.002,3,3,18.0,v850,-32.714683532714844,37.8136100769043,0,1038240,0.0
z500_brown_0.002,3,3,18.0,v925,-31.232620239257812,37.62277603149414,0,1038240,0.0
z500_brown_0.002,3,3,18.0,v1000,-20.662097930908203,27.40144157409668,0,1038240,0.0
z500_brown_0.002,3,3,18.0,z50,178365.828125,208026.625,0,1038240,0.0
z500_brown_0.002,3,3,18.0,z100,140504.171875,165754.546875,0,1038240,0.0
z500_brown_0.002,3,3,18.0,z150,117419.15625,142008.78125,0,1038240,0.0
z500_brown_0.002,3,3,18.0,z200,100615.390625,123869.734375,0,1038240,0.0
z500_brown_0.002,3,3,18.0,z250,87318.78125,109030.5546875,0,1038240,0.0
z500_brown_0.002,3,3,18.0,z300,76233.2109375,96388.859375,0,1038240,0.0
z500_brown_0.002,3,3,18.0,z400,58392.890625,75615.03125,0,1038240,0.0
z500_brown_0.002,3,3,18.0,z500,44144.765625,58856.4296875,0,1038240,0.0
z500_brown_0.002,3,3,18.0,z600,32108.6875,44696.14453125,0,1038240,0.0
z500_brown_0.002,3,3,18.0,z700,21648.4609375,32402.068359375,0,1038240,0.0
z500_brown_0.002,3,3,18.0,z850,7493.0283203125,16458.533203125,0,1038240,0.0
z500_brown_0.002,3,3,18.0,z925,1168.552734375,9417.3671875,0,1038240,0.0
z500_brown_0.002,3,3,18.0,z1000,-4779.56591796875,3017.8212890625,0,1038240,0.0
z500_brown_0.002,3,3,18.0,t50,180.43701171875,234.35980224609375,0,1038240,0.0
z500_brown_0.002,3,3,18.0,t100,186.3824920654297,235.38583374023438,0,1038240,0.0
z500_brown_0.002,3,3,18.0,t150,188.81297302246094,239.08497619628906,0,1038240,0.0
z500_brown_0.002,3,3,18.0,t200,192.63204956054688,241.79588317871094,0,1038240,0.0
z500_brown_0.002,3,3,18.0,t250,199.33248901367188,242.45852661132812,0,1038240,0.0
z500_brown_0.002,3,3,18.0,t300,204.73678588867188,250.6571502685547,0,1038240,0.0
z500_brown_0.002,3,3,18.0,t400,214.7920379638672,264.7540588378906,0,1038240,0.0
z500_brown_0.002,3,3,18.0,t500,223.27523803710938,276.7720031738281,0,1038240,0.0
z500_brown_0.002,3,3,18.0,t600,216.61764526367188,288.4666748046875,0,1038240,0.0
z500_brown_0.002,3,3,18.0,t700,215.43072509765625,299.6337890625,0,1038240,0.0
z500_brown_0.002,3,3,18.0,t850,223.760498046875,310.3331298828125,0,1038240,0.0
z500_brown_0.002,3,3,18.0,t925,227.81385803222656,316.828857421875,0,1038240,0.0
z500_brown_0.002,3,3,18.0,t1000,231.5018768310547,321.959228515625,0,1038240,0.0
z500_brown_0.002,3,3,18.0,q50,1.2881037037004717e-07,1.9686578980326885e-06,0,1038240,0.0
z500_brown_0.002,3,3,18.0,q100,3.9938731788424775e-07,8.17238924355479e-06,0,1038240,0.0
z500_brown_0.002,3,3,18.0,q150,3.35012828145409e-07,3.678275606944226e-05,0,1038240,0.0
z500_brown_0.002,3,3,18.0,q200,-1.6749836504459381e-06,0.00021106241911184043,5706,1038240,0.005495839112343966
z500_brown_0.002,3,3,18.0,q250,-1.509280627942644e-05,0.0006485578487627208,34084,1038240,0.03282863307135152
z500_brown_0.002,3,3,18.0,q300,-1.5748169971629977e-05,0.0015143889468163252,28138,1038240,0.02710163353367237
z500_brown_0.002,3,3,18.0,q400,-7.634391658939421e-05,0.004053965210914612,56877,1038240,0.05478213129912159
z500_brown_0.002,3,3,18.0,q500,-0.00012236915063112974,0.00694990111514926,40977,1038240,0.03946775312066574
z500_brown_0.002,3,3,18.0,q600,-0.00031626957934349775,0.009593631140887737,35754,1038240,0.03443712436430883
z500_brown_0.002,3,3,18.0,q700,-0.0007344959303736687,0.013096503913402557,60766,1038240,0.05852789335799045
z500_brown_0.002,3,3,18.0,q850,-0.0011953222565352917,0.018030444160103798,72768,1038240,0.07008784096162737
z500_brown_0.002,3,3,18.0,q925,-0.0014852606691420078,0.019868185743689537,75171,1038240,0.07240233472029589
z500_brown_0.002,3,3,18.0,q1000,-0.0015476695261895657,0.024602213874459267,73742,1038240,0.07102596702111265
z500_brown_0.002,3,4,24.0,u10m,-20.907684326171875,25.435237884521484,0,1038240,0.0
z500_brown_0.002,3,4,24.0,v10m,-19.724206924438477,25.552637100219727,0,1038240,0.0
z500_brown_0.002,3,4,24.0,u100m,-27.95955467224121,32.54655075073242,0,1038240,0.0
z500_brown_0.002,3,4,24.0,v100m,-26.206796646118164,34.568931579589844,0,1038240,0.0
z500_brown_0.002,3,4,24.0,t2m,205.8113555908203,319.5142822265625,0,1038240,0.0
z500_brown_0.002,3,4,24.0,sp,49015.2109375,103879.328125,0,1038240,0.0
z500_brown_0.002,3,4,24.0,msl,93890.734375,103865.6171875,0,1038240,0.0
z500_brown_0.002,3,4,24.0,tcwv,-4.607503890991211,75.89643096923828,72312,1038240,0.06964863615349053
z500_brown_0.002,3,4,24.0,u50,-29.700157165527344,77.61766815185547,0,1038240,0.0
z500_brown_0.002,3,4,24.0,u100,-37.62460708618164,65.95097351074219,0,1038240,0.0
z500_brown_0.002,3,4,24.0,u150,-31.67336082458496,73.63906860351562,0,1038240,0.0
z500_brown_0.002,3,4,24.0,u200,-37.43018341064453,85.66857147216797,0,1038240,0.0
z500_brown_0.002,3,4,24.0,u250,-36.48363494873047,96.30134582519531,0,1038240,0.0
z500_brown_0.002,3,4,24.0,u300,-38.9700813293457,93.87066650390625,0,1038240,0.0
z500_brown_0.002,3,4,24.0,u400,-35.79498291015625,72.44049835205078,0,1038240,0.0
z500_brown_0.002,3,4,24.0,u500,-30.360607147216797,62.87104415893555,0,1038240,0.0
z500_brown_0.002,3,4,24.0,u600,-30.018320083618164,51.097267150878906,0,1038240,0.0
z500_brown_0.002,3,4,24.0,u700,-31.615901947021484,41.606651306152344,0,1038240,0.0
z500_brown_0.002,3,4,24.0,u850,-36.18955612182617,35.31023406982422,0,1038240,0.0
z500_brown_0.002,3,4,24.0,u925,-34.66972732543945,35.851402282714844,0,1038240,0.0
z500_brown_0.002,3,4,24.0,u1000,-20.425649642944336,25.127038955688477,0,1038240,0.0
z500_brown_0.002,3,4,24.0,v50,-22.93844985961914,29.347423553466797,0,1038240,0.0
z500_brown_0.002,3,4,24.0,v100,-25.025388717651367,32.709930419921875,0,1038240,0.0
z500_brown_0.002,3,4,24.0,v150,-29.5189151763916,34.77505874633789,0,1038240,0.0
z500_brown_0.002,3,4,24.0,v200,-42.44534683227539,53.35080337524414,0,1038240,0.0
z500_brown_0.002,3,4,24.0,v250,-55.13213348388672,63.17104721069336,0,1038240,0.0
z500_brown_0.002,3,4,24.0,v300,-54.25621032714844,60.65914535522461,0,1038240,0.0
z500_brown_0.002,3,4,24.0,v400,-38.76346206665039,53.013240814208984,0,1038240,0.0
z500_brown_0.002,3,4,24.0,v500,-36.554710388183594,46.07600402832031,0,1038240,0.0
z500_brown_0.002,3,4,24.0,v600,-33.31509017944336,36.922969818115234,0,1038240,0.0
z500_brown_0.002,3,4,24.0,v700,-29.948442459106445,32.069557189941406,0,1038240,0.0
z500_brown_0.002,3,4,24.0,v850,-36.6391487121582,38.77348709106445,0,1038240,0.0
z500_brown_0.002,3,4,24.0,v925,-32.07988357543945,36.697410583496094,0,1038240,0.0
z500_brown_0.002,3,4,24.0,v1000,-20.384410858154297,26.2825927734375,0,1038240,0.0
z500_brown_0.002,3,4,24.0,z50,178281.0,208039.140625,0,1038240,0.0
z500_brown_0.002,3,4,24.0,z100,140449.9375,165510.25,0,1038240,0.0
z500_brown_0.002,3,4,24.0,z150,117388.4765625,141739.921875,0,1038240,0.0
z500_brown_0.002,3,4,24.0,z200,100595.375,123628.984375,0,1038240,0.0
z500_brown_0.002,3,4,24.0,z250,87301.546875,108933.1484375,0,1038240,0.0
z500_brown_0.002,3,4,24.0,z300,76200.0,96398.703125,0,1038240,0.0
z500_brown_0.002,3,4,24.0,z400,58367.8671875,75583.2734375,0,1038240,0.0
z500_brown_0.002,3,4,24.0,z500,44143.55078125,58800.21484375,0,1038240,0.0
z500_brown_0.002,3,4,24.0,z600,32160.515625,44667.96484375,0,1038240,0.0
z500_brown_0.002,3,4,24.0,z700,21594.900390625,32391.015625,0,1038240,0.0
z500_brown_0.002,3,4,24.0,z850,7355.2041015625,16493.05859375,0,1038240,0.0
z500_brown_0.002,3,4,24.0,z925,1073.1708984375,9512.5966796875,0,1038240,0.0
z500_brown_0.002,3,4,24.0,z1000,-4793.8076171875,3068.8857421875,0,1038240,0.0
z500_brown_0.002,3,4,24.0,t50,180.01812744140625,234.654296875,0,1038240,0.0
z500_brown_0.002,3,4,24.0,t100,186.51560974121094,235.385986328125,0,1038240,0.0
z500_brown_0.002,3,4,24.0,t150,188.5775909423828,239.3571319580078,0,1038240,0.0
z500_brown_0.002,3,4,24.0,t200,192.24142456054688,241.91229248046875,0,1038240,0.0
z500_brown_0.002,3,4,24.0,t250,199.68038940429688,242.6392059326172,0,1038240,0.0
z500_brown_0.002,3,4,24.0,t300,204.7484130859375,250.16404724121094,0,1038240,0.0
z500_brown_0.002,3,4,24.0,t400,214.63662719726562,264.61492919921875,0,1038240,0.0
z500_brown_0.002,3,4,24.0,t500,222.81085205078125,276.6178283691406,0,1038240,0.0
z500_brown_0.002,3,4,24.0,t600,217.11785888671875,286.63079833984375,0,1038240,0.0
z500_brown_0.002,3,4,24.0,t700,215.742431640625,295.401611328125,0,1038240,0.0
z500_brown_0.002,3,4,24.0,t850,224.33993530273438,308.1558837890625,0,1038240,0.0
z500_brown_0.002,3,4,24.0,t925,228.18186950683594,313.8173828125,0,1038240,0.0
z500_brown_0.002,3,4,24.0,t1000,231.86927795410156,318.2939453125,0,1038240,0.0
z500_brown_0.002,3,4,24.0,q50,1.698006144579267e-07,1.975303348444868e-06,0,1038240,0.0
z500_brown_0.002,3,4,24.0,q100,4.765420271723997e-07,7.673372238059528e-06,0,1038240,0.0
z500_brown_0.002,3,4,24.0,q150,-5.920674084336497e-08,3.532384289428592e-05,3,1038240,2.889505316689783e-06
z500_brown_0.002,3,4,24.0,q200,-1.4327415556181222e-06,0.00019461718329694122,4905,1038240,0.004724341192787794
z500_brown_0.002,3,4,24.0,q250,-1.2800799595424905e-05,0.0006218874477781355,40789,1038240,0.03928667745415318
z500_brown_0.002,3,4,24.0,q300,-1.816525764297694e-05,0.0014713642885908484,31157,1038240,0.030009439050701185
z500_brown_0.002,3,4,24.0,q400,-6.269526784308255e-05,0.004096116404980421,53605,1038240,0.05163064416705193
z500_brown_0.002,3,4,24.0,q500,-0.00012133130803704262,0.006901276297867298,44568,1038240,0.04292649098474341
z500_brown_0.002,3,4,24.0,q600,-0.0002566860057413578,0.009484867565333843,43262,1038240,0.04166859300354446
z500_brown_0.002,3,4,24.0,q700,-0.0006527004297822714,0.0130347590893507,59711,1038240,0.057511750654954535
z500_brown_0.002,3,4,24.0,q850,-0.001009372528642416,0.0180655624717474,72191,1038240,0.06953209277238404
z500_brown_0.002,3,4,24.0,q925,-0.0012673959136009216,0.019597431644797325,74824,1038240,0.07206811527199877
z500_brown_0.002,3,4,24.0,q1000,-0.0013846862129867077,0.02464170753955841,72885,1038240,0.07020053166897827
z500_brown_0.002,3,5,30.0,u10m,-21.702972412109375,27.02569580078125,0,1038240,0.0
z500_brown_0.002,3,5,30.0,v10m,-19.77108383178711,24.118450164794922,0,1038240,0.0
z500_brown_0.002,3,5,30.0,u100m,-29.041723251342773,34.127235412597656,0,1038240,0.0
z500_brown_0.002,3,5,30.0,v100m,-26.05776596069336,33.005043029785156,0,1038240,0.0
z500_brown_0.002,3,5,30.0,t2m,205.74102783203125,316.17730712890625,0,1038240,0.0
z500_brown_0.002,3,5,30.0,sp,49039.57421875,103790.46875,0,1038240,0.0
z500_brown_0.002,3,5,30.0,msl,93967.7265625,103796.7578125,0,1038240,0.0
z500_brown_0.002,3,5,30.0,tcwv,-4.117162704467773,75.19953918457031,70735,1038240,0.06812971952535059
z500_brown_0.002,3,5,30.0,u50,-30.295982360839844,77.15254211425781,0,1038240,0.0
z500_brown_0.002,3,5,30.0,u100,-38.04851531982422,68.68878173828125,0,1038240,0.0
z500_brown_0.002,3,5,30.0,u150,-30.384939193725586,73.16461181640625,0,1038240,0.0
z500_brown_0.002,3,5,30.0,u200,-37.57115936279297,85.40283203125,0,1038240,0.0
z500_brown_0.002,3,5,30.0,u250,-33.48055648803711,93.4864501953125,0,1038240,0.0
z500_brown_0.002,3,5,30.0,u300,-37.414737701416016,91.73982238769531,0,1038240,0.0
z500_brown_0.002,3,5,30.0,u400,-34.36680603027344,75.04671478271484,0,1038240,0.0
z500_brown_0.002,3,5,30.0,u500,-30.880104064941406,60.95677185058594,0,1038240,0.0
z500_brown_0.002,3,5,30.0,u600,-29.279111862182617,49.47325134277344,0,1038240,0.0
z500_brown_0.002,3,5,30.0,u700,-35.62129592895508,40.06094741821289,0,1038240,0.0
z500_brown_0.002,3,5,30.0,u850,-38.29368591308594,39.301536560058594,0,1038240,0.0
z500_brown_0.002,3,5,30.0,u925,-35.17263412475586,36.416996002197266,0,1038240,0.0
z500_brown_0.002,3,5,30.0,u1000,-21.63702392578125,26.463747024536133,0,1038240,0.0
z500_brown_0.002,3,5,30.0,v50,-23.602874755859375,27.97144317626953,0,1038240,0.0
z500_brown_0.002,3,5,30.0,v100,-21.962188720703125,31.377872467041016,0,1038240,0.0
z500_brown_0.002,3,5,30.0,v150,-28.413928985595703,33.07791519165039,0,1038240,0.0
z500_brown_0.002,3,5,30.0,v200,-42.470401763916016,51.73299026489258,0,1038240,0.0
z500_brown_0.002,3,5,30.0,v250,-54.373538970947266,63.653438568115234,0,1038240,0.0
z500_brown_0.002,3,5,30.0,v300,-53.52836608886719,66.13250732421875,0,1038240,0.0
z500_brown_0.002,3,5,30.0,v400,-39.68140411376953,56.460147857666016,0,1038240,0.0
z500_brown_0.002,3,5,30.0,v500,-37.269657135009766,48.50430679321289,0,1038240,0.0
z500_brown_0.002,3,5,30.0,v600,-33.230499267578125,39.36752700805664,0,1038240,0.0
z500_brown_0.002,3,5,30.0,v700,-28.78240966796875,32.529056549072266,0,1038240,0.0
z500_brown_0.002,3,5,30.0,v850,-36.26657485961914,38.75746536254883,0,1038240,0.0
z500_brown_0.002,3,5,30.0,v925,-30.859590530395508,31.885400772094727,0,1038240,0.0
z500_brown_0.002,3,5,30.0,v1000,-20.34255027770996,24.57023811340332,0,1038240,0.0
z500_brown_0.002,3,5,30.0,z50,178071.6875,208176.15625,0,1038240,0.0
z500_brown_0.002,3,5,30.0,z100,140335.3125,165620.34375,0,1038240,0.0
z500_brown_0.002,3,5,30.0,z150,117312.4453125,141763.5,0,1038240,0.0
z500_brown_0.002,3,5,30.0,z200,100547.2734375,123666.890625,0,1038240,0.0
z500_brown_0.002,3,5,30.0,z250,87259.4375,108940.5625,0,1038240,0.0
z500_brown_0.002,3,5,30.0,z300,76183.4140625,96394.796875,0,1038240,0.0
z500_brown_0.002,3,5,30.0,z400,58362.28515625,75593.234375,0,1038240,0.0
z500_brown_0.002,3,5,30.0,z500,44138.7265625,58648.04296875,0,1038240,0.0
z500_brown_0.002,3,5,30.0,z600,31988.65625,44514.40625,0,1038240,0.0
z500_brown_0.002,3,5,30.0,z700,21274.85546875,32220.73046875,0,1038240,0.0
z500_brown_0.002,3,5,30.0,z850,7284.3271484375,16518.7109375,0,1038240,0.0
z500_brown_0.002,3,5,30.0,z925,1122.9775390625,9523.640625,0,1038240,0.0
z500_brown_0.002,3,5,30.0,z1000,-4677.4921875,3027.55029296875,0,1038240,0.0
z500_brown_0.002,3,5,30.0,t50,179.81002807617188,234.93283081054688,0,1038240,0.0
z500_brown_0.002,3,5,30.0,t100,186.25437927246094,235.23257446289062,0,1038240,0.0
z500_brown_0.002,3,5,30.0,t150,189.10545349121094,240.01608276367188,0,1038240,0.0
z500_brown_0.002,3,5,30.0,t200,192.12037658691406,242.129638671875,0,1038240,0.0
z500_brown_0.002,3,5,30.0,t250,199.81402587890625,242.51014709472656,0,1038240,0.0
z500_brown_0.002,3,5,30.0,t300,204.80697631835938,250.2333526611328,0,1038240,0.0
z500_brown_0.002,3,5,30.0,t400,214.09825134277344,264.1452941894531,0,1038240,0.0
z500_brown_0.002,3,5,30.0,t500,222.82916259765625,276.0238037109375,0,1038240,0.0
z500_brown_0.002,3,5,30.0,t600,216.99168395996094,289.0384521484375,0,1038240,0.0
z500_brown_0.002,3,5,30.0,t700,215.150634765625,300.82403564453125,0,1038240,0.0
z500_brown_0.002,3,5,30.0,t850,223.91673278808594,312.116943359375,0,1038240,0.0
z500_brown_0.002,3,5,30.0,t925,227.73910522460938,317.2765808105469,0,1038240,0.0
z500_brown_0.002,3,5,30.0,t1000,231.31527709960938,322.4225158691406,0,1038240,0.0
z500_brown_0.002,3,5,30.0,q50,2.1158507479412947e-07,1.9827430151053704e-06,0,1038240,0.0
z500_brown_0.002,3,5,30.0,q100,5.700969722965965e-07,7.222733074740972e-06,0,1038240,0.0
z500_brown_0.002,3,5,30.0,q150,-4.4439138946472667e-07,3.5015036701224744e-05,62,1038240,5.9716443211588844e-05
z500_brown_0.002,3,5,30.0,q200,-2.2101721697254106e-06,0.0002027494483627379,7405,1038240,0.00713226229002928
z500_brown_0.002,3,5,30.0,q250,-1.5637382603017613e-05,0.000636493437923491,32136,1038240,0.030952380952380953
z500_brown_0.002,3,5,30.0,q300,-2.070024493150413e-05,0.00151621806435287,28572,1038240,0.02751964863615349
z500_brown_0.002,3,5,30.0,q400,-6.822924478910863e-05,0.00419314019382,50369,1038240,0.04851383109878255
z500_brown_0.002,3,5,30.0,q500,-0.00011388567509129643,0.007218799088150263,40779,1038240,0.039277045769764214
z500_brown_0.002,3,5,30.0,q600,-0.00029339990578591824,0.010796795599162579,44151,1038240,0.042524849745723535
z500_brown_0.002,3,5,30.0,q700,-0.0005502300336956978,0.01329934224486351,61861,1038240,0.05958256279858221
z500_brown_0.002,3,5,30.0,q850,-0.0008367756381630898,0.017993861809372902,70090,1038240,0.06750847588226229
z500_brown_0.002,3,5,30.0,q925,-0.001055438071489334,0.020053789019584656,72470,1038240,0.06980081676683618
z500_brown_0.002,3,5,30.0,q1000,-0.0011289441026747227,0.0239375289529562,71214,1038240,0.06859107720758206
z500_brown_0.002,3,6,36.0,u10m,-22.128829956054688,23.31366729736328,0,1038240,0.0
z500_brown_0.002,3,6,36.0,v10m,-19.481800079345703,22.84172821044922,0,1038240,0.0
z500_brown_0.002,3,6,36.0,u100m,-29.32958984375,29.1166934967041,0,1038240,0.0
z500_brown_0.002,3,6,36.0,v100m,-25.402999877929688,31.758955001831055,0,1038240,0.0
z500_brown_0.002,3,6,36.0,t2m,204.11746215820312,322.08978271484375,0,1038240,0.0
z500_brown_0.002,3,6,36.0,sp,48969.515625,103832.15625,0,1038240,0.0
z500_brown_0.002,3,6,36.0,msl,94191.4609375,103782.953125,0,1038240,0.0
z500_brown_0.002,3,6,36.0,tcwv,-3.717344284057617,75.51280212402344,67029,1038240,0.06456021729079982
z500_brown_0.002,3,6,36.0,u50,-27.400428771972656,75.88105773925781,0,1038240,0.0
z500_brown_0.002,3,6,36.0,u100,-37.71809768676758,67.95417785644531,0,1038240,0.0
z500_brown_0.002,3,6,36.0,u150,-31.951631546020508,71.19227600097656,0,1038240,0.0
z500_brown_0.002,3,6,36.0,u200,-37.273345947265625,82.95674896240234,0,1038240,0.0
z500_brown_0.002,3,6,36.0,u250,-34.50164031982422,90.79505920410156,0,1038240,0.0
z500_brown_0.002,3,6,36.0,u300,-31.725269317626953,86.63211059570312,0,1038240,0.0
z500_brown_0.002,3,6,36.0,u400,-28.248857498168945,73.03357696533203,0,1038240,0.0
z500_brown_0.002,3,6,36.0,u500,-27.7451171875,59.629756927490234,0,1038240,0.0
z500_brown_0.002,3,6,36.0,u600,-30.00299644470215,48.421260833740234,0,1038240,0.0
z500_brown_0.002,3,6,36.0,u700,-37.38511657714844,40.94877624511719,0,1038240,0.0
z500_brown_0.002,3,6,36.0,u850,-37.85707473754883,36.40253829956055,0,1038240,0.0
z500_brown_0.002,3,6,36.0,u925,-35.07959747314453,31.037851333618164,0,1038240,0.0
z500_brown_0.002,3,6,36.0,u1000,-21.83515167236328,23.25861358642578,0,1038240,0.0
z500_brown_0.002,3,6,36.0,v50,-25.396080017089844,27.542638778686523,0,1038240,0.0
z500_brown_0.002,3,6,36.0,v100,-21.46410369873047,29.024513244628906,0,1038240,0.0
z500_brown_0.002,3,6,36.0,v150,-29.047380447387695,32.69232177734375,0,1038240,0.0
z500_brown_0.002,3,6,36.0,v200,-40.664451599121094,48.00615692138672,0,1038240,0.0
z500_brown_0.002,3,6,36.0,v250,-50.54460906982422,54.2900505065918,0,1038240,0.0
z500_brown_0.002,3,6,36.0,v300,-54.707122802734375,53.88186264038086,0,1038240,0.0
z500_brown_0.002,3,6,36.0,v400,-45.77402877807617,53.78656005859375,0,1038240,0.0
z500_brown_0.002,3,6,36.0,v500,-37.635169982910156,45.891334533691406,0,1038240,0.0
z500_brown_0.002,3,6,36.0,v600,-30.013338088989258,38.59121322631836,0,1038240,0.0
z500_brown_0.002,3,6,36.0,v700,-26.03438377380371,31.222610473632812,0,1038240,0.0
z500_brown_0.002,3,6,36.0,v850,-32.48957443237305,37.7840576171875,0,1038240,0.0
z500_brown_0.002,3,6,36.0,v925,-31.159589767456055,30.992223739624023,0,1038240,0.0
z500_brown_0.002,3,6,36.0,v1000,-20.408113479614258,23.534908294677734,0,1038240,0.0
z500_brown_0.002,3,6,36.0,z50,177778.796875,208346.609375,0,1038240,0.0
z500_brown_0.002,3,6,36.0,z100,140345.578125,165804.421875,0,1038240,0.0
z500_brown_0.002,3,6,36.0,z150,117379.5078125,141955.359375,0,1038240,0.0
z500_brown_0.002,3,6,36.0,z200,100663.890625,123789.609375,0,1038240,0.0
z500_brown_0.002,3,6,36.0,z250,87420.34375,108871.3828125,0,1038240,0.0
z500_brown_0.002,3,6,36.0,z300,76356.1015625,96251.6875,0,1038240,0.0
z500_brown_0.002,3,6,36.0,z400,58532.6875,75455.4921875,0,1038240,0.0
z500_brown_0.002,3,6,36.0,z500,44135.09765625,58723.3671875,0,1038240,0.0
z500_brown_0.002,3,6,36.0,z600,31880.08984375,44602.73828125,0,1038240,0.0
z500_brown_0.002,3,6,36.0,z700,21235.0234375,32269.25,0,1038240,0.0
z500_brown_0.002,3,6,36.0,z850,7409.36669921875,16570.5546875,0,1038240,0.0
z500_brown_0.002,3,6,36.0,z925,1300.134765625,9576.818359375,0,1038240,0.0
z500_brown_0.002,3,6,36.0,z1000,-4472.31787109375,3088.26171875,0,1038240,0.0
z500_brown_0.002,3,6,36.0,t50,179.48435974121094,235.20458984375,0,1038240,0.0
z500_brown_0.002,3,6,36.0,t100,186.00778198242188,235.68951416015625,0,1038240,0.0
z500_brown_0.002,3,6,36.0,t150,189.0747528076172,240.22018432617188,0,1038240,0.0
z500_brown_0.002,3,6,36.0,t200,192.01748657226562,241.982421875,0,1038240,0.0
z500_brown_0.002,3,6,36.0,t250,200.230712890625,242.78863525390625,0,1038240,0.0
z500_brown_0.002,3,6,36.0,t300,204.64328002929688,251.33309936523438,0,1038240,0.0
z500_brown_0.002,3,6,36.0,t400,213.61074829101562,265.4917297363281,0,1038240,0.0
z500_brown_0.002,3,6,36.0,t500,222.51303100585938,276.81781005859375,0,1038240,0.0
z500_brown_0.002,3,6,36.0,t600,217.43963623046875,291.02667236328125,0,1038240,0.0
z500_brown_0.002,3,6,36.0,t700,215.0433807373047,303.34051513671875,0,1038240,0.0
z500_brown_0.002,3,6,36.0,t850,223.51962280273438,313.6813659667969,0,1038240,0.0
z500_brown_0.002,3,6,36.0,t925,227.4310302734375,318.609619140625,0,1038240,0.0
z500_brown_0.002,3,6,36.0,t1000,231.00875854492188,323.5716857910156,0,1038240,0.0
z500_brown_0.002,3,6,36.0,q50,2.48930518864654e-07,1.9887979760824237e-06,0,1038240,0.0
z500_brown_0.002,3,6,36.0,q100,6.476661837950815e-07,6.820628186687827e-06,0,1038240,0.0
z500_brown_0.002,3,6,36.0,q150,1.747780515870545e-07,3.898055001627654e-05,0,1038240,0.0
z500_brown_0.002,3,6,36.0,q200,-3.742408807738684e-06,0.00021321125677786767,11498,1038240,0.01107451071043304
z500_brown_0.002,3,6,36.0,q250,-1.3806591596221551e-05,0.0006448113708756864,30905,1038240,0.029766720604099246
z500_brown_0.002,3,6,36.0,q300,-1.6564794350415468e-05,0.0014780904166400433,27378,1038240,0.02636962552011096
z500_brown_0.002,3,6,36.0,q400,-5.629306542687118e-05,0.003986128140240908,48979,1038240,0.04717502696871629
z500_brown_0.002,3,6,36.0,q500,-0.00010131049202755094,0.00791548565030098,36902,1038240,0.03554284173216212
z500_brown_0.002,3,6,36.0,q600,-0.00021416088566184044,0.009867513552308083,42288,1038240,0.04073046694405918
z500_brown_0.002,3,6,36.0,q700,-0.00048515014350414276,0.012848932296037674,56831,1038240,0.054737825550932345
z500_brown_0.002,3,6,36.0,q850,-0.0006316788494586945,0.01817392371594906,65806,1038240,0.06338226229002929
z500_brown_0.002,3,6,36.0,q925,-0.000794360414147377,0.02015325054526329,67542,1038240,0.06505432269995377
z500_brown_0.002,3,6,36.0,q1000,-0.0009279991500079632,0.02565164864063263,67169,1038240,0.06469506087224534
z500_brown_0.002,3,7,42.0,u10m,-21.938859939575195,18.59865951538086,0,1038240,0.0
z500_brown_0.002,3,7,42.0,v10m,-20.327896118164062,23.677309036254883,0,1038240,0.0
z500_brown_0.002,3,7,42.0,u100m,-28.432939529418945,24.116554260253906,0,1038240,0.0
z500_brown_0.002,3,7,42.0,v100m,-27.404497146606445,32.635467529296875,0,1038240,0.0
z500_brown_0.002,3,7,42.0,t2m,202.68267822265625,321.062255859375,0,1038240,0.0
z500_brown_0.002,3,7,42.0,sp,49072.71875,103867.359375,0,1038240,0.0
z500_brown_0.002,3,7,42.0,msl,94652.96875,103827.25,0,1038240,0.0
z500_brown_0.002,3,7,42.0,tcwv,-2.7522125244140625,76.85677337646484,61198,1038240,0.05894398212359377
z500_brown_0.002,3,7,42.0,u50,-28.007293701171875,75.71468353271484,0,1038240,0.0
z500_brown_0.002,3,7,42.0,u100,-33.911277770996094,67.03955078125,0,1038240,0.0
z500_brown_0.002,3,7,42.0,u150,-30.911130905151367,70.39510345458984,0,1038240,0.0
z500_brown_0.002,3,7,42.0,u200,-37.922706604003906,81.59466552734375,0,1038240,0.0
z500_brown_0.002,3,7,42.0,u250,-35.916500091552734,87.05349731445312,0,1038240,0.0
z500_brown_0.002,3,7,42.0,u300,-32.4798583984375,85.24140930175781,0,1038240,0.0
z500_brown_0.002,3,7,42.0,u400,-24.539419174194336,69.97118377685547,0,1038240,0.0
z500_brown_0.002,3,7,42.0,u500,-26.781024932861328,59.75575637817383,0,1038240,0.0
z500_brown_0.002,3,7,42.0,u600,-32.80133056640625,48.821678161621094,0,1038240,0.0
z500_brown_0.002,3,7,42.0,u700,-39.55867385864258,40.71925354003906,0,1038240,0.0
z500_brown_0.002,3,7,42.0,u850,-37.407997131347656,35.421146392822266,0,1038240,0.0
z500_brown_0.002,3,7,42.0,u925,-36.31428909301758,30.587080001831055,0,1038240,0.0
z500_brown_0.002,3,7,42.0,u1000,-21.95779037475586,20.86074447631836,0,1038240,0.0
z500_brown_0.002,3,7,42.0,v50,-26.448532104492188,25.884721755981445,0,1038240,0.0
z500_brown_0.002,3,7,42.0,v100,-21.751140594482422,25.74364471435547,0,1038240,0.0
z500_brown_0.002,3,7,42.0,v150,-28.522207260131836,32.366703033447266,0,1038240,0.0
z500_brown_0.002,3,7,42.0,v200,-40.33659362792969,47.68484878540039,0,1038240,0.0
z500_brown_0.002,3,7,42.0,v250,-53.14573287963867,52.612831115722656,0,1038240,0.0
z500_brown_0.002,3,7,42.0,v300,-58.93214797973633,54.7406120300293,0,1038240,0.0
z500_brown_0.002,3,7,42.0,v400,-54.88121032714844,55.874298095703125,0,1038240,0.0
z500_brown_0.002,3,7,42.0,v500,-39.77594757080078,48.70866394042969,0,1038240,0.0
z500_brown_0.002,3,7,42.0,v600,-28.128650665283203,39.70349884033203,0,1038240,0.0
z500_brown_0.002,3,7,42.0,v700,-24.585962295532227,32.67289733886719,0,1038240,0.0
z500_brown_0.002,3,7,42.0,v850,-33.99177551269531,35.950584411621094,0,1038240,0.0
z500_brown_0.002,3,7,42.0,v925,-34.29997253417969,31.071191787719727,0,1038240,0.0
z500_brown_0.002,3,7,42.0,v1000,-20.547151565551758,24.389537811279297,0,1038240,0.0
z500_brown_0.002,3,7,42.0,z50,177526.0625,208248.015625,0,1038240,0.0
z500_brown_0.002,3,7,42.0,z100,140318.609375,165769.6875,0,1038240,0.0
z500_brown_0.002,3,7,42.0,z150,117452.234375,141870.078125,0,1038240,0.0
z500_brown_0.002,3,7,42.0,z200,100796.796875,123715.28125,0,1038240,0.0
z500_brown_0.002,3,7,42.0,z250,87601.1171875,108900.40625,0,1038240,0.0
z500_brown_0.002,3,7,42.0,z300,76563.0,96391.7890625,0,1038240,0.0
z500_brown_0.002,3,7,42.0,z400,58694.59765625,75591.4609375,0,1038240,0.0
z500_brown_0.002,3,7,42.0,z500,44248.296875,58723.72265625,0,1038240,0.0
z500_brown_0.002,3,7,42.0,z600,32055.42578125,44522.734375,0,1038240,0.0
z500_brown_0.002,3,7,42.0,z700,21463.361328125,32294.00390625,0,1038240,0.0
z500_brown_0.002,3,7,42.0,z850,7725.7783203125,16584.42578125,0,1038240,0.0
z500_brown_0.002,3,7,42.0,z925,1645.283203125,9590.80078125,0,1038240,0.0
z500_brown_0.002,3,7,42.0,z1000,-4095.037109375,3115.31494140625,0,1038240,0.0
z500_brown_0.002,3,7,42.0,t50,179.8236541748047,235.5747833251953,0,1038240,0.0
z500_brown_0.002,3,7,42.0,t100,186.2923583984375,235.9165496826172,0,1038240,0.0
z500_brown_0.002,3,7,42.0,t150,189.25828552246094,241.12155151367188,0,1038240,0.0
z500_brown_0.002,3,7,42.0,t200,192.13552856445312,242.03823852539062,0,1038240,0.0
z500_brown_0.002,3,7,42.0,t250,199.78829956054688,243.12445068359375,0,1038240,0.0
z500_brown_0.002,3,7,42.0,t300,204.8951416015625,249.8502655029297,0,1038240,0.0
z500_brown_0.002,3,7,42.0,t400,213.8438720703125,264.4805908203125,0,1038240,0.0
z500_brown_0.002,3,7,42.0,t500,221.8153533935547,275.66351318359375,0,1038240,0.0
z500_brown_0.002,3,7,42.0,t600,215.58880615234375,288.5858459472656,0,1038240,0.0
z500_brown_0.002,3,7,42.0,t700,214.48573303222656,299.14093017578125,0,1038240,0.0
z500_brown_0.002,3,7,42.0,t850,224.8827362060547,310.1927185058594,0,1038240,0.0
z500_brown_0.002,3,7,42.0,t925,228.66934204101562,315.9580078125,0,1038240,0.0
z500_brown_0.002,3,7,42.0,t1000,232.42367553710938,321.0810546875,0,1038240,0.0
z500_brown_0.002,3,7,42.0,q50,2.8401859708537813e-07,1.996651462832233e-06,0,1038240,0.0
z500_brown_0.002,3,7,42.0,q100,7.09105734131299e-07,6.409925845218822e-06,0,1038240,0.0
z500_brown_0.002,3,7,42.0,q150,3.8307598515530117e-07,3.805764936259948e-05,0,1038240,0.0
z500_brown_0.002,3,7,42.0,q200,-4.070177965331823e-06,0.00021270396246109158,12675,1038240,0.012208159963014331
z500_brown_0.002,3,7,42.0,q250,-1.3698288967134431e-05,0.0006461195298470557,25949,1038240,0.024993257820927723
z500_brown_0.002,3,7,42.0,q300,-2.1059022401459515e-05,0.0014342890353873372,27690,1038240,0.026670134073046695
z500_brown_0.002,3,7,42.0,q400,-6.228144047781825e-05,0.004205075558274984,45057,1038240,0.04339748035136385
z500_brown_0.002,3,7,42.0,q500,-9.051722008734941e-05,0.007440531626343727,29226,1038240,0.028149560795191864
z500_brown_0.002,3,7,42.0,q600,-0.0002548809861764312,0.009510301053524017,33487,1038240,0.03225362151333025
z500_brown_0.002,3,7,42.0,q700,-0.0004600787069648504,0.012868590652942657,53443,1038240,0.051474610879950686
z500_brown_0.002,3,7,42.0,q850,-0.0005439599044620991,0.018215537071228027,58569,1038240,0.05641181229773463
z500_brown_0.002,3,7,42.0,q925,-0.0007309606298804283,0.019707076251506805,63268,1038240,0.06093774079210972
z500_brown_0.002,3,7,42.0,q1000,-0.0008167554624378681,0.02484729140996933,62077,1038240,0.05979060718138388
z500_brown_0.002,3,8,48.0,u10m,-23.25737953186035,20.324722290039062,0,1038240,0.0
z500_brown_0.002,3,8,48.0,v10m,-24.079309463500977,23.024755477905273,0,1038240,0.0
z500_brown_0.002,3,8,48.0,u100m,-29.644712448120117,26.093975067138672,0,1038240,0.0
z500_brown_0.002,3,8,48.0,v100m,-31.900226593017578,32.08906555175781,0,1038240,0.0
z500_brown_0.002,3,8,48.0,t2m,201.4712677001953,320.19342041015625,0,1038240,0.0
z500_brown_0.002,3,8,48.0,sp,48923.30078125,103879.03125,0,1038240,0.0
z500_brown_0.002,3,8,48.0,msl,94920.171875,103833.34375,0,1038240,0.0
z500_brown_0.002,3,8,48.0,tcwv,-2.600038528442383,77.10503387451172,56380,1038240,0.054303436584989984
z500_brown_0.002,3,8,48.0,u50,-28.597759246826172,73.09953308105469,0,1038240,0.0
z500_brown_0.002,3,8,48.0,u100,-34.22970962524414,64.92680358886719,0,1038240,0.0
z500_brown_0.002,3,8,48.0,u150,-31.81233787536621,68.50030517578125,0,1038240,0.0
z500_brown_0.002,3,8,48.0,u200,-40.755157470703125,79.88383483886719,0,1038240,0.0
z500_brown_0.002,3,8,48.0,u250,-36.082149505615234,84.60055541992188,0,1038240,0.0
z500_brown_0.002,3,8,48.0,u300,-36.55643844604492,81.74916076660156,0,1038240,0.0
z500_brown_0.002,3,8,48.0,u400,-32.849830627441406,67.96874237060547,0,1038240,0.0
z500_brown_0.002,3,8,48.0,u500,-26.069652557373047,58.959754943847656,0,1038240,0.0
z500_brown_0.002,3,8,48.0,u600,-28.129281997680664,49.73912811279297,0,1038240,0.0
z500_brown_0.002,3,8,48.0,u700,-37.09954071044922,40.61713790893555,0,1038240,0.0
z500_brown_0.002,3,8,48.0,u850,-38.412254333496094,34.409000396728516,0,1038240,0.0
z500_brown_0.002,3,8,48.0,u925,-35.87791061401367,31.363412857055664,0,1038240,0.0
z500_brown_0.002,3,8,48.0,u1000,-23.205638885498047,20.6109561920166,0,1038240,0.0
z500_brown_0.002,3,8,48.0,v50,-26.277507781982422,24.49774932861328,0,1038240,0.0
z500_brown_0.002,3,8,48.0,v100,-22.23299217224121,22.670921325683594,0,1038240,0.0
z500_brown_0.002,3,8,48.0,v150,-27.436038970947266,32.65439987182617,0,1038240,0.0
z500_brown_0.002,3,8,48.0,v200,-46.00048065185547,45.34345245361328,0,1038240,0.0
z500_brown_0.002,3,8,48.0,v250,-52.902584075927734,47.58610916137695,0,1038240,0.0
z500_brown_0.002,3,8,48.0,v300,-57.887699127197266,55.91856002807617,0,1038240,0.0
z500_brown_0.002,3,8,48.0,v400,-55.74488830566406,55.18510055541992,0,1038240,0.0
z500_brown_0.002,3,8,48.0,v500,-42.510562896728516,48.244476318359375,0,1038240,0.0
z500_brown_0.002,3,8,48.0,v600,-29.61347007751465,38.951961517333984,0,1038240,0.0
z500_brown_0.002,3,8,48.0,v700,-26.178932189941406,32.62771987915039,0,1038240,0.0
z500_brown_0.002,3,8,48.0,v850,-37.69062423706055,35.23667526245117,0,1038240,0.0
z500_brown_0.002,3,8,48.0,v925,-35.415035247802734,31.038883209228516,0,1038240,0.0
z500_brown_0.002,3,8,48.0,v1000,-24.499841690063477,23.66756248474121,0,1038240,0.0
z500_brown_0.002,3,8,48.0,z50,177228.625,208249.671875,0,1038240,0.0
z500_brown_0.002,3,8,48.0,z100,140361.8125,165661.15625,0,1038240,0.0
z500_brown_0.002,3,8,48.0,z150,117614.828125,141656.0,0,1038240,0.0
z500_brown_0.002,3,8,48.0,z200,100983.5703125,123636.046875,0,1038240,0.0
z500_brown_0.002,3,8,48.0,z250,87781.5625,109001.953125,0,1038240,0.0
z500_brown_0.002,3,8,48.0,z300,76742.5390625,96462.171875,0,1038240,0.0
z500_brown_0.002,3,8,48.0,z400,58820.12109375,75574.640625,0,1038240,0.0
z500_brown_0.002,3,8,48.0,z500,44392.63671875,58801.25390625,0,1038240,0.0
z500_brown_0.002,3,8,48.0,z600,32217.345703125,44595.89453125,0,1038240,0.0
z500_brown_0.002,3,8,48.0,z700,21638.904296875,32363.109375,0,1038240,0.0
z500_brown_0.002,3,8,48.0,z850,7914.27001953125,16616.474609375,0,1038240,0.0
z500_brown_0.002,3,8,48.0,z925,1848.4873046875,9600.1630859375,0,1038240,0.0
z500_brown_0.002,3,8,48.0,z1000,-3873.19091796875,3118.7099609375,0,1038240,0.0
z500_brown_0.002,3,8,48.0,t50,179.98789978027344,235.7019805908203,0,1038240,0.0
z500_brown_0.002,3,8,48.0,t100,186.71165466308594,236.33090209960938,0,1038240,0.0
z500_brown_0.002,3,8,48.0,t150,190.11260986328125,241.36590576171875,0,1038240,0.0
z500_brown_0.002,3,8,48.0,t200,192.33799743652344,241.7531280517578,0,1038240,0.0
z500_brown_0.002,3,8,48.0,t250,199.4677734375,243.6453857421875,0,1038240,0.0
z500_brown_0.002,3,8,48.0,t300,204.69651794433594,250.2301483154297,0,1038240,0.0
z500_brown_0.002,3,8,48.0,t400,214.4445037841797,264.42974853515625,0,1038240,0.0
z500_brown_0.002,3,8,48.0,t500,221.50958251953125,275.5934143066406,0,1038240,0.0
z500_brown_0.002,3,8,48.0,t600,212.08860778808594,286.5414733886719,0,1038240,0.0
z500_brown_0.002,3,8,48.0,t700,214.23825073242188,295.77923583984375,0,1038240,0.0
z500_brown_0.002,3,8,48.0,t850,223.80221557617188,308.5981140136719,0,1038240,0.0
z500_brown_0.002,3,8,48.0,t925,227.58697509765625,314.38531494140625,0,1038240,0.0
z500_brown_0.002,3,8,48.0,t1000,231.36767578125,318.94329833984375,0,1038240,0.0
z500_brown_0.002,3,8,48.0,q50,3.220841335860314e-07,2.004731641136459e-06,0,1038240,0.0
z500_brown_0.002,3,8,48.0,q100,7.801162382747862e-07,6.079028025851585e-06,0,1038240,0.0
z500_brown_0.002,3,8,48.0,q150,2.2306039682007395e-07,3.396976535441354e-05,0,1038240,0.0
z500_brown_0.002,3,8,48.0,q200,-4.138413714827038e-06,0.00019418794545345008,12298,1038240,0.011845045461550316
z500_brown_0.002,3,8,48.0,q250,-1.104198963730596e-05,0.000633719377219677,23590,1038240,0.022721143473570658
z500_brown_0.002,3,8,48.0,q300,-2.885419235099107e-05,0.0014782167272642255,22771,1038240,0.021932308522114346
z500_brown_0.002,3,8,48.0,q400,-6.150078843347728e-05,0.004340166691690683,38512,1038240,0.03709354291878564
z500_brown_0.002,3,8,48.0,q500,-0.00011316669406369328,0.007149557117372751,31781,1038240,0.030610456156572662
z500_brown_0.002,3,8,48.0,q600,-0.00020689598750323057,0.009574400261044502,28818,1038240,0.027756588072122054
z500_brown_0.002,3,8,48.0,q700,-0.0003770922776311636,0.012882951647043228,45653,1038240,0.04397152874094622
z500_brown_0.002,3,8,48.0,q850,-0.0005604252219200134,0.018212411552667618,51305,1038240,0.04941535675758977
z500_brown_0.002,3,8,48.0,q925,-0.0006432104855775833,0.019536679610610008,54762,1038240,0.05274503005085529
z500_brown_0.002,3,8,48.0,q1000,-0.0008407221175730228,0.02484307810664177,55681,1038240,0.05363018184620126
z500_brown_0.002,3,9,54.0,u10m,-22.321250915527344,21.372861862182617,0,1038240,0.0
z500_brown_0.002,3,9,54.0,v10m,-20.138525009155273,22.969263076782227,0,1038240,0.0
z500_brown_0.002,3,9,54.0,u100m,-28.916614532470703,27.737031936645508,0,1038240,0.0
z500_brown_0.002,3,9,54.0,v100m,-26.467815399169922,29.79120635986328,0,1038240,0.0
z500_brown_0.002,3,9,54.0,t2m,200.08575439453125,315.75390625,0,1038240,0.0
z500_brown_0.002,3,9,54.0,sp,48980.3203125,103854.6484375,0,1038240,0.0
z500_brown_0.002,3,9,54.0,msl,95092.0625,103801.703125,0,1038240,0.0
z500_brown_0.002,3,9,54.0,tcwv,-2.2138309478759766,78.44831848144531,49012,1038240,0.047206811527199875
z500_brown_0.002,3,9,54.0,u50,-30.804222106933594,72.23841857910156,0,1038240,0.0
z500_brown_0.002,3,9,54.0,u100,-33.43620300292969,63.416969299316406,0,1038240,0.0
z500_brown_0.002,3,9,54.0,u150,-32.93096923828125,67.58270263671875,0,1038240,0.0
z500_brown_0.002,3,9,54.0,u200,-39.883026123046875,81.31383514404297,0,1038240,0.0
z500_brown_0.002,3,9,54.0,u250,-35.15101623535156,81.98332214355469,0,1038240,0.0
z500_brown_0.002,3,9,54.0,u300,-36.88772201538086,77.26608276367188,0,1038240,0.0
z500_brown_0.002,3,9,54.0,u400,-34.79216766357422,63.17485046386719,0,1038240,0.0
z500_brown_0.002,3,9,54.0,u500,-26.15471649169922,54.29335021972656,0,1038240,0.0
z500_brown_0.002,3,9,54.0,u600,-28.53861427307129,45.177669525146484,0,1038240,0.0
z500_brown_0.002,3,9,54.0,u700,-32.44315719604492,36.11882781982422,0,1038240,0.0
z500_brown_0.002,3,9,54.0,u850,-38.02500534057617,33.06454849243164,0,1038240,0.0
z500_brown_0.002,3,9,54.0,u925,-36.61051559448242,34.39499282836914,0,1038240,0.0
z500_brown_0.002,3,9,54.0,u1000,-23.222675323486328,21.71542739868164,0,1038240,0.0
z500_brown_0.002,3,9,54.0,v50,-24.58334732055664,21.878799438476562,0,1038240,0.0
z500_brown_0.002,3,9,54.0,v100,-23.715091705322266,21.151948928833008,0,1038240,0.0
z500_brown_0.002,3,9,54.0,v150,-29.180540084838867,31.15899085998535,0,1038240,0.0
z500_brown_0.002,3,9,54.0,v200,-43.98353576660156,45.23646545410156,0,1038240,0.0
z500_brown_0.002,3,9,54.0,v250,-52.15947341918945,50.345455169677734,0,1038240,0.0
z500_brown_0.002,3,9,54.0,v300,-54.97453308105469,57.06495666503906,0,1038240,0.0
z500_brown_0.002,3,9,54.0,v400,-48.542640686035156,57.833534240722656,0,1038240,0.0
z500_brown_0.002,3,9,54.0,v500,-43.65386962890625,51.17886734008789,0,1038240,0.0
z500_brown_0.002,3,9,54.0,v600,-32.89998245239258,39.080745697021484,0,1038240,0.0
z500_brown_0.002,3,9,54.0,v700,-28.48339080810547,35.234500885009766,0,1038240,0.0
z500_brown_0.002,3,9,54.0,v850,-33.14149856567383,36.68492126464844,0,1038240,0.0
z500_brown_0.002,3,9,54.0,v925,-31.689838409423828,36.78627395629883,0,1038240,0.0
z500_brown_0.002,3,9,54.0,v1000,-20.661745071411133,23.641996383666992,0,1038240,0.0
z500_brown_0.002,3,9,54.0,z50,176973.15625,208367.921875,0,1038240,0.0
z500_brown_0.002,3,9,54.0,z100,140337.671875,165840.5625,0,1038240,0.0
z500_brown_0.002,3,9,54.0,z150,117639.359375,141905.96875,0,1038240,0.0
z500_brown_0.002,3,9,54.0,z200,100935.3125,123806.421875,0,1038240,0.0
z500_brown_0.002,3,9,54.0,z250,87748.75,109020.796875,0,1038240,0.0
z500_brown_0.002,3,9,54.0,z300,76715.53125,96495.8203125,0,1038240,0.0
z500_brown_0.002,3,9,54.0,z400,58755.953125,75632.515625,0,1038240,0.0
z500_brown_0.002,3,9,54.0,z500,44360.296875,58782.08984375,0,1038240,0.0
z500_brown_0.002,3,9,54.0,z600,32208.55078125,44586.60546875,0,1038240,0.0
z500_brown_0.002,3,9,54.0,z700,21684.1640625,32340.94921875,0,1038240,0.0
z500_brown_0.002,3,9,54.0,z850,8017.9326171875,16580.8828125,0,1038240,0.0
z500_brown_0.002,3,9,54.0,z925,1981.58251953125,9556.017578125,0,1038240,0.0
z500_brown_0.002,3,9,54.0,z1000,-3718.63232421875,3082.47705078125,0,1038240,0.0
z500_brown_0.002,3,9,54.0,t50,180.20254516601562,235.83499145507812,0,1038240,0.0
z500_brown_0.002,3,9,54.0,t100,186.95262145996094,236.60394287109375,0,1038240,0.0
z500_brown_0.002,3,9,54.0,t150,190.50816345214844,241.822998046875,0,1038240,0.0
z500_brown_0.002,3,9,54.0,t200,192.8337860107422,241.62841796875,0,1038240,0.0
z500_brown_0.002,3,9,54.0,t250,199.91680908203125,243.6363983154297,0,1038240,0.0
z500_brown_0.002,3,9,54.0,t300,203.53529357910156,250.99600219726562,0,1038240,0.0
z500_brown_0.002,3,9,54.0,t400,213.64694213867188,264.6842346191406,0,1038240,0.0
z500_brown_0.002,3,9,54.0,t500,220.00900268554688,275.95849609375,0,1038240,0.0
z500_brown_0.002,3,9,54.0,t600,210.1967315673828,288.5114440917969,0,1038240,0.0
z500_brown_0.002,3,9,54.0,t700,212.17625427246094,299.9205322265625,0,1038240,0.0
z500_brown_0.002,3,9,54.0,t850,222.03286743164062,311.7862548828125,0,1038240,0.0
z500_brown_0.002,3,9,54.0,t925,225.83316040039062,316.6430969238281,0,1038240,0.0
z500_brown_0.002,3,9,54.0,t1000,229.41531372070312,321.7711181640625,0,1038240,0.0
z500_brown_0.002,3,9,54.0,q50,3.606501195463352e-07,2.0124082311667735e-06,0,1038240,0.0
z500_brown_0.002,3,9,54.0,q100,8.615143087808974e-07,5.78122944716597e-06,0,1038240,0.0
z500_brown_0.002,3,9,54.0,q150,-5.3990788728697225e-08,3.517243385431357e-05,73,1038240,7.031129603945137e-05
z500_brown_0.002,3,9,54.0,q200,-6.155962182674557e-06,0.00021129840752109885,10138,1038240,0.009764601633533673
z500_brown_0.002,3,9,54.0,q250,-1.3564476830651984e-05,0.0006954940618015826,20011,1038240,0.019273963630759748
z500_brown_0.002,3,9,54.0,q300,-2.407345164101571e-05,0.0015813815407454967,19852,1038240,0.01912081984897519
z500_brown_0.002,3,9,54.0,q400,-6.036757258698344e-05,0.004378512501716614,36352,1038240,0.035013099090768995
z500_brown_0.002,3,9,54.0,q500,-0.00013185013085603714,0.007837320677936077,26620,1038240,0.02563954384342734
z500_brown_0.002,3,9,54.0,q600,-0.0001769866794347763,0.011015413329005241,21864,1038240,0.021058714748035137
z500_brown_0.002,3,9,54.0,q700,-0.0004544840194284916,0.013190176337957382,44403,1038240,0.042767568192325474
z500_brown_0.002,3,9,54.0,q850,-0.0005738637410104275,0.018303630873560905,48857,1038240,0.047057520419170905
z500_brown_0.002,3,9,54.0,q925,-0.0006136223673820496,0.020506899803876877,56051,1038240,0.05398655416859301
z500_brown_0.002,3,9,54.0,q1000,-0.0006231153383851051,0.02474965527653694,54828,1038240,0.05280859916782247
z500_brown_0.002,3,10,60.0,u10m,-24.253849029541016,20.853107452392578,0,1038240,0.0
z500_brown_0.002,3,10,60.0,v10m,-20.09831428527832,23.148744583129883,0,1038240,0.0
z500_brown_0.002,3,10,60.0,u100m,-31.099668502807617,26.78685188293457,0,1038240,0.0
z500_brown_0.002,3,10,60.0,v100m,-26.0410099029541,29.38050651550293,0,1038240,0.0
z500_brown_0.002,3,10,60.0,t2m,200.30604553222656,321.6336669921875,0,1038240,0.0
z500_brown_0.002,3,10,60.0,sp,48972.73828125,103892.078125,0,1038240,0.0
z500_brown_0.002,3,10,60.0,msl,95220.3359375,103842.65625,0,1038240,0.0
z500_brown_0.002,3,10,60.0,tcwv,-2.389606475830078,78.96690368652344,40769,1038240,0.03926741408537525
z500_brown_0.002,3,10,60.0,u50,-29.157711029052734,69.72254943847656,0,1038240,0.0
z500_brown_0.002,3,10,60.0,u100,-32.77443313598633,60.10259246826172,0,1038240,0.0
z500_brown_0.002,3,10,60.0,u150,-31.86301612854004,67.2418212890625,0,1038240,0.0
z500_brown_0.002,3,10,60.0,u200,-36.24662780761719,82.70986938476562,0,1038240,0.0
z500_brown_0.002,3,10,60.0,u250,-33.59535598754883,79.0274658203125,0,1038240,0.0
z500_brown_0.002,3,10,60.0,u300,-29.63473892211914,76.86450958251953,0,1038240,0.0
z500_brown_0.002,3,10,60.0,u400,-28.21385383605957,64.27046966552734,0,1038240,0.0
z500_brown_0.002,3,10,60.0,u500,-28.11119842529297,53.017417907714844,0,1038240,0.0
z500_brown_0.002,3,10,60.0,u600,-29.9710636138916,42.99503707885742,0,1038240,0.0
z500_brown_0.002,3,10,60.0,u700,-35.79216766357422,35.73289489746094,0,1038240,0.0
z500_brown_0.002,3,10,60.0,u850,-40.64900207519531,30.83205223083496,0,1038240,0.0
z500_brown_0.002,3,10,60.0,u925,-36.78750228881836,32.828975677490234,0,1038240,0.0
z500_brown_0.002,3,10,60.0,u1000,-24.118545532226562,21.531221389770508,0,1038240,0.0
z500_brown_0.002,3,10,60.0,v50,-24.389894485473633,21.306312561035156,0,1038240,0.0
z500_brown_0.002,3,10,60.0,v100,-25.383468627929688,22.698347091674805,0,1038240,0.0
z500_brown_0.002,3,10,60.0,v150,-31.377805709838867,33.238380432128906,0,1038240,0.0
z500_brown_0.002,3,10,60.0,v200,-47.59160232543945,43.67576217651367,0,1038240,0.0
z500_brown_0.002,3,10,60.0,v250,-55.260414123535156,51.608116149902344,0,1038240,0.0
z500_brown_0.002,3,10,60.0,v300,-57.18527603149414,57.71855926513672,0,1038240,0.0
z500_brown_0.002,3,10,60.0,v400,-51.30143356323242,56.53362274169922,0,1038240,0.0
z500_brown_0.002,3,10,60.0,v500,-44.097816467285156,49.46800231933594,0,1038240,0.0
z500_brown_0.002,3,10,60.0,v600,-34.0502815246582,38.631404876708984,0,1038240,0.0
z500_brown_0.002,3,10,60.0,v700,-27.821033477783203,34.75919723510742,0,1038240,0.0
z500_brown_0.002,3,10,60.0,v850,-31.692569732666016,34.561790466308594,0,1038240,0.0
z500_brown_0.002,3,10,60.0,v925,-33.36488342285156,35.80815505981445,0,1038240,0.0
z500_brown_0.002,3,10,60.0,v1000,-21.59496307373047,23.679920196533203,0,1038240,0.0
z500_brown_0.002,3,10,60.0,z50,176783.65625,208511.78125,0,1038240,0.0
z500_brown_0.002,3,10,60.0,z100,140269.5,166034.921875,0,1038240,0.0
z500_brown_0.002,3,10,60.0,z150,117516.5390625,142157.65625,0,1038240,0.0
z500_brown_0.002,3,10,60.0,z200,100690.625,123961.3046875,0,1038240,0.0
z500_brown_0.002,3,10,60.0,z250,87465.7265625,108985.265625,0,1038240,0.0
z500_brown_0.002,3,10,60.0,z300,76626.7578125,96405.5390625,0,1038240,0.0
z500_brown_0.002,3,10,60.0,z400,58739.9140625,75560.8203125,0,1038240,0.0
z500_brown_0.002,3,10,60.0,z500,44343.72265625,58727.01953125,0,1038240,0.0
z500_brown_0.002,3,10,60.0,z600,32222.673828125,44576.55078125,0,1038240,0.0
z500_brown_0.002,3,10,60.0,z700,21741.8671875,32346.669921875,0,1038240,0.0
z500_brown_0.002,3,10,60.0,z850,8119.5517578125,16585.11328125,0,1038240,0.0
z500_brown_0.002,3,10,60.0,z925,2081.26806640625,9557.7783203125,0,1038240,0.0
z500_brown_0.002,3,10,60.0,z1000,-3608.69482421875,3107.3798828125,0,1038240,0.0
z500_brown_0.002,3,10,60.0,t50,180.18426513671875,235.950439453125,0,1038240,0.0
z500_brown_0.002,3,10,60.0,t100,186.97286987304688,237.1973419189453,0,1038240,0.0
z500_brown_0.002,3,10,60.0,t150,190.73193359375,241.93365478515625,0,1038240,0.0
z500_brown_0.002,3,10,60.0,t200,193.00120544433594,241.67930603027344,0,1038240,0.0
z500_brown_0.002,3,10,60.0,t250,198.99472045898438,243.79783630371094,0,1038240,0.0
z500_brown_0.002,3,10,60.0,t300,202.70932006835938,250.99278259277344,0,1038240,0.0
z500_brown_0.002,3,10,60.0,t400,213.32237243652344,265.92364501953125,0,1038240,0.0
z500_brown_0.002,3,10,60.0,t500,219.30743408203125,278.4188232421875,0,1038240,0.0
z500_brown_0.002,3,10,60.0,t600,213.11378479003906,290.4233093261719,0,1038240,0.0
z500_brown_0.002,3,10,60.0,t700,210.8769989013672,303.18853759765625,0,1038240,0.0
z500_brown_0.002,3,10,60.0,t850,220.8174591064453,313.7948303222656,0,1038240,0.0
z500_brown_0.002,3,10,60.0,t925,224.4869384765625,318.99713134765625,0,1038240,0.0
z500_brown_0.002,3,10,60.0,t1000,228.08494567871094,324.21844482421875,0,1038240,0.0
z500_brown_0.002,3,10,60.0,q50,3.9538122109661344e-07,2.0173092707409523e-06,0,1038240,0.0
z500_brown_0.002,3,10,60.0,q100,9.421686399946338e-07,5.516609235201031e-06,0,1038240,0.0
z500_brown_0.002,3,10,60.0,q150,1.9563231035135686e-08,4.390897447592579e-05,0,1038240,0.0
z500_brown_0.002,3,10,60.0,q200,-8.194931069738232e-06,0.00021720447693951428,9370,1038240,0.009024888272461088
z500_brown_0.002,3,10,60.0,q250,-1.3660832337336615e-05,0.00069041782990098,16532,1038240,0.015923100631838497
z500_brown_0.002,3,10,60.0,q300,-2.3667074856348336e-05,0.0016196348005905747,16182,1038240,0.015585991678224689
z500_brown_0.002,3,10,60.0,q400,-6.980652688071132e-05,0.004473669920116663,32184,1038240,0.03099861303744799
z500_brown_0.002,3,10,60.0,q500,-0.00020666944328695536,0.008121450431644917,24051,1038240,0.023165164123901988
z500_brown_0.002,3,10,60.0,q600,-0.00023751903790980577,0.009953755885362625,18908,1038240,0.018211588842656803
z500_brown_0.002,3,10,60.0,q700,-0.00041816174052655697,0.013002779334783554,37129,1038240,0.03576148096779165
z500_brown_0.002,3,10,60.0,q850,-0.0004900461062788963,0.018403340131044388,42571,1038240,0.041003043612266914
z500_brown_0.002,3,10,60.0,q925,-0.0005073226056993008,0.020582415163517,50352,1038240,0.04849745723532131
z500_brown_0.002,3,10,60.0,q1000,-0.0006461935117840767,0.025564424693584442,47534,1038240,0.04578324857451071
z500_brown_0.002,3,11,66.0,u10m,-26.152917861938477,21.28623390197754,0,1038240,0.0
z500_brown_0.002,3,11,66.0,v10m,-22.99831199645996,22.666576385498047,0,1038240,0.0
z500_brown_0.002,3,11,66.0,u100m,-34.002655029296875,27.250879287719727,0,1038240,0.0
z500_brown_0.002,3,11,66.0,v100m,-29.82208251953125,29.147960662841797,0,1038240,0.0
z500_brown_0.002,3,11,66.0,t2m,201.0230255126953,320.8773193359375,0,1038240,0.0
z500_brown_0.002,3,11,66.0,sp,49143.796875,103863.28125,0,1038240,0.0
z500_brown_0.002,3,11,66.0,msl,95514.3046875,103815.3046875,0,1038240,0.0
z500_brown_0.002,3,11,66.0,tcwv,-2.0240325927734375,78.97168731689453,31839,1038240,0.030666319926028664
z500_brown_0.002,3,11,66.0,u50,-28.86363983154297,69.73918914794922,0,1038240,0.0
z500_brown_0.002,3,11,66.0,u100,-30.07375717163086,59.034934997558594,0,1038240,0.0
z500_brown_0.002,3,11,66.0,u150,-33.02815246582031,69.36803436279297,0,1038240,0.0
z500_brown_0.002,3,11,66.0,u200,-34.60871124267578,84.69169616699219,0,1038240,0.0
z500_brown_0.002,3,11,66.0,u250,-36.9720458984375,80.8433837890625,0,1038240,0.0
z500_brown_0.002,3,11,66.0,u300,-32.267372131347656,76.43680572509766,0,1038240,0.0
z500_brown_0.002,3,11,66.0,u400,-31.03252601623535,64.15227508544922,0,1038240,0.0
z500_brown_0.002,3,11,66.0,u500,-32.413387298583984,54.5599250793457,0,1038240,0.0
z500_brown_0.002,3,11,66.0,u600,-28.762842178344727,43.48471450805664,0,1038240,0.0
z500_brown_0.002,3,11,66.0,u700,-31.424732208251953,37.68210220336914,0,1038240,0.0
z500_brown_0.002,3,11,66.0,u850,-43.9243049621582,33.36199188232422,0,1038240,0.0
z500_brown_0.002,3,11,66.0,u925,-40.432281494140625,33.00669479370117,0,1038240,0.0
z500_brown_0.002,3,11,66.0,u1000,-26.218772888183594,22.64192008972168,0,1038240,0.0
z500_brown_0.002,3,11,66.0,v50,-22.331735610961914,20.163793563842773,0,1038240,0.0
z500_brown_0.002,3,11,66.0,v100,-24.882585525512695,20.705659866333008,0,1038240,0.0
z500_brown_0.002,3,11,66.0,v150,-34.8529052734375,33.54125213623047,0,1038240,0.0
z500_brown_0.002,3,11,66.0,v200,-47.04294204711914,42.17361831665039,0,1038240,0.0
z500_brown_0.002,3,11,66.0,v250,-55.46953582763672,46.84691619873047,0,1038240,0.0
z500_brown_0.002,3,11,66.0,v300,-54.313663482666016,51.824073791503906,0,1038240,0.0
z500_brown_0.002,3,11,66.0,v400,-52.83038330078125,54.357418060302734,0,1038240,0.0
z500_brown_0.002,3,11,66.0,v500,-43.69989776611328,47.370445251464844,0,1038240,0.0
z500_brown_0.002,3,11,66.0,v600,-37.14576721191406,37.378822326660156,0,1038240,0.0
z500_brown_0.002,3,11,66.0,v700,-31.791231155395508,33.3415641784668,0,1038240,0.0
z500_brown_0.002,3,11,66.0,v850,-32.42924499511719,35.71391296386719,0,1038240,0.0
z500_brown_0.002,3,11,66.0,v925,-30.0120849609375,37.13621139526367,0,1038240,0.0
z500_brown_0.002,3,11,66.0,v1000,-23.544456481933594,23.05219268798828,0,1038240,0.0
z500_brown_0.002,3,11,66.0,z50,176717.15625,208390.65625,0,1038240,0.0
z500_brown_0.002,3,11,66.0,z100,140184.265625,166101.0625,0,1038240,0.0
z500_brown_0.002,3,11,66.0,z150,117403.359375,142017.9375,0,1038240,0.0
z500_brown_0.002,3,11,66.0,z200,100560.5,123867.3203125,0,1038240,0.0
z500_brown_0.002,3,11,66.0,z250,87315.1171875,109124.8671875,0,1038240,0.0
z500_brown_0.002,3,11,66.0,z300,76458.1953125,96616.3359375,0,1038240,0.0
z500_brown_0.002,3,11,66.0,z400,58817.609375,75781.2265625,0,1038240,0.0
z500_brown_0.002,3,11,66.0,z500,44433.07421875,58812.375,0,1038240,0.0
z500_brown_0.002,3,11,66.0,z600,32364.08203125,44532.37109375,0,1038240,0.0
z500_brown_0.002,3,11,66.0,z700,21927.833984375,32306.26953125,0,1038240,0.0
z500_brown_0.002,3,11,66.0,z850,8336.3896484375,16546.9140625,0,1038240,0.0
z500_brown_0.002,3,11,66.0,z925,2312.05810546875,9515.6240234375,0,1038240,0.0
z500_brown_0.002,3,11,66.0,z1000,-3376.9716796875,3075.65087890625,0,1038240,0.0
z500_brown_0.002,3,11,66.0,t50,180.39234924316406,236.088134765625,0,1038240,0.0
z500_brown_0.002,3,11,66.0,t100,187.52381896972656,237.62948608398438,0,1038240,0.0
z500_brown_0.002,3,11,66.0,t150,191.4291534423828,242.72750854492188,0,1038240,0.0
z500_brown_0.002,3,11,66.0,t200,192.89344787597656,242.63308715820312,0,1038240,0.0
z500_brown_0.002,3,11,66.0,t250,198.3027801513672,243.61672973632812,0,1038240,0.0
z500_brown_0.002,3,11,66.0,t300,202.3446502685547,250.69378662109375,0,1038240,0.0
z500_brown_0.002,3,11,66.0,t400,212.8740997314453,265.041748046875,0,1038240,0.0
z500_brown_0.002,3,11,66.0,t500,219.29501342773438,275.8009033203125,0,1038240,0.0
z500_brown_0.002,3,11,66.0,t600,213.04354858398438,288.6444396972656,0,1038240,0.0
z500_brown_0.002,3,11,66.0,t700,212.1195831298828,299.8251647949219,0,1038240,0.0
z500_brown_0.002,3,11,66.0,t850,219.93209838867188,310.3619079589844,0,1038240,0.0
z500_brown_0.002,3,11,66.0,t925,223.635498046875,315.60321044921875,0,1038240,0.0
z500_brown_0.002,3,11,66.0,t1000,227.184814453125,320.6009521484375,0,1038240,0.0
z500_brown_0.002,3,11,66.0,q50,4.3269551497360226e-07,2.025494268309558e-06,0,1038240,0.0
z500_brown_0.002,3,11,66.0,q100,1.011926656246942e-06,5.249411515251268e-06,0,1038240,0.0
z500_brown_0.002,3,11,66.0,q150,1.820380930439569e-07,4.091156006325036e-05,0,1038240,0.0
z500_brown_0.002,3,11,66.0,q200,-8.106575478450395e-06,0.00021301736705936491,10854,1038240,0.010454230235783634
z500_brown_0.002,3,11,66.0,q250,-1.3756787666352466e-05,0.0006799069233238697,16570,1038240,0.015959701032516566
z500_brown_0.002,3,11,66.0,q300,-2.7885049348697066e-05,0.001606980338692665,17541,1038240,0.01689493758668516
z500_brown_0.002,3,11,66.0,q400,-7.149871089495718e-05,0.00444948161020875,27263,1038240,0.02625886114963785
z500_brown_0.002,3,11,66.0,q500,-8.272030390799046e-05,0.007699125446379185,15161,1038240,0.014602596702111266
z500_brown_0.002,3,11,66.0,q600,-0.000230677193030715,0.009792566299438477,17779,1038240,0.01712417167514255
z500_brown_0.002,3,11,66.0,q700,-0.00037245103158056736,0.012586962431669235,38360,1038240,0.03694714131607336
z500_brown_0.002,3,11,66.0,q850,-0.0006569605320692062,0.01881580241024494,41404,1038240,0.03987902604407459
z500_brown_0.002,3,11,66.0,q925,-0.0005472954362630844,0.020305484533309937,47768,1038240,0.04600862998921251
z500_brown_0.002,3,11,66.0,q1000,-0.0006332797929644585,0.02594524808228016,41768,1038240,0.04022961935583295
z500_brown_0.002,3,12,72.0,u10m,-21.810894012451172,22.04503059387207,0,1038240,0.0
z500_brown_0.002,3,12,72.0,v10m,-22.98453712463379,21.208938598632812,0,1038240,0.0
z500_brown_0.002,3,12,72.0,u100m,-27.83016014099121,28.040311813354492,0,1038240,0.0
z500_brown_0.002,3,12,72.0,v100m,-29.895559310913086,26.5155086517334,0,1038240,0.0
z500_brown_0.002,3,12,72.0,t2m,202.27359008789062,320.0069274902344,0,1038240,0.0
z500_brown_0.002,3,12,72.0,sp,49048.78515625,103853.3671875,0,1038240,0.0
z500_brown_0.002,3,12,72.0,msl,95896.8359375,103810.96875,0,1038240,0.0
z500_brown_0.002,3,12,72.0,tcwv,-2.0400238037109375,76.18560028076172,34123,1038240,0.032866196640468484
z500_brown_0.002,3,12,72.0,u50,-30.046798706054688,68.30831909179688,0,1038240,0.0
z500_brown_0.002,3,12,72.0,u100,-31.14398956298828,58.47200393676758,0,1038240,0.0
z500_brown_0.002,3,12,72.0,u150,-33.4510498046875,69.34351348876953,0,1038240,0.0
z500_brown_0.002,3,12,72.0,u200,-35.60118865966797,84.25922393798828,0,1038240,0.0
z500_brown_0.002,3,12,72.0,u250,-36.70627212524414,83.75544738769531,0,1038240,0.0
z500_brown_0.002,3,12,72.0,u300,-32.955535888671875,77.0150146484375,0,1038240,0.0
z500_brown_0.002,3,12,72.0,u400,-36.744537353515625,63.397705078125,0,1038240,0.0
z500_brown_0.002,3,12,72.0,u500,-39.56252670288086,53.44490432739258,0,1038240,0.0
z500_brown_0.002,3,12,72.0,u600,-35.565677642822266,43.59798812866211,0,1038240,0.0
z500_brown_0.002,3,12,72.0,u700,-30.6287841796875,38.69120788574219,0,1038240,0.0
z500_brown_0.002,3,12,72.0,u850,-37.316307067871094,32.86687088012695,0,1038240,0.0
z500_brown_0.002,3,12,72.0,u925,-35.83989715576172,34.504661560058594,0,1038240,0.0
z500_brown_0.002,3,12,72.0,u1000,-21.904956817626953,22.497549057006836,0,1038240,0.0
z500_brown_0.002,3,12,72.0,v50,-22.79283905029297,21.034181594848633,0,1038240,0.0
z500_brown_0.002,3,12,72.0,v100,-23.9708194732666,21.800386428833008,0,1038240,0.0
z500_brown_0.002,3,12,72.0,v150,-35.94886016845703,34.71944808959961,0,1038240,0.0
z500_brown_0.002,3,12,72.0,v200,-46.210758209228516,42.73506546020508,0,1038240,0.0
z500_brown_0.002,3,12,72.0,v250,-56.15885543823242,48.38945007324219,0,1038240,0.0
z500_brown_0.002,3,12,72.0,v300,-56.03604507446289,51.46799850463867,0,1038240,0.0
z500_brown_0.002,3,12,72.0,v400,-51.57762908935547,50.405948638916016,0,1038240,0.0
z500_brown_0.002,3,12,72.0,v500,-43.56782913208008,44.72900390625,0,1038240,0.0
z500_brown_0.002,3,12,72.0,v600,-35.4409065246582,34.7725944519043,0,1038240,0.0
z500_brown_0.002,3,12,72.0,v700,-28.986101150512695,30.483409881591797,0,1038240,0.0
z500_brown_0.002,3,12,72.0,v850,-30.65618896484375,31.585247039794922,0,1038240,0.0
z500_brown_0.002,3,12,72.0,v925,-30.29344940185547,32.94491958618164,0,1038240,0.0
z500_brown_0.002,3,12,72.0,v1000,-23.278072357177734,21.25537109375,0,1038240,0.0
z500_brown_0.002,3,12,72.0,z50,176656.078125,208413.765625,0,1038240,0.0
z500_brown_0.002,3,12,72.0,z100,140199.90625,165984.40625,0,1038240,0.0
z500_brown_0.002,3,12,72.0,z150,117400.6875,141873.203125,0,1038240,0.0
z500_brown_0.002,3,12,72.0,z200,100553.078125,123869.546875,0,1038240,0.0
z500_brown_0.002,3,12,72.0,z250,87312.859375,109257.0,0,1038240,0.0
z500_brown_0.002,3,12,72.0,z300,76452.2890625,96720.3203125,0,1038240,0.0
z500_brown_0.002,3,12,72.0,z400,59031.3515625,75810.921875,0,1038240,0.0
z500_brown_0.002,3,12,72.0,z500,44650.0703125,58780.5625,0,1038240,0.0
z500_brown_0.002,3,12,72.0,z600,32615.45703125,44571.6640625,0,1038240,0.0
z500_brown_0.002,3,12,72.0,z700,22229.671875,32338.341796875,0,1038240,0.0
z500_brown_0.002,3,12,72.0,z850,8617.064453125,16548.572265625,0,1038240,0.0
z500_brown_0.002,3,12,72.0,z925,2592.1923828125,9508.6904296875,0,1038240,0.0
z500_brown_0.002,3,12,72.0,z1000,-3122.830078125,3072.466796875,0,1038240,0.0
z500_brown_0.002,3,12,72.0,t50,180.10519409179688,236.28884887695312,0,1038240,0.0
z500_brown_0.002,3,12,72.0,t100,186.95553588867188,238.2284698486328,0,1038240,0.0
z500_brown_0.002,3,12,72.0,t150,191.17799377441406,243.19705200195312,0,1038240,0.0
z500_brown_0.002,3,12,72.0,t200,192.0167999267578,243.43600463867188,0,1038240,0.0
z500_brown_0.002,3,12,72.0,t250,197.9382781982422,243.84214782714844,0,1038240,0.0
z500_brown_0.002,3,12,72.0,t300,201.86013793945312,250.83453369140625,0,1038240,0.0
z500_brown_0.002,3,12,72.0,t400,212.0327911376953,264.331298828125,0,1038240,0.0
z500_brown_0.002,3,12,72.0,t500,219.24424743652344,275.0074157714844,0,1038240,0.0
z500_brown_0.002,3,12,72.0,t600,211.76014709472656,286.72308349609375,0,1038240,0.0
z500_brown_0.002,3,12,72.0,t700,211.22756958007812,295.1837463378906,0,1038240,0.0
z500_brown_0.002,3,12,72.0,t850,219.2106475830078,309.7494812011719,0,1038240,0.0
z500_brown_0.002,3,12,72.0,t925,222.7563934326172,314.9473876953125,0,1038240,0.0
z500_brown_0.002,3,12,72.0,t1000,226.2685546875,319.82470703125,0,1038240,0.0
z500_brown_0.002,3,12,72.0,q50,4.610878931998741e-07,2.0341426534287166e-06,0,1038240,0.0
z500_brown_0.002,3,12,72.0,q100,1.0667249625839759e-06,5.0446005843696184e-06,0,1038240,0.0
z500_brown_0.002,3,12,72.0,q150,3.620511961344164e-07,3.4735323424683884e-05,0,1038240,0.0
z500_brown_0.002,3,12,72.0,q200,-6.802134521421976e-06,0.00020047194266226143,10087,1038240,0.009715480043149946
z500_brown_0.002,3,12,72.0,q250,-1.2452266673790291e-05,0.0006793839856982231,18695,1038240,0.01800643396517183
z500_brown_0.002,3,12,72.0,q300,-2.317928010597825e-05,0.0015894658863544464,19655,1038240,0.01893107566651256
z500_brown_0.002,3,12,72.0,q400,-4.822562914341688e-05,0.004279992077499628,24505,1038240,0.023602442595161043
z500_brown_0.002,3,12,72.0,q500,-8.238886948674917e-05,0.007333996240049601,14063,1038240,0.013545037756202805
z500_brown_0.002,3,12,72.0,q600,-0.00019332196097820997,0.00992260780185461,17362,1038240,0.01672253043612267
z500_brown_0.002,3,12,72.0,q700,-0.0004189468454569578,0.012731442227959633,28928,1038240,0.027862536600400677
z500_brown_0.002,3,12,72.0,q850,-0.0006102467887103558,0.018412353470921516,36067,1038240,0.034738596085683464
z500_brown_0.002,3,12,72.0,q925,-0.0005898694507777691,0.02036798931658268,40302,1038240,0.03881761442441054
z500_brown_0.002,3,12,72.0,q1000,-0.0006388598121702671,0.025855213403701782,37463,1038240,0.03608317922638311
z500_brown_0.002,3,13,78.0,u10m,-18.56852149963379,20.586950302124023,0,1038240,0.0
z500_brown_0.002,3,13,78.0,v10m,-25.46239471435547,18.595199584960938,0,1038240,0.0
z500_brown_0.002,3,13,78.0,u100m,-24.834716796875,25.86860466003418,0,1038240,0.0
z500_brown_0.002,3,13,78.0,v100m,-32.23564910888672,23.187328338623047,0,1038240,0.0
z500_brown_0.002,3,13,78.0,t2m,202.6878662109375,315.9943542480469,0,1038240,0.0
z500_brown_0.002,3,13,78.0,sp,49066.17578125,103784.2265625,0,1038240,0.0
z500_brown_0.002,3,13,78.0,msl,95951.96875,103741.34375,0,1038240,0.0
z500_brown_0.002,3,13,78.0,tcwv,-1.9816780090332031,75.1795425415039,33560,1038240,0.0323239328093697
z500_brown_0.002,3,13,78.0,u50,-31.870067596435547,68.87423706054688,0,1038240,0.0
z500_brown_0.002,3,13,78.0,u100,-31.255313873291016,57.00183868408203,0,1038240,0.0
z500_brown_0.002,3,13,78.0,u150,-34.187339782714844,69.38939666748047,0,1038240,0.0
z500_brown_0.002,3,13,78.0,u200,-36.053993225097656,84.67780303955078,0,1038240,0.0
z500_brown_0.002,3,13,78.0,u250,-37.0067024230957,83.77755737304688,0,1038240,0.0
z500_brown_0.002,3,13,78.0,u300,-33.30592727661133,77.32950592041016,0,1038240,0.0
z500_brown_0.002,3,13,78.0,u400,-36.331878662109375,60.26079559326172,0,1038240,0.0
z500_brown_0.002,3,13,78.0,u500,-40.594696044921875,51.94775390625,0,1038240,0.0
z500_brown_0.002,3,13,78.0,u600,-37.163734436035156,45.33491134643555,0,1038240,0.0
z500_brown_0.002,3,13,78.0,u700,-29.948955535888672,38.82661819458008,0,1038240,0.0
z500_brown_0.002,3,13,78.0,u850,-31.945444107055664,34.758209228515625,0,1038240,0.0
z500_brown_0.002,3,13,78.0,u925,-30.41286277770996,33.156883239746094,0,1038240,0.0
z500_brown_0.002,3,13,78.0,u1000,-20.56623077392578,24.005508422851562,0,1038240,0.0
z500_brown_0.002,3,13,78.0,v50,-22.976699829101562,19.634153366088867,0,1038240,0.0
z500_brown_0.002,3,13,78.0,v100,-22.139705657958984,22.17252540588379,0,1038240,0.0
z500_brown_0.002,3,13,78.0,v150,-34.872215270996094,35.489471435546875,0,1038240,0.0
z500_brown_0.002,3,13,78.0,v200,-44.49121856689453,43.98487854003906,0,1038240,0.0
z500_brown_0.002,3,13,78.0,v250,-56.080177307128906,46.69984436035156,0,1038240,0.0
z500_brown_0.002,3,13,78.0,v300,-56.2077751159668,49.90785598754883,0,1038240,0.0
z500_brown_0.002,3,13,78.0,v400,-59.7412109375,49.09357452392578,0,1038240,0.0
z500_brown_0.002,3,13,78.0,v500,-50.57974624633789,43.37357711791992,0,1038240,0.0
z500_brown_0.002,3,13,78.0,v600,-35.47013473510742,32.99559783935547,0,1038240,0.0
z500_brown_0.002,3,13,78.0,v700,-32.49519729614258,29.923715591430664,0,1038240,0.0
z500_brown_0.002,3,13,78.0,v850,-35.42379379272461,29.009302139282227,0,1038240,0.0
z500_brown_0.002,3,13,78.0,v925,-32.44956588745117,29.456220626831055,0,1038240,0.0
z500_brown_0.002,3,13,78.0,v1000,-25.886137008666992,21.008176803588867,0,1038240,0.0
z500_brown_0.002,3,13,78.0,z50,176675.875,208528.03125,0,1038240,0.0
z500_brown_0.002,3,13,78.0,z100,140177.015625,166110.0,0,1038240,0.0
z500_brown_0.002,3,13,78.0,z150,117351.515625,142004.625,0,1038240,0.0
z500_brown_0.002,3,13,78.0,z200,100513.71875,123850.546875,0,1038240,0.0
z500_brown_0.002,3,13,78.0,z250,87267.6796875,109247.2109375,0,1038240,0.0
z500_brown_0.002,3,13,78.0,z300,76416.109375,96727.1015625,0,1038240,0.0
z500_brown_0.002,3,13,78.0,z400,59144.890625,75853.3125,0,1038240,0.0
z500_brown_0.002,3,13,78.0,z500,44787.15234375,58845.44140625,0,1038240,0.0
z500_brown_0.002,3,13,78.0,z600,32759.16796875,44534.8828125,0,1038240,0.0
z500_brown_0.002,3,13,78.0,z700,22360.626953125,32305.6015625,0,1038240,0.0
z500_brown_0.002,3,13,78.0,z850,8751.61328125,16497.19140625,0,1038240,0.0
z500_brown_0.002,3,13,78.0,z925,2759.97021484375,9446.8623046875,0,1038240,0.0
z500_brown_0.002,3,13,78.0,z1000,-3228.62255859375,3016.2392578125,0,1038240,0.0
z500_brown_0.002,3,13,78.0,t50,179.93121337890625,236.67408752441406,0,1038240,0.0
z500_brown_0.002,3,13,78.0,t100,185.73731994628906,238.6204376220703,0,1038240,0.0
z500_brown_0.002,3,13,78.0,t150,188.815673828125,244.03265380859375,0,1038240,0.0
z500_brown_0.002,3,13,78.0,t200,191.52926635742188,244.09825134277344,0,1038240,0.0
z500_brown_0.002,3,13,78.0,t250,197.825927734375,244.02908325195312,0,1038240,0.0
z500_brown_0.002,3,13,78.0,t300,201.77102661132812,250.623046875,0,1038240,0.0
z500_brown_0.002,3,13,78.0,t400,211.8954620361328,264.6080017089844,0,1038240,0.0
z500_brown_0.002,3,13,78.0,t500,218.95066833496094,276.2782287597656,0,1038240,0.0
z500_brown_0.002,3,13,78.0,t600,209.42074584960938,288.25897216796875,0,1038240,0.0
z500_brown_0.002,3,13,78.0,t700,212.0269317626953,299.93597412109375,0,1038240,0.0
z500_brown_0.002,3,13,78.0,t850,219.87828063964844,312.2540283203125,0,1038240,0.0
z500_brown_0.002,3,13,78.0,t925,223.5189208984375,317.0289306640625,0,1038240,0.0
z500_brown_0.002,3,13,78.0,t1000,227.0371551513672,322.0373840332031,0,1038240,0.0
z500_brown_0.002,3,13,78.0,q50,4.939277005178155e-07,2.04198545361578e-06,0,1038240,0.0
z500_brown_0.002,3,13,78.0,q100,1.0682500715120113e-06,4.85964801555383e-06,0,1038240,0.0
z500_brown_0.002,3,13,78.0,q150,2.393726390437223e-07,3.5994904465042055e-05,0,1038240,0.0
z500_brown_0.002,3,13,78.0,q200,-7.104470569174737e-06,0.00019890518160536885,9825,1038240,0.009463129912159038
z500_brown_0.002,3,13,78.0,q250,-9.438914275960997e-06,0.0006765098078176379,19689,1038240,0.018963823393435043
z500_brown_0.002,3,13,78.0,q300,-2.4687120458111167e-05,0.0015800043474882841,19930,1038240,0.019195946987209122
z500_brown_0.002,3,13,78.0,q400,-4.0617684135213494e-05,0.004217870999127626,26068,1038240,0.025107874865156418
z500_brown_0.002,3,13,78.0,q500,-0.00011859677033498883,0.007831042632460594,13530,1038240,0.01303166897827092
z500_brown_0.002,3,13,78.0,q600,-0.00019777333363890648,0.011310934089124203,14464,1038240,0.013931268300200339
z500_brown_0.002,3,13,78.0,q700,-0.0003837971016764641,0.013242963701486588,34697,1038240,0.03341905532439513
z500_brown_0.002,3,13,78.0,q850,-0.0006087115034461021,0.01850557141005993,39995,1038240,0.038521921713669284
z500_brown_0.002,3,13,78.0,q925,-0.0005549374036490917,0.02107551321387291,48923,1038240,0.04712108953613808
z500_brown_0.002,3,13,78.0,q1000,-0.0006088749505579472,0.025891005992889404,39456,1038240,0.038002773925104025
z500_brown_0.002,3,14,84.0,u10m,-22.21209716796875,19.295757293701172,0,1038240,0.0
z500_brown_0.002,3,14,84.0,v10m,-24.472209930419922,17.08182144165039,0,1038240,0.0
z500_brown_0.002,3,14,84.0,u100m,-28.97658348083496,24.27306365966797,0,1038240,0.0
z500_brown_0.002,3,14,84.0,v100m,-31.20147132873535,20.914396286010742,0,1038240,0.0
z500_brown_0.002,3,14,84.0,t2m,202.924560546875,321.6905212402344,0,1038240,0.0
z500_brown_0.002,3,14,84.0,sp,48979.40625,103763.984375,0,1038240,0.0
z500_brown_0.002,3,14,84.0,msl,95894.03125,103731.71875,0,1038240,0.0
z500_brown_0.002,3,14,84.0,tcwv,-2.0901527404785156,75.50431823730469,31905,1038240,0.03072988904299584
z500_brown_0.002,3,14,84.0,u50,-30.277912139892578,68.0878677368164,0,1038240,0.0
z500_brown_0.002,3,14,84.0,u100,-30.956851959228516,55.848541259765625,0,1038240,0.0
z500_brown_0.002,3,14,84.0,u150,-35.05230712890625,69.25320434570312,0,1038240,0.0
z500_brown_0.002,3,14,84.0,u200,-36.099510192871094,86.10604858398438,0,1038240,0.0
z500_brown_0.002,3,14,84.0,u250,-36.58652114868164,85.97225952148438,0,1038240,0.0
z500_brown_0.002,3,14,84.0,u300,-32.60657501220703,79.5955810546875,0,1038240,0.0
z500_brown_0.002,3,14,84.0,u400,-39.715728759765625,59.24989318847656,0,1038240,0.0
z500_brown_0.002,3,14,84.0,u500,-36.845977783203125,51.37712097167969,0,1038240,0.0
z500_brown_0.002,3,14,84.0,u600,-33.9473876953125,45.20512008666992,0,1038240,0.0
z500_brown_0.002,3,14,84.0,u700,-28.085819244384766,38.54908752441406,0,1038240,0.0
z500_brown_0.002,3,14,84.0,u850,-32.66881561279297,36.3903694152832,0,1038240,0.0
z500_brown_0.002,3,14,84.0,u925,-34.57102966308594,30.545408248901367,0,1038240,0.0
z500_brown_0.002,3,14,84.0,u1000,-21.439762115478516,22.437644958496094,0,1038240,0.0
z500_brown_0.002,3,14,84.0,v50,-23.42479133605957,20.595911026000977,0,1038240,0.0
z500_brown_0.002,3,14,84.0,v100,-21.515308380126953,21.62647819519043,0,1038240,0.0
z500_brown_0.002,3,14,84.0,v150,-35.23114013671875,36.808467864990234,0,1038240,0.0
z500_brown_0.002,3,14,84.0,v200,-45.06372833251953,47.17399597167969,0,1038240,0.0
z500_brown_0.002,3,14,84.0,v250,-54.2794303894043,46.88862228393555,0,1038240,0.0
z500_brown_0.002,3,14,84.0,v300,-56.27515411376953,45.38223648071289,0,1038240,0.0
z500_brown_0.002,3,14,84.0,v400,-60.571109771728516,47.008522033691406,0,1038240,0.0
z500_brown_0.002,3,14,84.0,v500,-51.623695373535156,42.2401123046875,0,1038240,0.0
z500_brown_0.002,3,14,84.0,v600,-39.54962158203125,36.190853118896484,0,1038240,0.0
z500_brown_0.002,3,14,84.0,v700,-34.42123794555664,30.992860794067383,0,1038240,0.0
z500_brown_0.002,3,14,84.0,v850,-36.84654235839844,26.294713973999023,0,1038240,0.0
z500_brown_0.002,3,14,84.0,v925,-31.340213775634766,27.408222198486328,0,1038240,0.0
z500_brown_0.002,3,14,84.0,v1000,-24.92074966430664,18.681957244873047,0,1038240,0.0
z500_brown_0.002,3,14,84.0,z50,176581.234375,208633.625,0,1038240,0.0
z500_brown_0.002,3,14,84.0,z100,140190.90625,166248.734375,0,1038240,0.0
z500_brown_0.002,3,14,84.0,z150,117371.484375,142230.46875,0,1038240,0.0
z500_brown_0.002,3,14,84.0,z200,100530.2421875,123955.5625,0,1038240,0.0
z500_brown_0.002,3,14,84.0,z250,87285.5,109063.2890625,0,1038240,0.0
z500_brown_0.002,3,14,84.0,z300,76426.609375,96553.859375,0,1038240,0.0
z500_brown_0.002,3,14,84.0,z400,59137.9453125,75706.3828125,0,1038240,0.0
z500_brown_0.002,3,14,84.0,z500,45048.01171875,58723.734375,0,1038240,0.0
z500_brown_0.002,3,14,84.0,z600,32986.1171875,44498.8984375,0,1038240,0.0
z500_brown_0.002,3,14,84.0,z700,22603.439453125,32281.244140625,0,1038240,0.0
z500_brown_0.002,3,14,84.0,z850,8878.810546875,16489.046875,0,1038240,0.0
z500_brown_0.002,3,14,84.0,z925,2652.578125,9433.2255859375,0,1038240,0.0
z500_brown_0.002,3,14,84.0,z1000,-3265.54345703125,3005.3974609375,0,1038240,0.0
z500_brown_0.002,3,14,84.0,t50,179.2432403564453,237.06561279296875,0,1038240,0.0
z500_brown_0.002,3,14,84.0,t100,184.48519897460938,239.10009765625,0,1038240,0.0
z500_brown_0.002,3,14,84.0,t150,187.57273864746094,243.9022674560547,0,1038240,0.0
z500_brown_0.002,3,14,84.0,t200,192.18618774414062,243.74246215820312,0,1038240,0.0
z500_brown_0.002,3,14,84.0,t250,197.8177032470703,244.4962615966797,0,1038240,0.0
z500_brown_0.002,3,14,84.0,t300,202.18312072753906,251.11962890625,0,1038240,0.0
z500_brown_0.002,3,14,84.0,t400,211.947509765625,265.82000732421875,0,1038240,0.0
z500_brown_0.002,3,14,84.0,t500,218.7941131591797,278.5830078125,0,1038240,0.0
z500_brown_0.002,3,14,84.0,t600,209.20346069335938,291.1522216796875,0,1038240,0.0
z500_brown_0.002,3,14,84.0,t700,213.58367919921875,302.813232421875,0,1038240,0.0
z500_brown_0.002,3,14,84.0,t850,221.5190887451172,313.37261962890625,0,1038240,0.0
z500_brown_0.002,3,14,84.0,t925,225.07623291015625,318.382568359375,0,1038240,0.0
z500_brown_0.002,3,14,84.0,t1000,228.6488800048828,323.5413818359375,0,1038240,0.0
z500_brown_0.002,3,14,84.0,q50,5.270046585792443e-07,2.046438112301985e-06,0,1038240,0.0
z500_brown_0.002,3,14,84.0,q100,1.0375351848779246e-06,4.720639026345452e-06,0,1038240,0.0
z500_brown_0.002,3,14,84.0,q150,2.3447228159056976e-07,4.479247218114324e-05,0,1038240,0.0
z500_brown_0.002,3,14,84.0,q200,-6.706264684908092e-06,0.00022725609596818686,11107,1038240,0.010697911850824473
z500_brown_0.002,3,14,84.0,q250,-1.2200045603094622e-05,0.0006436713738366961,19110,1038240,0.018406148867313916
z500_brown_0.002,3,14,84.0,q300,-2.8778056730516255e-05,0.0015304945409297943,20980,1038240,0.020207273848050548
z500_brown_0.002,3,14,84.0,q400,-0.00014011692837812006,0.004131299443542957,27997,1038240,0.02696582678378795
z500_brown_0.002,3,14,84.0,q500,-0.00015904800966382027,0.007905179634690285,13189,1038240,0.012703228540607181
z500_brown_0.002,3,14,84.0,q600,-0.0001658174442127347,0.01019822247326374,13237,1038240,0.012749460625674218
z500_brown_0.002,3,14,84.0,q700,-0.0003821647260338068,0.01322825625538826,26389,1038240,0.025417051934042225
z500_brown_0.002,3,14,84.0,q850,-0.0004619946703314781,0.01870361715555191,37657,1038240,0.03627003390352905
z500_brown_0.002,3,14,84.0,q925,-0.0005242731422185898,0.02125660702586174,46619,1038240,0.04490194945292033
z500_brown_0.002,3,14,84.0,q1000,-0.000609666109085083,0.025473864749073982,35361,1038240,0.034058599167822466
z500_brown_0.002,3,15,90.0,u10m,-25.071500778198242,18.409425735473633,0,1038240,0.0
z500_brown_0.002,3,15,90.0,v10m,-22.07899284362793,17.22913932800293,0,1038240,0.0
z500_brown_0.002,3,15,90.0,u100m,-32.2182731628418,23.082096099853516,0,1038240,0.0
z500_brown_0.002,3,15,90.0,v100m,-27.8527889251709,21.13270378112793,0,1038240,0.0
z500_brown_0.002,3,15,90.0,t2m,202.7882080078125,320.8039855957031,0,1038240,0.0
z500_brown_0.002,3,15,90.0,sp,49139.625,103720.4765625,0,1038240,0.0
z500_brown_0.002,3,15,90.0,msl,95618.2421875,103684.1484375,0,1038240,0.0
z500_brown_0.002,3,15,90.0,tcwv,-2.076810836791992,77.98159790039062,28562,1038240,0.027510016951764523
z500_brown_0.002,3,15,90.0,u50,-30.227481842041016,69.28468322753906,0,1038240,0.0
z500_brown_0.002,3,15,90.0,u100,-31.850444793701172,56.296478271484375,0,1038240,0.0
z500_brown_0.002,3,15,90.0,u150,-39.66261291503906,71.2655258178711,0,1038240,0.0
z500_brown_0.002,3,15,90.0,u200,-35.051048278808594,86.32286071777344,0,1038240,0.0
z500_brown_0.002,3,15,90.0,u250,-35.40715789794922,86.20352172851562,0,1038240,0.0
z500_brown_0.002,3,15,90.0,u300,-41.15040588378906,81.0584716796875,0,1038240,0.0
z500_brown_0.002,3,15,90.0,u400,-42.50853729248047,58.48118591308594,0,1038240,0.0
z500_brown_0.002,3,15,90.0,u500,-35.95927429199219,49.038455963134766,0,1038240,0.0
z500_brown_0.002,3,15,90.0,u600,-27.20260238647461,42.379478454589844,0,1038240,0.0
z500_brown_0.002,3,15,90.0,u700,-29.582111358642578,38.3612060546875,0,1038240,0.0
z500_brown_0.002,3,15,90.0,u850,-38.08875274658203,37.11904525756836,0,1038240,0.0
z500_brown_0.002,3,15,90.0,u925,-38.5720100402832,31.069732666015625,0,1038240,0.0
z500_brown_0.002,3,15,90.0,u1000,-24.378280639648438,20.2493839263916,0,1038240,0.0
z500_brown_0.002,3,15,90.0,v50,-23.24864387512207,19.675504684448242,0,1038240,0.0
z500_brown_0.002,3,15,90.0,v100,-18.994979858398438,23.13351821899414,0,1038240,0.0
z500_brown_0.002,3,15,90.0,v150,-34.84417724609375,35.635337829589844,0,1038240,0.0
z500_brown_0.002,3,15,90.0,v200,-43.088768005371094,47.23168182373047,0,1038240,0.0
z500_brown_0.002,3,15,90.0,v250,-53.7404899597168,54.49195098876953,0,1038240,0.0
z500_brown_0.002,3,15,90.0,v300,-53.64375305175781,56.070377349853516,0,1038240,0.0
z500_brown_0.002,3,15,90.0,v400,-57.5296745300293,51.171852111816406,0,1038240,0.0
z500_brown_0.002,3,15,90.0,v500,-52.46162414550781,46.5400505065918,0,1038240,0.0
z500_brown_0.002,3,15,90.0,v600,-42.294921875,39.2998046875,0,1038240,0.0
z500_brown_0.002,3,15,90.0,v700,-33.38302230834961,31.437213897705078,0,1038240,0.0
z500_brown_0.002,3,15,90.0,v850,-33.19062423706055,26.893781661987305,0,1038240,0.0
z500_brown_0.002,3,15,90.0,v925,-32.35820770263672,27.476408004760742,0,1038240,0.0
z500_brown_0.002,3,15,90.0,v1000,-22.14668846130371,19.451684951782227,0,1038240,0.0
z500_brown_0.002,3,15,90.0,z50,176501.421875,208532.28125,0,1038240,0.0
z500_brown_0.002,3,15,90.0,z100,140158.96875,166368.921875,0,1038240,0.0
z500_brown_0.002,3,15,90.0,z150,117319.171875,142238.625,0,1038240,0.0
z500_brown_0.002,3,15,90.0,z200,100458.09375,123967.65625,0,1038240,0.0
z500_brown_0.002,3,15,90.0,z250,87193.40625,109187.1796875,0,1038240,0.0
z500_brown_0.002,3,15,90.0,z300,76308.5078125,96676.21875,0,1038240,0.0
z500_brown_0.002,3,15,90.0,z400,59019.75390625,75820.796875,0,1038240,0.0
z500_brown_0.002,3,15,90.0,z500,45263.34375,58825.890625,0,1038240,0.0
z500_brown_0.002,3,15,90.0,z600,33205.4453125,44417.67578125,0,1038240,0.0
z500_brown_0.002,3,15,90.0,z700,22609.16796875,32205.92578125,0,1038240,0.0
z500_brown_0.002,3,15,90.0,z850,8606.333984375,16433.90234375,0,1038240,0.0
z500_brown_0.002,3,15,90.0,z925,2407.7490234375,9386.75,0,1038240,0.0
z500_brown_0.002,3,15,90.0,z1000,-3389.3515625,2969.69921875,0,1038240,0.0
z500_brown_0.002,3,15,90.0,t50,179.17770385742188,237.3936767578125,0,1038240,0.0
z500_brown_0.002,3,15,90.0,t100,184.3856201171875,239.34201049804688,0,1038240,0.0
z500_brown_0.002,3,15,90.0,t150,186.67877197265625,244.257568359375,0,1038240,0.0
z500_brown_0.002,3,15,90.0,t200,192.8174285888672,243.52618408203125,0,1038240,0.0
z500_brown_0.002,3,15,90.0,t250,198.0150909423828,244.6856689453125,0,1038240,0.0
z500_brown_0.002,3,15,90.0,t300,202.36746215820312,250.42112731933594,0,1038240,0.0
z500_brown_0.002,3,15,90.0,t400,211.86683654785156,264.7292175292969,0,1038240,0.0
z500_brown_0.002,3,15,90.0,t500,218.0538330078125,275.3951416015625,0,1038240,0.0
z500_brown_0.002,3,15,90.0,t600,208.32046508789062,287.3561096191406,0,1038240,0.0
z500_brown_0.002,3,15,90.0,t700,213.6477508544922,296.95703125,0,1038240,0.0
z500_brown_0.002,3,15,90.0,t850,222.49754333496094,309.2857666015625,0,1038240,0.0
z500_brown_0.002,3,15,90.0,t925,226.16433715820312,314.97479248046875,0,1038240,0.0
z500_brown_0.002,3,15,90.0,t1000,229.31573486328125,320.398681640625,0,1038240,0.0
z500_brown_0.002,3,15,90.0,q50,5.627082373393932e-07,2.0599757135641994e-06,0,1038240,0.0
z500_brown_0.002,3,15,90.0,q100,1.0251767434965586e-06,4.648500180337578e-06,0,1038240,0.0
z500_brown_0.002,3,15,90.0,q150,-1.3114959074300714e-07,4.118009746889584e-05,6,1038240,5.779010633379566e-06
z500_brown_0.002,3,15,90.0,q200,-7.566140993731096e-06,0.0002161224838346243,11115,1038240,0.010705617198335645
z500_brown_0.002,3,15,90.0,q250,-1.2676518963417038e-05,0.0006968515226617455,17718,1038240,0.017065418400369858
z500_brown_0.002,3,15,90.0,q300,-3.366121381986886e-05,0.0015116538852453232,19679,1038240,0.018954191709046078
z500_brown_0.002,3,15,90.0,q400,-6.342987762764096e-05,0.0042624096386134624,31065,1038240,0.0299208275543227
z500_brown_0.002,3,15,90.0,q500,-0.00011776154860854149,0.007593045476824045,13256,1038240,0.012767760826013254
z500_brown_0.002,3,15,90.0,q600,-0.0002167543862015009,0.010026433505117893,14561,1038240,0.014024695638773309
z500_brown_0.002,3,15,90.0,q700,-0.0004213438369333744,0.01303919032216072,36110,1038240,0.034780012328556015
z500_brown_0.002,3,15,90.0,q850,-0.0005368171259760857,0.01865973509848118,40938,1038240,0.039430189551548776
z500_brown_0.002,3,15,90.0,q925,-0.00044602900743484497,0.021057408303022385,51682,1038240,0.04977847125905378
z500_brown_0.002,3,15,90.0,q1000,-0.0005177524872124195,0.025356829166412354,39742,1038240,0.03827824009862845
z500_brown_0.002,3,16,96.0,u10m,-22.41310691833496,18.88680076599121,0,1038240,0.0
z500_brown_0.002,3,16,96.0,v10m,-20.29452133178711,21.25761604309082,0,1038240,0.0
z500_brown_0.002,3,16,96.0,u100m,-29.442459106445312,23.278898239135742,0,1038240,0.0
z500_brown_0.002,3,16,96.0,v100m,-25.736982345581055,26.975345611572266,0,1038240,0.0
z500_brown_0.002,3,16,96.0,t2m,202.64698791503906,317.0119934082031,0,1038240,0.0
z500_brown_0.002,3,16,96.0,sp,48984.0078125,103676.1328125,0,1038240,0.0
z500_brown_0.002,3,16,96.0,msl,95426.1015625,103644.7109375,0,1038240,0.0
z500_brown_0.002,3,16,96.0,tcwv,-2.551816940307617,76.46853637695312,36530,1038240,0.035184543072892586
z500_brown_0.002,3,16,96.0,u50,-30.540477752685547,68.7817611694336,0,1038240,0.0
z500_brown_0.002,3,16,96.0,u100,-31.38980484008789,57.57453918457031,0,1038240,0.0
z500_brown_0.002,3,16,96.0,u150,-40.38800048828125,73.5569839477539,0,1038240,0.0
z500_brown_0.002,3,16,96.0,u200,-34.45744323730469,85.14445495605469,0,1038240,0.0
z500_brown_0.002,3,16,96.0,u250,-34.6341438293457,86.84672546386719,0,1038240,0.0
z500_brown_0.002,3,16,96.0,u300,-34.36054229736328,80.35445404052734,0,1038240,0.0
z500_brown_0.002,3,16,96.0,u400,-42.256919860839844,59.45996856689453,0,1038240,0.0
z500_brown_0.002,3,16,96.0,u500,-36.57848358154297,49.766319274902344,0,1038240,0.0
z500_brown_0.002,3,16,96.0,u600,-32.356510162353516,42.117156982421875,0,1038240,0.0
z500_brown_0.002,3,16,96.0,u700,-34.79450607299805,39.50308609008789,0,1038240,0.0
z500_brown_0.002,3,16,96.0,u850,-40.64430236816406,38.956077575683594,0,1038240,0.0
z500_brown_0.002,3,16,96.0,u925,-33.37859344482422,32.909820556640625,0,1038240,0.0
z500_brown_0.002,3,16,96.0,u1000,-22.29201889038086,19.9208984375,0,1038240,0.0
z500_brown_0.002,3,16,96.0,v50,-22.615436553955078,21.11357307434082,0,1038240,0.0
z500_brown_0.002,3,16,96.0,v100,-17.887020111083984,25.31321144104004,0,1038240,0.0
z500_brown_0.002,3,16,96.0,v150,-33.90632629394531,37.38515853881836,0,1038240,0.0
z500_brown_0.002,3,16,96.0,v200,-42.581153869628906,50.37929153442383,0,1038240,0.0
z500_brown_0.002,3,16,96.0,v250,-53.16276931762695,57.73253631591797,0,1038240,0.0
z500_brown_0.002,3,16,96.0,v300,-51.42605209350586,61.16323471069336,0,1038240,0.0
z500_brown_0.002,3,16,96.0,v400,-56.123069763183594,52.8452033996582,0,1038240,0.0
z500_brown_0.002,3,16,96.0,v500,-49.87358856201172,50.31317138671875,0,1038240,0.0
z500_brown_0.002,3,16,96.0,v600,-39.08308792114258,42.927635192871094,0,1038240,0.0
z500_brown_0.002,3,16,96.0,v700,-32.87002182006836,33.72402572631836,0,1038240,0.0
z500_brown_0.002,3,16,96.0,v850,-31.326324462890625,31.503517150878906,0,1038240,0.0
z500_brown_0.002,3,16,96.0,v925,-31.010272979736328,30.930696487426758,0,1038240,0.0
z500_brown_0.002,3,16,96.0,v1000,-20.630098342895508,20.977981567382812,0,1038240,0.0
z500_brown_0.002,3,16,96.0,z50,176391.046875,208515.046875,0,1038240,0.0
z500_brown_0.002,3,16,96.0,z100,140139.09375,166237.484375,0,1038240,0.0
z500_brown_0.002,3,16,96.0,z150,117289.5,142085.375,0,1038240,0.0
z500_brown_0.002,3,16,96.0,z200,100396.1796875,123887.7578125,0,1038240,0.0
z500_brown_0.002,3,16,96.0,z250,87119.5078125,109251.78125,0,1038240,0.0
z500_brown_0.002,3,16,96.0,z300,76240.828125,96695.4296875,0,1038240,0.0
z500_brown_0.002,3,16,96.0,z400,58995.9140625,75750.8203125,0,1038240,0.0
z500_brown_0.002,3,16,96.0,z500,45085.4609375,58688.390625,0,1038240,0.0
z500_brown_0.002,3,16,96.0,z600,32958.9765625,44428.53125,0,1038240,0.0
z500_brown_0.002,3,16,96.0,z700,22350.474609375,32209.88671875,0,1038240,0.0
z500_brown_0.002,3,16,96.0,z850,8404.5517578125,16431.205078125,0,1038240,0.0
z500_brown_0.002,3,16,96.0,z925,2245.06396484375,9377.076171875,0,1038240,0.0
z500_brown_0.002,3,16,96.0,z1000,-3650.9287109375,2943.9599609375,0,1038240,0.0
z500_brown_0.002,3,16,96.0,t50,179.30178833007812,237.5152130126953,0,1038240,0.0
z500_brown_0.002,3,16,96.0,t100,184.819580078125,239.83486938476562,0,1038240,0.0
z500_brown_0.002,3,16,96.0,t150,186.84410095214844,244.44302368164062,0,1038240,0.0
z500_brown_0.002,3,16,96.0,t200,193.37051391601562,243.4701690673828,0,1038240,0.0
z500_brown_0.002,3,16,96.0,t250,198.16966247558594,245.0165252685547,0,1038240,0.0
z500_brown_0.002,3,16,96.0,t300,202.55918884277344,250.16737365722656,0,1038240,0.0
z500_brown_0.002,3,16,96.0,t400,211.19229125976562,264.2941589355469,0,1038240,0.0
z500_brown_0.002,3,16,96.0,t500,217.82403564453125,275.31048583984375,0,1038240,0.0
z500_brown_0.002,3,16,96.0,t600,207.2733917236328,284.936767578125,0,1038240,0.0
z500_brown_0.002,3,16,96.0,t700,213.86488342285156,293.689453125,0,1038240,0.0
z500_brown_0.002,3,16,96.0,t850,222.35877990722656,310.1949768066406,0,1038240,0.0
z500_brown_0.002,3,16,96.0,t925,226.07260131835938,315.1279602050781,0,1038240,0.0
z500_brown_0.002,3,16,96.0,t1000,229.2502899169922,320.01837158203125,0,1038240,0.0
z500_brown_0.002,3,16,96.0,q50,5.959111604170175e-07,2.0785628294106573e-06,0,1038240,0.0
z500_brown_0.002,3,16,96.0,q100,1.02135948054638e-06,4.6375917008845136e-06,0,1038240,0.0
z500_brown_0.002,3,16,96.0,q150,-8.567008080717642e-07,3.5288408980704844e-05,18,1038240,1.7337031900138696e-05
z500_brown_0.002,3,16,96.0,q200,-8.21188950794749e-06,0.0001904689270304516,12488,1038240,0.01202804746494067
z500_brown_0.002,3,16,96.0,q250,-1.2654727470362559e-05,0.0006709010922349989,16437,1038240,0.015831599630143318
z500_brown_0.002,3,16,96.0,q300,-3.045957419089973e-05,0.0015230159042403102,20036,1038240,0.01929804284173216
z500_brown_0.002,3,16,96.0,q400,-5.191622767597437e-05,0.004129657056182623,23134,1038240,0.02228193866543381
z500_brown_0.002,3,16,96.0,q500,-0.00011015316704288125,0.007285866420716047,13246,1038240,0.012758129141624287
z500_brown_0.002,3,16,96.0,q600,-0.00025812210515141487,0.00994926318526268,16326,1038240,0.015724687933425796
z500_brown_0.002,3,16,96.0,q700,-0.0004515510518103838,0.012689072638750076,32231,1038240,0.03104388195407613
z500_brown_0.002,3,16,96.0,q850,-0.0007252912037074566,0.018834805116057396,43976,1038240,0.04235629526891663
z500_brown_0.002,3,16,96.0,q925,-0.0005455901846289635,0.022059662267565727,50774,1038240,0.04890391431653567
z500_brown_0.002,3,16,96.0,q1000,-0.0005800542421638966,0.025570649653673172,45669,1038240,0.04398693943596856
z500_brown_0.002,3,17,102.0,u10m,-20.429330825805664,21.11385726928711,0,1038240,0.0
z500_brown_0.002,3,17,102.0,v10m,-18.128154754638672,20.092607498168945,0,1038240,0.0
z500_brown_0.002,3,17,102.0,u100m,-26.932415008544922,26.95595359802246,0,1038240,0.0
z500_brown_0.002,3,17,102.0,v100m,-23.175203323364258,24.557388305664062,0,1038240,0.0
z500_brown_0.002,3,17,102.0,t2m,202.47149658203125,314.71441650390625,0,1038240,0.0
z500_brown_0.002,3,17,102.0,sp,48985.08984375,103567.1015625,0,1038240,0.0
z500_brown_0.002,3,17,102.0,msl,95323.015625,103540.3359375,0,1038240,0.0
z500_brown_0.002,3,17,102.0,tcwv,-2.5442867279052734,76.64164733886719,41106,1038240,0.0395920018492834
z500_brown_0.002,3,17,102.0,u50,-31.912517547607422,70.79615020751953,0,1038240,0.0
z500_brown_0.002,3,17,102.0,u100,-31.350906372070312,59.51363754272461,0,1038240,0.0
z500_brown_0.002,3,17,102.0,u150,-39.85960388183594,73.39966583251953,0,1038240,0.0
z500_brown_0.002,3,17,102.0,u200,-33.12440490722656,85.64952850341797,0,1038240,0.0
z500_brown_0.002,3,17,102.0,u250,-33.98167419433594,86.98089599609375,0,1038240,0.0
z500_brown_0.002,3,17,102.0,u300,-37.01866149902344,80.3274154663086,0,1038240,0.0
z500_brown_0.002,3,17,102.0,u400,-40.778221130371094,59.85765075683594,0,1038240,0.0
z500_brown_0.002,3,17,102.0,u500,-39.22319793701172,49.37546920776367,0,1038240,0.0
z500_brown_0.002,3,17,102.0,u600,-34.87678527832031,42.61729049682617,0,1038240,0.0
z500_brown_0.002,3,17,102.0,u700,-34.48380661010742,39.093162536621094,0,1038240,0.0
z500_brown_0.002,3,17,102.0,u850,-35.18391418457031,37.1386833190918,0,1038240,0.0
z500_brown_0.002,3,17,102.0,u925,-32.28937530517578,32.749332427978516,0,1038240,0.0
z500_brown_0.002,3,17,102.0,u1000,-20.65304183959961,21.075952529907227,0,1038240,0.0
z500_brown_0.002,3,17,102.0,v50,-22.176191329956055,21.753957748413086,0,1038240,0.0
z500_brown_0.002,3,17,102.0,v100,-19.33152961730957,25.915298461914062,0,1038240,0.0
z500_brown_0.002,3,17,102.0,v150,-37.22846603393555,34.27297592163086,0,1038240,0.0
z500_brown_0.002,3,17,102.0,v200,-43.120628356933594,49.51958084106445,0,1038240,0.0
z500_brown_0.002,3,17,102.0,v250,-53.39820861816406,56.79869079589844,0,1038240,0.0
z500_brown_0.002,3,17,102.0,v300,-46.46187210083008,61.847896575927734,0,1038240,0.0
z500_brown_0.002,3,17,102.0,v400,-48.746620178222656,57.1649284362793,0,1038240,0.0
z500_brown_0.002,3,17,102.0,v500,-46.28672790527344,48.9541130065918,0,1038240,0.0
z500_brown_0.002,3,17,102.0,v600,-37.58838653564453,40.992034912109375,0,1038240,0.0
z500_brown_0.002,3,17,102.0,v700,-31.098730087280273,32.68479919433594,0,1038240,0.0
z500_brown_0.002,3,17,102.0,v850,-29.90825080871582,30.70774269104004,0,1038240,0.0
z500_brown_0.002,3,17,102.0,v925,-30.85968589782715,27.46106719970703,0,1038240,0.0
z500_brown_0.002,3,17,102.0,v1000,-21.291189193725586,19.818309783935547,0,1038240,0.0
z500_brown_0.002,3,17,102.0,z50,176365.953125,208563.0625,0,1038240,0.0
z500_brown_0.002,3,17,102.0,z100,140052.03125,166289.484375,0,1038240,0.0
z500_brown_0.002,3,17,102.0,z150,117175.3984375,142158.125,0,1038240,0.0
z500_brown_0.002,3,17,102.0,z200,100265.96875,123872.3671875,0,1038240,0.0
z500_brown_0.002,3,17,102.0,z250,86977.25,109147.3125,0,1038240,0.0
z500_brown_0.002,3,17,102.0,z300,76118.40625,96607.953125,0,1038240,0.0
z500_brown_0.002,3,17,102.0,z400,58923.01953125,75718.890625,0,1038240,0.0
z500_brown_0.002,3,17,102.0,z500,44976.0859375,58698.15234375,0,1038240,0.0
z500_brown_0.002,3,17,102.0,z600,32867.375,44351.484375,0,1038240,0.0
z500_brown_0.002,3,17,102.0,z700,22292.814453125,32139.603515625,0,1038240,0.0
z500_brown_0.002,3,17,102.0,z850,8419.865234375,16362.13671875,0,1038240,0.0
z500_brown_0.002,3,17,102.0,z925,2299.55126953125,9299.474609375,0,1038240,0.0
z500_brown_0.002,3,17,102.0,z1000,-3759.14501953125,2860.55224609375,0,1038240,0.0
z500_brown_0.002,3,17,102.0,t50,179.362548828125,237.71099853515625,0,1038240,0.0
z500_brown_0.002,3,17,102.0,t100,185.23532104492188,240.24879455566406,0,1038240,0.0
z500_brown_0.002,3,17,102.0,t150,189.06663513183594,245.189208984375,0,1038240,0.0
z500_brown_0.002,3,17,102.0,t200,193.9755859375,244.25125122070312,0,1038240,0.0
z500_brown_0.002,3,17,102.0,t250,198.32464599609375,244.97361755371094,0,1038240,0.0
z500_brown_0.002,3,17,102.0,t300,202.1337127685547,250.58987426757812,0,1038240,0.0
z500_brown_0.002,3,17,102.0,t400,211.02267456054688,264.6199951171875,0,1038240,0.0
z500_brown_0.002,3,17,102.0,t500,217.82986450195312,276.3793029785156,0,1038240,0.0
z500_brown_0.002,3,17,102.0,t600,207.25448608398438,288.779052734375,0,1038240,0.0
z500_brown_0.002,3,17,102.0,t700,214.31942749023438,298.14520263671875,0,1038240,0.0
z500_brown_0.002,3,17,102.0,t850,223.19418334960938,309.7418212890625,0,1038240,0.0
z500_brown_0.002,3,17,102.0,t925,226.8719482421875,315.1578369140625,0,1038240,0.0
z500_brown_0.002,3,17,102.0,t1000,230.06845092773438,320.0837097167969,0,1038240,0.0
z500_brown_0.002,3,17,102.0,q50,6.313568974292139e-07,2.095628360621049e-06,0,1038240,0.0
z500_brown_0.002,3,17,102.0,q100,1.0130642067451845e-06,4.7490157157881185e-06,0,1038240,0.0
z500_brown_0.002,3,17,102.0,q150,-8.756437637202907e-07,3.716067658388056e-05,18,1038240,1.7337031900138696e-05
z500_brown_0.002,3,17,102.0,q200,-1.0470104825799353e-05,0.00019090618297923356,13204,1038240,0.01271767606719063
z500_brown_0.002,3,17,102.0,q250,-1.2710010196315125e-05,0.0006498589646071196,18016,1038240,0.01735244259516104
z500_brown_0.002,3,17,102.0,q300,-3.0335693736560643e-05,0.0014986635651439428,20479,1038240,0.019724726460163353
z500_brown_0.002,3,17,102.0,q400,-6.08348345849663e-05,0.0041244253516197205,24548,1038240,0.023643858838033594
z500_brown_0.002,3,17,102.0,q500,-9.945599595084786e-05,0.007967105135321617,10593,1038240,0.010202843273231623
z500_brown_0.002,3,17,102.0,q600,-0.000280798994936049,0.011608317494392395,14507,1038240,0.013972684543072893
z500_brown_0.002,3,17,102.0,q700,-0.0004725577309727669,0.013232067227363586,36975,1038240,0.035613153028201575
z500_brown_0.002,3,17,102.0,q850,-0.0005374709144234657,0.018878605216741562,50208,1038240,0.0483587609801202
z500_brown_0.002,3,17,102.0,q925,-0.0005687447264790535,0.021814119070768356,60344,1038240,0.05812143627677608
z500_brown_0.002,3,17,102.0,q1000,-0.0005805948749184608,0.025029515847563744,54043,1038240,0.052052511943288644
z500_brown_0.002,3,18,108.0,u10m,-22.583585739135742,21.912776947021484,0,1038240,0.0
z500_brown_0.002,3,18,108.0,v10m,-18.697223663330078,18.126182556152344,0,1038240,0.0
z500_brown_0.002,3,18,108.0,u100m,-29.23609161376953,28.237546920776367,0,1038240,0.0
z500_brown_0.002,3,18,108.0,v100m,-24.117496490478516,23.791440963745117,0,1038240,0.0
z500_brown_0.002,3,18,108.0,t2m,200.84097290039062,322.0887756347656,0,1038240,0.0
z500_brown_0.002,3,18,108.0,sp,48901.08203125,103544.453125,0,1038240,0.0
z500_brown_0.002,3,18,108.0,msl,95498.5,103519.09375,0,1038240,0.0
z500_brown_0.002,3,18,108.0,tcwv,-2.5814990997314453,78.5866928100586,40206,1038240,0.03872515025427647
z500_brown_0.002,3,18,108.0,u50,-30.014022827148438,70.81205749511719,0,1038240,0.0
z500_brown_0.002,3,18,108.0,u100,-31.130329132080078,61.33870315551758,0,1038240,0.0
z500_brown_0.002,3,18,108.0,u150,-37.25703430175781,72.58020782470703,0,1038240,0.0
z500_brown_0.002,3,18,108.0,u200,-32.198394775390625,87.48772430419922,0,1038240,0.0
z500_brown_0.002,3,18,108.0,u250,-34.17652893066406,91.34161376953125,0,1038240,0.0
z500_brown_0.002,3,18,108.0,u300,-32.168907165527344,81.55697631835938,0,1038240,0.0
z500_brown_0.002,3,18,108.0,u400,-38.807464599609375,59.81890869140625,0,1038240,0.0
z500_brown_0.002,3,18,108.0,u500,-37.820838928222656,52.62138366699219,0,1038240,0.0
z500_brown_0.002,3,18,108.0,u600,-34.18693542480469,44.90150833129883,0,1038240,0.0
z500_brown_0.002,3,18,108.0,u700,-33.585052490234375,38.20764923095703,0,1038240,0.0
z500_brown_0.002,3,18,108.0,u850,-35.53512954711914,37.346275329589844,0,1038240,0.0
z500_brown_0.002,3,18,108.0,u925,-37.68232345581055,34.71394348144531,0,1038240,0.0
z500_brown_0.002,3,18,108.0,u1000,-22.546127319335938,22.20431900024414,0,1038240,0.0
z500_brown_0.002,3,18,108.0,v50,-21.992263793945312,23.018898010253906,0,1038240,0.0
z500_brown_0.002,3,18,108.0,v100,-18.646574020385742,25.473783493041992,0,1038240,0.0
z500_brown_0.002,3,18,108.0,v150,-35.46712875366211,32.52609634399414,0,1038240,0.0
z500_brown_0.002,3,18,108.0,v200,-41.22248840332031,47.321529388427734,0,1038240,0.0
z500_brown_0.002,3,18,108.0,v250,-50.32590866088867,55.125144958496094,0,1038240,0.0
z500_brown_0.002,3,18,108.0,v300,-45.16731643676758,59.12854766845703,0,1038240,0.0
z500_brown_0.002,3,18,108.0,v400,-42.69635009765625,59.48224639892578,0,1038240,0.0
z500_brown_0.002,3,18,108.0,v500,-38.55196762084961,51.06837844848633,0,1038240,0.0
z500_brown_0.002,3,18,108.0,v600,-31.55046844482422,39.374813079833984,0,1038240,0.0
z500_brown_0.002,3,18,108.0,v700,-28.327695846557617,31.11532974243164,0,1038240,0.0
z500_brown_0.002,3,18,108.0,v850,-30.205677032470703,26.429401397705078,0,1038240,0.0
z500_brown_0.002,3,18,108.0,v925,-31.374723434448242,26.96666717529297,0,1038240,0.0
z500_brown_0.002,3,18,108.0,v1000,-20.358295440673828,18.76742172241211,0,1038240,0.0
z500_brown_0.002,3,18,108.0,z50,176232.984375,208761.65625,0,1038240,0.0
z500_brown_0.002,3,18,108.0,z100,139979.546875,166394.859375,0,1038240,0.0
z500_brown_0.002,3,18,108.0,z150,117088.0546875,142252.25,0,1038240,0.0
z500_brown_0.002,3,18,108.0,z200,100153.7109375,123982.6953125,0,1038240,0.0
z500_brown_0.002,3,18,108.0,z250,86856.1015625,109081.6484375,0,1038240,0.0
z500_brown_0.002,3,18,108.0,z300,75984.640625,96428.4765625,0,1038240,0.0
z500_brown_0.002,3,18,108.0,z400,58800.78515625,75499.484375,0,1038240,0.0
z500_brown_0.002,3,18,108.0,z500,44839.30859375,58533.2265625,0,1038240,0.0
z500_brown_0.002,3,18,108.0,z600,32766.646484375,44405.4375,0,1038240,0.0
z500_brown_0.002,3,18,108.0,z700,22242.86328125,32078.7734375,0,1038240,0.0
z500_brown_0.002,3,18,108.0,z850,8494.3994140625,16320.283203125,0,1038240,0.0
z500_brown_0.002,3,18,108.0,z925,2416.85791015625,9259.609375,0,1038240,0.0
z500_brown_0.002,3,18,108.0,z1000,-3612.54736328125,2836.0478515625,0,1038240,0.0
z500_brown_0.002,3,18,108.0,t50,179.11904907226562,237.72203063964844,0,1038240,0.0
z500_brown_0.002,3,18,108.0,t100,185.63983154296875,240.69920349121094,0,1038240,0.0
z500_brown_0.002,3,18,108.0,t150,191.13211059570312,245.06385803222656,0,1038240,0.0
z500_brown_0.002,3,18,108.0,t200,194.67678833007812,244.12191772460938,0,1038240,0.0
z500_brown_0.002,3,18,108.0,t250,198.37673950195312,244.99539184570312,0,1038240,0.0
z500_brown_0.002,3,18,108.0,t300,201.69915771484375,251.47068786621094,0,1038240,0.0
z500_brown_0.002,3,18,108.0,t400,210.7998046875,265.99139404296875,0,1038240,0.0
z500_brown_0.002,3,18,108.0,t500,217.5433349609375,278.9581604003906,0,1038240,0.0
z500_brown_0.002,3,18,108.0,t600,207.41802978515625,291.9172668457031,0,1038240,0.0
z500_brown_0.002,3,18,108.0,t700,214.17575073242188,301.2537536621094,0,1038240,0.0
z500_brown_0.002,3,18,108.0,t850,223.58029174804688,312.17431640625,0,1038240,0.0
z500_brown_0.002,3,18,108.0,t925,227.5230255126953,317.3389892578125,0,1038240,0.0
z500_brown_0.002,3,18,108.0,t1000,230.85638427734375,322.6102294921875,0,1038240,0.0
z500_brown_0.002,3,18,108.0,q50,6.651519015576923e-07,2.1116493371664546e-06,0,1038240,0.0
z500_brown_0.002,3,18,108.0,q100,9.886906582323718e-07,4.6946806833148e-06,0,1038240,0.0
z500_brown_0.002,3,18,108.0,q150,-3.6912751966156065e-07,4.481754876906052e-05,9,1038240,8.668515950069348e-06
z500_brown_0.002,3,18,108.0,q200,-1.0730736903497018e-05,0.00023154282825998962,12746,1038240,0.01227654492217599
z500_brown_0.002,3,18,108.0,q250,-1.529504152131267e-05,0.0006951927789486945,19841,1038240,0.019110224996147326
z500_brown_0.002,3,18,108.0,q300,-3.265998384449631e-05,0.001591849373653531,20713,1038240,0.019950107874865158
z500_brown_0.002,3,18,108.0,q400,-0.00011816798360086977,0.004324783571064472,25327,1038240,0.02439416705193404
z500_brown_0.002,3,18,108.0,q500,-0.00010960851795971394,0.007972677238285542,10680,1038240,0.010286638927415626
z500_brown_0.002,3,18,108.0,q600,-0.000271056080237031,0.01019227970391512,13482,1038240,0.012985436893203884
z500_brown_0.002,3,18,108.0,q700,-0.0005230861715972424,0.013568248599767685,29260,1038240,0.028182308522114348
z500_brown_0.002,3,18,108.0,q850,-0.0005474425852298737,0.019754834473133087,44730,1038240,0.04308252427184466
z500_brown_0.002,3,18,108.0,q925,-0.0006068460643291473,0.02098981849849224,55127,1038240,0.05309658653105255
z500_brown_0.002,3,18,108.0,q1000,-0.0005886014550924301,0.025212954729795456,45001,1038240,0.04334354291878564
z500_brown_0.002,3,19,114.0,u10m,-25.73248291015625,23.416027069091797,0,1038240,0.0
z500_brown_0.002,3,19,114.0,v10m,-19.10002899169922,17.92353630065918,0,1038240,0.0
z500_brown_0.002,3,19,114.0,u100m,-33.38795471191406,29.499351501464844,0,1038240,0.0
z500_brown_0.002,3,19,114.0,v100m,-24.89624786376953,24.272762298583984,0,1038240,0.0
z500_brown_0.002,3,19,114.0,t2m,199.54901123046875,321.22802734375,0,1038240,0.0
z500_brown_0.002,3,19,114.0,sp,49022.640625,103458.5859375,0,1038240,0.0
z500_brown_0.002,3,19,114.0,msl,95566.0234375,103427.1796875,0,1038240,0.0
z500_brown_0.002,3,19,114.0,tcwv,-2.658754348754883,79.48686981201172,39022,1038240,0.0375847588226229
z500_brown_0.002,3,19,114.0,u50,-30.183040618896484,72.39737701416016,0,1038240,0.0
z500_brown_0.002,3,19,114.0,u100,-33.86902618408203,62.402366638183594,0,1038240,0.0
z500_brown_0.002,3,19,114.0,u150,-38.699981689453125,71.51081848144531,0,1038240,0.0
z500_brown_0.002,3,19,114.0,u200,-32.536376953125,87.54007720947266,0,1038240,0.0
z500_brown_0.002,3,19,114.0,u250,-33.927764892578125,95.37271118164062,0,1038240,0.0
z500_brown_0.002,3,19,114.0,u300,-32.17300033569336,84.42549133300781,0,1038240,0.0
z500_brown_0.002,3,19,114.0,u400,-40.53141784667969,63.570213317871094,0,1038240,0.0
z500_brown_0.002,3,19,114.0,u500,-35.87319564819336,56.39116668701172,0,1038240,0.0
z500_brown_0.002,3,19,114.0,u600,-28.65545082092285,48.045955657958984,0,1038240,0.0
z500_brown_0.002,3,19,114.0,u700,-31.141605377197266,39.94549560546875,0,1038240,0.0
z500_brown_0.002,3,19,114.0,u850,-43.3831901550293,35.8909797668457,0,1038240,0.0
z500_brown_0.002,3,19,114.0,u925,-42.071163177490234,34.53264236450195,0,1038240,0.0
z500_brown_0.002,3,19,114.0,u1000,-25.760520935058594,23.491703033447266,0,1038240,0.0
z500_brown_0.002,3,19,114.0,v50,-22.665283203125,21.651710510253906,0,1038240,0.0
z500_brown_0.002,3,19,114.0,v100,-18.855573654174805,23.49237060546875,0,1038240,0.0
z500_brown_0.002,3,19,114.0,v150,-30.590511322021484,31.788610458374023,0,1038240,0.0
z500_brown_0.002,3,19,114.0,v200,-39.802650451660156,43.201805114746094,0,1038240,0.0
z500_brown_0.002,3,19,114.0,v250,-46.027984619140625,49.78127670288086,0,1038240,0.0
z500_brown_0.002,3,19,114.0,v300,-42.84052658081055,58.403839111328125,0,1038240,0.0
z500_brown_0.002,3,19,114.0,v400,-46.19594955444336,58.96883010864258,0,1038240,0.0
z500_brown_0.002,3,19,114.0,v500,-35.45320510864258,49.75960922241211,0,1038240,0.0
z500_brown_0.002,3,19,114.0,v600,-28.23648452758789,38.17397689819336,0,1038240,0.0
z500_brown_0.002,3,19,114.0,v700,-29.35845184326172,29.163959503173828,0,1038240,0.0
z500_brown_0.002,3,19,114.0,v850,-33.906558990478516,24.558147430419922,0,1038240,0.0
z500_brown_0.002,3,19,114.0,v925,-31.985050201416016,27.02033233642578,0,1038240,0.0
z500_brown_0.002,3,19,114.0,v1000,-20.161026000976562,18.86288070678711,0,1038240,0.0
z500_brown_0.002,3,19,114.0,z50,176108.296875,208769.84375,0,1038240,0.0
z500_brown_0.002,3,19,114.0,z100,139869.75,166481.515625,0,1038240,0.0
z500_brown_0.002,3,19,114.0,z150,116950.5703125,142310.90625,0,1038240,0.0
z500_brown_0.002,3,19,114.0,z200,99980.1484375,124036.8203125,0,1038240,0.0
z500_brown_0.002,3,19,114.0,z250,86648.5859375,109132.9609375,0,1038240,0.0
z500_brown_0.002,3,19,114.0,z300,75744.5859375,96476.0,0,1038240,0.0
z500_brown_0.002,3,19,114.0,z400,58557.9609375,75594.8203125,0,1038240,0.0
z500_brown_0.002,3,19,114.0,z500,44856.8671875,58599.6796875,0,1038240,0.0
z500_brown_0.002,3,19,114.0,z600,32803.47265625,44399.24609375,0,1038240,0.0
z500_brown_0.002,3,19,114.0,z700,22320.6015625,31967.7734375,0,1038240,0.0
z500_brown_0.002,3,19,114.0,z850,8644.0146484375,16229.2783203125,0,1038240,0.0
z500_brown_0.002,3,19,114.0,z925,2511.4951171875,9174.876953125,0,1038240,0.0
z500_brown_0.002,3,19,114.0,z1000,-3545.69189453125,2764.72900390625,0,1038240,0.0
z500_brown_0.002,3,19,114.0,t50,179.13833618164062,237.7718963623047,0,1038240,0.0
z500_brown_0.002,3,19,114.0,t100,186.84718322753906,240.89089965820312,0,1038240,0.0
z500_brown_0.002,3,19,114.0,t150,193.3167724609375,245.2767333984375,0,1038240,0.0
z500_brown_0.002,3,19,114.0,t200,195.25408935546875,243.9566650390625,0,1038240,0.0
z500_brown_0.002,3,19,114.0,t250,198.6852569580078,245.0681610107422,0,1038240,0.0
z500_brown_0.002,3,19,114.0,t300,201.8289794921875,250.7571563720703,0,1038240,0.0
z500_brown_0.002,3,19,114.0,t400,210.5022735595703,264.7530822753906,0,1038240,0.0
z500_brown_0.002,3,19,114.0,t500,216.49929809570312,276.34442138671875,0,1038240,0.0
z500_brown_0.002,3,19,114.0,t600,205.1795196533203,287.302490234375,0,1038240,0.0
z500_brown_0.002,3,19,114.0,t700,213.85757446289062,295.8260498046875,0,1038240,0.0
z500_brown_0.002,3,19,114.0,t850,223.17623901367188,309.1625061035156,0,1038240,0.0
z500_brown_0.002,3,19,114.0,t925,227.215087890625,315.2906799316406,0,1038240,0.0
z500_brown_0.002,3,19,114.0,t1000,230.47438049316406,320.7576904296875,0,1038240,0.0
z500_brown_0.002,3,19,114.0,q50,7.011601610429352e-07,2.125638729921775e-06,0,1038240,0.0
z500_brown_0.002,3,19,114.0,q100,9.913114809023682e-07,4.626150712283561e-06,0,1038240,0.0
z500_brown_0.002,3,19,114.0,q150,2.676197254913859e-07,4.09895546908956e-05,0,1038240,0.0
z500_brown_0.002,3,19,114.0,q200,-1.1792302757385187e-05,0.0002203584008384496,11323,1038240,0.010905956233626137
z500_brown_0.002,3,19,114.0,q250,-1.5023546438897029e-05,0.00070903857704252,23485,1038240,0.022620010787486516
z500_brown_0.002,3,19,114.0,q300,-3.2807220122776926e-05,0.0016484307125210762,25319,1038240,0.02438646170442287
z500_brown_0.002,3,19,114.0,q400,-6.285792915150523e-05,0.004426924046128988,32637,1038240,0.03143492834026815
z500_brown_0.002,3,19,114.0,q500,-8.304481161758304e-05,0.007672604639083147,9709,1038240,0.009351402373247034
z500_brown_0.002,3,19,114.0,q600,-0.0002715103328227997,0.010139663703739643,13125,1038240,0.0126415857605178
z500_brown_0.002,3,19,114.0,q700,-0.00045542512089014053,0.013125859200954437,34671,1038240,0.03339401294498382
z500_brown_0.002,3,19,114.0,q850,-0.0005611362867057323,0.019958874210715294,46396,1038240,0.044687162891046385
z500_brown_0.002,3,19,114.0,q925,-0.0005981153808534145,0.02091917023062706,58407,1038240,0.05625577901063338
z500_brown_0.002,3,19,114.0,q1000,-0.0006537344306707382,0.025254366919398308,47452,1038240,0.04570426876252119
z500_brown_0.002,3,20,120.0,u10m,-24.839204788208008,27.191967010498047,0,1038240,0.0
z500_brown_0.002,3,20,120.0,v10m,-19.17314910888672,18.38981056213379,0,1038240,0.0
z500_brown_0.002,3,20,120.0,u100m,-32.16813659667969,35.778656005859375,0,1038240,0.0
z500_brown_0.002,3,20,120.0,v100m,-24.974117279052734,25.084362030029297,0,1038240,0.0
z500_brown_0.002,3,20,120.0,t2m,197.44143676757812,318.8724060058594,0,1038240,0.0
z500_brown_0.002,3,20,120.0,sp,48861.83203125,103384.859375,0,1038240,0.0
z500_brown_0.002,3,20,120.0,msl,94784.6015625,103347.1015625,0,1038240,0.0
z500_brown_0.002,3,20,120.0,tcwv,-2.596681594848633,77.08190155029297,45789,1038240,0.04410251964863615
z500_brown_0.002,3,20,120.0,u50,-30.21872329711914,72.25482940673828,0,1038240,0.0
z500_brown_0.002,3,20,120.0,u100,-33.85306930541992,62.19297790527344,0,1038240,0.0
z500_brown_0.002,3,20,120.0,u150,-38.83274841308594,70.3663558959961,0,1038240,0.0
z500_brown_0.002,3,20,120.0,u200,-32.127525329589844,87.9281005859375,0,1038240,0.0
z500_brown_0.002,3,20,120.0,u250,-31.590328216552734,92.45712280273438,0,1038240,0.0
z500_brown_0.002,3,20,120.0,u300,-31.386974334716797,84.98008728027344,0,1038240,0.0
z500_brown_0.002,3,20,120.0,u400,-42.40961456298828,63.91404724121094,0,1038240,0.0
z500_brown_0.002,3,20,120.0,u500,-36.58148956298828,58.23162078857422,0,1038240,0.0
z500_brown_0.002,3,20,120.0,u600,-27.842172622680664,49.64065170288086,0,1038240,0.0
z500_brown_0.002,3,20,120.0,u700,-30.508907318115234,44.146087646484375,0,1038240,0.0
z500_brown_0.002,3,20,120.0,u850,-41.891170501708984,42.936431884765625,0,1038240,0.0
z500_brown_0.002,3,20,120.0,u925,-39.25360870361328,41.59247970581055,0,1038240,0.0
z500_brown_0.002,3,20,120.0,u1000,-24.70018196105957,27.512115478515625,0,1038240,0.0
z500_brown_0.002,3,20,120.0,v50,-23.648149490356445,21.70334815979004,0,1038240,0.0
z500_brown_0.002,3,20,120.0,v100,-18.543413162231445,22.329761505126953,0,1038240,0.0
z500_brown_0.002,3,20,120.0,v150,-27.27577018737793,31.952547073364258,0,1038240,0.0
z500_brown_0.002,3,20,120.0,v200,-42.44526290893555,41.65433120727539,0,1038240,0.0
z500_brown_0.002,3,20,120.0,v250,-51.0205078125,45.19680404663086,0,1038240,0.0
z500_brown_0.002,3,20,120.0,v300,-44.573604583740234,54.344337463378906,0,1038240,0.0
z500_brown_0.002,3,20,120.0,v400,-46.05036544799805,56.33388900756836,0,1038240,0.0
z500_brown_0.002,3,20,120.0,v500,-37.88550567626953,48.10883712768555,0,1038240,0.0
z500_brown_0.002,3,20,120.0,v600,-30.588346481323242,37.68859100341797,0,1038240,0.0
z500_brown_0.002,3,20,120.0,v700,-28.316482543945312,27.841686248779297,0,1038240,0.0
z500_brown_0.002,3,20,120.0,v850,-34.77872085571289,27.4144229888916,0,1038240,0.0
z500_brown_0.002,3,20,120.0,v925,-32.67052459716797,27.67803955078125,0,1038240,0.0
z500_brown_0.002,3,20,120.0,v1000,-20.279634475708008,19.265077590942383,0,1038240,0.0
z500_brown_0.002,3,20,120.0,z50,175940.640625,208726.5,0,1038240,0.0
z500_brown_0.002,3,20,120.0,z100,139787.703125,166307.96875,0,1038240,0.0
z500_brown_0.002,3,20,120.0,z150,116838.046875,142118.046875,0,1038240,0.0
z500_brown_0.002,3,20,120.0,z200,99817.9609375,123836.265625,0,1038240,0.0
z500_brown_0.002,3,20,120.0,z250,86460.3984375,109012.6484375,0,1038240,0.0
z500_brown_0.002,3,20,120.0,z300,75548.6953125,96446.84375,0,1038240,0.0
z500_brown_0.002,3,20,120.0,z400,58381.5625,75498.0859375,0,1038240,0.0
z500_brown_0.002,3,20,120.0,z500,44783.62890625,58643.3203125,0,1038240,0.0
z500_brown_0.002,3,20,120.0,z600,33060.0078125,44504.0078125,0,1038240,0.0
z500_brown_0.002,3,20,120.0,z700,22704.23828125,32015.578125,0,1038240,0.0
z500_brown_0.002,3,20,120.0,z850,8340.74609375,16189.697265625,0,1038240,0.0
z500_brown_0.002,3,20,120.0,z925,1847.9150390625,9123.021484375,0,1038240,0.0
z500_brown_0.002,3,20,120.0,z1000,-4238.00390625,2713.690673828125,0,1038240,0.0
z500_brown_0.002,3,20,120.0,t50,178.98635864257812,237.81983947753906,0,1038240,0.0
z500_brown_0.002,3,20,120.0,t100,188.15843200683594,241.26150512695312,0,1038240,0.0
z500_brown_0.002,3,20,120.0,t150,193.61207580566406,245.252685546875,0,1038240,0.0
z500_brown_0.002,3,20,120.0,t200,195.4988555908203,243.67037963867188,0,1038240,0.0
z500_brown_0.002,3,20,120.0,t250,199.20433044433594,245.29151916503906,0,1038240,0.0
z500_brown_0.002,3,20,120.0,t300,202.3732452392578,250.5093231201172,0,1038240,0.0
z500_brown_0.002,3,20,120.0,t400,209.7586212158203,264.38885498046875,0,1038240,0.0
z500_brown_0.002,3,20,120.0,t500,215.7970733642578,275.1415100097656,0,1038240,0.0
z500_brown_0.002,3,20,120.0,t600,206.11041259765625,283.6116638183594,0,1038240,0.0
z500_brown_0.002,3,20,120.0,t700,213.11422729492188,294.0015869140625,0,1038240,0.0
z500_brown_0.002,3,20,120.0,t850,222.3748321533203,309.5374450683594,0,1038240,0.0
z500_brown_0.002,3,20,120.0,t925,226.56419372558594,315.00567626953125,0,1038240,0.0
z500_brown_0.002,3,20,120.0,t1000,229.90060424804688,319.7246398925781,0,1038240,0.0
z500_brown_0.002,3,20,120.0,q50,7.392045517917722e-07,2.14231340578408e-06,0,1038240,0.0
z500_brown_0.002,3,20,120.0,q100,9.979619335354073e-07,4.681228801928228e-06,0,1038240,0.0
z500_brown_0.002,3,20,120.0,q150,2.2801577870268375e-07,3.4642755053937435e-05,0,1038240,0.0
z500_brown_0.002,3,20,120.0,q200,-1.1995203749393113e-05,0.00019716407405212522,12514,1038240,0.01205308984435198
z500_brown_0.002,3,20,120.0,q250,-1.5522546163992956e-05,0.0006791207706555724,24605,1038240,0.023698759439050702
z500_brown_0.002,3,20,120.0,q300,-3.51869675796479e-05,0.0015874014934524894,24358,1038240,0.023460856834643242
z500_brown_0.002,3,20,120.0,q400,-5.2167277317494154e-05,0.004191590007394552,30257,1038240,0.02914258745569425
z500_brown_0.002,3,20,120.0,q500,-0.00010393495904281735,0.007357797119766474,12349,1038240,0.011894167051934043
z500_brown_0.002,3,20,120.0,q600,-0.0002800439251586795,0.009967123158276081,15496,1038240,0.014925258129141625
z500_brown_0.002,3,20,120.0,q700,-0.00040993536822497845,0.01315273717045784,34152,1038240,0.032894128525196485
z500_brown_0.002,3,20,120.0,q850,-0.0005397968925535679,0.019096389412879944,50913,1038240,0.049037794729542304
z500_brown_0.002,3,20,120.0,q925,-0.0006482293829321861,0.020711325109004974,56268,1038240,0.054195561719833564
z500_brown_0.002,3,20,120.0,q1000,-0.0006333920173346996,0.025191178545355797,47674,1038240,0.045918092155956235
