config,member,step,lead_time_hours,variable,min_value,max_value,n_bad_points,n_total_points,violating_fraction
z500_brown_0.05,0,0,0.0,u10m,-29.98059844970703,25.07940101623535,0,1038240,0.0
z500_brown_0.05,0,0,0.0,v10m,-27.66229820251465,25.987703323364258,0,1038240,0.0
z500_brown_0.05,0,0,0.0,u100m,-38.64726257324219,30.782737731933594,0,1038240,0.0
z500_brown_0.05,0,0,0.0,v100m,-33.108516693115234,32.41148376464844,0,1038240,0.0
z500_brown_0.05,0,0,0.0,t2m,203.00914001464844,317.2091369628906,0,1038240,0.0
z500_brown_0.05,0,0,0.0,sp,49593.44921875,104524.6484375,0,1038240,0.0
z500_brown_0.05,0,0,0.0,msl,93167.375,107762.9765625,0,1038240,0.0
z500_brown_0.05,0,0,0.0,tcwv,0.033688269555568695,80.67048645019531,0,1038240,0.0
z500_brown_0.05,0,0,0.0,u50,-32.53466796875,69.6953353881836,0,1038240,0.0
z500_brown_0.05,0,0,0.0,u100,-42.44437026977539,63.615631103515625,0,1038240,0.0
z500_brown_0.05,0,0,0.0,u150,-43.69473648071289,76.46526336669922,0,1038240,0.0
z500_brown_0.05,0,0,0.0,u200,-44.91203308105469,103.88796997070312,0,1038240,0.0
z500_brown_0.05,0,0,0.0,u250,-45.851261138916016,105.44873809814453,0,1038240,0.0
z500_brown_0.05,0,0,0.0,u300,-36.28936004638672,102.41063690185547,0,1038240,0.0
z500_brown_0.05,0,0,0.0,u400,-35.72868347167969,71.8713150024414,0,1038240,0.0
z500_brown_0.05,0,0,0.0,u500,-39.31422805786133,50.18577194213867,0,1038240,0.0
z500_brown_0.05,0,0,0.0,u600,-45.0154914855957,45.66450500488281,0,1038240,0.0
z500_brown_0.05,0,0,0.0,u700,-47.08867263793945,41.111328125,0,1038240,0.0
z500_brown_0.05,0,0,0.0,u850,-52.83549880981445,36.304500579833984,0,1038240,0.0
z500_brown_0.05,0,0,0.0,u925,-42.309513092041016,34.310489654541016,0,1038240,0.0
z500_brown_0.05,0,0,0.0,u1000,-29.00948715209961,24.660512924194336,0,1038240,0.0
z500_brown_0.05,0,0,0.0,v50,-28.3104305267334,37.03956985473633,0,1038240,0.0
z500_brown_0.05,0,0,0.0,v100,-31.289772033691406,41.980228424072266,0,1038240,0.0
z500_brown_0.05,0,0,0.0,v150,-39.73875427246094,46.22124481201172,0,1038240,0.0
z500_brown_0.05,0,0,0.0,v200,-56.7220573425293,65.07794189453125,0,1038240,0.0
z500_brown_0.05,0,0,0.0,v250,-63.08574295043945,62.81425857543945,0,1038240,0.0
z500_brown_0.05,0,0,0.0,v300,-54.844512939453125,65.45549011230469,0,1038240,0.0
z500_brown_0.05,0,0,0.0,v400,-59.89063262939453,63.009368896484375,0,1038240,0.0
z500_brown_0.05,0,0,0.0,v500,-50.19239807128906,56.80760192871094,0,1038240,0.0
z500_brown_0.05,0,0,0.0,v600,-45.045677185058594,40.0643196105957,0,1038240,0.0
z500_brown_0.05,0,0,0.0,v700,-36.78691101074219,42.36308670043945,0,1038240,0.0
z500_brown_0.05,0,0,0.0,v850,-42.88942337036133,34.960575103759766,0,1038240,0.0
z500_brown_0.05,0,0,0.0,v925,-37.343692779541016,37.056304931640625,0,1038240,0.0
z500_brown_0.05,0,0,0.0,v1000,-26.340137481689453,25.029863357543945,0,1038240,0.0
z500_brown_0.05,0,0,0.0,z50,178325.890625,207936.40625,0,1038240,0.0
z500_brown_0.05,0,0,0.0,z100,140693.140625,165755.734375,0,1038240,0.0
z500_brown_0.05,0,0,0.0,z150,117632.0390625,141996.15625,0,1038240,0.0
z500_brown_0.05,0,0,0.0,z200,100768.7421875,123884.2421875,0,1038240,0.0
z500_brown_0.05,0,0,0.0,z250,87459.671875,109026.765625,0,1038240,0.0
z500_brown_0.05,0,0,0.0,z300,76372.9453125,96320.9921875,0,1038240,0.0
z500_brown_0.05,0,0,0.0,z400,58395.84765625,75588.4609375,0,1038240,0.0
z500_brown_0.05,0,0,0.0,z500,43960.421875,58905.3671875,0,1038240,0.0
z500_brown_0.05,0,0,0.0,z600,31816.14453125,44789.28125,0,1038240,0.0
z500_brown_0.05,0,0,0.0,z700,21340.9609375,32460.98828125,0,1038240,0.0
z500_brown_0.05,0,0,0.0,z850,7071.60302734375,16482.923828125,0,1038240,0.0
z500_brown_0.05,0,0,0.0,z925,558.6236572265625,9957.2314453125,0,1038240,0.0
z500_brown_0.05,0,0,0.0,z1000,-5507.95556640625,4905.5556640625,0,1038240,0.0
z500_brown_0.05,0,0,0.0,t50,176.96493530273438,233.25494384765625,0,1038240,0.0
z500_brown_0.05,0,0,0.0,t100,185.84442138671875,235.84442138671875,0,1038240,0.0
z500_brown_0.05,0,0,0.0,t150,187.8889617919922,238.91896057128906,0,1038240,0.0
z500_brown_0.05,0,0,0.0,t200,190.15658569335938,241.17657470703125,0,1038240,0.0
z500_brown_0.05,0,0,0.0,t250,199.0135498046875,243.6435546875,0,1038240,0.0
z500_brown_0.05,0,0,0.0,t300,204.70855712890625,251.70855712890625,0,1038240,0.0
z500_brown_0.05,0,0,0.0,t400,216.0428466796875,266.5628662109375,0,1038240,0.0
z500_brown_0.05,0,0,0.0,t500,224.4999542236328,276.89996337890625,0,1038240,0.0
z500_brown_0.05,0,0,0.0,t600,204.55136108398438,287.2413635253906,0,1038240,0.0
z500_brown_0.05,0,0,0.0,t700,208.45738220214844,296.9873962402344,0,1038240,0.0
z500_brown_0.05,0,0,0.0,t850,216.30093383789062,309.6709289550781,0,1038240,0.0
z500_brown_0.05,0,0,0.0,t925,219.8119354248047,315.3219299316406,0,1038240,0.0
z500_brown_0.05,0,0,0.0,t1000,223.1019287109375,319.7119445800781,0,1038240,0.0
z500_brown_0.05,0,0,0.0,q50,9.999999717180685e-10,1.9450640138529707e-06,0,1038240,0.0
z500_brown_0.05,0,0,0.0,q100,1.000000082740371e-09,9.873159797280096e-06,0,1038240,0.0
z500_brown_0.05,0,0,0.0,q150,1.0000005268295808e-09,4.6891240344848484e-05,0,1038240,0.0
z500_brown_0.05,0,0,0.0,q200,9.999985284281365e-10,0.0002307913964614272,0,1038240,0.0
z500_brown_0.05,0,0,0.0,q250,1.000000304784976e-09,0.0007995401974767447,0,1038240,0.0
z500_brown_0.05,0,0,0.0,q300,9.999980843389267e-10,0.0018608650425449014,0,1038240,0.0
z500_brown_0.05,0,0,0.0,q400,9.999975292274144e-10,0.004661120939999819,0,1038240,0.0
z500_brown_0.05,0,0,0.0,q500,9.999941985583405e-10,0.007641600910574198,0,1038240,0.0
z500_brown_0.05,0,0,0.0,q600,1.0000007488741858e-09,0.012534401379525661,0,1038240,0.0
z500_brown_0.05,0,0,0.0,q700,9.999989725173464e-10,0.018419841304421425,0,1038240,0.0
z500_brown_0.05,0,0,0.0,q850,1.635912212805124e-06,0.028813155367970467,0,1038240,0.0
z500_brown_0.05,0,0,0.0,q925,4.967510903952643e-06,0.03459184616804123,0,1038240,0.0
z500_brown_0.05,0,0,0.0,q1000,6.670324182778131e-06,0.04069339111447334,0,1038240,0.0
z500_brown_0.05,0,1,6.0,u10m,-28.26662826538086,24.725343704223633,0,1038240,0.0
z500_brown_0.05,0,1,6.0,v10m,-18.348295211791992,25.409976959228516,0,1038240,0.0
z500_brown_0.05,0,1,6.0,u100m,-36.92644119262695,30.874807357788086,0,1038240,0.0
z500_brown_0.05,0,1,6.0,v100m,-24.574291229248047,33.9788818359375,0,1038240,0.0
z500_brown_0.05,0,1,6.0,t2m,201.16290283203125,315.77337646484375,0,1038240,0.0
z500_brown_0.05,0,1,6.0,sp,49429.72265625,104052.21875,0,1038240,0.0
z500_brown_0.05,0,1,6.0,msl,93364.265625,106022.015625,0,1038240,0.0
z500_brown_0.05,0,1,6.0,tcwv,-5.554573059082031,78.99384307861328,71863,1038240,0.06921617352442595
z500_brown_0.05,0,1,6.0,u50,-30.99331283569336,73.90312957763672,0,1038240,0.0
z500_brown_0.05,0,1,6.0,u100,-39.639732360839844,61.74380111694336,0,1038240,0.0
z500_brown_0.05,0,1,6.0,u150,-36.364349365234375,73.82738494873047,0,1038240,0.0
z500_brown_0.05,0,1,6.0,u200,-44.386146545410156,94.17500305175781,0,1038240,0.0
z500_brown_0.05,0,1,6.0,u250,-40.242340087890625,107.08670043945312,0,1038240,0.0
z500_brown_0.05,0,1,6.0,u300,-36.5831298828125,100.92613220214844,0,1038240,0.0
z500_brown_0.05,0,1,6.0,u400,-38.10851287841797,69.02294921875,0,1038240,0.0
z500_brown_0.05,0,1,6.0,u500,-33.671321868896484,54.1348876953125,0,1038240,0.0
z500_brown_0.05,0,1,6.0,u600,-39.60209655761719,43.45893859863281,0,1038240,0.0
z500_brown_0.05,0,1,6.0,u700,-40.23883819580078,37.83327865600586,0,1038240,0.0
z500_brown_0.05,0,1,6.0,u850,-46.781009674072266,36.94855880737305,0,1038240,0.0
z500_brown_0.05,0,1,6.0,u925,-43.35582733154297,33.70161819458008,0,1038240,0.0
z500_brown_0.05,0,1,6.0,u1000,-27.0113468170166,23.938142776489258,0,1038240,0.0
z500_brown_0.05,0,1,6.0,v50,-23.687562942504883,30.955883026123047,0,1038240,0.0
z500_brown_0.05,0,1,6.0,v100,-30.242816925048828,37.05029296875,0,1038240,0.0
z500_brown_0.05,0,1,6.0,v150,-32.545005798339844,41.01648712158203,0,1038240,0.0
z500_brown_0.05,0,1,6.0,v200,-45.699581146240234,53.78913497924805,0,1038240,0.0
z500_brown_0.05,0,1,6.0,v250,-55.91434860229492,62.798702239990234,0,1038240,0.0
z500_brown_0.05,0,1,6.0,v300,-48.57569122314453,65.55392456054688,0,1038240,0.0
z500_brown_0.05,0,1,6.0,v400,-49.647560119628906,62.94601821899414,0,1038240,0.0
z500_brown_0.05,0,1,6.0,v500,-45.10268783569336,49.73537063598633,0,1038240,0.0
z500_brown_0.05,0,1,6.0,v600,-35.023216247558594,35.91107177734375,0,1038240,0.0
z500_brown_0.05,0,1,6.0,v700,-30.072473526000977,34.23475646972656,0,1038240,0.0
z500_brown_0.05,0,1,6.0,v850,-34.2606315612793,36.72390365600586,0,1038240,0.0
z500_brown_0.05,0,1,6.0,v925,-34.349029541015625,32.49458694458008,0,1038240,0.0
z500_brown_0.05,0,1,6.0,v1000,-21.297121047973633,25.758255004882812,0,1038240,0.0
z500_brown_0.05,0,1,6.0,z50,178381.8125,207983.3125,0,1038240,0.0
z500_brown_0.05,0,1,6.0,z100,140675.75,165754.28125,0,1038240,0.0
z500_brown_0.05,0,1,6.0,z150,117538.3671875,142024.4375,0,1038240,0.0
z500_brown_0.05,0,1,6.0,z200,100703.2734375,123902.203125,0,1038240,0.0
z500_brown_0.05,0,1,6.0,z250,87383.34375,109060.5703125,0,1038240,0.0
z500_brown_0.05,0,1,6.0,z300,76289.1640625,96385.84375,0,1038240,0.0
z500_brown_0.05,0,1,6.0,z400,58355.328125,75593.2734375,0,1038240,0.0
z500_brown_0.05,0,1,6.0,z500,43971.22265625,58831.37890625,0,1038240,0.0
z500_brown_0.05,0,1,6.0,z600,31867.328125,44735.1484375,0,1038240,0.0
z500_brown_0.05,0,1,6.0,z700,21432.73046875,32360.15625,0,1038240,0.0
z500_brown_0.05,0,1,6.0,z850,7203.10400390625,16416.82421875,0,1038240,0.0
z500_brown_0.05,0,1,6.0,z925,738.5751953125,9321.6767578125,0,1038240,0.0
z500_brown_0.05,0,1,6.0,z1000,-5302.41162109375,3649.6826171875,0,1038240,0.0
z500_brown_0.05,0,1,6.0,t50,179.83154296875,233.6676483154297,0,1038240,0.0
z500_brown_0.05,0,1,6.0,t100,186.5077667236328,235.44126892089844,0,1038240,0.0
z500_brown_0.05,0,1,6.0,t150,188.92953491210938,238.73724365234375,0,1038240,0.0
z500_brown_0.05,0,1,6.0,t200,191.56875610351562,241.3602752685547,0,1038240,0.0
z500_brown_0.05,0,1,6.0,t250,199.23068237304688,243.1333770751953,0,1038240,0.0
z500_brown_0.05,0,1,6.0,t300,205.0389862060547,251.13470458984375,0,1038240,0.0
z500_brown_0.05,0,1,6.0,t400,215.11151123046875,264.9374084472656,0,1038240,0.0
z500_brown_0.05,0,1,6.0,t500,224.70770263671875,276.8890380859375,0,1038240,0.0
z500_brown_0.05,0,1,6.0,t600,214.51953125,289.6756286621094,0,1038240,0.0
z500_brown_0.05,0,1,6.0,t700,210.1229248046875,300.00384521484375,0,1038240,0.0
z500_brown_0.05,0,1,6.0,t850,217.85513305664062,312.0284118652344,0,1038240,0.0
z500_brown_0.05,0,1,6.0,t925,222.42501831054688,317.1992492675781,0,1038240,0.0
z500_brown_0.05,0,1,6.0,t1000,225.74368286132812,322.233154296875,0,1038240,0.0
z500_brown_0.05,0,1,6.0,q50,4.0225359043688513e-08,1.9511955997586483e-06,0,1038240,0.0
z500_brown_0.05,0,1,6.0,q100,1.0800135896715801e-07,9.330646207672544e-06,0,1038240,0.0
z500_brown_0.05,0,1,6.0,q150,6.372010830091313e-08,3.4251297620357946e-05,0,1038240,0.0
z500_brown_0.05,0,1,6.0,q200,-2.2600506781600416e-06,0.00021032935183029622,7430,1038240,0.007156341501001695
z500_brown_0.05,0,1,6.0,q250,-1.4107707102084532e-05,0.0006908549112267792,33336,1038240,0.032108183079056864
z500_brown_0.05,0,1,6.0,q300,-2.6113033527508378e-05,0.0016040903283283114,11135,1038240,0.010724880567113577
z500_brown_0.05,0,1,6.0,q400,-0.00011307830573059618,0.0044692386873066425,30081,1038240,0.028973069810448452
z500_brown_0.05,0,1,6.0,q500,-0.00016424315981566906,0.007303062826395035,8712,1038240,0.00839112343966713
z500_brown_0.05,0,1,6.0,q600,-0.0002337592886760831,0.009991299360990524,10765,1038240,0.010368508244721837
z500_brown_0.05,0,1,6.0,q700,-0.0006407457403838634,0.013610556721687317,28070,1038240,0.0270361380798274
z500_brown_0.05,0,1,6.0,q850,-0.0009649833664298058,0.018230805173516273,63996,1038240,0.061638927415626446
z500_brown_0.05,0,1,6.0,q925,-0.001624805387109518,0.020304976031184196,67712,1038240,0.06521806133456619
z500_brown_0.05,0,1,6.0,q1000,-0.0016579409129917622,0.024263590574264526,68408,1038240,0.06588842656803821
z500_brown_0.05,0,2,12.0,u10m,-24.63167953491211,22.683988571166992,0,1038240,0.0
z500_brown_0.05,0,2,12.0,v10m,-19.056657791137695,27.259506225585938,0,1038240,0.0
z500_brown_0.05,0,2,12.0,u100m,-32.437835693359375,28.44456672668457,0,1038240,0.0
z500_brown_0.05,0,2,12.0,v100m,-25.74309539794922,36.29791259765625,0,1038240,0.0
z500_brown_0.05,0,2,12.0,t2m,205.36285400390625,321.945556640625,0,1038240,0.0
z500_brown_0.05,0,2,12.0,sp,49203.0625,103868.3203125,0,1038240,0.0
z500_brown_0.05,0,2,12.0,msl,93640.90625,104244.5703125,0,1038240,0.0
z500_brown_0.05,0,2,12.0,tcwv,-5.963743209838867,77.52139282226562,73572,1038240,0.07086222838650023
z500_brown_0.05,0,2,12.0,u50,-29.69406509399414,75.33419036865234,0,1038240,0.0
z500_brown_0.05,0,2,12.0,u100,-39.417579650878906,64.45590209960938,0,1038240,0.0
z500_brown_0.05,0,2,12.0,u150,-34.242095947265625,72.1448745727539,0,1038240,0.0
z500_brown_0.05,0,2,12.0,u200,-44.21321105957031,89.13219451904297,0,1038240,0.0
z500_brown_0.05,0,2,12.0,u250,-40.32534408569336,100.9635009765625,0,1038240,0.0
z500_brown_0.05,0,2,12.0,u300,-40.87629699707031,91.8093032836914,0,1038240,0.0
z500_brown_0.05,0,2,12.0,u400,-41.234535217285156,71.69613647460938,0,1038240,0.0
z500_brown_0.05,0,2,12.0,u500,-36.49357986450195,56.88872528076172,0,1038240,0.0
z500_brown_0.05,0,2,12.0,u600,-36.76103591918945,43.285003662109375,0,1038240,0.0
z500_brown_0.05,0,2,12.0,u700,-38.5073356628418,39.211395263671875,0,1038240,0.0
z500_brown_0.05,0,2,12.0,u850,-42.931495666503906,37.081966400146484,0,1038240,0.0
z500_brown_0.05,0,2,12.0,u925,-41.2228889465332,34.475345611572266,0,1038240,0.0
z500_brown_0.05,0,2,12.0,u1000,-24.141632080078125,22.374244689941406,0,1038240,0.0
z500_brown_0.05,0,2,12.0,v50,-24.8616943359375,30.88040542602539,0,1038240,0.0
z500_brown_0.05,0,2,12.0,v100,-28.49932861328125,35.016632080078125,0,1038240,0.0
z500_brown_0.05,0,2,12.0,v150,-32.54144287109375,38.26191329956055,0,1038240,0.0
z500_brown_0.05,0,2,12.0,v200,-46.50296401977539,51.424400329589844,0,1038240,0.0
z500_brown_0.05,0,2,12.0,v250,-54.8858528137207,55.025062561035156,0,1038240,0.0
z500_brown_0.05,0,2,12.0,v300,-51.806453704833984,62.73646545410156,0,1038240,0.0
z500_brown_0.05,0,2,12.0,v400,-48.00126266479492,57.52073287963867,0,1038240,0.0
z500_brown_0.05,0,2,12.0,v500,-43.181427001953125,46.25382995605469,0,1038240,0.0
z500_brown_0.05,0,2,12.0,v600,-33.286712646484375,36.841548919677734,0,1038240,0.0
z500_brown_0.05,0,2,12.0,v700,-27.727201461791992,34.439693450927734,0,1038240,0.0
z500_brown_0.05,0,2,12.0,v850,-36.857513427734375,38.818878173828125,0,1038240,0.0
z500_brown_0.05,0,2,12.0,v925,-32.10883331298828,36.67573547363281,0,1038240,0.0
z500_brown_0.05,0,2,12.0,v1000,-19.76866912841797,28.057533264160156,0,1038240,0.0
z500_brown_0.05,0,2,12.0,z50,178425.3125,208132.046875,0,1038240,0.0
z500_brown_0.05,0,2,12.0,z100,140601.109375,165767.71875,0,1038240,0.0
z500_brown_0.05,0,2,12.0,z150,117500.1875,142046.609375,0,1038240,0.0
z500_brown_0.05,0,2,12.0,z200,100662.625,123892.1875,0,1038240,0.0
z500_brown_0.05,0,2,12.0,z250,87341.2421875,109062.3203125,0,1038240,0.0
z500_brown_0.05,0,2,12.0,z300,76238.71875,96355.875,0,1038240,0.0
z500_brown_0.05,0,2,12.0,z400,58364.21875,75480.828125,0,1038240,0.0
z500_brown_0.05,0,2,12.0,z500,44087.7578125,58903.60546875,0,1038240,0.0
z500_brown_0.05,0,2,12.0,z600,31994.970703125,44796.171875,0,1038240,0.0
z500_brown_0.05,0,2,12.0,z700,21556.119140625,32431.1171875,0,1038240,0.0
z500_brown_0.05,0,2,12.0,z850,7360.654296875,16491.619140625,0,1038240,0.0
z500_brown_0.05,0,2,12.0,z925,969.54541015625,9397.40625,0,1038240,0.0
z500_brown_0.05,0,2,12.0,z1000,-5071.58935546875,3096.43701171875,0,1038240,0.0
z500_brown_0.05,0,2,12.0,t50,180.73435974121094,234.05763244628906,0,1038240,0.0
z500_brown_0.05,0,2,12.0,t100,186.34329223632812,235.4652557373047,0,1038240,0.0
z500_brown_0.05,0,2,12.0,t150,188.22149658203125,238.62452697753906,0,1038240,0.0
z500_brown_0.05,0,2,12.0,t200,191.9323272705078,241.485107421875,0,1038240,0.0
z500_brown_0.05,0,2,12.0,t250,199.12103271484375,242.9459228515625,0,1038240,0.0
z500_brown_0.05,0,2,12.0,t300,204.8271484375,251.21499633789062,0,1038240,0.0
z500_brown_0.05,0,2,12.0,t400,214.71810913085938,265.0132141113281,0,1038240,0.0
z500_brown_0.05,0,2,12.0,t500,223.65162658691406,276.45135498046875,0,1038240,0.0
z500_brown_0.05,0,2,12.0,t600,217.67056274414062,290.3299865722656,0,1038240,0.0
z500_brown_0.05,0,2,12.0,t700,214.6513671875,302.19256591796875,0,1038240,0.0
z500_brown_0.05,0,2,12.0,t850,222.50567626953125,314.0937194824219,0,1038240,0.0
z500_brown_0.05,0,2,12.0,t925,226.85049438476562,319.78216552734375,0,1038240,0.0
z500_brown_0.05,0,2,12.0,t1000,230.6319580078125,324.8677673339844,0,1038240,0.0
z500_brown_0.05,0,2,12.0,q50,8.485653779644053e-08,1.959241217264207e-06,0,1038240,0.0
z500_brown_0.05,0,2,12.0,q100,2.667875378392637e-07,8.742030331632122e-06,0,1038240,0.0
z500_brown_0.05,0,2,12.0,q150,3.6976962292101234e-07,3.52549395756796e-05,0,1038240,0.0
z500_brown_0.05,0,2,12.0,q200,-2.756447429419495e-06,0.00020802393555641174,9652,1038240,0.009296501772229928
z500_brown_0.05,0,2,12.0,q250,-9.911320375977084e-06,0.0007063564844429493,38349,1038240,0.03693654646324549
z500_brown_0.05,0,2,12.0,q300,-1.2277188943699002e-05,0.00153423473238945,19211,1038240,0.018503428879642472
z500_brown_0.05,0,2,12.0,q400,-7.395376451313496e-05,0.004148497711867094,48370,1038240,0.04658845738942826
z500_brown_0.05,0,2,12.0,q500,-0.0001120157539844513,0.006989193614572287,25526,1038240,0.024585837571274465
z500_brown_0.05,0,2,12.0,q600,-0.0002304170047864318,0.010147817432880402,20414,1038240,0.019662120511635076
z500_brown_0.05,0,2,12.0,q700,-0.0006534510757774115,0.013357657939195633,54619,1038240,0.05260729696409308
z500_brown_0.05,0,2,12.0,q850,-0.0012465603649616241,0.017900627106428146,70587,1038240,0.06798717059639389
z500_brown_0.05,0,2,12.0,q925,-0.0015205289237201214,0.020125605165958405,73388,1038240,0.07068500539374326
z500_brown_0.05,0,2,12.0,q1000,-0.0017796200700104237,0.02522667497396469,73094,1038240,0.07040183387270765
z500_brown_0.05,0,3,18.0,u10m,-22.75889778137207,20.836395263671875,0,1038240,0.0
z500_brown_0.05,0,3,18.0,v10m,-19.845441818237305,26.773466110229492,0,1038240,0.0
z500_brown_0.05,0,3,18.0,u100m,-29.590038299560547,25.75139045715332,0,1038240,0.0
z500_brown_0.05,0,3,18.0,v100m,-25.642412185668945,36.57195281982422,0,1038240,0.0
z500_brown_0.05,0,3,18.0,t2m,206.3167724609375,320.8795166015625,0,1038240,0.0
z500_brown_0.05,0,3,18.0,sp,49166.3671875,103798.109375,0,1038240,0.0
z500_brown_0.05,0,3,18.0,msl,93883.8125,103938.9140625,0,1038240,0.0
z500_brown_0.05,0,3,18.0,tcwv,-5.101558685302734,77.45545959472656,73572,1038240,0.07086222838650023
z500_brown_0.05,0,3,18.0,u50,-29.240447998046875,76.20945739746094,0,1038240,0.0
z500_brown_0.05,0,3,18.0,u100,-37.244102478027344,65.86787414550781,0,1038240,0.0
z500_brown_0.05,0,3,18.0,u150,-32.91249084472656,74.45291137695312,0,1038240,0.0
z500_brown_0.05,0,3,18.0,u200,-40.92115020751953,86.29351043701172,0,1038240,0.0
z500_brown_0.05,0,3,18.0,u250,-37.48995590209961,101.04899597167969,0,1038240,0.0
z500_brown_0.05,0,3,18.0,u300,-39.115543365478516,97.71902465820312,0,1038240,0.0
z500_brown_0.05,0,3,18.0,u400,-37.67832946777344,71.58952331542969,0,1038240,0.0
z500_brown_0.05,0,3,18.0,u500,-34.5335578918457,58.22721862792969,0,1038240,0.0
z500_brown_0.05,0,3,18.0,u600,-32.902992248535156,45.48898696899414,0,1038240,0.0
z500_brown_0.05,0,3,18.0,u700,-34.03733825683594,39.04045867919922,0,1038240,0.0
z500_brown_0.05,0,3,18.0,u850,-36.35478973388672,35.62174606323242,0,1038240,0.0
z500_brown_0.05,0,3,18.0,u925,-36.856231689453125,32.01686477661133,0,1038240,0.0
z500_brown_0.05,0,3,18.0,u1000,-22.246217727661133,21.52625846862793,0,1038240,0.0
z500_brown_0.05,0,3,18.0,v50,-23.21405601501465,29.55408477783203,0,1038240,0.0
z500_brown_0.05,0,3,18.0,v100,-26.698583602905273,33.70105743408203,0,1038240,0.0
z500_brown_0.05,0,3,18.0,v150,-29.464670181274414,36.502464294433594,0,1038240,0.0
z500_brown_0.05,0,3,18.0,v200,-45.37077713012695,54.95509719848633,0,1038240,0.0
z500_brown_0.05,0,3,18.0,v250,-57.1181526184082,62.68858337402344,0,1038240,0.0
z500_brown_0.05,0,3,18.0,v300,-52.77499008178711,59.16200256347656,0,1038240,0.0
z500_brown_0.05,0,3,18.0,v400,-44.96057891845703,52.57611846923828,0,1038240,0.0
z500_brown_0.05,0,3,18.0,v500,-42.510108947753906,43.3453483581543,0,1038240,0.0
z500_brown_0.05,0,3,18.0,v600,-33.117759704589844,36.51829528808594,0,1038240,0.0
z500_brown_0.05,0,3,18.0,v700,-27.336721420288086,34.29627227783203,0,1038240,0.0
z500_brown_0.05,0,3,18.0,v850,-32.71282958984375,37.79958724975586,0,1038240,0.0
z500_brown_0.05,0,3,18.0,v925,-31.23782730102539,37.620487213134766,0,1038240,0.0
z500_brown_0.05,0,3,18.0,v1000,-20.67019271850586,27.404064178466797,0,1038240,0.0
z500_brown_0.05,0,3,18.0,z50,178364.59375,208026.84375,0,1038240,0.0
z500_brown_0.05,0,3,18.0,z100,140505.75,165755.703125,0,1038240,0.0
z500_brown_0.05,0,3,18.0,z150,117417.9765625,142009.5,0,1038240,0.0
z500_brown_0.05,0,3,18.0,z200,100615.4921875,123871.2265625,0,1038240,0.0
z500_brown_0.05,0,3,18.0,z250,87318.046875,109031.84375,0,1038240,0.0
z500_brown_0.05,0,3,18.0,z300,76233.15625,96387.7421875,0,1038240,0.0
z500_brown_0.05,0,3,18.0,z400,58392.1640625,75614.703125,0,1038240,0.0
z500_brown_0.05,0,3,18.0,z500,44144.34375,58856.78125,0,1038240,0.0
z500_brown_0.05,0,3,18.0,z600,32108.4609375,44696.90234375,0,1038240,0.0
z500_brown_0.05,0,3,18.0,z700,21648.76171875,32401.078125,0,1038240,0.0
z500_brown_0.05,0,3,18.0,z850,7493.36572265625,16458.3828125,0,1038240,0.0
z500_brown_0.05,0,3,18.0,z925,1167.32470703125,9416.931640625,0,1038240,0.0
z500_brown_0.05,0,3,18.0,z1000,-4780.74169921875,3016.40234375,0,1038240,0.0
z500_brown_0.05,0,3,18.0,t50,180.44265747070312,234.35751342773438,0,1038240,0.0
z500_brown_0.05,0,3,18.0,t100,186.37977600097656,235.3859100341797,0,1038240,0.0
z500_brown_0.05,0,3,18.0,t150,188.81300354003906,239.08558654785156,0,1038240,0.0
z500_brown_0.05,0,3,18.0,t200,192.62982177734375,241.7964324951172,0,1038240,0.0
z500_brown_0.05,0,3,18.0,t250,199.32684326171875,242.4601287841797,0,1038240,0.0
z500_brown_0.05,0,3,18.0,t300,204.73536682128906,250.66036987304688,0,1038240,0.0
z500_brown_0.05,0,3,18.0,t400,214.79324340820312,264.7555236816406,0,1038240,0.0
z500_brown_0.05,0,3,18.0,t500,223.2855682373047,276.767578125,0,1038240,0.0
z500_brown_0.05,0,3,18.0,t600,216.60836791992188,288.46844482421875,0,1038240,0.0
z500_brown_0.05,0,3,18.0,t700,215.436767578125,299.6343994140625,0,1038240,0.0
z500_brown_0.05,0,3,18.0,t850,223.75790405273438,310.33349609375,0,1038240,0.0
z500_brown_0.05,0,3,18.0,t925,227.81832885742188,316.83099365234375,0,1038240,0.0
z500_brown_0.05,0,3,18.0,t1000,231.50430297851562,321.9698791503906,0,1038240,0.0
z500_brown_0.05,0,3,18.0,q50,1.2880468602816109e-07,1.9686690393427853e-06,0,1038240,0.0
z500_brown_0.05,0,3,18.0,q100,3.991415269410936e-07,8.172139132511802e-06,0,1038240,0.0
z500_brown_0.05,0,3,18.0,q150,3.3531705412315205e-07,3.6804962292080745e-05,0,1038240,0.0
z500_brown_0.05,0,3,18.0,q200,-1.6774611140135676e-06,0.0002112554939230904,5729,1038240,0.005517991986438589
z500_brown_0.05,0,3,18.0,q250,-1.5080837329151109e-05,0.0006485458579845726,34104,1038240,0.03284789644012945
z500_brown_0.05,0,3,18.0,q300,-1.5704077668488026e-05,0.0015144519275054336,28133,1038240,0.027096817691477884
z500_brown_0.05,0,3,18.0,q400,-7.630229811184108e-05,0.004055245313793421,56813,1038240,0.05472048851903221
z500_brown_0.05,0,3,18.0,q500,-0.0001225915621034801,0.006949522998183966,40876,1038240,0.03937047310833718
z500_brown_0.05,0,3,18.0,q600,-0.00031697750091552734,0.009602718986570835,35743,1038240,0.034426529511480966
z500_brown_0.05,0,3,18.0,q700,-0.000734423054382205,0.013106845319271088,60746,1038240,0.05850862998921252
z500_brown_0.05,0,3,18.0,q850,-0.001195005141198635,0.018031185492873192,72769,1038240,0.07008880413006627
z500_brown_0.05,0,3,18.0,q925,-0.0014863749966025352,0.01987578347325325,75193,1038240,0.07242352442595161
z500_brown_0.05,0,3,18.0,q1000,-0.0015490413643419743,0.024602830410003662,73760,1038240,0.07104330405301279
z500_brown_0.05,0,4,24.0,u10m,-20.917194366455078,25.45136833190918,0,1038240,0.0
z500_brown_0.05,0,4,24.0,v10m,-19.721416473388672,25.55338478088379,0,1038240,0.0
z500_brown_0.05,0,4,24.0,u100m,-27.972076416015625,32.5674934387207,0,1038240,0.0
z500_brown_0.05,0,4,24.0,v100m,-26.21065902709961,34.56995391845703,0,1038240,0.0
z500_brown_0.05,0,4,24.0,t2m,205.80441284179688,319.51104736328125,0,1038240,0.0
z500_brown_0.05,0,4,24.0,sp,49046.63671875,103879.9375,0,1038240,0.0
z500_brown_0.05,0,4,24.0,msl,93893.953125,103863.3515625,0,1038240,0.0
z500_brown_0.05,0,4,24.0,tcwv,-4.607563018798828,75.87976837158203,72313,1038240,0.06964959932192942
z500_brown_0.05,0,4,24.0,u50,-29.716625213623047,77.6054458618164,0,1038240,0.0
z500_brown_0.05,0,4,24.0,u100,-37.615013122558594,65.92705535888672,0,1038240,0.0
z500_brown_0.05,0,4,24.0,u150,-31.637746810913086,73.64391326904297,0,1038240,0.0
z500_brown_0.05,0,4,24.0,u200,-37.446144104003906,85.67019653320312,0,1038240,0.0
z500_brown_0.05,0,4,24.0,u250,-36.50111770629883,96.27857971191406,0,1038240,0.0
z500_brown_0.05,0,4,24.0,u300,-38.976383209228516,93.82947540283203,0,1038240,0.0
z500_brown_0.05,0,4,24.0,u400,-35.79047393798828,72.43921661376953,0,1038240,0.0
z500_brown_0.05,0,4,24.0,u500,-30.368812561035156,62.87274932861328,0,1038240,0.0
z500_brown_0.05,0,4,24.0,u600,-30.034753799438477,51.09969711303711,0,1038240,0.0
z500_brown_0.05,0,4,24.0,u700,-31.62246322631836,41.607696533203125,0,1038240,0.0
z500_brown_0.05,0,4,24.0,u850,-36.18781280517578,35.333248138427734,0,1038240,0.0
z500_brown_0.05,0,4,24.0,u925,-34.67414093017578,35.86801528930664,0,1038240,0.0
z500_brown_0.05,0,4,24.0,u1000,-20.431760787963867,25.139568328857422,0,1038240,0.0
z500_brown_0.05,0,4,24.0,v50,-22.934934616088867,29.34223175048828,0,1038240,0.0
z500_brown_0.05,0,4,24.0,v100,-25.026094436645508,32.71303176879883,0,1038240,0.0
z500_brown_0.05,0,4,24.0,v150,-29.512609481811523,34.76947784423828,0,1038240,0.0
z500_brown_0.05,0,4,24.0,v200,-42.445064544677734,53.335357666015625,0,1038240,0.0
z500_brown_0.05,0,4,24.0,v250,-55.13445281982422,63.16233825683594,0,1038240,0.0
z500_brown_0.05,0,4,24.0,v300,-54.23842239379883,60.661895751953125,0,1038240,0.0
z500_brown_0.05,0,4,24.0,v400,-38.77946090698242,53.00190734863281,0,1038240,0.0
z500_brown_0.05,0,4,24.0,v500,-36.5388298034668,46.0913200378418,0,1038240,0.0
z500_brown_0.05,0,4,24.0,v600,-33.31260681152344,36.933876037597656,0,1038240,0.0
z500_brown_0.05,0,4,24.0,v700,-29.956241607666016,32.057132720947266,0,1038240,0.0
z500_brown_0.05,0,4,24.0,v850,-36.65741729736328,38.78407287597656,0,1038240,0.0
z500_brown_0.05,0,4,24.0,v925,-32.073265075683594,36.681880950927734,0,1038240,0.0
z500_brown_0.05,0,4,24.0,v1000,-20.378957748413086,26.2869815826416,0,1038240,0.0
z500_brown_0.05,0,4,24.0,z50,178282.921875,208038.75,0,1038240,0.0
z500_brown_0.05,0,4,24.0,z100,140450.34375,165511.640625,0,1038240,0.0
z500_brown_0.05,0,4,24.0,z150,117386.8125,141741.390625,0,1038240,0.0
z500_brown_0.05,0,4,24.0,z200,100595.2578125,123627.8203125,0,1038240,0.0
z500_brown_0.05,0,4,24.0,z250,87301.546875,108931.859375,0,1038240,0.0
z500_brown_0.05,0,4,24.0,z300,76199.046875,96398.125,0,1038240,0.0
z500_brown_0.05,0,4,24.0,z400,58367.57421875,75583.09375,0,1038240,0.0
z500_brown_0.05,0,4,24.0,z500,44144.39453125,58800.78125,0,1038240,0.0
z500_brown_0.05,0,4,24.0,z600,32159.912109375,44669.2734375,0,1038240,0.0
z500_brown_0.05,0,4,24.0,z700,21596.25,32390.37109375,0,1038240,0.0
z500_brown_0.05,0,4,24.0,z850,7355.69189453125,16492.4609375,0,1038240,0.0
z500_brown_0.05,0,4,24.0,z925,1074.4677734375,9512.21484375,0,1038240,0.0
z500_brown_0.05,0,4,24.0,z1000,-4791.412109375,3068.01806640625,0,1038240,0.0
z500_brown_0.05,0,4,24.0,t50,180.0303192138672,234.6508026123047,0,1038240,0.0
z500_brown_0.05,0,4,24.0,t100,186.5146484375,235.38568115234375,0,1038240,0.0
z500_brown_0.05,0,4,24.0,t150,188.56765747070312,239.3572235107422,0,1038240,0.0
z500_brown_0.05,0,4,24.0,t200,192.23849487304688,241.90878295898438,0,1038240,0.0
z500_brown_0.05,0,4,24.0,t250,199.6746826171875,242.63880920410156,0,1038240,0.0
z500_brown_0.05,0,4,24.0,t300,204.74929809570312,250.16761779785156,0,1038240,0.0
z500_brown_0.05,0,4,24.0,t400,214.6383056640625,264.619384765625,0,1038240,0.0
z500_brown_0.05,0,4,24.0,t500,222.8271484375,276.62127685546875,0,1038240,0.0
z500_brown_0.05,0,4,24.0,t600,217.0934295654297,286.6383361816406,0,1038240,0.0
z500_brown_0.05,0,4,24.0,t700,215.74066162109375,295.4066467285156,0,1038240,0.0
z500_brown_0.05,0,4,24.0,t850,224.3338623046875,308.165283203125,0,1038240,0.0
z500_brown_0.05,0,4,24.0,t925,228.18467712402344,313.81573486328125,0,1038240,0.0
z500_brown_0.05,0,4,24.0,t1000,231.87257385253906,318.2935485839844,0,1038240,0.0
z500_brown_0.05,0,4,24.0,q50,1.697510469966801e-07,1.9753165361180436e-06,0,1038240,0.0
z500_brown_0.05,0,4,24.0,q100,4.764326604345115e-07,7.67300934967352e-06,0,1038240,0.0
z500_brown_0.05,0,4,24.0,q150,-5.803758540423587e-08,3.535357245709747e-05,3,1038240,2.889505316689783e-06
z500_brown_0.05,0,4,24.0,q200,-1.429141775588505e-06,0.00019477208843454719,4921,1038240,0.00473975188781014
z500_brown_0.05,0,4,24.0,q250,-1.2783562851836905e-05,0.0006223827367648482,40805,1038240,0.039302088149175525
z500_brown_0.05,0,4,24.0,q300,-1.8117454601451755e-05,0.0014741343911737204,31123,1038240,0.0299766913237787
z500_brown_0.05,0,4,24.0,q400,-6.268353899940848e-05,0.004100874066352844,53525,1038240,0.05155359069194021
z500_brown_0.05,0,4,24.0,q500,-0.00012134184362366796,0.00690223416313529,44515,1038240,0.04287544305748189
z500_brown_0.05,0,4,24.0,q600,-0.00025674502830952406,0.009479974396526814,43285,1038240,0.04169074587763908
z500_brown_0.05,0,4,24.0,q700,-0.0006537095177918673,0.013035442680120468,59704,1038240,0.05750500847588226
z500_brown_0.05,0,4,24.0,q850,-0.0010119020007550716,0.018072044476866722,72156,1038240,0.06949838187702265
z500_brown_0.05,0,4,24.0,q925,-0.0012711919844150543,0.019603118300437927,74829,1038240,0.07207293111419324
z500_brown_0.05,0,4,24.0,q1000,-0.001388773787766695,0.02463974803686142,72898,1038240,0.07021305285868393
z500_brown_0.05,0,5,30.0,u10m,-21.71149444580078,27.016817092895508,0,1038240,0.0
z500_brown_0.05,0,5,30.0,v10m,-19.779186248779297,24.1138858795166,0,1038240,0.0
z500_brown_0.05,0,5,30.0,u100m,-29.05400276184082,34.12095642089844,0,1038240,0.0
z500_brown_0.05,0,5,30.0,v100m,-26.066762924194336,32.99931335449219,0,1038240,0.0
z500_brown_0.05,0,5,30.0,t2m,205.74844360351562,316.18450927734375,0,1038240,0.0
z500_brown_0.05,0,5,30.0,sp,49072.515625,103788.28125,0,1038240,0.0
z500_brown_0.05,0,5,30.0,msl,93969.5625,103797.0859375,0,1038240,0.0
z500_brown_0.05,0,5,30.0,tcwv,-4.130058288574219,75.21121978759766,70733,1038240,0.0681277931884728
z500_brown_0.05,0,5,30.0,u50,-30.319225311279297,77.09723663330078,0,1038240,0.0
z500_brown_0.05,0,5,30.0,u100,-38.03550338745117,68.66584777832031,0,1038240,0.0
z500_brown_0.05,0,5,30.0,u150,-30.393064498901367,73.16688537597656,0,1038240,0.0
z500_brown_0.05,0,5,30.0,u200,-37.570594787597656,85.42444610595703,0,1038240,0.0
z500_brown_0.05,0,5,30.0,u250,-33.46573257446289,93.52374267578125,0,1038240,0.0
z500_brown_0.05,0,5,30.0,u300,-37.42467498779297,91.71481323242188,0,1038240,0.0
z500_brown_0.05,0,5,30.0,u400,-34.37147521972656,75.02721405029297,0,1038240,0.0
z500_brown_0.05,0,5,30.0,u500,-30.877262115478516,60.9599494934082,0,1038240,0.0
z500_brown_0.05,0,5,30.0,u600,-29.28685188293457,49.4787712097168,0,1038240,0.0
z500_brown_0.05,0,5,30.0,u700,-35.627994537353516,40.05741882324219,0,1038240,0.0
z500_brown_0.05,0,5,30.0,u850,-38.30747604370117,39.31468963623047,0,1038240,0.0
z500_brown_0.05,0,5,30.0,u925,-35.180747985839844,36.404178619384766,0,1038240,0.0
z500_brown_0.05,0,5,30.0,u1000,-21.658950805664062,26.452539443969727,0,1038240,0.0
z500_brown_0.05,0,5,30.0,v50,-23.59062957763672,27.967533111572266,0,1038240,0.0
z500_brown_0.05,0,5,30.0,v100,-21.95770835876465,31.379308700561523,0,1038240,0.0
z500_brown_0.05,0,5,30.0,v150,-28.411693572998047,33.08298873901367,0,1038240,0.0
z500_brown_0.05,0,5,30.0,v200,-42.47712326049805,51.72807312011719,0,1038240,0.0
z500_brown_0.05,0,5,30.0,v250,-54.371971130371094,63.67271423339844,0,1038240,0.0
z500_brown_0.05,0,5,30.0,v300,-53.51603698730469,66.13902282714844,0,1038240,0.0
z500_brown_0.05,0,5,30.0,v400,-39.70134735107422,56.45737838745117,0,1038240,0.0
z500_brown_0.05,0,5,30.0,v500,-37.28642654418945,48.50705337524414,0,1038240,0.0
z500_brown_0.05,0,5,30.0,v600,-33.24876403808594,39.388301849365234,0,1038240,0.0
z500_brown_0.05,0,5,30.0,v700,-28.799392700195312,32.52214431762695,0,1038240,0.0
z500_brown_0.05,0,5,30.0,v850,-36.25537109375,38.75423812866211,0,1038240,0.0
z500_brown_0.05,0,5,30.0,v925,-30.859251022338867,31.939714431762695,0,1038240,0.0
z500_brown_0.05,0,5,30.0,v1000,-20.341773986816406,24.565027236938477,0,1038240,0.0
z500_brown_0.05,0,5,30.0,z50,178072.78125,208175.96875,0,1038240,0.0
z500_brown_0.05,0,5,30.0,z100,140335.25,165621.3125,0,1038240,0.0
z500_brown_0.05,0,5,30.0,z150,117312.875,141766.09375,0,1038240,0.0
z500_brown_0.05,0,5,30.0,z200,100544.890625,123667.1875,0,1038240,0.0
z500_brown_0.05,0,5,30.0,z250,87257.8828125,108939.84375,0,1038240,0.0
z500_brown_0.05,0,5,30.0,z300,76183.3125,96394.453125,0,1038240,0.0
z500_brown_0.05,0,5,30.0,z400,58362.3828125,75591.9765625,0,1038240,0.0
z500_brown_0.05,0,5,30.0,z500,44137.60546875,58647.421875,0,1038240,0.0
z500_brown_0.05,0,5,30.0,z600,31988.392578125,44514.7734375,0,1038240,0.0
z500_brown_0.05,0,5,30.0,z700,21274.240234375,32219.62109375,0,1038240,0.0
z500_brown_0.05,0,5,30.0,z850,7283.6142578125,16517.9140625,0,1038240,0.0
z500_brown_0.05,0,5,30.0,z925,1122.7177734375,9523.12890625,0,1038240,0.0
z500_brown_0.05,0,5,30.0,z1000,-4677.46142578125,3027.6923828125,0,1038240,0.0
z500_brown_0.05,0,5,30.0,t50,179.8109588623047,234.92864990234375,0,1038240,0.0
z500_brown_0.05,0,5,30.0,t100,186.2783660888672,235.23265075683594,0,1038240,0.0
z500_brown_0.05,0,5,30.0,t150,189.11053466796875,240.01864624023438,0,1038240,0.0
z500_brown_0.05,0,5,30.0,t200,192.11367797851562,242.1234893798828,0,1038240,0.0
z500_brown_0.05,0,5,30.0,t250,199.81578063964844,242.5130157470703,0,1038240,0.0
z500_brown_0.05,0,5,30.0,t300,204.80889892578125,250.23452758789062,0,1038240,0.0
z500_brown_0.05,0,5,30.0,t400,214.09217834472656,264.1508483886719,0,1038240,0.0
z500_brown_0.05,0,5,30.0,t500,222.83909606933594,276.0257568359375,0,1038240,0.0
z500_brown_0.05,0,5,30.0,t600,216.96939086914062,289.0409851074219,0,1038240,0.0
z500_brown_0.05,0,5,30.0,t700,215.1461639404297,300.839599609375,0,1038240,0.0
z500_brown_0.05,0,5,30.0,t850,223.910888671875,312.13201904296875,0,1038240,0.0
z500_brown_0.05,0,5,30.0,t925,227.73651123046875,317.29022216796875,0,1038240,0.0
z500_brown_0.05,0,5,30.0,t1000,231.31365966796875,322.4418640136719,0,1038240,0.0
z500_brown_0.05,0,5,30.0,q50,2.115789357048925e-07,1.982776211661985e-06,0,1038240,0.0
z500_brown_0.05,0,5,30.0,q100,5.700976544176228e-07,7.222646217996953e-06,0,1038240,0.0
z500_brown_0.05,0,5,30.0,q150,-4.4267926568863913e-07,3.5022592783207074e-05,63,1038240,6.0679611650485434e-05
z500_brown_0.05,0,5,30.0,q200,-2.2192452888702974e-06,0.0002028890303336084,7397,1038240,0.007124556942518108
z500_brown_0.05,0,5,30.0,q250,-1.5604204236296937e-05,0.0006366627640090883,32131,1038240,0.03094756511018647
z500_brown_0.05,0,5,30.0,q300,-2.065078297164291e-05,0.0015164284268394113,28539,1038240,0.027487864077669903
z500_brown_0.05,0,5,30.0,q400,-6.835826206952333e-05,0.004192057065665722,50365,1038240,0.04850997842502697
z500_brown_0.05,0,5,30.0,q500,-0.00011361984070390463,0.007218089420348406,40712,1038240,0.03921251348435814
z500_brown_0.05,0,5,30.0,q600,-0.00029274309054017067,0.010798525996506214,44128,1038240,0.04250269687162891
z500_brown_0.05,0,5,30.0,q700,-0.0005520053673535585,0.013304576277732849,61849,1038240,0.05957100477731546
z500_brown_0.05,0,5,30.0,q850,-0.000838790088891983,0.017994707450270653,70108,1038240,0.06752581291416243
z500_brown_0.05,0,5,30.0,q925,-0.0010583591647446156,0.020056303590536118,72473,1038240,0.06980370627215288
z500_brown_0.05,0,5,30.0,q1000,-0.0011323303915560246,0.023933596909046173,71211,1038240,0.06858818770226537
z500_brown_0.05,0,6,36.0,u10m,-22.132970809936523,23.299482345581055,0,1038240,0.0
z500_brown_0.05,0,6,36.0,v10m,-19.48523712158203,22.847206115722656,0,1038240,0.0
z500_brown_0.05,0,6,36.0,u100m,-29.32468032836914,29.09923553466797,0,1038240,0.0
z500_brown_0.05,0,6,36.0,v100m,-25.404306411743164,31.7803955078125,0,1038240,0.0
z500_brown_0.05,0,6,36.0,t2m,204.12667846679688,322.08502197265625,0,1038240,0.0
z500_brown_0.05,0,6,36.0,sp,49000.6484375,103833.609375,0,1038240,0.0
z500_brown_0.05,0,6,36.0,msl,94192.6875,103783.0,0,1038240,0.0
z500_brown_0.05,0,6,36.0,tcwv,-3.719867706298828,75.5044937133789,67034,1038240,0.0645650331329943
z500_brown_0.05,0,6,36.0,u50,-27.42876434326172,75.8682632446289,0,1038240,0.0
z500_brown_0.05,0,6,36.0,u100,-37.70653533935547,67.94447326660156,0,1038240,0.0
z500_brown_0.05,0,6,36.0,u150,-31.963117599487305,71.17867279052734,0,1038240,0.0
z500_brown_0.05,0,6,36.0,u200,-37.26325225830078,83.00004577636719,0,1038240,0.0
z500_brown_0.05,0,6,36.0,u250,-34.47074508666992,90.77217102050781,0,1038240,0.0
z500_brown_0.05,0,6,36.0,u300,-31.747379302978516,86.57569122314453,0,1038240,0.0
z500_brown_0.05,0,6,36.0,u400,-28.24733543395996,73.01483154296875,0,1038240,0.0
z500_brown_0.05,0,6,36.0,u500,-27.763275146484375,59.6470832824707,0,1038240,0.0
z500_brown_0.05,0,6,36.0,u600,-29.986486434936523,48.4382438659668,0,1038240,0.0
z500_brown_0.05,0,6,36.0,u700,-37.37109375,40.95806884765625,0,1038240,0.0
z500_brown_0.05,0,6,36.0,u850,-37.854408264160156,36.43061447143555,0,1038240,0.0
z500_brown_0.05,0,6,36.0,u925,-35.07291030883789,31.023197174072266,0,1038240,0.0
z500_brown_0.05,0,6,36.0,u1000,-21.839340209960938,23.246950149536133,0,1038240,0.0
z500_brown_0.05,0,6,36.0,v50,-25.393430709838867,27.560331344604492,0,1038240,0.0
z500_brown_0.05,0,6,36.0,v100,-21.453378677368164,29.022310256958008,0,1038240,0.0
z500_brown_0.05,0,6,36.0,v150,-29.067523956298828,32.701419830322266,0,1038240,0.0
z500_brown_0.05,0,6,36.0,v200,-40.6501579284668,47.994998931884766,0,1038240,0.0
z500_brown_0.05,0,6,36.0,v250,-50.556121826171875,54.300750732421875,0,1038240,0.0
z500_brown_0.05,0,6,36.0,v300,-54.707645416259766,53.91728591918945,0,1038240,0.0
z500_brown_0.05,0,6,36.0,v400,-45.78324508666992,53.82649230957031,0,1038240,0.0
z500_brown_0.05,0,6,36.0,v500,-37.62321090698242,45.88722610473633,0,1038240,0.0
z500_brown_0.05,0,6,36.0,v600,-30.042675018310547,38.60389709472656,0,1038240,0.0
z500_brown_0.05,0,6,36.0,v700,-26.067346572875977,31.22124481201172,0,1038240,0.0
z500_brown_0.05,0,6,36.0,v850,-32.5027961730957,37.788414001464844,0,1038240,0.0
z500_brown_0.05,0,6,36.0,v925,-31.155445098876953,31.004680633544922,0,1038240,0.0
z500_brown_0.05,0,6,36.0,v1000,-20.4096736907959,23.545185089111328,0,1038240,0.0
z500_brown_0.05,0,6,36.0,z50,177778.078125,208346.4375,0,1038240,0.0
z500_brown_0.05,0,6,36.0,z100,140343.4375,165804.75,0,1038240,0.0
z500_brown_0.05,0,6,36.0,z150,117383.15625,141954.921875,0,1038240,0.0
z500_brown_0.05,0,6,36.0,z200,100662.9375,123788.8125,0,1038240,0.0
z500_brown_0.05,0,6,36.0,z250,87421.1953125,108870.7109375,0,1038240,0.0
z500_brown_0.05,0,6,36.0,z300,76357.9609375,96253.5859375,0,1038240,0.0
z500_brown_0.05,0,6,36.0,z400,58530.4140625,75455.671875,0,1038240,0.0
z500_brown_0.05,0,6,36.0,z500,44135.0078125,58723.75,0,1038240,0.0
z500_brown_0.05,0,6,36.0,z600,31880.859375,44603.3828125,0,1038240,0.0
z500_brown_0.05,0,6,36.0,z700,21234.38671875,32268.96875,0,1038240,0.0
z500_brown_0.05,0,6,36.0,z850,7409.6572265625,16569.791015625,0,1038240,0.0
z500_brown_0.05,0,6,36.0,z925,1300.3046875,9576.146484375,0,1038240,0.0
z500_brown_0.05,0,6,36.0,z1000,-4471.5390625,3087.31396484375,0,1038240,0.0
z500_brown_0.05,0,6,36.0,t50,179.49038696289062,235.19728088378906,0,1038240,0.0
z500_brown_0.05,0,6,36.0,t100,185.99537658691406,235.69029235839844,0,1038240,0.0
z500_brown_0.05,0,6,36.0,t150,189.07444763183594,240.2223663330078,0,1038240,0.0
z500_brown_0.05,0,6,36.0,t200,192.00888061523438,241.98191833496094,0,1038240,0.0
z500_brown_0.05,0,6,36.0,t250,200.2344207763672,242.7882537841797,0,1038240,0.0
z500_brown_0.05,0,6,36.0,t300,204.64405822753906,251.33343505859375,0,1038240,0.0
z500_brown_0.05,0,6,36.0,t400,213.6080780029297,265.4929504394531,0,1038240,0.0
z500_brown_0.05,0,6,36.0,t500,222.52633666992188,276.8248291015625,0,1038240,0.0
z500_brown_0.05,0,6,36.0,t600,217.43362426757812,291.0350036621094,0,1038240,0.0
z500_brown_0.05,0,6,36.0,t700,215.04237365722656,303.3629455566406,0,1038240,0.0
z500_brown_0.05,0,6,36.0,t850,223.51712036132812,313.70947265625,0,1038240,0.0
z500_brown_0.05,0,6,36.0,t925,227.426025390625,318.6377868652344,0,1038240,0.0
z500_brown_0.05,0,6,36.0,t1000,231.00607299804688,323.59063720703125,0,1038240,0.0
z500_brown_0.05,0,6,36.0,q50,2.488977770553902e-07,1.9891083411494037e-06,0,1038240,0.0
z500_brown_0.05,0,6,36.0,q100,6.479251624114113e-07,6.820849648647709e-06,0,1038240,0.0
z500_brown_0.05,0,6,36.0,q150,1.771804818417877e-07,3.9006885344861075e-05,0,1038240,0.0
z500_brown_0.05,0,6,36.0,q200,-3.7297304515959695e-06,0.00021334897610358894,11502,1038240,0.011078363384188626
z500_brown_0.05,0,6,36.0,q250,-1.3802749890601262e-05,0.0006453224341385067,30906,1038240,0.02976768377253814
z500_brown_0.05,0,6,36.0,q300,-1.6538790077902377e-05,0.0014782900689169765,27401,1038240,0.02639177839420558
z500_brown_0.05,0,6,36.0,q400,-5.644679185934365e-05,0.003988725133240223,48969,1038240,0.047165395284327324
z500_brown_0.05,0,6,36.0,q500,-0.00010134920012205839,0.007915443740785122,36907,1038240,0.0355476575743566
z500_brown_0.05,0,6,36.0,q600,-0.00021642097271978855,0.009869061410427094,42271,1038240,0.04071409308059794
z500_brown_0.05,0,6,36.0,q700,-0.00048431288450956345,0.012852009385824203,56809,1038240,0.05471663584527662
z500_brown_0.05,0,6,36.0,q850,-0.0006326688453555107,0.018176821991801262,65809,1038240,0.06338515179534597
z500_brown_0.05,0,6,36.0,q925,-0.0007958114147186279,0.020159905776381493,67537,1038240,0.06504950685775929
z500_brown_0.05,0,6,36.0,q1000,-0.0009281770326197147,0.02565820701420307,67190,1038240,0.06471528740946217
z500_brown_0.05,0,7,42.0,u10m,-21.94186782836914,18.602632522583008,0,1038240,0.0
z500_brown_0.05,0,7,42.0,v10m,-20.331466674804688,23.66864013671875,0,1038240,0.0
z500_brown_0.05,0,7,42.0,u100m,-28.438690185546875,24.115659713745117,0,1038240,0.0
z500_brown_0.05,0,7,42.0,v100m,-27.385011672973633,32.626800537109375,0,1038240,0.0
z500_brown_0.05,0,7,42.0,t2m,202.6654052734375,321.0466613769531,0,1038240,0.0
z500_brown_0.05,0,7,42.0,sp,49104.9453125,103867.8359375,0,1038240,0.0
z500_brown_0.05,0,7,42.0,msl,94657.578125,103827.1640625,0,1038240,0.0
z500_brown_0.05,0,7,42.0,tcwv,-2.7529525756835938,76.8407974243164,61226,1038240,0.05897095083988288
z500_brown_0.05,0,7,42.0,u50,-27.991546630859375,75.67066955566406,0,1038240,0.0
z500_brown_0.05,0,7,42.0,u100,-33.94633483886719,67.02249145507812,0,1038240,0.0
z500_brown_0.05,0,7,42.0,u150,-30.924333572387695,70.41038513183594,0,1038240,0.0
z500_brown_0.05,0,7,42.0,u200,-37.868141174316406,81.59500885009766,0,1038240,0.0
z500_brown_0.05,0,7,42.0,u250,-35.897396087646484,87.04409790039062,0,1038240,0.0
z500_brown_0.05,0,7,42.0,u300,-32.44971466064453,85.19685363769531,0,1038240,0.0
z500_brown_0.05,0,7,42.0,u400,-24.49724769592285,69.9443588256836,0,1038240,0.0
z500_brown_0.05,0,7,42.0,u500,-26.782005310058594,59.724143981933594,0,1038240,0.0
z500_brown_0.05,0,7,42.0,u600,-32.80142593383789,48.802879333496094,0,1038240,0.0
z500_brown_0.05,0,7,42.0,u700,-39.57291793823242,40.73200988769531,0,1038240,0.0
z500_brown_0.05,0,7,42.0,u850,-37.376182556152344,35.4329948425293,0,1038240,0.0
z500_brown_0.05,0,7,42.0,u925,-36.297088623046875,30.60029411315918,0,1038240,0.0
z500_brown_0.05,0,7,42.0,u1000,-21.960790634155273,20.86015510559082,0,1038240,0.0
z500_brown_0.05,0,7,42.0,v50,-26.43909454345703,25.861984252929688,0,1038240,0.0
z500_brown_0.05,0,7,42.0,v100,-21.727130889892578,25.755308151245117,0,1038240,0.0
z500_brown_0.05,0,7,42.0,v150,-28.530241012573242,32.38082504272461,0,1038240,0.0
z500_brown_0.05,0,7,42.0,v200,-40.27671432495117,47.69972610473633,0,1038240,0.0
z500_brown_0.05,0,7,42.0,v250,-53.14247512817383,52.617958068847656,0,1038240,0.0
z500_brown_0.05,0,7,42.0,v300,-58.94460678100586,54.78640365600586,0,1038240,0.0
z500_brown_0.05,0,7,42.0,v400,-54.89338302612305,55.89350509643555,0,1038240,0.0
z500_brown_0.05,0,7,42.0,v500,-39.772586822509766,48.720802307128906,0,1038240,0.0
z500_brown_0.05,0,7,42.0,v600,-28.111618041992188,39.707157135009766,0,1038240,0.0
z500_brown_0.05,0,7,42.0,v700,-24.591896057128906,32.660614013671875,0,1038240,0.0
z500_brown_0.05,0,7,42.0,v850,-33.96984100341797,35.9310188293457,0,1038240,0.0
z500_brown_0.05,0,7,42.0,v925,-34.299583435058594,31.039478302001953,0,1038240,0.0
z500_brown_0.05,0,7,42.0,v1000,-20.53017234802246,24.38636589050293,0,1038240,0.0
z500_brown_0.05,0,7,42.0,z50,177525.890625,208246.796875,0,1038240,0.0
z500_brown_0.05,0,7,42.0,z100,140318.140625,165771.984375,0,1038240,0.0
z500_brown_0.05,0,7,42.0,z150,117450.734375,141869.1875,0,1038240,0.0
z500_brown_0.05,0,7,42.0,z200,100796.1328125,123717.921875,0,1038240,0.0
z500_brown_0.05,0,7,42.0,z250,87601.25,108900.8046875,0,1038240,0.0
z500_brown_0.05,0,7,42.0,z300,76563.2578125,96392.96875,0,1038240,0.0
z500_brown_0.05,0,7,42.0,z400,58697.03515625,75591.921875,0,1038240,0.0
z500_brown_0.05,0,7,42.0,z500,44249.8984375,58723.9921875,0,1038240,0.0
z500_brown_0.05,0,7,42.0,z600,32054.51171875,44522.4375,0,1038240,0.0
z500_brown_0.05,0,7,42.0,z700,21463.6875,32293.25390625,0,1038240,0.0
z500_brown_0.05,0,7,42.0,z850,7726.7490234375,16584.3203125,0,1038240,0.0
z500_brown_0.05,0,7,42.0,z925,1646.13818359375,9590.3154296875,0,1038240,0.0
z500_brown_0.05,0,7,42.0,z1000,-4094.07080078125,3115.46875,0,1038240,0.0
z500_brown_0.05,0,7,42.0,t50,179.8211669921875,235.57220458984375,0,1038240,0.0
z500_brown_0.05,0,7,42.0,t100,186.2761993408203,235.93264770507812,0,1038240,0.0
z500_brown_0.05,0,7,42.0,t150,189.25692749023438,241.1226806640625,0,1038240,0.0
z500_brown_0.05,0,7,42.0,t200,192.1251983642578,242.03634643554688,0,1038240,0.0
z500_brown_0.05,0,7,42.0,t250,199.79345703125,243.1295166015625,0,1038240,0.0
z500_brown_0.05,0,7,42.0,t300,204.8927764892578,249.8478240966797,0,1038240,0.0
z500_brown_0.05,0,7,42.0,t400,213.84954833984375,264.4804992675781,0,1038240,0.0
z500_brown_0.05,0,7,42.0,t500,221.8052978515625,275.6808776855469,0,1038240,0.0
z500_brown_0.05,0,7,42.0,t600,215.56936645507812,288.592529296875,0,1038240,0.0
z500_brown_0.05,0,7,42.0,t700,214.48211669921875,299.1353759765625,0,1038240,0.0
z500_brown_0.05,0,7,42.0,t850,224.8916778564453,310.1998291015625,0,1038240,0.0
z500_brown_0.05,0,7,42.0,t925,228.67637634277344,315.9730224609375,0,1038240,0.0
z500_brown_0.05,0,7,42.0,t1000,232.42929077148438,321.0892639160156,0,1038240,0.0
z500_brown_0.05,0,7,42.0,q50,2.8405133889464196e-07,1.997025492528337e-06,0,1038240,0.0
z500_brown_0.05,0,7,42.0,q100,7.093042313499609e-07,6.409571142285131e-06,0,1038240,0.0
z500_brown_0.05,0,7,42.0,q150,3.8281723391264677e-07,3.8054098695283756e-05,0,1038240,0.0
z500_brown_0.05,0,7,42.0,q200,-4.057323167216964e-06,0.0002128596097463742,12675,1038240,0.012208159963014331
z500_brown_0.05,0,7,42.0,q250,-1.370908648823388e-05,0.0006464270991273224,26005,1038240,0.025047195253505933
z500_brown_0.05,0,7,42.0,q300,-2.1027139155194163e-05,0.0014349335106089711,27669,1038240,0.026649907535829867
z500_brown_0.05,0,7,42.0,q400,-6.278615910559893e-05,0.004203618969768286,45025,1038240,0.04336665896131916
z500_brown_0.05,0,7,42.0,q500,-9.121495531871915e-05,0.007443426642566919,29260,1038240,0.028182308522114348
z500_brown_0.05,0,7,42.0,q600,-0.0002548986813053489,0.00951139535754919,33473,1038240,0.0322401371551857
z500_brown_0.05,0,7,42.0,q700,-0.00045926659367978573,0.01287977583706379,53403,1038240,0.051436084142394825
z500_brown_0.05,0,7,42.0,q850,-0.0005438318476080894,0.018216725438833237,58560,1038240,0.05640314378178456
z500_brown_0.05,0,7,42.0,q925,-0.0007316088303923607,0.019708391278982162,63259,1038240,0.06092907227615965
z500_brown_0.05,0,7,42.0,q1000,-0.0008182558231055737,0.024858996272087097,62065,1038240,0.05977904916011712
z500_brown_0.05,0,8,48.0,u10m,-23.269380569458008,20.360130310058594,0,1038240,0.0
z500_brown_0.05,0,8,48.0,v10m,-24.07297706604004,23.01742935180664,0,1038240,0.0
z500_brown_0.05,0,8,48.0,u100m,-29.66024398803711,26.093503952026367,0,1038240,0.0
z500_brown_0.05,0,8,48.0,v100m,-31.891345977783203,32.0821647644043,0,1038240,0.0
z500_brown_0.05,0,8,48.0,t2m,201.46743774414062,320.2019958496094,0,1038240,0.0
z500_brown_0.05,0,8,48.0,sp,48955.87109375,103880.1484375,0,1038240,0.0
z500_brown_0.05,0,8,48.0,msl,94919.9140625,103833.4140625,0,1038240,0.0
z500_brown_0.05,0,8,48.0,tcwv,-2.6006603240966797,77.08879089355469,56364,1038240,0.05428802588996764
z500_brown_0.05,0,8,48.0,u50,-28.576080322265625,73.10050964355469,0,1038240,0.0
z500_brown_0.05,0,8,48.0,u100,-34.21907424926758,64.93463134765625,0,1038240,0.0
z500_brown_0.05,0,8,48.0,u150,-31.8406925201416,68.49323272705078,0,1038240,0.0
z500_brown_0.05,0,8,48.0,u200,-40.700218200683594,79.90088653564453,0,1038240,0.0
z500_brown_0.05,0,8,48.0,u250,-36.04273986816406,84.66120910644531,0,1038240,0.0
z500_brown_0.05,0,8,48.0,u300,-36.51304626464844,81.74260711669922,0,1038240,0.0
z500_brown_0.05,0,8,48.0,u400,-32.809173583984375,67.98973083496094,0,1038240,0.0
z500_brown_0.05,0,8,48.0,u500,-26.064289093017578,58.951236724853516,0,1038240,0.0
z500_brown_0.05,0,8,48.0,u600,-28.13474464416504,49.753334045410156,0,1038240,0.0
z500_brown_0.05,0,8,48.0,u700,-37.114986419677734,40.63144302368164,0,1038240,0.0
z500_brown_0.05,0,8,48.0,u850,-38.423160552978516,34.40220642089844,0,1038240,0.0
z500_brown_0.05,0,8,48.0,u925,-35.8642463684082,31.374181747436523,0,1038240,0.0
z500_brown_0.05,0,8,48.0,u1000,-23.229820251464844,20.61588478088379,0,1038240,0.0
z500_brown_0.05,0,8,48.0,v50,-26.25051498413086,24.509822845458984,0,1038240,0.0
z500_brown_0.05,0,8,48.0,v100,-22.222515106201172,22.66226577758789,0,1038240,0.0
z500_brown_0.05,0,8,48.0,v150,-27.47273826599121,32.64603805541992,0,1038240,0.0
z500_brown_0.05,0,8,48.0,v200,-45.95158004760742,45.32463836669922,0,1038240,0.0
z500_brown_0.05,0,8,48.0,v250,-52.89139175415039,47.56272888183594,0,1038240,0.0
z500_brown_0.05,0,8,48.0,v300,-57.851158142089844,55.96025466918945,0,1038240,0.0
z500_brown_0.05,0,8,48.0,v400,-55.6840705871582,55.19140625,0,1038240,0.0
z500_brown_0.05,0,8,48.0,v500,-42.467140197753906,48.266563415527344,0,1038240,0.0
z500_brown_0.05,0,8,48.0,v600,-29.60890769958496,38.9727897644043,0,1038240,0.0
z500_brown_0.05,0,8,48.0,v700,-26.188556671142578,32.62063217163086,0,1038240,0.0
z500_brown_0.05,0,8,48.0,v850,-37.718177795410156,35.216548919677734,0,1038240,0.0
z500_brown_0.05,0,8,48.0,v925,-35.411258697509766,31.034730911254883,0,1038240,0.0
z500_brown_0.05,0,8,48.0,v1000,-24.49220848083496,23.661935806274414,0,1038240,0.0
z500_brown_0.05,0,8,48.0,z50,177227.421875,208247.828125,0,1038240,0.0
z500_brown_0.05,0,8,48.0,z100,140360.984375,165661.71875,0,1038240,0.0
z500_brown_0.05,0,8,48.0,z150,117617.6796875,141655.15625,0,1038240,0.0
z500_brown_0.05,0,8,48.0,z200,100984.6796875,123636.5390625,0,1038240,0.0
z500_brown_0.05,0,8,48.0,z250,87778.421875,109002.078125,0,1038240,0.0
z500_brown_0.05,0,8,48.0,z300,76744.6953125,96461.96875,0,1038240,0.0
z500_brown_0.05,0,8,48.0,z400,58820.23046875,75573.546875,0,1038240,0.0
z500_brown_0.05,0,8,48.0,z500,44393.5390625,58801.54296875,0,1038240,0.0
z500_brown_0.05,0,8,48.0,z600,32217.1953125,44595.265625,0,1038240,0.0
z500_brown_0.05,0,8,48.0,z700,21638.80859375,32362.83984375,0,1038240,0.0
z500_brown_0.05,0,8,48.0,z850,7915.1357421875,16616.251953125,0,1038240,0.0
z500_brown_0.05,0,8,48.0,z925,1847.662109375,9600.02734375,0,1038240,0.0
z500_brown_0.05,0,8,48.0,z1000,-3874.3125,3118.68408203125,0,1038240,0.0
z500_brown_0.05,0,8,48.0,t50,179.98785400390625,235.70169067382812,0,1038240,0.0
z500_brown_0.05,0,8,48.0,t100,186.71026611328125,236.33778381347656,0,1038240,0.0
z500_brown_0.05,0,8,48.0,t150,190.11892700195312,241.36732482910156,0,1038240,0.0
z500_brown_0.05,0,8,48.0,t200,192.32989501953125,241.7529296875,0,1038240,0.0
z500_brown_0.05,0,8,48.0,t250,199.4614715576172,243.6459197998047,0,1038240,0.0
z500_brown_0.05,0,8,48.0,t300,204.694091796875,250.23472595214844,0,1038240,0.0
z500_brown_0.05,0,8,48.0,t400,214.44802856445312,264.4364318847656,0,1038240,0.0
z500_brown_0.05,0,8,48.0,t500,221.51303100585938,275.6092834472656,0,1038240,0.0
z500_brown_0.05,0,8,48.0,t600,212.08209228515625,286.54681396484375,0,1038240,0.0
z500_brown_0.05,0,8,48.0,t700,214.2127227783203,295.7898254394531,0,1038240,0.0
z500_brown_0.05,0,8,48.0,t850,223.79287719726562,308.6041564941406,0,1038240,0.0
z500_brown_0.05,0,8,48.0,t925,227.57516479492188,314.3842468261719,0,1038240,0.0
z500_brown_0.05,0,8,48.0,t1000,231.3575439453125,318.9427490234375,0,1038240,0.0
z500_brown_0.05,0,8,48.0,q50,3.22091636917321e-07,2.0050226794410264e-06,0,1038240,0.0
z500_brown_0.05,0,8,48.0,q100,7.811966042936547e-07,6.078947080823127e-06,0,1038240,0.0
z500_brown_0.05,0,8,48.0,q150,2.2314816305879503e-07,3.398639819351956e-05,0,1038240,0.0
z500_brown_0.05,0,8,48.0,q200,-4.129926310270093e-06,0.00019423470075707883,12310,1038240,0.011856603482817075
z500_brown_0.05,0,8,48.0,q250,-1.104078910429962e-05,0.0006339395768009126,23615,1038240,0.022745222684543074
z500_brown_0.05,0,8,48.0,q300,-2.8868933441117406e-05,0.0014783750521019101,22784,1038240,0.021944829711820005
z500_brown_0.05,0,8,48.0,q400,-6.158280302770436e-05,0.004341329447925091,38541,1038240,0.03712147480351364
z500_brown_0.05,0,8,48.0,q500,-0.00011366652324795723,0.007152688689529896,31792,1038240,0.030621051009400525
z500_brown_0.05,0,8,48.0,q600,-0.00020417245104908943,0.009577627293765545,28819,1038240,0.027757551240560948
z500_brown_0.05,0,8,48.0,q700,-0.0003782752901315689,0.012879755347967148,45643,1038240,0.04396189705655725
z500_brown_0.05,0,8,48.0,q850,-0.0005588908679783344,0.018215881660580635,51275,1038240,0.04938646170442287
z500_brown_0.05,0,8,48.0,q925,-0.0006445734761655331,0.01953912526369095,54760,1038240,0.0527431037139775
z500_brown_0.05,0,8,48.0,q1000,-0.0008433735929429531,0.024845093488693237,55667,1038240,0.05361669748805671
z500_brown_0.05,0,9,54.0,u10m,-22.316370010375977,21.400712966918945,0,1038240,0.0
z500_brown_0.05,0,9,54.0,v10m,-20.129589080810547,22.984508514404297,0,1038240,0.0
z500_brown_0.05,0,9,54.0,u100m,-28.916637420654297,27.767780303955078,0,1038240,0.0
z500_brown_0.05,0,9,54.0,v100m,-26.454143524169922,29.793243408203125,0,1038240,0.0
z500_brown_0.05,0,9,54.0,t2m,200.0710906982422,315.7739562988281,0,1038240,0.0
z500_brown_0.05,0,9,54.0,sp,49011.41015625,103854.546875,0,1038240,0.0
z500_brown_0.05,0,9,54.0,msl,95096.734375,103801.828125,0,1038240,0.0
z500_brown_0.05,0,9,54.0,tcwv,-2.220104217529297,78.44709777832031,49020,1038240,0.04721451687471105
z500_brown_0.05,0,9,54.0,u50,-30.790531158447266,72.24613952636719,0,1038240,0.0
z500_brown_0.05,0,9,54.0,u100,-33.4671516418457,63.424530029296875,0,1038240,0.0
z500_brown_0.05,0,9,54.0,u150,-32.94805145263672,67.55609893798828,0,1038240,0.0
z500_brown_0.05,0,9,54.0,u200,-39.82048034667969,81.31107330322266,0,1038240,0.0
z500_brown_0.05,0,9,54.0,u250,-35.17023849487305,82.01799011230469,0,1038240,0.0
z500_brown_0.05,0,9,54.0,u300,-36.85823059082031,77.27205657958984,0,1038240,0.0
z500_brown_0.05,0,9,54.0,u400,-34.79131317138672,63.165618896484375,0,1038240,0.0
z500_brown_0.05,0,9,54.0,u500,-26.16469955444336,54.28226089477539,0,1038240,0.0
z500_brown_0.05,0,9,54.0,u600,-28.55034828186035,45.17289352416992,0,1038240,0.0
z500_brown_0.05,0,9,54.0,u700,-32.4520149230957,36.12060546875,0,1038240,0.0
z500_brown_0.05,0,9,54.0,u850,-38.012454986572266,33.0816764831543,0,1038240,0.0
z500_brown_0.05,0,9,54.0,u925,-36.611907958984375,34.45677947998047,0,1038240,0.0
z500_brown_0.05,0,9,54.0,u1000,-23.217426300048828,21.71506690979004,0,1038240,0.0
z500_brown_0.05,0,9,54.0,v50,-24.54950714111328,21.894882202148438,0,1038240,0.0
z500_brown_0.05,0,9,54.0,v100,-23.722082138061523,21.143571853637695,0,1038240,0.0
z500_brown_0.05,0,9,54.0,v150,-29.184335708618164,31.14800262451172,0,1038240,0.0
z500_brown_0.05,0,9,54.0,v200,-43.9315299987793,45.24760055541992,0,1038240,0.0
z500_brown_0.05,0,9,54.0,v250,-52.166587829589844,50.30107498168945,0,1038240,0.0
z500_brown_0.05,0,9,54.0,v300,-54.981868743896484,57.03443145751953,0,1038240,0.0
z500_brown_0.05,0,9,54.0,v400,-48.51835632324219,57.840362548828125,0,1038240,0.0
z500_brown_0.05,0,9,54.0,v500,-43.64825439453125,51.18163299560547,0,1038240,0.0
z500_brown_0.05,0,9,54.0,v600,-32.88499069213867,39.06575012207031,0,1038240,0.0
z500_brown_0.05,0,9,54.0,v700,-28.479785919189453,35.2551383972168,0,1038240,0.0
z500_brown_0.05,0,9,54.0,v850,-33.17165756225586,36.72772216796875,0,1038240,0.0
z500_brown_0.05,0,9,54.0,v925,-31.725046157836914,36.82398223876953,0,1038240,0.0
z500_brown_0.05,0,9,54.0,v1000,-20.67896842956543,23.628578186035156,0,1038240,0.0
z500_brown_0.05,0,9,54.0,z50,176973.828125,208367.0,0,1038240,0.0
z500_brown_0.05,0,9,54.0,z100,140336.328125,165838.140625,0,1038240,0.0
z500_brown_0.05,0,9,54.0,z150,117640.921875,141902.625,0,1038240,0.0
z500_brown_0.05,0,9,54.0,z200,100933.4375,123804.0625,0,1038240,0.0
z500_brown_0.05,0,9,54.0,z250,87747.59375,109022.4453125,0,1038240,0.0
z500_brown_0.05,0,9,54.0,z300,76716.8125,96496.328125,0,1038240,0.0
z500_brown_0.05,0,9,54.0,z400,58759.9765625,75632.359375,0,1038240,0.0
z500_brown_0.05,0,9,54.0,z500,44360.796875,58782.5234375,0,1038240,0.0
z500_brown_0.05,0,9,54.0,z600,32208.73828125,44585.3671875,0,1038240,0.0
z500_brown_0.05,0,9,54.0,z700,21684.41015625,32340.736328125,0,1038240,0.0
z500_brown_0.05,0,9,54.0,z850,8019.5908203125,16581.15234375,0,1038240,0.0
z500_brown_0.05,0,9,54.0,z925,1981.6826171875,9556.4072265625,0,1038240,0.0
z500_brown_0.05,0,9,54.0,z1000,-3715.314453125,3082.38818359375,0,1038240,0.0
z500_brown_0.05,0,9,54.0,t50,180.21913146972656,235.83340454101562,0,1038240,0.0
z500_brown_0.05,0,9,54.0,t100,186.95028686523438,236.60604858398438,0,1038240,0.0
z500_brown_0.05,0,9,54.0,t150,190.5070343017578,241.82339477539062,0,1038240,0.0
z500_brown_0.05,0,9,54.0,t200,192.8318634033203,241.62496948242188,0,1038240,0.0
z500_brown_0.05,0,9,54.0,t250,199.91366577148438,243.63555908203125,0,1038240,0.0
z500_brown_0.05,0,9,54.0,t300,203.52725219726562,251.0033416748047,0,1038240,0.0
z500_brown_0.05,0,9,54.0,t400,213.6504364013672,264.6889343261719,0,1038240,0.0
z500_brown_0.05,0,9,54.0,t500,220.0083465576172,275.9632568359375,0,1038240,0.0
z500_brown_0.05,0,9,54.0,t600,210.19903564453125,288.5321044921875,0,1038240,0.0
z500_brown_0.05,0,9,54.0,t700,212.15585327148438,299.93292236328125,0,1038240,0.0
z500_brown_0.05,0,9,54.0,t850,222.02796936035156,311.8040466308594,0,1038240,0.0
z500_brown_0.05,0,9,54.0,t925,225.8137969970703,316.65740966796875,0,1038240,0.0
z500_brown_0.05,0,9,54.0,t1000,229.4046173095703,321.7862548828125,0,1038240,0.0
z500_brown_0.05,0,9,54.0,q50,3.6068558983970433e-07,2.0126728941249894e-06,0,1038240,0.0
z500_brown_0.05,0,9,54.0,q100,8.636569646114367e-07,5.781103027402423e-06,0,1038240,0.0
z500_brown_0.05,0,9,54.0,q150,-5.489437171490863e-08,3.5151057090843096e-05,73,1038240,7.031129603945137e-05
z500_brown_0.05,0,9,54.0,q200,-6.150436092866585e-06,0.0002113323862431571,10152,1038240,0.009778085991678225
z500_brown_0.05,0,9,54.0,q250,-1.3588196452474222e-05,0.0006953076808713377,20050,1038240,0.019311527199876714
z500_brown_0.05,0,9,54.0,q300,-2.412270987406373e-05,0.001581369200721383,19830,1038240,0.019099630143319463
z500_brown_0.05,0,9,54.0,q400,-6.03503140155226e-05,0.00437864800915122,36355,1038240,0.035015988596085686
z500_brown_0.05,0,9,54.0,q500,-0.00013210519682615995,0.007840447127819061,26667,1038240,0.025684812760055478
z500_brown_0.05,0,9,54.0,q600,-0.00017609656788408756,0.011011367663741112,21861,1038240,0.021055825242718446
z500_brown_0.05,0,9,54.0,q700,-0.0004543506074696779,0.013197602704167366,44398,1038240,0.04276275235013099
z500_brown_0.05,0,9,54.0,q850,-0.0005718083120882511,0.018307900056242943,48839,1038240,0.04704018338727076
z500_brown_0.05,0,9,54.0,q925,-0.0006123315542936325,0.020510779693722725,56068,1038240,0.05400292803205425
z500_brown_0.05,0,9,54.0,q1000,-0.0006207735277712345,0.024745618924498558,54800,1038240,0.05278163045153336
z500_brown_0.05,0,10,60.0,u10m,-24.264076232910156,20.875858306884766,0,1038240,0.0
z500_brown_0.05,0,10,60.0,v10m,-20.094833374023438,23.147830963134766,0,1038240,0.0
z500_brown_0.05,0,10,60.0,u100m,-31.101791381835938,26.813819885253906,0,1038240,0.0
z500_brown_0.05,0,10,60.0,v100m,-26.01957130432129,29.430343627929688,0,1038240,0.0
z500_brown_0.05,0,10,60.0,t2m,200.30552673339844,321.6271057128906,0,1038240,0.0
z500_brown_0.05,0,10,60.0,sp,48971.6953125,103892.703125,0,1038240,0.0
z500_brown_0.05,0,10,60.0,msl,95220.140625,103841.59375,0,1038240,0.0
z500_brown_0.05,0,10,60.0,tcwv,-2.3933067321777344,78.9484634399414,40773,1038240,0.039271266759130834
z500_brown_0.05,0,10,60.0,u50,-29.167850494384766,69.68124389648438,0,1038240,0.0
z500_brown_0.05,0,10,60.0,u100,-32.79086685180664,60.101470947265625,0,1038240,0.0
z500_brown_0.05,0,10,60.0,u150,-31.875349044799805,67.23529052734375,0,1038240,0.0
z500_brown_0.05,0,10,60.0,u200,-36.201011657714844,82.67559814453125,0,1038240,0.0
z500_brown_0.05,0,10,60.0,u250,-33.59458541870117,79.01741027832031,0,1038240,0.0
z500_brown_0.05,0,10,60.0,u300,-29.624927520751953,76.87681579589844,0,1038240,0.0
z500_brown_0.05,0,10,60.0,u400,-28.205373764038086,64.24644470214844,0,1038240,0.0
z500_brown_0.05,0,10,60.0,u500,-28.09915542602539,53.0040283203125,0,1038240,0.0
z500_brown_0.05,0,10,60.0,u600,-29.955556869506836,43.0086555480957,0,1038240,0.0
z500_brown_0.05,0,10,60.0,u700,-35.77786636352539,35.71703338623047,0,1038240,0.0
z500_brown_0.05,0,10,60.0,u850,-40.63029861450195,30.77976417541504,0,1038240,0.0
z500_brown_0.05,0,10,60.0,u925,-36.800655364990234,32.823997497558594,0,1038240,0.0
z500_brown_0.05,0,10,60.0,u1000,-24.121986389160156,21.55070686340332,0,1038240,0.0
z500_brown_0.05,0,10,60.0,v50,-24.393985748291016,21.29648780822754,0,1038240,0.0
z500_brown_0.05,0,10,60.0,v100,-25.3895320892334,22.69675636291504,0,1038240,0.0
z500_brown_0.05,0,10,60.0,v150,-31.374303817749023,33.2540168762207,0,1038240,0.0
z500_brown_0.05,0,10,60.0,v200,-47.61839294433594,43.65334701538086,0,1038240,0.0
z500_brown_0.05,0,10,60.0,v250,-55.29203414916992,51.591888427734375,0,1038240,0.0
z500_brown_0.05,0,10,60.0,v300,-57.188873291015625,57.690643310546875,0,1038240,0.0
z500_brown_0.05,0,10,60.0,v400,-51.34061050415039,56.582725524902344,0,1038240,0.0
z500_brown_0.05,0,10,60.0,v500,-44.09587097167969,49.463645935058594,0,1038240,0.0
z500_brown_0.05,0,10,60.0,v600,-34.029624938964844,38.61102294921875,0,1038240,0.0
z500_brown_0.05,0,10,60.0,v700,-27.797752380371094,34.782554626464844,0,1038240,0.0
z500_brown_0.05,0,10,60.0,v850,-31.65796661376953,34.58765411376953,0,1038240,0.0
z500_brown_0.05,0,10,60.0,v925,-33.37458038330078,35.83333969116211,0,1038240,0.0
z500_brown_0.05,0,10,60.0,v1000,-21.587291717529297,23.677265167236328,0,1038240,0.0
z500_brown_0.05,0,10,60.0,z50,176782.71875,208509.40625,0,1038240,0.0
z500_brown_0.05,0,10,60.0,z100,140269.140625,166035.859375,0,1038240,0.0
z500_brown_0.05,0,10,60.0,z150,117516.703125,142153.6875,0,1038240,0.0
z500_brown_0.05,0,10,60.0,z200,100690.1484375,123958.28125,0,1038240,0.0
z500_brown_0.05,0,10,60.0,z250,87464.890625,108986.2734375,0,1038240,0.0
z500_brown_0.05,0,10,60.0,z300,76626.4921875,96402.8046875,0,1038240,0.0
z500_brown_0.05,0,10,60.0,z400,58739.8828125,75561.5078125,0,1038240,0.0
z500_brown_0.05,0,10,60.0,z500,44344.203125,58726.73046875,0,1038240,0.0
z500_brown_0.05,0,10,60.0,z600,32221.9375,44575.25390625,0,1038240,0.0
z500_brown_0.05,0,10,60.0,z700,21741.458984375,32346.6875,0,1038240,0.0
z500_brown_0.05,0,10,60.0,z850,8121.34716796875,16585.33203125,0,1038240,0.0
z500_brown_0.05,0,10,60.0,z925,2081.81103515625,9557.75390625,0,1038240,0.0
z500_brown_0.05,0,10,60.0,z1000,-3608.24072265625,3107.8388671875,0,1038240,0.0
z500_brown_0.05,0,10,60.0,t50,180.18576049804688,235.94729614257812,0,1038240,0.0
z500_brown_0.05,0,10,60.0,t100,186.97515869140625,237.20407104492188,0,1038240,0.0
z500_brown_0.05,0,10,60.0,t150,190.73287963867188,241.9358673095703,0,1038240,0.0
z500_brown_0.05,0,10,60.0,t200,192.99635314941406,241.67112731933594,0,1038240,0.0
z500_brown_0.05,0,10,60.0,t250,198.98602294921875,243.79469299316406,0,1038240,0.0
z500_brown_0.05,0,10,60.0,t300,202.72073364257812,250.99618530273438,0,1038240,0.0
z500_brown_0.05,0,10,60.0,t400,213.3221435546875,265.92724609375,0,1038240,0.0
z500_brown_0.05,0,10,60.0,t500,219.3096923828125,278.4256591796875,0,1038240,0.0
z500_brown_0.05,0,10,60.0,t600,213.11520385742188,290.4239196777344,0,1038240,0.0
z500_brown_0.05,0,10,60.0,t700,210.87326049804688,303.1926574707031,0,1038240,0.0
z500_brown_0.05,0,10,60.0,t850,220.8291015625,313.824951171875,0,1038240,0.0
z500_brown_0.05,0,10,60.0,t925,224.49586486816406,319.012939453125,0,1038240,0.0
z500_brown_0.05,0,10,60.0,t1000,228.1044464111328,324.234619140625,0,1038240,0.0
z500_brown_0.05,0,10,60.0,q50,3.9541237129014917e-07,2.017645556406933e-06,0,1038240,0.0
z500_brown_0.05,0,10,60.0,q100,9.439849009140744e-07,5.516509190783836e-06,0,1038240,0.0
z500_brown_0.05,0,10,60.0,q150,2.231627149740234e-08,4.391556649352424e-05,0,1038240,0.0
z500_brown_0.05,0,10,60.0,q200,-8.18538319435902e-06,0.00021718656353186816,9400,1038240,0.009053783325627986
z500_brown_0.05,0,10,60.0,q250,-1.3715685781789944e-05,0.0006901876186020672,16551,1038240,0.01594140083217753
z500_brown_0.05,0,10,60.0,q300,-2.375719486735761e-05,0.001619432121515274,16212,1038240,0.015614886731391586
z500_brown_0.05,0,10,60.0,q400,-7.060810457915068e-05,0.004474132787436247,32196,1038240,0.031010171058714748
z500_brown_0.05,0,10,60.0,q500,-0.00020669959485530853,0.008123423904180527,24075,1038240,0.023188280166435506
z500_brown_0.05,0,10,60.0,q600,-0.00023690576199442148,0.00995984859764576,18921,1038240,0.018224110032362458
z500_brown_0.05,0,10,60.0,q700,-0.00041822041384875774,0.013009782880544662,37098,1038240,0.035731622746185854
z500_brown_0.05,0,10,60.0,q850,-0.0004878104664385319,0.018411001190543175,42575,1038240,0.0410068962860225
z500_brown_0.05,0,10,60.0,q925,-0.0005072839558124542,0.02058616280555725,50356,1038240,0.048501309909076896
z500_brown_0.05,0,10,60.0,q1000,-0.0006462708115577698,0.025555454194545746,47516,1038240,0.045765911542610574
z500_brown_0.05,0,11,66.0,u10m,-26.1512508392334,21.282739639282227,0,1038240,0.0
z500_brown_0.05,0,11,66.0,v10m,-22.98360252380371,22.652603149414062,0,1038240,0.0
z500_brown_0.05,0,11,66.0,u100m,-33.99697494506836,27.24342918395996,0,1038240,0.0
z500_brown_0.05,0,11,66.0,v100m,-29.805938720703125,29.12238883972168,0,1038240,0.0
z500_brown_0.05,0,11,66.0,t2m,201.0216064453125,320.8657531738281,0,1038240,0.0
z500_brown_0.05,0,11,66.0,sp,49144.046875,103864.28125,0,1038240,0.0
z500_brown_0.05,0,11,66.0,msl,95515.453125,103814.59375,0,1038240,0.0
z500_brown_0.05,0,11,66.0,tcwv,-2.027599334716797,78.95275115966797,31862,1038240,0.030688472800123285
z500_brown_0.05,0,11,66.0,u50,-28.883155822753906,69.71513366699219,0,1038240,0.0
z500_brown_0.05,0,11,66.0,u100,-30.09450912475586,59.04525375366211,0,1038240,0.0
z500_brown_0.05,0,11,66.0,u150,-33.060447692871094,69.38392639160156,0,1038240,0.0
z500_brown_0.05,0,11,66.0,u200,-34.606239318847656,84.67808532714844,0,1038240,0.0
z500_brown_0.05,0,11,66.0,u250,-36.98251724243164,80.86613464355469,0,1038240,0.0
z500_brown_0.05,0,11,66.0,u300,-32.255855560302734,76.48756408691406,0,1038240,0.0
z500_brown_0.05,0,11,66.0,u400,-30.995325088500977,64.13362121582031,0,1038240,0.0
z500_brown_0.05,0,11,66.0,u500,-32.400333404541016,54.59541320800781,0,1038240,0.0
z500_brown_0.05,0,11,66.0,u600,-28.737565994262695,43.496578216552734,0,1038240,0.0
z500_brown_0.05,0,11,66.0,u700,-31.43722152709961,37.69674301147461,0,1038240,0.0
z500_brown_0.05,0,11,66.0,u850,-43.903533935546875,33.363834381103516,0,1038240,0.0
z500_brown_0.05,0,11,66.0,u925,-40.434207916259766,33.04189682006836,0,1038240,0.0
z500_brown_0.05,0,11,66.0,u1000,-26.21222686767578,22.64877700805664,0,1038240,0.0
z500_brown_0.05,0,11,66.0,v50,-22.324941635131836,20.153060913085938,0,1038240,0.0
z500_brown_0.05,0,11,66.0,v100,-24.895753860473633,20.706024169921875,0,1038240,0.0
z500_brown_0.05,0,11,66.0,v150,-34.85643005371094,33.53907012939453,0,1038240,0.0
z500_brown_0.05,0,11,66.0,v200,-47.047386169433594,42.18169021606445,0,1038240,0.0
z500_brown_0.05,0,11,66.0,v250,-55.504066467285156,46.780433654785156,0,1038240,0.0
z500_brown_0.05,0,11,66.0,v300,-54.3241081237793,51.83675765991211,0,1038240,0.0
z500_brown_0.05,0,11,66.0,v400,-52.804443359375,54.36347961425781,0,1038240,0.0
z500_brown_0.05,0,11,66.0,v500,-43.6859245300293,47.37936019897461,0,1038240,0.0
z500_brown_0.05,0,11,66.0,v600,-37.111087799072266,37.39496994018555,0,1038240,0.0
z500_brown_0.05,0,11,66.0,v700,-31.76580238342285,33.332603454589844,0,1038240,0.0
z500_brown_0.05,0,11,66.0,v850,-32.43692398071289,35.75955581665039,0,1038240,0.0
z500_brown_0.05,0,11,66.0,v925,-30.014949798583984,37.20769119262695,0,1038240,0.0
z500_brown_0.05,0,11,66.0,v1000,-23.531673431396484,23.045291900634766,0,1038240,0.0
z500_brown_0.05,0,11,66.0,z50,176715.375,208390.640625,0,1038240,0.0
z500_brown_0.05,0,11,66.0,z100,140183.53125,166101.3125,0,1038240,0.0
z500_brown_0.05,0,11,66.0,z150,117403.375,142017.5625,0,1038240,0.0
z500_brown_0.05,0,11,66.0,z200,100558.5234375,123862.203125,0,1038240,0.0
z500_brown_0.05,0,11,66.0,z250,87313.8984375,109124.890625,0,1038240,0.0
z500_brown_0.05,0,11,66.0,z300,76457.0390625,96616.3203125,0,1038240,0.0
z500_brown_0.05,0,11,66.0,z400,58818.08203125,75781.75,0,1038240,0.0
z500_brown_0.05,0,11,66.0,z500,44436.0234375,58813.00390625,0,1038240,0.0
z500_brown_0.05,0,11,66.0,z600,32365.38671875,44532.1484375,0,1038240,0.0
z500_brown_0.05,0,11,66.0,z700,21929.55859375,32306.466796875,0,1038240,0.0
z500_brown_0.05,0,11,66.0,z850,8337.44140625,16547.01953125,0,1038240,0.0
z500_brown_0.05,0,11,66.0,z925,2315.0615234375,9516.099609375,0,1038240,0.0
z500_brown_0.05,0,11,66.0,z1000,-3374.0986328125,3075.517578125,0,1038240,0.0
z500_brown_0.05,0,11,66.0,t50,180.39602661132812,236.0895233154297,0,1038240,0.0
z500_brown_0.05,0,11,66.0,t100,187.4844970703125,237.63414001464844,0,1038240,0.0
z500_brown_0.05,0,11,66.0,t150,191.40760803222656,242.72694396972656,0,1038240,0.0
z500_brown_0.05,0,11,66.0,t200,192.88409423828125,242.6237335205078,0,1038240,0.0
z500_brown_0.05,0,11,66.0,t250,198.29632568359375,243.61569213867188,0,1038240,0.0
z500_brown_0.05,0,11,66.0,t300,202.33663940429688,250.69712829589844,0,1038240,0.0
z500_brown_0.05,0,11,66.0,t400,212.8785400390625,265.0557556152344,0,1038240,0.0
z500_brown_0.05,0,11,66.0,t500,219.30078125,275.8186340332031,0,1038240,0.0
z500_brown_0.05,0,11,66.0,t600,213.015380859375,288.6510009765625,0,1038240,0.0
z500_brown_0.05,0,11,66.0,t700,212.1254119873047,299.8362121582031,0,1038240,0.0
z500_brown_0.05,0,11,66.0,t850,219.93296813964844,310.3692626953125,0,1038240,0.0
z500_brown_0.05,0,11,66.0,t925,223.63720703125,315.61669921875,0,1038240,0.0
z500_brown_0.05,0,11,66.0,t1000,227.19186401367188,320.6077575683594,0,1038240,0.0
z500_brown_0.05,0,11,66.0,q50,4.3267277760605793e-07,2.025861249421723e-06,0,1038240,0.0
z500_brown_0.05,0,11,66.0,q100,1.0109670256497338e-06,5.249768037174363e-06,0,1038240,0.0
z500_brown_0.05,0,11,66.0,q150,1.8573518900666386e-07,4.0918886952567846e-05,0,1038240,0.0
z500_brown_0.05,0,11,66.0,q200,-8.112525392789394e-06,0.00021313641627784818,10902,1038240,0.010500462320850671
z500_brown_0.05,0,11,66.0,q250,-1.3784705515718088e-05,0.0006800378323532641,16591,1038240,0.015979927569733394
z500_brown_0.05,0,11,66.0,q300,-2.7969435905106366e-05,0.0016068816184997559,17549,1038240,0.016902642934196334
z500_brown_0.05,0,11,66.0,q400,-7.097437628544867e-05,0.004450828768312931,27300,1038240,0.026294498381877023
z500_brown_0.05,0,11,66.0,q500,-8.251110557466745e-05,0.007701373193413019,15156,1038240,0.014597780859916783
z500_brown_0.05,0,11,66.0,q600,-0.00023067800793796778,0.009797397069633007,17799,1038240,0.01714343504392048
z500_brown_0.05,0,11,66.0,q700,-0.0003731141332536936,0.01259494386613369,38366,1038240,0.03695292032670673
z500_brown_0.05,0,11,66.0,q850,-0.0006578518077731133,0.018812650814652443,41400,1038240,0.039875173370319004
z500_brown_0.05,0,11,66.0,q925,-0.0005487860180437565,0.020310331135988235,47781,1038240,0.04602115117891817
z500_brown_0.05,0,11,66.0,q1000,-0.0006351848132908344,0.025939831510186195,41789,1038240,0.04024984589304978
z500_brown_0.05,0,12,72.0,u10m,-21.79624366760254,22.072715759277344,0,1038240,0.0
z500_brown_0.05,0,12,72.0,v10m,-23.000638961791992,21.246288299560547,0,1038240,0.0
z500_brown_0.05,0,12,72.0,u100m,-27.84198760986328,28.054275512695312,0,1038240,0.0
z500_brown_0.05,0,12,72.0,v100m,-29.902772903442383,26.557727813720703,0,1038240,0.0
z500_brown_0.05,0,12,72.0,t2m,202.27786254882812,320.02008056640625,0,1038240,0.0
z500_brown_0.05,0,12,72.0,sp,49049.21875,103852.9375,0,1038240,0.0
z500_brown_0.05,0,12,72.0,msl,95902.484375,103811.9140625,0,1038240,0.0
z500_brown_0.05,0,12,72.0,tcwv,-2.0361289978027344,76.1798324584961,34061,1038240,0.0328064801972569
z500_brown_0.05,0,12,72.0,u50,-30.058475494384766,68.28323364257812,0,1038240,0.0
z500_brown_0.05,0,12,72.0,u100,-31.140888214111328,58.460201263427734,0,1038240,0.0
z500_brown_0.05,0,12,72.0,u150,-33.441612243652344,69.3653335571289,0,1038240,0.0
z500_brown_0.05,0,12,72.0,u200,-35.613525390625,84.2560043334961,0,1038240,0.0
z500_brown_0.05,0,12,72.0,u250,-36.69982147216797,83.79649353027344,0,1038240,0.0
z500_brown_0.05,0,12,72.0,u300,-32.930694580078125,76.99068450927734,0,1038240,0.0
z500_brown_0.05,0,12,72.0,u400,-36.70240783691406,63.464683532714844,0,1038240,0.0
z500_brown_0.05,0,12,72.0,u500,-39.51482391357422,53.486595153808594,0,1038240,0.0
z500_brown_0.05,0,12,72.0,u600,-35.515830993652344,43.666072845458984,0,1038240,0.0
z500_brown_0.05,0,12,72.0,u700,-30.660011291503906,38.68492126464844,0,1038240,0.0
z500_brown_0.05,0,12,72.0,u850,-37.32106018066406,32.88412857055664,0,1038240,0.0
z500_brown_0.05,0,12,72.0,u925,-35.84368896484375,34.53853225708008,0,1038240,0.0
z500_brown_0.05,0,12,72.0,u1000,-21.897315979003906,22.510883331298828,0,1038240,0.0
z500_brown_0.05,0,12,72.0,v50,-22.79969596862793,21.01438331604004,0,1038240,0.0
z500_brown_0.05,0,12,72.0,v100,-23.980934143066406,21.798559188842773,0,1038240,0.0
z500_brown_0.05,0,12,72.0,v150,-35.954219818115234,34.68651580810547,0,1038240,0.0
z500_brown_0.05,0,12,72.0,v200,-46.21722412109375,42.730716705322266,0,1038240,0.0
z500_brown_0.05,0,12,72.0,v250,-56.18873596191406,48.38077163696289,0,1038240,0.0
z500_brown_0.05,0,12,72.0,v300,-56.03044128417969,51.42806625366211,0,1038240,0.0
z500_brown_0.05,0,12,72.0,v400,-51.581787109375,50.40361785888672,0,1038240,0.0
z500_brown_0.05,0,12,72.0,v500,-43.58616256713867,44.75580596923828,0,1038240,0.0
z500_brown_0.05,0,12,72.0,v600,-35.423851013183594,34.78396987915039,0,1038240,0.0
z500_brown_0.05,0,12,72.0,v700,-28.99012565612793,30.48494529724121,0,1038240,0.0
z500_brown_0.05,0,12,72.0,v850,-30.65569305419922,31.600271224975586,0,1038240,0.0
z500_brown_0.05,0,12,72.0,v925,-30.312503814697266,33.00041198730469,0,1038240,0.0
z500_brown_0.05,0,12,72.0,v1000,-23.28748893737793,21.243566513061523,0,1038240,0.0
z500_brown_0.05,0,12,72.0,z50,176656.875,208413.6875,0,1038240,0.0
z500_brown_0.05,0,12,72.0,z100,140199.5,165985.703125,0,1038240,0.0
z500_brown_0.05,0,12,72.0,z150,117400.7265625,141872.28125,0,1038240,0.0
z500_brown_0.05,0,12,72.0,z200,100552.375,123870.6328125,0,1038240,0.0
z500_brown_0.05,0,12,72.0,z250,87312.046875,109257.96875,0,1038240,0.0
z500_brown_0.05,0,12,72.0,z300,76451.59375,96720.8046875,0,1038240,0.0
z500_brown_0.05,0,12,72.0,z400,59034.51171875,75812.78125,0,1038240,0.0
z500_brown_0.05,0,12,72.0,z500,44654.38671875,58781.4609375,0,1038240,0.0
z500_brown_0.05,0,12,72.0,z600,32617.345703125,44571.6796875,0,1038240,0.0
z500_brown_0.05,0,12,72.0,z700,22232.4921875,32338.86328125,0,1038240,0.0
z500_brown_0.05,0,12,72.0,z850,8620.046875,16548.873046875,0,1038240,0.0
z500_brown_0.05,0,12,72.0,z925,2596.751953125,9509.4755859375,0,1038240,0.0
z500_brown_0.05,0,12,72.0,z1000,-3120.3125,3073.46044921875,0,1038240,0.0
z500_brown_0.05,0,12,72.0,t50,180.0858154296875,236.2884979248047,0,1038240,0.0
z500_brown_0.05,0,12,72.0,t100,186.95401000976562,238.22975158691406,0,1038240,0.0
z500_brown_0.05,0,12,72.0,t150,191.1875762939453,243.19630432128906,0,1038240,0.0
z500_brown_0.05,0,12,72.0,t200,192.02981567382812,243.42440795898438,0,1038240,0.0
z500_brown_0.05,0,12,72.0,t250,197.93307495117188,243.84396362304688,0,1038240,0.0
z500_brown_0.05,0,12,72.0,t300,201.8430938720703,250.83633422851562,0,1038240,0.0
z500_brown_0.05,0,12,72.0,t400,212.04330444335938,264.32330322265625,0,1038240,0.0
z500_brown_0.05,0,12,72.0,t500,219.2464599609375,275.00604248046875,0,1038240,0.0
z500_brown_0.05,0,12,72.0,t600,211.74298095703125,286.7428894042969,0,1038240,0.0
z500_brown_0.05,0,12,72.0,t700,211.21530151367188,295.1944885253906,0,1038240,0.0
z500_brown_0.05,0,12,72.0,t850,219.19915771484375,309.7471923828125,0,1038240,0.0
z500_brown_0.05,0,12,72.0,t925,222.74710083007812,314.9470520019531,0,1038240,0.0
z500_brown_0.05,0,12,72.0,t1000,226.2602996826172,319.82550048828125,0,1038240,0.0
z500_brown_0.05,0,12,72.0,q50,4.610969881468918e-07,2.0345073608041275e-06,0,1038240,0.0
z500_brown_0.05,0,12,72.0,q100,1.0658609426172916e-06,5.044582394475583e-06,0,1038240,0.0
z500_brown_0.05,0,12,72.0,q150,3.607442522479687e-07,3.474991171970032e-05,0,1038240,0.0
z500_brown_0.05,0,12,72.0,q200,-6.7954570113215595e-06,0.00020054803462699056,10096,1038240,0.009724148559100015
z500_brown_0.05,0,12,72.0,q250,-1.2485306797316298e-05,0.0006795689114369452,18569,1038240,0.017885074741870857
z500_brown_0.05,0,12,72.0,q300,-2.3256201529875398e-05,0.0015896722907200456,19650,1038240,0.018926259824318076
z500_brown_0.05,0,12,72.0,q400,-4.8160116421058774e-05,0.004279779735952616,24555,1038240,0.023650601017105873
z500_brown_0.05,0,12,72.0,q500,-8.140539284795523e-05,0.0073349252343177795,14125,1038240,0.013604754199414393
z500_brown_0.05,0,12,72.0,q600,-0.00019334221724420786,0.009922751225531101,17400,1038240,0.01675913083680074
z500_brown_0.05,0,12,72.0,q700,-0.00042011518962681293,0.012729700654745102,28932,1038240,0.027866389274156265
z500_brown_0.05,0,12,72.0,q850,-0.0006082113832235336,0.018417587503790855,36083,1038240,0.03475400678070581
z500_brown_0.05,0,12,72.0,q925,-0.0005898694507777691,0.02036883868277073,40341,1038240,0.03885517799352751
z500_brown_0.05,0,12,72.0,q1000,-0.0006419899873435497,0.025858687236905098,37466,1038240,0.0360860687316998
z500_brown_0.05,0,13,78.0,u10m,-18.569259643554688,20.620540618896484,0,1038240,0.0
z500_brown_0.05,0,13,78.0,v10m,-25.451242446899414,18.587345123291016,0,1038240,0.0
z500_brown_0.05,0,13,78.0,u100m,-24.83624267578125,25.920656204223633,0,1038240,0.0
z500_brown_0.05,0,13,78.0,v100m,-32.228858947753906,23.24692726135254,0,1038240,0.0
z500_brown_0.05,0,13,78.0,t2m,202.70237731933594,316.01580810546875,0,1038240,0.0
z500_brown_0.05,0,13,78.0,sp,49067.75,103782.9140625,0,1038240,0.0
z500_brown_0.05,0,13,78.0,msl,95951.3046875,103743.8515625,0,1038240,0.0
z500_brown_0.05,0,13,78.0,tcwv,-1.9851264953613281,75.17382049560547,33569,1038240,0.032332601325319774
z500_brown_0.05,0,13,78.0,u50,-31.892898559570312,68.86507415771484,0,1038240,0.0
z500_brown_0.05,0,13,78.0,u100,-31.24679946899414,57.026180267333984,0,1038240,0.0
z500_brown_0.05,0,13,78.0,u150,-34.15351104736328,69.36675262451172,0,1038240,0.0
z500_brown_0.05,0,13,78.0,u200,-36.01458740234375,84.66136932373047,0,1038240,0.0
z500_brown_0.05,0,13,78.0,u250,-36.99419403076172,83.81900024414062,0,1038240,0.0
z500_brown_0.05,0,13,78.0,u300,-33.27984619140625,77.3450927734375,0,1038240,0.0
z500_brown_0.05,0,13,78.0,u400,-36.31990051269531,60.33009338378906,0,1038240,0.0
z500_brown_0.05,0,13,78.0,u500,-40.59070587158203,51.88328170776367,0,1038240,0.0
z500_brown_0.05,0,13,78.0,u600,-37.164527893066406,45.3140869140625,0,1038240,0.0
z500_brown_0.05,0,13,78.0,u700,-29.93541717529297,38.789466857910156,0,1038240,0.0
z500_brown_0.05,0,13,78.0,u850,-31.945039749145508,34.76224136352539,0,1038240,0.0
z500_brown_0.05,0,13,78.0,u925,-30.402053833007812,33.257469177246094,0,1038240,0.0
z500_brown_0.05,0,13,78.0,u1000,-20.550256729125977,24.004507064819336,0,1038240,0.0
z500_brown_0.05,0,13,78.0,v50,-22.98807144165039,19.61348533630371,0,1038240,0.0
z500_brown_0.05,0,13,78.0,v100,-22.14203643798828,22.17285919189453,0,1038240,0.0
z500_brown_0.05,0,13,78.0,v150,-34.877769470214844,35.47475814819336,0,1038240,0.0
z500_brown_0.05,0,13,78.0,v200,-44.45830154418945,43.97752380371094,0,1038240,0.0
z500_brown_0.05,0,13,78.0,v250,-56.09941101074219,46.65704345703125,0,1038240,0.0
z500_brown_0.05,0,13,78.0,v300,-56.247154235839844,49.880584716796875,0,1038240,0.0
z500_brown_0.05,0,13,78.0,v400,-59.763519287109375,49.13238525390625,0,1038240,0.0
z500_brown_0.05,0,13,78.0,v500,-50.65699005126953,43.4079475402832,0,1038240,0.0
z500_brown_0.05,0,13,78.0,v600,-35.54153823852539,32.952911376953125,0,1038240,0.0
z500_brown_0.05,0,13,78.0,v700,-32.454368591308594,29.902551651000977,0,1038240,0.0
z500_brown_0.05,0,13,78.0,v850,-35.408103942871094,28.97873878479004,0,1038240,0.0
z500_brown_0.05,0,13,78.0,v925,-32.46934127807617,29.486730575561523,0,1038240,0.0
z500_brown_0.05,0,13,78.0,v1000,-25.88256072998047,21.009811401367188,0,1038240,0.0
z500_brown_0.05,0,13,78.0,z50,176674.625,208528.234375,0,1038240,0.0
z500_brown_0.05,0,13,78.0,z100,140175.40625,166109.5625,0,1038240,0.0
z500_brown_0.05,0,13,78.0,z150,117350.671875,142001.40625,0,1038240,0.0
z500_brown_0.05,0,13,78.0,z200,100511.6484375,123846.7109375,0,1038240,0.0
z500_brown_0.05,0,13,78.0,z250,87264.546875,109248.25,0,1038240,0.0
z500_brown_0.05,0,13,78.0,z300,76413.625,96728.09375,0,1038240,0.0
z500_brown_0.05,0,13,78.0,z400,59143.0859375,75855.515625,0,1038240,0.0
z500_brown_0.05,0,13,78.0,z500,44790.68359375,58847.0234375,0,1038240,0.0
z500_brown_0.05,0,13,78.0,z600,32763.52734375,44535.83203125,0,1038240,0.0
z500_brown_0.05,0,13,78.0,z700,22363.9296875,32306.50390625,0,1038240,0.0
z500_brown_0.05,0,13,78.0,z850,8756.921875,16498.05859375,0,1038240,0.0
z500_brown_0.05,0,13,78.0,z925,2766.55224609375,9447.6171875,0,1038240,0.0
z500_brown_0.05,0,13,78.0,z1000,-3228.220703125,3017.013671875,0,1038240,0.0
z500_brown_0.05,0,13,78.0,t50,179.92208862304688,236.676025390625,0,1038240,0.0
z500_brown_0.05,0,13,78.0,t100,185.74984741210938,238.62351989746094,0,1038240,0.0
z500_brown_0.05,0,13,78.0,t150,188.84133911132812,244.0372314453125,0,1038240,0.0
z500_brown_0.05,0,13,78.0,t200,191.53622436523438,244.09890747070312,0,1038240,0.0
z500_brown_0.05,0,13,78.0,t250,197.80780029296875,244.03274536132812,0,1038240,0.0
z500_brown_0.05,0,13,78.0,t300,201.7696533203125,250.62948608398438,0,1038240,0.0
z500_brown_0.05,0,13,78.0,t400,211.9027557373047,264.6112365722656,0,1038240,0.0
z500_brown_0.05,0,13,78.0,t500,218.95086669921875,276.28082275390625,0,1038240,0.0
z500_brown_0.05,0,13,78.0,t600,209.41213989257812,288.277099609375,0,1038240,0.0
z500_brown_0.05,0,13,78.0,t700,212.03408813476562,299.9707336425781,0,1038240,0.0
z500_brown_0.05,0,13,78.0,t850,219.88209533691406,312.27874755859375,0,1038240,0.0
z500_brown_0.05,0,13,78.0,t925,223.50108337402344,317.04229736328125,0,1038240,0.0
z500_brown_0.05,0,13,78.0,t1000,227.0367889404297,322.05230712890625,0,1038240,0.0
z500_brown_0.05,0,13,78.0,q50,4.939229256706312e-07,2.042350160991191e-06,0,1038240,0.0
z500_brown_0.05,0,13,78.0,q100,1.0694191132643027e-06,4.859754426433938e-06,0,1038240,0.0
z500_brown_0.05,0,13,78.0,q150,2.370784386585001e-07,3.603204095270485e-05,0,1038240,0.0
z500_brown_0.05,0,13,78.0,q200,-7.116957931430079e-06,0.0001989198790397495,9826,1038240,0.009464093080597934
z500_brown_0.05,0,13,78.0,q250,-9.41460530157201e-06,0.000676727679092437,19731,1038240,0.0190042764678687
z500_brown_0.05,0,13,78.0,q300,-2.4745429982431233e-05,0.0015804253052920103,19969,1038240,0.01923351055632609
z500_brown_0.05,0,13,78.0,q400,-4.055091994814575e-05,0.00421800184994936,26148,1038240,0.025184928340268146
z500_brown_0.05,0,13,78.0,q500,-0.00011928105959668756,0.007834025658667088,13505,1038240,0.013007589767298506
z500_brown_0.05,0,13,78.0,q600,-0.00019781605806201696,0.01131477952003479,14500,1038240,0.013965942364000616
z500_brown_0.05,0,13,78.0,q700,-0.00038469256833195686,0.013245174661278725,34700,1038240,0.03342194482971182
z500_brown_0.05,0,13,78.0,q850,-0.0006101983599364758,0.018512867391109467,39998,1038240,0.038524811218985974
z500_brown_0.05,0,13,78.0,q925,-0.0005554314702749252,0.02108200080692768,48931,1038240,0.04712879488364925
z500_brown_0.05,0,13,78.0,q1000,-0.0006105131469666958,0.025904269888997078,39512,1038240,0.03805671135768223
z500_brown_0.05,0,14,84.0,u10m,-22.23958969116211,19.307485580444336,0,1038240,0.0
z500_brown_0.05,0,14,84.0,v10m,-24.451448440551758,17.101167678833008,0,1038240,0.0
z500_brown_0.05,0,14,84.0,u100m,-29.01654815673828,24.297542572021484,0,1038240,0.0
z500_brown_0.05,0,14,84.0,v100m,-31.17430305480957,20.948410034179688,0,1038240,0.0
z500_brown_0.05,0,14,84.0,t2m,202.88592529296875,321.6744384765625,0,1038240,0.0
z500_brown_0.05,0,14,84.0,sp,48978.89453125,103760.8359375,0,1038240,0.0
z500_brown_0.05,0,14,84.0,msl,95897.2109375,103731.9140625,0,1038240,0.0
z500_brown_0.05,0,14,84.0,tcwv,-2.092081069946289,75.51634216308594,31909,1038240,0.030733741716751424
z500_brown_0.05,0,14,84.0,u50,-30.292709350585938,68.08882141113281,0,1038240,0.0
z500_brown_0.05,0,14,84.0,u100,-30.957565307617188,55.834022521972656,0,1038240,0.0
z500_brown_0.05,0,14,84.0,u150,-35.045936584472656,69.23927307128906,0,1038240,0.0
z500_brown_0.05,0,14,84.0,u200,-36.04718780517578,86.0697250366211,0,1038240,0.0
z500_brown_0.05,0,14,84.0,u250,-36.54533386230469,85.97525024414062,0,1038240,0.0
z500_brown_0.05,0,14,84.0,u300,-32.56271743774414,79.60595703125,0,1038240,0.0
z500_brown_0.05,0,14,84.0,u400,-39.66316223144531,59.257080078125,0,1038240,0.0
z500_brown_0.05,0,14,84.0,u500,-36.879764556884766,51.26533126831055,0,1038240,0.0
z500_brown_0.05,0,14,84.0,u600,-33.98063278198242,45.13752746582031,0,1038240,0.0
z500_brown_0.05,0,14,84.0,u700,-28.117450714111328,38.55241394042969,0,1038240,0.0
z500_brown_0.05,0,14,84.0,u850,-32.71063232421875,36.40597915649414,0,1038240,0.0
z500_brown_0.05,0,14,84.0,u925,-34.62804412841797,30.539587020874023,0,1038240,0.0
z500_brown_0.05,0,14,84.0,u1000,-21.4665470123291,22.446949005126953,0,1038240,0.0
z500_brown_0.05,0,14,84.0,v50,-23.4541072845459,20.557754516601562,0,1038240,0.0
z500_brown_0.05,0,14,84.0,v100,-21.512588500976562,21.63664436340332,0,1038240,0.0
z500_brown_0.05,0,14,84.0,v150,-35.233055114746094,36.795955657958984,0,1038240,0.0
z500_brown_0.05,0,14,84.0,v200,-45.00654602050781,47.14646911621094,0,1038240,0.0
z500_brown_0.05,0,14,84.0,v250,-54.22856521606445,46.88444900512695,0,1038240,0.0
z500_brown_0.05,0,14,84.0,v300,-56.26841735839844,45.469783782958984,0,1038240,0.0
z500_brown_0.05,0,14,84.0,v400,-60.543922424316406,47.010589599609375,0,1038240,0.0
z500_brown_0.05,0,14,84.0,v500,-51.64397430419922,42.17451858520508,0,1038240,0.0
z500_brown_0.05,0,14,84.0,v600,-39.569610595703125,36.14905548095703,0,1038240,0.0
z500_brown_0.05,0,14,84.0,v700,-34.35677719116211,30.968000411987305,0,1038240,0.0
z500_brown_0.05,0,14,84.0,v850,-36.80828094482422,26.325286865234375,0,1038240,0.0
z500_brown_0.05,0,14,84.0,v925,-31.378049850463867,27.413875579833984,0,1038240,0.0
z500_brown_0.05,0,14,84.0,v1000,-24.90189552307129,18.693622589111328,0,1038240,0.0
z500_brown_0.05,0,14,84.0,z50,176582.015625,208633.671875,0,1038240,0.0
z500_brown_0.05,0,14,84.0,z100,140189.78125,166245.75,0,1038240,0.0
z500_brown_0.05,0,14,84.0,z150,117372.09375,142230.640625,0,1038240,0.0
z500_brown_0.05,0,14,84.0,z200,100528.4296875,123952.5390625,0,1038240,0.0
z500_brown_0.05,0,14,84.0,z250,87283.3671875,109064.421875,0,1038240,0.0
z500_brown_0.05,0,14,84.0,z300,76424.9375,96556.0234375,0,1038240,0.0
z500_brown_0.05,0,14,84.0,z400,59136.31640625,75707.7890625,0,1038240,0.0
z500_brown_0.05,0,14,84.0,z500,45049.17578125,58726.01953125,0,1038240,0.0
z500_brown_0.05,0,14,84.0,z600,32988.4453125,44499.359375,0,1038240,0.0
z500_brown_0.05,0,14,84.0,z700,22603.890625,32282.615234375,0,1038240,0.0
z500_brown_0.05,0,14,84.0,z850,8878.9296875,16489.6015625,0,1038240,0.0
z500_brown_0.05,0,14,84.0,z925,2654.6240234375,9435.341796875,0,1038240,0.0
z500_brown_0.05,0,14,84.0,z1000,-3264.7548828125,3006.8798828125,0,1038240,0.0
z500_brown_0.05,0,14,84.0,t50,179.22239685058594,237.06179809570312,0,1038240,0.0
z500_brown_0.05,0,14,84.0,t100,184.4710693359375,239.11561584472656,0,1038240,0.0
z500_brown_0.05,0,14,84.0,t150,187.578857421875,243.90216064453125,0,1038240,0.0
z500_brown_0.05,0,14,84.0,t200,192.18045043945312,243.7438201904297,0,1038240,0.0
z500_brown_0.05,0,14,84.0,t250,197.80763244628906,244.49330139160156,0,1038240,0.0
z500_brown_0.05,0,14,84.0,t300,202.17333984375,251.1168975830078,0,1038240,0.0
z500_brown_0.05,0,14,84.0,t400,211.9483184814453,265.8208312988281,0,1038240,0.0
z500_brown_0.05,0,14,84.0,t500,218.78817749023438,278.5989685058594,0,1038240,0.0
z500_brown_0.05,0,14,84.0,t600,209.20188903808594,291.1495361328125,0,1038240,0.0
z500_brown_0.05,0,14,84.0,t700,213.5719757080078,302.830322265625,0,1038240,0.0
z500_brown_0.05,0,14,84.0,t850,221.50599670410156,313.3919677734375,0,1038240,0.0
z500_brown_0.05,0,14,84.0,t925,225.04214477539062,318.3984375,0,1038240,0.0
z500_brown_0.05,0,14,84.0,t1000,228.63392639160156,323.54998779296875,0,1038240,0.0
z500_brown_0.05,0,14,84.0,q50,5.269932898954721e-07,2.0471190964599373e-06,0,1038240,0.0
z500_brown_0.05,0,14,84.0,q100,1.0383459994045552e-06,4.718069249065593e-06,0,1038240,0.0
z500_brown_0.05,0,14,84.0,q150,2.4588644009782e-07,4.481427822611295e-05,0,1038240,0.0
z500_brown_0.05,0,14,84.0,q200,-6.6900174715556204e-06,0.00022732643992640078,11111,1038240,0.010701764524580059
z500_brown_0.05,0,14,84.0,q250,-1.2184533261461183e-05,0.0006438971613533795,19096,1038240,0.018392664509169362
z500_brown_0.05,0,14,84.0,q300,-2.8757305699400604e-05,0.001530577428638935,20923,1038240,0.02015237324703344
z500_brown_0.05,0,14,84.0,q400,-0.00014109149924479425,0.004131725057959557,28034,1038240,0.027001464016027123
z500_brown_0.05,0,14,84.0,q500,-0.00015863834414631128,0.007905367761850357,13186,1038240,0.01270033903529049
z500_brown_0.05,0,14,84.0,q600,-0.0001634268555790186,0.010196131654083729,13266,1038240,0.012777392510402219
z500_brown_0.05,0,14,84.0,q700,-0.00038368371315300465,0.013229485601186752,26406,1038240,0.02543342579750347
z500_brown_0.05,0,14,84.0,q850,-0.0004629967734217644,0.018705690279603004,37719,1038240,0.03632975034674064
z500_brown_0.05,0,14,84.0,q925,-0.0005223853513598442,0.021260902285575867,46600,1038240,0.044883649252581294
z500_brown_0.05,0,14,84.0,q1000,-0.0006105704233050346,0.02545034885406494,35289,1038240,0.033989251040221914
z500_brown_0.05,0,15,90.0,u10m,-25.08003044128418,18.444461822509766,0,1038240,0.0
z500_brown_0.05,0,15,90.0,v10m,-22.06021499633789,17.245832443237305,0,1038240,0.0
z500_brown_0.05,0,15,90.0,u100m,-32.229122161865234,23.09794044494629,0,1038240,0.0
z500_brown_0.05,0,15,90.0,v100m,-27.834177017211914,21.155216217041016,0,1038240,0.0
z500_brown_0.05,0,15,90.0,t2m,202.80824279785156,320.7934265136719,0,1038240,0.0
z500_brown_0.05,0,15,90.0,sp,49108.0078125,103720.0390625,0,1038240,0.0
z500_brown_0.05,0,15,90.0,msl,95620.5078125,103684.9375,0,1038240,0.0
z500_brown_0.05,0,15,90.0,tcwv,-2.0752525329589844,77.9925537109375,28560,1038240,0.02750809061488673
z500_brown_0.05,0,15,90.0,u50,-30.231182098388672,69.27913665771484,0,1038240,0.0
z500_brown_0.05,0,15,90.0,u100,-31.86286163330078,56.26702880859375,0,1038240,0.0
z500_brown_0.05,0,15,90.0,u150,-39.648704528808594,71.27079772949219,0,1038240,0.0
z500_brown_0.05,0,15,90.0,u200,-35.00023651123047,86.29097747802734,0,1038240,0.0
z500_brown_0.05,0,15,90.0,u250,-35.416996002197266,86.15830993652344,0,1038240,0.0
z500_brown_0.05,0,15,90.0,u300,-41.125770568847656,81.04948425292969,0,1038240,0.0
z500_brown_0.05,0,15,90.0,u400,-42.51512145996094,58.4766845703125,0,1038240,0.0
z500_brown_0.05,0,15,90.0,u500,-35.952640533447266,49.03740692138672,0,1038240,0.0
z500_brown_0.05,0,15,90.0,u600,-27.211074829101562,42.318328857421875,0,1038240,0.0
z500_brown_0.05,0,15,90.0,u700,-29.632244110107422,38.35588455200195,0,1038240,0.0
z500_brown_0.05,0,15,90.0,u850,-38.090538024902344,37.11991500854492,0,1038240,0.0
z500_brown_0.05,0,15,90.0,u925,-38.52544021606445,31.08654022216797,0,1038240,0.0
z500_brown_0.05,0,15,90.0,u1000,-24.382408142089844,20.271766662597656,0,1038240,0.0
z500_brown_0.05,0,15,90.0,v50,-23.28314781188965,19.650592803955078,0,1038240,0.0
z500_brown_0.05,0,15,90.0,v100,-19.013471603393555,23.164443969726562,0,1038240,0.0
z500_brown_0.05,0,15,90.0,v150,-34.864845275878906,35.625545501708984,0,1038240,0.0
z500_brown_0.05,0,15,90.0,v200,-43.09724807739258,47.2142219543457,0,1038240,0.0
z500_brown_0.05,0,15,90.0,v250,-53.6983642578125,54.50640106201172,0,1038240,0.0
z500_brown_0.05,0,15,90.0,v300,-53.61213302612305,56.1181755065918,0,1038240,0.0
z500_brown_0.05,0,15,90.0,v400,-57.52791213989258,51.13086700439453,0,1038240,0.0
z500_brown_0.05,0,15,90.0,v500,-52.386512756347656,46.56179428100586,0,1038240,0.0
z500_brown_0.05,0,15,90.0,v600,-42.28843688964844,39.31501007080078,0,1038240,0.0
z500_brown_0.05,0,15,90.0,v700,-33.358245849609375,31.439626693725586,0,1038240,0.0
z500_brown_0.05,0,15,90.0,v850,-33.25934600830078,26.967453002929688,0,1038240,0.0
z500_brown_0.05,0,15,90.0,v925,-32.390342712402344,27.431964874267578,0,1038240,0.0
z500_brown_0.05,0,15,90.0,v1000,-22.1315860748291,19.444095611572266,0,1038240,0.0
z500_brown_0.05,0,15,90.0,z50,176510.171875,208529.515625,0,1038240,0.0
z500_brown_0.05,0,15,90.0,z100,140157.96875,166369.96875,0,1038240,0.0
z500_brown_0.05,0,15,90.0,z150,117318.8515625,142241.015625,0,1038240,0.0
z500_brown_0.05,0,15,90.0,z200,100456.796875,123970.5625,0,1038240,0.0
z500_brown_0.05,0,15,90.0,z250,87193.2109375,109190.078125,0,1038240,0.0
z500_brown_0.05,0,15,90.0,z300,76307.6484375,96678.2421875,0,1038240,0.0
z500_brown_0.05,0,15,90.0,z400,59019.98046875,75823.40625,0,1038240,0.0
z500_brown_0.05,0,15,90.0,z500,45261.140625,58826.59765625,0,1038240,0.0
z500_brown_0.05,0,15,90.0,z600,33204.41015625,44417.77734375,0,1038240,0.0
z500_brown_0.05,0,15,90.0,z700,22610.33984375,32206.7734375,0,1038240,0.0
z500_brown_0.05,0,15,90.0,z850,8607.224609375,16435.208984375,0,1038240,0.0
z500_brown_0.05,0,15,90.0,z925,2410.75732421875,9387.978515625,0,1038240,0.0
z500_brown_0.05,0,15,90.0,z1000,-3386.13037109375,2969.80810546875,0,1038240,0.0
z500_brown_0.05,0,15,90.0,t50,179.15597534179688,237.39547729492188,0,1038240,0.0
z500_brown_0.05,0,15,90.0,t100,184.40762329101562,239.3587646484375,0,1038240,0.0
z500_brown_0.05,0,15,90.0,t150,186.70986938476562,244.26194763183594,0,1038240,0.0
z500_brown_0.05,0,15,90.0,t200,192.80947875976562,243.5218505859375,0,1038240,0.0
z500_brown_0.05,0,15,90.0,t250,198.01080322265625,244.6913604736328,0,1038240,0.0
z500_brown_0.05,0,15,90.0,t300,202.3616485595703,250.4105224609375,0,1038240,0.0
z500_brown_0.05,0,15,90.0,t400,211.86886596679688,264.7266540527344,0,1038240,0.0
z500_brown_0.05,0,15,90.0,t500,218.0529022216797,275.403076171875,0,1038240,0.0
z500_brown_0.05,0,15,90.0,t600,208.31704711914062,287.37969970703125,0,1038240,0.0
z500_brown_0.05,0,15,90.0,t700,213.63662719726562,296.9383544921875,0,1038240,0.0
z500_brown_0.05,0,15,90.0,t850,222.48069763183594,309.2781677246094,0,1038240,0.0
z500_brown_0.05,0,15,90.0,t925,226.1573486328125,314.97100830078125,0,1038240,0.0
z500_brown_0.05,0,15,90.0,t1000,229.302734375,320.39666748046875,0,1038240,0.0
z500_brown_0.05,0,15,90.0,q50,5.626811798720155e-07,2.0599695744749624e-06,0,1038240,0.0
z500_brown_0.05,0,15,90.0,q100,1.02566218629363e-06,4.6465956984320655e-06,0,1038240,0.0
z500_brown_0.05,0,15,90.0,q150,-1.31154138216516e-07,4.122123937122524e-05,6,1038240,5.779010633379566e-06
z500_brown_0.05,0,15,90.0,q200,-7.5499792728805915e-06,0.00021608415408991277,11089,1038240,0.010680574818924333
z500_brown_0.05,0,15,90.0,q250,-1.2610584235517308e-05,0.0006970620015636086,17717,1038240,0.01706445523193096
z500_brown_0.05,0,15,90.0,q300,-3.3442338462919e-05,0.0015132222324609756,19719,1038240,0.01899271844660194
z500_brown_0.05,0,15,90.0,q400,-6.335970829240978e-05,0.004264745861291885,31116,1038240,0.029969949144706427
z500_brown_0.05,0,15,90.0,q500,-0.00011788890697062016,0.007594159804284573,13242,1038240,0.0127542764678687
z500_brown_0.05,0,15,90.0,q600,-0.00021716835908591747,0.0100321089848876,14563,1038240,0.014026621975651101
z500_brown_0.05,0,15,90.0,q700,-0.00042190123349428177,0.013044686987996101,36115,1038240,0.0347848281707505
z500_brown_0.05,0,15,90.0,q850,-0.000522972084581852,0.0186636783182621,40930,1038240,0.0394224842040376
z500_brown_0.05,0,15,90.0,q925,-0.00044853612780570984,0.02105565369129181,51699,1038240,0.04979484512251502
z500_brown_0.05,0,15,90.0,q1000,-0.0005161343142390251,0.02536056376993656,39706,1038240,0.03824356603482817
z500_brown_0.05,0,16,96.0,u10m,-22.474075317382812,18.969070434570312,0,1038240,0.0
z500_brown_0.05,0,16,96.0,v10m,-20.35141372680664,21.257661819458008,0,1038240,0.0
z500_brown_0.05,0,16,96.0,u100m,-29.5142822265625,23.261259078979492,0,1038240,0.0
z500_brown_0.05,0,16,96.0,v100m,-25.807470321655273,26.9627742767334,0,1038240,0.0
z500_brown_0.05,0,16,96.0,t2m,202.68203735351562,317.02142333984375,0,1038240,0.0
z500_brown_0.05,0,16,96.0,sp,48952.83984375,103675.3515625,0,1038240,0.0
z500_brown_0.05,0,16,96.0,msl,95425.921875,103646.140625,0,1038240,0.0
z500_brown_0.05,0,16,96.0,tcwv,-2.550661087036133,76.43809509277344,36505,1038240,0.03516046386192017
z500_brown_0.05,0,16,96.0,u50,-30.54467010498047,68.73957824707031,0,1038240,0.0
z500_brown_0.05,0,16,96.0,u100,-31.418987274169922,57.55498504638672,0,1038240,0.0
z500_brown_0.05,0,16,96.0,u150,-40.404640197753906,73.51761627197266,0,1038240,0.0
z500_brown_0.05,0,16,96.0,u200,-34.44037628173828,85.09452056884766,0,1038240,0.0
z500_brown_0.05,0,16,96.0,u250,-34.706703186035156,86.79795837402344,0,1038240,0.0
z500_brown_0.05,0,16,96.0,u300,-34.39015197753906,80.32971954345703,0,1038240,0.0
z500_brown_0.05,0,16,96.0,u400,-42.353179931640625,59.463233947753906,0,1038240,0.0
z500_brown_0.05,0,16,96.0,u500,-36.61579895019531,49.743343353271484,0,1038240,0.0
z500_brown_0.05,0,16,96.0,u600,-32.432586669921875,42.056358337402344,0,1038240,0.0
z500_brown_0.05,0,16,96.0,u700,-34.90666198730469,39.47418975830078,0,1038240,0.0
z500_brown_0.05,0,16,96.0,u850,-40.709808349609375,38.909061431884766,0,1038240,0.0
z500_brown_0.05,0,16,96.0,u925,-33.29780578613281,32.90504455566406,0,1038240,0.0
z500_brown_0.05,0,16,96.0,u1000,-22.352340698242188,19.91145896911621,0,1038240,0.0
z500_brown_0.05,0,16,96.0,v50,-22.653240203857422,21.10773468017578,0,1038240,0.0
z500_brown_0.05,0,16,96.0,v100,-17.90554428100586,25.312650680541992,0,1038240,0.0
z500_brown_0.05,0,16,96.0,v150,-33.919456481933594,37.354801177978516,0,1038240,0.0
z500_brown_0.05,0,16,96.0,v200,-42.5847053527832,50.35261154174805,0,1038240,0.0
z500_brown_0.05,0,16,96.0,v250,-53.11116027832031,57.73219299316406,0,1038240,0.0
z500_brown_0.05,0,16,96.0,v300,-51.451072692871094,61.19480514526367,0,1038240,0.0
z500_brown_0.05,0,16,96.0,v400,-56.152252197265625,52.86784744262695,0,1038240,0.0
z500_brown_0.05,0,16,96.0,v500,-49.90711975097656,50.397274017333984,0,1038240,0.0
z500_brown_0.05,0,16,96.0,v600,-39.086631774902344,42.983646392822266,0,1038240,0.0
z500_brown_0.05,0,16,96.0,v700,-32.85019302368164,33.746429443359375,0,1038240,0.0
z500_brown_0.05,0,16,96.0,v850,-31.346792221069336,31.536405563354492,0,1038240,0.0
z500_brown_0.05,0,16,96.0,v925,-31.026241302490234,30.920602798461914,0,1038240,0.0
z500_brown_0.05,0,16,96.0,v1000,-20.61593246459961,20.970041275024414,0,1038240,0.0
z500_brown_0.05,0,16,96.0,z50,176400.21875,208514.359375,0,1038240,0.0
z500_brown_0.05,0,16,96.0,z100,140138.5625,166236.875,0,1038240,0.0
z500_brown_0.05,0,16,96.0,z150,117288.609375,142087.765625,0,1038240,0.0
z500_brown_0.05,0,16,96.0,z200,100395.4453125,123890.734375,0,1038240,0.0
z500_brown_0.05,0,16,96.0,z250,87118.65625,109254.1171875,0,1038240,0.0
z500_brown_0.05,0,16,96.0,z300,76239.6484375,96697.921875,0,1038240,0.0
z500_brown_0.05,0,16,96.0,z400,58993.7734375,75753.21875,0,1038240,0.0
z500_brown_0.05,0,16,96.0,z500,45084.52734375,58690.9453125,0,1038240,0.0
z500_brown_0.05,0,16,96.0,z600,32959.46484375,44428.85546875,0,1038240,0.0
z500_brown_0.05,0,16,96.0,z700,22350.96484375,32211.166015625,0,1038240,0.0
z500_brown_0.05,0,16,96.0,z850,8405.9375,16431.43359375,0,1038240,0.0
z500_brown_0.05,0,16,96.0,z925,2246.26953125,9378.0322265625,0,1038240,0.0
z500_brown_0.05,0,16,96.0,z1000,-3654.23681640625,2943.966796875,0,1038240,0.0
z500_brown_0.05,0,16,96.0,t50,179.30126953125,237.5140838623047,0,1038240,0.0
z500_brown_0.05,0,16,96.0,t100,184.82789611816406,239.85289001464844,0,1038240,0.0
z500_brown_0.05,0,16,96.0,t150,186.85302734375,244.4467010498047,0,1038240,0.0
z500_brown_0.05,0,16,96.0,t200,193.36785888671875,243.46102905273438,0,1038240,0.0
z500_brown_0.05,0,16,96.0,t250,198.1512451171875,245.0250244140625,0,1038240,0.0
z500_brown_0.05,0,16,96.0,t300,202.56077575683594,250.17474365234375,0,1038240,0.0
z500_brown_0.05,0,16,96.0,t400,211.17877197265625,264.29669189453125,0,1038240,0.0
z500_brown_0.05,0,16,96.0,t500,217.80747985839844,275.3083190917969,0,1038240,0.0
z500_brown_0.05,0,16,96.0,t600,207.2651824951172,284.9672546386719,0,1038240,0.0
z500_brown_0.05,0,16,96.0,t700,213.85350036621094,293.6943664550781,0,1038240,0.0
z500_brown_0.05,0,16,96.0,t850,222.34622192382812,310.2032775878906,0,1038240,0.0
z500_brown_0.05,0,16,96.0,t925,226.05995178222656,315.1363525390625,0,1038240,0.0
z500_brown_0.05,0,16,96.0,t1000,229.249267578125,320.01678466796875,0,1038240,0.0
z500_brown_0.05,0,16,96.0,q50,5.959543614153517e-07,2.0785648757737363e-06,0,1038240,0.0
z500_brown_0.05,0,16,96.0,q100,1.0224592870144988e-06,4.635814548237249e-06,0,1038240,0.0
z500_brown_0.05,0,16,96.0,q150,-8.632027856947388e-07,3.53189607267268e-05,18,1038240,1.7337031900138696e-05
z500_brown_0.05,0,16,96.0,q200,-8.215050911530852e-06,0.00019065501692239195,12490,1038240,0.012029973801818462
z500_brown_0.05,0,16,96.0,q250,-1.2679196515819058e-05,0.0006711882306262851,16417,1038240,0.015812336261365387
z500_brown_0.05,0,16,96.0,q300,-3.0429160688072443e-05,0.0015222744550555944,20071,1038240,0.019331753737093543
z500_brown_0.05,0,16,96.0,q400,-5.194018012844026e-05,0.004127090331166983,23189,1038240,0.022334912929573125
z500_brown_0.05,0,16,96.0,q500,-0.00010832981206476688,0.007284155581146479,13236,1038240,0.012748497457235322
z500_brown_0.05,0,16,96.0,q600,-0.0002591616939753294,0.009956177324056625,16285,1038240,0.015685198027431037
z500_brown_0.05,0,16,96.0,q700,-0.00045000528916716576,0.012691177427768707,32264,1038240,0.031075666512559715
z500_brown_0.05,0,16,96.0,q850,-0.0007223454304039478,0.018846888095140457,44007,1038240,0.042386153490522424
z500_brown_0.05,0,16,96.0,q925,-0.000544773880392313,0.02205169014632702,50768,1038240,0.0488981353059023
z500_brown_0.05,0,16,96.0,q1000,-0.000577055849134922,0.025569362565875053,45659,1038240,0.0439773077515796
z500_brown_0.05,0,17,102.0,u10m,-20.452238082885742,21.105030059814453,0,1038240,0.0
z500_brown_0.05,0,17,102.0,v10m,-18.147756576538086,20.100069046020508,0,1038240,0.0
z500_brown_0.05,0,17,102.0,u100m,-26.947351455688477,26.942861557006836,0,1038240,0.0
z500_brown_0.05,0,17,102.0,v100m,-23.189876556396484,24.537864685058594,0,1038240,0.0
z500_brown_0.05,0,17,102.0,t2m,202.48294067382812,314.726806640625,0,1038240,0.0
z500_brown_0.05,0,17,102.0,sp,48953.71484375,103567.453125,0,1038240,0.0
z500_brown_0.05,0,17,102.0,msl,95323.9296875,103542.5703125,0,1038240,0.0
z500_brown_0.05,0,17,102.0,tcwv,-2.539052963256836,76.61666870117188,41111,1038240,0.03959681769147789
z500_brown_0.05,0,17,102.0,u50,-31.936546325683594,70.77770233154297,0,1038240,0.0
z500_brown_0.05,0,17,102.0,u100,-31.359088897705078,59.46858215332031,0,1038240,0.0
z500_brown_0.05,0,17,102.0,u150,-39.88264465332031,73.352294921875,0,1038240,0.0
z500_brown_0.05,0,17,102.0,u200,-33.14563751220703,85.62171936035156,0,1038240,0.0
z500_brown_0.05,0,17,102.0,u250,-34.04746627807617,86.94436645507812,0,1038240,0.0
z500_brown_0.05,0,17,102.0,u300,-37.02272415161133,80.27560424804688,0,1038240,0.0
z500_brown_0.05,0,17,102.0,u400,-40.682579040527344,59.89916229248047,0,1038240,0.0
z500_brown_0.05,0,17,102.0,u500,-39.180908203125,49.35222625732422,0,1038240,0.0
z500_brown_0.05,0,17,102.0,u600,-34.938499450683594,42.5914421081543,0,1038240,0.0
z500_brown_0.05,0,17,102.0,u700,-34.55389404296875,39.060630798339844,0,1038240,0.0
z500_brown_0.05,0,17,102.0,u850,-35.09437942504883,37.084739685058594,0,1038240,0.0
z500_brown_0.05,0,17,102.0,u925,-32.32777786254883,32.73314666748047,0,1038240,0.0
z500_brown_0.05,0,17,102.0,u1000,-20.739484786987305,21.09910011291504,0,1038240,0.0
z500_brown_0.05,0,17,102.0,v50,-22.20673942565918,21.752182006835938,0,1038240,0.0
z500_brown_0.05,0,17,102.0,v100,-19.331127166748047,25.936397552490234,0,1038240,0.0
z500_brown_0.05,0,17,102.0,v150,-37.20642852783203,34.265899658203125,0,1038240,0.0
z500_brown_0.05,0,17,102.0,v200,-43.089813232421875,49.48123550415039,0,1038240,0.0
z500_brown_0.05,0,17,102.0,v250,-53.40550994873047,56.769432067871094,0,1038240,0.0
z500_brown_0.05,0,17,102.0,v300,-46.55559158325195,61.842437744140625,0,1038240,0.0
z500_brown_0.05,0,17,102.0,v400,-48.72575378417969,57.23585891723633,0,1038240,0.0
z500_brown_0.05,0,17,102.0,v500,-46.17031478881836,49.03868103027344,0,1038240,0.0
z500_brown_0.05,0,17,102.0,v600,-37.59957504272461,41.06836700439453,0,1038240,0.0
z500_brown_0.05,0,17,102.0,v700,-31.033674240112305,32.774173736572266,0,1038240,0.0
z500_brown_0.05,0,17,102.0,v850,-29.893400192260742,30.734256744384766,0,1038240,0.0
z500_brown_0.05,0,17,102.0,v925,-30.83200454711914,27.466745376586914,0,1038240,0.0
z500_brown_0.05,0,17,102.0,v1000,-21.287944793701172,19.809412002563477,0,1038240,0.0
z500_brown_0.05,0,17,102.0,z50,176375.703125,208561.09375,0,1038240,0.0
z500_brown_0.05,0,17,102.0,z100,140050.765625,166289.40625,0,1038240,0.0
z500_brown_0.05,0,17,102.0,z150,117173.21875,142155.71875,0,1038240,0.0
z500_brown_0.05,0,17,102.0,z200,100264.34375,123873.875,0,1038240,0.0
z500_brown_0.05,0,17,102.0,z250,86975.890625,109149.4609375,0,1038240,0.0
z500_brown_0.05,0,17,102.0,z300,76116.6640625,96610.4375,0,1038240,0.0
z500_brown_0.05,0,17,102.0,z400,58921.58984375,75721.125,0,1038240,0.0
z500_brown_0.05,0,17,102.0,z500,44976.76953125,58699.66796875,0,1038240,0.0
z500_brown_0.05,0,17,102.0,z600,32868.703125,44351.859375,0,1038240,0.0
z500_brown_0.05,0,17,102.0,z700,22294.9296875,32141.091796875,0,1038240,0.0
z500_brown_0.05,0,17,102.0,z850,8421.986328125,16362.064453125,0,1038240,0.0
z500_brown_0.05,0,17,102.0,z925,2302.150390625,9300.1396484375,0,1038240,0.0
z500_brown_0.05,0,17,102.0,z1000,-3760.35205078125,2861.0146484375,0,1038240,0.0
z500_brown_0.05,0,17,102.0,t50,179.34976196289062,237.70755004882812,0,1038240,0.0
z500_brown_0.05,0,17,102.0,t100,185.2606964111328,240.26956176757812,0,1038240,0.0
z500_brown_0.05,0,17,102.0,t150,189.1009979248047,245.207763671875,0,1038240,0.0
z500_brown_0.05,0,17,102.0,t200,193.96351623535156,244.2508544921875,0,1038240,0.0
z500_brown_0.05,0,17,102.0,t250,198.31289672851562,244.9810333251953,0,1038240,0.0
z500_brown_0.05,0,17,102.0,t300,202.13294982910156,250.5882110595703,0,1038240,0.0
z500_brown_0.05,0,17,102.0,t400,211.00900268554688,264.61090087890625,0,1038240,0.0
z500_brown_0.05,0,17,102.0,t500,217.82101440429688,276.3851318359375,0,1038240,0.0
z500_brown_0.05,0,17,102.0,t600,207.28250122070312,288.7837829589844,0,1038240,0.0
z500_brown_0.05,0,17,102.0,t700,214.31521606445312,298.1341552734375,0,1038240,0.0
z500_brown_0.05,0,17,102.0,t850,223.20870971679688,309.7430419921875,0,1038240,0.0
z500_brown_0.05,0,17,102.0,t925,226.8894805908203,315.1636657714844,0,1038240,0.0
z500_brown_0.05,0,17,102.0,t1000,230.0815887451172,320.0914306640625,0,1038240,0.0
z500_brown_0.05,0,17,102.0,q50,6.314166967058554e-07,2.095652007483295e-06,0,1038240,0.0
z500_brown_0.05,0,17,102.0,q100,1.0142829296455602e-06,4.748081664729398e-06,0,1038240,0.0
z500_brown_0.05,0,17,102.0,q150,-8.837209861667361e-07,3.7161305954214185e-05,18,1038240,1.7337031900138696e-05
z500_brown_0.05,0,17,102.0,q200,-1.0474122973391786e-05,0.00019109838467556983,13185,1038240,0.012699375866851595
z500_brown_0.05,0,17,102.0,q250,-1.2690255971392617e-05,0.0006493148393929005,18038,1038240,0.017373632300816767
z500_brown_0.05,0,17,102.0,q300,-3.022728196810931e-05,0.0014973614597693086,20541,1038240,0.019784442903374944
z500_brown_0.05,0,17,102.0,q400,-6.199328345246613e-05,0.004120741039514542,24538,1038240,0.02363422715364463
z500_brown_0.05,0,17,102.0,q500,-0.00010007282253354788,0.007972901687026024,10586,1038240,0.010196101094159346
z500_brown_0.05,0,17,102.0,q600,-0.00028159713838249445,0.01161078829318285,14530,1038240,0.013994837417167514
z500_brown_0.05,0,17,102.0,q700,-0.00047171791084110737,0.013232851400971413,37011,1038240,0.03564782709200185
z500_brown_0.05,0,17,102.0,q850,-0.0005514039658010006,0.018884986639022827,50201,1038240,0.048352018801047926
z500_brown_0.05,0,17,102.0,q925,-0.0005741245113313198,0.02181566320359707,60255,1038240,0.05803571428571429
z500_brown_0.05,0,17,102.0,q1000,-0.0005790339782834053,0.0250104907900095,53977,1038240,0.051988942826321466
z500_brown_0.05,0,18,108.0,u10m,-22.600868225097656,21.938093185424805,0,1038240,0.0
z500_brown_0.05,0,18,108.0,v10m,-18.70751190185547,18.06290626525879,0,1038240,0.0
z500_brown_0.05,0,18,108.0,u100m,-29.255916595458984,28.25188446044922,0,1038240,0.0
z500_brown_0.05,0,18,108.0,v100m,-24.148635864257812,23.794347763061523,0,1038240,0.0
z500_brown_0.05,0,18,108.0,t2m,200.84719848632812,322.0848388671875,0,1038240,0.0
z500_brown_0.05,0,18,108.0,sp,48868.6796875,103547.3828125,0,1038240,0.0
z500_brown_0.05,0,18,108.0,msl,95496.234375,103520.28125,0,1038240,0.0
z500_brown_0.05,0,18,108.0,tcwv,-2.577056884765625,78.56250762939453,40233,1038240,0.03875115580212667
z500_brown_0.05,0,18,108.0,u50,-29.983734130859375,70.83098602294922,0,1038240,0.0
z500_brown_0.05,0,18,108.0,u100,-31.149944305419922,61.33114242553711,0,1038240,0.0
z500_brown_0.05,0,18,108.0,u150,-37.268890380859375,72.52477264404297,0,1038240,0.0
z500_brown_0.05,0,18,108.0,u200,-32.240509033203125,87.4623031616211,0,1038240,0.0
z500_brown_0.05,0,18,108.0,u250,-34.177574157714844,91.25042724609375,0,1038240,0.0
z500_brown_0.05,0,18,108.0,u300,-32.13776779174805,81.52510833740234,0,1038240,0.0
z500_brown_0.05,0,18,108.0,u400,-38.88780975341797,59.81163787841797,0,1038240,0.0
z500_brown_0.05,0,18,108.0,u500,-37.85107421875,52.56499099731445,0,1038240,0.0
z500_brown_0.05,0,18,108.0,u600,-34.23952102661133,44.874534606933594,0,1038240,0.0
z500_brown_0.05,0,18,108.0,u700,-33.679466247558594,38.12638854980469,0,1038240,0.0
z500_brown_0.05,0,18,108.0,u850,-35.561771392822266,37.190311431884766,0,1038240,0.0
z500_brown_0.05,0,18,108.0,u925,-37.72056198120117,34.63713836669922,0,1038240,0.0
z500_brown_0.05,0,18,108.0,u1000,-22.564361572265625,22.236507415771484,0,1038240,0.0
z500_brown_0.05,0,18,108.0,v50,-22.028200149536133,23.016132354736328,0,1038240,0.0
z500_brown_0.05,0,18,108.0,v100,-18.609342575073242,25.489126205444336,0,1038240,0.0
z500_brown_0.05,0,18,108.0,v150,-35.43141174316406,32.49324417114258,0,1038240,0.0
z500_brown_0.05,0,18,108.0,v200,-41.18354034423828,47.28921127319336,0,1038240,0.0
z500_brown_0.05,0,18,108.0,v250,-50.25947570800781,55.109004974365234,0,1038240,0.0
z500_brown_0.05,0,18,108.0,v300,-45.109500885009766,59.140472412109375,0,1038240,0.0
z500_brown_0.05,0,18,108.0,v400,-42.71841049194336,59.52428436279297,0,1038240,0.0
z500_brown_0.05,0,18,108.0,v500,-38.459564208984375,51.196533203125,0,1038240,0.0
z500_brown_0.05,0,18,108.0,v600,-31.51435661315918,39.52700424194336,0,1038240,0.0
z500_brown_0.05,0,18,108.0,v700,-28.304527282714844,31.202884674072266,0,1038240,0.0
z500_brown_0.05,0,18,108.0,v850,-30.216167449951172,26.435110092163086,0,1038240,0.0
z500_brown_0.05,0,18,108.0,v925,-31.251174926757812,27.08350944519043,0,1038240,0.0
z500_brown_0.05,0,18,108.0,v1000,-20.352291107177734,18.773088455200195,0,1038240,0.0
z500_brown_0.05,0,18,108.0,z50,176244.890625,208762.796875,0,1038240,0.0
z500_brown_0.05,0,18,108.0,z100,139978.84375,166394.609375,0,1038240,0.0
z500_brown_0.05,0,18,108.0,z150,117084.28125,142254.078125,0,1038240,0.0
z500_brown_0.05,0,18,108.0,z200,100151.703125,123983.2265625,0,1038240,0.0
z500_brown_0.05,0,18,108.0,z250,86853.8046875,109078.6484375,0,1038240,0.0
z500_brown_0.05,0,18,108.0,z300,75981.1171875,96425.828125,0,1038240,0.0
z500_brown_0.05,0,18,108.0,z400,58798.99609375,75501.71875,0,1038240,0.0
z500_brown_0.05,0,18,108.0,z500,44843.91796875,58533.1484375,0,1038240,0.0
z500_brown_0.05,0,18,108.0,z600,32769.89453125,44405.83984375,0,1038240,0.0
z500_brown_0.05,0,18,108.0,z700,22250.34375,32079.70703125,0,1038240,0.0
z500_brown_0.05,0,18,108.0,z850,8500.388671875,16320.9677734375,0,1038240,0.0
z500_brown_0.05,0,18,108.0,z925,2422.45166015625,9260.189453125,0,1038240,0.0
z500_brown_0.05,0,18,108.0,z1000,-3613.61328125,2837.662109375,0,1038240,0.0
z500_brown_0.05,0,18,108.0,t50,179.09815979003906,237.72137451171875,0,1038240,0.0
z500_brown_0.05,0,18,108.0,t100,185.6496124267578,240.719482421875,0,1038240,0.0
z500_brown_0.05,0,18,108.0,t150,191.15074157714844,245.07846069335938,0,1038240,0.0
z500_brown_0.05,0,18,108.0,t200,194.67962646484375,244.13751220703125,0,1038240,0.0
z500_brown_0.05,0,18,108.0,t250,198.3719024658203,245.00546264648438,0,1038240,0.0
z500_brown_0.05,0,18,108.0,t300,201.68197631835938,251.47091674804688,0,1038240,0.0
z500_brown_0.05,0,18,108.0,t400,210.78456115722656,265.9872131347656,0,1038240,0.0
z500_brown_0.05,0,18,108.0,t500,217.5303955078125,278.97027587890625,0,1038240,0.0
z500_brown_0.05,0,18,108.0,t600,207.36508178710938,291.9407653808594,0,1038240,0.0
z500_brown_0.05,0,18,108.0,t700,214.1774139404297,301.22900390625,0,1038240,0.0
z500_brown_0.05,0,18,108.0,t850,223.5850067138672,312.1790466308594,0,1038240,0.0
z500_brown_0.05,0,18,108.0,t925,227.50677490234375,317.34405517578125,0,1038240,0.0
z500_brown_0.05,0,18,108.0,t1000,230.87796020507812,322.6144104003906,0,1038240,0.0
z500_brown_0.05,0,18,108.0,q50,6.651562216575257e-07,2.1116620700922795e-06,0,1038240,0.0
z500_brown_0.05,0,18,108.0,q100,9.894389449982555e-07,4.69543965664343e-06,0,1038240,0.0
z500_brown_0.05,0,18,108.0,q150,-3.671666490845382e-07,4.4833719584858045e-05,9,1038240,8.668515950069348e-06
z500_brown_0.05,0,18,108.0,q200,-1.0738604032667354e-05,0.00023146302555687726,12757,1038240,0.012287139775003854
z500_brown_0.05,0,18,108.0,q250,-1.5304740372812375e-05,0.0006949338130652905,19828,1038240,0.01909770380644167
z500_brown_0.05,0,18,108.0,q300,-3.272545291110873e-05,0.0015900613507255912,20757,1038240,0.019992487286176606
z500_brown_0.05,0,18,108.0,q400,-0.00011877654469572008,0.00432118633762002,25410,1038240,0.02447411003236246
z500_brown_0.05,0,18,108.0,q500,-0.00011001538950949907,0.007976364344358444,10678,1038240,0.010284712590537834
z500_brown_0.05,0,18,108.0,q600,-0.00027065782342106104,0.010196765884757042,13549,1038240,0.013049969178609955
z500_brown_0.05,0,18,108.0,q700,-0.0005225874483585358,0.013575270771980286,29211,1038240,0.028135113268608413
z500_brown_0.05,0,18,108.0,q850,-0.0005520540289580822,0.019756203517317772,44691,1038240,0.043044960702727696
z500_brown_0.05,0,18,108.0,q925,-0.0006079133599996567,0.020988503471016884,55127,1038240,0.05309658653105255
z500_brown_0.05,0,18,108.0,q1000,-0.0005898410454392433,0.025215618312358856,45037,1038240,0.04337821698258591
z500_brown_0.05,0,19,114.0,u10m,-25.719457626342773,23.46124267578125,0,1038240,0.0
z500_brown_0.05,0,19,114.0,v10m,-19.08692169189453,17.930984497070312,0,1038240,0.0
z500_brown_0.05,0,19,114.0,u100m,-33.36606979370117,29.532400131225586,0,1038240,0.0
z500_brown_0.05,0,19,114.0,v100m,-24.85392951965332,24.28973388671875,0,1038240,0.0
z500_brown_0.05,0,19,114.0,t2m,199.54037475585938,321.2210998535156,0,1038240,0.0
z500_brown_0.05,0,19,114.0,sp,49022.4609375,103461.9296875,0,1038240,0.0
z500_brown_0.05,0,19,114.0,msl,95564.625,103427.1640625,0,1038240,0.0
z500_brown_0.05,0,19,114.0,tcwv,-2.6532344818115234,79.43367004394531,39023,1038240,0.0375857219910618
z500_brown_0.05,0,19,114.0,u50,-30.181381225585938,72.37725067138672,0,1038240,0.0
z500_brown_0.05,0,19,114.0,u100,-33.87191390991211,62.37068557739258,0,1038240,0.0
z500_brown_0.05,0,19,114.0,u150,-38.74751281738281,71.47331237792969,0,1038240,0.0
z500_brown_0.05,0,19,114.0,u200,-32.55989074707031,87.51451873779297,0,1038240,0.0
z500_brown_0.05,0,19,114.0,u250,-34.016300201416016,95.21719360351562,0,1038240,0.0
z500_brown_0.05,0,19,114.0,u300,-32.22426986694336,84.22948455810547,0,1038240,0.0
z500_brown_0.05,0,19,114.0,u400,-40.50190734863281,63.54521942138672,0,1038240,0.0
z500_brown_0.05,0,19,114.0,u500,-35.79493713378906,56.406761169433594,0,1038240,0.0
z500_brown_0.05,0,19,114.0,u600,-28.789884567260742,47.96515655517578,0,1038240,0.0
z500_brown_0.05,0,19,114.0,u700,-31.233177185058594,40.116275787353516,0,1038240,0.0
z500_brown_0.05,0,19,114.0,u850,-43.340370178222656,35.851131439208984,0,1038240,0.0
z500_brown_0.05,0,19,114.0,u925,-42.04658889770508,34.50395584106445,0,1038240,0.0
z500_brown_0.05,0,19,114.0,u1000,-25.744503021240234,23.50141143798828,0,1038240,0.0
z500_brown_0.05,0,19,114.0,v50,-22.679351806640625,21.666231155395508,0,1038240,0.0
z500_brown_0.05,0,19,114.0,v100,-18.850601196289062,23.495603561401367,0,1038240,0.0
z500_brown_0.05,0,19,114.0,v150,-30.540687561035156,31.812973022460938,0,1038240,0.0
z500_brown_0.05,0,19,114.0,v200,-39.79246520996094,43.2203483581543,0,1038240,0.0
z500_brown_0.05,0,19,114.0,v250,-45.989830017089844,49.82695770263672,0,1038240,0.0
z500_brown_0.05,0,19,114.0,v300,-42.847415924072266,58.404945373535156,0,1038240,0.0
z500_brown_0.05,0,19,114.0,v400,-46.25213623046875,58.93613815307617,0,1038240,0.0
z500_brown_0.05,0,19,114.0,v500,-35.42091369628906,49.73388671875,0,1038240,0.0
z500_brown_0.05,0,19,114.0,v600,-28.297618865966797,38.278236389160156,0,1038240,0.0
z500_brown_0.05,0,19,114.0,v700,-29.385812759399414,29.244951248168945,0,1038240,0.0
z500_brown_0.05,0,19,114.0,v850,-33.795562744140625,24.395536422729492,0,1038240,0.0
z500_brown_0.05,0,19,114.0,v925,-31.954879760742188,27.19449234008789,0,1038240,0.0
z500_brown_0.05,0,19,114.0,v1000,-20.134273529052734,18.79889488220215,0,1038240,0.0
z500_brown_0.05,0,19,114.0,z50,176117.296875,208768.9375,0,1038240,0.0
z500_brown_0.05,0,19,114.0,z100,139869.609375,166481.34375,0,1038240,0.0
z500_brown_0.05,0,19,114.0,z150,116950.6484375,142313.5625,0,1038240,0.0
z500_brown_0.05,0,19,114.0,z200,99979.8359375,124035.4453125,0,1038240,0.0
z500_brown_0.05,0,19,114.0,z250,86647.7109375,109132.359375,0,1038240,0.0
z500_brown_0.05,0,19,114.0,z300,75743.4921875,96475.3515625,0,1038240,0.0
z500_brown_0.05,0,19,114.0,z400,58557.296875,75594.96875,0,1038240,0.0
z500_brown_0.05,0,19,114.0,z500,44862.8203125,58599.7734375,0,1038240,0.0
z500_brown_0.05,0,19,114.0,z600,32809.76171875,44399.515625,0,1038240,0.0
z500_brown_0.05,0,19,114.0,z700,22328.44921875,31968.833984375,0,1038240,0.0
z500_brown_0.05,0,19,114.0,z850,8650.5234375,16229.3984375,0,1038240,0.0
z500_brown_0.05,0,19,114.0,z925,2509.85986328125,9175.505859375,0,1038240,0.0
z500_brown_0.05,0,19,114.0,z1000,-3549.02978515625,2765.53076171875,0,1038240,0.0
z500_brown_0.05,0,19,114.0,t50,179.11512756347656,237.774658203125,0,1038240,0.0
z500_brown_0.05,0,19,114.0,t100,186.8868408203125,240.89364624023438,0,1038240,0.0
z500_brown_0.05,0,19,114.0,t150,193.30393981933594,245.2826385498047,0,1038240,0.0
z500_brown_0.05,0,19,114.0,t200,195.2653045654297,243.96937561035156,0,1038240,0.0
z500_brown_0.05,0,19,114.0,t250,198.6766815185547,245.0660858154297,0,1038240,0.0
z500_brown_0.05,0,19,114.0,t300,201.80941772460938,250.75137329101562,0,1038240,0.0
z500_brown_0.05,0,19,114.0,t400,210.4883575439453,264.74603271484375,0,1038240,0.0
z500_brown_0.05,0,19,114.0,t500,216.4962615966797,276.3531188964844,0,1038240,0.0
z500_brown_0.05,0,19,114.0,t600,205.12069702148438,287.3123779296875,0,1038240,0.0
z500_brown_0.05,0,19,114.0,t700,213.88104248046875,295.8121337890625,0,1038240,0.0
z500_brown_0.05,0,19,114.0,t850,223.19271850585938,309.168701171875,0,1038240,0.0
z500_brown_0.05,0,19,114.0,t925,227.228515625,315.284912109375,0,1038240,0.0
z500_brown_0.05,0,19,114.0,t1000,230.49539184570312,320.7605285644531,0,1038240,0.0
z500_brown_0.05,0,19,114.0,q50,7.011101388343377e-07,2.1256093987176428e-06,0,1038240,0.0
z500_brown_0.05,0,19,114.0,q100,9.930024589266395e-07,4.627173439075705e-06,0,1038240,0.0
z500_brown_0.05,0,19,114.0,q150,2.714969014050439e-07,4.101239755982533e-05,0,1038240,0.0
z500_brown_0.05,0,19,114.0,q200,-1.1792684745159931e-05,0.00022037807502783835,11328,1038240,0.01091077207582062
z500_brown_0.05,0,19,114.0,q250,-1.5027751942398027e-05,0.0007090764702297747,23444,1038240,0.022580520881491754
z500_brown_0.05,0,19,114.0,q300,-3.277198993600905e-05,0.0016463464125990868,25352,1038240,0.024418246262906458
z500_brown_0.05,0,19,114.0,q400,-6.198944174684584e-05,0.004422006197273731,32618,1038240,0.03141662813992911
z500_brown_0.05,0,19,114.0,q500,-8.273788262158632e-05,0.0076739173382520676,9746,1038240,0.009387039605486208
z500_brown_0.05,0,19,114.0,q600,-0.0002715566661208868,0.010140884667634964,13197,1038240,0.012710933888118354
z500_brown_0.05,0,19,114.0,q700,-0.00045541138388216496,0.013127263635396957,34701,1038240,0.03342290799815072
z500_brown_0.05,0,19,114.0,q850,-0.0005627297796308994,0.019957534968852997,46380,1038240,0.04467175219602404
z500_brown_0.05,0,19,114.0,q925,-0.0006003309972584248,0.020922962576150894,58402,1038240,0.056250963168438896
z500_brown_0.05,0,19,114.0,q1000,-0.0006521157920360565,0.025264954194426537,47431,1038240,0.04568404222530436
z500_brown_0.05,0,20,120.0,u10m,-24.847007751464844,27.06855010986328,0,1038240,0.0
z500_brown_0.05,0,20,120.0,v10m,-19.162263870239258,18.420459747314453,0,1038240,0.0
z500_brown_0.05,0,20,120.0,u100m,-32.13675308227539,35.61039733886719,0,1038240,0.0
z500_brown_0.05,0,20,120.0,v100m,-24.95670509338379,25.06751251220703,0,1038240,0.0
z500_brown_0.05,0,20,120.0,t2m,197.45811462402344,318.8695068359375,0,1038240,0.0
z500_brown_0.05,0,20,120.0,sp,48861.09765625,103387.0546875,0,1038240,0.0
z500_brown_0.05,0,20,120.0,msl,94799.9453125,103347.7265625,0,1038240,0.0
z500_brown_0.05,0,20,120.0,tcwv,-2.566244125366211,77.0665512084961,45832,1038240,0.04414393589150871
z500_brown_0.05,0,20,120.0,u50,-30.230777740478516,72.2542953491211,0,1038240,0.0
z500_brown_0.05,0,20,120.0,u100,-33.81621551513672,62.17155075073242,0,1038240,0.0
z500_brown_0.05,0,20,120.0,u150,-38.87903594970703,70.37364196777344,0,1038240,0.0
z500_brown_0.05,0,20,120.0,u200,-32.155487060546875,87.9024887084961,0,1038240,0.0
z500_brown_0.05,0,20,120.0,u250,-31.7354736328125,92.39454650878906,0,1038240,0.0
z500_brown_0.05,0,20,120.0,u300,-31.490421295166016,84.77928924560547,0,1038240,0.0
z500_brown_0.05,0,20,120.0,u400,-42.45897674560547,63.95201110839844,0,1038240,0.0
z500_brown_0.05,0,20,120.0,u500,-36.58472442626953,58.140113830566406,0,1038240,0.0
z500_brown_0.05,0,20,120.0,u600,-27.825345993041992,49.59501647949219,0,1038240,0.0
z500_brown_0.05,0,20,120.0,u700,-30.464847564697266,44.39479446411133,0,1038240,0.0
z500_brown_0.05,0,20,120.0,u850,-41.886329650878906,42.8766975402832,0,1038240,0.0
z500_brown_0.05,0,20,120.0,u925,-39.22478103637695,41.400177001953125,0,1038240,0.0
z500_brown_0.05,0,20,120.0,u1000,-24.71157455444336,27.431133270263672,0,1038240,0.0
z500_brown_0.05,0,20,120.0,v50,-23.66014862060547,21.7301082611084,0,1038240,0.0
z500_brown_0.05,0,20,120.0,v100,-18.545961380004883,22.334667205810547,0,1038240,0.0
z500_brown_0.05,0,20,120.0,v150,-27.179908752441406,31.973892211914062,0,1038240,0.0
z500_brown_0.05,0,20,120.0,v200,-42.48051834106445,41.67681884765625,0,1038240,0.0
z500_brown_0.05,0,20,120.0,v250,-51.0056037902832,45.154300689697266,0,1038240,0.0
z500_brown_0.05,0,20,120.0,v300,-44.561248779296875,54.376338958740234,0,1038240,0.0
z500_brown_0.05,0,20,120.0,v400,-46.00813674926758,56.31049728393555,0,1038240,0.0
z500_brown_0.05,0,20,120.0,v500,-37.817142486572266,48.121482849121094,0,1038240,0.0
z500_brown_0.05,0,20,120.0,v600,-30.270906448364258,37.705204010009766,0,1038240,0.0
z500_brown_0.05,0,20,120.0,v700,-28.335613250732422,27.86553192138672,0,1038240,0.0
z500_brown_0.05,0,20,120.0,v850,-34.718902587890625,27.698579788208008,0,1038240,0.0
z500_brown_0.05,0,20,120.0,v925,-32.61906051635742,28.010467529296875,0,1038240,0.0
z500_brown_0.05,0,20,120.0,v1000,-20.239288330078125,19.43103790283203,0,1038240,0.0
z500_brown_0.05,0,20,120.0,z50,175951.0,208726.34375,0,1038240,0.0
z500_brown_0.05,0,20,120.0,z100,139788.625,166307.640625,0,1038240,0.0
z500_brown_0.05,0,20,120.0,z150,116838.6171875,142118.765625,0,1038240,0.0
z500_brown_0.05,0,20,120.0,z200,99817.921875,123836.140625,0,1038240,0.0
z500_brown_0.05,0,20,120.0,z250,86460.03125,109013.7265625,0,1038240,0.0
z500_brown_0.05,0,20,120.0,z300,75546.9609375,96447.3046875,0,1038240,0.0
z500_brown_0.05,0,20,120.0,z400,58380.171875,75498.578125,0,1038240,0.0
z500_brown_0.05,0,20,120.0,z500,44782.8359375,58643.58203125,0,1038240,0.0
z500_brown_0.05,0,20,120.0,z600,33066.0234375,44503.9375,0,1038240,0.0
z500_brown_0.05,0,20,120.0,z700,22707.25390625,32015.69921875,0,1038240,0.0
z500_brown_0.05,0,20,120.0,z850,8354.35546875,16190.365234375,0,1038240,0.0
z500_brown_0.05,0,20,120.0,z925,1861.72412109375,9122.826171875,0,1038240,0.0
z500_brown_0.05,0,20,120.0,z1000,-4223.14453125,2713.52734375,0,1038240,0.0
z500_brown_0.05,0,20,120.0,t50,178.968505859375,237.82217407226562,0,1038240,0.0
z500_brown_0.05,0,20,120.0,t100,188.1171417236328,241.2647247314453,0,1038240,0.0
z500_brown_0.05,0,20,120.0,t150,193.59402465820312,245.2626953125,0,1038240,0.0
z500_brown_0.05,0,20,120.0,t200,195.49058532714844,243.6638641357422,0,1038240,0.0
z500_brown_0.05,0,20,120.0,t250,199.1956024169922,245.30238342285156,0,1038240,0.0
z500_brown_0.05,0,20,120.0,t300,202.361572265625,250.52426147460938,0,1038240,0.0
z500_brown_0.05,0,20,120.0,t400,209.74281311035156,264.39373779296875,0,1038240,0.0
z500_brown_0.05,0,20,120.0,t500,215.78260803222656,275.1464538574219,0,1038240,0.0
z500_brown_0.05,0,20,120.0,t600,206.03662109375,283.6194763183594,0,1038240,0.0
z500_brown_0.05,0,20,120.0,t700,213.13795471191406,294.01214599609375,0,1038240,0.0
z500_brown_0.05,0,20,120.0,t850,222.384521484375,309.5363464355469,0,1038240,0.0
z500_brown_0.05,0,20,120.0,t925,226.58328247070312,315.0103759765625,0,1038240,0.0
z500_brown_0.05,0,20,120.0,t1000,229.92117309570312,319.7308349609375,0,1038240,0.0
z500_brown_0.05,0,20,120.0,q50,7.39207507649553e-07,2.142281800843193e-06,0,1038240,0.0
z500_brown_0.05,0,20,120.0,q100,1.0000975407820079e-06,4.682582130044466e-06,0,1038240,0.0
z500_brown_0.05,0,20,120.0,q150,2.340038918191567e-07,3.4649423469090834e-05,0,1038240,0.0
z500_brown_0.05,0,20,120.0,q200,-1.2001770301139913e-05,0.00019734686065930873,12498,1038240,0.012037679149329635
z500_brown_0.05,0,20,120.0,q250,-1.5459936548722908e-05,0.0006782049895264208,24501,1038240,0.023598589921405455
z500_brown_0.05,0,20,120.0,q300,-3.5052711609750986e-05,0.0015855955425649881,24275,1038240,0.023380913854214824
z500_brown_0.05,0,20,120.0,q400,-5.151121877133846e-05,0.004189633298665285,30200,1038240,0.029087686854677147
z500_brown_0.05,0,20,120.0,q500,-0.00010439747711643577,0.007359515409916639,12372,1038240,0.011916319926028663
z500_brown_0.05,0,20,120.0,q600,-0.00028042064514011145,0.00997164100408554,15524,1038240,0.01495222684543073
z500_brown_0.05,0,20,120.0,q700,-0.0004100147634744644,0.013151060789823532,34081,1038240,0.03282574356603483
z500_brown_0.05,0,20,120.0,q850,-0.0005426504649221897,0.01910041831433773,50898,1038240,0.04902334720295885
z500_brown_0.05,0,20,120.0,q925,-0.0006509763188660145,0.02072303369641304,56272,1038240,0.05419941439358915
z500_brown_0.05,0,20,120.0,q1000,-0.0006354157812893391,0.02518639899790287,47663,1038240,0.04590749730312837
z500_brown_0.05,1,0,0.0,u10m,-29.98059844970703,25.07940101623535,0,1038240,0.0
z500_brown_0.05,1,0,0.0,v10m,-27.66229820251465,25.987703323364258,0,1038240,0.0
z500_brown_0.05,1,0,0.0,u100m,-38.64726257324219,30.782737731933594,0,1038240,0.0
z500_brown_0.05,1,0,0.0,v100m,-33.108516693115234,32.41148376464844,0,1038240,0.0
z500_brown_0.05,1,0,0.0,t2m,203.00914001464844,317.2091369628906,0,1038240,0.0
z500_brown_0.05,1,0,0.0,sp,49593.44921875,104524.6484375,0,1038240,0.0
z500_brown_0.05,1,0,0.0,msl,93167.375,107762.9765625,0,1038240,0.0
z500_brown_0.05,1,0,0.0,tcwv,0.033688269555568695,80.67048645019531,0,1038240,0.0
z500_brown_0.05,1,0,0.0,u50,-32.53466796875,69.6953353881836,0,1038240,0.0
z500_brown_0.05,1,0,0.0,u100,-42.44437026977539,63.615631103515625,0,1038240,0.0
z500_brown_0.05,1,0,0.0,u150,-43.69473648071289,76.46526336669922,0,1038240,0.0
z500_brown_0.05,1,0,0.0,u200,-44.91203308105469,103.88796997070312,0,1038240,0.0
z500_brown_0.05,1,0,0.0,u250,-45.851261138916016,105.44873809814453,0,1038240,0.0
z500_brown_0.05,1,0,0.0,u300,-36.28936004638672,102.41063690185547,0,1038240,0.0
z500_brown_0.05,1,0,0.0,u400,-35.72868347167969,71.8713150024414,0,1038240,0.0
z500_brown_0.05,1,0,0.0,u500,-39.31422805786133,50.18577194213867,0,1038240,0.0
z500_brown_0.05,1,0,0.0,u600,-45.0154914855957,45.66450500488281,0,1038240,0.0
z500_brown_0.05,1,0,0.0,u700,-47.08867263793945,41.111328125,0,1038240,0.0
z500_brown_0.05,1,0,0.0,u850,-52.83549880981445,36.304500579833984,0,1038240,0.0
z500_brown_0.05,1,0,0.0,u925,-42.309513092041016,34.310489654541016,0,1038240,0.0
z500_brown_0.05,1,0,0.0,u1000,-29.00948715209961,24.660512924194336,0,1038240,0.0
z500_brown_0.05,1,0,0.0,v50,-28.3104305267334,37.03956985473633,0,1038240,0.0
z500_brown_0.05,1,0,0.0,v100,-31.289772033691406,41.980228424072266,0,1038240,0.0
z500_brown_0.05,1,0,0.0,v150,-39.73875427246094,46.22124481201172,0,1038240,0.0
z500_brown_0.05,1,0,0.0,v200,-56.7220573425293,65.07794189453125,0,1038240,0.0
z500_brown_0.05,1,0,0.0,v250,-63.08574295043945,62.81425857543945,0,1038240,0.0
z500_brown_0.05,1,0,0.0,v300,-54.844512939453125,65.45549011230469,0,1038240,0.0
z500_brown_0.05,1,0,0.0,v400,-59.89063262939453,63.009368896484375,0,1038240,0.0
z500_brown_0.05,1,0,0.0,v500,-50.19239807128906,56.80760192871094,0,1038240,0.0
z500_brown_0.05,1,0,0.0,v600,-45.045677185058594,40.0643196105957,0,1038240,0.0
z500_brown_0.05,1,0,0.0,v700,-36.78691101074219,42.36308670043945,0,1038240,0.0
z500_brown_0.05,1,0,0.0,v850,-42.88942337036133,34.960575103759766,0,1038240,0.0
z500_brown_0.05,1,0,0.0,v925,-37.343692779541016,37.056304931640625,0,1038240,0.0
z500_brown_0.05,1,0,0.0,v1000,-26.340137481689453,25.029863357543945,0,1038240,0.0
z500_brown_0.05,1,0,0.0,z50,178325.890625,207936.40625,0,1038240,0.0
z500_brown_0.05,1,0,0.0,z100,140693.140625,165755.734375,0,1038240,0.0
z500_brown_0.05,1,0,0.0,z150,117632.0390625,141996.15625,0,1038240,0.0
z500_brown_0.05,1,0,0.0,z200,100768.7421875,123884.2421875,0,1038240,0.0
z500_brown_0.05,1,0,0.0,z250,87459.671875,109026.765625,0,1038240,0.0
z500_brown_0.05,1,0,0.0,z300,76372.9453125,96320.9921875,0,1038240,0.0
z500_brown_0.05,1,0,0.0,z400,58395.84765625,75588.4609375,0,1038240,0.0
z500_brown_0.05,1,0,0.0,z500,43604.97265625,58800.16796875,0,1038240,0.0
z500_brown_0.05,1,0,0.0,z600,31816.14453125,44789.28125,0,1038240,0.0
z500_brown_0.05,1,0,0.0,z700,21340.9609375,32460.98828125,0,1038240,0.0
z500_brown_0.05,1,0,0.0,z850,7071.60302734375,16482.923828125,0,1038240,0.0
z500_brown_0.05,1,0,0.0,z925,558.6236572265625,9957.2314453125,0,1038240,0.0
z500_brown_0.05,1,0,0.0,z1000,-5507.95556640625,4905.5556640625,0,1038240,0.0
z500_brown_0.05,1,0,0.0,t50,176.96493530273438,233.25494384765625,0,1038240,0.0
z500_brown_0.05,1,0,0.0,t100,185.84442138671875,235.84442138671875,0,1038240,0.0
z500_brown_0.05,1,0,0.0,t150,187.8889617919922,238.91896057128906,0,1038240,0.0
z500_brown_0.05,1,0,0.0,t200,190.15658569335938,241.17657470703125,0,1038240,0.0
z500_brown_0.05,1,0,0.0,t250,199.0135498046875,243.6435546875,0,1038240,0.0
z500_brown_0.05,1,0,0.0,t300,204.70855712890625,251.70855712890625,0,1038240,0.0
z500_brown_0.05,1,0,0.0,t400,216.0428466796875,266.5628662109375,0,1038240,0.0
z500_brown_0.05,1,0,0.0,t500,224.4999542236328,276.89996337890625,0,1038240,0.0
z500_brown_0.05,1,0,0.0,t600,204.55136108398438,287.2413635253906,0,1038240,0.0
z500_brown_0.05,1,0,0.0,t700,208.45738220214844,296.9873962402344,0,1038240,0.0
z500_brown_0.05,1,0,0.0,t850,216.30093383789062,309.6709289550781,0,1038240,0.0
z500_brown_0.05,1,0,0.0,t925,219.8119354248047,315.3219299316406,0,1038240,0.0
z500_brown_0.05,1,0,0.0,t1000,223.1019287109375,319.7119445800781,0,1038240,0.0
z500_brown_0.05,1,0,0.0,q50,9.999999717180685e-10,1.9450640138529707e-06,0,1038240,0.0
z500_brown_0.05,1,0,0.0,q100,1.000000082740371e-09,9.873159797280096e-06,0,1038240,0.0
z500_brown_0.05,1,0,0.0,q150,1.0000005268295808e-09,4.6891240344848484e-05,0,1038240,0.0
z500_brown_0.05,1,0,0.0,q200,9.999985284281365e-10,0.0002307913964614272,0,1038240,0.0
z500_brown_0.05,1,0,0.0,q250,1.000000304784976e-09,0.0007995401974767447,0,1038240,0.0
z500_brown_0.05,1,0,0.0,q300,9.999980843389267e-10,0.0018608650425449014,0,1038240,0.0
z500_brown_0.05,1,0,0.0,q400,9.999975292274144e-10,0.004661120939999819,0,1038240,0.0
z500_brown_0.05,1,0,0.0,q500,9.999941985583405e-10,0.007641600910574198,0,1038240,0.0
z500_brown_0.05,1,0,0.0,q600,1.0000007488741858e-09,0.012534401379525661,0,1038240,0.0
z500_brown_0.05,1,0,0.0,q700,9.999989725173464e-10,0.018419841304421425,0,1038240,0.0
z500_brown_0.05,1,0,0.0,q850,1.635912212805124e-06,0.028813155367970467,0,1038240,0.0
z500_brown_0.05,1,0,0.0,q925,4.967510903952643e-06,0.03459184616804123,0,1038240,0.0
z500_brown_0.05,1,0,0.0,q1000,6.670324182778131e-06,0.04069339111447334,0,1038240,0.0
z500_brown_0.05,1,1,6.0,u10m,-28.233463287353516,24.95136260986328,0,1038240,0.0
z500_brown_0.05,1,1,6.0,v10m,-18.598072052001953,24.99921417236328,0,1038240,0.0
z500_brown_0.05,1,1,6.0,u100m,-36.81818771362305,31.047794342041016,0,1038240,0.0
z500_brown_0.05,1,1,6.0,v100m,-24.538772583007812,33.494564056396484,0,1038240,0.0
z500_brown_0.05,1,1,6.0,t2m,200.958251953125,315.9518127441406,0,1038240,0.0
z500_brown_0.05,1,1,6.0,sp,49431.234375,104053.609375,0,1038240,0.0
z500_brown_0.05,1,1,6.0,msl,93351.2109375,105983.1328125,0,1038240,0.0
z500_brown_0.05,1,1,6.0,tcwv,-5.634988784790039,78.73863220214844,71725,1038240,0.06908325627985822
z500_brown_0.05,1,1,6.0,u50,-31.32640838623047,75.1086196899414,0,1038240,0.0
z500_brown_0.05,1,1,6.0,u100,-39.71199035644531,60.79690933227539,0,1038240,0.0
z500_brown_0.05,1,1,6.0,u150,-35.89567565917969,74.4487533569336,0,1038240,0.0
z500_brown_0.05,1,1,6.0,u200,-43.94842529296875,94.46980285644531,0,1038240,0.0
z500_brown_0.05,1,1,6.0,u250,-40.20955276489258,106.82734680175781,0,1038240,0.0
z500_brown_0.05,1,1,6.0,u300,-35.75224685668945,101.5743179321289,0,1038240,0.0
z500_brown_0.05,1,1,6.0,u400,-38.020233154296875,69.1844253540039,0,1038240,0.0
z500_brown_0.05,1,1,6.0,u500,-34.13548278808594,54.68358612060547,0,1038240,0.0
z500_brown_0.05,1,1,6.0,u600,-39.94559097290039,44.19027328491211,0,1038240,0.0
z500_brown_0.05,1,1,6.0,u700,-40.0059928894043,37.856483459472656,0,1038240,0.0
z500_brown_0.05,1,1,6.0,u850,-46.295894622802734,36.9459342956543,0,1038240,0.0
z500_brown_0.05,1,1,6.0,u925,-43.406307220458984,33.633094787597656,0,1038240,0.0
z500_brown_0.05,1,1,6.0,u1000,-27.04014778137207,24.178346633911133,0,1038240,0.0
z500_brown_0.05,1,1,6.0,v50,-23.75885009765625,31.585369110107422,0,1038240,0.0
z500_brown_0.05,1,1,6.0,v100,-29.524124145507812,35.87959289550781,0,1038240,0.0
z500_brown_0.05,1,1,6.0,v150,-32.683589935302734,40.86763381958008,0,1038240,0.0
z500_brown_0.05,1,1,6.0,v200,-45.38338088989258,53.784202575683594,0,1038240,0.0
z500_brown_0.05,1,1,6.0,v250,-55.99155044555664,62.5987663269043,0,1038240,0.0
z500_brown_0.05,1,1,6.0,v300,-49.09803009033203,64.71754455566406,0,1038240,0.0
z500_brown_0.05,1,1,6.0,v400,-49.68838882446289,62.98923873901367,0,1038240,0.0
z500_brown_0.05,1,1,6.0,v500,-44.66065979003906,49.66132736206055,0,1038240,0.0
z500_brown_0.05,1,1,6.0,v600,-34.22157287597656,36.19640350341797,0,1038240,0.0
z500_brown_0.05,1,1,6.0,v700,-29.841222763061523,34.49846267700195,0,1038240,0.0
z500_brown_0.05,1,1,6.0,v850,-34.014984130859375,35.090877532958984,0,1038240,0.0
z500_brown_0.05,1,1,6.0,v925,-33.923702239990234,32.3453369140625,0,1038240,0.0
z500_brown_0.05,1,1,6.0,v1000,-21.310937881469727,25.39430046081543,0,1038240,0.0
z500_brown_0.05,1,1,6.0,z50,178379.65625,207982.4375,0,1038240,0.0
z500_brown_0.05,1,1,6.0,z100,140697.921875,165744.625,0,1038240,0.0
z500_brown_0.05,1,1,6.0,z150,117494.875,142023.109375,0,1038240,0.0
z500_brown_0.05,1,1,6.0,z200,100682.125,123906.2421875,0,1038240,0.0
z500_brown_0.05,1,1,6.0,z250,87354.4609375,109064.03125,0,1038240,0.0
z500_brown_0.05,1,1,6.0,z300,76206.3203125,96391.3125,0,1038240,0.0
z500_brown_0.05,1,1,6.0,z400,58300.75,75598.2109375,0,1038240,0.0
z500_brown_0.05,1,1,6.0,z500,43864.97265625,58791.30078125,0,1038240,0.0
z500_brown_0.05,1,1,6.0,z600,31844.20703125,44727.4296875,0,1038240,0.0
z500_brown_0.05,1,1,6.0,z700,21404.2734375,32346.63671875,0,1038240,0.0
z500_brown_0.05,1,1,6.0,z850,7190.123046875,16414.6328125,0,1038240,0.0
z500_brown_0.05,1,1,6.0,z925,727.08154296875,9310.662109375,0,1038240,0.0
z500_brown_0.05,1,1,6.0,z1000,-5308.70849609375,3614.8173828125,0,1038240,0.0
z500_brown_0.05,1,1,6.0,t50,179.99546813964844,233.7018585205078,0,1038240,0.0
z500_brown_0.05,1,1,6.0,t100,186.44947814941406,235.43099975585938,0,1038240,0.0
z500_brown_0.05,1,1,6.0,t150,188.83383178710938,238.78302001953125,0,1038240,0.0
z500_brown_0.05,1,1,6.0,t200,191.58340454101562,241.4447021484375,0,1038240,0.0
z500_brown_0.05,1,1,6.0,t250,199.22320556640625,243.2163848876953,0,1038240,0.0
z500_brown_0.05,1,1,6.0,t300,205.0054168701172,251.1071319580078,0,1038240,0.0
z500_brown_0.05,1,1,6.0,t400,215.22085571289062,264.91192626953125,0,1038240,0.0
z500_brown_0.05,1,1,6.0,t500,224.3985137939453,276.9847717285156,0,1038240,0.0
z500_brown_0.05,1,1,6.0,t600,214.044921875,289.60150146484375,0,1038240,0.0
z500_brown_0.05,1,1,6.0,t700,209.9560089111328,300.007568359375,0,1038240,0.0
z500_brown_0.05,1,1,6.0,t850,217.6380157470703,311.9916076660156,0,1038240,0.0
z500_brown_0.05,1,1,6.0,t925,222.20823669433594,317.1478271484375,0,1038240,0.0
z500_brown_0.05,1,1,6.0,t1000,225.5166473388672,322.1770935058594,0,1038240,0.0
z500_brown_0.05,1,1,6.0,q50,4.161233846389223e-08,1.951479589479277e-06,0,1038240,0.0
z500_brown_0.05,1,1,6.0,q100,1.0508870218473021e-07,9.324236089014448e-06,0,1038240,0.0
z500_brown_0.05,1,1,6.0,q150,4.486128091230057e-08,3.446566188358702e-05,0,1038240,0.0
z500_brown_0.05,1,1,6.0,q200,-2.342938387300819e-06,0.00022070194245316088,6222,1038240,0.005992834026814609
z500_brown_0.05,1,1,6.0,q250,-1.3647764717461541e-05,0.0006934810662642121,35575,1038240,0.03426471721374634
z500_brown_0.05,1,1,6.0,q300,-2.6062276447191834e-05,0.0016084392555058002,13236,1038240,0.012748497457235322
z500_brown_0.05,1,1,6.0,q400,-8.930551121011376e-05,0.0045396024361252785,33727,1038240,0.032484781938665434
z500_brown_0.05,1,1,6.0,q500,-0.00016404374036937952,0.0072737704031169415,10184,1038240,0.009808907381722916
z500_brown_0.05,1,1,6.0,q600,-0.00028866156935691833,0.009959925897419453,13514,1038240,0.013016258283248575
z500_brown_0.05,1,1,6.0,q700,-0.0006093361880630255,0.01373961754143238,27936,1038240,0.026907073509015257
z500_brown_0.05,1,1,6.0,q850,-0.0009608222171664238,0.018046922981739044,64222,1038240,0.061856603482817074
z500_brown_0.05,1,1,6.0,q925,-0.0015359767712652683,0.020215313881635666,67497,1038240,0.06501098012020343
z500_brown_0.05,1,1,6.0,q1000,-0.0016212533228099346,0.02423599362373352,68625,1038240,0.06609743411927878
z500_brown_0.05,1,2,12.0,u10m,-24.438344955444336,22.72862434387207,0,1038240,0.0
z500_brown_0.05,1,2,12.0,v10m,-19.025699615478516,27.230772018432617,0,1038240,0.0
z500_brown_0.05,1,2,12.0,u100m,-32.29535675048828,28.426902770996094,0,1038240,0.0
z500_brown_0.05,1,2,12.0,v100m,-25.839637756347656,36.319679260253906,0,1038240,0.0
z500_brown_0.05,1,2,12.0,t2m,205.08868408203125,322.0616760253906,0,1038240,0.0
z500_brown_0.05,1,2,12.0,sp,49198.26953125,103869.4921875,0,1038240,0.0
z500_brown_0.05,1,2,12.0,msl,93608.3125,104209.8203125,0,1038240,0.0
z500_brown_0.05,1,2,12.0,tcwv,-5.972782135009766,77.51763153076172,73467,1038240,0.07076109570041608
z500_brown_0.05,1,2,12.0,u50,-30.02593231201172,75.73661804199219,0,1038240,0.0
z500_brown_0.05,1,2,12.0,u100,-39.605960845947266,64.46745300292969,0,1038240,0.0
z500_brown_0.05,1,2,12.0,u150,-33.32978820800781,71.69112396240234,0,1038240,0.0
z500_brown_0.05,1,2,12.0,u200,-44.045021057128906,89.14878845214844,0,1038240,0.0
z500_brown_0.05,1,2,12.0,u250,-40.7097282409668,101.46171569824219,0,1038240,0.0
z500_brown_0.05,1,2,12.0,u300,-40.232032775878906,92.14437103271484,0,1038240,0.0
z500_brown_0.05,1,2,12.0,u400,-40.344146728515625,72.06605529785156,0,1038240,0.0
z500_brown_0.05,1,2,12.0,u500,-35.584049224853516,57.254234313964844,0,1038240,0.0
z500_brown_0.05,1,2,12.0,u600,-37.08100128173828,43.72343444824219,0,1038240,0.0
z500_brown_0.05,1,2,12.0,u700,-38.918582916259766,39.34394836425781,0,1038240,0.0
z500_brown_0.05,1,2,12.0,u850,-42.792503356933594,36.95587921142578,0,1038240,0.0
z500_brown_0.05,1,2,12.0,u925,-41.050960540771484,34.12197494506836,0,1038240,0.0
z500_brown_0.05,1,2,12.0,u1000,-24.046951293945312,22.44019889831543,0,1038240,0.0
z500_brown_0.05,1,2,12.0,v50,-24.57357406616211,30.793651580810547,0,1038240,0.0
z500_brown_0.05,1,2,12.0,v100,-28.530773162841797,34.7491569519043,0,1038240,0.0
z500_brown_0.05,1,2,12.0,v150,-32.41950988769531,38.18666458129883,0,1038240,0.0
z500_brown_0.05,1,2,12.0,v200,-46.53915023803711,51.40180206298828,0,1038240,0.0
z500_brown_0.05,1,2,12.0,v250,-55.40361022949219,54.80962371826172,0,1038240,0.0
z500_brown_0.05,1,2,12.0,v300,-52.28554916381836,62.72859191894531,0,1038240,0.0
z500_brown_0.05,1,2,12.0,v400,-47.986854553222656,57.264137268066406,0,1038240,0.0
z500_brown_0.05,1,2,12.0,v500,-42.91792678833008,46.750728607177734,0,1038240,0.0
z500_brown_0.05,1,2,12.0,v600,-33.02993392944336,37.27071762084961,0,1038240,0.0
z500_brown_0.05,1,2,12.0,v700,-27.419301986694336,34.72028350830078,0,1038240,0.0
z500_brown_0.05,1,2,12.0,v850,-36.6787223815918,38.6201286315918,0,1038240,0.0
z500_brown_0.05,1,2,12.0,v925,-31.997364044189453,36.637142181396484,0,1038240,0.0
z500_brown_0.05,1,2,12.0,v1000,-19.8089656829834,28.10416603088379,0,1038240,0.0
z500_brown_0.05,1,2,12.0,z50,178423.796875,208123.15625,0,1038240,0.0
z500_brown_0.05,1,2,12.0,z100,140626.109375,165755.015625,0,1038240,0.0
z500_brown_0.05,1,2,12.0,z150,117482.5859375,142045.46875,0,1038240,0.0
z500_brown_0.05,1,2,12.0,z200,100646.859375,123896.59375,0,1038240,0.0
z500_brown_0.05,1,2,12.0,z250,87323.3203125,109067.203125,0,1038240,0.0
z500_brown_0.05,1,2,12.0,z300,76202.7578125,96364.1484375,0,1038240,0.0
z500_brown_0.05,1,2,12.0,z400,58324.375,75472.578125,0,1038240,0.0
z500_brown_0.05,1,2,12.0,z500,44026.84765625,58887.25,0,1038240,0.0
z500_brown_0.05,1,2,12.0,z600,31961.796875,44790.5390625,0,1038240,0.0
z500_brown_0.05,1,2,12.0,z700,21526.4140625,32415.11328125,0,1038240,0.0
z500_brown_0.05,1,2,12.0,z850,7332.2431640625,16485.166015625,0,1038240,0.0
z500_brown_0.05,1,2,12.0,z925,945.47607421875,9374.412109375,0,1038240,0.0
z500_brown_0.05,1,2,12.0,z1000,-5091.39013671875,3069.84912109375,0,1038240,0.0
z500_brown_0.05,1,2,12.0,t50,180.65316772460938,234.06451416015625,0,1038240,0.0
z500_brown_0.05,1,2,12.0,t100,186.29318237304688,235.45591735839844,0,1038240,0.0
z500_brown_0.05,1,2,12.0,t150,188.1123504638672,238.67630004882812,0,1038240,0.0
z500_brown_0.05,1,2,12.0,t200,191.91944885253906,241.48846435546875,0,1038240,0.0
z500_brown_0.05,1,2,12.0,t250,199.05406188964844,243.01983642578125,0,1038240,0.0
z500_brown_0.05,1,2,12.0,t300,204.85943603515625,251.10647583007812,0,1038240,0.0
z500_brown_0.05,1,2,12.0,t400,214.87196350097656,265.0447082519531,0,1038240,0.0
z500_brown_0.05,1,2,12.0,t500,223.67771911621094,276.47283935546875,0,1038240,0.0
z500_brown_0.05,1,2,12.0,t600,217.54302978515625,290.5125732421875,0,1038240,0.0
z500_brown_0.05,1,2,12.0,t700,214.59030151367188,302.0794677734375,0,1038240,0.0
z500_brown_0.05,1,2,12.0,t850,222.384521484375,314.14947509765625,0,1038240,0.0
z500_brown_0.05,1,2,12.0,t925,226.72665405273438,319.8762512207031,0,1038240,0.0
z500_brown_0.05,1,2,12.0,t1000,230.52398681640625,324.95941162109375,0,1038240,0.0
z500_brown_0.05,1,2,12.0,q50,8.666711437399499e-08,1.9598653580032988e-06,0,1038240,0.0
z500_brown_0.05,1,2,12.0,q100,2.560032044129912e-07,8.727766726224218e-06,0,1038240,0.0
z500_brown_0.05,1,2,12.0,q150,3.36134235112695e-07,3.5355205909581855e-05,0,1038240,0.0
z500_brown_0.05,1,2,12.0,q200,-2.5692697818158194e-06,0.00021009297051932663,9435,1038240,0.009087494220989367
z500_brown_0.05,1,2,12.0,q250,-1.0003521310864016e-05,0.0007051017601042986,38151,1038240,0.03674583911234397
z500_brown_0.05,1,2,12.0,q300,-1.2627220712602139e-05,0.0015303305117413402,19229,1038240,0.01852076591154261
z500_brown_0.05,1,2,12.0,q400,-8.401783998124301e-05,0.004181471653282642,49339,1038240,0.04752176760671906
z500_brown_0.05,1,2,12.0,q500,-0.00010382867185398936,0.00699308468028903,25316,1038240,0.02438357219910618
z500_brown_0.05,1,2,12.0,q600,-0.00025973713491111994,0.010109067894518375,22327,1038240,0.02150466173524426
z500_brown_0.05,1,2,12.0,q700,-0.0006330965552479029,0.013389842584729195,54410,1038240,0.05240599476036369
z500_brown_0.05,1,2,12.0,q850,-0.0012563914060592651,0.01789882592856884,70579,1038240,0.06797946524888272
z500_brown_0.05,1,2,12.0,q925,-0.0015259860083460808,0.020245952531695366,73407,1038240,0.07070330559408229
z500_brown_0.05,1,2,12.0,q1000,-0.0017744642682373524,0.025141892954707146,73133,1038240,0.07043939744182462
z500_brown_0.05,1,3,18.0,u10m,-22.864830017089844,20.75343132019043,0,1038240,0.0
z500_brown_0.05,1,3,18.0,v10m,-19.668594360351562,26.83029556274414,0,1038240,0.0
z500_brown_0.05,1,3,18.0,u100m,-29.661144256591797,25.691421508789062,0,1038240,0.0
z500_brown_0.05,1,3,18.0,v100m,-25.334901809692383,36.658233642578125,0,1038240,0.0
z500_brown_0.05,1,3,18.0,t2m,205.92787170410156,320.7138977050781,0,1038240,0.0
z500_brown_0.05,1,3,18.0,sp,49181.3828125,103801.875,0,1038240,0.0
z500_brown_0.05,1,3,18.0,msl,93865.6015625,103924.421875,0,1038240,0.0
z500_brown_0.05,1,3,18.0,tcwv,-5.078880310058594,77.82650756835938,73454,1038240,0.07074857451071043
z500_brown_0.05,1,3,18.0,u50,-29.85881805419922,76.28642272949219,0,1038240,0.0
z500_brown_0.05,1,3,18.0,u100,-37.30133056640625,65.75448608398438,0,1038240,0.0
z500_brown_0.05,1,3,18.0,u150,-33.04917907714844,74.6817626953125,0,1038240,0.0
z500_brown_0.05,1,3,18.0,u200,-41.154014587402344,86.0465087890625,0,1038240,0.0
z500_brown_0.05,1,3,18.0,u250,-37.99235153198242,101.83761596679688,0,1038240,0.0
z500_brown_0.05,1,3,18.0,u300,-38.597713470458984,98.58635711669922,0,1038240,0.0
z500_brown_0.05,1,3,18.0,u400,-36.7999267578125,71.8270492553711,0,1038240,0.0
z500_brown_0.05,1,3,18.0,u500,-33.38216781616211,58.58734893798828,0,1038240,0.0
z500_brown_0.05,1,3,18.0,u600,-33.61949920654297,45.714080810546875,0,1038240,0.0
z500_brown_0.05,1,3,18.0,u700,-34.38108825683594,39.054649353027344,0,1038240,0.0
z500_brown_0.05,1,3,18.0,u850,-36.236785888671875,35.303531646728516,0,1038240,0.0
z500_brown_0.05,1,3,18.0,u925,-36.49734115600586,31.891355514526367,0,1038240,0.0
z500_brown_0.05,1,3,18.0,u1000,-22.371667861938477,21.208187103271484,0,1038240,0.0
z500_brown_0.05,1,3,18.0,v50,-23.00395393371582,29.681232452392578,0,1038240,0.0
z500_brown_0.05,1,3,18.0,v100,-26.343156814575195,33.249656677246094,0,1038240,0.0
z500_brown_0.05,1,3,18.0,v150,-29.370790481567383,36.77842330932617,0,1038240,0.0
z500_brown_0.05,1,3,18.0,v200,-45.83677291870117,55.26755142211914,0,1038240,0.0
z500_brown_0.05,1,3,18.0,v250,-57.43721389770508,62.84308624267578,0,1038240,0.0
z500_brown_0.05,1,3,18.0,v300,-52.844139099121094,59.51255798339844,0,1038240,0.0
z500_brown_0.05,1,3,18.0,v400,-44.967437744140625,52.321773529052734,0,1038240,0.0
z500_brown_0.05,1,3,18.0,v500,-42.30995178222656,43.947776794433594,0,1038240,0.0
z500_brown_0.05,1,3,18.0,v600,-33.004859924316406,37.19029998779297,0,1038240,0.0
z500_brown_0.05,1,3,18.0,v700,-27.66953468322754,34.50969314575195,0,1038240,0.0
z500_brown_0.05,1,3,18.0,v850,-32.79506301879883,37.56443405151367,0,1038240,0.0
z500_brown_0.05,1,3,18.0,v925,-31.13420867919922,37.55972671508789,0,1038240,0.0
z500_brown_0.05,1,3,18.0,v1000,-20.547208786010742,27.356277465820312,0,1038240,0.0
z500_brown_0.05,1,3,18.0,z50,178371.4375,208026.328125,0,1038240,0.0
z500_brown_0.05,1,3,18.0,z100,140526.0625,165774.515625,0,1038240,0.0
z500_brown_0.05,1,3,18.0,z150,117409.859375,142032.21875,0,1038240,0.0
z500_brown_0.05,1,3,18.0,z200,100603.6953125,123895.953125,0,1038240,0.0
z500_brown_0.05,1,3,18.0,z250,87302.5859375,109050.4140625,0,1038240,0.0
z500_brown_0.05,1,3,18.0,z300,76208.109375,96379.2890625,0,1038240,0.0
z500_brown_0.05,1,3,18.0,z400,58352.7578125,75600.5078125,0,1038240,0.0
z500_brown_0.05,1,3,18.0,z500,44095.40625,58849.2734375,0,1038240,0.0
z500_brown_0.05,1,3,18.0,z600,32072.64453125,44699.2421875,0,1038240,0.0
z500_brown_0.05,1,3,18.0,z700,21616.310546875,32378.23828125,0,1038240,0.0
z500_brown_0.05,1,3,18.0,z850,7484.06201171875,16442.037109375,0,1038240,0.0
z500_brown_0.05,1,3,18.0,z925,1157.54931640625,9401.6611328125,0,1038240,0.0
z500_brown_0.05,1,3,18.0,z1000,-4789.99951171875,2994.1748046875,0,1038240,0.0
z500_brown_0.05,1,3,18.0,t50,180.41787719726562,234.36328125,0,1038240,0.0
z500_brown_0.05,1,3,18.0,t100,186.3297882080078,235.35009765625,0,1038240,0.0
z500_brown_0.05,1,3,18.0,t150,188.895751953125,239.01446533203125,0,1038240,0.0
z500_brown_0.05,1,3,18.0,t200,192.4871368408203,241.77537536621094,0,1038240,0.0
z500_brown_0.05,1,3,18.0,t250,199.25538635253906,242.46282958984375,0,1038240,0.0
z500_brown_0.05,1,3,18.0,t300,204.8046112060547,250.6290283203125,0,1038240,0.0
z500_brown_0.05,1,3,18.0,t400,214.9138641357422,264.971923828125,0,1038240,0.0
z500_brown_0.05,1,3,18.0,t500,223.38717651367188,276.2742919921875,0,1038240,0.0
z500_brown_0.05,1,3,18.0,t600,216.50697326660156,288.4704284667969,0,1038240,0.0
z500_brown_0.05,1,3,18.0,t700,215.37962341308594,299.8077087402344,0,1038240,0.0
z500_brown_0.05,1,3,18.0,t850,223.73757934570312,310.35394287109375,0,1038240,0.0
z500_brown_0.05,1,3,18.0,t925,227.79092407226562,316.8690490722656,0,1038240,0.0
z500_brown_0.05,1,3,18.0,t1000,231.4739990234375,322.021240234375,0,1038240,0.0
z500_brown_0.05,1,3,18.0,q50,1.3015346667089034e-07,1.969609229490743e-06,0,1038240,0.0
z500_brown_0.05,1,3,18.0,q100,3.9888550418254454e-07,8.154564056894742e-06,0,1038240,0.0
z500_brown_0.05,1,3,18.0,q150,3.476757228781935e-07,3.727968214661814e-05,0,1038240,0.0
z500_brown_0.05,1,3,18.0,q200,-1.3698117982130498e-06,0.00021562505571637303,5637,1038240,0.005429380490060102
z500_brown_0.05,1,3,18.0,q250,-1.4847439160803333e-05,0.0006522512994706631,34641,1038240,0.03336511789181692
z500_brown_0.05,1,3,18.0,q300,-1.601439726073295e-05,0.0015000947751104832,27909,1038240,0.02688106796116505
z500_brown_0.05,1,3,18.0,q400,-7.510758587159216e-05,0.004116306081414223,57042,1038240,0.05494105409153953
z500_brown_0.05,1,3,18.0,q500,-0.00012748606968671083,0.00699032936245203,40035,1038240,0.03856044845122515
z500_brown_0.05,1,3,18.0,q600,-0.0002945451997220516,0.009683811105787754,36619,1038240,0.035270265063954385
z500_brown_0.05,1,3,18.0,q700,-0.0007209479808807373,0.013164089992642403,60754,1038240,0.058516335336723686
z500_brown_0.05,1,3,18.0,q850,-0.001183922402560711,0.01808251067996025,72638,1038240,0.0699626290645708
z500_brown_0.05,1,3,18.0,q925,-0.001480079721659422,0.019960056990385056,75324,1038240,0.07254969949144706
z500_brown_0.05,1,3,18.0,q1000,-0.0015374762006103992,0.024589842185378075,73838,1038240,0.07111843119124672
z500_brown_0.05,1,4,24.0,u10m,-21.061527252197266,25.406017303466797,0,1038240,0.0
z500_brown_0.05,1,4,24.0,v10m,-19.7367000579834,25.550657272338867,0,1038240,0.0
z500_brown_0.05,1,4,24.0,u100m,-28.110553741455078,32.525787353515625,0,1038240,0.0
z500_brown_0.05,1,4,24.0,v100m,-26.192758560180664,34.6182975769043,0,1038240,0.0
z500_brown_0.05,1,4,24.0,t2m,205.6234130859375,319.3797607421875,0,1038240,0.0
z500_brown_0.05,1,4,24.0,sp,49060.00390625,103884.140625,0,1038240,0.0
z500_brown_0.05,1,4,24.0,msl,93926.5625,103849.2109375,0,1038240,0.0
z500_brown_0.05,1,4,24.0,tcwv,-4.628133773803711,76.13890075683594,72265,1038240,0.06960336723686238
z500_brown_0.05,1,4,24.0,u50,-30.268722534179688,76.92567443847656,0,1038240,0.0
z500_brown_0.05,1,4,24.0,u100,-37.479373931884766,65.34556579589844,0,1038240,0.0
z500_brown_0.05,1,4,24.0,u150,-31.485029220581055,73.2276611328125,0,1038240,0.0
z500_brown_0.05,1,4,24.0,u200,-37.792205810546875,86.28584289550781,0,1038240,0.0
z500_brown_0.05,1,4,24.0,u250,-36.803096771240234,95.91755676269531,0,1038240,0.0
z500_brown_0.05,1,4,24.0,u300,-39.023014068603516,93.61254119873047,0,1038240,0.0
z500_brown_0.05,1,4,24.0,u400,-35.608123779296875,71.94384002685547,0,1038240,0.0
z500_brown_0.05,1,4,24.0,u500,-30.60102081298828,62.601505279541016,0,1038240,0.0
z500_brown_0.05,1,4,24.0,u600,-30.74119758605957,51.02091598510742,0,1038240,0.0
z500_brown_0.05,1,4,24.0,u700,-32.043304443359375,41.51751708984375,0,1038240,0.0
z500_brown_0.05,1,4,24.0,u850,-36.37955093383789,35.10512161254883,0,1038240,0.0
z500_brown_0.05,1,4,24.0,u925,-34.483856201171875,35.66156768798828,0,1038240,0.0
z500_brown_0.05,1,4,24.0,u1000,-20.509592056274414,25.080556869506836,0,1038240,0.0
z500_brown_0.05,1,4,24.0,v50,-22.85013771057129,29.20835304260254,0,1038240,0.0
z500_brown_0.05,1,4,24.0,v100,-24.892147064208984,32.78810501098633,0,1038240,0.0
z500_brown_0.05,1,4,24.0,v150,-29.28274917602539,35.00846481323242,0,1038240,0.0
z500_brown_0.05,1,4,24.0,v200,-43.05242156982422,53.93837356567383,0,1038240,0.0
z500_brown_0.05,1,4,24.0,v250,-55.93496322631836,63.41045379638672,0,1038240,0.0
z500_brown_0.05,1,4,24.0,v300,-54.50218963623047,60.507652282714844,0,1038240,0.0
z500_brown_0.05,1,4,24.0,v400,-39.082340240478516,53.93239974975586,0,1038240,0.0
z500_brown_0.05,1,4,24.0,v500,-36.63656997680664,47.460968017578125,0,1038240,0.0
z500_brown_0.05,1,4,24.0,v600,-33.81911087036133,37.15022277832031,0,1038240,0.0
z500_brown_0.05,1,4,24.0,v700,-30.12348175048828,32.10530090332031,0,1038240,0.0
z500_brown_0.05,1,4,24.0,v850,-37.275909423828125,39.019248962402344,0,1038240,0.0
z500_brown_0.05,1,4,24.0,v925,-31.708303451538086,36.46575164794922,0,1038240,0.0
z500_brown_0.05,1,4,24.0,v1000,-20.39126968383789,26.292068481445312,0,1038240,0.0
z500_brown_0.05,1,4,24.0,z50,178280.984375,208033.09375,0,1038240,0.0
z500_brown_0.05,1,4,24.0,z100,140464.84375,165540.625,0,1038240,0.0
z500_brown_0.05,1,4,24.0,z150,117381.0625,141779.4375,0,1038240,0.0
z500_brown_0.05,1,4,24.0,z200,100586.4765625,123627.78125,0,1038240,0.0
z500_brown_0.05,1,4,24.0,z250,87286.34375,108900.7421875,0,1038240,0.0
z500_brown_0.05,1,4,24.0,z300,76176.6796875,96372.4453125,0,1038240,0.0
z500_brown_0.05,1,4,24.0,z400,58319.640625,75556.0078125,0,1038240,0.0
z500_brown_0.05,1,4,24.0,z500,44101.9921875,58805.3984375,0,1038240,0.0
z500_brown_0.05,1,4,24.0,z600,32129.107421875,44678.78515625,0,1038240,0.0
z500_brown_0.05,1,4,24.0,z700,21586.015625,32358.087890625,0,1038240,0.0
z500_brown_0.05,1,4,24.0,z850,7373.6689453125,16472.90625,0,1038240,0.0
z500_brown_0.05,1,4,24.0,z925,1104.6416015625,9493.9814453125,0,1038240,0.0
z500_brown_0.05,1,4,24.0,z1000,-4756.4208984375,3054.1123046875,0,1038240,0.0
z500_brown_0.05,1,4,24.0,t50,180.03099060058594,234.63494873046875,0,1038240,0.0
z500_brown_0.05,1,4,24.0,t100,186.45567321777344,235.34214782714844,0,1038240,0.0
z500_brown_0.05,1,4,24.0,t150,188.6118621826172,239.3011932373047,0,1038240,0.0
z500_brown_0.05,1,4,24.0,t200,192.1456298828125,241.9100799560547,0,1038240,0.0
z500_brown_0.05,1,4,24.0,t250,199.6753692626953,242.6038055419922,0,1038240,0.0
z500_brown_0.05,1,4,24.0,t300,204.8964385986328,250.18582153320312,0,1038240,0.0
z500_brown_0.05,1,4,24.0,t400,214.6702880859375,264.913330078125,0,1038240,0.0
z500_brown_0.05,1,4,24.0,t500,222.83779907226562,276.2669677734375,0,1038240,0.0
z500_brown_0.05,1,4,24.0,t600,216.84886169433594,286.64715576171875,0,1038240,0.0
z500_brown_0.05,1,4,24.0,t700,215.71311950683594,295.54180908203125,0,1038240,0.0
z500_brown_0.05,1,4,24.0,t850,224.20803833007812,308.0674133300781,0,1038240,0.0
z500_brown_0.05,1,4,24.0,t925,228.11085510253906,313.83526611328125,0,1038240,0.0
z500_brown_0.05,1,4,24.0,t1000,231.88328552246094,318.3351135253906,0,1038240,0.0
z500_brown_0.05,1,4,24.0,q50,1.70642579178093e-07,1.9763399450312136e-06,0,1038240,0.0
z500_brown_0.05,1,4,24.0,q100,4.787852958543226e-07,7.651982741663232e-06,0,1038240,0.0
z500_brown_0.05,1,4,24.0,q150,5.219135346123949e-09,3.577717507141642e-05,0,1038240,0.0
z500_brown_0.05,1,4,24.0,q200,-1.4168126654112712e-06,0.000199165748199448,5070,1038240,0.004883263985205733
z500_brown_0.05,1,4,24.0,q250,-1.2788503227056935e-05,0.00063276884611696,40860,1038240,0.039355062413314844
z500_brown_0.05,1,4,24.0,q300,-1.7928905435837805e-05,0.0015085036866366863,30905,1038240,0.029766720604099246
z500_brown_0.05,1,4,24.0,q400,-6.471530650742352e-05,0.004145615268498659,53132,1038240,0.05117506549545384
z500_brown_0.05,1,4,24.0,q500,-0.0001229260815307498,0.006894377060234547,44313,1038240,0.04268088303282478
z500_brown_0.05,1,4,24.0,q600,-0.00025567086413502693,0.009415408596396446,44070,1038240,0.042446833102172905
z500_brown_0.05,1,4,24.0,q700,-0.0006429832428693771,0.013069864362478256,59708,1038240,0.05750886114963785
z500_brown_0.05,1,4,24.0,q850,-0.0010046185925602913,0.018209058791399002,72206,1038240,0.06954654029896748
z500_brown_0.05,1,4,24.0,q925,-0.0012640878558158875,0.01963207684457302,75199,1038240,0.07242930343658499
z500_brown_0.05,1,4,24.0,q1000,-0.001381410751491785,0.02444489672780037,72995,1038240,0.0703064801972569
z500_brown_0.05,1,5,30.0,u10m,-21.99754524230957,26.950841903686523,0,1038240,0.0
z500_brown_0.05,1,5,30.0,v10m,-20.176271438598633,24.018795013427734,0,1038240,0.0
z500_brown_0.05,1,5,30.0,u100m,-29.450206756591797,34.021915435791016,0,1038240,0.0
z500_brown_0.05,1,5,30.0,v100m,-26.539457321166992,32.871803283691406,0,1038240,0.0
z500_brown_0.05,1,5,30.0,t2m,205.58926391601562,316.3829040527344,0,1038240,0.0
z500_brown_0.05,1,5,30.0,sp,49116.4296875,103779.4140625,0,1038240,0.0
z500_brown_0.05,1,5,30.0,msl,93973.3125,103794.359375,0,1038240,0.0
z500_brown_0.05,1,5,30.0,tcwv,-4.174736022949219,75.52616882324219,70641,1038240,0.06803918169209432
z500_brown_0.05,1,5,30.0,u50,-30.380664825439453,76.54672241210938,0,1038240,0.0
z500_brown_0.05,1,5,30.0,u100,-37.89027786254883,68.06967163085938,0,1038240,0.0
z500_brown_0.05,1,5,30.0,u150,-31.16944694519043,72.580322265625,0,1038240,0.0
z500_brown_0.05,1,5,30.0,u200,-37.73645782470703,85.17376708984375,0,1038240,0.0
z500_brown_0.05,1,5,30.0,u250,-33.86488723754883,93.9237060546875,0,1038240,0.0
z500_brown_0.05,1,5,30.0,u300,-37.065887451171875,90.85791778564453,0,1038240,0.0
z500_brown_0.05,1,5,30.0,u400,-33.93778991699219,74.1325912475586,0,1038240,0.0
z500_brown_0.05,1,5,30.0,u500,-30.677196502685547,60.995418548583984,0,1038240,0.0
z500_brown_0.05,1,5,30.0,u600,-28.91974449157715,49.349361419677734,0,1038240,0.0
z500_brown_0.05,1,5,30.0,u700,-36.1285285949707,40.20438766479492,0,1038240,0.0
z500_brown_0.05,1,5,30.0,u850,-38.62549591064453,39.26980972290039,0,1038240,0.0
z500_brown_0.05,1,5,30.0,u925,-34.85107421875,36.211036682128906,0,1038240,0.0
z500_brown_0.05,1,5,30.0,u1000,-21.576658248901367,26.375972747802734,0,1038240,0.0
z500_brown_0.05,1,5,30.0,v50,-23.55874252319336,27.925220489501953,0,1038240,0.0
z500_brown_0.05,1,5,30.0,v100,-21.601009368896484,31.746742248535156,0,1038240,0.0
z500_brown_0.05,1,5,30.0,v150,-28.54306983947754,33.28580856323242,0,1038240,0.0
z500_brown_0.05,1,5,30.0,v200,-42.86186218261719,51.78974914550781,0,1038240,0.0
z500_brown_0.05,1,5,30.0,v250,-54.8028678894043,63.64221954345703,0,1038240,0.0
z500_brown_0.05,1,5,30.0,v300,-53.85250473022461,66.13175964355469,0,1038240,0.0
z500_brown_0.05,1,5,30.0,v400,-40.02634811401367,57.356483459472656,0,1038240,0.0
z500_brown_0.05,1,5,30.0,v500,-37.631927490234375,50.091129302978516,0,1038240,0.0
z500_brown_0.05,1,5,30.0,v600,-34.256099700927734,40.285560607910156,0,1038240,0.0
z500_brown_0.05,1,5,30.0,v700,-29.808582305908203,32.82622528076172,0,1038240,0.0
z500_brown_0.05,1,5,30.0,v850,-36.57149887084961,39.21484375,0,1038240,0.0
z500_brown_0.05,1,5,30.0,v925,-30.572895050048828,32.19666290283203,0,1038240,0.0
z500_brown_0.05,1,5,30.0,v1000,-20.739126205444336,24.47262191772461,0,1038240,0.0
z500_brown_0.05,1,5,30.0,z50,178069.1875,208157.09375,0,1038240,0.0
z500_brown_0.05,1,5,30.0,z100,140350.84375,165656.1875,0,1038240,0.0
z500_brown_0.05,1,5,30.0,z150,117308.421875,141799.90625,0,1038240,0.0
z500_brown_0.05,1,5,30.0,z200,100534.484375,123700.6640625,0,1038240,0.0
z500_brown_0.05,1,5,30.0,z250,87244.21875,108916.0546875,0,1038240,0.0
z500_brown_0.05,1,5,30.0,z300,76158.359375,96375.734375,0,1038240,0.0
z500_brown_0.05,1,5,30.0,z400,58310.1171875,75578.1171875,0,1038240,0.0
z500_brown_0.05,1,5,30.0,z500,44090.15234375,58632.2890625,0,1038240,0.0
z500_brown_0.05,1,5,30.0,z600,31939.73046875,44524.2265625,0,1038240,0.0
z500_brown_0.05,1,5,30.0,z700,21235.90625,32208.91015625,0,1038240,0.0
z500_brown_0.05,1,5,30.0,z850,7275.51416015625,16500.931640625,0,1038240,0.0
z500_brown_0.05,1,5,30.0,z925,1128.2236328125,9506.578125,0,1038240,0.0
z500_brown_0.05,1,5,30.0,z1000,-4664.1982421875,3008.1005859375,0,1038240,0.0
z500_brown_0.05,1,5,30.0,t50,179.802978515625,234.84967041015625,0,1038240,0.0
z500_brown_0.05,1,5,30.0,t100,186.17123413085938,235.19842529296875,0,1038240,0.0
z500_brown_0.05,1,5,30.0,t150,189.10760498046875,239.96368408203125,0,1038240,0.0
z500_brown_0.05,1,5,30.0,t200,192.03500366210938,242.1243438720703,0,1038240,0.0
z500_brown_0.05,1,5,30.0,t250,199.98660278320312,242.44097900390625,0,1038240,0.0
z500_brown_0.05,1,5,30.0,t300,205.0406951904297,250.28167724609375,0,1038240,0.0
z500_brown_0.05,1,5,30.0,t400,213.9767303466797,264.39813232421875,0,1038240,0.0
z500_brown_0.05,1,5,30.0,t500,222.87661743164062,275.79718017578125,0,1038240,0.0
z500_brown_0.05,1,5,30.0,t600,216.48345947265625,289.0284423828125,0,1038240,0.0
z500_brown_0.05,1,5,30.0,t700,215.08413696289062,300.8721618652344,0,1038240,0.0
z500_brown_0.05,1,5,30.0,t850,223.85861206054688,312.3224182128906,0,1038240,0.0
z500_brown_0.05,1,5,30.0,t925,227.6885528564453,317.509521484375,0,1038240,0.0
z500_brown_0.05,1,5,30.0,t1000,231.27110290527344,322.64910888671875,0,1038240,0.0
z500_brown_0.05,1,5,30.0,q50,2.1291407392709516e-07,1.983939000638202e-06,0,1038240,0.0
z500_brown_0.05,1,5,30.0,q100,5.748916009906679e-07,7.200505024229642e-06,0,1038240,0.0
z500_brown_0.05,1,5,30.0,q150,-4.439129952515941e-07,3.512198236421682e-05,60,1038240,5.779010633379565e-05
z500_brown_0.05,1,5,30.0,q200,-2.3529428290203214e-06,0.00020670818048529327,7295,1038240,0.007026313761750655
z500_brown_0.05,1,5,30.0,q250,-1.5900059224804863e-05,0.0006471491069532931,31884,1038240,0.03070966250577901
z500_brown_0.05,1,5,30.0,q300,-2.0475868950597942e-05,0.0015182457864284515,28405,1038240,0.02735879950685776
z500_brown_0.05,1,5,30.0,q400,-7.13518529664725e-05,0.00420333631336689,50707,1038240,0.048839382031129606
z500_brown_0.05,1,5,30.0,q500,-0.00010975025361403823,0.007249540649354458,40038,1038240,0.03856333795654184
z500_brown_0.05,1,5,30.0,q600,-0.0002863468835130334,0.010849658399820328,44325,1038240,0.04269244105409154
z500_brown_0.05,1,5,30.0,q700,-0.0005511667113751173,0.013403646647930145,61702,1038240,0.05942941901679766
z500_brown_0.05,1,5,30.0,q850,-0.0008354755118489265,0.018122544512152672,70101,1038240,0.06751907073509016
z500_brown_0.05,1,5,30.0,q925,-0.0010586092248558998,0.019996145740151405,72705,1038240,0.07002716134997689
z500_brown_0.05,1,5,30.0,q1000,-0.0011279606260359287,0.023893630132079124,71535,1038240,0.06890025427646787
z500_brown_0.05,1,6,36.0,u10m,-22.13148307800293,22.722496032714844,0,1038240,0.0
z500_brown_0.05,1,6,36.0,v10m,-18.936630249023438,23.03870391845703,0,1038240,0.0
z500_brown_0.05,1,6,36.0,u100m,-29.272417068481445,28.50996208190918,0,1038240,0.0
z500_brown_0.05,1,6,36.0,v100m,-24.582258224487305,32.06317138671875,0,1038240,0.0
z500_brown_0.05,1,6,36.0,t2m,203.85458374023438,322.0189208984375,0,1038240,0.0
z500_brown_0.05,1,6,36.0,sp,49019.9375,103830.4921875,0,1038240,0.0
z500_brown_0.05,1,6,36.0,msl,94212.625,103762.921875,0,1038240,0.0
z500_brown_0.05,1,6,36.0,tcwv,-3.790557861328125,75.76826477050781,66824,1038240,0.06436276776082601
z500_brown_0.05,1,6,36.0,u50,-27.563125610351562,75.40377044677734,0,1038240,0.0
z500_brown_0.05,1,6,36.0,u100,-38.00334548950195,67.46051025390625,0,1038240,0.0
z500_brown_0.05,1,6,36.0,u150,-32.18840789794922,70.57719421386719,0,1038240,0.0
z500_brown_0.05,1,6,36.0,u200,-37.490211486816406,83.08195495605469,0,1038240,0.0
z500_brown_0.05,1,6,36.0,u250,-34.573001861572266,91.13644409179688,0,1038240,0.0
z500_brown_0.05,1,6,36.0,u300,-32.29011154174805,85.5150146484375,0,1038240,0.0
z500_brown_0.05,1,6,36.0,u400,-28.01886558532715,72.12718963623047,0,1038240,0.0
z500_brown_0.05,1,6,36.0,u500,-27.517475128173828,59.4061393737793,0,1038240,0.0
z500_brown_0.05,1,6,36.0,u600,-29.9354190826416,48.547725677490234,0,1038240,0.0
z500_brown_0.05,1,6,36.0,u700,-38.023216247558594,41.170291900634766,0,1038240,0.0
z500_brown_0.05,1,6,36.0,u850,-37.305274963378906,36.53363800048828,0,1038240,0.0
z500_brown_0.05,1,6,36.0,u925,-34.059051513671875,30.652177810668945,0,1038240,0.0
z500_brown_0.05,1,6,36.0,u1000,-21.849803924560547,22.865020751953125,0,1038240,0.0
z500_brown_0.05,1,6,36.0,v50,-25.168750762939453,27.6395206451416,0,1038240,0.0
z500_brown_0.05,1,6,36.0,v100,-21.156993865966797,28.923429489135742,0,1038240,0.0
z500_brown_0.05,1,6,36.0,v150,-29.395782470703125,32.49580001831055,0,1038240,0.0
z500_brown_0.05,1,6,36.0,v200,-41.1518669128418,47.8826789855957,0,1038240,0.0
z500_brown_0.05,1,6,36.0,v250,-50.97468185424805,54.29941940307617,0,1038240,0.0
z500_brown_0.05,1,6,36.0,v300,-53.41883850097656,54.69751739501953,0,1038240,0.0
z500_brown_0.05,1,6,36.0,v400,-45.78194808959961,55.067955017089844,0,1038240,0.0
z500_brown_0.05,1,6,36.0,v500,-37.692264556884766,46.98332977294922,0,1038240,0.0
z500_brown_0.05,1,6,36.0,v600,-30.661495208740234,38.80696105957031,0,1038240,0.0
z500_brown_0.05,1,6,36.0,v700,-26.925949096679688,31.03117561340332,0,1038240,0.0
z500_brown_0.05,1,6,36.0,v850,-32.67341613769531,38.17190170288086,0,1038240,0.0
z500_brown_0.05,1,6,36.0,v925,-30.145023345947266,30.93189239501953,0,1038240,0.0
z500_brown_0.05,1,6,36.0,v1000,-19.839496612548828,23.784299850463867,0,1038240,0.0
z500_brown_0.05,1,6,36.0,z50,177762.375,208313.21875,0,1038240,0.0
z500_brown_0.05,1,6,36.0,z100,140353.328125,165829.546875,0,1038240,0.0
z500_brown_0.05,1,6,36.0,z150,117386.9375,141980.21875,0,1038240,0.0
z500_brown_0.05,1,6,36.0,z200,100656.0234375,123806.96875,0,1038240,0.0
z500_brown_0.05,1,6,36.0,z250,87405.1875,108892.6796875,0,1038240,0.0
z500_brown_0.05,1,6,36.0,z300,76333.671875,96239.0,0,1038240,0.0
z500_brown_0.05,1,6,36.0,z400,58490.03515625,75461.5,0,1038240,0.0
z500_brown_0.05,1,6,36.0,z500,44103.2109375,58733.40234375,0,1038240,0.0
z500_brown_0.05,1,6,36.0,z600,31842.45703125,44614.28125,0,1038240,0.0
z500_brown_0.05,1,6,36.0,z700,21205.681640625,32259.59375,0,1038240,0.0
z500_brown_0.05,1,6,36.0,z850,7414.25634765625,16555.77734375,0,1038240,0.0
z500_brown_0.05,1,6,36.0,z925,1316.65576171875,9560.220703125,0,1038240,0.0
z500_brown_0.05,1,6,36.0,z1000,-4441.55029296875,3070.80322265625,0,1038240,0.0
z500_brown_0.05,1,6,36.0,t50,179.39224243164062,235.0973358154297,0,1038240,0.0
z500_brown_0.05,1,6,36.0,t100,185.93710327148438,235.61984252929688,0,1038240,0.0
z500_brown_0.05,1,6,36.0,t150,189.179931640625,240.1497344970703,0,1038240,0.0
z500_brown_0.05,1,6,36.0,t200,192.00064086914062,241.96522521972656,0,1038240,0.0
z500_brown_0.05,1,6,36.0,t250,200.40965270996094,242.6947021484375,0,1038240,0.0
z500_brown_0.05,1,6,36.0,t300,204.9458465576172,251.29629516601562,0,1038240,0.0
z500_brown_0.05,1,6,36.0,t400,213.4498291015625,265.5040283203125,0,1038240,0.0
z500_brown_0.05,1,6,36.0,t500,222.47723388671875,277.051025390625,0,1038240,0.0
z500_brown_0.05,1,6,36.0,t600,217.3193817138672,291.0619812011719,0,1038240,0.0
z500_brown_0.05,1,6,36.0,t700,214.95828247070312,303.4405822753906,0,1038240,0.0
z500_brown_0.05,1,6,36.0,t850,223.40237426757812,313.8646240234375,0,1038240,0.0
z500_brown_0.05,1,6,36.0,t925,227.3194580078125,318.7778015136719,0,1038240,0.0
z500_brown_0.05,1,6,36.0,t1000,230.9184112548828,323.7039489746094,0,1038240,0.0
z500_brown_0.05,1,6,36.0,q50,2.506887994968565e-07,1.9903336578863673e-06,0,1038240,0.0
z500_brown_0.05,1,6,36.0,q100,6.548673354700441e-07,6.8017056946700905e-06,0,1038240,0.0
z500_brown_0.05,1,6,36.0,q150,1.5424166122102179e-07,3.8543763366760686e-05,0,1038240,0.0
z500_brown_0.05,1,6,36.0,q200,-3.819630364887416e-06,0.00021549226948991418,11612,1038240,0.011184311912467252
z500_brown_0.05,1,6,36.0,q250,-1.3184613635530695e-05,0.0006544571369886398,30299,1038240,0.029183040530127907
z500_brown_0.05,1,6,36.0,q300,-1.5711848391219974e-05,0.0014877276262268424,27191,1038240,0.026189513022037293
z500_brown_0.05,1,6,36.0,q400,-5.8081961469724774e-05,0.004002845846116543,49041,1038240,0.047234743411927876
z500_brown_0.05,1,6,36.0,q500,-0.00010558357462286949,0.007920848205685616,37264,1038240,0.03589150870704269
z500_brown_0.05,1,6,36.0,q600,-0.00030779081862419844,0.009878083132207394,42852,1038240,0.041273693943596854
z500_brown_0.05,1,6,36.0,q700,-0.0006164875812828541,0.012974651530385017,56089,1038240,0.05402315456927107
z500_brown_0.05,1,6,36.0,q850,-0.0006296173669397831,0.01836521364748478,65722,1038240,0.06330135614116196
z500_brown_0.05,1,6,36.0,q925,-0.0008023581467568874,0.020152272656559944,67408,1038240,0.06492525812914163
z500_brown_0.05,1,6,36.0,q1000,-0.0009507867507636547,0.02562284655869007,67056,1038240,0.06458622283865002
z500_brown_0.05,1,7,42.0,u10m,-22.072811126708984,18.605066299438477,0,1038240,0.0
z500_brown_0.05,1,7,42.0,v10m,-20.448335647583008,23.67085075378418,0,1038240,0.0
z500_brown_0.05,1,7,42.0,u100m,-28.69785499572754,24.175334930419922,0,1038240,0.0
z500_brown_0.05,1,7,42.0,v100m,-27.467422485351562,32.6978759765625,0,1038240,0.0
z500_brown_0.05,1,7,42.0,t2m,202.3828125,320.90283203125,0,1038240,0.0
z500_brown_0.05,1,7,42.0,sp,49131.50390625,103861.4765625,0,1038240,0.0
z500_brown_0.05,1,7,42.0,msl,94702.53125,103805.71875,0,1038240,0.0
z500_brown_0.05,1,7,42.0,tcwv,-2.805208206176758,76.59284973144531,60791,1038240,0.058551972568962864
z500_brown_0.05,1,7,42.0,u50,-27.936973571777344,75.38935089111328,0,1038240,0.0
z500_brown_0.05,1,7,42.0,u100,-34.21343231201172,66.86247253417969,0,1038240,0.0
z500_brown_0.05,1,7,42.0,u150,-31.413236618041992,71.27716064453125,0,1038240,0.0
z500_brown_0.05,1,7,42.0,u200,-37.17811584472656,81.60448455810547,0,1038240,0.0
z500_brown_0.05,1,7,42.0,u250,-36.46588897705078,87.38970947265625,0,1038240,0.0
z500_brown_0.05,1,7,42.0,u300,-32.3142204284668,84.73405456542969,0,1038240,0.0
z500_brown_0.05,1,7,42.0,u400,-24.73158073425293,69.45507049560547,0,1038240,0.0
z500_brown_0.05,1,7,42.0,u500,-25.98480224609375,59.561607360839844,0,1038240,0.0
z500_brown_0.05,1,7,42.0,u600,-33.101314544677734,48.773223876953125,0,1038240,0.0
z500_brown_0.05,1,7,42.0,u700,-39.50364303588867,40.880859375,0,1038240,0.0
z500_brown_0.05,1,7,42.0,u850,-38.0062255859375,35.4765510559082,0,1038240,0.0
z500_brown_0.05,1,7,42.0,u925,-34.988800048828125,30.640628814697266,0,1038240,0.0
z500_brown_0.05,1,7,42.0,u1000,-22.050914764404297,20.953475952148438,0,1038240,0.0
z500_brown_0.05,1,7,42.0,v50,-26.119205474853516,25.4445743560791,0,1038240,0.0
z500_brown_0.05,1,7,42.0,v100,-21.38223648071289,25.80764389038086,0,1038240,0.0
z500_brown_0.05,1,7,42.0,v150,-29.091161727905273,32.069847106933594,0,1038240,0.0
z500_brown_0.05,1,7,42.0,v200,-40.01485061645508,47.59628677368164,0,1038240,0.0
z500_brown_0.05,1,7,42.0,v250,-52.64901351928711,52.416748046875,0,1038240,0.0
z500_brown_0.05,1,7,42.0,v300,-58.5971794128418,55.293521881103516,0,1038240,0.0
z500_brown_0.05,1,7,42.0,v400,-55.14789962768555,56.06338882446289,0,1038240,0.0
z500_brown_0.05,1,7,42.0,v500,-39.662960052490234,48.637847900390625,0,1038240,0.0
z500_brown_0.05,1,7,42.0,v600,-28.334836959838867,39.61254119873047,0,1038240,0.0
z500_brown_0.05,1,7,42.0,v700,-24.73104476928711,32.403621673583984,0,1038240,0.0
z500_brown_0.05,1,7,42.0,v850,-33.421634674072266,36.20888137817383,0,1038240,0.0
z500_brown_0.05,1,7,42.0,v925,-34.45615005493164,30.289094924926758,0,1038240,0.0
z500_brown_0.05,1,7,42.0,v1000,-20.572168350219727,24.388538360595703,0,1038240,0.0
z500_brown_0.05,1,7,42.0,z50,177513.015625,208205.0,0,1038240,0.0
z500_brown_0.05,1,7,42.0,z100,140318.234375,165791.25,0,1038240,0.0
z500_brown_0.05,1,7,42.0,z150,117458.171875,141900.65625,0,1038240,0.0
z500_brown_0.05,1,7,42.0,z200,100799.484375,123732.7265625,0,1038240,0.0
z500_brown_0.05,1,7,42.0,z250,87600.5625,108900.90625,0,1038240,0.0
z500_brown_0.05,1,7,42.0,z300,76549.2890625,96388.1171875,0,1038240,0.0
z500_brown_0.05,1,7,42.0,z400,58689.94921875,75592.4296875,0,1038240,0.0
z500_brown_0.05,1,7,42.0,z500,44223.00390625,58730.92578125,0,1038240,0.0
z500_brown_0.05,1,7,42.0,z600,32024.8125,44535.01171875,0,1038240,0.0
z500_brown_0.05,1,7,42.0,z700,21450.98046875,32285.501953125,0,1038240,0.0
z500_brown_0.05,1,7,42.0,z850,7743.064453125,16570.283203125,0,1038240,0.0
z500_brown_0.05,1,7,42.0,z925,1678.63623046875,9573.029296875,0,1038240,0.0
z500_brown_0.05,1,7,42.0,z1000,-4044.69580078125,3099.14404296875,0,1038240,0.0
z500_brown_0.05,1,7,42.0,t50,179.79010009765625,235.5059814453125,0,1038240,0.0
z500_brown_0.05,1,7,42.0,t100,186.21994018554688,235.8411102294922,0,1038240,0.0
z500_brown_0.05,1,7,42.0,t150,189.36021423339844,241.00442504882812,0,1038240,0.0
z500_brown_0.05,1,7,42.0,t200,192.1105194091797,241.9707794189453,0,1038240,0.0
z500_brown_0.05,1,7,42.0,t250,199.94540405273438,243.01171875,0,1038240,0.0
z500_brown_0.05,1,7,42.0,t300,205.23182678222656,249.8083953857422,0,1038240,0.0
z500_brown_0.05,1,7,42.0,t400,213.72940063476562,264.66412353515625,0,1038240,0.0
z500_brown_0.05,1,7,42.0,t500,221.92405700683594,275.6644592285156,0,1038240,0.0
z500_brown_0.05,1,7,42.0,t600,215.2599639892578,288.6219787597656,0,1038240,0.0
z500_brown_0.05,1,7,42.0,t700,214.35768127441406,299.3517761230469,0,1038240,0.0
z500_brown_0.05,1,7,42.0,t850,225.01119995117188,310.2414245605469,0,1038240,0.0
z500_brown_0.05,1,7,42.0,t925,228.78262329101562,315.8977355957031,0,1038240,0.0
z500_brown_0.05,1,7,42.0,t1000,232.5609588623047,320.9612121582031,0,1038240,0.0
z500_brown_0.05,1,7,42.0,q50,2.8565546017489396e-07,1.9982783214800293e-06,0,1038240,0.0
z500_brown_0.05,1,7,42.0,q100,7.16160911906627e-07,6.394363481376786e-06,0,1038240,0.0
z500_brown_0.05,1,7,42.0,q150,4.025159796583466e-07,3.763969289138913e-05,0,1038240,0.0
z500_brown_0.05,1,7,42.0,q200,-3.971326805185527e-06,0.00021735051996074617,12339,1038240,0.011884535367545076
z500_brown_0.05,1,7,42.0,q250,-1.3233195204520598e-05,0.0006559675675816834,26596,1038240,0.02561642780089382
z500_brown_0.05,1,7,42.0,q300,-2.0105144358240068e-05,0.001460930914618075,27444,1038240,0.026433194637078133
z500_brown_0.05,1,7,42.0,q400,-6.988848326727748e-05,0.0041880193166434765,44513,1038240,0.0428735167206041
z500_brown_0.05,1,7,42.0,q500,-9.397551184520125e-05,0.007437643129378557,29984,1038240,0.02887964247187548
z500_brown_0.05,1,7,42.0,q600,-0.0003186223329976201,0.009557640179991722,34324,1038240,0.0330597934966867
z500_brown_0.05,1,7,42.0,q700,-0.0006689250003546476,0.013066265732049942,52336,1038240,0.05040838341809216
z500_brown_0.05,1,7,42.0,q850,-0.0005511501803994179,0.01832696795463562,58584,1038240,0.05642625982431808
z500_brown_0.05,1,7,42.0,q925,-0.0007514534518122673,0.019727936014533043,63366,1038240,0.06103213129912159
z500_brown_0.05,1,7,42.0,q1000,-0.0008421489037573338,0.024957934394478798,61978,1038240,0.05969525350593312
z500_brown_0.05,1,8,48.0,u10m,-22.77073097229004,19.879837036132812,0,1038240,0.0
z500_brown_0.05,1,8,48.0,v10m,-24.0618896484375,23.107852935791016,0,1038240,0.0
z500_brown_0.05,1,8,48.0,u100m,-29.080102920532227,25.53077507019043,0,1038240,0.0
z500_brown_0.05,1,8,48.0,v100m,-31.81289291381836,32.27012634277344,0,1038240,0.0
z500_brown_0.05,1,8,48.0,t2m,201.2960662841797,320.27777099609375,0,1038240,0.0
z500_brown_0.05,1,8,48.0,sp,48990.203125,103885.2734375,0,1038240,0.0
z500_brown_0.05,1,8,48.0,msl,94955.921875,103828.5234375,0,1038240,0.0
z500_brown_0.05,1,8,48.0,tcwv,-2.619264602661133,77.00584411621094,56309,1038240,0.054235051625828326
z500_brown_0.05,1,8,48.0,u50,-28.52175521850586,72.6309585571289,0,1038240,0.0
z500_brown_0.05,1,8,48.0,u100,-34.86814880371094,64.8210220336914,0,1038240,0.0
z500_brown_0.05,1,8,48.0,u150,-31.997697830200195,68.85352325439453,0,1038240,0.0
z500_brown_0.05,1,8,48.0,u200,-39.78370666503906,80.79227447509766,0,1038240,0.0
z500_brown_0.05,1,8,48.0,u250,-35.45975112915039,85.86746215820312,0,1038240,0.0
z500_brown_0.05,1,8,48.0,u300,-36.18202590942383,81.22352600097656,0,1038240,0.0
z500_brown_0.05,1,8,48.0,u400,-32.122474670410156,67.82266998291016,0,1038240,0.0
z500_brown_0.05,1,8,48.0,u500,-25.203250885009766,58.68010330200195,0,1038240,0.0
z500_brown_0.05,1,8,48.0,u600,-27.277132034301758,49.62474822998047,0,1038240,0.0
z500_brown_0.05,1,8,48.0,u700,-35.51650619506836,40.82600021362305,0,1038240,0.0
z500_brown_0.05,1,8,48.0,u850,-37.59119415283203,34.28229522705078,0,1038240,0.0
z500_brown_0.05,1,8,48.0,u925,-34.90498352050781,30.50870132446289,0,1038240,0.0
z500_brown_0.05,1,8,48.0,u1000,-22.676637649536133,20.095308303833008,0,1038240,0.0
z500_brown_0.05,1,8,48.0,v50,-25.96912384033203,24.264734268188477,0,1038240,0.0
z500_brown_0.05,1,8,48.0,v100,-22.278017044067383,22.254894256591797,0,1038240,0.0
z500_brown_0.05,1,8,48.0,v150,-27.659793853759766,32.27619552612305,0,1038240,0.0
z500_brown_0.05,1,8,48.0,v200,-45.90769577026367,45.06824493408203,0,1038240,0.0
z500_brown_0.05,1,8,48.0,v250,-53.22019577026367,48.50834274291992,0,1038240,0.0
z500_brown_0.05,1,8,48.0,v300,-58.166900634765625,56.57113265991211,0,1038240,0.0
z500_brown_0.05,1,8,48.0,v400,-55.70838165283203,55.46749496459961,0,1038240,0.0
z500_brown_0.05,1,8,48.0,v500,-42.52545166015625,48.12435531616211,0,1038240,0.0
z500_brown_0.05,1,8,48.0,v600,-29.257158279418945,39.536231994628906,0,1038240,0.0
z500_brown_0.05,1,8,48.0,v700,-26.079322814941406,32.46993637084961,0,1038240,0.0
z500_brown_0.05,1,8,48.0,v850,-36.958858489990234,35.71054458618164,0,1038240,0.0
z500_brown_0.05,1,8,48.0,v925,-34.969520568847656,30.875577926635742,0,1038240,0.0
z500_brown_0.05,1,8,48.0,v1000,-24.45610809326172,23.792333602905273,0,1038240,0.0
z500_brown_0.05,1,8,48.0,z50,177207.421875,208200.984375,0,1038240,0.0
z500_brown_0.05,1,8,48.0,z100,140351.96875,165655.734375,0,1038240,0.0
z500_brown_0.05,1,8,48.0,z150,117635.59375,141683.5625,0,1038240,0.0
z500_brown_0.05,1,8,48.0,z200,100997.4765625,123620.28125,0,1038240,0.0
z500_brown_0.05,1,8,48.0,z250,87788.8515625,108991.9453125,0,1038240,0.0
z500_brown_0.05,1,8,48.0,z300,76746.2734375,96454.90625,0,1038240,0.0
z500_brown_0.05,1,8,48.0,z400,58816.1171875,75578.90625,0,1038240,0.0
z500_brown_0.05,1,8,48.0,z500,44367.8515625,58807.703125,0,1038240,0.0
z500_brown_0.05,1,8,48.0,z600,32188.54296875,44595.515625,0,1038240,0.0
z500_brown_0.05,1,8,48.0,z700,21629.615234375,32355.73046875,0,1038240,0.0
z500_brown_0.05,1,8,48.0,z850,7923.7646484375,16603.775390625,0,1038240,0.0
z500_brown_0.05,1,8,48.0,z925,1869.0986328125,9586.951171875,0,1038240,0.0
z500_brown_0.05,1,8,48.0,z1000,-3838.96630859375,3106.6005859375,0,1038240,0.0
z500_brown_0.05,1,8,48.0,t50,179.9218292236328,235.61256408691406,0,1038240,0.0
z500_brown_0.05,1,8,48.0,t100,186.65736389160156,236.2606201171875,0,1038240,0.0
z500_brown_0.05,1,8,48.0,t150,190.19691467285156,241.21763610839844,0,1038240,0.0
z500_brown_0.05,1,8,48.0,t200,192.29541015625,241.64537048339844,0,1038240,0.0
z500_brown_0.05,1,8,48.0,t250,199.5529327392578,243.55477905273438,0,1038240,0.0
z500_brown_0.05,1,8,48.0,t300,204.8810577392578,250.31207275390625,0,1038240,0.0
z500_brown_0.05,1,8,48.0,t400,214.33917236328125,264.5393981933594,0,1038240,0.0
z500_brown_0.05,1,8,48.0,t500,221.32237243652344,275.64178466796875,0,1038240,0.0
z500_brown_0.05,1,8,48.0,t600,212.11375427246094,286.6669616699219,0,1038240,0.0
z500_brown_0.05,1,8,48.0,t700,214.01153564453125,295.9505920410156,0,1038240,0.0
z500_brown_0.05,1,8,48.0,t850,223.583251953125,308.66912841796875,0,1038240,0.0
z500_brown_0.05,1,8,48.0,t925,227.2184600830078,314.4565124511719,0,1038240,0.0
z500_brown_0.05,1,8,48.0,t1000,230.77821350097656,319.0067443847656,0,1038240,0.0
z500_brown_0.05,1,8,48.0,q50,3.235948042856762e-07,2.0059765120095108e-06,0,1038240,0.0
z500_brown_0.05,1,8,48.0,q100,7.875528353906702e-07,6.064311492082197e-06,0,1038240,0.0
z500_brown_0.05,1,8,48.0,q150,2.2374615582521074e-07,3.435945836827159e-05,0,1038240,0.0
z500_brown_0.05,1,8,48.0,q200,-4.033961886307225e-06,0.0001964777329703793,11775,1038240,0.011341308368007397
z500_brown_0.05,1,8,48.0,q250,-1.0405110515421256e-05,0.0006433933740481734,24304,1038240,0.023408845738942825
z500_brown_0.05,1,8,48.0,q300,-2.668406523298472e-05,0.0015093841357156634,21559,1038240,0.020764948374171675
z500_brown_0.05,1,8,48.0,q400,-6.151941488496959e-05,0.004354390781372786,38408,1038240,0.036993373401140395
z500_brown_0.05,1,8,48.0,q500,-0.00010850693797692657,0.007147669792175293,31877,1038240,0.030702920326706736
z500_brown_0.05,1,8,48.0,q600,-0.00026848516426980495,0.009590636938810349,30426,1038240,0.029305362921867775
z500_brown_0.05,1,8,48.0,q700,-0.000547181349247694,0.012889757752418518,44930,1038240,0.04327515795962398
z500_brown_0.05,1,8,48.0,q850,-0.0005520647391676903,0.018285254016518593,50971,1038240,0.049093658498998306
z500_brown_0.05,1,8,48.0,q925,-0.0006527155637741089,0.01959380693733692,54519,1038240,0.05251098012020342
z500_brown_0.05,1,8,48.0,q1000,-0.0008552535437047482,0.02493828348815441,55393,1038240,0.053352789335799046
z500_brown_0.05,1,9,54.0,u10m,-22.5267333984375,21.31607437133789,0,1038240,0.0
z500_brown_0.05,1,9,54.0,v10m,-19.757204055786133,22.926084518432617,0,1038240,0.0
z500_brown_0.05,1,9,54.0,u100m,-29.233274459838867,27.55877113342285,0,1038240,0.0
z500_brown_0.05,1,9,54.0,v100m,-26.150747299194336,29.909677505493164,0,1038240,0.0
z500_brown_0.05,1,9,54.0,t2m,199.86769104003906,315.98785400390625,0,1038240,0.0
z500_brown_0.05,1,9,54.0,sp,49041.83984375,103862.65625,0,1038240,0.0
z500_brown_0.05,1,9,54.0,msl,95151.7890625,103793.5703125,0,1038240,0.0
z500_brown_0.05,1,9,54.0,tcwv,-2.2319564819335938,78.54742431640625,49043,1038240,0.04723666974880567
z500_brown_0.05,1,9,54.0,u50,-30.8873291015625,71.83808135986328,0,1038240,0.0
z500_brown_0.05,1,9,54.0,u100,-34.767845153808594,63.40317916870117,0,1038240,0.0
z500_brown_0.05,1,9,54.0,u150,-33.173980712890625,67.39822387695312,0,1038240,0.0
z500_brown_0.05,1,9,54.0,u200,-38.73834228515625,81.60539245605469,0,1038240,0.0
z500_brown_0.05,1,9,54.0,u250,-35.36932373046875,83.21926879882812,0,1038240,0.0
z500_brown_0.05,1,9,54.0,u300,-36.524295806884766,77.85566711425781,0,1038240,0.0
z500_brown_0.05,1,9,54.0,u400,-34.49995422363281,62.681884765625,0,1038240,0.0
z500_brown_0.05,1,9,54.0,u500,-25.054075241088867,53.7608642578125,0,1038240,0.0
z500_brown_0.05,1,9,54.0,u600,-27.228384017944336,45.020999908447266,0,1038240,0.0
z500_brown_0.05,1,9,54.0,u700,-31.56380844116211,36.15004348754883,0,1038240,0.0
z500_brown_0.05,1,9,54.0,u850,-38.390682220458984,33.22524642944336,0,1038240,0.0
z500_brown_0.05,1,9,54.0,u925,-36.444313049316406,33.682064056396484,0,1038240,0.0
z500_brown_0.05,1,9,54.0,u1000,-22.48003578186035,21.906612396240234,0,1038240,0.0
z500_brown_0.05,1,9,54.0,v50,-24.300416946411133,21.790386199951172,0,1038240,0.0
z500_brown_0.05,1,9,54.0,v100,-23.976272583007812,21.438520431518555,0,1038240,0.0
z500_brown_0.05,1,9,54.0,v150,-29.298599243164062,30.851119995117188,0,1038240,0.0
z500_brown_0.05,1,9,54.0,v200,-43.92695236206055,45.312171936035156,0,1038240,0.0
z500_brown_0.05,1,9,54.0,v250,-52.7743034362793,50.21648406982422,0,1038240,0.0
z500_brown_0.05,1,9,54.0,v300,-55.043521881103516,56.81181335449219,0,1038240,0.0
z500_brown_0.05,1,9,54.0,v400,-48.91054153442383,58.50712585449219,0,1038240,0.0
z500_brown_0.05,1,9,54.0,v500,-43.780921936035156,51.153900146484375,0,1038240,0.0
z500_brown_0.05,1,9,54.0,v600,-33.39049530029297,39.019351959228516,0,1038240,0.0
z500_brown_0.05,1,9,54.0,v700,-28.07683563232422,34.609588623046875,0,1038240,0.0
z500_brown_0.05,1,9,54.0,v850,-33.23784637451172,36.04426574707031,0,1038240,0.0
z500_brown_0.05,1,9,54.0,v925,-31.91329574584961,36.56369400024414,0,1038240,0.0
z500_brown_0.05,1,9,54.0,v1000,-20.87474822998047,23.552581787109375,0,1038240,0.0
z500_brown_0.05,1,9,54.0,z50,176951.21875,208314.703125,0,1038240,0.0
z500_brown_0.05,1,9,54.0,z100,140325.109375,165839.03125,0,1038240,0.0
z500_brown_0.05,1,9,54.0,z150,117644.953125,141910.21875,0,1038240,0.0
z500_brown_0.05,1,9,54.0,z200,100905.453125,123808.3671875,0,1038240,0.0
z500_brown_0.05,1,9,54.0,z250,87711.546875,109006.8828125,0,1038240,0.0
z500_brown_0.05,1,9,54.0,z300,76720.25,96485.5234375,0,1038240,0.0
z500_brown_0.05,1,9,54.0,z400,58737.0703125,75623.3828125,0,1038240,0.0
z500_brown_0.05,1,9,54.0,z500,44328.703125,58791.46484375,0,1038240,0.0
z500_brown_0.05,1,9,54.0,z600,32177.83203125,44587.76953125,0,1038240,0.0
z500_brown_0.05,1,9,54.0,z700,21669.447265625,32332.93359375,0,1038240,0.0
z500_brown_0.05,1,9,54.0,z850,8034.896484375,16567.984375,0,1038240,0.0
z500_brown_0.05,1,9,54.0,z925,2015.3134765625,9542.1875,0,1038240,0.0
z500_brown_0.05,1,9,54.0,z1000,-3666.3115234375,3077.64404296875,0,1038240,0.0
z500_brown_0.05,1,9,54.0,t50,180.20907592773438,235.7626495361328,0,1038240,0.0
z500_brown_0.05,1,9,54.0,t100,186.88648986816406,236.551025390625,0,1038240,0.0
z500_brown_0.05,1,9,54.0,t150,190.49703979492188,241.6646270751953,0,1038240,0.0
z500_brown_0.05,1,9,54.0,t200,192.7078857421875,241.58729553222656,0,1038240,0.0
z500_brown_0.05,1,9,54.0,t250,199.99755859375,243.51611328125,0,1038240,0.0
z500_brown_0.05,1,9,54.0,t300,203.8397216796875,250.92019653320312,0,1038240,0.0
z500_brown_0.05,1,9,54.0,t400,213.66505432128906,264.5869445800781,0,1038240,0.0
z500_brown_0.05,1,9,54.0,t500,219.78878784179688,276.1930847167969,0,1038240,0.0
z500_brown_0.05,1,9,54.0,t600,209.80410766601562,288.66949462890625,0,1038240,0.0
z500_brown_0.05,1,9,54.0,t700,211.92137145996094,300.0594177246094,0,1038240,0.0
z500_brown_0.05,1,9,54.0,t850,222.17471313476562,312.052734375,0,1038240,0.0
z500_brown_0.05,1,9,54.0,t925,225.9455108642578,316.9370422363281,0,1038240,0.0
z500_brown_0.05,1,9,54.0,t1000,229.52597045898438,322.0584716796875,0,1038240,0.0
z500_brown_0.05,1,9,54.0,q50,3.62749688065378e-07,2.0135425984335598e-06,0,1038240,0.0
z500_brown_0.05,1,9,54.0,q100,8.718429853615817e-07,5.764396519225556e-06,0,1038240,0.0
z500_brown_0.05,1,9,54.0,q150,-6.545360520249233e-08,3.465853296802379e-05,74,1038240,7.127446447834798e-05
z500_brown_0.05,1,9,54.0,q200,-6.083490006858483e-06,0.00021065674081910402,9922,1038240,0.009556557250732008
z500_brown_0.05,1,9,54.0,q250,-1.3651402696268633e-05,0.0006907984497956932,20157,1038240,0.01941458622283865
z500_brown_0.05,1,9,54.0,q300,-2.3026528651826084e-05,0.0015666480176150799,19269,1038240,0.018559292649098474
z500_brown_0.05,1,9,54.0,q400,-6.522904732264578e-05,0.004320727661252022,35395,1038240,0.03409134689474495
z500_brown_0.05,1,9,54.0,q500,-0.0001378905726596713,0.007843708619475365,27175,1038240,0.026174102327014948
z500_brown_0.05,1,9,54.0,q600,-0.00021054584067314863,0.010999553836882114,22662,1038240,0.02182732316227462
z500_brown_0.05,1,9,54.0,q700,-0.00046514649875462055,0.013262417167425156,43789,1038240,0.042176182770842965
z500_brown_0.05,1,9,54.0,q850,-0.0005513117648661137,0.018258031457662582,48460,1038240,0.046675142548928954
z500_brown_0.05,1,9,54.0,q925,-0.0005963919684290886,0.020568478852510452,56164,1038240,0.05409539220218832
z500_brown_0.05,1,9,54.0,q1000,-0.0006134286522865295,0.02482033334672451,55065,1038240,0.053036870087840964
z500_brown_0.05,1,10,60.0,u10m,-24.80609130859375,20.583486557006836,0,1038240,0.0
z500_brown_0.05,1,10,60.0,v10m,-18.97517204284668,22.83367919921875,0,1038240,0.0
z500_brown_0.05,1,10,60.0,u100m,-31.91975975036621,26.020204544067383,0,1038240,0.0
z500_brown_0.05,1,10,60.0,v100m,-24.390504837036133,28.97988510131836,0,1038240,0.0
z500_brown_0.05,1,10,60.0,t2m,200.2193145751953,321.6694641113281,0,1038240,0.0
z500_brown_0.05,1,10,60.0,sp,48981.90234375,103900.5703125,0,1038240,0.0
z500_brown_0.05,1,10,60.0,msl,95307.625,103837.5859375,0,1038240,0.0
z500_brown_0.05,1,10,60.0,tcwv,-2.445768356323242,78.13475799560547,40840,1038240,0.03933579904453691
z500_brown_0.05,1,10,60.0,u50,-29.38644790649414,69.78984832763672,0,1038240,0.0
z500_brown_0.05,1,10,60.0,u100,-34.21800231933594,60.163082122802734,0,1038240,0.0
z500_brown_0.05,1,10,60.0,u150,-31.772531509399414,67.30821990966797,0,1038240,0.0
z500_brown_0.05,1,10,60.0,u200,-34.953880310058594,81.89262390136719,0,1038240,0.0
z500_brown_0.05,1,10,60.0,u250,-34.29719543457031,79.66191101074219,0,1038240,0.0
z500_brown_0.05,1,10,60.0,u300,-29.644798278808594,77.33782196044922,0,1038240,0.0
z500_brown_0.05,1,10,60.0,u400,-28.146074295043945,64.08426666259766,0,1038240,0.0
z500_brown_0.05,1,10,60.0,u500,-26.78054428100586,53.589847564697266,0,1038240,0.0
z500_brown_0.05,1,10,60.0,u600,-28.418123245239258,43.4874382019043,0,1038240,0.0
z500_brown_0.05,1,10,60.0,u700,-34.79716491699219,35.36049270629883,0,1038240,0.0
z500_brown_0.05,1,10,60.0,u850,-41.11039733886719,31.502695083618164,0,1038240,0.0
z500_brown_0.05,1,10,60.0,u925,-37.46432876586914,32.51765823364258,0,1038240,0.0
z500_brown_0.05,1,10,60.0,u1000,-24.70036506652832,21.31451988220215,0,1038240,0.0
z500_brown_0.05,1,10,60.0,v50,-24.173402786254883,21.195627212524414,0,1038240,0.0
z500_brown_0.05,1,10,60.0,v100,-25.42508888244629,22.787864685058594,0,1038240,0.0
z500_brown_0.05,1,10,60.0,v150,-31.515762329101562,33.18598175048828,0,1038240,0.0
z500_brown_0.05,1,10,60.0,v200,-48.25931930541992,43.543212890625,0,1038240,0.0
z500_brown_0.05,1,10,60.0,v250,-55.876625061035156,51.259117126464844,0,1038240,0.0
z500_brown_0.05,1,10,60.0,v300,-57.51185607910156,57.293548583984375,0,1038240,0.0
z500_brown_0.05,1,10,60.0,v400,-51.794795989990234,57.41509246826172,0,1038240,0.0
z500_brown_0.05,1,10,60.0,v500,-43.178375244140625,49.81061935424805,0,1038240,0.0
z500_brown_0.05,1,10,60.0,v600,-34.03294372558594,38.400875091552734,0,1038240,0.0
z500_brown_0.05,1,10,60.0,v700,-27.89120101928711,33.88191604614258,0,1038240,0.0
z500_brown_0.05,1,10,60.0,v850,-31.79486656188965,34.17735290527344,0,1038240,0.0
z500_brown_0.05,1,10,60.0,v925,-30.751493453979492,35.736209869384766,0,1038240,0.0
z500_brown_0.05,1,10,60.0,v1000,-20.441890716552734,23.216678619384766,0,1038240,0.0
z500_brown_0.05,1,10,60.0,z50,176764.8125,208458.8125,0,1038240,0.0
z500_brown_0.05,1,10,60.0,z100,140264.390625,166024.625,0,1038240,0.0
z500_brown_0.05,1,10,60.0,z150,117497.484375,142159.890625,0,1038240,0.0
z500_brown_0.05,1,10,60.0,z200,100658.2890625,123961.015625,0,1038240,0.0
z500_brown_0.05,1,10,60.0,z250,87426.640625,108983.0546875,0,1038240,0.0
z500_brown_0.05,1,10,60.0,z300,76579.203125,96402.7421875,0,1038240,0.0
z500_brown_0.05,1,10,60.0,z400,58752.73828125,75560.5859375,0,1038240,0.0
z500_brown_0.05,1,10,60.0,z500,44337.28515625,58739.8203125,0,1038240,0.0
z500_brown_0.05,1,10,60.0,z600,32212.283203125,44575.53515625,0,1038240,0.0
z500_brown_0.05,1,10,60.0,z700,21745.55078125,32343.37890625,0,1038240,0.0
z500_brown_0.05,1,10,60.0,z850,8149.064453125,16576.763671875,0,1038240,0.0
z500_brown_0.05,1,10,60.0,z925,2132.056640625,9550.310546875,0,1038240,0.0
z500_brown_0.05,1,10,60.0,z1000,-3539.97119140625,3100.6845703125,0,1038240,0.0
z500_brown_0.05,1,10,60.0,t50,180.1728973388672,235.87591552734375,0,1038240,0.0
z500_brown_0.05,1,10,60.0,t100,187.0237274169922,237.16107177734375,0,1038240,0.0
z500_brown_0.05,1,10,60.0,t150,190.78286743164062,241.79942321777344,0,1038240,0.0
z500_brown_0.05,1,10,60.0,t200,192.5913848876953,241.61317443847656,0,1038240,0.0
z500_brown_0.05,1,10,60.0,t250,199.13491821289062,243.66989135742188,0,1038240,0.0
z500_brown_0.05,1,10,60.0,t300,203.08560180664062,250.94757080078125,0,1038240,0.0
z500_brown_0.05,1,10,60.0,t400,213.3002471923828,266.0064697265625,0,1038240,0.0
z500_brown_0.05,1,10,60.0,t500,219.05584716796875,278.6982727050781,0,1038240,0.0
z500_brown_0.05,1,10,60.0,t600,212.32626342773438,290.5421142578125,0,1038240,0.0
z500_brown_0.05,1,10,60.0,t700,210.83709716796875,303.2799072265625,0,1038240,0.0
z500_brown_0.05,1,10,60.0,t850,220.8234100341797,314.18072509765625,0,1038240,0.0
z500_brown_0.05,1,10,60.0,t925,224.4210205078125,319.4125671386719,0,1038240,0.0
z500_brown_0.05,1,10,60.0,t1000,228.0355682373047,324.6426086425781,0,1038240,0.0
z500_brown_0.05,1,10,60.0,q50,3.986829142377246e-07,2.018336090259254e-06,0,1038240,0.0
z500_brown_0.05,1,10,60.0,q100,9.518043952994049e-07,5.5000809879857115e-06,0,1038240,0.0
z500_brown_0.05,1,10,60.0,q150,-3.321474650874734e-08,4.3954234570264816e-05,46,1038240,4.430574818924333e-05
z500_brown_0.05,1,10,60.0,q200,-8.440363671979867e-06,0.0002189519873354584,9150,1038240,0.008812991215903837
z500_brown_0.05,1,10,60.0,q250,-1.3575529010267928e-05,0.0006796392262913287,16965,1038240,0.01634015256588072
z500_brown_0.05,1,10,60.0,q300,-2.2383275791071355e-05,0.0015979664167389274,15702,1038240,0.015123670827554322
z500_brown_0.05,1,10,60.0,q400,-7.521006045863032e-05,0.004393392242491245,32479,1038240,0.03128274772692249
z500_brown_0.05,1,10,60.0,q500,-0.00024627428501844406,0.008141495287418365,24278,1038240,0.023383803359531514
z500_brown_0.05,1,10,60.0,q600,-0.00024259707424789667,0.010019787587225437,20046,1038240,0.01930767452612113
z500_brown_0.05,1,10,60.0,q700,-0.00044824439100921154,0.013097157701849937,36711,1038240,0.03535887656033287
z500_brown_0.05,1,10,60.0,q850,-0.0004901313222944736,0.018432896584272385,43334,1038240,0.04173794113114501
z500_brown_0.05,1,10,60.0,q925,-0.0005418099462985992,0.020650172606110573,51182,1038240,0.04929688703960548
z500_brown_0.05,1,10,60.0,q1000,-0.0006650211289525032,0.02555391564965248,48035,1038240,0.0462657959623979
z500_brown_0.05,1,11,66.0,u10m,-25.945446014404297,21.102134704589844,0,1038240,0.0
z500_brown_0.05,1,11,66.0,v10m,-23.09832000732422,22.103727340698242,0,1038240,0.0
z500_brown_0.05,1,11,66.0,u100m,-33.70896911621094,27.018980026245117,0,1038240,0.0
z500_brown_0.05,1,11,66.0,v100m,-30.02676010131836,28.633520126342773,0,1038240,0.0
z500_brown_0.05,1,11,66.0,t2m,200.7713623046875,320.71978759765625,0,1038240,0.0
z500_brown_0.05,1,11,66.0,sp,49165.59765625,103878.7109375,0,1038240,0.0
z500_brown_0.05,1,11,66.0,msl,95611.0546875,103815.59375,0,1038240,0.0
z500_brown_0.05,1,11,66.0,tcwv,-2.132009506225586,77.7623062133789,31844,1038240,0.030671135768223147
z500_brown_0.05,1,11,66.0,u50,-29.312652587890625,69.76490020751953,0,1038240,0.0
z500_brown_0.05,1,11,66.0,u100,-31.710391998291016,59.67028045654297,0,1038240,0.0
z500_brown_0.05,1,11,66.0,u150,-33.8798828125,69.5445327758789,0,1038240,0.0
z500_brown_0.05,1,11,66.0,u200,-35.09747314453125,83.74069213867188,0,1038240,0.0
z500_brown_0.05,1,11,66.0,u250,-37.400882720947266,81.32232666015625,0,1038240,0.0
z500_brown_0.05,1,11,66.0,u300,-32.2507438659668,77.15169525146484,0,1038240,0.0
z500_brown_0.05,1,11,66.0,u400,-30.600309371948242,63.170166015625,0,1038240,0.0
z500_brown_0.05,1,11,66.0,u500,-32.67558288574219,54.70384979248047,0,1038240,0.0
z500_brown_0.05,1,11,66.0,u600,-28.680768966674805,44.058082580566406,0,1038240,0.0
z500_brown_0.05,1,11,66.0,u700,-32.19442367553711,37.86298370361328,0,1038240,0.0
z500_brown_0.05,1,11,66.0,u850,-43.404396057128906,31.892452239990234,0,1038240,0.0
z500_brown_0.05,1,11,66.0,u925,-40.47684860229492,33.16747283935547,0,1038240,0.0
z500_brown_0.05,1,11,66.0,u1000,-25.956422805786133,22.529199600219727,0,1038240,0.0
z500_brown_0.05,1,11,66.0,v50,-22.423961639404297,19.898082733154297,0,1038240,0.0
z500_brown_0.05,1,11,66.0,v100,-25.14311981201172,20.817089080810547,0,1038240,0.0
z500_brown_0.05,1,11,66.0,v150,-34.946998596191406,33.37714767456055,0,1038240,0.0
z500_brown_0.05,1,11,66.0,v200,-47.2747688293457,42.13803482055664,0,1038240,0.0
z500_brown_0.05,1,11,66.0,v250,-56.12038803100586,45.49387741088867,0,1038240,0.0
z500_brown_0.05,1,11,66.0,v300,-54.788246154785156,51.80217361450195,0,1038240,0.0
z500_brown_0.05,1,11,66.0,v400,-52.49708557128906,54.04037094116211,0,1038240,0.0
z500_brown_0.05,1,11,66.0,v500,-42.774166107177734,47.27879333496094,0,1038240,0.0
z500_brown_0.05,1,11,66.0,v600,-35.90462875366211,37.53736877441406,0,1038240,0.0
z500_brown_0.05,1,11,66.0,v700,-30.630043029785156,30.937294006347656,0,1038240,0.0
z500_brown_0.05,1,11,66.0,v850,-32.5007209777832,33.420406341552734,0,1038240,0.0
z500_brown_0.05,1,11,66.0,v925,-30.477041244506836,35.629276275634766,0,1038240,0.0
z500_brown_0.05,1,11,66.0,v1000,-23.718868255615234,22.543285369873047,0,1038240,0.0
z500_brown_0.05,1,11,66.0,z50,176690.1875,208342.15625,0,1038240,0.0
z500_brown_0.05,1,11,66.0,z100,140174.328125,166103.171875,0,1038240,0.0
z500_brown_0.05,1,11,66.0,z150,117375.3046875,142021.234375,0,1038240,0.0
z500_brown_0.05,1,11,66.0,z200,100514.0078125,123851.359375,0,1038240,0.0
z500_brown_0.05,1,11,66.0,z250,87260.3828125,109128.6015625,0,1038240,0.0
z500_brown_0.05,1,11,66.0,z300,76399.375,96625.03125,0,1038240,0.0
z500_brown_0.05,1,11,66.0,z400,58855.390625,75789.296875,0,1038240,0.0
z500_brown_0.05,1,11,66.0,z500,44455.546875,58817.4296875,0,1038240,0.0
z500_brown_0.05,1,11,66.0,z600,32387.1953125,44540.7734375,0,1038240,0.0
z500_brown_0.05,1,11,66.0,z700,21961.603515625,32310.83984375,0,1038240,0.0
z500_brown_0.05,1,11,66.0,z850,8385.595703125,16544.2578125,0,1038240,0.0
z500_brown_0.05,1,11,66.0,z925,2383.43359375,9515.1484375,0,1038240,0.0
z500_brown_0.05,1,11,66.0,z1000,-3292.79052734375,3077.017578125,0,1038240,0.0
z500_brown_0.05,1,11,66.0,t50,180.14492797851562,236.03211975097656,0,1038240,0.0
z500_brown_0.05,1,11,66.0,t100,187.32200622558594,237.6193084716797,0,1038240,0.0
z500_brown_0.05,1,11,66.0,t150,191.20262145996094,242.5811004638672,0,1038240,0.0
z500_brown_0.05,1,11,66.0,t200,192.70059204101562,242.53781127929688,0,1038240,0.0
z500_brown_0.05,1,11,66.0,t250,198.35260009765625,243.48779296875,0,1038240,0.0
z500_brown_0.05,1,11,66.0,t300,202.71142578125,250.7548370361328,0,1038240,0.0
z500_brown_0.05,1,11,66.0,t400,212.8535614013672,264.66485595703125,0,1038240,0.0
z500_brown_0.05,1,11,66.0,t500,219.04238891601562,275.8275146484375,0,1038240,0.0
z500_brown_0.05,1,11,66.0,t600,213.1973419189453,288.80291748046875,0,1038240,0.0
z500_brown_0.05,1,11,66.0,t700,211.93472290039062,299.9960021972656,0,1038240,0.0
z500_brown_0.05,1,11,66.0,t850,219.6541748046875,310.41424560546875,0,1038240,0.0
z500_brown_0.05,1,11,66.0,t925,223.23684692382812,315.60760498046875,0,1038240,0.0
z500_brown_0.05,1,11,66.0,t1000,226.7568817138672,320.6178894042969,0,1038240,0.0
z500_brown_0.05,1,11,66.0,q50,4.325595455156872e-07,2.0263230453565484e-06,0,1038240,0.0
z500_brown_0.05,1,11,66.0,q100,1.01774935501453e-06,5.231082468526438e-06,0,1038240,0.0
z500_brown_0.05,1,11,66.0,q150,1.210482878377661e-07,4.10156644647941e-05,0,1038240,0.0
z500_brown_0.05,1,11,66.0,q200,-8.572216756874695e-06,0.0002134792594006285,10801,1038240,0.010403182308522115
z500_brown_0.05,1,11,66.0,q250,-1.382918344461359e-05,0.0006615047459490597,17327,1038240,0.016688819540761287
z500_brown_0.05,1,11,66.0,q300,-2.588490315247327e-05,0.0015685471007600427,16960,1038240,0.01633533672368624
z500_brown_0.05,1,11,66.0,q400,-7.113197352737188e-05,0.004320966079831123,27414,1038240,0.026404299583911234
z500_brown_0.05,1,11,66.0,q500,-7.610471220687032e-05,0.007705728989094496,15944,1038240,0.015356757589767298
z500_brown_0.05,1,11,66.0,q600,-0.0002509475452825427,0.009938723407685757,18706,1038240,0.018017028817999693
z500_brown_0.05,1,11,66.0,q700,-0.00040760147385299206,0.012721581384539604,39074,1038240,0.037634843581445525
z500_brown_0.05,1,11,66.0,q850,-0.0004957043565809727,0.0187168400734663,41952,1038240,0.04040684234858992
z500_brown_0.05,1,11,66.0,q925,-0.0005792556330561638,0.020375894382596016,49052,1038240,0.04724533826475574
z500_brown_0.05,1,11,66.0,q1000,-0.000642167404294014,0.0258511770516634,43369,1038240,0.041771652026506394
z500_brown_0.05,1,12,72.0,u10m,-20.90064811706543,22.37703514099121,0,1038240,0.0
z500_brown_0.05,1,12,72.0,v10m,-22.832340240478516,20.623010635375977,0,1038240,0.0
z500_brown_0.05,1,12,72.0,u100m,-26.779611587524414,28.540721893310547,0,1038240,0.0
z500_brown_0.05,1,12,72.0,v100m,-29.640151977539062,25.835485458374023,0,1038240,0.0
z500_brown_0.05,1,12,72.0,t2m,202.2974853515625,320.2385559082031,0,1038240,0.0
z500_brown_0.05,1,12,72.0,sp,49041.109375,103873.3203125,0,1038240,0.0
z500_brown_0.05,1,12,72.0,msl,96017.078125,103821.9375,0,1038240,0.0
z500_brown_0.05,1,12,72.0,tcwv,-2.181447982788086,76.2317886352539,34514,1038240,0.033242795500077055
z500_brown_0.05,1,12,72.0,u50,-30.414447784423828,68.21354675292969,0,1038240,0.0
z500_brown_0.05,1,12,72.0,u100,-31.400592803955078,58.8885612487793,0,1038240,0.0
z500_brown_0.05,1,12,72.0,u150,-33.25896453857422,69.29131317138672,0,1038240,0.0
z500_brown_0.05,1,12,72.0,u200,-35.89264678955078,83.11726379394531,0,1038240,0.0
z500_brown_0.05,1,12,72.0,u250,-36.442012786865234,84.92620849609375,0,1038240,0.0
z500_brown_0.05,1,12,72.0,u300,-32.659175872802734,78.03551483154297,0,1038240,0.0
z500_brown_0.05,1,12,72.0,u400,-36.262367248535156,64.58386993408203,0,1038240,0.0
z500_brown_0.05,1,12,72.0,u500,-38.81953048706055,54.190975189208984,0,1038240,0.0
z500_brown_0.05,1,12,72.0,u600,-34.48267364501953,44.680782318115234,0,1038240,0.0
z500_brown_0.05,1,12,72.0,u700,-30.18499755859375,38.009307861328125,0,1038240,0.0
z500_brown_0.05,1,12,72.0,u850,-35.49361801147461,32.810089111328125,0,1038240,0.0
z500_brown_0.05,1,12,72.0,u925,-34.68620300292969,35.3348274230957,0,1038240,0.0
z500_brown_0.05,1,12,72.0,u1000,-20.950469970703125,22.31178855895996,0,1038240,0.0
z500_brown_0.05,1,12,72.0,v50,-23.201868057250977,20.51368522644043,0,1038240,0.0
z500_brown_0.05,1,12,72.0,v100,-24.168697357177734,21.63669776916504,0,1038240,0.0
z500_brown_0.05,1,12,72.0,v150,-36.033870697021484,34.322532653808594,0,1038240,0.0
z500_brown_0.05,1,12,72.0,v200,-46.41196823120117,43.02741622924805,0,1038240,0.0
z500_brown_0.05,1,12,72.0,v250,-56.532745361328125,47.96986770629883,0,1038240,0.0
z500_brown_0.05,1,12,72.0,v300,-55.83237075805664,50.5728759765625,0,1038240,0.0
z500_brown_0.05,1,12,72.0,v400,-51.66484451293945,49.692832946777344,0,1038240,0.0
z500_brown_0.05,1,12,72.0,v500,-41.026878356933594,44.20030975341797,0,1038240,0.0
z500_brown_0.05,1,12,72.0,v600,-34.561737060546875,34.468994140625,0,1038240,0.0
z500_brown_0.05,1,12,72.0,v700,-27.90192222595215,28.44089698791504,0,1038240,0.0
z500_brown_0.05,1,12,72.0,v850,-30.416872024536133,29.495681762695312,0,1038240,0.0
z500_brown_0.05,1,12,72.0,v925,-30.04460906982422,31.38088607788086,0,1038240,0.0
z500_brown_0.05,1,12,72.0,v1000,-23.123380661010742,21.156312942504883,0,1038240,0.0
z500_brown_0.05,1,12,72.0,z50,176624.640625,208365.765625,0,1038240,0.0
z500_brown_0.05,1,12,72.0,z100,140167.625,165977.390625,0,1038240,0.0
z500_brown_0.05,1,12,72.0,z150,117347.1328125,141871.265625,0,1038240,0.0
z500_brown_0.05,1,12,72.0,z200,100478.921875,123880.40625,0,1038240,0.0
z500_brown_0.05,1,12,72.0,z250,87228.65625,109272.8203125,0,1038240,0.0
z500_brown_0.05,1,12,72.0,z300,76366.921875,96738.546875,0,1038240,0.0
z500_brown_0.05,1,12,72.0,z400,59079.8359375,75830.3046875,0,1038240,0.0
z500_brown_0.05,1,12,72.0,z500,44695.8359375,58796.7265625,0,1038240,0.0
z500_brown_0.05,1,12,72.0,z600,32653.125,44583.49609375,0,1038240,0.0
z500_brown_0.05,1,12,72.0,z700,22278.591796875,32349.705078125,0,1038240,0.0
z500_brown_0.05,1,12,72.0,z850,8689.208984375,16554.26953125,0,1038240,0.0
z500_brown_0.05,1,12,72.0,z925,2675.55615234375,9514.8564453125,0,1038240,0.0
z500_brown_0.05,1,12,72.0,z1000,-3161.73095703125,3082.46875,0,1038240,0.0
z500_brown_0.05,1,12,72.0,t50,179.74356079101562,236.18984985351562,0,1038240,0.0
z500_brown_0.05,1,12,72.0,t100,186.73699951171875,238.195068359375,0,1038240,0.0
z500_brown_0.05,1,12,72.0,t150,191.28158569335938,243.0406494140625,0,1038240,0.0
z500_brown_0.05,1,12,72.0,t200,191.86593627929688,243.29672241210938,0,1038240,0.0
z500_brown_0.05,1,12,72.0,t250,197.96759033203125,243.71290588378906,0,1038240,0.0
z500_brown_0.05,1,12,72.0,t300,201.9269256591797,250.85462951660156,0,1038240,0.0
z500_brown_0.05,1,12,72.0,t400,211.98500061035156,264.5006103515625,0,1038240,0.0
z500_brown_0.05,1,12,72.0,t500,219.0369873046875,274.96136474609375,0,1038240,0.0
z500_brown_0.05,1,12,72.0,t600,211.0631103515625,286.8514709472656,0,1038240,0.0
z500_brown_0.05,1,12,72.0,t700,210.75791931152344,295.375,0,1038240,0.0
z500_brown_0.05,1,12,72.0,t850,218.6026153564453,309.68792724609375,0,1038240,0.0
z500_brown_0.05,1,12,72.0,t925,222.1463623046875,314.9501037597656,0,1038240,0.0
z500_brown_0.05,1,12,72.0,t1000,225.6002655029297,319.82666015625,0,1038240,0.0
z500_brown_0.05,1,12,72.0,q50,4.617584181687562e-07,2.035386842180742e-06,0,1038240,0.0
z500_brown_0.05,1,12,72.0,q100,1.0686580935725942e-06,5.02759576193057e-06,0,1038240,0.0
z500_brown_0.05,1,12,72.0,q150,3.8727193896193057e-07,3.488130823825486e-05,0,1038240,0.0
z500_brown_0.05,1,12,72.0,q200,-7.246038876473904e-06,0.00019238382810726762,10059,1038240,0.00968851132686084
z500_brown_0.05,1,12,72.0,q250,-1.198969766846858e-05,0.0006614102749153972,18147,1038240,0.017478617660656497
z500_brown_0.05,1,12,72.0,q300,-2.3133805370889604e-05,0.001554121496155858,18744,1038240,0.01805362921867776
z500_brown_0.05,1,12,72.0,q400,-4.7568028094246984e-05,0.004172052256762981,25019,1038240,0.02409751117275389
z500_brown_0.05,1,12,72.0,q500,-8.439022349193692e-05,0.007348028011620045,15024,1038240,0.014470642625982431
z500_brown_0.05,1,12,72.0,q600,-0.0001902192598208785,0.009887254796922207,18389,1038240,0.01771170442286947
z500_brown_0.05,1,12,72.0,q700,-0.00041564437560737133,0.012565191835165024,29215,1038240,0.028138965942364
z500_brown_0.05,1,12,72.0,q850,-0.0005978317931294441,0.018384775146842003,37061,1038240,0.035695985513946676
z500_brown_0.05,1,12,72.0,q925,-0.0006174338050186634,0.02022654190659523,41332,1038240,0.03980967791647403
z500_brown_0.05,1,12,72.0,q1000,-0.0006689825095236301,0.02569977007806301,39078,1038240,0.03763869625520111
z500_brown_0.05,1,13,78.0,u10m,-19.027862548828125,21.175745010375977,0,1038240,0.0
z500_brown_0.05,1,13,78.0,v10m,-24.658679962158203,18.20328140258789,0,1038240,0.0
z500_brown_0.05,1,13,78.0,u100m,-25.303300857543945,26.768041610717773,0,1038240,0.0
z500_brown_0.05,1,13,78.0,v100m,-31.337778091430664,23.075956344604492,0,1038240,0.0
z500_brown_0.05,1,13,78.0,t2m,202.3712921142578,316.2898254394531,0,1038240,0.0
z500_brown_0.05,1,13,78.0,sp,49058.51171875,103803.1484375,0,1038240,0.0
z500_brown_0.05,1,13,78.0,msl,95895.765625,103755.390625,0,1038240,0.0
z500_brown_0.05,1,13,78.0,tcwv,-2.178220748901367,76.2414779663086,34037,1038240,0.032783364154723375
z500_brown_0.05,1,13,78.0,u50,-32.09452438354492,68.92279052734375,0,1038240,0.0
z500_brown_0.05,1,13,78.0,u100,-31.417316436767578,57.763954162597656,0,1038240,0.0
z500_brown_0.05,1,13,78.0,u150,-33.88964080810547,68.88027954101562,0,1038240,0.0
z500_brown_0.05,1,13,78.0,u200,-35.22015380859375,83.30045318603516,0,1038240,0.0
z500_brown_0.05,1,13,78.0,u250,-36.06342315673828,83.18788146972656,0,1038240,0.0
z500_brown_0.05,1,13,78.0,u300,-32.85948181152344,77.6398696899414,0,1038240,0.0
z500_brown_0.05,1,13,78.0,u400,-36.19347381591797,61.191368103027344,0,1038240,0.0
z500_brown_0.05,1,13,78.0,u500,-40.32597732543945,52.31951141357422,0,1038240,0.0
z500_brown_0.05,1,13,78.0,u600,-37.71488952636719,45.16404724121094,0,1038240,0.0
z500_brown_0.05,1,13,78.0,u700,-30.546009063720703,38.88197326660156,0,1038240,0.0
z500_brown_0.05,1,13,78.0,u850,-29.07416534423828,34.22474670410156,0,1038240,0.0
z500_brown_0.05,1,13,78.0,u925,-29.25153923034668,34.39164733886719,0,1038240,0.0
z500_brown_0.05,1,13,78.0,u1000,-20.50269317626953,23.781286239624023,0,1038240,0.0
z500_brown_0.05,1,13,78.0,v50,-23.376195907592773,19.302101135253906,0,1038240,0.0
z500_brown_0.05,1,13,78.0,v100,-22.115697860717773,21.58025360107422,0,1038240,0.0
z500_brown_0.05,1,13,78.0,v150,-34.86447525024414,35.33850860595703,0,1038240,0.0
z500_brown_0.05,1,13,78.0,v200,-44.92661666870117,44.47618865966797,0,1038240,0.0
z500_brown_0.05,1,13,78.0,v250,-56.222503662109375,46.33157730102539,0,1038240,0.0
z500_brown_0.05,1,13,78.0,v300,-54.492496490478516,49.96603775024414,0,1038240,0.0
z500_brown_0.05,1,13,78.0,v400,-57.12971878051758,49.596805572509766,0,1038240,0.0
z500_brown_0.05,1,13,78.0,v500,-48.405418395996094,42.589595794677734,0,1038240,0.0
z500_brown_0.05,1,13,78.0,v600,-35.06869125366211,31.498577117919922,0,1038240,0.0
z500_brown_0.05,1,13,78.0,v700,-29.89752197265625,27.513010025024414,0,1038240,0.0
z500_brown_0.05,1,13,78.0,v850,-34.439395904541016,28.184371948242188,0,1038240,0.0
z500_brown_0.05,1,13,78.0,v925,-32.45340347290039,29.476104736328125,0,1038240,0.0
z500_brown_0.05,1,13,78.0,v1000,-25.050357818603516,20.947200775146484,0,1038240,0.0
z500_brown_0.05,1,13,78.0,z50,176648.75,208487.5625,0,1038240,0.0
z500_brown_0.05,1,13,78.0,z100,140141.046875,166099.90625,0,1038240,0.0
z500_brown_0.05,1,13,78.0,z150,117298.21875,141996.65625,0,1038240,0.0
z500_brown_0.05,1,13,78.0,z200,100442.9140625,123851.0859375,0,1038240,0.0
z500_brown_0.05,1,13,78.0,z250,87187.578125,109266.4140625,0,1038240,0.0
z500_brown_0.05,1,13,78.0,z300,76336.9296875,96749.2734375,0,1038240,0.0
z500_brown_0.05,1,13,78.0,z400,59066.3125,75878.34375,0,1038240,0.0
z500_brown_0.05,1,13,78.0,z500,44822.828125,58873.03125,0,1038240,0.0
z500_brown_0.05,1,13,78.0,z600,32805.921875,44549.8359375,0,1038240,0.0
z500_brown_0.05,1,13,78.0,z700,22419.083984375,32321.779296875,0,1038240,0.0
z500_brown_0.05,1,13,78.0,z850,8819.6611328125,16512.03125,0,1038240,0.0
z500_brown_0.05,1,13,78.0,z925,2785.6416015625,9461.447265625,0,1038240,0.0
z500_brown_0.05,1,13,78.0,z1000,-3274.87255859375,3029.5791015625,0,1038240,0.0
z500_brown_0.05,1,13,78.0,t50,179.5936737060547,236.5415496826172,0,1038240,0.0
z500_brown_0.05,1,13,78.0,t100,185.67340087890625,238.58389282226562,0,1038240,0.0
z500_brown_0.05,1,13,78.0,t150,189.1486053466797,243.94223022460938,0,1038240,0.0
z500_brown_0.05,1,13,78.0,t200,191.6939239501953,244.047607421875,0,1038240,0.0
z500_brown_0.05,1,13,78.0,t250,197.857177734375,243.8614044189453,0,1038240,0.0
z500_brown_0.05,1,13,78.0,t300,201.97720336914062,250.61407470703125,0,1038240,0.0
z500_brown_0.05,1,13,78.0,t400,211.82327270507812,264.6534118652344,0,1038240,0.0
z500_brown_0.05,1,13,78.0,t500,218.75851440429688,276.4689025878906,0,1038240,0.0
z500_brown_0.05,1,13,78.0,t600,209.58261108398438,288.3394470214844,0,1038240,0.0
z500_brown_0.05,1,13,78.0,t700,211.41014099121094,299.9931335449219,0,1038240,0.0
z500_brown_0.05,1,13,78.0,t850,219.18919372558594,312.47772216796875,0,1038240,0.0
z500_brown_0.05,1,13,78.0,t925,222.7920379638672,317.25164794921875,0,1038240,0.0
z500_brown_0.05,1,13,78.0,t1000,226.30191040039062,322.2764892578125,0,1038240,0.0
z500_brown_0.05,1,13,78.0,q50,4.942110081174178e-07,2.0429490632523084e-06,0,1038240,0.0
z500_brown_0.05,1,13,78.0,q100,1.0592875696602277e-06,4.844221621169709e-06,0,1038240,0.0
z500_brown_0.05,1,13,78.0,q150,2.629303708090447e-07,3.669444777187891e-05,0,1038240,0.0
z500_brown_0.05,1,13,78.0,q200,-7.324390026042238e-06,0.00019648885063361377,9566,1038240,0.009213669286484821
z500_brown_0.05,1,13,78.0,q250,-9.620536729926243e-06,0.0006541326874867082,20025,1038240,0.019287447988904298
z500_brown_0.05,1,13,78.0,q300,-2.350103750359267e-05,0.0015283391112461686,19771,1038240,0.019042803205424563
z500_brown_0.05,1,13,78.0,q400,-4.7699722927063704e-05,0.004086660221219063,27256,1038240,0.026252118970565574
z500_brown_0.05,1,13,78.0,q500,-0.00011257489677518606,0.00784377008676529,13512,1038240,0.01301433194637078
z500_brown_0.05,1,13,78.0,q600,-0.00019582395907491446,0.011395539157092571,15280,1038240,0.01471721374633996
z500_brown_0.05,1,13,78.0,q700,-0.00037308339960873127,0.013318508863449097,35916,1038240,0.03459315765141008
z500_brown_0.05,1,13,78.0,q850,-0.000599362887442112,0.018539302051067352,41756,1038240,0.04021806133456619
z500_brown_0.05,1,13,78.0,q925,-0.0005849478766322136,0.021070541813969612,50239,1038240,0.048388619201726
z500_brown_0.05,1,13,78.0,q1000,-0.0006517465226352215,0.025873573496937752,41848,1038240,0.040306672830944676
z500_brown_0.05,1,14,84.0,u10m,-22.974010467529297,19.783708572387695,0,1038240,0.0
z500_brown_0.05,1,14,84.0,v10m,-23.658538818359375,17.639751434326172,0,1038240,0.0
z500_brown_0.05,1,14,84.0,u100m,-29.787181854248047,24.64383888244629,0,1038240,0.0
z500_brown_0.05,1,14,84.0,v100m,-30.425357818603516,22.646146774291992,0,1038240,0.0
z500_brown_0.05,1,14,84.0,t2m,201.83367919921875,321.7340087890625,0,1038240,0.0
z500_brown_0.05,1,14,84.0,sp,48963.9609375,103784.59375,0,1038240,0.0
z500_brown_0.05,1,14,84.0,msl,95851.8671875,103745.4296875,0,1038240,0.0
z500_brown_0.05,1,14,84.0,tcwv,-2.1467361450195312,75.97895050048828,32469,1038240,0.031273116042533515
z500_brown_0.05,1,14,84.0,u50,-30.343307495117188,68.37194061279297,0,1038240,0.0
z500_brown_0.05,1,14,84.0,u100,-31.610034942626953,56.44568634033203,0,1038240,0.0
z500_brown_0.05,1,14,84.0,u150,-34.93965148925781,68.46556854248047,0,1038240,0.0
z500_brown_0.05,1,14,84.0,u200,-35.68077087402344,84.50738525390625,0,1038240,0.0
z500_brown_0.05,1,14,84.0,u250,-35.81807327270508,84.91539001464844,0,1038240,0.0
z500_brown_0.05,1,14,84.0,u300,-31.973228454589844,79.27220916748047,0,1038240,0.0
z500_brown_0.05,1,14,84.0,u400,-39.79780578613281,59.979515075683594,0,1038240,0.0
z500_brown_0.05,1,14,84.0,u500,-37.44791030883789,52.03993225097656,0,1038240,0.0
z500_brown_0.05,1,14,84.0,u600,-34.68993377685547,45.19767379760742,0,1038240,0.0
z500_brown_0.05,1,14,84.0,u700,-28.595504760742188,38.3646240234375,0,1038240,0.0
z500_brown_0.05,1,14,84.0,u850,-33.8290901184082,36.1098747253418,0,1038240,0.0
z500_brown_0.05,1,14,84.0,u925,-35.70993423461914,31.192663192749023,0,1038240,0.0
z500_brown_0.05,1,14,84.0,u1000,-22.14545249938965,22.70065689086914,0,1038240,0.0
z500_brown_0.05,1,14,84.0,v50,-24.15115737915039,19.828887939453125,0,1038240,0.0
z500_brown_0.05,1,14,84.0,v100,-21.32208251953125,21.95252799987793,0,1038240,0.0
z500_brown_0.05,1,14,84.0,v150,-35.09421157836914,36.769065856933594,0,1038240,0.0
z500_brown_0.05,1,14,84.0,v200,-44.56797790527344,47.16838836669922,0,1038240,0.0
z500_brown_0.05,1,14,84.0,v250,-52.412635803222656,46.741024017333984,0,1038240,0.0
z500_brown_0.05,1,14,84.0,v300,-54.86607360839844,46.19111633300781,0,1038240,0.0
z500_brown_0.05,1,14,84.0,v400,-58.602195739746094,47.378902435302734,0,1038240,0.0
z500_brown_0.05,1,14,84.0,v500,-50.42171859741211,39.11995315551758,0,1038240,0.0
z500_brown_0.05,1,14,84.0,v600,-38.92013168334961,35.28369140625,0,1038240,0.0
z500_brown_0.05,1,14,84.0,v700,-31.597042083740234,29.248611450195312,0,1038240,0.0
z500_brown_0.05,1,14,84.0,v850,-35.64122009277344,25.67972755432129,0,1038240,0.0
z500_brown_0.05,1,14,84.0,v925,-31.136672973632812,27.498369216918945,0,1038240,0.0
z500_brown_0.05,1,14,84.0,v1000,-24.09882354736328,19.41206169128418,0,1038240,0.0
z500_brown_0.05,1,14,84.0,z50,176557.109375,208582.328125,0,1038240,0.0
z500_brown_0.05,1,14,84.0,z100,140168.875,166234.46875,0,1038240,0.0
z500_brown_0.05,1,14,84.0,z150,117331.5703125,142208.78125,0,1038240,0.0
z500_brown_0.05,1,14,84.0,z200,100481.8125,123929.921875,0,1038240,0.0
z500_brown_0.05,1,14,84.0,z250,87232.515625,109088.2734375,0,1038240,0.0
z500_brown_0.05,1,14,84.0,z300,76376.1640625,96583.203125,0,1038240,0.0
z500_brown_0.05,1,14,84.0,z400,59091.3984375,75739.28125,0,1038240,0.0
z500_brown_0.05,1,14,84.0,z500,45040.98828125,58758.9765625,0,1038240,0.0
z500_brown_0.05,1,14,84.0,z600,33006.91796875,44516.52734375,0,1038240,0.0
z500_brown_0.05,1,14,84.0,z700,22626.45703125,32302.708984375,0,1038240,0.0
z500_brown_0.05,1,14,84.0,z850,8975.681640625,16503.994140625,0,1038240,0.0
z500_brown_0.05,1,14,84.0,z925,2762.18505859375,9450.9599609375,0,1038240,0.0
z500_brown_0.05,1,14,84.0,z1000,-3303.2724609375,3019.15673828125,0,1038240,0.0
z500_brown_0.05,1,14,84.0,t50,178.9008026123047,236.90618896484375,0,1038240,0.0
z500_brown_0.05,1,14,84.0,t100,184.55322265625,239.0802001953125,0,1038240,0.0
z500_brown_0.05,1,14,84.0,t150,187.88026428222656,243.83621215820312,0,1038240,0.0
z500_brown_0.05,1,14,84.0,t200,192.40444946289062,243.77783203125,0,1038240,0.0
z500_brown_0.05,1,14,84.0,t250,197.62026977539062,244.37118530273438,0,1038240,0.0
z500_brown_0.05,1,14,84.0,t300,202.34078979492188,251.18934631347656,0,1038240,0.0
z500_brown_0.05,1,14,84.0,t400,211.79110717773438,265.86871337890625,0,1038240,0.0
z500_brown_0.05,1,14,84.0,t500,218.58773803710938,278.81085205078125,0,1038240,0.0
z500_brown_0.05,1,14,84.0,t600,209.7106170654297,290.6446533203125,0,1038240,0.0
z500_brown_0.05,1,14,84.0,t700,213.12266540527344,303.0033264160156,0,1038240,0.0
z500_brown_0.05,1,14,84.0,t850,221.0221405029297,313.5674743652344,0,1038240,0.0
z500_brown_0.05,1,14,84.0,t925,224.590087890625,318.5654296875,0,1038240,0.0
z500_brown_0.05,1,14,84.0,t1000,228.1510467529297,323.6960754394531,0,1038240,0.0
z500_brown_0.05,1,14,84.0,q50,5.281060566630913e-07,2.047342604782898e-06,0,1038240,0.0
z500_brown_0.05,1,14,84.0,q100,1.0252131232846295e-06,4.7077010094653815e-06,0,1038240,0.0
z500_brown_0.05,1,14,84.0,q150,2.6891484594671056e-07,4.5012311602476984e-05,0,1038240,0.0
z500_brown_0.05,1,14,84.0,q200,-6.619620762648992e-06,0.00022910209372639656,10131,1038240,0.009757859454461396
z500_brown_0.05,1,14,84.0,q250,-1.0640407708706334e-05,0.0006533678970299661,18011,1038240,0.01734762675296656
z500_brown_0.05,1,14,84.0,q300,-2.7664951630868018e-05,0.0015197525499388576,20115,1038240,0.01937413314840499
z500_brown_0.05,1,14,84.0,q400,-0.0001380446192342788,0.004121787846088409,28328,1038240,0.027284635537062722
z500_brown_0.05,1,14,84.0,q500,-0.00014686386566609144,0.007876547053456306,14067,1038240,0.013548890429958391
z500_brown_0.05,1,14,84.0,q600,-0.00017167860642075539,0.010144057683646679,14091,1038240,0.01357200647249191
z500_brown_0.05,1,14,84.0,q700,-0.00038851890712976456,0.013285450637340546,27241,1038240,0.026237671443982123
z500_brown_0.05,1,14,84.0,q850,-0.0004950412549078465,0.01858450472354889,39273,1038240,0.03782651410078595
z500_brown_0.05,1,14,84.0,q925,-0.0005419286899268627,0.021297629922628403,46985,1038240,0.04525446910155648
z500_brown_0.05,1,14,84.0,q1000,-0.0006170272827148438,0.025535639375448227,35996,1038240,0.034670211126521806
z500_brown_0.05,1,15,90.0,u10m,-25.385900497436523,20.525266647338867,0,1038240,0.0
z500_brown_0.05,1,15,90.0,v10m,-22.33742904663086,17.97792625427246,0,1038240,0.0
z500_brown_0.05,1,15,90.0,u100m,-32.44547653198242,24.95940399169922,0,1038240,0.0
z500_brown_0.05,1,15,90.0,v100m,-28.516691207885742,22.098613739013672,0,1038240,0.0
z500_brown_0.05,1,15,90.0,t2m,202.4687042236328,320.8349609375,0,1038240,0.0
z500_brown_0.05,1,15,90.0,sp,49112.6640625,103753.2734375,0,1038240,0.0
z500_brown_0.05,1,15,90.0,msl,95718.2109375,103706.3828125,0,1038240,0.0
z500_brown_0.05,1,15,90.0,tcwv,-2.108247756958008,78.62644958496094,28812,1038240,0.027750809061488673
z500_brown_0.05,1,15,90.0,u50,-30.185855865478516,69.20228576660156,0,1038240,0.0
z500_brown_0.05,1,15,90.0,u100,-32.79103469848633,56.603538513183594,0,1038240,0.0
z500_brown_0.05,1,15,90.0,u150,-39.89697265625,70.56851959228516,0,1038240,0.0
z500_brown_0.05,1,15,90.0,u200,-34.86982727050781,84.26243591308594,0,1038240,0.0
z500_brown_0.05,1,15,90.0,u250,-35.702308654785156,85.07307434082031,0,1038240,0.0
z500_brown_0.05,1,15,90.0,u300,-39.73210525512695,80.15852355957031,0,1038240,0.0
z500_brown_0.05,1,15,90.0,u400,-42.11083221435547,58.53295135498047,0,1038240,0.0
z500_brown_0.05,1,15,90.0,u500,-35.4959716796875,49.63993835449219,0,1038240,0.0
z500_brown_0.05,1,15,90.0,u600,-26.443803787231445,44.0643196105957,0,1038240,0.0
z500_brown_0.05,1,15,90.0,u700,-29.980510711669922,37.97096633911133,0,1038240,0.0
z500_brown_0.05,1,15,90.0,u850,-38.19198226928711,36.73677444458008,0,1038240,0.0
z500_brown_0.05,1,15,90.0,u925,-38.40271759033203,31.179288864135742,0,1038240,0.0
z500_brown_0.05,1,15,90.0,u1000,-24.590002059936523,20.993494033813477,0,1038240,0.0
z500_brown_0.05,1,15,90.0,v50,-24.136701583862305,19.293643951416016,0,1038240,0.0
z500_brown_0.05,1,15,90.0,v100,-19.24896812438965,23.52768325805664,0,1038240,0.0
z500_brown_0.05,1,15,90.0,v150,-34.817928314208984,35.61537551879883,0,1038240,0.0
z500_brown_0.05,1,15,90.0,v200,-43.385318756103516,46.79523849487305,0,1038240,0.0
z500_brown_0.05,1,15,90.0,v250,-52.87632751464844,54.64652633666992,0,1038240,0.0
z500_brown_0.05,1,15,90.0,v300,-51.76428985595703,56.46005630493164,0,1038240,0.0
z500_brown_0.05,1,15,90.0,v400,-57.291107177734375,46.777896881103516,0,1038240,0.0
z500_brown_0.05,1,15,90.0,v500,-51.88019943237305,43.20699691772461,0,1038240,0.0
z500_brown_0.05,1,15,90.0,v600,-42.71710205078125,36.53966522216797,0,1038240,0.0
z500_brown_0.05,1,15,90.0,v700,-32.55039596557617,30.356569290161133,0,1038240,0.0
z500_brown_0.05,1,15,90.0,v850,-32.18292999267578,25.457054138183594,0,1038240,0.0
z500_brown_0.05,1,15,90.0,v925,-31.847179412841797,27.208833694458008,0,1038240,0.0
z500_brown_0.05,1,15,90.0,v1000,-22.49659538269043,19.62944221496582,0,1038240,0.0
z500_brown_0.05,1,15,90.0,z50,176487.15625,208485.90625,0,1038240,0.0
z500_brown_0.05,1,15,90.0,z100,140146.3125,166358.609375,0,1038240,0.0
z500_brown_0.05,1,15,90.0,z150,117294.5390625,142218.734375,0,1038240,0.0
z500_brown_0.05,1,15,90.0,z200,100434.609375,123944.7578125,0,1038240,0.0
z500_brown_0.05,1,15,90.0,z250,87173.578125,109216.8359375,0,1038240,0.0
z500_brown_0.05,1,15,90.0,z300,76295.8125,96708.765625,0,1038240,0.0
z500_brown_0.05,1,15,90.0,z400,59011.95703125,75858.7421875,0,1038240,0.0
z500_brown_0.05,1,15,90.0,z500,45265.2421875,58862.44921875,0,1038240,0.0
z500_brown_0.05,1,15,90.0,z600,33237.86328125,44448.8203125,0,1038240,0.0
z500_brown_0.05,1,15,90.0,z700,22701.763671875,32226.841796875,0,1038240,0.0
z500_brown_0.05,1,15,90.0,z850,8702.62109375,16451.80078125,0,1038240,0.0
z500_brown_0.05,1,15,90.0,z925,2487.3408203125,9406.77734375,0,1038240,0.0
z500_brown_0.05,1,15,90.0,z1000,-3323.857421875,2987.25146484375,0,1038240,0.0
z500_brown_0.05,1,15,90.0,t50,178.6664276123047,237.3070526123047,0,1038240,0.0
z500_brown_0.05,1,15,90.0,t100,184.81304931640625,239.32376098632812,0,1038240,0.0
z500_brown_0.05,1,15,90.0,t150,187.63519287109375,244.21197509765625,0,1038240,0.0
z500_brown_0.05,1,15,90.0,t200,192.88304138183594,243.62384033203125,0,1038240,0.0
z500_brown_0.05,1,15,90.0,t250,197.6095733642578,244.63702392578125,0,1038240,0.0
z500_brown_0.05,1,15,90.0,t300,202.565673828125,250.33038330078125,0,1038240,0.0
z500_brown_0.05,1,15,90.0,t400,211.71209716796875,264.7733154296875,0,1038240,0.0
z500_brown_0.05,1,15,90.0,t500,217.8871612548828,275.49224853515625,0,1038240,0.0
z500_brown_0.05,1,15,90.0,t600,208.47116088867188,287.58544921875,0,1038240,0.0
z500_brown_0.05,1,15,90.0,t700,213.1644287109375,297.0423278808594,0,1038240,0.0
z500_brown_0.05,1,15,90.0,t850,221.71002197265625,309.2261047363281,0,1038240,0.0
z500_brown_0.05,1,15,90.0,t925,225.3905029296875,314.90191650390625,0,1038240,0.0
z500_brown_0.05,1,15,90.0,t1000,228.52456665039062,320.4378356933594,0,1038240,0.0
z500_brown_0.05,1,15,90.0,q50,5.638539732899517e-07,2.0590432541212067e-06,0,1038240,0.0
z500_brown_0.05,1,15,90.0,q100,1.016943201648246e-06,4.632492164091673e-06,0,1038240,0.0
z500_brown_0.05,1,15,90.0,q150,-3.697073225339409e-07,4.1534356569172814e-05,13,1038240,1.2521189705655725e-05
z500_brown_0.05,1,15,90.0,q200,-7.4302279244875535e-06,0.00021800058311782777,10524,1038240,0.010136384650947758
z500_brown_0.05,1,15,90.0,q250,-1.2357766536297277e-05,0.0006986294174566865,17399,1038240,0.016758167668361842
z500_brown_0.05,1,15,90.0,q300,-3.487803041934967e-05,0.0015458445996046066,20573,1038240,0.019815264293419635
z500_brown_0.05,1,15,90.0,q400,-6.30851136520505e-05,0.004311135038733482,32284,1038240,0.03109492988133765
z500_brown_0.05,1,15,90.0,q500,-0.0001059531350620091,0.007615530397742987,12318,1038240,0.011864308830328248
z500_brown_0.05,1,15,90.0,q600,-0.00023316382430493832,0.010023888200521469,14368,1038240,0.013838804130066266
z500_brown_0.05,1,15,90.0,q700,-0.00039778323844075203,0.013088218867778778,35706,1038240,0.034390892279241796
z500_brown_0.05,1,15,90.0,q850,-0.000518332701176405,0.018740659579634666,42301,1038240,0.04074298813376483
z500_brown_0.05,1,15,90.0,q925,-0.0004237024113535881,0.020951008424162865,51718,1038240,0.04981314532285406
z500_brown_0.05,1,15,90.0,q1000,-0.0005685701034963131,0.025449441745877266,39374,1038240,0.0379237941131145
z500_brown_0.05,1,16,96.0,u10m,-22.454898834228516,22.073089599609375,0,1038240,0.0
z500_brown_0.05,1,16,96.0,v10m,-21.38530921936035,21.014793395996094,0,1038240,0.0
z500_brown_0.05,1,16,96.0,u100m,-29.117359161376953,27.257734298706055,0,1038240,0.0
z500_brown_0.05,1,16,96.0,v100m,-27.12940788269043,26.481178283691406,0,1038240,0.0
z500_brown_0.05,1,16,96.0,t2m,202.12234497070312,317.0335388183594,0,1038240,0.0
z500_brown_0.05,1,16,96.0,sp,48967.91015625,103703.2109375,0,1038240,0.0
z500_brown_0.05,1,16,96.0,msl,95443.0,103669.7421875,0,1038240,0.0
z500_brown_0.05,1,16,96.0,tcwv,-2.381265640258789,76.45291137695312,35357,1038240,0.03405474649406688
z500_brown_0.05,1,16,96.0,u50,-30.551368713378906,68.48589324951172,0,1038240,0.0
z500_brown_0.05,1,16,96.0,u100,-31.62960433959961,57.93675231933594,0,1038240,0.0
z500_brown_0.05,1,16,96.0,u150,-40.786521911621094,72.4713363647461,0,1038240,0.0
z500_brown_0.05,1,16,96.0,u200,-34.77362060546875,82.97589111328125,0,1038240,0.0
z500_brown_0.05,1,16,96.0,u250,-36.05918884277344,85.64816284179688,0,1038240,0.0
z500_brown_0.05,1,16,96.0,u300,-32.993186950683594,79.27932739257812,0,1038240,0.0
z500_brown_0.05,1,16,96.0,u400,-40.289093017578125,60.3133544921875,0,1038240,0.0
z500_brown_0.05,1,16,96.0,u500,-37.190528869628906,49.87819290161133,0,1038240,0.0
z500_brown_0.05,1,16,96.0,u600,-32.85980224609375,42.964664459228516,0,1038240,0.0
z500_brown_0.05,1,16,96.0,u700,-36.265865325927734,39.06886672973633,0,1038240,0.0
z500_brown_0.05,1,16,96.0,u850,-39.64032745361328,37.64552307128906,0,1038240,0.0
z500_brown_0.05,1,16,96.0,u925,-33.254058837890625,32.39160919189453,0,1038240,0.0
z500_brown_0.05,1,16,96.0,u1000,-22.391374588012695,22.39155387878418,0,1038240,0.0
z500_brown_0.05,1,16,96.0,v50,-23.115224838256836,20.859149932861328,0,1038240,0.0
z500_brown_0.05,1,16,96.0,v100,-18.311771392822266,25.28227996826172,0,1038240,0.0
z500_brown_0.05,1,16,96.0,v150,-33.72028350830078,37.05976104736328,0,1038240,0.0
z500_brown_0.05,1,16,96.0,v200,-43.33201217651367,49.7540397644043,0,1038240,0.0
z500_brown_0.05,1,16,96.0,v250,-53.014686584472656,59.32857131958008,0,1038240,0.0
z500_brown_0.05,1,16,96.0,v300,-50.10117721557617,60.840240478515625,0,1038240,0.0
z500_brown_0.05,1,16,96.0,v400,-55.01461410522461,51.808555603027344,0,1038240,0.0
z500_brown_0.05,1,16,96.0,v500,-49.555301666259766,47.701019287109375,0,1038240,0.0
z500_brown_0.05,1,16,96.0,v600,-40.233428955078125,41.393978118896484,0,1038240,0.0
z500_brown_0.05,1,16,96.0,v700,-31.496625900268555,32.581111907958984,0,1038240,0.0
z500_brown_0.05,1,16,96.0,v850,-29.906435012817383,31.082807540893555,0,1038240,0.0
z500_brown_0.05,1,16,96.0,v925,-29.955577850341797,30.731557846069336,0,1038240,0.0
z500_brown_0.05,1,16,96.0,v1000,-21.304380416870117,20.67506980895996,0,1038240,0.0
z500_brown_0.05,1,16,96.0,z50,176372.9375,208471.046875,0,1038240,0.0
z500_brown_0.05,1,16,96.0,z100,140133.5625,166213.90625,0,1038240,0.0
z500_brown_0.05,1,16,96.0,z150,117280.6015625,142061.796875,0,1038240,0.0
z500_brown_0.05,1,16,96.0,z200,100390.1875,123920.53125,0,1038240,0.0
z500_brown_0.05,1,16,96.0,z250,87121.1015625,109284.3984375,0,1038240,0.0
z500_brown_0.05,1,16,96.0,z300,76247.171875,96728.5390625,0,1038240,0.0
z500_brown_0.05,1,16,96.0,z400,59003.99609375,75786.296875,0,1038240,0.0
z500_brown_0.05,1,16,96.0,z500,45108.83203125,58726.58203125,0,1038240,0.0
z500_brown_0.05,1,16,96.0,z600,33050.59765625,44452.37890625,0,1038240,0.0
z500_brown_0.05,1,16,96.0,z700,22441.51953125,32234.806640625,0,1038240,0.0
z500_brown_0.05,1,16,96.0,z850,8465.1171875,16448.056640625,0,1038240,0.0
z500_brown_0.05,1,16,96.0,z925,2270.84912109375,9396.9853515625,0,1038240,0.0
z500_brown_0.05,1,16,96.0,z1000,-3611.21630859375,2962.61376953125,0,1038240,0.0
z500_brown_0.05,1,16,96.0,t50,179.28897094726562,237.4258575439453,0,1038240,0.0
z500_brown_0.05,1,16,96.0,t100,184.7691650390625,239.80673217773438,0,1038240,0.0
z500_brown_0.05,1,16,96.0,t150,187.0006561279297,244.44985961914062,0,1038240,0.0
z500_brown_0.05,1,16,96.0,t200,193.59263610839844,243.51951599121094,0,1038240,0.0
z500_brown_0.05,1,16,96.0,t250,197.81956481933594,245.10955810546875,0,1038240,0.0
z500_brown_0.05,1,16,96.0,t300,202.38876342773438,250.1935272216797,0,1038240,0.0
z500_brown_0.05,1,16,96.0,t400,211.0458526611328,264.4251403808594,0,1038240,0.0
z500_brown_0.05,1,16,96.0,t500,217.6260528564453,275.55682373046875,0,1038240,0.0
z500_brown_0.05,1,16,96.0,t600,207.61492919921875,285.0608215332031,0,1038240,0.0
z500_brown_0.05,1,16,96.0,t700,213.6383819580078,293.6376647949219,0,1038240,0.0
z500_brown_0.05,1,16,96.0,t850,221.99720764160156,310.1736145019531,0,1038240,0.0
z500_brown_0.05,1,16,96.0,t925,225.74998474121094,315.1114501953125,0,1038240,0.0
z500_brown_0.05,1,16,96.0,t1000,228.95614624023438,320.0413818359375,0,1038240,0.0
z500_brown_0.05,1,16,96.0,q50,5.969791345705744e-07,2.0777595182153163e-06,0,1038240,0.0
z500_brown_0.05,1,16,96.0,q100,1.0214519079454476e-06,4.62175376014784e-06,0,1038240,0.0
z500_brown_0.05,1,16,96.0,q150,-9.9531371233752e-07,3.563348946045153e-05,21,1038240,2.022653721682848e-05
z500_brown_0.05,1,16,96.0,q200,-8.319029802805744e-06,0.0001953518221853301,12681,1038240,0.012213938973647712
z500_brown_0.05,1,16,96.0,q250,-1.231563146575354e-05,0.0006736607756465673,16178,1038240,0.015582139004469102
z500_brown_0.05,1,16,96.0,q300,-2.9879462090320885e-05,0.0015354313654825091,21227,1038240,0.020445176452458007
z500_brown_0.05,1,16,96.0,q400,-5.314077134244144e-05,0.0041437046602368355,25171,1038240,0.024243912775466173
z500_brown_0.05,1,16,96.0,q500,-0.00010568590369075537,0.007277388591319323,13000,1038240,0.012521189705655725
z500_brown_0.05,1,16,96.0,q600,-0.00027045561000704765,0.009907110594213009,15500,1038240,0.014929110802897211
z500_brown_0.05,1,16,96.0,q700,-0.0004120762459933758,0.012845078483223915,32499,1038240,0.03130201109570042
z500_brown_0.05,1,16,96.0,q850,-0.0006000036373734474,0.018965287134051323,42994,1038240,0.041410463861920176
z500_brown_0.05,1,16,96.0,q925,-0.0005553271621465683,0.02199823036789894,51300,1038240,0.04941054091539528
z500_brown_0.05,1,16,96.0,q1000,-0.0006125555373728275,0.025560874491930008,44214,1038240,0.042585529357374016
z500_brown_0.05,1,17,102.0,u10m,-20.582855224609375,20.65762710571289,0,1038240,0.0
z500_brown_0.05,1,17,102.0,v10m,-18.162456512451172,20.22530174255371,0,1038240,0.0
z500_brown_0.05,1,17,102.0,u100m,-26.745223999023438,26.378440856933594,0,1038240,0.0
z500_brown_0.05,1,17,102.0,v100m,-23.32640838623047,24.90178871154785,0,1038240,0.0
z500_brown_0.05,1,17,102.0,t2m,201.4078369140625,315.06231689453125,0,1038240,0.0
z500_brown_0.05,1,17,102.0,sp,48941.53515625,103595.390625,0,1038240,0.0
z500_brown_0.05,1,17,102.0,msl,95442.671875,103569.890625,0,1038240,0.0
z500_brown_0.05,1,17,102.0,tcwv,-2.4832210540771484,76.7969741821289,39923,1038240,0.03845257358606873
z500_brown_0.05,1,17,102.0,u50,-32.07130432128906,70.46633911132812,0,1038240,0.0
z500_brown_0.05,1,17,102.0,u100,-32.14581298828125,59.901214599609375,0,1038240,0.0
z500_brown_0.05,1,17,102.0,u150,-40.34485626220703,72.9171142578125,0,1038240,0.0
z500_brown_0.05,1,17,102.0,u200,-34.07811737060547,83.95298767089844,0,1038240,0.0
z500_brown_0.05,1,17,102.0,u250,-36.123077392578125,87.52670288085938,0,1038240,0.0
z500_brown_0.05,1,17,102.0,u300,-36.45271682739258,80.05089569091797,0,1038240,0.0
z500_brown_0.05,1,17,102.0,u400,-39.16423034667969,61.063079833984375,0,1038240,0.0
z500_brown_0.05,1,17,102.0,u500,-39.72205352783203,52.261207580566406,0,1038240,0.0
z500_brown_0.05,1,17,102.0,u600,-36.31004333496094,41.11800765991211,0,1038240,0.0
z500_brown_0.05,1,17,102.0,u700,-35.23702621459961,38.42621994018555,0,1038240,0.0
z500_brown_0.05,1,17,102.0,u850,-33.67985153198242,35.272518157958984,0,1038240,0.0
z500_brown_0.05,1,17,102.0,u925,-31.198997497558594,31.983076095581055,0,1038240,0.0
z500_brown_0.05,1,17,102.0,u1000,-20.638891220092773,20.744611740112305,0,1038240,0.0
z500_brown_0.05,1,17,102.0,v50,-22.306171417236328,21.607351303100586,0,1038240,0.0
z500_brown_0.05,1,17,102.0,v100,-19.35479164123535,26.552085876464844,0,1038240,0.0
z500_brown_0.05,1,17,102.0,v150,-37.31726837158203,34.25574493408203,0,1038240,0.0
z500_brown_0.05,1,17,102.0,v200,-43.60981369018555,49.6492919921875,0,1038240,0.0
z500_brown_0.05,1,17,102.0,v250,-52.36054611206055,56.928123474121094,0,1038240,0.0
z500_brown_0.05,1,17,102.0,v300,-45.586700439453125,61.021541595458984,0,1038240,0.0
z500_brown_0.05,1,17,102.0,v400,-48.18587112426758,57.562599182128906,0,1038240,0.0
z500_brown_0.05,1,17,102.0,v500,-46.93934631347656,52.40411376953125,0,1038240,0.0
z500_brown_0.05,1,17,102.0,v600,-37.41323471069336,42.804893493652344,0,1038240,0.0
z500_brown_0.05,1,17,102.0,v700,-29.122337341308594,32.6573486328125,0,1038240,0.0
z500_brown_0.05,1,17,102.0,v850,-28.1286678314209,31.38396453857422,0,1038240,0.0
z500_brown_0.05,1,17,102.0,v925,-28.75661849975586,27.97420883178711,0,1038240,0.0
z500_brown_0.05,1,17,102.0,v1000,-21.79122543334961,19.96299171447754,0,1038240,0.0
z500_brown_0.05,1,17,102.0,z50,176322.890625,208517.953125,0,1038240,0.0
z500_brown_0.05,1,17,102.0,z100,140023.296875,166273.296875,0,1038240,0.0
z500_brown_0.05,1,17,102.0,z150,117147.421875,142137.15625,0,1038240,0.0
z500_brown_0.05,1,17,102.0,z200,100239.765625,123843.0859375,0,1038240,0.0
z500_brown_0.05,1,17,102.0,z250,86956.4296875,109180.9921875,0,1038240,0.0
z500_brown_0.05,1,17,102.0,z300,76103.25,96643.5234375,0,1038240,0.0
z500_brown_0.05,1,17,102.0,z400,58911.96875,75758.9140625,0,1038240,0.0
z500_brown_0.05,1,17,102.0,z500,45059.41796875,58738.828125,0,1038240,0.0
z500_brown_0.05,1,17,102.0,z600,32970.51171875,44377.0859375,0,1038240,0.0
z500_brown_0.05,1,17,102.0,z700,22368.74609375,32163.033203125,0,1038240,0.0
z500_brown_0.05,1,17,102.0,z850,8460.3984375,16378.1826171875,0,1038240,0.0
z500_brown_0.05,1,17,102.0,z925,2308.49365234375,9320.6181640625,0,1038240,0.0
z500_brown_0.05,1,17,102.0,z1000,-3666.416015625,2881.83251953125,0,1038240,0.0
z500_brown_0.05,1,17,102.0,t50,179.3075714111328,237.66336059570312,0,1038240,0.0
z500_brown_0.05,1,17,102.0,t100,185.41111755371094,240.22500610351562,0,1038240,0.0
z500_brown_0.05,1,17,102.0,t150,189.19805908203125,245.2781219482422,0,1038240,0.0
z500_brown_0.05,1,17,102.0,t200,194.24598693847656,244.29856872558594,0,1038240,0.0
z500_brown_0.05,1,17,102.0,t250,198.01844787597656,245.14117431640625,0,1038240,0.0
z500_brown_0.05,1,17,102.0,t300,201.8391876220703,250.6556854248047,0,1038240,0.0
z500_brown_0.05,1,17,102.0,t400,210.92214965820312,264.64898681640625,0,1038240,0.0
z500_brown_0.05,1,17,102.0,t500,217.64031982421875,276.6159362792969,0,1038240,0.0
z500_brown_0.05,1,17,102.0,t600,207.32081604003906,288.46087646484375,0,1038240,0.0
z500_brown_0.05,1,17,102.0,t700,214.2720184326172,298.1707763671875,0,1038240,0.0
z500_brown_0.05,1,17,102.0,t850,223.19845581054688,309.9064636230469,0,1038240,0.0
z500_brown_0.05,1,17,102.0,t925,226.843505859375,315.4075927734375,0,1038240,0.0
z500_brown_0.05,1,17,102.0,t1000,230.10635375976562,320.393798828125,0,1038240,0.0
z500_brown_0.05,1,17,102.0,q50,6.332579687295947e-07,2.0956356365786633e-06,0,1038240,0.0
z500_brown_0.05,1,17,102.0,q100,1.019713295136171e-06,4.728005023935111e-06,0,1038240,0.0
z500_brown_0.05,1,17,102.0,q150,-9.68670519796433e-07,3.7600671930704266e-05,20,1038240,1.9263368777931886e-05
z500_brown_0.05,1,17,102.0,q200,-1.1166628610226326e-05,0.00019716033420991153,13252,1038240,0.012763908152257667
z500_brown_0.05,1,17,102.0,q250,-1.2582208000821993e-05,0.00066006911220029,17945,1038240,0.017284057635999384
z500_brown_0.05,1,17,102.0,q300,-3.0500581488013268e-05,0.0015118808951228857,21357,1038240,0.02057038834951456
z500_brown_0.05,1,17,102.0,q400,-5.055166548117995e-05,0.004140469711273909,25937,1038240,0.024981699799660965
z500_brown_0.05,1,17,102.0,q500,-9.494350524619222e-05,0.008002500981092453,10134,1038240,0.009760748959778087
z500_brown_0.05,1,17,102.0,q600,-0.00029713776893913746,0.011621734127402306,14276,1038240,0.013750192633687779
z500_brown_0.05,1,17,102.0,q700,-0.0004501494113355875,0.01325947418808937,37040,1038240,0.03567575897672985
z500_brown_0.05,1,17,102.0,q850,-0.0005245083011686802,0.01905229315161705,49834,1038240,0.04799853598397288
z500_brown_0.05,1,17,102.0,q925,-0.0005998727865517139,0.021961195394396782,59856,1038240,0.05765141007859455
z500_brown_0.05,1,17,102.0,q1000,-0.0006020455621182919,0.02469884417951107,52829,1038240,0.05088322545846818
z500_brown_0.05,1,18,108.0,u10m,-20.41094398498535,21.04195785522461,0,1038240,0.0
z500_brown_0.05,1,18,108.0,v10m,-18.167314529418945,17.70168685913086,0,1038240,0.0
z500_brown_0.05,1,18,108.0,u100m,-26.884235382080078,26.65288734436035,0,1038240,0.0
z500_brown_0.05,1,18,108.0,v100m,-23.495393753051758,23.415681838989258,0,1038240,0.0
z500_brown_0.05,1,18,108.0,t2m,199.78036499023438,321.93109130859375,0,1038240,0.0
z500_brown_0.05,1,18,108.0,sp,48825.90234375,103562.25,0,1038240,0.0
z500_brown_0.05,1,18,108.0,msl,95632.875,103535.6953125,0,1038240,0.0
z500_brown_0.05,1,18,108.0,tcwv,-2.532949447631836,78.46259307861328,39065,1038240,0.037626175065495454
z500_brown_0.05,1,18,108.0,u50,-29.785476684570312,70.7553939819336,0,1038240,0.0
z500_brown_0.05,1,18,108.0,u100,-32.07373046875,61.550628662109375,0,1038240,0.0
z500_brown_0.05,1,18,108.0,u150,-37.790306091308594,71.93223571777344,0,1038240,0.0
z500_brown_0.05,1,18,108.0,u200,-33.10871887207031,86.12394714355469,0,1038240,0.0
z500_brown_0.05,1,18,108.0,u250,-35.15910339355469,91.20402526855469,0,1038240,0.0
z500_brown_0.05,1,18,108.0,u300,-33.51445388793945,81.00945281982422,0,1038240,0.0
z500_brown_0.05,1,18,108.0,u400,-36.48155975341797,62.18866729736328,0,1038240,0.0
z500_brown_0.05,1,18,108.0,u500,-37.53425598144531,53.94436264038086,0,1038240,0.0
z500_brown_0.05,1,18,108.0,u600,-34.02703094482422,42.610652923583984,0,1038240,0.0
z500_brown_0.05,1,18,108.0,u700,-34.162635803222656,36.7008171081543,0,1038240,0.0
z500_brown_0.05,1,18,108.0,u850,-30.283924102783203,36.228057861328125,0,1038240,0.0
z500_brown_0.05,1,18,108.0,u925,-34.18290328979492,33.31025314331055,0,1038240,0.0
z500_brown_0.05,1,18,108.0,u1000,-20.300785064697266,21.114288330078125,0,1038240,0.0
z500_brown_0.05,1,18,108.0,v50,-22.439613342285156,22.906482696533203,0,1038240,0.0
z500_brown_0.05,1,18,108.0,v100,-17.974966049194336,25.956668853759766,0,1038240,0.0
z500_brown_0.05,1,18,108.0,v150,-35.46528625488281,32.50810241699219,0,1038240,0.0
z500_brown_0.05,1,18,108.0,v200,-42.65301513671875,47.30059051513672,0,1038240,0.0
z500_brown_0.05,1,18,108.0,v250,-47.45606994628906,55.860904693603516,0,1038240,0.0
z500_brown_0.05,1,18,108.0,v300,-44.232391357421875,58.92097854614258,0,1038240,0.0
z500_brown_0.05,1,18,108.0,v400,-44.87766647338867,59.03020095825195,0,1038240,0.0
z500_brown_0.05,1,18,108.0,v500,-40.233402252197266,53.95911407470703,0,1038240,0.0
z500_brown_0.05,1,18,108.0,v600,-32.61107635498047,42.95000076293945,0,1038240,0.0
z500_brown_0.05,1,18,108.0,v700,-26.964813232421875,33.52095031738281,0,1038240,0.0
z500_brown_0.05,1,18,108.0,v850,-29.400575637817383,27.141218185424805,0,1038240,0.0
z500_brown_0.05,1,18,108.0,v925,-30.14478302001953,26.180315017700195,0,1038240,0.0
z500_brown_0.05,1,18,108.0,v1000,-20.86927032470703,17.42259407043457,0,1038240,0.0
z500_brown_0.05,1,18,108.0,z50,176179.6875,208733.875,0,1038240,0.0
z500_brown_0.05,1,18,108.0,z100,139932.8125,166377.015625,0,1038240,0.0
z500_brown_0.05,1,18,108.0,z150,117038.9140625,142238.390625,0,1038240,0.0
z500_brown_0.05,1,18,108.0,z200,100102.859375,123951.9296875,0,1038240,0.0
z500_brown_0.05,1,18,108.0,z250,86810.71875,109033.8515625,0,1038240,0.0
z500_brown_0.05,1,18,108.0,z300,75947.3046875,96419.0546875,0,1038240,0.0
z500_brown_0.05,1,18,108.0,z400,58770.5234375,75543.9375,0,1038240,0.0
z500_brown_0.05,1,18,108.0,z500,44989.22265625,58534.27734375,0,1038240,0.0
z500_brown_0.05,1,18,108.0,z600,32909.8125,44398.73828125,0,1038240,0.0
z500_brown_0.05,1,18,108.0,z700,22353.078125,32095.51171875,0,1038240,0.0
z500_brown_0.05,1,18,108.0,z850,8551.6123046875,16327.375,0,1038240,0.0
z500_brown_0.05,1,18,108.0,z925,2444.5341796875,9268.61328125,0,1038240,0.0
z500_brown_0.05,1,18,108.0,z1000,-3513.6044921875,2848.77783203125,0,1038240,0.0
z500_brown_0.05,1,18,108.0,t50,179.27310180664062,237.67880249023438,0,1038240,0.0
z500_brown_0.05,1,18,108.0,t100,185.8516082763672,240.69158935546875,0,1038240,0.0
z500_brown_0.05,1,18,108.0,t150,191.42782592773438,245.18035888671875,0,1038240,0.0
z500_brown_0.05,1,18,108.0,t200,195.0850830078125,244.31797790527344,0,1038240,0.0
z500_brown_0.05,1,18,108.0,t250,198.1856689453125,245.1944122314453,0,1038240,0.0
z500_brown_0.05,1,18,108.0,t300,201.63107299804688,251.55552673339844,0,1038240,0.0
z500_brown_0.05,1,18,108.0,t400,210.7597198486328,266.00494384765625,0,1038240,0.0
z500_brown_0.05,1,18,108.0,t500,217.38490295410156,279.2616271972656,0,1038240,0.0
z500_brown_0.05,1,18,108.0,t600,206.6004180908203,291.5556945800781,0,1038240,0.0
z500_brown_0.05,1,18,108.0,t700,214.3507080078125,301.10589599609375,0,1038240,0.0
z500_brown_0.05,1,18,108.0,t850,223.13270568847656,312.11053466796875,0,1038240,0.0
z500_brown_0.05,1,18,108.0,t925,226.80130004882812,317.24700927734375,0,1038240,0.0
z500_brown_0.05,1,18,108.0,t1000,230.30337524414062,322.5469055175781,0,1038240,0.0
z500_brown_0.05,1,18,108.0,q50,6.680018032056978e-07,2.1120638393767877e-06,0,1038240,0.0
z500_brown_0.05,1,18,108.0,q100,9.991433671530103e-07,4.689831712312298e-06,0,1038240,0.0
z500_brown_0.05,1,18,108.0,q150,-2.887322807509918e-07,4.502034789766185e-05,6,1038240,5.779010633379566e-06
z500_brown_0.05,1,18,108.0,q200,-1.1834114047815092e-05,0.00022957081091590226,12928,1038240,0.01245184157805517
z500_brown_0.05,1,18,108.0,q250,-1.5461391740245745e-05,0.000706725288182497,19734,1038240,0.01900716597318539
z500_brown_0.05,1,18,108.0,q300,-3.482610918581486e-05,0.0015908773057162762,21302,1038240,0.02051741408537525
z500_brown_0.05,1,18,108.0,q400,-9.388732723891735e-05,0.0043166158720850945,25639,1038240,0.02469467560486978
z500_brown_0.05,1,18,108.0,q500,-0.00010552303865551949,0.007906641811132431,9511,1038240,0.009160695022345507
z500_brown_0.05,1,18,108.0,q600,-0.00028502289205789566,0.010320771485567093,14604,1038240,0.014066111881645861
z500_brown_0.05,1,18,108.0,q700,-0.0005193324759602547,0.013722555711865425,28381,1038240,0.027335683464324242
z500_brown_0.05,1,18,108.0,q850,-0.0006648227572441101,0.019829800352454185,45709,1038240,0.04402546617352442
z500_brown_0.05,1,18,108.0,q925,-0.0006023859605193138,0.021102996543049812,54779,1038240,0.05276140391431654
z500_brown_0.05,1,18,108.0,q1000,-0.0006013805978000164,0.02511635422706604,45380,1038240,0.043708583757127446
z500_brown_0.05,1,19,114.0,u10m,-24.1330509185791,22.307960510253906,0,1038240,0.0
z500_brown_0.05,1,19,114.0,v10m,-17.760059356689453,17.054569244384766,0,1038240,0.0
z500_brown_0.05,1,19,114.0,u100m,-31.34819221496582,29.031513214111328,0,1038240,0.0
z500_brown_0.05,1,19,114.0,v100m,-23.072917938232422,23.03641128540039,0,1038240,0.0
z500_brown_0.05,1,19,114.0,t2m,198.787841796875,321.1704406738281,0,1038240,0.0
z500_brown_0.05,1,19,114.0,sp,48955.2890625,103467.328125,0,1038240,0.0
z500_brown_0.05,1,19,114.0,msl,95656.2890625,103433.609375,0,1038240,0.0
z500_brown_0.05,1,19,114.0,tcwv,-2.6146583557128906,78.96227264404297,37090,1038240,0.03572391739867468
z500_brown_0.05,1,19,114.0,u50,-30.11398696899414,72.49111938476562,0,1038240,0.0
z500_brown_0.05,1,19,114.0,u100,-34.641475677490234,62.353511810302734,0,1038240,0.0
z500_brown_0.05,1,19,114.0,u150,-39.521644592285156,70.85887908935547,0,1038240,0.0
z500_brown_0.05,1,19,114.0,u200,-32.98899841308594,86.18611145019531,0,1038240,0.0
z500_brown_0.05,1,19,114.0,u250,-35.2372932434082,92.04705810546875,0,1038240,0.0
z500_brown_0.05,1,19,114.0,u300,-33.24805450439453,83.37346649169922,0,1038240,0.0
z500_brown_0.05,1,19,114.0,u400,-38.79130554199219,63.790069580078125,0,1038240,0.0
z500_brown_0.05,1,19,114.0,u500,-34.448307037353516,55.988487243652344,0,1038240,0.0
z500_brown_0.05,1,19,114.0,u600,-29.961538314819336,48.20562744140625,0,1038240,0.0
z500_brown_0.05,1,19,114.0,u700,-31.913196563720703,42.08192443847656,0,1038240,0.0
z500_brown_0.05,1,19,114.0,u850,-39.7713623046875,36.403141021728516,0,1038240,0.0
z500_brown_0.05,1,19,114.0,u925,-39.069278717041016,35.757080078125,0,1038240,0.0
z500_brown_0.05,1,19,114.0,u1000,-24.065061569213867,22.19394874572754,0,1038240,0.0
z500_brown_0.05,1,19,114.0,v50,-23.369800567626953,21.983776092529297,0,1038240,0.0
z500_brown_0.05,1,19,114.0,v100,-18.78696632385254,24.20753288269043,0,1038240,0.0
z500_brown_0.05,1,19,114.0,v150,-30.0516357421875,31.774629592895508,0,1038240,0.0
z500_brown_0.05,1,19,114.0,v200,-38.81365966796875,43.90800857543945,0,1038240,0.0
z500_brown_0.05,1,19,114.0,v250,-44.781524658203125,50.309810638427734,0,1038240,0.0
z500_brown_0.05,1,19,114.0,v300,-44.65004348754883,57.37826919555664,0,1038240,0.0
z500_brown_0.05,1,19,114.0,v400,-47.36542892456055,58.59897994995117,0,1038240,0.0
z500_brown_0.05,1,19,114.0,v500,-37.718116760253906,49.952125549316406,0,1038240,0.0
z500_brown_0.05,1,19,114.0,v600,-30.35248565673828,41.05331039428711,0,1038240,0.0
z500_brown_0.05,1,19,114.0,v700,-27.417329788208008,31.32134246826172,0,1038240,0.0
z500_brown_0.05,1,19,114.0,v850,-29.871902465820312,25.21670150756836,0,1038240,0.0
z500_brown_0.05,1,19,114.0,v925,-29.74138832092285,25.580888748168945,0,1038240,0.0
z500_brown_0.05,1,19,114.0,v1000,-19.5976619720459,18.270320892333984,0,1038240,0.0
z500_brown_0.05,1,19,114.0,z50,176050.40625,208741.109375,0,1038240,0.0
z500_brown_0.05,1,19,114.0,z100,139816.3125,166469.609375,0,1038240,0.0
z500_brown_0.05,1,19,114.0,z150,116889.28125,142298.140625,0,1038240,0.0
z500_brown_0.05,1,19,114.0,z200,99913.8984375,124012.4453125,0,1038240,0.0
z500_brown_0.05,1,19,114.0,z250,86587.546875,109094.6015625,0,1038240,0.0
z500_brown_0.05,1,19,114.0,z300,75689.4921875,96486.03125,0,1038240,0.0
z500_brown_0.05,1,19,114.0,z400,58513.96484375,75631.2734375,0,1038240,0.0
z500_brown_0.05,1,19,114.0,z500,44880.4765625,58633.48828125,0,1038240,0.0
z500_brown_0.05,1,19,114.0,z600,32917.0078125,44394.515625,0,1038240,0.0
z500_brown_0.05,1,19,114.0,z700,22430.09375,31980.513671875,0,1038240,0.0
z500_brown_0.05,1,19,114.0,z850,8726.275390625,16231.55859375,0,1038240,0.0
z500_brown_0.05,1,19,114.0,z925,2572.76171875,9176.6640625,0,1038240,0.0
z500_brown_0.05,1,19,114.0,z1000,-3500.1083984375,2770.82470703125,0,1038240,0.0
z500_brown_0.05,1,19,114.0,t50,179.2261962890625,237.77125549316406,0,1038240,0.0
z500_brown_0.05,1,19,114.0,t100,187.15542602539062,240.8434295654297,0,1038240,0.0
z500_brown_0.05,1,19,114.0,t150,193.03469848632812,245.30966186523438,0,1038240,0.0
z500_brown_0.05,1,19,114.0,t200,195.35386657714844,244.1842041015625,0,1038240,0.0
z500_brown_0.05,1,19,114.0,t250,198.42813110351562,245.17489624023438,0,1038240,0.0
z500_brown_0.05,1,19,114.0,t300,201.74952697753906,250.76063537597656,0,1038240,0.0
z500_brown_0.05,1,19,114.0,t400,210.413818359375,264.76605224609375,0,1038240,0.0
z500_brown_0.05,1,19,114.0,t500,216.37322998046875,276.4690246582031,0,1038240,0.0
z500_brown_0.05,1,19,114.0,t600,204.74156188964844,287.19580078125,0,1038240,0.0
z500_brown_0.05,1,19,114.0,t700,214.1631317138672,295.4316711425781,0,1038240,0.0
z500_brown_0.05,1,19,114.0,t850,223.33763122558594,308.9969177246094,0,1038240,0.0
z500_brown_0.05,1,19,114.0,t925,226.97215270996094,315.2220764160156,0,1038240,0.0
z500_brown_0.05,1,19,114.0,t1000,230.44554138183594,320.70013427734375,0,1038240,0.0
z500_brown_0.05,1,19,114.0,q50,7.041992375889095e-07,2.1259775166981854e-06,0,1038240,0.0
z500_brown_0.05,1,19,114.0,q100,1.0007375976783806e-06,4.621248081093654e-06,0,1038240,0.0
z500_brown_0.05,1,19,114.0,q150,4.910507414024323e-07,4.109798464924097e-05,0,1038240,0.0
z500_brown_0.05,1,19,114.0,q200,-1.2552356565720402e-05,0.00022143191017676145,11702,1038240,0.011270997071967945
z500_brown_0.05,1,19,114.0,q250,-1.4497109077638015e-05,0.0007100223447196186,22392,1038240,0.02156726768377254
z500_brown_0.05,1,19,114.0,q300,-3.113005368504673e-05,0.0016405333299189806,24691,1038240,0.023781591924795807
z500_brown_0.05,1,19,114.0,q400,-5.471377517096698e-05,0.004390969406813383,31504,1038240,0.030343658498998304
z500_brown_0.05,1,19,114.0,q500,-0.00012173660797998309,0.00766541576012969,9176,1038240,0.008838033595315148
z500_brown_0.05,1,19,114.0,q600,-0.0002932393690571189,0.010101263411343098,14838,1038240,0.014291493296347666
z500_brown_0.05,1,19,114.0,q700,-0.0004884153604507446,0.013149920850992203,34139,1038240,0.03288160733549083
z500_brown_0.05,1,19,114.0,q850,-0.0007433141581714153,0.019928116351366043,47293,1038240,0.04555112498073663
z500_brown_0.05,1,19,114.0,q925,-0.0006076800636947155,0.02109265886247158,57209,1038240,0.05510190322083526
z500_brown_0.05,1,19,114.0,q1000,-0.0005966667085886002,0.025340616703033447,46686,1038240,0.044966481738326396
z500_brown_0.05,1,20,120.0,u10m,-24.51188850402832,26.49871063232422,0,1038240,0.0
z500_brown_0.05,1,20,120.0,v10m,-18.24108123779297,20.029521942138672,0,1038240,0.0
z500_brown_0.05,1,20,120.0,u100m,-32.4769172668457,34.62489700317383,0,1038240,0.0
z500_brown_0.05,1,20,120.0,v100m,-23.765762329101562,25.76654624938965,0,1038240,0.0
z500_brown_0.05,1,20,120.0,t2m,196.79051208496094,318.84490966796875,0,1038240,0.0
z500_brown_0.05,1,20,120.0,sp,48786.4609375,103380.8671875,0,1038240,0.0
z500_brown_0.05,1,20,120.0,msl,95108.484375,103345.984375,0,1038240,0.0
z500_brown_0.05,1,20,120.0,tcwv,-2.4094409942626953,76.74617004394531,44442,1038240,0.04280513176144244
z500_brown_0.05,1,20,120.0,u50,-30.401206970214844,72.56739044189453,0,1038240,0.0
z500_brown_0.05,1,20,120.0,u100,-33.72933578491211,62.61052703857422,0,1038240,0.0
z500_brown_0.05,1,20,120.0,u150,-39.94085693359375,70.54161834716797,0,1038240,0.0
z500_brown_0.05,1,20,120.0,u200,-32.85798645019531,86.50275421142578,0,1038240,0.0
z500_brown_0.05,1,20,120.0,u250,-32.29804229736328,91.05477905273438,0,1038240,0.0
z500_brown_0.05,1,20,120.0,u300,-32.51661682128906,83.11532592773438,0,1038240,0.0
z500_brown_0.05,1,20,120.0,u400,-41.57256317138672,63.55266571044922,0,1038240,0.0
z500_brown_0.05,1,20,120.0,u500,-37.27522277832031,57.27582550048828,0,1038240,0.0
z500_brown_0.05,1,20,120.0,u600,-28.731775283813477,50.154624938964844,0,1038240,0.0
z500_brown_0.05,1,20,120.0,u700,-29.460491180419922,43.11867141723633,0,1038240,0.0
z500_brown_0.05,1,20,120.0,u850,-40.14876174926758,45.03644561767578,0,1038240,0.0
z500_brown_0.05,1,20,120.0,u925,-39.41486740112305,40.98305130004883,0,1038240,0.0
z500_brown_0.05,1,20,120.0,u1000,-24.34312629699707,26.059507369995117,0,1038240,0.0
z500_brown_0.05,1,20,120.0,v50,-24.129270553588867,22.176311492919922,0,1038240,0.0
z500_brown_0.05,1,20,120.0,v100,-18.79241180419922,22.462997436523438,0,1038240,0.0
z500_brown_0.05,1,20,120.0,v150,-26.81022071838379,32.14151382446289,0,1038240,0.0
z500_brown_0.05,1,20,120.0,v200,-41.00046157836914,41.71147918701172,0,1038240,0.0
z500_brown_0.05,1,20,120.0,v250,-47.4588737487793,45.381656646728516,0,1038240,0.0
z500_brown_0.05,1,20,120.0,v300,-46.12028121948242,52.51471710205078,0,1038240,0.0
z500_brown_0.05,1,20,120.0,v400,-47.86447525024414,56.29709243774414,0,1038240,0.0
z500_brown_0.05,1,20,120.0,v500,-35.246341705322266,49.669586181640625,0,1038240,0.0
z500_brown_0.05,1,20,120.0,v600,-29.203510284423828,39.063720703125,0,1038240,0.0
z500_brown_0.05,1,20,120.0,v700,-28.176443099975586,28.859477996826172,0,1038240,0.0
z500_brown_0.05,1,20,120.0,v850,-31.21722412109375,28.619308471679688,0,1038240,0.0
z500_brown_0.05,1,20,120.0,v925,-31.111351013183594,30.29749298095703,0,1038240,0.0
z500_brown_0.05,1,20,120.0,v1000,-19.91465950012207,20.672706604003906,0,1038240,0.0
z500_brown_0.05,1,20,120.0,z50,175905.25,208718.171875,0,1038240,0.0
z500_brown_0.05,1,20,120.0,z100,139740.453125,166298.796875,0,1038240,0.0
z500_brown_0.05,1,20,120.0,z150,116784.765625,142108.4375,0,1038240,0.0
z500_brown_0.05,1,20,120.0,z200,99766.4609375,123812.3359375,0,1038240,0.0
z500_brown_0.05,1,20,120.0,z250,86414.0625,109055.0546875,0,1038240,0.0
z500_brown_0.05,1,20,120.0,z300,75503.6875,96482.4765625,0,1038240,0.0
z500_brown_0.05,1,20,120.0,z400,58346.5703125,75534.171875,0,1038240,0.0
z500_brown_0.05,1,20,120.0,z500,44754.77734375,58639.20703125,0,1038240,0.0
z500_brown_0.05,1,20,120.0,z600,33241.84375,44502.09765625,0,1038240,0.0
z500_brown_0.05,1,20,120.0,z700,22809.97265625,32026.625,0,1038240,0.0
z500_brown_0.05,1,20,120.0,z850,8557.6591796875,16189.408203125,0,1038240,0.0
z500_brown_0.05,1,20,120.0,z925,2090.51513671875,9120.1064453125,0,1038240,0.0
z500_brown_0.05,1,20,120.0,z1000,-3975.24072265625,2710.16259765625,0,1038240,0.0
z500_brown_0.05,1,20,120.0,t50,179.03616333007812,237.88026428222656,0,1038240,0.0
z500_brown_0.05,1,20,120.0,t100,188.05123901367188,241.18328857421875,0,1038240,0.0
z500_brown_0.05,1,20,120.0,t150,193.19625854492188,245.2893829345703,0,1038240,0.0
z500_brown_0.05,1,20,120.0,t200,195.5265350341797,243.88499450683594,0,1038240,0.0
z500_brown_0.05,1,20,120.0,t250,198.9571990966797,245.46444702148438,0,1038240,0.0
z500_brown_0.05,1,20,120.0,t300,202.21817016601562,250.6065216064453,0,1038240,0.0
z500_brown_0.05,1,20,120.0,t400,209.63662719726562,264.4283752441406,0,1038240,0.0
z500_brown_0.05,1,20,120.0,t500,215.64505004882812,275.3921203613281,0,1038240,0.0
z500_brown_0.05,1,20,120.0,t600,204.64639282226562,283.48785400390625,0,1038240,0.0
z500_brown_0.05,1,20,120.0,t700,213.5084228515625,294.095458984375,0,1038240,0.0
z500_brown_0.05,1,20,120.0,t850,222.82742309570312,309.5776672363281,0,1038240,0.0
z500_brown_0.05,1,20,120.0,t925,226.97552490234375,314.8826599121094,0,1038240,0.0
z500_brown_0.05,1,20,120.0,t1000,230.43341064453125,319.6236572265625,0,1038240,0.0
z500_brown_0.05,1,20,120.0,q50,7.402697974612238e-07,2.142660378012806e-06,0,1038240,0.0
z500_brown_0.05,1,20,120.0,q100,1.004958448902471e-06,4.6813343033136334e-06,0,1038240,0.0
z500_brown_0.05,1,20,120.0,q150,2.094320734613575e-07,3.450940494076349e-05,0,1038240,0.0
z500_brown_0.05,1,20,120.0,q200,-1.2446818800526671e-05,0.0001973048347281292,12327,1038240,0.011872977346278317
z500_brown_0.05,1,20,120.0,q250,-1.3719207345275208e-05,0.0006743349367752671,23465,1038240,0.022600747418708583
z500_brown_0.05,1,20,120.0,q300,-2.994952956214547e-05,0.0015735841589048505,23669,1038240,0.022797233780243488
z500_brown_0.05,1,20,120.0,q400,-4.7132285544648767e-05,0.004201854579150677,28663,1038240,0.02760729696409308
z500_brown_0.05,1,20,120.0,q500,-8.683960186317563e-05,0.007395442109555006,11899,1038240,0.011460741254430576
z500_brown_0.05,1,20,120.0,q600,-0.00028902769554406404,0.0099750692024827,17425,1038240,0.016783210047773153
z500_brown_0.05,1,20,120.0,q700,-0.000461056362837553,0.013185130432248116,33920,1038240,0.03267067344737248
z500_brown_0.05,1,20,120.0,q850,-0.0006005065515637398,0.0192352756857872,51710,1038240,0.04980543997534289
z500_brown_0.05,1,20,120.0,q925,-0.0006144344806671143,0.020775780081748962,54210,1038240,0.052213361072584376
z500_brown_0.05,1,20,120.0,q1000,-0.0006510782986879349,0.025229908525943756,47108,1038240,0.04537293881954076
z500_brown_0.05,2,0,0.0,u10m,-29.98059844970703,25.07940101623535,0,1038240,0.0
z500_brown_0.05,2,0,0.0,v10m,-27.66229820251465,25.987703323364258,0,1038240,0.0
z500_brown_0.05,2,0,0.0,u100m,-38.64726257324219,30.782737731933594,0,1038240,0.0
z500_brown_0.05,2,0,0.0,v100m,-33.108516693115234,32.41148376464844,0,1038240,0.0
z500_brown_0.05,2,0,0.0,t2m,203.00914001464844,317.2091369628906,0,1038240,0.0
z500_brown_0.05,2,0,0.0,sp,49593.44921875,104524.6484375,0,1038240,0.0
z500_brown_0.05,2,0,0.0,msl,93167.375,107762.9765625,0,1038240,0.0
z500_brown_0.05,2,0,0.0,tcwv,0.033688269555568695,80.67048645019531,0,1038240,0.0
z500_brown_0.05,2,0,0.0,u50,-32.53466796875,69.6953353881836,0,1038240,0.0
z500_brown_0.05,2,0,0.0,u100,-42.44437026977539,63.615631103515625,0,1038240,0.0
z500_brown_0.05,2,0,0.0,u150,-43.69473648071289,76.46526336669922,0,1038240,0.0
z500_brown_0.05,2,0,0.0,u200,-44.91203308105469,103.88796997070312,0,1038240,0.0
z500_brown_0.05,2,0,0.0,u250,-45.851261138916016,105.44873809814453,0,1038240,0.0
z500_brown_0.05,2,0,0.0,u300,-36.28936004638672,102.41063690185547,0,1038240,0.0
z500_brown_0.05,2,0,0.0,u400,-35.72868347167969,71.8713150024414,0,1038240,0.0
z500_brown_0.05,2,0,0.0,u500,-39.31422805786133,50.18577194213867,0,1038240,0.0
z500_brown_0.05,2,0,0.0,u600,-45.0154914855957,45.66450500488281,0,1038240,0.0
z500_brown_0.05,2,0,0.0,u700,-47.08867263793945,41.111328125,0,1038240,0.0
z500_brown_0.05,2,0,0.0,u850,-52.83549880981445,36.304500579833984,0,1038240,0.0
z500_brown_0.05,2,0,0.0,u925,-42.309513092041016,34.310489654541016,0,1038240,0.0
z500_brown_0.05,2,0,0.0,u1000,-29.00948715209961,24.660512924194336,0,1038240,0.0
z500_brown_0.05,2,0,0.0,v50,-28.3104305267334,37.03956985473633,0,1038240,0.0
z500_brown_0.05,2,0,0.0,v100,-31.289772033691406,41.980228424072266,0,1038240,0.0
z500_brown_0.05,2,0,0.0,v150,-39.73875427246094,46.22124481201172,0,1038240,0.0
z500_brown_0.05,2,0,0.0,v200,-56.7220573425293,65.07794189453125,0,1038240,0.0
z500_brown_0.05,2,0,0.0,v250,-63.08574295043945,62.81425857543945,0,1038240,0.0
z500_brown_0.05,2,0,0.0,v300,-54.844512939453125,65.45549011230469,0,1038240,0.0
z500_brown_0.05,2,0,0.0,v400,-59.89063262939453,63.009368896484375,0,1038240,0.0
z500_brown_0.05,2,0,0.0,v500,-50.19239807128906,56.80760192871094,0,1038240,0.0
z500_brown_0.05,2,0,0.0,v600,-45.045677185058594,40.0643196105957,0,1038240,0.0
z500_brown_0.05,2,0,0.0,v700,-36.78691101074219,42.36308670043945,0,1038240,0.0
z500_brown_0.05,2,0,0.0,v850,-42.88942337036133,34.960575103759766,0,1038240,0.0
z500_brown_0.05,2,0,0.0,v925,-37.343692779541016,37.056304931640625,0,1038240,0.0
z500_brown_0.05,2,0,0.0,v1000,-26.340137481689453,25.029863357543945,0,1038240,0.0
z500_brown_0.05,2,0,0.0,z50,178325.890625,207936.40625,0,1038240,0.0
z500_brown_0.05,2,0,0.0,z100,140693.140625,165755.734375,0,1038240,0.0
z500_brown_0.05,2,0,0.0,z150,117632.0390625,141996.15625,0,1038240,0.0
z500_brown_0.05,2,0,0.0,z200,100768.7421875,123884.2421875,0,1038240,0.0
z500_brown_0.05,2,0,0.0,z250,87459.671875,109026.765625,0,1038240,0.0
z500_brown_0.05,2,0,0.0,z300,76372.9453125,96320.9921875,0,1038240,0.0
z500_brown_0.05,2,0,0.0,z400,58395.84765625,75588.4609375,0,1038240,0.0
z500_brown_0.05,2,0,0.0,z500,43988.00390625,59020.91015625,0,1038240,0.0
z500_brown_0.05,2,0,0.0,z600,31816.14453125,44789.28125,0,1038240,0.0
z500_brown_0.05,2,0,0.0,z700,21340.9609375,32460.98828125,0,1038240,0.0
z500_brown_0.05,2,0,0.0,z850,7071.60302734375,16482.923828125,0,1038240,0.0
z500_brown_0.05,2,0,0.0,z925,558.6236572265625,9957.2314453125,0,1038240,0.0
z500_brown_0.05,2,0,0.0,z1000,-5507.95556640625,4905.5556640625,0,1038240,0.0
z500_brown_0.05,2,0,0.0,t50,176.96493530273438,233.25494384765625,0,1038240,0.0
z500_brown_0.05,2,0,0.0,t100,185.84442138671875,235.84442138671875,0,1038240,0.0
z500_brown_0.05,2,0,0.0,t150,187.8889617919922,238.91896057128906,0,1038240,0.0
z500_brown_0.05,2,0,0.0,t200,190.15658569335938,241.17657470703125,0,1038240,0.0
z500_brown_0.05,2,0,0.0,t250,199.0135498046875,243.6435546875,0,1038240,0.0
z500_brown_0.05,2,0,0.0,t300,204.70855712890625,251.70855712890625,0,1038240,0.0
z500_brown_0.05,2,0,0.0,t400,216.0428466796875,266.5628662109375,0,1038240,0.0
z500_brown_0.05,2,0,0.0,t500,224.4999542236328,276.89996337890625,0,1038240,0.0
z500_brown_0.05,2,0,0.0,t600,204.55136108398438,287.2413635253906,0,1038240,0.0
z500_brown_0.05,2,0,0.0,t700,208.45738220214844,296.9873962402344,0,1038240,0.0
z500_brown_0.05,2,0,0.0,t850,216.30093383789062,309.6709289550781,0,1038240,0.0
z500_brown_0.05,2,0,0.0,t925,219.8119354248047,315.3219299316406,0,1038240,0.0
z500_brown_0.05,2,0,0.0,t1000,223.1019287109375,319.7119445800781,0,1038240,0.0
z500_brown_0.05,2,0,0.0,q50,9.999999717180685e-10,1.9450640138529707e-06,0,1038240,0.0
z500_brown_0.05,2,0,0.0,q100,1.000000082740371e-09,9.873159797280096e-06,0,1038240,0.0
z500_brown_0.05,2,0,0.0,q150,1.0000005268295808e-09,4.6891240344848484e-05,0,1038240,0.0
z500_brown_0.05,2,0,0.0,q200,9.999985284281365e-10,0.0002307913964614272,0,1038240,0.0
z500_brown_0.05,2,0,0.0,q250,1.000000304784976e-09,0.0007995401974767447,0,1038240,0.0
z500_brown_0.05,2,0,0.0,q300,9.999980843389267e-10,0.0018608650425449014,0,1038240,0.0
z500_brown_0.05,2,0,0.0,q400,9.999975292274144e-10,0.004661120939999819,0,1038240,0.0
z500_brown_0.05,2,0,0.0,q500,9.999941985583405e-10,0.007641600910574198,0,1038240,0.0
z500_brown_0.05,2,0,0.0,q600,1.0000007488741858e-09,0.012534401379525661,0,1038240,0.0
z500_brown_0.05,2,0,0.0,q700,9.999989725173464e-10,0.018419841304421425,0,1038240,0.0
z500_brown_0.05,2,0,0.0,q850,1.635912212805124e-06,0.028813155367970467,0,1038240,0.0
z500_brown_0.05,2,0,0.0,q925,4.967510903952643e-06,0.03459184616804123,0,1038240,0.0
z500_brown_0.05,2,0,0.0,q1000,6.670324182778131e-06,0.04069339111447334,0,1038240,0.0
z500_brown_0.05,2,1,6.0,u10m,-28.75037956237793,24.728233337402344,0,1038240,0.0
z500_brown_0.05,2,1,6.0,v10m,-18.472562789916992,25.306591033935547,0,1038240,0.0
z500_brown_0.05,2,1,6.0,u100m,-37.466697692871094,30.98932647705078,0,1038240,0.0
z500_brown_0.05,2,1,6.0,v100m,-24.655324935913086,33.914634704589844,0,1038240,0.0
z500_brown_0.05,2,1,6.0,t2m,200.67364501953125,315.3042907714844,0,1038240,0.0
z500_brown_0.05,2,1,6.0,sp,49438.2578125,104049.296875,0,1038240,0.0
z500_brown_0.05,2,1,6.0,msl,93377.5234375,106051.9921875,0,1038240,0.0
z500_brown_0.05,2,1,6.0,tcwv,-5.491659164428711,79.5490951538086,71758,1038240,0.06911504083834182
z500_brown_0.05,2,1,6.0,u50,-29.993759155273438,73.50391387939453,0,1038240,0.0
z500_brown_0.05,2,1,6.0,u100,-39.70638656616211,60.71453857421875,0,1038240,0.0
z500_brown_0.05,2,1,6.0,u150,-36.5687255859375,74.38422393798828,0,1038240,0.0
z500_brown_0.05,2,1,6.0,u200,-44.24810028076172,93.69355010986328,0,1038240,0.0
z500_brown_0.05,2,1,6.0,u250,-40.36997604370117,106.06842041015625,0,1038240,0.0
z500_brown_0.05,2,1,6.0,u300,-36.217796325683594,100.66386413574219,0,1038240,0.0
z500_brown_0.05,2,1,6.0,u400,-38.27952575683594,69.71888732910156,0,1038240,0.0
z500_brown_0.05,2,1,6.0,u500,-34.364768981933594,54.05853271484375,0,1038240,0.0
z500_brown_0.05,2,1,6.0,u600,-40.10977554321289,43.80470657348633,0,1038240,0.0
z500_brown_0.05,2,1,6.0,u700,-40.6227912902832,37.91447067260742,0,1038240,0.0
z500_brown_0.05,2,1,6.0,u850,-47.212989807128906,36.8526725769043,0,1038240,0.0
z500_brown_0.05,2,1,6.0,u925,-44.00865936279297,33.952762603759766,0,1038240,0.0
z500_brown_0.05,2,1,6.0,u1000,-27.535158157348633,23.991527557373047,0,1038240,0.0
z500_brown_0.05,2,1,6.0,v50,-23.126190185546875,31.358753204345703,0,1038240,0.0
z500_brown_0.05,2,1,6.0,v100,-29.355327606201172,36.80615234375,0,1038240,0.0
z500_brown_0.05,2,1,6.0,v150,-32.470401763916016,40.288700103759766,0,1038240,0.0
z500_brown_0.05,2,1,6.0,v200,-46.80165481567383,52.7689094543457,0,1038240,0.0
z500_brown_0.05,2,1,6.0,v250,-55.00150680541992,62.8934440612793,0,1038240,0.0
z500_brown_0.05,2,1,6.0,v300,-49.7174186706543,66.17808532714844,0,1038240,0.0
z500_brown_0.05,2,1,6.0,v400,-49.61585235595703,63.365577697753906,0,1038240,0.0
z500_brown_0.05,2,1,6.0,v500,-45.045650482177734,50.029632568359375,0,1038240,0.0
z500_brown_0.05,2,1,6.0,v600,-34.35844421386719,36.00432586669922,0,1038240,0.0
z500_brown_0.05,2,1,6.0,v700,-30.31949234008789,34.20741271972656,0,1038240,0.0
z500_brown_0.05,2,1,6.0,v850,-34.36109161376953,36.97478103637695,0,1038240,0.0
z500_brown_0.05,2,1,6.0,v925,-34.69644546508789,32.681556701660156,0,1038240,0.0
z500_brown_0.05,2,1,6.0,v1000,-21.785648345947266,25.709138870239258,0,1038240,0.0
z500_brown_0.05,2,1,6.0,z50,178401.125,207999.09375,0,1038240,0.0
z500_brown_0.05,2,1,6.0,z100,140733.734375,165767.171875,0,1038240,0.0
z500_brown_0.05,2,1,6.0,z150,117591.546875,141985.34375,0,1038240,0.0
z500_brown_0.05,2,1,6.0,z200,100751.4453125,123887.484375,0,1038240,0.0
z500_brown_0.05,2,1,6.0,z250,87430.625,109051.015625,0,1038240,0.0
z500_brown_0.05,2,1,6.0,z300,76337.734375,96390.359375,0,1038240,0.0
z500_brown_0.05,2,1,6.0,z400,58390.5078125,75585.2421875,0,1038240,0.0
z500_brown_0.05,2,1,6.0,z500,43991.125,58787.7109375,0,1038240,0.0
z500_brown_0.05,2,1,6.0,z600,31875.169921875,44706.1796875,0,1038240,0.0
z500_brown_0.05,2,1,6.0,z700,21434.71875,32350.8671875,0,1038240,0.0
z500_brown_0.05,2,1,6.0,z850,7229.23779296875,16400.87890625,0,1038240,0.0
z500_brown_0.05,2,1,6.0,z925,758.875,9302.94921875,0,1038240,0.0
z500_brown_0.05,2,1,6.0,z1000,-5279.99267578125,3665.57275390625,0,1038240,0.0
z500_brown_0.05,2,1,6.0,t50,179.92320251464844,233.63352966308594,0,1038240,0.0
z500_brown_0.05,2,1,6.0,t100,186.50619506835938,235.41470336914062,0,1038240,0.0
z500_brown_0.05,2,1,6.0,t150,188.7340087890625,238.75375366210938,0,1038240,0.0
z500_brown_0.05,2,1,6.0,t200,191.73223876953125,241.39891052246094,0,1038240,0.0
z500_brown_0.05,2,1,6.0,t250,199.14707946777344,243.15628051757812,0,1038240,0.0
z500_brown_0.05,2,1,6.0,t300,204.9637908935547,251.45184326171875,0,1038240,0.0
z500_brown_0.05,2,1,6.0,t400,215.0913848876953,265.412841796875,0,1038240,0.0
z500_brown_0.05,2,1,6.0,t500,224.64700317382812,277.4750671386719,0,1038240,0.0
z500_brown_0.05,2,1,6.0,t600,212.6800079345703,288.988037109375,0,1038240,0.0
z500_brown_0.05,2,1,6.0,t700,209.97970581054688,299.4653015136719,0,1038240,0.0
z500_brown_0.05,2,1,6.0,t850,217.54339599609375,311.0645751953125,0,1038240,0.0
z500_brown_0.05,2,1,6.0,t925,222.14080810546875,316.49530029296875,0,1038240,0.0
z500_brown_0.05,2,1,6.0,t1000,225.46267700195312,321.46295166015625,0,1038240,0.0
z500_brown_0.05,2,1,6.0,q50,4.076559889654163e-08,1.950951855178573e-06,0,1038240,0.0
z500_brown_0.05,2,1,6.0,q100,1.1129509402962867e-07,9.336046787211671e-06,0,1038240,0.0
z500_brown_0.05,2,1,6.0,q150,1.4450688468059525e-07,3.3821899705799296e-05,0,1038240,0.0
z500_brown_0.05,2,1,6.0,q200,-2.588429197203368e-06,0.00020403139933478087,7526,1038240,0.007248805671135768
z500_brown_0.05,2,1,6.0,q250,-1.367665026918985e-05,0.0007083528325892985,32988,1038240,0.03177300046232085
z500_brown_0.05,2,1,6.0,q300,-4.0062397602014244e-05,0.0016533287707716227,11171,1038240,0.010759554630913853
z500_brown_0.05,2,1,6.0,q400,-0.00014979220577515662,0.004532246850430965,32909,1038240,0.03169691015564802
z500_brown_0.05,2,1,6.0,q500,-0.00026094564236700535,0.00739233149215579,13243,1038240,0.012755239636307597
z500_brown_0.05,2,1,6.0,q600,-0.0003557129530236125,0.010154866613447666,16332,1038240,0.015730466944059177
z500_brown_0.05,2,1,6.0,q700,-0.0006507681682705879,0.013465261086821556,30109,1038240,0.029000038526737555
z500_brown_0.05,2,1,6.0,q850,-0.000971777830272913,0.017948748543858528,64298,1038240,0.06192980428417322
z500_brown_0.05,2,1,6.0,q925,-0.0016023633070290089,0.020459681749343872,67014,1038240,0.06454576976421636
z500_brown_0.05,2,1,6.0,q1000,-0.001663185190409422,0.024074414744973183,67921,1038240,0.06541936353829558
z500_brown_0.05,2,2,12.0,u10m,-24.937713623046875,22.504302978515625,0,1038240,0.0
z500_brown_0.05,2,2,12.0,v10m,-18.61288833618164,27.408729553222656,0,1038240,0.0
z500_brown_0.05,2,2,12.0,u100m,-32.93138885498047,28.19296646118164,0,1038240,0.0
z500_brown_0.05,2,2,12.0,v100m,-25.19794464111328,36.57345962524414,0,1038240,0.0
z500_brown_0.05,2,2,12.0,t2m,205.21072387695312,321.2421875,0,1038240,0.0
z500_brown_0.05,2,2,12.0,sp,49183.125,103847.90625,0,1038240,0.0
z500_brown_0.05,2,2,12.0,msl,93670.359375,104290.578125,0,1038240,0.0
z500_brown_0.05,2,2,12.0,tcwv,-5.879646301269531,77.45401763916016,73506,1038240,0.07079865926953306
z500_brown_0.05,2,2,12.0,u50,-28.46068572998047,74.66217041015625,0,1038240,0.0
z500_brown_0.05,2,2,12.0,u100,-38.67961883544922,64.16873168945312,0,1038240,0.0
z500_brown_0.05,2,2,12.0,u150,-34.56559753417969,71.2794418334961,0,1038240,0.0
z500_brown_0.05,2,2,12.0,u200,-43.67407989501953,88.58619689941406,0,1038240,0.0
z500_brown_0.05,2,2,12.0,u250,-40.405731201171875,101.8944091796875,0,1038240,0.0
z500_brown_0.05,2,2,12.0,u300,-40.33015060424805,92.92861938476562,0,1038240,0.0
z500_brown_0.05,2,2,12.0,u400,-41.34076690673828,72.35269927978516,0,1038240,0.0
z500_brown_0.05,2,2,12.0,u500,-36.44379806518555,57.32823944091797,0,1038240,0.0
z500_brown_0.05,2,2,12.0,u600,-36.95616912841797,43.515907287597656,0,1038240,0.0
z500_brown_0.05,2,2,12.0,u700,-39.226806640625,39.068275451660156,0,1038240,0.0
z500_brown_0.05,2,2,12.0,u850,-43.19200134277344,36.64344787597656,0,1038240,0.0
z500_brown_0.05,2,2,12.0,u925,-41.502567291259766,34.197853088378906,0,1038240,0.0
z500_brown_0.05,2,2,12.0,u1000,-24.47922706604004,22.280649185180664,0,1038240,0.0
z500_brown_0.05,2,2,12.0,v50,-24.416959762573242,30.3909969329834,0,1038240,0.0
z500_brown_0.05,2,2,12.0,v100,-28.463157653808594,34.5825309753418,0,1038240,0.0
z500_brown_0.05,2,2,12.0,v150,-32.28146743774414,38.27769470214844,0,1038240,0.0
z500_brown_0.05,2,2,12.0,v200,-46.017921447753906,50.556331634521484,0,1038240,0.0
z500_brown_0.05,2,2,12.0,v250,-54.999534606933594,55.90656280517578,0,1038240,0.0
z500_brown_0.05,2,2,12.0,v300,-51.55465316772461,63.74372482299805,0,1038240,0.0
z500_brown_0.05,2,2,12.0,v400,-48.296321868896484,57.84001922607422,0,1038240,0.0
z500_brown_0.05,2,2,12.0,v500,-42.54279708862305,46.0538444519043,0,1038240,0.0
z500_brown_0.05,2,2,12.0,v600,-32.42170333862305,36.637794494628906,0,1038240,0.0
z500_brown_0.05,2,2,12.0,v700,-27.549972534179688,34.25883102416992,0,1038240,0.0
z500_brown_0.05,2,2,12.0,v850,-36.47922897338867,39.23032760620117,0,1038240,0.0
z500_brown_0.05,2,2,12.0,v925,-31.94417953491211,36.95302963256836,0,1038240,0.0
z500_brown_0.05,2,2,12.0,v1000,-19.81049919128418,28.22572898864746,0,1038240,0.0
z500_brown_0.05,2,2,12.0,z50,178470.59375,208154.71875,0,1038240,0.0
z500_brown_0.05,2,2,12.0,z100,140647.765625,165776.015625,0,1038240,0.0
z500_brown_0.05,2,2,12.0,z150,117535.25,142028.125,0,1038240,0.0
z500_brown_0.05,2,2,12.0,z200,100698.5625,123891.734375,0,1038240,0.0
z500_brown_0.05,2,2,12.0,z250,87376.6953125,109071.4375,0,1038240,0.0
z500_brown_0.05,2,2,12.0,z300,76271.78125,96341.71875,0,1038240,0.0
z500_brown_0.05,2,2,12.0,z400,58378.66796875,75485.90625,0,1038240,0.0
z500_brown_0.05,2,2,12.0,z500,44090.765625,58856.109375,0,1038240,0.0
z500_brown_0.05,2,2,12.0,z600,31993.796875,44776.9296875,0,1038240,0.0
z500_brown_0.05,2,2,12.0,z700,21555.01953125,32437.62109375,0,1038240,0.0
z500_brown_0.05,2,2,12.0,z850,7388.74658203125,16492.03515625,0,1038240,0.0
z500_brown_0.05,2,2,12.0,z925,996.96923828125,9393.23828125,0,1038240,0.0
z500_brown_0.05,2,2,12.0,z1000,-5031.9140625,3089.84375,0,1038240,0.0
z500_brown_0.05,2,2,12.0,t50,180.5972442626953,234.00189208984375,0,1038240,0.0
z500_brown_0.05,2,2,12.0,t100,186.43702697753906,235.4710235595703,0,1038240,0.0
z500_brown_0.05,2,2,12.0,t150,187.99119567871094,238.53839111328125,0,1038240,0.0
z500_brown_0.05,2,2,12.0,t200,192.03871154785156,241.53900146484375,0,1038240,0.0
z500_brown_0.05,2,2,12.0,t250,199.08827209472656,242.99856567382812,0,1038240,0.0
z500_brown_0.05,2,2,12.0,t300,204.8180389404297,251.13809204101562,0,1038240,0.0
z500_brown_0.05,2,2,12.0,t400,214.793212890625,265.47052001953125,0,1038240,0.0
z500_brown_0.05,2,2,12.0,t500,223.69541931152344,277.21478271484375,0,1038240,0.0
z500_brown_0.05,2,2,12.0,t600,216.52645874023438,290.140380859375,0,1038240,0.0
z500_brown_0.05,2,2,12.0,t700,214.38134765625,301.7403564453125,0,1038240,0.0
z500_brown_0.05,2,2,12.0,t850,222.14976501464844,313.6217346191406,0,1038240,0.0
z500_brown_0.05,2,2,12.0,t925,226.50634765625,319.40606689453125,0,1038240,0.0
z500_brown_0.05,2,2,12.0,t1000,230.28912353515625,324.47674560546875,0,1038240,0.0
z500_brown_0.05,2,2,12.0,q50,8.39943368191598e-08,1.958923576239613e-06,0,1038240,0.0
z500_brown_0.05,2,2,12.0,q100,2.592967121017864e-07,8.74814941198565e-06,0,1038240,0.0
z500_brown_0.05,2,2,12.0,q150,4.649032234738115e-07,3.4012886317214e-05,0,1038240,0.0
z500_brown_0.05,2,2,12.0,q200,-3.051143721677363e-06,0.00020117043459322304,9196,1038240,0.00885729696409308
z500_brown_0.05,2,2,12.0,q250,-1.00331635621842e-05,0.0006895035039633512,37407,1038240,0.0360292417938049
z500_brown_0.05,2,2,12.0,q300,-2.4193519493564963e-05,0.0015225426759570837,19388,1038240,0.01867390969332717
z500_brown_0.05,2,2,12.0,q400,-9.546056389808655e-05,0.004169245716184378,49724,1038240,0.047892587455694254
z500_brown_0.05,2,2,12.0,q500,-0.00013062846846878529,0.006967384833842516,28760,1038240,0.02770072430266605
z500_brown_0.05,2,2,12.0,q600,-0.0002491772174835205,0.010027656331658363,22437,1038240,0.021610610263522886
z500_brown_0.05,2,2,12.0,q700,-0.0006340604741126299,0.013020753860473633,55314,1038240,0.05327669902912621
z500_brown_0.05,2,2,12.0,q850,-0.0012413416989147663,0.01782950386404991,70840,1038240,0.06823085221143474
z500_brown_0.05,2,2,12.0,q925,-0.0014974279329180717,0.020273571833968163,72887,1038240,0.07020245800585606
z500_brown_0.05,2,2,12.0,q1000,-0.0017987540923058987,0.025283925235271454,72896,1038240,0.07021112652180614
z500_brown_0.05,2,3,18.0,u10m,-22.659223556518555,20.830495834350586,0,1038240,0.0
z500_brown_0.05,2,3,18.0,v10m,-19.54666519165039,27.299585342407227,0,1038240,0.0
z500_brown_0.05,2,3,18.0,u100m,-29.522258758544922,25.729570388793945,0,1038240,0.0
z500_brown_0.05,2,3,18.0,v100m,-25.20533561706543,37.215660095214844,0,1038240,0.0
z500_brown_0.05,2,3,18.0,t2m,206.22677612304688,320.565673828125,0,1038240,0.0
z500_brown_0.05,2,3,18.0,sp,49172.80859375,103793.9375,0,1038240,0.0
z500_brown_0.05,2,3,18.0,msl,93924.234375,104035.8828125,0,1038240,0.0
z500_brown_0.05,2,3,18.0,tcwv,-5.009880065917969,77.43600463867188,73524,1038240,0.07081599630143319
z500_brown_0.05,2,3,18.0,u50,-29.06655502319336,75.84261322021484,0,1038240,0.0
z500_brown_0.05,2,3,18.0,u100,-36.33880615234375,65.3815689086914,0,1038240,0.0
z500_brown_0.05,2,3,18.0,u150,-32.99554443359375,74.087158203125,0,1038240,0.0
z500_brown_0.05,2,3,18.0,u200,-40.7744140625,85.5724105834961,0,1038240,0.0
z500_brown_0.05,2,3,18.0,u250,-37.29508590698242,101.85980224609375,0,1038240,0.0
z500_brown_0.05,2,3,18.0,u300,-38.86625671386719,98.08028411865234,0,1038240,0.0
z500_brown_0.05,2,3,18.0,u400,-37.78929138183594,72.40831756591797,0,1038240,0.0
z500_brown_0.05,2,3,18.0,u500,-34.4821891784668,58.876380920410156,0,1038240,0.0
z500_brown_0.05,2,3,18.0,u600,-32.71805953979492,45.90815353393555,0,1038240,0.0
z500_brown_0.05,2,3,18.0,u700,-34.105953216552734,39.15570068359375,0,1038240,0.0
z500_brown_0.05,2,3,18.0,u850,-36.637454986572266,35.31614685058594,0,1038240,0.0
z500_brown_0.05,2,3,18.0,u925,-37.10784912109375,31.96261978149414,0,1038240,0.0
z500_brown_0.05,2,3,18.0,u1000,-22.162508010864258,21.611053466796875,0,1038240,0.0
z500_brown_0.05,2,3,18.0,v50,-22.82927894592285,29.848743438720703,0,1038240,0.0
z500_brown_0.05,2,3,18.0,v100,-26.61602020263672,33.51192855834961,0,1038240,0.0
z500_brown_0.05,2,3,18.0,v150,-29.48760223388672,36.26905059814453,0,1038240,0.0
z500_brown_0.05,2,3,18.0,v200,-44.990562438964844,55.27055358886719,0,1038240,0.0
z500_brown_0.05,2,3,18.0,v250,-56.83881759643555,62.03567886352539,0,1038240,0.0
z500_brown_0.05,2,3,18.0,v300,-52.131229400634766,60.276241302490234,0,1038240,0.0
z500_brown_0.05,2,3,18.0,v400,-45.36970520019531,53.15145492553711,0,1038240,0.0
z500_brown_0.05,2,3,18.0,v500,-42.19292068481445,42.88972091674805,0,1038240,0.0
z500_brown_0.05,2,3,18.0,v600,-32.76863098144531,36.30022430419922,0,1038240,0.0
z500_brown_0.05,2,3,18.0,v700,-27.23090362548828,34.74951171875,0,1038240,0.0
z500_brown_0.05,2,3,18.0,v850,-32.611881256103516,39.19169998168945,0,1038240,0.0
z500_brown_0.05,2,3,18.0,v925,-30.77729606628418,38.19492721557617,0,1038240,0.0
z500_brown_0.05,2,3,18.0,v1000,-20.333799362182617,27.728132247924805,0,1038240,0.0
z500_brown_0.05,2,3,18.0,z50,178424.828125,208058.4375,0,1038240,0.0
z500_brown_0.05,2,3,18.0,z100,140549.8125,165727.984375,0,1038240,0.0
z500_brown_0.05,2,3,18.0,z150,117458.328125,141970.40625,0,1038240,0.0
z500_brown_0.05,2,3,18.0,z200,100658.640625,123843.9296875,0,1038240,0.0
z500_brown_0.05,2,3,18.0,z250,87362.8203125,109015.4921875,0,1038240,0.0
z500_brown_0.05,2,3,18.0,z300,76270.5390625,96354.7890625,0,1038240,0.0
z500_brown_0.05,2,3,18.0,z400,58416.37890625,75602.875,0,1038240,0.0
z500_brown_0.05,2,3,18.0,z500,44151.0234375,58807.26171875,0,1038240,0.0
z500_brown_0.05,2,3,18.0,z600,32114.32421875,44653.99609375,0,1038240,0.0
z500_brown_0.05,2,3,18.0,z700,21651.76953125,32388.341796875,0,1038240,0.0
z500_brown_0.05,2,3,18.0,z850,7528.56640625,16439.568359375,0,1038240,0.0
z500_brown_0.05,2,3,18.0,z925,1197.9326171875,9417.16796875,0,1038240,0.0
z500_brown_0.05,2,3,18.0,z1000,-4760.76953125,3021.8037109375,0,1038240,0.0
z500_brown_0.05,2,3,18.0,t50,180.32687377929688,234.34555053710938,0,1038240,0.0
z500_brown_0.05,2,3,18.0,t100,186.41285705566406,235.3872833251953,0,1038240,0.0
z500_brown_0.05,2,3,18.0,t150,188.739013671875,239.0572052001953,0,1038240,0.0
z500_brown_0.05,2,3,18.0,t200,192.63836669921875,241.8025665283203,0,1038240,0.0
z500_brown_0.05,2,3,18.0,t250,199.46139526367188,242.33111572265625,0,1038240,0.0
z500_brown_0.05,2,3,18.0,t300,204.80044555664062,250.58265686035156,0,1038240,0.0
z500_brown_0.05,2,3,18.0,t400,214.814697265625,265.14752197265625,0,1038240,0.0
z500_brown_0.05,2,3,18.0,t500,222.9582061767578,277.3755798339844,0,1038240,0.0
z500_brown_0.05,2,3,18.0,t600,216.42446899414062,288.153564453125,0,1038240,0.0
z500_brown_0.05,2,3,18.0,t700,215.18875122070312,299.48834228515625,0,1038240,0.0
z500_brown_0.05,2,3,18.0,t850,223.51629638671875,309.659423828125,0,1038240,0.0
z500_brown_0.05,2,3,18.0,t925,227.56666564941406,315.9404602050781,0,1038240,0.0
z500_brown_0.05,2,3,18.0,t1000,231.24044799804688,321.195556640625,0,1038240,0.0
z500_brown_0.05,2,3,18.0,q50,1.268492724193493e-07,1.9679541765071917e-06,0,1038240,0.0
z500_brown_0.05,2,3,18.0,q100,4.0388363231613766e-07,8.186263585230336e-06,0,1038240,0.0
z500_brown_0.05,2,3,18.0,q150,3.457003003859427e-07,3.5705332265933976e-05,0,1038240,0.0
z500_brown_0.05,2,3,18.0,q200,-1.3296103134052828e-06,0.000203483083168976,5186,1038240,0.004994991524117738
z500_brown_0.05,2,3,18.0,q250,-1.465380410081707e-05,0.0006439021090045571,32108,1038240,0.030925412236091847
z500_brown_0.05,2,3,18.0,q300,-1.6366640920750797e-05,0.0014971966156736016,28101,1038240,0.027065996301433196
z500_brown_0.05,2,3,18.0,q400,-8.559221168980002e-05,0.004076431039720774,56916,1038240,0.05481969486823856
z500_brown_0.05,2,3,18.0,q500,-0.0001209513284265995,0.00690234312787652,42949,1038240,0.04136712128216983
z500_brown_0.05,2,3,18.0,q600,-0.00030031846836209297,0.009702246636152267,35585,1038240,0.034274348898135305
z500_brown_0.05,2,3,18.0,q700,-0.0007266928441822529,0.012965789064764977,61891,1038240,0.059611457851749115
z500_brown_0.05,2,3,18.0,q850,-0.0011647320352494717,0.01801259256899357,72854,1038240,0.07017067344737248
z500_brown_0.05,2,3,18.0,q925,-0.001444494817405939,0.019748825579881668,74839,1038240,0.07208256279858222
z500_brown_0.05,2,3,18.0,q1000,-0.001497488934546709,0.024501821026206017,73624,1038240,0.07091231314532286
z500_brown_0.05,2,4,24.0,u10m,-20.743257522583008,25.0081729888916,0,1038240,0.0
z500_brown_0.05,2,4,24.0,v10m,-19.70797348022461,25.560754776000977,0,1038240,0.0
z500_brown_0.05,2,4,24.0,u100m,-27.801240921020508,31.981224060058594,0,1038240,0.0
z500_brown_0.05,2,4,24.0,v100m,-26.113285064697266,34.59944152832031,0,1038240,0.0
z500_brown_0.05,2,4,24.0,t2m,205.65310668945312,319.8154296875,0,1038240,0.0
z500_brown_0.05,2,4,24.0,sp,49063.328125,103874.0703125,0,1038240,0.0
z500_brown_0.05,2,4,24.0,msl,93950.609375,103862.296875,0,1038240,0.0
z500_brown_0.05,2,4,24.0,tcwv,-4.5388336181640625,76.5754623413086,72225,1038240,0.06956484049930652
z500_brown_0.05,2,4,24.0,u50,-29.646133422851562,77.08052825927734,0,1038240,0.0
z500_brown_0.05,2,4,24.0,u100,-37.23601531982422,65.54249572753906,0,1038240,0.0
z500_brown_0.05,2,4,24.0,u150,-31.977209091186523,73.02552795410156,0,1038240,0.0
z500_brown_0.05,2,4,24.0,u200,-37.583595275878906,85.09648895263672,0,1038240,0.0
z500_brown_0.05,2,4,24.0,u250,-36.22966384887695,97.01239013671875,0,1038240,0.0
z500_brown_0.05,2,4,24.0,u300,-38.246829986572266,94.09524536132812,0,1038240,0.0
z500_brown_0.05,2,4,24.0,u400,-35.71593475341797,71.74475860595703,0,1038240,0.0
z500_brown_0.05,2,4,24.0,u500,-30.51624298095703,62.9454231262207,0,1038240,0.0
z500_brown_0.05,2,4,24.0,u600,-29.600984573364258,51.490447998046875,0,1038240,0.0
z500_brown_0.05,2,4,24.0,u700,-31.219860076904297,41.754817962646484,0,1038240,0.0
z500_brown_0.05,2,4,24.0,u850,-35.921302795410156,34.30879592895508,0,1038240,0.0
z500_brown_0.05,2,4,24.0,u925,-34.716529846191406,35.13311004638672,0,1038240,0.0
z500_brown_0.05,2,4,24.0,u1000,-20.244348526000977,24.687379837036133,0,1038240,0.0
z500_brown_0.05,2,4,24.0,v50,-23.63381004333496,28.995607376098633,0,1038240,0.0
z500_brown_0.05,2,4,24.0,v100,-24.908845901489258,32.524574279785156,0,1038240,0.0
z500_brown_0.05,2,4,24.0,v150,-29.688262939453125,34.851715087890625,0,1038240,0.0
z500_brown_0.05,2,4,24.0,v200,-42.03752517700195,53.44845199584961,0,1038240,0.0
z500_brown_0.05,2,4,24.0,v250,-55.31560516357422,62.876583099365234,0,1038240,0.0
z500_brown_0.05,2,4,24.0,v300,-53.455284118652344,61.05339050292969,0,1038240,0.0
z500_brown_0.05,2,4,24.0,v400,-39.35248947143555,53.72537612915039,0,1038240,0.0
z500_brown_0.05,2,4,24.0,v500,-36.41904067993164,46.79155731201172,0,1038240,0.0
z500_brown_0.05,2,4,24.0,v600,-32.83428955078125,36.614524841308594,0,1038240,0.0
z500_brown_0.05,2,4,24.0,v700,-29.67034149169922,32.4576530456543,0,1038240,0.0
z500_brown_0.05,2,4,24.0,v850,-36.45091247558594,38.465003967285156,0,1038240,0.0
z500_brown_0.05,2,4,24.0,v925,-31.763866424560547,37.22620391845703,0,1038240,0.0
z500_brown_0.05,2,4,24.0,v1000,-20.305925369262695,26.234073638916016,0,1038240,0.0
z500_brown_0.05,2,4,24.0,z50,178302.28125,208069.890625,0,1038240,0.0
z500_brown_0.05,2,4,24.0,z100,140490.71875,165481.3125,0,1038240,0.0
z500_brown_0.05,2,4,24.0,z150,117434.1953125,141696.71875,0,1038240,0.0
z500_brown_0.05,2,4,24.0,z200,100649.328125,123587.796875,0,1038240,0.0
z500_brown_0.05,2,4,24.0,z250,87354.046875,108905.4765625,0,1038240,0.0
z500_brown_0.05,2,4,24.0,z300,76245.078125,96359.71875,0,1038240,0.0
z500_brown_0.05,2,4,24.0,z400,58393.25390625,75557.84375,0,1038240,0.0
z500_brown_0.05,2,4,24.0,z500,44158.96875,58734.484375,0,1038240,0.0
z500_brown_0.05,2,4,24.0,z600,32166.78515625,44608.81640625,0,1038240,0.0
z500_brown_0.05,2,4,24.0,z700,21676.322265625,32362.15625,0,1038240,0.0
z500_brown_0.05,2,4,24.0,z850,7421.1669921875,16495.779296875,0,1038240,0.0
z500_brown_0.05,2,4,24.0,z925,1131.16162109375,9514.9052734375,0,1038240,0.0
z500_brown_0.05,2,4,24.0,z1000,-4741.33154296875,3070.736328125,0,1038240,0.0
z500_brown_0.05,2,4,24.0,t50,179.88768005371094,234.65902709960938,0,1038240,0.0
z500_brown_0.05,2,4,24.0,t100,186.40396118164062,235.36483764648438,0,1038240,0.0
z500_brown_0.05,2,4,24.0,t150,188.4722137451172,239.29832458496094,0,1038240,0.0
z500_brown_0.05,2,4,24.0,t200,192.26626586914062,241.83993530273438,0,1038240,0.0
z500_brown_0.05,2,4,24.0,t250,199.99703979492188,242.33863830566406,0,1038240,0.0
z500_brown_0.05,2,4,24.0,t300,204.9290771484375,250.04483032226562,0,1038240,0.0
z500_brown_0.05,2,4,24.0,t400,214.8160400390625,264.8204345703125,0,1038240,0.0
z500_brown_0.05,2,4,24.0,t500,222.3965606689453,277.10980224609375,0,1038240,0.0
z500_brown_0.05,2,4,24.0,t600,216.8671417236328,286.4294738769531,0,1038240,0.0
z500_brown_0.05,2,4,24.0,t700,215.52523803710938,295.38568115234375,0,1038240,0.0
z500_brown_0.05,2,4,24.0,t850,224.03639221191406,307.971435546875,0,1038240,0.0
z500_brown_0.05,2,4,24.0,t925,227.9254150390625,314.0393371582031,0,1038240,0.0
z500_brown_0.05,2,4,24.0,t1000,231.62460327148438,318.5511474609375,0,1038240,0.0
z500_brown_0.05,2,4,24.0,q50,1.712858193059219e-07,1.974861788767157e-06,0,1038240,0.0
z500_brown_0.05,2,4,24.0,q100,4.936605364491697e-07,7.693144652876072e-06,0,1038240,0.0
z500_brown_0.05,2,4,24.0,q150,-5.01181602885481e-08,3.4741951822070405e-05,3,1038240,2.889505316689783e-06
z500_brown_0.05,2,4,24.0,q200,-1.5282348613254726e-06,0.00018853964866138995,4445,1038240,0.004281283710895361
z500_brown_0.05,2,4,24.0,q250,-1.3786961062578484e-05,0.0006005407776683569,38299,1038240,0.036888388041300665
z500_brown_0.05,2,4,24.0,q300,-2.0532708731479943e-05,0.0014720371691510081,30231,1038240,0.02911754507628294
z500_brown_0.05,2,4,24.0,q400,-6.11468858551234e-05,0.004057138692587614,53619,1038240,0.05164412852519649
z500_brown_0.05,2,4,24.0,q500,-0.00012472522212192416,0.006900439504534006,44379,1038240,0.04274445214979196
z500_brown_0.05,2,4,24.0,q600,-0.00025631836615502834,0.009691182523965836,42385,1038240,0.040823894282632146
z500_brown_0.05,2,4,24.0,q700,-0.0006259125657379627,0.01307760737836361,59463,1038240,0.05727288488210818
z500_brown_0.05,2,4,24.0,q850,-0.0009780633263289928,0.018031202256679535,72353,1038240,0.06968812605948528
z500_brown_0.05,2,4,24.0,q925,-0.0012167864479124546,0.01947087049484253,75093,1038240,0.07232720758206194
z500_brown_0.05,2,4,24.0,q1000,-0.0013209874741733074,0.024411683902144432,72790,1038240,0.07010903066728309
z500_brown_0.05,2,5,30.0,u10m,-21.464937210083008,26.791669845581055,0,1038240,0.0
z500_brown_0.05,2,5,30.0,v10m,-19.720720291137695,23.816814422607422,0,1038240,0.0
z500_brown_0.05,2,5,30.0,u100m,-28.679636001586914,33.8336181640625,0,1038240,0.0
z500_brown_0.05,2,5,30.0,v100m,-25.96417999267578,32.73528289794922,0,1038240,0.0
z500_brown_0.05,2,5,30.0,t2m,205.69305419921875,316.0665283203125,0,1038240,0.0
z500_brown_0.05,2,5,30.0,sp,49115.79296875,103778.7734375,0,1038240,0.0
z500_brown_0.05,2,5,30.0,msl,93990.53125,103799.2109375,0,1038240,0.0
z500_brown_0.05,2,5,30.0,tcwv,-4.061971664428711,75.76429748535156,70641,1038240,0.06803918169209432
z500_brown_0.05,2,5,30.0,u50,-30.419910430908203,76.62732696533203,0,1038240,0.0
z500_brown_0.05,2,5,30.0,u100,-37.56117248535156,68.0889892578125,0,1038240,0.0
z500_brown_0.05,2,5,30.0,u150,-31.476137161254883,73.44220733642578,0,1038240,0.0
z500_brown_0.05,2,5,30.0,u200,-37.88897705078125,84.96897888183594,0,1038240,0.0
z500_brown_0.05,2,5,30.0,u250,-33.50504684448242,94.187255859375,0,1038240,0.0
z500_brown_0.05,2,5,30.0,u300,-36.87965393066406,92.18395233154297,0,1038240,0.0
z500_brown_0.05,2,5,30.0,u400,-34.543785095214844,74.97032928466797,0,1038240,0.0
z500_brown_0.05,2,5,30.0,u500,-31.55801773071289,61.10688018798828,0,1038240,0.0
z500_brown_0.05,2,5,30.0,u600,-28.95814323425293,49.55028533935547,0,1038240,0.0
z500_brown_0.05,2,5,30.0,u700,-35.06216049194336,39.89122009277344,0,1038240,0.0
z500_brown_0.05,2,5,30.0,u850,-37.911598205566406,38.7722053527832,0,1038240,0.0
z500_brown_0.05,2,5,30.0,u925,-34.76127624511719,35.95985412597656,0,1038240,0.0
z500_brown_0.05,2,5,30.0,u1000,-21.523733139038086,26.21105194091797,0,1038240,0.0
z500_brown_0.05,2,5,30.0,v50,-24.23985481262207,28.33049774169922,0,1038240,0.0
z500_brown_0.05,2,5,30.0,v100,-21.872610092163086,31.338760375976562,0,1038240,0.0
z500_brown_0.05,2,5,30.0,v150,-28.157747268676758,32.872215270996094,0,1038240,0.0
z500_brown_0.05,2,5,30.0,v200,-41.67335891723633,52.168888092041016,0,1038240,0.0
z500_brown_0.05,2,5,30.0,v250,-54.03569412231445,63.42197799682617,0,1038240,0.0
z500_brown_0.05,2,5,30.0,v300,-52.50851821899414,66.45618438720703,0,1038240,0.0
z500_brown_0.05,2,5,30.0,v400,-39.75229263305664,57.254615783691406,0,1038240,0.0
z500_brown_0.05,2,5,30.0,v500,-37.291263580322266,49.20921325683594,0,1038240,0.0
z500_brown_0.05,2,5,30.0,v600,-33.358646392822266,39.966102600097656,0,1038240,0.0
z500_brown_0.05,2,5,30.0,v700,-28.831192016601562,33.38993453979492,0,1038240,0.0
z500_brown_0.05,2,5,30.0,v850,-36.214664459228516,38.63079071044922,0,1038240,0.0
z500_brown_0.05,2,5,30.0,v925,-30.47871208190918,31.703916549682617,0,1038240,0.0
z500_brown_0.05,2,5,30.0,v1000,-20.24370765686035,24.236225128173828,0,1038240,0.0
z500_brown_0.05,2,5,30.0,z50,178084.875,208206.03125,0,1038240,0.0
z500_brown_0.05,2,5,30.0,z100,140380.09375,165645.25,0,1038240,0.0
z500_brown_0.05,2,5,30.0,z150,117369.640625,141721.1875,0,1038240,0.0
z500_brown_0.05,2,5,30.0,z200,100606.8984375,123676.75,0,1038240,0.0
z500_brown_0.05,2,5,30.0,z250,87316.8515625,108917.015625,0,1038240,0.0
z500_brown_0.05,2,5,30.0,z300,76238.4375,96363.4921875,0,1038240,0.0
z500_brown_0.05,2,5,30.0,z400,58396.40234375,75573.625,0,1038240,0.0
z500_brown_0.05,2,5,30.0,z500,44154.2734375,58641.984375,0,1038240,0.0
z500_brown_0.05,2,5,30.0,z600,32068.8046875,44461.46875,0,1038240,0.0
z500_brown_0.05,2,5,30.0,z700,21340.423828125,32213.736328125,0,1038240,0.0
z500_brown_0.05,2,5,30.0,z850,7319.2216796875,16509.56640625,0,1038240,0.0
z500_brown_0.05,2,5,30.0,z925,1147.7900390625,9513.099609375,0,1038240,0.0
z500_brown_0.05,2,5,30.0,z1000,-4659.44287109375,3020.2822265625,0,1038240,0.0
z500_brown_0.05,2,5,30.0,t50,179.66629028320312,234.92373657226562,0,1038240,0.0
z500_brown_0.05,2,5,30.0,t100,186.31045532226562,235.20265197753906,0,1038240,0.0
z500_brown_0.05,2,5,30.0,t150,188.9791259765625,239.9239501953125,0,1038240,0.0
z500_brown_0.05,2,5,30.0,t200,192.1330108642578,241.93995666503906,0,1038240,0.0
z500_brown_0.05,2,5,30.0,t250,199.91452026367188,242.27182006835938,0,1038240,0.0
z500_brown_0.05,2,5,30.0,t300,205.11935424804688,250.17286682128906,0,1038240,0.0
z500_brown_0.05,2,5,30.0,t400,214.23329162597656,264.4818115234375,0,1038240,0.0
z500_brown_0.05,2,5,30.0,t500,222.5609893798828,276.4671936035156,0,1038240,0.0
z500_brown_0.05,2,5,30.0,t600,216.60614013671875,288.80523681640625,0,1038240,0.0
z500_brown_0.05,2,5,30.0,t700,214.7308349609375,300.5849914550781,0,1038240,0.0
z500_brown_0.05,2,5,30.0,t850,223.38082885742188,311.941650390625,0,1038240,0.0
z500_brown_0.05,2,5,30.0,t925,227.30831909179688,317.1182556152344,0,1038240,0.0
z500_brown_0.05,2,5,30.0,t1000,230.8883819580078,322.2987976074219,0,1038240,0.0
z500_brown_0.05,2,5,30.0,q50,2.132808276655851e-07,1.9825183699140325e-06,0,1038240,0.0
z500_brown_0.05,2,5,30.0,q100,5.890699412702816e-07,7.248079327837331e-06,0,1038240,0.0
z500_brown_0.05,2,5,30.0,q150,-4.3161890062037855e-07,3.436508995946497e-05,61,1038240,5.875327477269225e-05
z500_brown_0.05,2,5,30.0,q200,-2.133165253326297e-06,0.0001993985933950171,6247,1038240,0.006016913237787024
z500_brown_0.05,2,5,30.0,q250,-1.632882413105108e-05,0.0006464311736635864,29818,1038240,0.028719756511018647
z500_brown_0.05,2,5,30.0,q300,-2.2027568775229156e-05,0.0015377021627500653,27251,1038240,0.02624730312837109
z500_brown_0.05,2,5,30.0,q400,-7.155057392083108e-05,0.004167895298451185,50698,1038240,0.048830713515179536
z500_brown_0.05,2,5,30.0,q500,-0.000120769371278584,0.007186750881373882,39214,1038240,0.037769687162891044
z500_brown_0.05,2,5,30.0,q600,-0.0002855487400665879,0.010801712051033974,43192,1038240,0.0416011712128217
z500_brown_0.05,2,5,30.0,q700,-0.0005406986456364393,0.013255776837468147,61546,1038240,0.059279164740329786
z500_brown_0.05,2,5,30.0,q850,-0.0008203908801078796,0.017828701063990593,69530,1038240,0.0669691015564802
z500_brown_0.05,2,5,30.0,q925,-0.0010139057412743568,0.020006995648145676,72308,1038240,0.06964478347973493
z500_brown_0.05,2,5,30.0,q1000,-0.0010731643997132778,0.023857252672314644,70934,1038240,0.06832139004469101
z500_brown_0.05,2,6,36.0,u10m,-22.249479293823242,23.36041259765625,0,1038240,0.0
z500_brown_0.05,2,6,36.0,v10m,-18.91731071472168,22.338401794433594,0,1038240,0.0
z500_brown_0.05,2,6,36.0,u100m,-29.48100471496582,29.067363739013672,0,1038240,0.0
z500_brown_0.05,2,6,36.0,v100m,-24.790115356445312,31.18863868713379,0,1038240,0.0
z500_brown_0.05,2,6,36.0,t2m,204.1082763671875,321.5329895019531,0,1038240,0.0
z500_brown_0.05,2,6,36.0,sp,49031.58984375,103813.953125,0,1038240,0.0
z500_brown_0.05,2,6,36.0,msl,94215.1640625,103760.453125,0,1038240,0.0
z500_brown_0.05,2,6,36.0,tcwv,-3.6854610443115234,76.53363800048828,66833,1038240,0.06437143627677608
z500_brown_0.05,2,6,36.0,u50,-27.47101593017578,76.01234436035156,0,1038240,0.0
z500_brown_0.05,2,6,36.0,u100,-36.453372955322266,67.85823822021484,0,1038240,0.0
z500_brown_0.05,2,6,36.0,u150,-31.76918601989746,71.08855438232422,0,1038240,0.0
z500_brown_0.05,2,6,36.0,u200,-37.89488983154297,83.07709503173828,0,1038240,0.0
z500_brown_0.05,2,6,36.0,u250,-34.388877868652344,91.68812561035156,0,1038240,0.0
z500_brown_0.05,2,6,36.0,u300,-30.632308959960938,87.43814086914062,0,1038240,0.0
z500_brown_0.05,2,6,36.0,u400,-28.471445083618164,73.3204574584961,0,1038240,0.0
z500_brown_0.05,2,6,36.0,u500,-28.168155670166016,59.488590240478516,0,1038240,0.0
z500_brown_0.05,2,6,36.0,u600,-29.580312728881836,48.25126266479492,0,1038240,0.0
z500_brown_0.05,2,6,36.0,u700,-37.339332580566406,40.82208251953125,0,1038240,0.0
z500_brown_0.05,2,6,36.0,u850,-37.96223831176758,36.683902740478516,0,1038240,0.0
z500_brown_0.05,2,6,36.0,u925,-34.46184539794922,31.2640380859375,0,1038240,0.0
z500_brown_0.05,2,6,36.0,u1000,-21.96160888671875,23.295045852661133,0,1038240,0.0
z500_brown_0.05,2,6,36.0,v50,-26.034940719604492,26.64600372314453,0,1038240,0.0
z500_brown_0.05,2,6,36.0,v100,-21.7901668548584,28.678159713745117,0,1038240,0.0
z500_brown_0.05,2,6,36.0,v150,-28.939857482910156,32.867820739746094,0,1038240,0.0
z500_brown_0.05,2,6,36.0,v200,-40.97322463989258,47.917259216308594,0,1038240,0.0
z500_brown_0.05,2,6,36.0,v250,-51.17581558227539,54.10322570800781,0,1038240,0.0
z500_brown_0.05,2,6,36.0,v300,-54.34247589111328,54.386024475097656,0,1038240,0.0
z500_brown_0.05,2,6,36.0,v400,-46.12622833251953,54.07362747192383,0,1038240,0.0
z500_brown_0.05,2,6,36.0,v500,-37.98641586303711,45.847381591796875,0,1038240,0.0
z500_brown_0.05,2,6,36.0,v600,-29.776350021362305,38.553428649902344,0,1038240,0.0
z500_brown_0.05,2,6,36.0,v700,-25.9788818359375,31.76215171813965,0,1038240,0.0
z500_brown_0.05,2,6,36.0,v850,-32.07066345214844,37.6346549987793,0,1038240,0.0
z500_brown_0.05,2,6,36.0,v925,-30.07061767578125,31.228792190551758,0,1038240,0.0
z500_brown_0.05,2,6,36.0,v1000,-19.7847900390625,23.795560836791992,0,1038240,0.0
z500_brown_0.05,2,6,36.0,z50,177781.5,208379.125,0,1038240,0.0
z500_brown_0.05,2,6,36.0,z100,140391.1875,165835.0625,0,1038240,0.0
z500_brown_0.05,2,6,36.0,z150,117444.1875,141956.71875,0,1038240,0.0
z500_brown_0.05,2,6,36.0,z200,100735.0390625,123800.046875,0,1038240,0.0
z500_brown_0.05,2,6,36.0,z250,87492.25,108899.28125,0,1038240,0.0
z500_brown_0.05,2,6,36.0,z300,76421.4921875,96225.1484375,0,1038240,0.0
z500_brown_0.05,2,6,36.0,z400,58571.22265625,75440.5,0,1038240,0.0
z500_brown_0.05,2,6,36.0,z500,44218.875,58684.296875,0,1038240,0.0
z500_brown_0.05,2,6,36.0,z600,31950.7421875,44568.828125,0,1038240,0.0
z500_brown_0.05,2,6,36.0,z700,21294.24609375,32245.345703125,0,1038240,0.0
z500_brown_0.05,2,6,36.0,z850,7439.65869140625,16544.91796875,0,1038240,0.0
z500_brown_0.05,2,6,36.0,z925,1326.11572265625,9549.947265625,0,1038240,0.0
z500_brown_0.05,2,6,36.0,z1000,-4450.75244140625,3067.30224609375,0,1038240,0.0
z500_brown_0.05,2,6,36.0,t50,179.2963104248047,235.1490478515625,0,1038240,0.0
z500_brown_0.05,2,6,36.0,t100,186.0052490234375,235.6272430419922,0,1038240,0.0
z500_brown_0.05,2,6,36.0,t150,188.95787048339844,240.07943725585938,0,1038240,0.0
z500_brown_0.05,2,6,36.0,t200,192.24166870117188,241.7259979248047,0,1038240,0.0
z500_brown_0.05,2,6,36.0,t250,200.31246948242188,242.5253143310547,0,1038240,0.0
z500_brown_0.05,2,6,36.0,t300,205.0990753173828,251.20989990234375,0,1038240,0.0
z500_brown_0.05,2,6,36.0,t400,213.54859924316406,265.50238037109375,0,1038240,0.0
z500_brown_0.05,2,6,36.0,t500,222.32098388671875,276.7846984863281,0,1038240,0.0
z500_brown_0.05,2,6,36.0,t600,217.4984130859375,290.7291564941406,0,1038240,0.0
z500_brown_0.05,2,6,36.0,t700,214.46954345703125,303.03765869140625,0,1038240,0.0
z500_brown_0.05,2,6,36.0,t850,222.8049774169922,313.1074523925781,0,1038240,0.0
z500_brown_0.05,2,6,36.0,t925,226.7191619873047,318.3381652832031,0,1038240,0.0
z500_brown_0.05,2,6,36.0,t1000,230.31558227539062,323.33465576171875,0,1038240,0.0
z500_brown_0.05,2,6,36.0,q50,2.503199993952876e-07,1.9891440388164483e-06,0,1038240,0.0
z500_brown_0.05,2,6,36.0,q100,6.686866527161328e-07,6.853089416836156e-06,0,1038240,0.0
z500_brown_0.05,2,6,36.0,q150,2.20737092604395e-07,3.8460380892502144e-05,0,1038240,0.0
z500_brown_0.05,2,6,36.0,q200,-3.622566509875469e-06,0.000208985002245754,10286,1038240,0.009907150562490369
z500_brown_0.05,2,6,36.0,q250,-1.3305954780662432e-05,0.0006236628396436572,28820,1038240,0.027758514408999846
z500_brown_0.05,2,6,36.0,q300,-1.6341233276762068e-05,0.0014568795450031757,25548,1038240,0.02460702727693019
z500_brown_0.05,2,6,36.0,q400,-5.871537723578513e-05,0.004036120604723692,49323,1038240,0.04750635691169672
z500_brown_0.05,2,6,36.0,q500,-0.0001024353550747037,0.007921671494841576,36084,1038240,0.034754969949144704
z500_brown_0.05,2,6,36.0,q600,-0.00021370500326156616,0.00988165382295847,41871,1038240,0.040328825705039296
z500_brown_0.05,2,6,36.0,q700,-0.000495043583214283,0.012891080230474472,56809,1038240,0.05471663584527662
z500_brown_0.05,2,6,36.0,q850,-0.000583261251449585,0.01811124011874199,65304,1038240,0.06289875173370318
z500_brown_0.05,2,6,36.0,q925,-0.000746049452573061,0.020110128447413445,67100,1038240,0.06462860224996148
z500_brown_0.05,2,6,36.0,q1000,-0.000902621541172266,0.025285014882683754,66940,1038240,0.06447449529973802
z500_brown_0.05,2,7,42.0,u10m,-22.452014923095703,18.39287567138672,0,1038240,0.0
z500_brown_0.05,2,7,42.0,v10m,-20.584692001342773,23.239479064941406,0,1038240,0.0
z500_brown_0.05,2,7,42.0,u100m,-29.126413345336914,23.56309700012207,0,1038240,0.0
z500_brown_0.05,2,7,42.0,v100m,-28.09890365600586,32.077083587646484,0,1038240,0.0
z500_brown_0.05,2,7,42.0,t2m,202.419189453125,320.9553527832031,0,1038240,0.0
z500_brown_0.05,2,7,42.0,sp,49158.94921875,103833.65625,0,1038240,0.0
z500_brown_0.05,2,7,42.0,msl,94718.78125,103791.6328125,0,1038240,0.0
z500_brown_0.05,2,7,42.0,tcwv,-2.6608734130859375,76.89191436767578,60868,1038240,0.058626136538757895
z500_brown_0.05,2,7,42.0,u50,-27.992382049560547,76.11466217041016,0,1038240,0.0
z500_brown_0.05,2,7,42.0,u100,-33.37794876098633,66.88630676269531,0,1038240,0.0
z500_brown_0.05,2,7,42.0,u150,-31.06572151184082,70.2928695678711,0,1038240,0.0
z500_brown_0.05,2,7,42.0,u200,-38.374000549316406,81.50039672851562,0,1038240,0.0
z500_brown_0.05,2,7,42.0,u250,-36.061195373535156,87.21736145019531,0,1038240,0.0
z500_brown_0.05,2,7,42.0,u300,-33.09513473510742,85.611328125,0,1038240,0.0
z500_brown_0.05,2,7,42.0,u400,-24.87248420715332,70.07197570800781,0,1038240,0.0
z500_brown_0.05,2,7,42.0,u500,-26.026214599609375,59.14418029785156,0,1038240,0.0
z500_brown_0.05,2,7,42.0,u600,-32.70548629760742,48.564064025878906,0,1038240,0.0
z500_brown_0.05,2,7,42.0,u700,-39.95577621459961,40.345909118652344,0,1038240,0.0
z500_brown_0.05,2,7,42.0,u850,-38.54728317260742,35.531394958496094,0,1038240,0.0
z500_brown_0.05,2,7,42.0,u925,-35.72949981689453,30.644176483154297,0,1038240,0.0
z500_brown_0.05,2,7,42.0,u1000,-22.42197036743164,20.934356689453125,0,1038240,0.0
z500_brown_0.05,2,7,42.0,v50,-27.163516998291016,24.82299041748047,0,1038240,0.0
z500_brown_0.05,2,7,42.0,v100,-22.15302848815918,25.185447692871094,0,1038240,0.0
z500_brown_0.05,2,7,42.0,v150,-28.350570678710938,32.52333068847656,0,1038240,0.0
z500_brown_0.05,2,7,42.0,v200,-39.0566520690918,47.77907180786133,0,1038240,0.0
z500_brown_0.05,2,7,42.0,v250,-53.78413391113281,52.583740234375,0,1038240,0.0
z500_brown_0.05,2,7,42.0,v300,-59.29048538208008,55.64908218383789,0,1038240,0.0
z500_brown_0.05,2,7,42.0,v400,-54.320194244384766,56.859825134277344,0,1038240,0.0
z500_brown_0.05,2,7,42.0,v500,-39.91891098022461,49.50210189819336,0,1038240,0.0
z500_brown_0.05,2,7,42.0,v600,-28.28791618347168,39.99514389038086,0,1038240,0.0
z500_brown_0.05,2,7,42.0,v700,-24.375558853149414,33.01239776611328,0,1038240,0.0
z500_brown_0.05,2,7,42.0,v850,-34.519622802734375,36.09958267211914,0,1038240,0.0
z500_brown_0.05,2,7,42.0,v925,-34.55586624145508,29.602645874023438,0,1038240,0.0
z500_brown_0.05,2,7,42.0,v1000,-21.168968200683594,23.88256072998047,0,1038240,0.0
z500_brown_0.05,2,7,42.0,z50,177519.453125,208280.484375,0,1038240,0.0
z500_brown_0.05,2,7,42.0,z100,140369.625,165789.1875,0,1038240,0.0
z500_brown_0.05,2,7,42.0,z150,117525.1015625,141846.15625,0,1038240,0.0
z500_brown_0.05,2,7,42.0,z200,100883.703125,123728.875,0,1038240,0.0
z500_brown_0.05,2,7,42.0,z250,87695.0078125,108892.5859375,0,1038240,0.0
z500_brown_0.05,2,7,42.0,z300,76627.4609375,96373.6875,0,1038240,0.0
z500_brown_0.05,2,7,42.0,z400,58796.0234375,75582.65625,0,1038240,0.0
z500_brown_0.05,2,7,42.0,z500,44337.1484375,58703.28125,0,1038240,0.0
z500_brown_0.05,2,7,42.0,z600,32135.03125,44505.22265625,0,1038240,0.0
z500_brown_0.05,2,7,42.0,z700,21532.501953125,32255.53515625,0,1038240,0.0
z500_brown_0.05,2,7,42.0,z850,7781.5341796875,16549.923828125,0,1038240,0.0
z500_brown_0.05,2,7,42.0,z925,1698.35791015625,9554.294921875,0,1038240,0.0
z500_brown_0.05,2,7,42.0,z1000,-4042.611328125,3083.26953125,0,1038240,0.0
z500_brown_0.05,2,7,42.0,t50,179.68064880371094,235.50222778320312,0,1038240,0.0
z500_brown_0.05,2,7,42.0,t100,186.2935028076172,235.84536743164062,0,1038240,0.0
z500_brown_0.05,2,7,42.0,t150,189.18032836914062,240.8912811279297,0,1038240,0.0
z500_brown_0.05,2,7,42.0,t200,192.30360412597656,241.63316345214844,0,1038240,0.0
z500_brown_0.05,2,7,42.0,t250,199.64627075195312,242.86326599121094,0,1038240,0.0
z500_brown_0.05,2,7,42.0,t300,205.53286743164062,249.6835479736328,0,1038240,0.0
z500_brown_0.05,2,7,42.0,t400,213.6189727783203,264.7992858886719,0,1038240,0.0
z500_brown_0.05,2,7,42.0,t500,221.62803649902344,276.1114807128906,0,1038240,0.0
z500_brown_0.05,2,7,42.0,t600,215.07472229003906,288.3299560546875,0,1038240,0.0
z500_brown_0.05,2,7,42.0,t700,214.19406127929688,299.1514587402344,0,1038240,0.0
z500_brown_0.05,2,7,42.0,t850,224.29071044921875,309.7635498046875,0,1038240,0.0
z500_brown_0.05,2,7,42.0,t925,228.02398681640625,315.390625,0,1038240,0.0
z500_brown_0.05,2,7,42.0,t1000,231.7992401123047,320.5828552246094,0,1038240,0.0
z500_brown_0.05,2,7,42.0,q50,2.8533099794003647e-07,1.996843820961658e-06,0,1038240,0.0
z500_brown_0.05,2,7,42.0,q100,7.297162483155262e-07,6.449666670960141e-06,0,1038240,0.0
z500_brown_0.05,2,7,42.0,q150,4.0581471694167703e-07,3.743029446923174e-05,0,1038240,0.0
z500_brown_0.05,2,7,42.0,q200,-3.73421426047571e-06,0.00020894932094961405,12163,1038240,0.011715017722299275
z500_brown_0.05,2,7,42.0,q250,-1.278218041989021e-05,0.0006309160962700844,24971,1038240,0.024051279087686856
z500_brown_0.05,2,7,42.0,q300,-1.827609958127141e-05,0.001441033324226737,26522,1038240,0.025545153336415473
z500_brown_0.05,2,7,42.0,q400,-5.328751285560429e-05,0.004196538589894772,45859,1038240,0.044169941439358915
z500_brown_0.05,2,7,42.0,q500,-9.839481208473444e-05,0.0074224830605089664,29118,1038240,0.02804553860379103
z500_brown_0.05,2,7,42.0,q600,-0.0003095540450885892,0.009514314122498035,33658,1038240,0.032418323316381566
z500_brown_0.05,2,7,42.0,q700,-0.00048233172856271267,0.012968814000487328,53204,1038240,0.0512444136230544
z500_brown_0.05,2,7,42.0,q850,-0.0005451301112771034,0.018084151670336723,57916,1038240,0.05578286330713515
z500_brown_0.05,2,7,42.0,q925,-0.000719735398888588,0.019706476479768753,63142,1038240,0.06081638156880875
z500_brown_0.05,2,7,42.0,q1000,-0.0008061272092163563,0.024553658440709114,61910,1038240,0.05962975805208815
z500_brown_0.05,2,8,48.0,u10m,-23.00404167175293,20.18999481201172,0,1038240,0.0
z500_brown_0.05,2,8,48.0,v10m,-24.4208927154541,22.854345321655273,0,1038240,0.0
z500_brown_0.05,2,8,48.0,u100m,-29.280303955078125,25.87799644470215,0,1038240,0.0
z500_brown_0.05,2,8,48.0,v100m,-32.21551513671875,31.88608169555664,0,1038240,0.0
z500_brown_0.05,2,8,48.0,t2m,201.2471923828125,320.1946716308594,0,1038240,0.0
z500_brown_0.05,2,8,48.0,sp,49009.625,103838.5703125,0,1038240,0.0
z500_brown_0.05,2,8,48.0,msl,95030.453125,103790.8671875,0,1038240,0.0
z500_brown_0.05,2,8,48.0,tcwv,-2.493814468383789,77.8499526977539,55882,1038240,0.05382377870241948
z500_brown_0.05,2,8,48.0,u50,-28.881916046142578,73.07205963134766,0,1038240,0.0
z500_brown_0.05,2,8,48.0,u100,-33.82550048828125,64.65865325927734,0,1038240,0.0
z500_brown_0.05,2,8,48.0,u150,-31.682897567749023,68.42521667480469,0,1038240,0.0
z500_brown_0.05,2,8,48.0,u200,-41.518150329589844,80.0600357055664,0,1038240,0.0
z500_brown_0.05,2,8,48.0,u250,-36.21321105957031,84.75962829589844,0,1038240,0.0
z500_brown_0.05,2,8,48.0,u300,-36.634735107421875,81.19841766357422,0,1038240,0.0
z500_brown_0.05,2,8,48.0,u400,-32.322486877441406,66.99352264404297,0,1038240,0.0
z500_brown_0.05,2,8,48.0,u500,-26.526844024658203,57.9559211730957,0,1038240,0.0
z500_brown_0.05,2,8,48.0,u600,-28.730207443237305,49.244781494140625,0,1038240,0.0
z500_brown_0.05,2,8,48.0,u700,-37.160255432128906,40.21173095703125,0,1038240,0.0
z500_brown_0.05,2,8,48.0,u850,-38.41192626953125,34.19023513793945,0,1038240,0.0
z500_brown_0.05,2,8,48.0,u925,-35.21644973754883,30.789852142333984,0,1038240,0.0
z500_brown_0.05,2,8,48.0,u1000,-22.9564208984375,20.477367401123047,0,1038240,0.0
z500_brown_0.05,2,8,48.0,v50,-27.021095275878906,23.5324764251709,0,1038240,0.0
z500_brown_0.05,2,8,48.0,v100,-22.85289192199707,22.13027000427246,0,1038240,0.0
z500_brown_0.05,2,8,48.0,v150,-27.333372116088867,32.737281799316406,0,1038240,0.0
z500_brown_0.05,2,8,48.0,v200,-45.598106384277344,45.29701614379883,0,1038240,0.0
z500_brown_0.05,2,8,48.0,v250,-53.920589447021484,48.305721282958984,0,1038240,0.0
z500_brown_0.05,2,8,48.0,v300,-58.92986297607422,56.47695541381836,0,1038240,0.0
z500_brown_0.05,2,8,48.0,v400,-55.635746002197266,55.767242431640625,0,1038240,0.0
z500_brown_0.05,2,8,48.0,v500,-42.507755279541016,48.786556243896484,0,1038240,0.0
z500_brown_0.05,2,8,48.0,v600,-29.618423461914062,39.49949264526367,0,1038240,0.0
z500_brown_0.05,2,8,48.0,v700,-26.64504051208496,31.788272857666016,0,1038240,0.0
z500_brown_0.05,2,8,48.0,v850,-36.918373107910156,35.90283966064453,0,1038240,0.0
z500_brown_0.05,2,8,48.0,v925,-35.030452728271484,30.647024154663086,0,1038240,0.0
z500_brown_0.05,2,8,48.0,v1000,-24.785154342651367,23.477413177490234,0,1038240,0.0
z500_brown_0.05,2,8,48.0,z50,177208.859375,208278.265625,0,1038240,0.0
z500_brown_0.05,2,8,48.0,z100,140414.09375,165688.53125,0,1038240,0.0
z500_brown_0.05,2,8,48.0,z150,117702.734375,141642.625,0,1038240,0.0
z500_brown_0.05,2,8,48.0,z200,101086.46875,123596.9375,0,1038240,0.0
z500_brown_0.05,2,8,48.0,z250,87892.6796875,108973.3125,0,1038240,0.0
z500_brown_0.05,2,8,48.0,z300,76848.3359375,96436.890625,0,1038240,0.0
z500_brown_0.05,2,8,48.0,z400,58953.41015625,75543.3125,0,1038240,0.0
z500_brown_0.05,2,8,48.0,z500,44525.3828125,58750.99609375,0,1038240,0.0
z500_brown_0.05,2,8,48.0,z600,32333.0,44547.515625,0,1038240,0.0
z500_brown_0.05,2,8,48.0,z700,21744.36328125,32319.37109375,0,1038240,0.0
z500_brown_0.05,2,8,48.0,z850,7996.14990234375,16576.171875,0,1038240,0.0
z500_brown_0.05,2,8,48.0,z925,1929.87646484375,9562.30078125,0,1038240,0.0
z500_brown_0.05,2,8,48.0,z1000,-3782.45556640625,3082.38134765625,0,1038240,0.0
z500_brown_0.05,2,8,48.0,t50,179.83837890625,235.59854125976562,0,1038240,0.0
z500_brown_0.05,2,8,48.0,t100,186.6742706298828,236.25347900390625,0,1038240,0.0
z500_brown_0.05,2,8,48.0,t150,190.02830505371094,241.052734375,0,1038240,0.0
z500_brown_0.05,2,8,48.0,t200,192.4091033935547,241.3129119873047,0,1038240,0.0
z500_brown_0.05,2,8,48.0,t250,199.3773651123047,243.4044647216797,0,1038240,0.0
z500_brown_0.05,2,8,48.0,t300,205.1876983642578,250.15916442871094,0,1038240,0.0
z500_brown_0.05,2,8,48.0,t400,214.11273193359375,264.7734375,0,1038240,0.0
z500_brown_0.05,2,8,48.0,t500,221.42477416992188,275.8636474609375,0,1038240,0.0
z500_brown_0.05,2,8,48.0,t600,211.95437622070312,286.3941955566406,0,1038240,0.0
z500_brown_0.05,2,8,48.0,t700,213.81617736816406,295.8429260253906,0,1038240,0.0
z500_brown_0.05,2,8,48.0,t850,223.01690673828125,308.628662109375,0,1038240,0.0
z500_brown_0.05,2,8,48.0,t925,226.70591735839844,314.4436950683594,0,1038240,0.0
z500_brown_0.05,2,8,48.0,t1000,230.27737426757812,318.9801025390625,0,1038240,0.0
z500_brown_0.05,2,8,48.0,q50,3.24298525811173e-07,2.0043712538608816e-06,0,1038240,0.0
z500_brown_0.05,2,8,48.0,q100,7.975489779710188e-07,6.123087587184273e-06,0,1038240,0.0
z500_brown_0.05,2,8,48.0,q150,2.662864062585868e-07,3.400840796530247e-05,0,1038240,0.0
z500_brown_0.05,2,8,48.0,q200,-3.7748977774754167e-06,0.00019136087212245911,11236,1038240,0.010822160579442132
z500_brown_0.05,2,8,48.0,q250,-1.0763880709419027e-05,0.0006331119802780449,23081,1038240,0.02223089073817229
z500_brown_0.05,2,8,48.0,q300,-2.622466126922518e-05,0.001480235019698739,21250,1038240,0.020467329326552628
z500_brown_0.05,2,8,48.0,q400,-6.77614298183471e-05,0.004277041647583246,39122,1038240,0.03768107566651256
z500_brown_0.05,2,8,48.0,q500,-0.00011040194658562541,0.007098887115716934,31067,1038240,0.02992275389120049
z500_brown_0.05,2,8,48.0,q600,-0.00023313425481319427,0.009513935074210167,29181,1038240,0.028106218215441518
z500_brown_0.05,2,8,48.0,q700,-0.0003833991941064596,0.012991057708859444,45412,1038240,0.04373940514717214
z500_brown_0.05,2,8,48.0,q850,-0.0005293488502502441,0.01795138791203499,50094,1038240,0.04824895977808599
z500_brown_0.05,2,8,48.0,q925,-0.0006416523829102516,0.01955736055970192,54812,1038240,0.05279318847280012
z500_brown_0.05,2,8,48.0,q1000,-0.0008400590158998966,0.02433810383081436,55950,1038240,0.05388927415626445
z500_brown_0.05,2,9,54.0,u10m,-22.38455581665039,21.20321273803711,0,1038240,0.0
z500_brown_0.05,2,9,54.0,v10m,-19.327219009399414,22.383506774902344,0,1038240,0.0
z500_brown_0.05,2,9,54.0,u100m,-28.951154708862305,27.49439811706543,0,1038240,0.0
z500_brown_0.05,2,9,54.0,v100m,-25.566146850585938,29.547574996948242,0,1038240,0.0
z500_brown_0.05,2,9,54.0,t2m,200.02967834472656,315.7128601074219,0,1038240,0.0
z500_brown_0.05,2,9,54.0,sp,49060.23046875,103810.6015625,0,1038240,0.0
z500_brown_0.05,2,9,54.0,msl,95184.34375,103789.265625,0,1038240,0.0
z500_brown_0.05,2,9,54.0,tcwv,-2.131551742553711,78.33079528808594,48598,1038240,0.046808059793496684
z500_brown_0.05,2,9,54.0,u50,-30.943557739257812,71.99921417236328,0,1038240,0.0
z500_brown_0.05,2,9,54.0,u100,-33.168888092041016,63.066463470458984,0,1038240,0.0
z500_brown_0.05,2,9,54.0,u150,-32.69941711425781,67.71923065185547,0,1038240,0.0
z500_brown_0.05,2,9,54.0,u200,-40.382110595703125,81.30935668945312,0,1038240,0.0
z500_brown_0.05,2,9,54.0,u250,-35.39249038696289,81.92764282226562,0,1038240,0.0
z500_brown_0.05,2,9,54.0,u300,-36.59431076049805,77.38060760498047,0,1038240,0.0
z500_brown_0.05,2,9,54.0,u400,-33.84063720703125,62.145477294921875,0,1038240,0.0
z500_brown_0.05,2,9,54.0,u500,-28.373138427734375,53.509334564208984,0,1038240,0.0
z500_brown_0.05,2,9,54.0,u600,-29.8781681060791,44.79663848876953,0,1038240,0.0
z500_brown_0.05,2,9,54.0,u700,-32.33060836791992,35.921138763427734,0,1038240,0.0
z500_brown_0.05,2,9,54.0,u850,-38.28603744506836,33.26897048950195,0,1038240,0.0
z500_brown_0.05,2,9,54.0,u925,-35.46818542480469,33.74763870239258,0,1038240,0.0
z500_brown_0.05,2,9,54.0,u1000,-22.457189559936523,21.182214736938477,0,1038240,0.0
z500_brown_0.05,2,9,54.0,v50,-25.34638214111328,21.52046012878418,0,1038240,0.0
z500_brown_0.05,2,9,54.0,v100,-24.030851364135742,20.95560073852539,0,1038240,0.0
z500_brown_0.05,2,9,54.0,v150,-29.67865753173828,31.258560180664062,0,1038240,0.0
z500_brown_0.05,2,9,54.0,v200,-43.62715530395508,45.36897659301758,0,1038240,0.0
z500_brown_0.05,2,9,54.0,v250,-52.926246643066406,51.11619567871094,0,1038240,0.0
z500_brown_0.05,2,9,54.0,v300,-55.968238830566406,57.16325759887695,0,1038240,0.0
z500_brown_0.05,2,9,54.0,v400,-48.91402816772461,58.70595169067383,0,1038240,0.0
z500_brown_0.05,2,9,54.0,v500,-44.23230743408203,51.6765022277832,0,1038240,0.0
z500_brown_0.05,2,9,54.0,v600,-33.05519485473633,39.576114654541016,0,1038240,0.0
z500_brown_0.05,2,9,54.0,v700,-26.962553024291992,33.36792755126953,0,1038240,0.0
z500_brown_0.05,2,9,54.0,v850,-33.27505874633789,35.51551055908203,0,1038240,0.0
z500_brown_0.05,2,9,54.0,v925,-32.48343276977539,35.91193389892578,0,1038240,0.0
z500_brown_0.05,2,9,54.0,v1000,-19.974090576171875,22.66767120361328,0,1038240,0.0
z500_brown_0.05,2,9,54.0,z50,176940.828125,208383.484375,0,1038240,0.0
z500_brown_0.05,2,9,54.0,z100,140400.46875,165865.3125,0,1038240,0.0
z500_brown_0.05,2,9,54.0,z150,117714.625,141913.578125,0,1038240,0.0
z500_brown_0.05,2,9,54.0,z200,100946.1875,123825.9296875,0,1038240,0.0
z500_brown_0.05,2,9,54.0,z250,87752.3984375,108989.9609375,0,1038240,0.0
z500_brown_0.05,2,9,54.0,z300,76841.1796875,96474.4765625,0,1038240,0.0
z500_brown_0.05,2,9,54.0,z400,58889.59765625,75616.78125,0,1038240,0.0
z500_brown_0.05,2,9,54.0,z500,44485.7265625,58727.90625,0,1038240,0.0
z500_brown_0.05,2,9,54.0,z600,32324.33203125,44535.9375,0,1038240,0.0
z500_brown_0.05,2,9,54.0,z700,21779.087890625,32291.927734375,0,1038240,0.0
z500_brown_0.05,2,9,54.0,z850,8087.3623046875,16538.794921875,0,1038240,0.0
z500_brown_0.05,2,9,54.0,z925,2055.93212890625,9518.478515625,0,1038240,0.0
z500_brown_0.05,2,9,54.0,z1000,-3638.30859375,3042.2626953125,0,1038240,0.0
z500_brown_0.05,2,9,54.0,t50,180.2307586669922,235.72811889648438,0,1038240,0.0
z500_brown_0.05,2,9,54.0,t100,186.49444580078125,236.50721740722656,0,1038240,0.0
z500_brown_0.05,2,9,54.0,t150,190.48843383789062,241.38348388671875,0,1038240,0.0
z500_brown_0.05,2,9,54.0,t200,192.77952575683594,241.47618103027344,0,1038240,0.0
z500_brown_0.05,2,9,54.0,t250,200.1298828125,243.35794067382812,0,1038240,0.0
z500_brown_0.05,2,9,54.0,t300,204.04747009277344,251.12411499023438,0,1038240,0.0
z500_brown_0.05,2,9,54.0,t400,213.67071533203125,264.8212585449219,0,1038240,0.0
z500_brown_0.05,2,9,54.0,t500,219.8707275390625,275.8485107421875,0,1038240,0.0
z500_brown_0.05,2,9,54.0,t600,210.3629150390625,288.2335205078125,0,1038240,0.0
z500_brown_0.05,2,9,54.0,t700,211.26211547851562,299.8410339355469,0,1038240,0.0
z500_brown_0.05,2,9,54.0,t850,221.2799072265625,311.76611328125,0,1038240,0.0
z500_brown_0.05,2,9,54.0,t925,224.8689727783203,316.67596435546875,0,1038240,0.0
z500_brown_0.05,2,9,54.0,t1000,228.52146911621094,321.93353271484375,0,1038240,0.0
z500_brown_0.05,2,9,54.0,q50,3.629547791206278e-07,2.0111169760639314e-06,0,1038240,0.0
z500_brown_0.05,2,9,54.0,q100,8.789636467554374e-07,5.822219463880174e-06,0,1038240,0.0
z500_brown_0.05,2,9,54.0,q150,1.1300471669528633e-08,3.4802171285264194e-05,0,1038240,0.0
z500_brown_0.05,2,9,54.0,q200,-5.318057446856983e-06,0.00021732186723966151,9600,1038240,0.009246417013407305
z500_brown_0.05,2,9,54.0,q250,-1.2610358680831268e-05,0.000716457434464246,18182,1038240,0.017512328556017875
z500_brown_0.05,2,9,54.0,q300,-2.155885158572346e-05,0.0015915556577965617,18572,1038240,0.017887964247187547
z500_brown_0.05,2,9,54.0,q400,-5.523979780264199e-05,0.004405836574733257,35956,1038240,0.034631684388965946
z500_brown_0.05,2,9,54.0,q500,-0.0001330735394731164,0.007841578684747219,26581,1038240,0.025601980274310373
z500_brown_0.05,2,9,54.0,q600,-0.00019384431652724743,0.010921982116997242,21770,1038240,0.020968176914778855
z500_brown_0.05,2,9,54.0,q700,-0.0004270512145012617,0.013201795518398285,44586,1038240,0.04294382801664355
z500_brown_0.05,2,9,54.0,q850,-0.0005269832909107208,0.018064314499497414,47029,1038240,0.04529684851286793
z500_brown_0.05,2,9,54.0,q925,-0.000574138481169939,0.02054780162870884,55863,1038240,0.053805478502080444
z500_brown_0.05,2,9,54.0,q1000,-0.0006269481964409351,0.024257613345980644,55133,1038240,0.05310236554168593
z500_brown_0.05,2,10,60.0,u10m,-24.016199111938477,20.205522537231445,0,1038240,0.0
z500_brown_0.05,2,10,60.0,v10m,-18.894939422607422,22.996620178222656,0,1038240,0.0
z500_brown_0.05,2,10,60.0,u100m,-30.698640823364258,26.108184814453125,0,1038240,0.0
z500_brown_0.05,2,10,60.0,v100m,-24.70135498046875,29.00835418701172,0,1038240,0.0
z500_brown_0.05,2,10,60.0,t2m,200.2208251953125,321.480224609375,0,1038240,0.0
z500_brown_0.05,2,10,60.0,sp,49031.171875,103846.7421875,0,1038240,0.0
z500_brown_0.05,2,10,60.0,msl,95278.328125,103791.125,0,1038240,0.0
z500_brown_0.05,2,10,60.0,tcwv,-2.297962188720703,78.4034194946289,40570,1038240,0.039075743566034826
z500_brown_0.05,2,10,60.0,u50,-29.085372924804688,69.77803802490234,0,1038240,0.0
z500_brown_0.05,2,10,60.0,u100,-32.41797637939453,59.69168472290039,0,1038240,0.0
z500_brown_0.05,2,10,60.0,u150,-32.31748962402344,67.79145812988281,0,1038240,0.0
z500_brown_0.05,2,10,60.0,u200,-36.84870910644531,82.60620880126953,0,1038240,0.0
z500_brown_0.05,2,10,60.0,u250,-34.27998733520508,78.88381958007812,0,1038240,0.0
z500_brown_0.05,2,10,60.0,u300,-29.486572265625,77.18203735351562,0,1038240,0.0
z500_brown_0.05,2,10,60.0,u400,-27.566038131713867,63.543365478515625,0,1038240,0.0
z500_brown_0.05,2,10,60.0,u500,-27.984046936035156,52.338626861572266,0,1038240,0.0
z500_brown_0.05,2,10,60.0,u600,-29.651037216186523,42.963279724121094,0,1038240,0.0
z500_brown_0.05,2,10,60.0,u700,-36.054561614990234,35.1143913269043,0,1038240,0.0
z500_brown_0.05,2,10,60.0,u850,-40.349246978759766,31.074003219604492,0,1038240,0.0
z500_brown_0.05,2,10,60.0,u925,-36.04486083984375,32.148536682128906,0,1038240,0.0
z500_brown_0.05,2,10,60.0,u1000,-23.880704879760742,21.328012466430664,0,1038240,0.0
z500_brown_0.05,2,10,60.0,v50,-24.82938003540039,20.723560333251953,0,1038240,0.0
z500_brown_0.05,2,10,60.0,v100,-25.637224197387695,22.115821838378906,0,1038240,0.0
z500_brown_0.05,2,10,60.0,v150,-31.626747131347656,32.872093200683594,0,1038240,0.0
z500_brown_0.05,2,10,60.0,v200,-47.31668472290039,43.75520324707031,0,1038240,0.0
z500_brown_0.05,2,10,60.0,v250,-55.702003479003906,51.90381622314453,0,1038240,0.0
z500_brown_0.05,2,10,60.0,v300,-57.81614685058594,57.11723327636719,0,1038240,0.0
z500_brown_0.05,2,10,60.0,v400,-51.298213958740234,57.250633239746094,0,1038240,0.0
z500_brown_0.05,2,10,60.0,v500,-44.01676940917969,50.17623519897461,0,1038240,0.0
z500_brown_0.05,2,10,60.0,v600,-34.291648864746094,39.07207107543945,0,1038240,0.0
z500_brown_0.05,2,10,60.0,v700,-27.84302520751953,32.945621490478516,0,1038240,0.0
z500_brown_0.05,2,10,60.0,v850,-31.855567932128906,34.35415267944336,0,1038240,0.0
z500_brown_0.05,2,10,60.0,v925,-30.674137115478516,36.15815353393555,0,1038240,0.0
z500_brown_0.05,2,10,60.0,v1000,-20.498104095458984,23.200483322143555,0,1038240,0.0
z500_brown_0.05,2,10,60.0,z50,176741.4375,208521.859375,0,1038240,0.0
z500_brown_0.05,2,10,60.0,z100,140268.640625,166042.640625,0,1038240,0.0
z500_brown_0.05,2,10,60.0,z150,117526.4921875,142166.015625,0,1038240,0.0
z500_brown_0.05,2,10,60.0,z200,100701.328125,123984.1796875,0,1038240,0.0
z500_brown_0.05,2,10,60.0,z250,87463.71875,109022.9609375,0,1038240,0.0
z500_brown_0.05,2,10,60.0,z300,76598.6328125,96384.203125,0,1038240,0.0
z500_brown_0.05,2,10,60.0,z400,58850.32421875,75554.9140625,0,1038240,0.0
z500_brown_0.05,2,10,60.0,z500,44450.5390625,58673.93359375,0,1038240,0.0
z500_brown_0.05,2,10,60.0,z600,32317.16015625,44524.125,0,1038240,0.0
z500_brown_0.05,2,10,60.0,z700,21815.08984375,32297.912109375,0,1038240,0.0
z500_brown_0.05,2,10,60.0,z850,8163.576171875,16543.1875,0,1038240,0.0
z500_brown_0.05,2,10,60.0,z925,2124.42431640625,9521.166015625,0,1038240,0.0
z500_brown_0.05,2,10,60.0,z1000,-3566.51318359375,3066.70947265625,0,1038240,0.0
z500_brown_0.05,2,10,60.0,t50,180.20559692382812,235.83676147460938,0,1038240,0.0
z500_brown_0.05,2,10,60.0,t100,186.6975860595703,237.0643310546875,0,1038240,0.0
z500_brown_0.05,2,10,60.0,t150,190.6569061279297,241.4613800048828,0,1038240,0.0
z500_brown_0.05,2,10,60.0,t200,192.69692993164062,241.50802612304688,0,1038240,0.0
z500_brown_0.05,2,10,60.0,t250,199.30963134765625,243.56637573242188,0,1038240,0.0
z500_brown_0.05,2,10,60.0,t300,203.24020385742188,251.2458038330078,0,1038240,0.0
z500_brown_0.05,2,10,60.0,t400,213.24139404296875,265.9114990234375,0,1038240,0.0
z500_brown_0.05,2,10,60.0,t500,218.92453002929688,278.3486633300781,0,1038240,0.0
z500_brown_0.05,2,10,60.0,t600,213.08343505859375,290.6209411621094,0,1038240,0.0
z500_brown_0.05,2,10,60.0,t700,210.5838623046875,303.09906005859375,0,1038240,0.0
z500_brown_0.05,2,10,60.0,t850,220.58486938476562,313.70849609375,0,1038240,0.0
z500_brown_0.05,2,10,60.0,t925,224.22860717773438,318.91571044921875,0,1038240,0.0
z500_brown_0.05,2,10,60.0,t1000,227.79519653320312,324.1231689453125,0,1038240,0.0
z500_brown_0.05,2,10,60.0,q50,3.978991571784718e-07,2.015993231907487e-06,0,1038240,0.0
z500_brown_0.05,2,10,60.0,q100,9.58565124165034e-07,5.562788828683551e-06,0,1038240,0.0
z500_brown_0.05,2,10,60.0,q150,-3.972490958403796e-08,4.3140211346326396e-05,52,1038240,5.00847588226229e-05
z500_brown_0.05,2,10,60.0,q200,-7.673912477912381e-06,0.00022126943804323673,8059,1038240,0.007762174449067653
z500_brown_0.05,2,10,60.0,q250,-1.2724161933874711e-05,0.0006994388531893492,15376,1038240,0.014809677916474032
z500_brown_0.05,2,10,60.0,q300,-2.2862281184643507e-05,0.0016376058338209987,15328,1038240,0.014763445831406997
z500_brown_0.05,2,10,60.0,q400,-6.235940963961184e-05,0.004514617379754782,32152,1038240,0.0309677916474033
z500_brown_0.05,2,10,60.0,q500,-0.00025786308106034994,0.008079487830400467,23079,1038240,0.022228964401294498
z500_brown_0.05,2,10,60.0,q600,-0.00025986728724092245,0.009976161643862724,18670,1038240,0.017982354754199414
z500_brown_0.05,2,10,60.0,q700,-0.00042473594658076763,0.013028526678681374,38025,1038240,0.03662447988904299
z500_brown_0.05,2,10,60.0,q850,-0.0004771668463945389,0.01820993982255459,42379,1038240,0.040818115271998766
z500_brown_0.05,2,10,60.0,q925,-0.0005248845554888248,0.020561417564749718,51211,1038240,0.049324818924333484
z500_brown_0.05,2,10,60.0,q1000,-0.000660258810967207,0.02496918849647045,48110,1038240,0.04633803359531515
z500_brown_0.05,2,11,66.0,u10m,-26.2734432220459,21.252391815185547,0,1038240,0.0
z500_brown_0.05,2,11,66.0,v10m,-22.94612693786621,20.623754501342773,0,1038240,0.0
z500_brown_0.05,2,11,66.0,u100m,-34.28507614135742,27.179031372070312,0,1038240,0.0
z500_brown_0.05,2,11,66.0,v100m,-29.786514282226562,26.6102352142334,0,1038240,0.0
z500_brown_0.05,2,11,66.0,t2m,200.74884033203125,320.67822265625,0,1038240,0.0
z500_brown_0.05,2,11,66.0,sp,49200.96484375,103822.7421875,0,1038240,0.0
z500_brown_0.05,2,11,66.0,msl,95511.671875,103770.171875,0,1038240,0.0
z500_brown_0.05,2,11,66.0,tcwv,-2.0742835998535156,77.11051177978516,32488,1038240,0.03129141624287255
z500_brown_0.05,2,11,66.0,u50,-28.87139892578125,69.73187255859375,0,1038240,0.0
z500_brown_0.05,2,11,66.0,u100,-30.096248626708984,58.69097137451172,0,1038240,0.0
z500_brown_0.05,2,11,66.0,u150,-34.10350036621094,69.39082336425781,0,1038240,0.0
z500_brown_0.05,2,11,66.0,u200,-35.23027801513672,84.58053588867188,0,1038240,0.0
z500_brown_0.05,2,11,66.0,u250,-37.07106018066406,81.63571166992188,0,1038240,0.0
z500_brown_0.05,2,11,66.0,u300,-32.85990524291992,77.08404541015625,0,1038240,0.0
z500_brown_0.05,2,11,66.0,u400,-31.129751205444336,64.38385772705078,0,1038240,0.0
z500_brown_0.05,2,11,66.0,u500,-32.12075424194336,54.21927261352539,0,1038240,0.0
z500_brown_0.05,2,11,66.0,u600,-27.992219924926758,44.11024475097656,0,1038240,0.0
z500_brown_0.05,2,11,66.0,u700,-30.618305206298828,36.44316101074219,0,1038240,0.0
z500_brown_0.05,2,11,66.0,u850,-44.01600646972656,33.085113525390625,0,1038240,0.0
z500_brown_0.05,2,11,66.0,u925,-40.42714309692383,33.224910736083984,0,1038240,0.0
z500_brown_0.05,2,11,66.0,u1000,-26.446147918701172,22.5814151763916,0,1038240,0.0
z500_brown_0.05,2,11,66.0,v50,-22.917593002319336,19.761728286743164,0,1038240,0.0
z500_brown_0.05,2,11,66.0,v100,-24.900611877441406,20.1859073638916,0,1038240,0.0
z500_brown_0.05,2,11,66.0,v150,-34.45843505859375,33.13718795776367,0,1038240,0.0
z500_brown_0.05,2,11,66.0,v200,-46.59857940673828,41.93075180053711,0,1038240,0.0
z500_brown_0.05,2,11,66.0,v250,-56.07465362548828,46.3566780090332,0,1038240,0.0
z500_brown_0.05,2,11,66.0,v300,-55.100830078125,51.960384368896484,0,1038240,0.0
z500_brown_0.05,2,11,66.0,v400,-52.98294448852539,54.27941131591797,0,1038240,0.0
z500_brown_0.05,2,11,66.0,v500,-44.395301818847656,47.3673210144043,0,1038240,0.0
z500_brown_0.05,2,11,66.0,v600,-37.43449783325195,37.32497024536133,0,1038240,0.0
z500_brown_0.05,2,11,66.0,v700,-31.298995971679688,30.75717544555664,0,1038240,0.0
z500_brown_0.05,2,11,66.0,v850,-31.973785400390625,31.86615753173828,0,1038240,0.0
z500_brown_0.05,2,11,66.0,v925,-30.18179702758789,35.03059005737305,0,1038240,0.0
z500_brown_0.05,2,11,66.0,v1000,-23.524532318115234,21.07632064819336,0,1038240,0.0
z500_brown_0.05,2,11,66.0,z50,176673.46875,208390.109375,0,1038240,0.0
z500_brown_0.05,2,11,66.0,z100,140170.8125,166117.59375,0,1038240,0.0
z500_brown_0.05,2,11,66.0,z150,117406.171875,142017.609375,0,1038240,0.0
z500_brown_0.05,2,11,66.0,z200,100561.3515625,123870.265625,0,1038240,0.0
z500_brown_0.05,2,11,66.0,z250,87302.8515625,109097.3828125,0,1038240,0.0
z500_brown_0.05,2,11,66.0,z300,76424.015625,96599.265625,0,1038240,0.0
z500_brown_0.05,2,11,66.0,z400,58888.37890625,75777.765625,0,1038240,0.0
z500_brown_0.05,2,11,66.0,z500,44505.63671875,58801.46484375,0,1038240,0.0
z500_brown_0.05,2,11,66.0,z600,32428.111328125,44484.36328125,0,1038240,0.0
z500_brown_0.05,2,11,66.0,z700,21968.7421875,32262.275390625,0,1038240,0.0
z500_brown_0.05,2,11,66.0,z850,8344.4267578125,16506.84765625,0,1038240,0.0
z500_brown_0.05,2,11,66.0,z925,2318.90087890625,9479.59765625,0,1038240,0.0
z500_brown_0.05,2,11,66.0,z1000,-3382.40771484375,3037.56884765625,0,1038240,0.0
z500_brown_0.05,2,11,66.0,t50,180.24986267089844,235.97715759277344,0,1038240,0.0
z500_brown_0.05,2,11,66.0,t100,187.4392547607422,237.4972686767578,0,1038240,0.0
z500_brown_0.05,2,11,66.0,t150,191.12283325195312,242.234375,0,1038240,0.0
z500_brown_0.05,2,11,66.0,t200,192.68446350097656,241.98812866210938,0,1038240,0.0
z500_brown_0.05,2,11,66.0,t250,198.54556274414062,243.4613037109375,0,1038240,0.0
z500_brown_0.05,2,11,66.0,t300,203.04501342773438,250.78416442871094,0,1038240,0.0
z500_brown_0.05,2,11,66.0,t400,212.82400512695312,264.82110595703125,0,1038240,0.0
z500_brown_0.05,2,11,66.0,t500,218.82431030273438,275.8131408691406,0,1038240,0.0
z500_brown_0.05,2,11,66.0,t600,212.98606872558594,288.65008544921875,0,1038240,0.0
z500_brown_0.05,2,11,66.0,t700,211.92813110351562,299.713623046875,0,1038240,0.0
z500_brown_0.05,2,11,66.0,t850,219.65695190429688,310.1116027832031,0,1038240,0.0
z500_brown_0.05,2,11,66.0,t925,223.27365112304688,315.3741455078125,0,1038240,0.0
z500_brown_0.05,2,11,66.0,t1000,226.81991577148438,320.3282165527344,0,1038240,0.0
z500_brown_0.05,2,11,66.0,q50,4.338912731327582e-07,2.0241654965502676e-06,0,1038240,0.0
z500_brown_0.05,2,11,66.0,q100,1.0239235734843533e-06,5.295308710628888e-06,0,1038240,0.0
z500_brown_0.05,2,11,66.0,q150,4.956609700457193e-08,4.0453101973980665e-05,0,1038240,0.0
z500_brown_0.05,2,11,66.0,q200,-8.068176612141542e-06,0.00020994241640437394,8810,1038240,0.008485513946678996
z500_brown_0.05,2,11,66.0,q250,-1.2834174413001165e-05,0.0006773648201487958,16723,1038240,0.016107065803667744
z500_brown_0.05,2,11,66.0,q300,-2.2600230295211077e-05,0.001600047922693193,16977,1038240,0.016351710587147482
z500_brown_0.05,2,11,66.0,q400,-6.989555549807847e-05,0.004404984414577484,27771,1038240,0.026748150716597318
z500_brown_0.05,2,11,66.0,q500,-6.520829629153013e-05,0.007663395255804062,14820,1038240,0.014274156264447526
z500_brown_0.05,2,11,66.0,q600,-0.0002546057803556323,0.009686902165412903,17322,1038240,0.016684003698566804
z500_brown_0.05,2,11,66.0,q700,-0.00039326027035713196,0.01259792409837246,39524,1038240,0.03806826937894899
z500_brown_0.05,2,11,66.0,q850,-0.000602206215262413,0.018589019775390625,41918,1038240,0.04037409462166744
z500_brown_0.05,2,11,66.0,q925,-0.0005600238218903542,0.020336277782917023,49080,1038240,0.04727230698104484
z500_brown_0.05,2,11,66.0,q1000,-0.000627854373306036,0.025458509102463722,43669,1038240,0.042060602558175376
z500_brown_0.05,2,12,72.0,u10m,-21.65365219116211,22.058847427368164,0,1038240,0.0
z500_brown_0.05,2,12,72.0,v10m,-23.00748634338379,19.225690841674805,0,1038240,0.0
z500_brown_0.05,2,12,72.0,u100m,-27.654279708862305,27.996475219726562,0,1038240,0.0
z500_brown_0.05,2,12,72.0,v100m,-29.67923355102539,24.53534507751465,0,1038240,0.0
z500_brown_0.05,2,12,72.0,t2m,201.7516632080078,319.8931579589844,0,1038240,0.0
z500_brown_0.05,2,12,72.0,sp,49075.38671875,103812.625,0,1038240,0.0
z500_brown_0.05,2,12,72.0,msl,95868.25,103767.625,0,1038240,0.0
z500_brown_0.05,2,12,72.0,tcwv,-2.1056652069091797,76.04112243652344,34951,1038240,0.03366370010787487
z500_brown_0.05,2,12,72.0,u50,-30.345043182373047,68.18663787841797,0,1038240,0.0
z500_brown_0.05,2,12,72.0,u100,-30.724990844726562,58.08200454711914,0,1038240,0.0
z500_brown_0.05,2,12,72.0,u150,-33.601783752441406,69.084716796875,0,1038240,0.0
z500_brown_0.05,2,12,72.0,u200,-36.29966735839844,84.3806381225586,0,1038240,0.0
z500_brown_0.05,2,12,72.0,u250,-36.98664474487305,84.77357482910156,0,1038240,0.0
z500_brown_0.05,2,12,72.0,u300,-33.30674743652344,78.05791473388672,0,1038240,0.0
z500_brown_0.05,2,12,72.0,u400,-36.62492370605469,62.666908264160156,0,1038240,0.0
z500_brown_0.05,2,12,72.0,u500,-39.54342269897461,53.34065628051758,0,1038240,0.0
z500_brown_0.05,2,12,72.0,u600,-35.20232009887695,44.2856559753418,0,1038240,0.0
z500_brown_0.05,2,12,72.0,u700,-28.733978271484375,38.02277755737305,0,1038240,0.0
z500_brown_0.05,2,12,72.0,u850,-36.528987884521484,32.30252456665039,0,1038240,0.0
z500_brown_0.05,2,12,72.0,u925,-35.78779983520508,34.452632904052734,0,1038240,0.0
z500_brown_0.05,2,12,72.0,u1000,-21.687326431274414,22.296295166015625,0,1038240,0.0
z500_brown_0.05,2,12,72.0,v50,-23.405824661254883,20.537933349609375,0,1038240,0.0
z500_brown_0.05,2,12,72.0,v100,-23.98410987854004,21.037321090698242,0,1038240,0.0
z500_brown_0.05,2,12,72.0,v150,-35.84282302856445,34.87943649291992,0,1038240,0.0
z500_brown_0.05,2,12,72.0,v200,-45.605918884277344,42.56822967529297,0,1038240,0.0
z500_brown_0.05,2,12,72.0,v250,-56.24706268310547,47.9852294921875,0,1038240,0.0
z500_brown_0.05,2,12,72.0,v300,-56.70911407470703,50.04814910888672,0,1038240,0.0
z500_brown_0.05,2,12,72.0,v400,-52.02521896362305,50.26224136352539,0,1038240,0.0
z500_brown_0.05,2,12,72.0,v500,-42.99053955078125,44.56063461303711,0,1038240,0.0
z500_brown_0.05,2,12,72.0,v600,-36.08087921142578,34.25515365600586,0,1038240,0.0
z500_brown_0.05,2,12,72.0,v700,-27.911298751831055,29.94561195373535,0,1038240,0.0
z500_brown_0.05,2,12,72.0,v850,-30.47197914123535,29.907817840576172,0,1038240,0.0
z500_brown_0.05,2,12,72.0,v925,-29.94021987915039,31.089570999145508,0,1038240,0.0
z500_brown_0.05,2,12,72.0,v1000,-23.304777145385742,21.18222999572754,0,1038240,0.0
z500_brown_0.05,2,12,72.0,z50,176626.21875,208406.828125,0,1038240,0.0
z500_brown_0.05,2,12,72.0,z100,140172.40625,165984.09375,0,1038240,0.0
z500_brown_0.05,2,12,72.0,z150,117387.5703125,141840.1875,0,1038240,0.0
z500_brown_0.05,2,12,72.0,z200,100534.3203125,123849.859375,0,1038240,0.0
z500_brown_0.05,2,12,72.0,z250,87278.0,109245.34375,0,1038240,0.0
z500_brown_0.05,2,12,72.0,z300,76401.75,96712.1875,0,1038240,0.0
z500_brown_0.05,2,12,72.0,z400,59056.515625,75815.65625,0,1038240,0.0
z500_brown_0.05,2,12,72.0,z500,44646.4375,58792.16015625,0,1038240,0.0
z500_brown_0.05,2,12,72.0,z600,32607.181640625,44528.73828125,0,1038240,0.0
z500_brown_0.05,2,12,72.0,z700,22218.1640625,32297.599609375,0,1038240,0.0
z500_brown_0.05,2,12,72.0,z850,8614.3369140625,16515.322265625,0,1038240,0.0
z500_brown_0.05,2,12,72.0,z925,2575.32080078125,9474.904296875,0,1038240,0.0
z500_brown_0.05,2,12,72.0,z1000,-3137.4638671875,3037.50244140625,0,1038240,0.0
z500_brown_0.05,2,12,72.0,t50,179.99032592773438,236.09823608398438,0,1038240,0.0
z500_brown_0.05,2,12,72.0,t100,186.8465118408203,238.1068115234375,0,1038240,0.0
z500_brown_0.05,2,12,72.0,t150,191.222900390625,242.7285919189453,0,1038240,0.0
z500_brown_0.05,2,12,72.0,t200,191.8973846435547,242.79193115234375,0,1038240,0.0
z500_brown_0.05,2,12,72.0,t250,198.09312438964844,243.78500366210938,0,1038240,0.0
z500_brown_0.05,2,12,72.0,t300,202.10328674316406,250.8361358642578,0,1038240,0.0
z500_brown_0.05,2,12,72.0,t400,212.16041564941406,264.22467041015625,0,1038240,0.0
z500_brown_0.05,2,12,72.0,t500,218.93478393554688,274.6339416503906,0,1038240,0.0
z500_brown_0.05,2,12,72.0,t600,211.5172576904297,286.47705078125,0,1038240,0.0
z500_brown_0.05,2,12,72.0,t700,210.66180419921875,294.94390869140625,0,1038240,0.0
z500_brown_0.05,2,12,72.0,t850,218.5525360107422,310.00335693359375,0,1038240,0.0
z500_brown_0.05,2,12,72.0,t925,222.14976501464844,315.15814208984375,0,1038240,0.0
z500_brown_0.05,2,12,72.0,t1000,225.68927001953125,320.020263671875,0,1038240,0.0
z500_brown_0.05,2,12,72.0,q50,4.6198010750231333e-07,2.033059445238905e-06,0,1038240,0.0
z500_brown_0.05,2,12,72.0,q100,1.0747689884738065e-06,5.086761120765004e-06,0,1038240,0.0
z500_brown_0.05,2,12,72.0,q150,3.1583795134793036e-07,3.4325563319725916e-05,0,1038240,0.0
z500_brown_0.05,2,12,72.0,q200,-7.1274262154474854e-06,0.00019773862732108682,9516,1038240,0.00916551086453999
z500_brown_0.05,2,12,72.0,q250,-1.1717227607732639e-05,0.000678952201269567,17939,1038240,0.017278278625366003
z500_brown_0.05,2,12,72.0,q300,-1.9623359548859298e-05,0.0016000476898625493,19465,1038240,0.018748073663122207
z500_brown_0.05,2,12,72.0,q400,-4.680908750742674e-05,0.00433892710134387,25772,1038240,0.024822777007243026
z500_brown_0.05,2,12,72.0,q500,-8.606491610407829e-05,0.007322140969336033,13954,1038240,0.013440052396363075
z500_brown_0.05,2,12,72.0,q600,-0.00017823581583797932,0.009901545010507107,17300,1038240,0.016662813992911082
z500_brown_0.05,2,12,72.0,q700,-0.0004140213131904602,0.0125841423869133,29806,1038240,0.02870819848975189
z500_brown_0.05,2,12,72.0,q850,-0.000637400895357132,0.018344033509492874,36550,1038240,0.03520380644167052
z500_brown_0.05,2,12,72.0,q925,-0.0006146826781332493,0.020561786368489265,41944,1038240,0.04039913700107875
z500_brown_0.05,2,12,72.0,q1000,-0.0006679375655949116,0.02579033374786377,39644,1038240,0.03818384959161658
z500_brown_0.05,2,13,78.0,u10m,-18.387990951538086,20.7365779876709,0,1038240,0.0
z500_brown_0.05,2,13,78.0,v10m,-24.461036682128906,18.100522994995117,0,1038240,0.0
z500_brown_0.05,2,13,78.0,u100m,-24.860082626342773,25.97200584411621,0,1038240,0.0
z500_brown_0.05,2,13,78.0,v100m,-31.015865325927734,22.203060150146484,0,1038240,0.0
z500_brown_0.05,2,13,78.0,t2m,202.07998657226562,315.7252197265625,0,1038240,0.0
z500_brown_0.05,2,13,78.0,sp,49087.50390625,103749.6640625,0,1038240,0.0
z500_brown_0.05,2,13,78.0,msl,95966.1171875,103701.1953125,0,1038240,0.0
z500_brown_0.05,2,13,78.0,tcwv,-2.065776824951172,75.68456268310547,34675,1038240,0.033397865618739406
z500_brown_0.05,2,13,78.0,u50,-32.18400955200195,68.69671630859375,0,1038240,0.0
z500_brown_0.05,2,13,78.0,u100,-30.955158233642578,57.09803771972656,0,1038240,0.0
z500_brown_0.05,2,13,78.0,u150,-34.56764221191406,69.34185028076172,0,1038240,0.0
z500_brown_0.05,2,13,78.0,u200,-37.089393615722656,84.6452865600586,0,1038240,0.0
z500_brown_0.05,2,13,78.0,u250,-37.74016571044922,83.6910400390625,0,1038240,0.0
z500_brown_0.05,2,13,78.0,u300,-33.60441207885742,78.25143432617188,0,1038240,0.0
z500_brown_0.05,2,13,78.0,u400,-36.21184539794922,61.68183135986328,0,1038240,0.0
z500_brown_0.05,2,13,78.0,u500,-40.87283706665039,53.92195129394531,0,1038240,0.0
z500_brown_0.05,2,13,78.0,u600,-37.919715881347656,46.733089447021484,0,1038240,0.0
z500_brown_0.05,2,13,78.0,u700,-30.893600463867188,39.64849090576172,0,1038240,0.0
z500_brown_0.05,2,13,78.0,u850,-30.24114227294922,34.395198822021484,0,1038240,0.0
z500_brown_0.05,2,13,78.0,u925,-29.871248245239258,33.02708435058594,0,1038240,0.0
z500_brown_0.05,2,13,78.0,u1000,-20.760805130004883,23.98457145690918,0,1038240,0.0
z500_brown_0.05,2,13,78.0,v50,-23.674983978271484,19.460533142089844,0,1038240,0.0
z500_brown_0.05,2,13,78.0,v100,-22.033069610595703,21.275888442993164,0,1038240,0.0
z500_brown_0.05,2,13,78.0,v150,-35.11928939819336,35.73898696899414,0,1038240,0.0
z500_brown_0.05,2,13,78.0,v200,-44.61042404174805,43.79917907714844,0,1038240,0.0
z500_brown_0.05,2,13,78.0,v250,-56.287071228027344,45.20854568481445,0,1038240,0.0
z500_brown_0.05,2,13,78.0,v300,-56.099327087402344,48.66463851928711,0,1038240,0.0
z500_brown_0.05,2,13,78.0,v400,-58.75052261352539,49.43291473388672,0,1038240,0.0
z500_brown_0.05,2,13,78.0,v500,-49.99045181274414,42.55751037597656,0,1038240,0.0
z500_brown_0.05,2,13,78.0,v600,-35.38555908203125,33.22342300415039,0,1038240,0.0
z500_brown_0.05,2,13,78.0,v700,-28.890989303588867,28.100536346435547,0,1038240,0.0
z500_brown_0.05,2,13,78.0,v850,-33.457313537597656,28.443622589111328,0,1038240,0.0
z500_brown_0.05,2,13,78.0,v925,-32.248355865478516,28.486181259155273,0,1038240,0.0
z500_brown_0.05,2,13,78.0,v1000,-24.847862243652344,20.342601776123047,0,1038240,0.0
z500_brown_0.05,2,13,78.0,z50,176677.96875,208518.765625,0,1038240,0.0
z500_brown_0.05,2,13,78.0,z100,140155.8125,166097.59375,0,1038240,0.0
z500_brown_0.05,2,13,78.0,z150,117353.578125,141982.53125,0,1038240,0.0
z500_brown_0.05,2,13,78.0,z200,100519.203125,123841.53125,0,1038240,0.0
z500_brown_0.05,2,13,78.0,z250,87260.8203125,109249.1640625,0,1038240,0.0
z500_brown_0.05,2,13,78.0,z300,76401.6953125,96734.234375,0,1038240,0.0
z500_brown_0.05,2,13,78.0,z400,59120.49609375,75869.25,0,1038240,0.0
z500_brown_0.05,2,13,78.0,z500,44742.5703125,58859.62890625,0,1038240,0.0
z500_brown_0.05,2,13,78.0,z600,32722.6328125,44497.0,0,1038240,0.0
z500_brown_0.05,2,13,78.0,z700,22331.171875,32268.84375,0,1038240,0.0
z500_brown_0.05,2,13,78.0,z850,8704.5,16462.767578125,0,1038240,0.0
z500_brown_0.05,2,13,78.0,z925,2698.5419921875,9413.28515625,0,1038240,0.0
z500_brown_0.05,2,13,78.0,z1000,-3193.341796875,2982.51025390625,0,1038240,0.0
z500_brown_0.05,2,13,78.0,t50,179.90728759765625,236.4052734375,0,1038240,0.0
z500_brown_0.05,2,13,78.0,t100,185.83787536621094,238.5470428466797,0,1038240,0.0
z500_brown_0.05,2,13,78.0,t150,189.01123046875,243.6837921142578,0,1038240,0.0
z500_brown_0.05,2,13,78.0,t200,191.81129455566406,243.7850799560547,0,1038240,0.0
z500_brown_0.05,2,13,78.0,t250,197.91189575195312,243.9348907470703,0,1038240,0.0
z500_brown_0.05,2,13,78.0,t300,201.85015869140625,250.60330200195312,0,1038240,0.0
z500_brown_0.05,2,13,78.0,t400,211.98959350585938,264.5479431152344,0,1038240,0.0
z500_brown_0.05,2,13,78.0,t500,218.87396240234375,276.1116638183594,0,1038240,0.0
z500_brown_0.05,2,13,78.0,t600,210.0165252685547,288.2569274902344,0,1038240,0.0
z500_brown_0.05,2,13,78.0,t700,211.3378143310547,299.50909423828125,0,1038240,0.0
z500_brown_0.05,2,13,78.0,t850,219.10009765625,311.91436767578125,0,1038240,0.0
z500_brown_0.05,2,13,78.0,t925,222.766845703125,316.7385559082031,0,1038240,0.0
z500_brown_0.05,2,13,78.0,t1000,226.27386474609375,321.6739501953125,0,1038240,0.0
z500_brown_0.05,2,13,78.0,q50,4.947512479702709e-07,2.0408829186635558e-06,0,1038240,0.0
z500_brown_0.05,2,13,78.0,q100,1.0729193036240758e-06,4.899254236079287e-06,0,1038240,0.0
z500_brown_0.05,2,13,78.0,q150,2.7898431653738953e-07,3.554849172360264e-05,0,1038240,0.0
z500_brown_0.05,2,13,78.0,q200,-7.354952686000615e-06,0.00019882124615833163,9163,1038240,0.008825512405609493
z500_brown_0.05,2,13,78.0,q250,-9.39269011723809e-06,0.0006857964326627553,20283,1038240,0.01953594544613962
z500_brown_0.05,2,13,78.0,q300,-2.0959647372364998e-05,0.001594112254679203,21244,1038240,0.020461550315919248
z500_brown_0.05,2,13,78.0,q400,-5.2708404837176204e-05,0.004207972902804613,27909,1038240,0.02688106796116505
z500_brown_0.05,2,13,78.0,q500,-0.00010181317338719964,0.007791442796587944,12899,1038240,0.012423909693327169
z500_brown_0.05,2,13,78.0,q600,-0.00018054607789963484,0.011304609477519989,14849,1038240,0.014302088149175527
z500_brown_0.05,2,13,78.0,q700,-0.0003771453630179167,0.013423433527350426,36360,1038240,0.035020804438280165
z500_brown_0.05,2,13,78.0,q850,-0.0006227218545973301,0.018338926136493683,42401,1038240,0.04083930497765449
z500_brown_0.05,2,13,78.0,q925,-0.0005969158373773098,0.021108780056238174,50560,1038240,0.048697796270611805
z500_brown_0.05,2,13,78.0,q1000,-0.0006641256622970104,0.025698749348521233,41985,1038240,0.04043862690707351
z500_brown_0.05,2,14,84.0,u10m,-22.18124771118164,19.184295654296875,0,1038240,0.0
z500_brown_0.05,2,14,84.0,v10m,-23.249887466430664,16.54888153076172,0,1038240,0.0
z500_brown_0.05,2,14,84.0,u100m,-29.076778411865234,24.329444885253906,0,1038240,0.0
z500_brown_0.05,2,14,84.0,v100m,-29.983665466308594,23.415241241455078,0,1038240,0.0
z500_brown_0.05,2,14,84.0,t2m,201.55673217773438,321.3636779785156,0,1038240,0.0
z500_brown_0.05,2,14,84.0,sp,48971.96484375,103732.4609375,0,1038240,0.0
z500_brown_0.05,2,14,84.0,msl,95803.953125,103694.2109375,0,1038240,0.0
z500_brown_0.05,2,14,84.0,tcwv,-2.1456527709960938,76.09609985351562,33331,1038240,0.032103367236862385
z500_brown_0.05,2,14,84.0,u50,-30.275142669677734,68.38188171386719,0,1038240,0.0
z500_brown_0.05,2,14,84.0,u100,-30.71662139892578,56.3402214050293,0,1038240,0.0
z500_brown_0.05,2,14,84.0,u150,-35.64801788330078,69.04652404785156,0,1038240,0.0
z500_brown_0.05,2,14,84.0,u200,-37.058738708496094,86.13016510009766,0,1038240,0.0
z500_brown_0.05,2,14,84.0,u250,-37.17892837524414,85.90316772460938,0,1038240,0.0
z500_brown_0.05,2,14,84.0,u300,-33.20024490356445,80.18025207519531,0,1038240,0.0
z500_brown_0.05,2,14,84.0,u400,-41.295257568359375,60.46943664550781,0,1038240,0.0
z500_brown_0.05,2,14,84.0,u500,-37.169334411621094,55.61250305175781,0,1038240,0.0
z500_brown_0.05,2,14,84.0,u600,-33.984745025634766,48.34185028076172,0,1038240,0.0
z500_brown_0.05,2,14,84.0,u700,-28.438114166259766,39.68621826171875,0,1038240,0.0
z500_brown_0.05,2,14,84.0,u850,-32.17179870605469,37.18919372558594,0,1038240,0.0
z500_brown_0.05,2,14,84.0,u925,-34.33371353149414,31.190366744995117,0,1038240,0.0
z500_brown_0.05,2,14,84.0,u1000,-21.460350036621094,22.19184112548828,0,1038240,0.0
z500_brown_0.05,2,14,84.0,v50,-24.459543228149414,20.05279541015625,0,1038240,0.0
z500_brown_0.05,2,14,84.0,v100,-21.1175479888916,22.1129207611084,0,1038240,0.0
z500_brown_0.05,2,14,84.0,v150,-35.38884735107422,37.18178939819336,0,1038240,0.0
z500_brown_0.05,2,14,84.0,v200,-45.10590362548828,47.10662841796875,0,1038240,0.0
z500_brown_0.05,2,14,84.0,v250,-53.16209030151367,46.22655487060547,0,1038240,0.0
z500_brown_0.05,2,14,84.0,v300,-57.16841506958008,46.669227600097656,0,1038240,0.0
z500_brown_0.05,2,14,84.0,v400,-60.621376037597656,47.11911392211914,0,1038240,0.0
z500_brown_0.05,2,14,84.0,v500,-52.055511474609375,43.48509979248047,0,1038240,0.0
z500_brown_0.05,2,14,84.0,v600,-39.127498626708984,37.11470413208008,0,1038240,0.0
z500_brown_0.05,2,14,84.0,v700,-31.50848388671875,31.36867904663086,0,1038240,0.0
z500_brown_0.05,2,14,84.0,v850,-34.82762908935547,26.242496490478516,0,1038240,0.0
z500_brown_0.05,2,14,84.0,v925,-31.161846160888672,28.10452651977539,0,1038240,0.0
z500_brown_0.05,2,14,84.0,v1000,-23.653688430786133,19.422428131103516,0,1038240,0.0
z500_brown_0.05,2,14,84.0,z50,176611.28125,208636.640625,0,1038240,0.0
z500_brown_0.05,2,14,84.0,z100,140194.078125,166212.953125,0,1038240,0.0
z500_brown_0.05,2,14,84.0,z150,117401.9921875,142215.40625,0,1038240,0.0
z500_brown_0.05,2,14,84.0,z200,100572.7421875,123945.140625,0,1038240,0.0
z500_brown_0.05,2,14,84.0,z250,87325.8671875,109058.4921875,0,1038240,0.0
z500_brown_0.05,2,14,84.0,z300,76471.1953125,96554.6015625,0,1038240,0.0
z500_brown_0.05,2,14,84.0,z400,59185.5625,75717.1328125,0,1038240,0.0
z500_brown_0.05,2,14,84.0,z500,44980.35546875,58740.51953125,0,1038240,0.0
z500_brown_0.05,2,14,84.0,z600,32926.65234375,44464.84765625,0,1038240,0.0
z500_brown_0.05,2,14,84.0,z700,22552.359375,32250.037109375,0,1038240,0.0
z500_brown_0.05,2,14,84.0,z850,8821.83203125,16459.0390625,0,1038240,0.0
z500_brown_0.05,2,14,84.0,z925,2574.54345703125,9405.1943359375,0,1038240,0.0
z500_brown_0.05,2,14,84.0,z1000,-3253.62890625,2975.25,0,1038240,0.0
z500_brown_0.05,2,14,84.0,t50,179.2227325439453,236.7451934814453,0,1038240,0.0
z500_brown_0.05,2,14,84.0,t100,184.41094970703125,239.0568084716797,0,1038240,0.0
z500_brown_0.05,2,14,84.0,t150,187.42787170410156,243.64898681640625,0,1038240,0.0
z500_brown_0.05,2,14,84.0,t200,192.4471893310547,243.67283630371094,0,1038240,0.0
z500_brown_0.05,2,14,84.0,t250,197.72512817382812,244.5058135986328,0,1038240,0.0
z500_brown_0.05,2,14,84.0,t300,202.40943908691406,251.08450317382812,0,1038240,0.0
z500_brown_0.05,2,14,84.0,t400,211.895263671875,265.87506103515625,0,1038240,0.0
z500_brown_0.05,2,14,84.0,t500,218.83432006835938,278.49139404296875,0,1038240,0.0
z500_brown_0.05,2,14,84.0,t600,210.92124938964844,290.8888244628906,0,1038240,0.0
z500_brown_0.05,2,14,84.0,t700,212.9621124267578,302.6070861816406,0,1038240,0.0
z500_brown_0.05,2,14,84.0,t850,220.8769989013672,313.1601257324219,0,1038240,0.0
z500_brown_0.05,2,14,84.0,t925,224.47337341308594,318.101806640625,0,1038240,0.0
z500_brown_0.05,2,14,84.0,t1000,228.0279998779297,323.11358642578125,0,1038240,0.0
z500_brown_0.05,2,14,84.0,q50,5.277549917082069e-07,2.045665723926504e-06,0,1038240,0.0
z500_brown_0.05,2,14,84.0,q100,1.0337452067687991e-06,4.727223767986288e-06,0,1038240,0.0
z500_brown_0.05,2,14,84.0,q150,3.1967829272616655e-07,4.46165977336932e-05,0,1038240,0.0
z500_brown_0.05,2,14,84.0,q200,-6.425812898669392e-06,0.00022801040904596448,9547,1038240,0.009195369086145785
z500_brown_0.05,2,14,84.0,q250,-1.0419924365123734e-05,0.0006436690455302596,18806,1038240,0.018113345661889352
z500_brown_0.05,2,14,84.0,q300,-2.6227746275253594e-05,0.0015290990704670548,20447,1038240,0.019693905070118662
z500_brown_0.05,2,14,84.0,q400,-0.0001254871895071119,0.004113901872187853,28589,1038240,0.027536022499614732
z500_brown_0.05,2,14,84.0,q500,-0.00013362732715904713,0.007893585599958897,13865,1038240,0.01335433040530128
z500_brown_0.05,2,14,84.0,q600,-0.00017855316400527954,0.010161004960536957,13799,1038240,0.013290761288334103
z500_brown_0.05,2,14,84.0,q700,-0.00038263178430497646,0.013259891420602798,27821,1038240,0.026796309138542147
z500_brown_0.05,2,14,84.0,q850,-0.00047002173960208893,0.018566319718956947,40198,1038240,0.0387174449067653
z500_brown_0.05,2,14,84.0,q925,-0.0005056280642747879,0.021119477227330208,47746,1038240,0.04598744028355679
z500_brown_0.05,2,14,84.0,q1000,-0.0006324229761958122,0.0255328007042408,36712,1038240,0.03535983972877177
z500_brown_0.05,2,15,90.0,u10m,-24.766366958618164,19.265941619873047,0,1038240,0.0
z500_brown_0.05,2,15,90.0,v10m,-22.139381408691406,17.205623626708984,0,1038240,0.0
z500_brown_0.05,2,15,90.0,u100m,-31.820241928100586,23.486591339111328,0,1038240,0.0
z500_brown_0.05,2,15,90.0,v100m,-28.110214233398438,22.53519630432129,0,1038240,0.0
z500_brown_0.05,2,15,90.0,t2m,202.26544189453125,320.7996520996094,0,1038240,0.0
z500_brown_0.05,2,15,90.0,sp,49098.3203125,103695.5703125,0,1038240,0.0
z500_brown_0.05,2,15,90.0,msl,95364.5,103662.546875,0,1038240,0.0
z500_brown_0.05,2,15,90.0,tcwv,-2.122661590576172,78.32830047607422,29403,1038240,0.02832004160887656
z500_brown_0.05,2,15,90.0,u50,-29.979110717773438,69.49422454833984,0,1038240,0.0
z500_brown_0.05,2,15,90.0,u100,-31.816200256347656,56.758514404296875,0,1038240,0.0
z500_brown_0.05,2,15,90.0,u150,-39.79747009277344,71.1566390991211,0,1038240,0.0
z500_brown_0.05,2,15,90.0,u200,-35.577857971191406,86.3755111694336,0,1038240,0.0
z500_brown_0.05,2,15,90.0,u250,-36.570228576660156,86.28923034667969,0,1038240,0.0
z500_brown_0.05,2,15,90.0,u300,-44.056922912597656,80.7823486328125,0,1038240,0.0
z500_brown_0.05,2,15,90.0,u400,-43.585411071777344,58.66773986816406,0,1038240,0.0
z500_brown_0.05,2,15,90.0,u500,-37.151004791259766,53.63300323486328,0,1038240,0.0
z500_brown_0.05,2,15,90.0,u600,-28.425901412963867,46.66453170776367,0,1038240,0.0
z500_brown_0.05,2,15,90.0,u700,-29.104820251464844,38.563045501708984,0,1038240,0.0
z500_brown_0.05,2,15,90.0,u850,-36.925392150878906,37.4534912109375,0,1038240,0.0
z500_brown_0.05,2,15,90.0,u925,-37.89582061767578,31.492223739624023,0,1038240,0.0
z500_brown_0.05,2,15,90.0,u1000,-24.000774383544922,20.68415641784668,0,1038240,0.0
z500_brown_0.05,2,15,90.0,v50,-24.633892059326172,19.174123764038086,0,1038240,0.0
z500_brown_0.05,2,15,90.0,v100,-19.600849151611328,23.487300872802734,0,1038240,0.0
z500_brown_0.05,2,15,90.0,v150,-34.91359329223633,35.936546325683594,0,1038240,0.0
z500_brown_0.05,2,15,90.0,v200,-44.01982116699219,47.2933235168457,0,1038240,0.0
z500_brown_0.05,2,15,90.0,v250,-49.7199592590332,54.66036605834961,0,1038240,0.0
z500_brown_0.05,2,15,90.0,v300,-55.17472457885742,56.330162048339844,0,1038240,0.0
z500_brown_0.05,2,15,90.0,v400,-58.653629302978516,53.41617202758789,0,1038240,0.0
z500_brown_0.05,2,15,90.0,v500,-53.4953727722168,48.52728271484375,0,1038240,0.0
z500_brown_0.05,2,15,90.0,v600,-42.856502532958984,41.10892868041992,0,1038240,0.0
z500_brown_0.05,2,15,90.0,v700,-32.9655647277832,32.68095016479492,0,1038240,0.0
z500_brown_0.05,2,15,90.0,v850,-32.401817321777344,28.033676147460938,0,1038240,0.0
z500_brown_0.05,2,15,90.0,v925,-31.97348403930664,29.026382446289062,0,1038240,0.0
z500_brown_0.05,2,15,90.0,v1000,-22.340368270874023,20.828907012939453,0,1038240,0.0
z500_brown_0.05,2,15,90.0,z50,176574.390625,208560.8125,0,1038240,0.0
z500_brown_0.05,2,15,90.0,z100,140193.5,166325.5,0,1038240,0.0
z500_brown_0.05,2,15,90.0,z150,117391.6484375,142176.359375,0,1038240,0.0
z500_brown_0.05,2,15,90.0,z200,100554.59375,123893.015625,0,1038240,0.0
z500_brown_0.05,2,15,90.0,z250,87302.1640625,109183.984375,0,1038240,0.0
z500_brown_0.05,2,15,90.0,z300,76432.28125,96677.65625,0,1038240,0.0
z500_brown_0.05,2,15,90.0,z400,59150.09765625,75852.265625,0,1038240,0.0
z500_brown_0.05,2,15,90.0,z500,45196.296875,58840.83203125,0,1038240,0.0
z500_brown_0.05,2,15,90.0,z600,33109.6328125,44422.42578125,0,1038240,0.0
z500_brown_0.05,2,15,90.0,z700,22489.498046875,32181.107421875,0,1038240,0.0
z500_brown_0.05,2,15,90.0,z850,8422.9189453125,16411.923828125,0,1038240,0.0
z500_brown_0.05,2,15,90.0,z925,2209.6376953125,9366.6201171875,0,1038240,0.0
z500_brown_0.05,2,15,90.0,z1000,-3600.5478515625,2949.37890625,0,1038240,0.0
z500_brown_0.05,2,15,90.0,t50,179.0626983642578,237.15200805664062,0,1038240,0.0
z500_brown_0.05,2,15,90.0,t100,184.56146240234375,239.34535217285156,0,1038240,0.0
z500_brown_0.05,2,15,90.0,t150,187.05421447753906,244.16163635253906,0,1038240,0.0
z500_brown_0.05,2,15,90.0,t200,192.6864013671875,243.60446166992188,0,1038240,0.0
z500_brown_0.05,2,15,90.0,t250,197.71339416503906,244.51470947265625,0,1038240,0.0
z500_brown_0.05,2,15,90.0,t300,202.91519165039062,250.28575134277344,0,1038240,0.0
z500_brown_0.05,2,15,90.0,t400,211.847412109375,264.6305847167969,0,1038240,0.0
z500_brown_0.05,2,15,90.0,t500,218.27392578125,275.1575927734375,0,1038240,0.0
z500_brown_0.05,2,15,90.0,t600,209.42515563964844,287.32574462890625,0,1038240,0.0
z500_brown_0.05,2,15,90.0,t700,213.32809448242188,296.8949890136719,0,1038240,0.0
z500_brown_0.05,2,15,90.0,t850,221.92282104492188,308.9423828125,0,1038240,0.0
z500_brown_0.05,2,15,90.0,t925,225.548583984375,314.8816833496094,0,1038240,0.0
z500_brown_0.05,2,15,90.0,t1000,228.79891967773438,320.3773498535156,0,1038240,0.0
z500_brown_0.05,2,15,90.0,q50,5.621429863822414e-07,2.057491656159982e-06,0,1038240,0.0
z500_brown_0.05,2,15,90.0,q100,1.0260703220410505e-06,4.638427071768092e-06,0,1038240,0.0
z500_brown_0.05,2,15,90.0,q150,2.3388156478176825e-07,4.1265087929787114e-05,0,1038240,0.0
z500_brown_0.05,2,15,90.0,q200,-7.051379725453444e-06,0.0002171493979403749,10774,1038240,0.010377176760671906
z500_brown_0.05,2,15,90.0,q250,-1.220404010382481e-05,0.000694629386998713,19153,1038240,0.01844756511018647
z500_brown_0.05,2,15,90.0,q300,-3.680656664073467e-05,0.001531994785182178,21894,1038240,0.021087609801202035
z500_brown_0.05,2,15,90.0,q400,-6.490867235697806e-05,0.00429063756018877,32380,1038240,0.031187394051471723
z500_brown_0.05,2,15,90.0,q500,-8.931884076446295e-05,0.007617462892085314,11990,1038240,0.011548389582370165
z500_brown_0.05,2,15,90.0,q600,-0.00021245225798338652,0.00996722187846899,13796,1038240,0.013287871783017415
z500_brown_0.05,2,15,90.0,q700,-0.0004297776613384485,0.013128040358424187,36088,1038240,0.034758822622900296
z500_brown_0.05,2,15,90.0,q850,-0.0005024201236665249,0.01852526143193245,42967,1038240,0.04138445831406996
z500_brown_0.05,2,15,90.0,q925,-0.00045291241258382797,0.02070806734263897,52006,1038240,0.05009053783325628
z500_brown_0.05,2,15,90.0,q1000,-0.000612212810665369,0.025246303528547287,39714,1038240,0.038251271382339344
z500_brown_0.05,2,16,96.0,u10m,-22.394838333129883,19.989459991455078,0,1038240,0.0
z500_brown_0.05,2,16,96.0,v10m,-19.883848190307617,21.01830291748047,0,1038240,0.0
z500_brown_0.05,2,16,96.0,u100m,-28.640827178955078,24.104265213012695,0,1038240,0.0
z500_brown_0.05,2,16,96.0,v100m,-25.352998733520508,26.69748306274414,0,1038240,0.0
z500_brown_0.05,2,16,96.0,t2m,202.27943420410156,316.7962951660156,0,1038240,0.0
z500_brown_0.05,2,16,96.0,sp,48948.4453125,103664.6953125,0,1038240,0.0
z500_brown_0.05,2,16,96.0,msl,95235.5,103636.5625,0,1038240,0.0
z500_brown_0.05,2,16,96.0,tcwv,-2.453798294067383,76.39244842529297,34723,1038240,0.03344409770380644
z500_brown_0.05,2,16,96.0,u50,-30.209877014160156,69.10053253173828,0,1038240,0.0
z500_brown_0.05,2,16,96.0,u100,-30.909130096435547,57.24602508544922,0,1038240,0.0
z500_brown_0.05,2,16,96.0,u150,-40.000892639160156,73.22134399414062,0,1038240,0.0
z500_brown_0.05,2,16,96.0,u200,-34.85929870605469,85.2681655883789,0,1038240,0.0
z500_brown_0.05,2,16,96.0,u250,-34.635719299316406,86.83331298828125,0,1038240,0.0
z500_brown_0.05,2,16,96.0,u300,-38.21796798706055,80.227294921875,0,1038240,0.0
z500_brown_0.05,2,16,96.0,u400,-43.58325958251953,59.85393524169922,0,1038240,0.0
z500_brown_0.05,2,16,96.0,u500,-37.68650436401367,50.59008026123047,0,1038240,0.0
z500_brown_0.05,2,16,96.0,u600,-33.44563293457031,43.064632415771484,0,1038240,0.0
z500_brown_0.05,2,16,96.0,u700,-32.914093017578125,38.02512741088867,0,1038240,0.0
z500_brown_0.05,2,16,96.0,u850,-39.622962951660156,38.65991973876953,0,1038240,0.0
z500_brown_0.05,2,16,96.0,u925,-32.94864273071289,32.60763168334961,0,1038240,0.0
z500_brown_0.05,2,16,96.0,u1000,-21.927230834960938,20.93340301513672,0,1038240,0.0
z500_brown_0.05,2,16,96.0,v50,-23.913864135742188,21.14143180847168,0,1038240,0.0
z500_brown_0.05,2,16,96.0,v100,-18.385540008544922,25.453081130981445,0,1038240,0.0
z500_brown_0.05,2,16,96.0,v150,-34.388362884521484,37.46253967285156,0,1038240,0.0
z500_brown_0.05,2,16,96.0,v200,-42.64032745361328,50.716957092285156,0,1038240,0.0
z500_brown_0.05,2,16,96.0,v250,-47.43303680419922,61.608009338378906,0,1038240,0.0
z500_brown_0.05,2,16,96.0,v300,-52.76527786254883,63.61286926269531,0,1038240,0.0
z500_brown_0.05,2,16,96.0,v400,-56.66075134277344,54.83087158203125,0,1038240,0.0
z500_brown_0.05,2,16,96.0,v500,-50.81252670288086,51.57476806640625,0,1038240,0.0
z500_brown_0.05,2,16,96.0,v600,-39.959571838378906,45.04001998901367,0,1038240,0.0
z500_brown_0.05,2,16,96.0,v700,-32.44136428833008,35.27798080444336,0,1038240,0.0
z500_brown_0.05,2,16,96.0,v850,-30.329120635986328,30.87329864501953,0,1038240,0.0
z500_brown_0.05,2,16,96.0,v925,-30.428611755371094,30.503334045410156,0,1038240,0.0
z500_brown_0.05,2,16,96.0,v1000,-20.297576904296875,20.72416877746582,0,1038240,0.0
z500_brown_0.05,2,16,96.0,z50,176501.1875,208544.265625,0,1038240,0.0
z500_brown_0.05,2,16,96.0,z100,140204.09375,166159.578125,0,1038240,0.0
z500_brown_0.05,2,16,96.0,z150,117395.0546875,142007.359375,0,1038240,0.0
z500_brown_0.05,2,16,96.0,z200,100527.0,123880.2421875,0,1038240,0.0
z500_brown_0.05,2,16,96.0,z250,87272.46875,109250.5,0,1038240,0.0
z500_brown_0.05,2,16,96.0,z300,76420.46875,96699.625,0,1038240,0.0
z500_brown_0.05,2,16,96.0,z400,59186.59375,75769.1484375,0,1038240,0.0
z500_brown_0.05,2,16,96.0,z500,44984.9296875,58716.375,0,1038240,0.0
z500_brown_0.05,2,16,96.0,z600,32826.9453125,44410.49609375,0,1038240,0.0
z500_brown_0.05,2,16,96.0,z700,22191.50390625,32192.140625,0,1038240,0.0
z500_brown_0.05,2,16,96.0,z850,8248.1474609375,16418.474609375,0,1038240,0.0
z500_brown_0.05,2,16,96.0,z925,2101.1513671875,9367.064453125,0,1038240,0.0
z500_brown_0.05,2,16,96.0,z1000,-3675.08154296875,2931.8095703125,0,1038240,0.0
z500_brown_0.05,2,16,96.0,t50,179.53866577148438,237.2519073486328,0,1038240,0.0
z500_brown_0.05,2,16,96.0,t100,184.668212890625,239.8556365966797,0,1038240,0.0
z500_brown_0.05,2,16,96.0,t150,186.55755615234375,244.4228515625,0,1038240,0.0
z500_brown_0.05,2,16,96.0,t200,193.22354125976562,243.60411071777344,0,1038240,0.0
z500_brown_0.05,2,16,96.0,t250,197.8150177001953,244.79664611816406,0,1038240,0.0
z500_brown_0.05,2,16,96.0,t300,202.75201416015625,250.10208129882812,0,1038240,0.0
z500_brown_0.05,2,16,96.0,t400,211.2734375,264.161376953125,0,1038240,0.0
z500_brown_0.05,2,16,96.0,t500,218.173583984375,274.90509033203125,0,1038240,0.0
z500_brown_0.05,2,16,96.0,t600,208.36631774902344,284.6914367675781,0,1038240,0.0
z500_brown_0.05,2,16,96.0,t700,214.00433349609375,293.8095397949219,0,1038240,0.0
z500_brown_0.05,2,16,96.0,t850,222.56881713867188,310.34600830078125,0,1038240,0.0
z500_brown_0.05,2,16,96.0,t925,226.20957946777344,315.3374938964844,0,1038240,0.0
z500_brown_0.05,2,16,96.0,t1000,229.5462646484375,320.2736511230469,0,1038240,0.0
z500_brown_0.05,2,16,96.0,q50,5.96077597947442e-07,2.0758759546879446e-06,0,1038240,0.0
z500_brown_0.05,2,16,96.0,q100,1.028235374178621e-06,4.614560566551518e-06,0,1038240,0.0
z500_brown_0.05,2,16,96.0,q150,-5.069996404927224e-07,3.557562013156712e-05,8,1038240,7.705347511172755e-06
z500_brown_0.05,2,16,96.0,q200,-8.126800821628422e-06,0.0001929660065798089,13041,1038240,0.012560679611650485
z500_brown_0.05,2,16,96.0,q250,-1.3712280633626506e-05,0.0006738283555023372,17856,1038240,0.017198335644937588
z500_brown_0.05,2,16,96.0,q300,-3.3269752748310566e-05,0.0015620188787579536,21440,1038240,0.02065033132994298
z500_brown_0.05,2,16,96.0,q400,-5.098595283925533e-05,0.004197309724986553,24799,1038240,0.023885614116196642
z500_brown_0.05,2,16,96.0,q500,-0.00010057090548798442,0.007291039917618036,11161,1038240,0.010749922946524888
z500_brown_0.05,2,16,96.0,q600,-0.000262122368440032,0.009850659407675266,14140,1038240,0.013619201725997843
z500_brown_0.05,2,16,96.0,q700,-0.00044685392640531063,0.012753980234265327,31397,1038240,0.03024059947603637
z500_brown_0.05,2,16,96.0,q850,-0.000723730307072401,0.01879323087632656,43351,1038240,0.04175431499460626
z500_brown_0.05,2,16,96.0,q925,-0.0005413675680756569,0.021628547459840775,51881,1038240,0.049970141778394206
z500_brown_0.05,2,16,96.0,q1000,-0.0006039068102836609,0.0253019817173481,43888,1038240,0.04227153644629373
z500_brown_0.05,2,17,102.0,u10m,-20.662385940551758,20.738845825195312,0,1038240,0.0
z500_brown_0.05,2,17,102.0,v10m,-17.357847213745117,19.88210105895996,0,1038240,0.0
z500_brown_0.05,2,17,102.0,u100m,-26.38210678100586,26.5048885345459,0,1038240,0.0
z500_brown_0.05,2,17,102.0,v100m,-22.47544288635254,24.4432373046875,0,1038240,0.0
z500_brown_0.05,2,17,102.0,t2m,202.30874633789062,314.781494140625,0,1038240,0.0
z500_brown_0.05,2,17,102.0,sp,48938.73046875,103576.0625,0,1038240,0.0
z500_brown_0.05,2,17,102.0,msl,95314.2421875,103548.8125,0,1038240,0.0
z500_brown_0.05,2,17,102.0,tcwv,-2.5171642303466797,77.00011444091797,38957,1038240,0.03752215287409462
z500_brown_0.05,2,17,102.0,u50,-31.53696060180664,70.68572235107422,0,1038240,0.0
z500_brown_0.05,2,17,102.0,u100,-30.684429168701172,58.747047424316406,0,1038240,0.0
z500_brown_0.05,2,17,102.0,u150,-39.98808288574219,73.91691589355469,0,1038240,0.0
z500_brown_0.05,2,17,102.0,u200,-34.03144836425781,85.76325225830078,0,1038240,0.0
z500_brown_0.05,2,17,102.0,u250,-37.241947174072266,87.39253234863281,0,1038240,0.0
z500_brown_0.05,2,17,102.0,u300,-41.08624267578125,79.7762680053711,0,1038240,0.0
z500_brown_0.05,2,17,102.0,u400,-40.182708740234375,59.56095886230469,0,1038240,0.0
z500_brown_0.05,2,17,102.0,u500,-40.61128616333008,49.11719512939453,0,1038240,0.0
z500_brown_0.05,2,17,102.0,u600,-35.76948165893555,40.760807037353516,0,1038240,0.0
z500_brown_0.05,2,17,102.0,u700,-32.56562042236328,37.577857971191406,0,1038240,0.0
z500_brown_0.05,2,17,102.0,u850,-34.720672607421875,36.806941986083984,0,1038240,0.0
z500_brown_0.05,2,17,102.0,u925,-32.81882858276367,32.32622528076172,0,1038240,0.0
z500_brown_0.05,2,17,102.0,u1000,-20.470476150512695,20.67710304260254,0,1038240,0.0
z500_brown_0.05,2,17,102.0,v50,-23.7762393951416,21.9028377532959,0,1038240,0.0
z500_brown_0.05,2,17,102.0,v100,-19.263084411621094,26.75691795349121,0,1038240,0.0
z500_brown_0.05,2,17,102.0,v150,-35.95782470703125,35.228248596191406,0,1038240,0.0
z500_brown_0.05,2,17,102.0,v200,-41.74345016479492,51.45758056640625,0,1038240,0.0
z500_brown_0.05,2,17,102.0,v250,-44.71194839477539,59.59308624267578,0,1038240,0.0
z500_brown_0.05,2,17,102.0,v300,-47.536136627197266,64.53782653808594,0,1038240,0.0
z500_brown_0.05,2,17,102.0,v400,-50.93147277832031,58.01352310180664,0,1038240,0.0
z500_brown_0.05,2,17,102.0,v500,-46.99772644042969,49.20758819580078,0,1038240,0.0
z500_brown_0.05,2,17,102.0,v600,-37.90874481201172,42.95270538330078,0,1038240,0.0
z500_brown_0.05,2,17,102.0,v700,-30.808143615722656,34.14308166503906,0,1038240,0.0
z500_brown_0.05,2,17,102.0,v850,-29.13640594482422,31.06294059753418,0,1038240,0.0
z500_brown_0.05,2,17,102.0,v925,-29.364627838134766,27.602733612060547,0,1038240,0.0
z500_brown_0.05,2,17,102.0,v1000,-21.35746955871582,19.571748733520508,0,1038240,0.0
z500_brown_0.05,2,17,102.0,z50,176484.109375,208585.984375,0,1038240,0.0
z500_brown_0.05,2,17,102.0,z100,140124.59375,166210.0625,0,1038240,0.0
z500_brown_0.05,2,17,102.0,z150,117278.640625,142077.875,0,1038240,0.0
z500_brown_0.05,2,17,102.0,z200,100396.796875,123792.859375,0,1038240,0.0
z500_brown_0.05,2,17,102.0,z250,87130.859375,109146.015625,0,1038240,0.0
z500_brown_0.05,2,17,102.0,z300,76306.0703125,96608.765625,0,1038240,0.0
z500_brown_0.05,2,17,102.0,z400,59126.90234375,75740.0234375,0,1038240,0.0
z500_brown_0.05,2,17,102.0,z500,44824.3984375,58728.7421875,0,1038240,0.0
z500_brown_0.05,2,17,102.0,z600,32682.369140625,44348.57421875,0,1038240,0.0
z500_brown_0.05,2,17,102.0,z700,22103.439453125,32138.939453125,0,1038240,0.0
z500_brown_0.05,2,17,102.0,z850,8245.3671875,16365.3037109375,0,1038240,0.0
z500_brown_0.05,2,17,102.0,z925,2136.4306640625,9306.5107421875,0,1038240,0.0
z500_brown_0.05,2,17,102.0,z1000,-3764.59033203125,2861.07958984375,0,1038240,0.0
z500_brown_0.05,2,17,102.0,t50,179.44342041015625,237.41128540039062,0,1038240,0.0
z500_brown_0.05,2,17,102.0,t100,185.58338928222656,240.2703399658203,0,1038240,0.0
z500_brown_0.05,2,17,102.0,t150,188.79571533203125,245.2604217529297,0,1038240,0.0
z500_brown_0.05,2,17,102.0,t200,193.8357696533203,244.42633056640625,0,1038240,0.0
z500_brown_0.05,2,17,102.0,t250,197.95263671875,244.77008056640625,0,1038240,0.0
z500_brown_0.05,2,17,102.0,t300,202.20428466796875,250.54881286621094,0,1038240,0.0
z500_brown_0.05,2,17,102.0,t400,211.11160278320312,264.6270446777344,0,1038240,0.0
z500_brown_0.05,2,17,102.0,t500,218.25115966796875,276.3116760253906,0,1038240,0.0
z500_brown_0.05,2,17,102.0,t600,207.7211456298828,288.4554443359375,0,1038240,0.0
z500_brown_0.05,2,17,102.0,t700,214.29151916503906,298.05987548828125,0,1038240,0.0
z500_brown_0.05,2,17,102.0,t850,223.11306762695312,309.68255615234375,0,1038240,0.0
z500_brown_0.05,2,17,102.0,t925,226.7763671875,315.1134948730469,0,1038240,0.0
z500_brown_0.05,2,17,102.0,t1000,230.20993041992188,320.0782775878906,0,1038240,0.0
z500_brown_0.05,2,17,102.0,q50,6.310140179266455e-07,2.0938803118042415e-06,0,1038240,0.0
z500_brown_0.05,2,17,102.0,q100,1.0251657158732996e-06,4.728814474219689e-06,0,1038240,0.0
z500_brown_0.05,2,17,102.0,q150,-5.075567059975583e-07,3.755403304239735e-05,9,1038240,8.668515950069348e-06
z500_brown_0.05,2,17,102.0,q200,-1.094932304113172e-05,0.0001961392117664218,14216,1038240,0.013692402527353984
z500_brown_0.05,2,17,102.0,q250,-1.2514017726061866e-05,0.0006613495061174035,18671,1038240,0.01798331792263831
z500_brown_0.05,2,17,102.0,q300,-3.137557359877974e-05,0.0015242778463289142,22250,1038240,0.02143049776544922
z500_brown_0.05,2,17,102.0,q400,-5.2787159802392125e-05,0.0041426667012274265,25532,1038240,0.024591616581907845
z500_brown_0.05,2,17,102.0,q500,-8.445471758022904e-05,0.007987858727574348,9338,1038240,0.008994066882416397
z500_brown_0.05,2,17,102.0,q600,-0.00027178903110325336,0.01151952426880598,12605,1038240,0.01214073817229157
z500_brown_0.05,2,17,102.0,q700,-0.0004749444779008627,0.013615861535072327,36375,1038240,0.035035251964863616
z500_brown_0.05,2,17,102.0,q850,-0.000579045619815588,0.019155576825141907,50218,1038240,0.048368392664509166
z500_brown_0.05,2,17,102.0,q925,-0.0006458894349634647,0.021441463381052017,59156,1038240,0.05697719217136693
z500_brown_0.05,2,17,102.0,q1000,-0.0007266988977789879,0.024669164791703224,51559,1038240,0.049660001541069504
z500_brown_0.05,2,18,108.0,u10m,-23.133602142333984,21.030183792114258,0,1038240,0.0
z500_brown_0.05,2,18,108.0,v10m,-18.00132942199707,17.34189224243164,0,1038240,0.0
z500_brown_0.05,2,18,108.0,u100m,-29.979270935058594,27.65767478942871,0,1038240,0.0
z500_brown_0.05,2,18,108.0,v100m,-23.084068298339844,23.38333511352539,0,1038240,0.0
z500_brown_0.05,2,18,108.0,t2m,201.47918701171875,322.099853515625,0,1038240,0.0
z500_brown_0.05,2,18,108.0,sp,48841.54296875,103559.9453125,0,1038240,0.0
z500_brown_0.05,2,18,108.0,msl,95462.59375,103532.2890625,0,1038240,0.0
z500_brown_0.05,2,18,108.0,tcwv,-2.6197643280029297,79.11638641357422,38050,1038240,0.03664855910001541
z500_brown_0.05,2,18,108.0,u50,-29.768028259277344,71.24889373779297,0,1038240,0.0
z500_brown_0.05,2,18,108.0,u100,-30.609508514404297,59.852745056152344,0,1038240,0.0
z500_brown_0.05,2,18,108.0,u150,-37.292694091796875,73.5660171508789,0,1038240,0.0
z500_brown_0.05,2,18,108.0,u200,-32.54181671142578,87.59026336669922,0,1038240,0.0
z500_brown_0.05,2,18,108.0,u250,-33.68376159667969,89.24568176269531,0,1038240,0.0
z500_brown_0.05,2,18,108.0,u300,-31.934101104736328,80.73760986328125,0,1038240,0.0
z500_brown_0.05,2,18,108.0,u400,-38.95048522949219,60.416351318359375,0,1038240,0.0
z500_brown_0.05,2,18,108.0,u500,-39.25245666503906,50.392669677734375,0,1038240,0.0
z500_brown_0.05,2,18,108.0,u600,-35.59648132324219,42.05802536010742,0,1038240,0.0
z500_brown_0.05,2,18,108.0,u700,-32.16107177734375,37.89910888671875,0,1038240,0.0
z500_brown_0.05,2,18,108.0,u850,-36.5801887512207,37.40504837036133,0,1038240,0.0
z500_brown_0.05,2,18,108.0,u925,-38.0510139465332,35.333961486816406,0,1038240,0.0
z500_brown_0.05,2,18,108.0,u1000,-23.16476821899414,21.214183807373047,0,1038240,0.0
z500_brown_0.05,2,18,108.0,v50,-23.703691482543945,23.25678253173828,0,1038240,0.0
z500_brown_0.05,2,18,108.0,v100,-18.86498260498047,26.210067749023438,0,1038240,0.0
z500_brown_0.05,2,18,108.0,v150,-32.852264404296875,33.51676559448242,0,1038240,0.0
z500_brown_0.05,2,18,108.0,v200,-39.10272979736328,48.6757698059082,0,1038240,0.0
z500_brown_0.05,2,18,108.0,v250,-40.56217575073242,58.333560943603516,0,1038240,0.0
z500_brown_0.05,2,18,108.0,v300,-46.89165115356445,61.33318328857422,0,1038240,0.0
z500_brown_0.05,2,18,108.0,v400,-42.665504455566406,61.030330657958984,0,1038240,0.0
z500_brown_0.05,2,18,108.0,v500,-39.77703094482422,52.181034088134766,0,1038240,0.0
z500_brown_0.05,2,18,108.0,v600,-32.006874084472656,41.13459777832031,0,1038240,0.0
z500_brown_0.05,2,18,108.0,v700,-26.963905334472656,32.12866973876953,0,1038240,0.0
z500_brown_0.05,2,18,108.0,v850,-29.448074340820312,25.91781234741211,0,1038240,0.0
z500_brown_0.05,2,18,108.0,v925,-29.18374252319336,26.52201271057129,0,1038240,0.0
z500_brown_0.05,2,18,108.0,v1000,-19.848857879638672,18.422332763671875,0,1038240,0.0
z500_brown_0.05,2,18,108.0,z50,176369.15625,208776.140625,0,1038240,0.0
z500_brown_0.05,2,18,108.0,z100,140043.640625,166311.125,0,1038240,0.0
z500_brown_0.05,2,18,108.0,z150,117174.6171875,142174.59375,0,1038240,0.0
z500_brown_0.05,2,18,108.0,z200,100267.03125,123887.28125,0,1038240,0.0
z500_brown_0.05,2,18,108.0,z250,86999.4375,108979.5390625,0,1038240,0.0
z500_brown_0.05,2,18,108.0,z300,76169.9765625,96372.6171875,0,1038240,0.0
z500_brown_0.05,2,18,108.0,z400,59010.46875,75522.078125,0,1038240,0.0
z500_brown_0.05,2,18,108.0,z500,44649.4765625,58530.234375,0,1038240,0.0
z500_brown_0.05,2,18,108.0,z600,32559.91015625,44408.6171875,0,1038240,0.0
z500_brown_0.05,2,18,108.0,z700,22043.578125,32090.1171875,0,1038240,0.0
z500_brown_0.05,2,18,108.0,z850,8324.537109375,16332.3037109375,0,1038240,0.0
z500_brown_0.05,2,18,108.0,z925,2273.92138671875,9274.232421875,0,1038240,0.0
z500_brown_0.05,2,18,108.0,z1000,-3643.32421875,2845.0888671875,0,1038240,0.0
z500_brown_0.05,2,18,108.0,t50,179.1981658935547,237.40402221679688,0,1038240,0.0
z500_brown_0.05,2,18,108.0,t100,185.7254638671875,240.75436401367188,0,1038240,0.0
z500_brown_0.05,2,18,108.0,t150,191.10179138183594,245.26124572753906,0,1038240,0.0
z500_brown_0.05,2,18,108.0,t200,194.56021118164062,244.4908905029297,0,1038240,0.0
z500_brown_0.05,2,18,108.0,t250,198.03985595703125,245.01416015625,0,1038240,0.0
z500_brown_0.05,2,18,108.0,t300,201.82618713378906,251.4241943359375,0,1038240,0.0
z500_brown_0.05,2,18,108.0,t400,210.83241271972656,265.90362548828125,0,1038240,0.0
z500_brown_0.05,2,18,108.0,t500,218.06175231933594,278.926025390625,0,1038240,0.0
z500_brown_0.05,2,18,108.0,t600,206.70660400390625,290.9688720703125,0,1038240,0.0
z500_brown_0.05,2,18,108.0,t700,214.55691528320312,301.1408996582031,0,1038240,0.0
z500_brown_0.05,2,18,108.0,t850,222.9786834716797,311.707275390625,0,1038240,0.0
z500_brown_0.05,2,18,108.0,t925,226.61790466308594,316.8818359375,0,1038240,0.0
z500_brown_0.05,2,18,108.0,t1000,230.1326904296875,322.1204833984375,0,1038240,0.0
z500_brown_0.05,2,18,108.0,q50,6.652683168795193e-07,2.1122109501447994e-06,0,1038240,0.0
z500_brown_0.05,2,18,108.0,q100,9.969935490516946e-07,4.674575393437408e-06,0,1038240,0.0
z500_brown_0.05,2,18,108.0,q150,-8.906999937607907e-08,4.5303644583327696e-05,2,1038240,1.9263368777931887e-06
z500_brown_0.05,2,18,108.0,q200,-1.1761190762626939e-05,0.00023515002976637334,14706,1038240,0.014164355062413314
z500_brown_0.05,2,18,108.0,q250,-1.2227395927766338e-05,0.0007183702546171844,20841,1038240,0.02007339343504392
z500_brown_0.05,2,18,108.0,q300,-3.208716225344688e-05,0.0016421412583440542,21577,1038240,0.020782285406071813
z500_brown_0.05,2,18,108.0,q400,-9.329087333753705e-05,0.004390907008200884,24478,1038240,0.023576437047310835
z500_brown_0.05,2,18,108.0,q500,-0.00011677556904032826,0.007949259132146835,9459,1038240,0.009110610263522886
z500_brown_0.05,2,18,108.0,q600,-0.0002938193501904607,0.010307596065104008,12063,1038240,0.011618700878409617
z500_brown_0.05,2,18,108.0,q700,-0.0005358606576919556,0.013709967955946922,27718,1038240,0.0266971027893358
z500_brown_0.05,2,18,108.0,q850,-0.000708987470716238,0.01926342025399208,45310,1038240,0.04364116196640468
z500_brown_0.05,2,18,108.0,q925,-0.0006184428930282593,0.020823637023568153,54043,1038240,0.052052511943288644
z500_brown_0.05,2,18,108.0,q1000,-0.0006098644807934761,0.024791624397039413,44145,1038240,0.042519070735090155
z500_brown_0.05,2,19,114.0,u10m,-26.13715362548828,21.598358154296875,0,1038240,0.0
z500_brown_0.05,2,19,114.0,v10m,-17.695863723754883,17.57032012939453,0,1038240,0.0
z500_brown_0.05,2,19,114.0,u100m,-33.92272186279297,27.721956253051758,0,1038240,0.0
z500_brown_0.05,2,19,114.0,v100m,-23.29279327392578,23.677034378051758,0,1038240,0.0
z500_brown_0.05,2,19,114.0,t2m,199.32080078125,321.0392150878906,0,1038240,0.0
z500_brown_0.05,2,19,114.0,sp,48984.62109375,103481.1640625,0,1038240,0.0
z500_brown_0.05,2,19,114.0,msl,95576.8828125,103449.78125,0,1038240,0.0
z500_brown_0.05,2,19,114.0,tcwv,-2.443563461303711,79.80870056152344,37230,1038240,0.035858760980120204
z500_brown_0.05,2,19,114.0,u50,-29.67816162109375,72.54834747314453,0,1038240,0.0
z500_brown_0.05,2,19,114.0,u100,-33.159461975097656,61.01030349731445,0,1038240,0.0
z500_brown_0.05,2,19,114.0,u150,-38.556434631347656,72.36958312988281,0,1038240,0.0
z500_brown_0.05,2,19,114.0,u200,-33.135459899902344,88.68116760253906,0,1038240,0.0
z500_brown_0.05,2,19,114.0,u250,-30.96807861328125,90.53083801269531,0,1038240,0.0
z500_brown_0.05,2,19,114.0,u300,-29.995258331298828,81.5424575805664,0,1038240,0.0
z500_brown_0.05,2,19,114.0,u400,-42.71906280517578,61.418617248535156,0,1038240,0.0
z500_brown_0.05,2,19,114.0,u500,-35.95764923095703,53.90763473510742,0,1038240,0.0
z500_brown_0.05,2,19,114.0,u600,-28.710004806518555,45.21945571899414,0,1038240,0.0
z500_brown_0.05,2,19,114.0,u700,-30.616878509521484,39.07020568847656,0,1038240,0.0
z500_brown_0.05,2,19,114.0,u850,-44.4171028137207,36.474918365478516,0,1038240,0.0
z500_brown_0.05,2,19,114.0,u925,-40.87083053588867,32.096927642822266,0,1038240,0.0
z500_brown_0.05,2,19,114.0,u1000,-25.866764068603516,21.50080680847168,0,1038240,0.0
z500_brown_0.05,2,19,114.0,v50,-24.41556167602539,22.155977249145508,0,1038240,0.0
z500_brown_0.05,2,19,114.0,v100,-19.91252326965332,24.882667541503906,0,1038240,0.0
z500_brown_0.05,2,19,114.0,v150,-31.523120880126953,32.184478759765625,0,1038240,0.0
z500_brown_0.05,2,19,114.0,v200,-39.99637222290039,43.351104736328125,0,1038240,0.0
z500_brown_0.05,2,19,114.0,v250,-45.888267517089844,51.98176574707031,0,1038240,0.0
z500_brown_0.05,2,19,114.0,v300,-43.054412841796875,59.302330017089844,0,1038240,0.0
z500_brown_0.05,2,19,114.0,v400,-44.535770416259766,61.04095458984375,0,1038240,0.0
z500_brown_0.05,2,19,114.0,v500,-34.25950622558594,51.70064926147461,0,1038240,0.0
z500_brown_0.05,2,19,114.0,v600,-26.686416625976562,39.15582275390625,0,1038240,0.0
z500_brown_0.05,2,19,114.0,v700,-27.178592681884766,29.87052345275879,0,1038240,0.0
z500_brown_0.05,2,19,114.0,v850,-29.468414306640625,24.323570251464844,0,1038240,0.0
z500_brown_0.05,2,19,114.0,v925,-30.06268882751465,25.664871215820312,0,1038240,0.0
z500_brown_0.05,2,19,114.0,v1000,-18.806793212890625,18.93286895751953,0,1038240,0.0
z500_brown_0.05,2,19,114.0,z50,176268.21875,208745.890625,0,1038240,0.0
z500_brown_0.05,2,19,114.0,z100,139920.65625,166399.640625,0,1038240,0.0
z500_brown_0.05,2,19,114.0,z150,117018.421875,142233.6875,0,1038240,0.0
z500_brown_0.05,2,19,114.0,z200,100085.7265625,123944.5,0,1038240,0.0
z500_brown_0.05,2,19,114.0,z250,86796.109375,109040.109375,0,1038240,0.0
z500_brown_0.05,2,19,114.0,z300,75958.40625,96474.875,0,1038240,0.0
z500_brown_0.05,2,19,114.0,z400,58824.75390625,75623.203125,0,1038240,0.0
z500_brown_0.05,2,19,114.0,z500,44665.45703125,58634.390625,0,1038240,0.0
z500_brown_0.05,2,19,114.0,z600,32608.2890625,44398.37890625,0,1038240,0.0
z500_brown_0.05,2,19,114.0,z700,22135.390625,31987.9765625,0,1038240,0.0
z500_brown_0.05,2,19,114.0,z850,8509.974609375,16253.529296875,0,1038240,0.0
z500_brown_0.05,2,19,114.0,z925,2496.59521484375,9201.296875,0,1038240,0.0
z500_brown_0.05,2,19,114.0,z1000,-3530.67724609375,2777.00439453125,0,1038240,0.0
z500_brown_0.05,2,19,114.0,t50,179.13412475585938,237.46658325195312,0,1038240,0.0
z500_brown_0.05,2,19,114.0,t100,187.11343383789062,241.04367065429688,0,1038240,0.0
z500_brown_0.05,2,19,114.0,t150,193.13734436035156,245.73695373535156,0,1038240,0.0
z500_brown_0.05,2,19,114.0,t200,195.27943420410156,244.60284423828125,0,1038240,0.0
z500_brown_0.05,2,19,114.0,t250,198.2877655029297,245.11106872558594,0,1038240,0.0
z500_brown_0.05,2,19,114.0,t300,201.91668701171875,250.94577026367188,0,1038240,0.0
z500_brown_0.05,2,19,114.0,t400,210.33126831054688,264.7527770996094,0,1038240,0.0
z500_brown_0.05,2,19,114.0,t500,217.36341857910156,276.4500732421875,0,1038240,0.0
z500_brown_0.05,2,19,114.0,t600,206.4666290283203,286.7814636230469,0,1038240,0.0
z500_brown_0.05,2,19,114.0,t700,214.70681762695312,295.4771423339844,0,1038240,0.0
z500_brown_0.05,2,19,114.0,t850,223.48394775390625,308.8915710449219,0,1038240,0.0
z500_brown_0.05,2,19,114.0,t925,227.16546630859375,314.9685363769531,0,1038240,0.0
z500_brown_0.05,2,19,114.0,t1000,230.65892028808594,320.6871643066406,0,1038240,0.0
z500_brown_0.05,2,19,114.0,q50,7.024805199762341e-07,2.1287319214025047e-06,0,1038240,0.0
z500_brown_0.05,2,19,114.0,q100,9.971349754778203e-07,4.616768819687422e-06,0,1038240,0.0
z500_brown_0.05,2,19,114.0,q150,2.4108385332510807e-07,4.129340231884271e-05,0,1038240,0.0
z500_brown_0.05,2,19,114.0,q200,-1.2793976566172205e-05,0.00022096806787885725,13278,1038240,0.012788950531668978
z500_brown_0.05,2,19,114.0,q250,-1.5228131815092638e-05,0.0007137845386750996,26021,1038240,0.02506260594852828
z500_brown_0.05,2,19,114.0,q300,-2.9518618248403072e-05,0.0016813637921586633,27029,1038240,0.026033479734936044
z500_brown_0.05,2,19,114.0,q400,-5.7806522818282247e-05,0.004481330513954163,30999,1038240,0.029857258437355524
z500_brown_0.05,2,19,114.0,q500,-8.37647239677608e-05,0.007676322013139725,9247,1038240,0.008906418554476807
z500_brown_0.05,2,19,114.0,q600,-0.00025821838062256575,0.010058502666652203,13185,1038240,0.012699375866851595
z500_brown_0.05,2,19,114.0,q700,-0.0004744543693959713,0.01321452297270298,33616,1038240,0.03237787024194791
z500_brown_0.05,2,19,114.0,q850,-0.0007648160681128502,0.019521892070770264,47520,1038240,0.04576976421636616
z500_brown_0.05,2,19,114.0,q925,-0.0006240108050405979,0.020803149789571762,57501,1038240,0.05538314840499307
z500_brown_0.05,2,19,114.0,q1000,-0.0005850582383573055,0.025325441733002663,45937,1038240,0.04424506857759285
z500_brown_0.05,2,20,120.0,u10m,-26.178730010986328,26.096515655517578,0,1038240,0.0
z500_brown_0.05,2,20,120.0,v10m,-18.371809005737305,18.502357482910156,0,1038240,0.0
z500_brown_0.05,2,20,120.0,u100m,-34.45354080200195,33.666831970214844,0,1038240,0.0
z500_brown_0.05,2,20,120.0,v100m,-23.654476165771484,25.183597564697266,0,1038240,0.0
z500_brown_0.05,2,20,120.0,t2m,197.36231994628906,319.1748046875,0,1038240,0.0
z500_brown_0.05,2,20,120.0,sp,48831.328125,103413.109375,0,1038240,0.0
z500_brown_0.05,2,20,120.0,msl,94687.578125,103377.59375,0,1038240,0.0
z500_brown_0.05,2,20,120.0,tcwv,-2.4649600982666016,77.35909271240234,44462,1038240,0.04282439513022037
z500_brown_0.05,2,20,120.0,u50,-29.53386688232422,72.30123901367188,0,1038240,0.0
z500_brown_0.05,2,20,120.0,u100,-34.513832092285156,60.752288818359375,0,1038240,0.0
z500_brown_0.05,2,20,120.0,u150,-38.19207000732422,70.87196350097656,0,1038240,0.0
z500_brown_0.05,2,20,120.0,u200,-32.62500762939453,89.26564025878906,0,1038240,0.0
z500_brown_0.05,2,20,120.0,u250,-28.787612915039062,91.47428894042969,0,1038240,0.0
z500_brown_0.05,2,20,120.0,u300,-31.567005157470703,81.23574829101562,0,1038240,0.0
z500_brown_0.05,2,20,120.0,u400,-41.41004180908203,63.220054626464844,0,1038240,0.0
z500_brown_0.05,2,20,120.0,u500,-37.343379974365234,55.917381286621094,0,1038240,0.0
z500_brown_0.05,2,20,120.0,u600,-28.55341148376465,47.73517608642578,0,1038240,0.0
z500_brown_0.05,2,20,120.0,u700,-30.738903045654297,38.06366729736328,0,1038240,0.0
z500_brown_0.05,2,20,120.0,u850,-40.50388717651367,36.944427490234375,0,1038240,0.0
z500_brown_0.05,2,20,120.0,u925,-41.60683822631836,39.40005111694336,0,1038240,0.0
z500_brown_0.05,2,20,120.0,u1000,-25.909744262695312,26.16463279724121,0,1038240,0.0
z500_brown_0.05,2,20,120.0,v50,-25.203231811523438,22.398195266723633,0,1038240,0.0
z500_brown_0.05,2,20,120.0,v100,-19.535232543945312,22.718585968017578,0,1038240,0.0
z500_brown_0.05,2,20,120.0,v150,-29.68462371826172,31.785400390625,0,1038240,0.0
z500_brown_0.05,2,20,120.0,v200,-42.86644744873047,40.68410873413086,0,1038240,0.0
z500_brown_0.05,2,20,120.0,v250,-51.65627670288086,47.706382751464844,0,1038240,0.0
z500_brown_0.05,2,20,120.0,v300,-42.99784469604492,56.33128356933594,0,1038240,0.0
z500_brown_0.05,2,20,120.0,v400,-43.85232925415039,56.931148529052734,0,1038240,0.0
z500_brown_0.05,2,20,120.0,v500,-34.702884674072266,49.39067077636719,0,1038240,0.0
z500_brown_0.05,2,20,120.0,v600,-27.617450714111328,38.41981887817383,0,1038240,0.0
z500_brown_0.05,2,20,120.0,v700,-27.111587524414062,28.780902862548828,0,1038240,0.0
z500_brown_0.05,2,20,120.0,v850,-30.5996150970459,24.626129150390625,0,1038240,0.0
z500_brown_0.05,2,20,120.0,v925,-30.767671585083008,24.877883911132812,0,1038240,0.0
z500_brown_0.05,2,20,120.0,v1000,-18.93271827697754,18.53021240234375,0,1038240,0.0
z500_brown_0.05,2,20,120.0,z50,176129.03125,208714.578125,0,1038240,0.0
z500_brown_0.05,2,20,120.0,z100,139847.03125,166228.125,0,1038240,0.0
z500_brown_0.05,2,20,120.0,z150,116902.671875,142039.171875,0,1038240,0.0
z500_brown_0.05,2,20,120.0,z200,99929.1015625,123744.1796875,0,1038240,0.0
z500_brown_0.05,2,20,120.0,z250,86627.234375,109020.9453125,0,1038240,0.0
z500_brown_0.05,2,20,120.0,z300,75810.0703125,96465.4375,0,1038240,0.0
z500_brown_0.05,2,20,120.0,z400,58723.6640625,75525.65625,0,1038240,0.0
z500_brown_0.05,2,20,120.0,z500,44866.55859375,58636.26171875,0,1038240,0.0
z500_brown_0.05,2,20,120.0,z600,32873.40625,44493.171875,0,1038240,0.0
z500_brown_0.05,2,20,120.0,z700,22494.880859375,32003.892578125,0,1038240,0.0
z500_brown_0.05,2,20,120.0,z850,8289.896484375,16215.6640625,0,1038240,0.0
z500_brown_0.05,2,20,120.0,z925,1787.65185546875,9153.46484375,0,1038240,0.0
z500_brown_0.05,2,20,120.0,z1000,-4302.92138671875,2730.226318359375,0,1038240,0.0
z500_brown_0.05,2,20,120.0,t50,178.88148498535156,237.56820678710938,0,1038240,0.0
z500_brown_0.05,2,20,120.0,t100,187.98497009277344,241.4814453125,0,1038240,0.0
z500_brown_0.05,2,20,120.0,t150,193.46153259277344,245.8180389404297,0,1038240,0.0
z500_brown_0.05,2,20,120.0,t200,195.635498046875,244.69244384765625,0,1038240,0.0
z500_brown_0.05,2,20,120.0,t250,198.91746520996094,245.17257690429688,0,1038240,0.0
z500_brown_0.05,2,20,120.0,t300,202.19662475585938,250.61309814453125,0,1038240,0.0
z500_brown_0.05,2,20,120.0,t400,209.5861358642578,264.4200744628906,0,1038240,0.0
z500_brown_0.05,2,20,120.0,t500,217.0343017578125,274.8629150390625,0,1038240,0.0
z500_brown_0.05,2,20,120.0,t600,205.3329315185547,283.5365905761719,0,1038240,0.0
z500_brown_0.05,2,20,120.0,t700,214.1212615966797,293.67584228515625,0,1038240,0.0
z500_brown_0.05,2,20,120.0,t850,223.3573455810547,309.56451416015625,0,1038240,0.0
z500_brown_0.05,2,20,120.0,t925,227.14163208007812,315.038330078125,0,1038240,0.0
z500_brown_0.05,2,20,120.0,t1000,230.52772521972656,319.7646179199219,0,1038240,0.0
z500_brown_0.05,2,20,120.0,q50,7.400738013529917e-07,2.146576434824965e-06,0,1038240,0.0
z500_brown_0.05,2,20,120.0,q100,1.0006040156440577e-06,4.661887032852974e-06,0,1038240,0.0
z500_brown_0.05,2,20,120.0,q150,1.8784248823067173e-07,3.509877569740638e-05,0,1038240,0.0
z500_brown_0.05,2,20,120.0,q200,-1.2692629752564244e-05,0.000203246483579278,14701,1038240,0.014159539220218832
z500_brown_0.05,2,20,120.0,q250,-1.6783753380877897e-05,0.000692696135956794,27978,1038240,0.026947526583448914
z500_brown_0.05,2,20,120.0,q300,-2.9564573196694255e-05,0.001612296560779214,26573,1038240,0.0255942749267992
z500_brown_0.05,2,20,120.0,q400,-5.896619404666126e-05,0.004235934931784868,29446,1038240,0.028361457851749115
z500_brown_0.05,2,20,120.0,q500,-8.869974408298731e-05,0.007412488106638193,10668,1038240,0.010275080906148867
z500_brown_0.05,2,20,120.0,q600,-0.00025211693719029427,0.010004923678934574,16872,1038240,0.016250577901063337
z500_brown_0.05,2,20,120.0,q700,-0.0004467607941478491,0.013363165780901909,33665,1038240,0.03242506549545385
z500_brown_0.05,2,20,120.0,q850,-0.0006176452152431011,0.01926545426249504,52826,1038240,0.05088033595315149
z500_brown_0.05,2,20,120.0,q925,-0.0006587114185094833,0.020440878346562386,56109,1038240,0.05404241793804901
z500_brown_0.05,2,20,120.0,q1000,-0.0006322585977613926,0.025362055748701096,47825,1038240,0.04606353059022962
z500_brown_0.05,3,0,0.0,u10m,-29.98059844970703,25.07940101623535,0,1038240,0.0
z500_brown_0.05,3,0,0.0,v10m,-27.66229820251465,25.987703323364258,0,1038240,0.0
z500_brown_0.05,3,0,0.0,u100m,-38.64726257324219,30.782737731933594,0,1038240,0.0
z500_brown_0.05,3,0,0.0,v100m,-33.108516693115234,32.41148376464844,0,1038240,0.0
z500_brown_0.05,3,0,0.0,t2m,203.00914001464844,317.2091369628906,0,1038240,0.0
z500_brown_0.05,3,0,0.0,sp,49593.44921875,104524.6484375,0,1038240,0.0
z500_brown_0.05,3,0,0.0,msl,93167.375,107762.9765625,0,1038240,0.0
z500_brown_0.05,3,0,0.0,tcwv,0.033688269555568695,80.67048645019531,0,1038240,0.0
z500_brown_0.05,3,0,0.0,u50,-32.53466796875,69.6953353881836,0,1038240,0.0
z500_brown_0.05,3,0,0.0,u100,-42.44437026977539,63.615631103515625,0,1038240,0.0
z500_brown_0.05,3,0,0.0,u150,-43.69473648071289,76.46526336669922,0,1038240,0.0
z500_brown_0.05,3,0,0.0,u200,-44.91203308105469,103.88796997070312,0,1038240,0.0
z500_brown_0.05,3,0,0.0,u250,-45.851261138916016,105.44873809814453,0,1038240,0.0
z500_brown_0.05,3,0,0.0,u300,-36.28936004638672,102.41063690185547,0,1038240,0.0
z500_brown_0.05,3,0,0.0,u400,-35.72868347167969,71.8713150024414,0,1038240,0.0
z500_brown_0.05,3,0,0.0,u500,-39.31422805786133,50.18577194213867,0,1038240,0.0
z500_brown_0.05,3,0,0.0,u600,-45.0154914855957,45.66450500488281,0,1038240,0.0
z500_brown_0.05,3,0,0.0,u700,-47.08867263793945,41.111328125,0,1038240,0.0
z500_brown_0.05,3,0,0.0,u850,-52.83549880981445,36.304500579833984,0,1038240,0.0
z500_brown_0.05,3,0,0.0,u925,-42.309513092041016,34.310489654541016,0,1038240,0.0
z500_brown_0.05,3,0,0.0,u1000,-29.00948715209961,24.660512924194336,0,1038240,0.0
z500_brown_0.05,3,0,0.0,v50,-28.3104305267334,37.03956985473633,0,1038240,0.0
z500_brown_0.05,3,0,0.0,v100,-31.289772033691406,41.980228424072266,0,1038240,0.0
z500_brown_0.05,3,0,0.0,v150,-39.73875427246094,46.22124481201172,0,1038240,0.0
z500_brown_0.05,3,0,0.0,v200,-56.7220573425293,65.07794189453125,0,1038240,0.0
z500_brown_0.05,3,0,0.0,v250,-63.08574295043945,62.81425857543945,0,1038240,0.0
z500_brown_0.05,3,0,0.0,v300,-54.844512939453125,65.45549011230469,0,1038240,0.0
z500_brown_0.05,3,0,0.0,v400,-59.89063262939453,63.009368896484375,0,1038240,0.0
z500_brown_0.05,3,0,0.0,v500,-50.19239807128906,56.80760192871094,0,1038240,0.0
z500_brown_0.05,3,0,0.0,v600,-45.045677185058594,40.0643196105957,0,1038240,0.0
z500_brown_0.05,3,0,0.0,v700,-36.78691101074219,42.36308670043945,0,1038240,0.0
z500_brown_0.05,3,0,0.0,v850,-42.88942337036133,34.960575103759766,0,1038240,0.0
z500_brown_0.05,3,0,0.0,v925,-37.343692779541016,37.056304931640625,0,1038240,0.0
z500_brown_0.05,3,0,0.0,v1000,-26.340137481689453,25.029863357543945,0,1038240,0.0
z500_brown_0.05,3,0,0.0,z50,178325.890625,207936.40625,0,1038240,0.0
z500_brown_0.05,3,0,0.0,z100,140693.140625,165755.734375,0,1038240,0.0
z500_brown_0.05,3,0,0.0,z150,117632.0390625,141996.15625,0,1038240,0.0
z500_brown_0.05,3,0,0.0,z200,100768.7421875,123884.2421875,0,1038240,0.0
z500_brown_0.05,3,0,0.0,z250,87459.671875,109026.765625,0,1038240,0.0
z500_brown_0.05,3,0,0.0,z300,76372.9453125,96320.9921875,0,1038240,0.0
z500_brown_0.05,3,0,0.0,z400,58395.84765625,75588.4609375,0,1038240,0.0
z500_brown_0.05,3,0,0.0,z500,44108.5546875,58928.3046875,0,1038240,0.0
z500_brown_0.05,3,0,0.0,z600,31816.14453125,44789.28125,0,1038240,0.0
z500_brown_0.05,3,0,0.0,z700,21340.9609375,32460.98828125,0,1038240,0.0
z500_brown_0.05,3,0,0.0,z850,7071.60302734375,16482.923828125,0,1038240,0.0
z500_brown_0.05,3,0,0.0,z925,558.6236572265625,9957.2314453125,0,1038240,0.0
z500_brown_0.05,3,0,0.0,z1000,-5507.95556640625,4905.5556640625,0,1038240,0.0
z500_brown_0.05,3,0,0.0,t50,176.96493530273438,233.25494384765625,0,1038240,0.0
z500_brown_0.05,3,0,0.0,t100,185.84442138671875,235.84442138671875,0,1038240,0.0
z500_brown_0.05,3,0,0.0,t150,187.8889617919922,238.91896057128906,0,1038240,0.0
z500_brown_0.05,3,0,0.0,t200,190.15658569335938,241.17657470703125,0,1038240,0.0
z500_brown_0.05,3,0,0.0,t250,199.0135498046875,243.6435546875,0,1038240,0.0
z500_brown_0.05,3,0,0.0,t300,204.70855712890625,251.70855712890625,0,1038240,0.0
z500_brown_0.05,3,0,0.0,t400,216.0428466796875,266.5628662109375,0,1038240,0.0
z500_brown_0.05,3,0,0.0,t500,224.4999542236328,276.89996337890625,0,1038240,0.0
z500_brown_0.05,3,0,0.0,t600,204.55136108398438,287.2413635253906,0,1038240,0.0
z500_brown_0.05,3,0,0.0,t700,208.45738220214844,296.9873962402344,0,1038240,0.0
z500_brown_0.05,3,0,0.0,t850,216.30093383789062,309.6709289550781,0,1038240,0.0
z500_brown_0.05,3,0,0.0,t925,219.8119354248047,315.3219299316406,0,1038240,0.0
z500_brown_0.05,3,0,0.0,t1000,223.1019287109375,319.7119445800781,0,1038240,0.0
z500_brown_0.05,3,0,0.0,q50,9.999999717180685e-10,1.9450640138529707e-06,0,1038240,0.0
z500_brown_0.05,3,0,0.0,q100,1.000000082740371e-09,9.873159797280096e-06,0,1038240,0.0
z500_brown_0.05,3,0,0.0,q150,1.0000005268295808e-09,4.6891240344848484e-05,0,1038240,0.0
z500_brown_0.05,3,0,0.0,q200,9.999985284281365e-10,0.0002307913964614272,0,1038240,0.0
z500_brown_0.05,3,0,0.0,q250,1.000000304784976e-09,0.0007995401974767447,0,1038240,0.0
z500_brown_0.05,3,0,0.0,q300,9.999980843389267e-10,0.0018608650425449014,0,1038240,0.0
z500_brown_0.05,3,0,0.0,q400,9.999975292274144e-10,0.004661120939999819,0,1038240,0.0
z500_brown_0.05,3,0,0.0,q500,9.999941985583405e-10,0.007641600910574198,0,1038240,0.0
z500_brown_0.05,3,0,0.0,q600,1.0000007488741858e-09,0.012534401379525661,0,1038240,0.0
z500_brown_0.05,3,0,0.0,q700,9.999989725173464e-10,0.018419841304421425,0,1038240,0.0
z500_brown_0.05,3,0,0.0,q850,1.635912212805124e-06,0.028813155367970467,0,1038240,0.0
z500_brown_0.05,3,0,0.0,q925,4.967510903952643e-06,0.03459184616804123,0,1038240,0.0
z500_brown_0.05,3,0,0.0,q1000,6.670324182778131e-06,0.04069339111447334,0,1038240,0.0
z500_brown_0.05,3,1,6.0,u10m,-28.07503318786621,24.53531837463379,0,1038240,0.0
z500_brown_0.05,3,1,6.0,v10m,-18.32477378845215,25.185230255126953,0,1038240,0.0
z500_brown_0.05,3,1,6.0,u100m,-36.634437561035156,30.665897369384766,0,1038240,0.0
z500_brown_0.05,3,1,6.0,v100m,-24.484304428100586,33.84136962890625,0,1038240,0.0
z500_brown_0.05,3,1,6.0,t2m,201.38995361328125,316.13372802734375,0,1038240,0.0
z500_brown_0.05,3,1,6.0,sp,49424.7890625,104055.90625,0,1038240,0.0
z500_brown_0.05,3,1,6.0,msl,93328.34375,105987.8203125,0,1038240,0.0
z500_brown_0.05,3,1,6.0,tcwv,-5.537363052368164,78.67512512207031,71714,1038240,0.06907266142703036
z500_brown_0.05,3,1,6.0,u50,-31.047401428222656,73.69204711914062,0,1038240,0.0
z500_brown_0.05,3,1,6.0,u100,-39.8195686340332,62.35438537597656,0,1038240,0.0
z500_brown_0.05,3,1,6.0,u150,-36.13634490966797,74.10511779785156,0,1038240,0.0
z500_brown_0.05,3,1,6.0,u200,-45.25689697265625,94.52032470703125,0,1038240,0.0
z500_brown_0.05,3,1,6.0,u250,-40.514522552490234,107.62507629394531,0,1038240,0.0
z500_brown_0.05,3,1,6.0,u300,-37.019615173339844,101.24781036376953,0,1038240,0.0
z500_brown_0.05,3,1,6.0,u400,-38.56602478027344,68.3340835571289,0,1038240,0.0
z500_brown_0.05,3,1,6.0,u500,-33.75611114501953,54.33484649658203,0,1038240,0.0
z500_brown_0.05,3,1,6.0,u600,-38.95957565307617,43.20289611816406,0,1038240,0.0
z500_brown_0.05,3,1,6.0,u700,-40.36280822753906,37.964534759521484,0,1038240,0.0
z500_brown_0.05,3,1,6.0,u850,-46.86573028564453,36.8426399230957,0,1038240,0.0
z500_brown_0.05,3,1,6.0,u925,-42.6902961730957,33.19804382324219,0,1038240,0.0
z500_brown_0.05,3,1,6.0,u1000,-26.8186092376709,23.68528175354004,0,1038240,0.0
z500_brown_0.05,3,1,6.0,v50,-24.23349380493164,31.025671005249023,0,1038240,0.0
z500_brown_0.05,3,1,6.0,v100,-30.781862258911133,37.54550552368164,0,1038240,0.0
z500_brown_0.05,3,1,6.0,v150,-32.346954345703125,41.07357406616211,0,1038240,0.0
z500_brown_0.05,3,1,6.0,v200,-44.74435043334961,53.987125396728516,0,1038240,0.0
z500_brown_0.05,3,1,6.0,v250,-55.236087799072266,62.19546890258789,0,1038240,0.0
z500_brown_0.05,3,1,6.0,v300,-48.08749771118164,64.59773254394531,0,1038240,0.0
z500_brown_0.05,3,1,6.0,v400,-49.4903564453125,62.73163604736328,0,1038240,0.0
z500_brown_0.05,3,1,6.0,v500,-45.31930160522461,49.44904327392578,0,1038240,0.0
z500_brown_0.05,3,1,6.0,v600,-35.70355987548828,35.259979248046875,0,1038240,0.0
z500_brown_0.05,3,1,6.0,v700,-29.901832580566406,33.928035736083984,0,1038240,0.0
z500_brown_0.05,3,1,6.0,v850,-34.17913818359375,36.08506393432617,0,1038240,0.0
z500_brown_0.05,3,1,6.0,v925,-34.04698944091797,32.27680969238281,0,1038240,0.0
z500_brown_0.05,3,1,6.0,v1000,-21.27198600769043,25.5386962890625,0,1038240,0.0
z500_brown_0.05,3,1,6.0,z50,178351.28125,208004.125,0,1038240,0.0
z500_brown_0.05,3,1,6.0,z100,140641.703125,165761.390625,0,1038240,0.0
z500_brown_0.05,3,1,6.0,z150,117537.546875,142031.796875,0,1038240,0.0
z500_brown_0.05,3,1,6.0,z200,100691.203125,123905.875,0,1038240,0.0
z500_brown_0.05,3,1,6.0,z250,87371.71875,109059.7421875,0,1038240,0.0
z500_brown_0.05,3,1,6.0,z300,76297.4921875,96385.578125,0,1038240,0.0
z500_brown_0.05,3,1,6.0,z400,58356.5,75591.734375,0,1038240,0.0
z500_brown_0.05,3,1,6.0,z500,43995.40625,58820.15625,0,1038240,0.0
z500_brown_0.05,3,1,6.0,z600,31861.375,44734.96875,0,1038240,0.0
z500_brown_0.05,3,1,6.0,z700,21433.640625,32358.048828125,0,1038240,0.0
z500_brown_0.05,3,1,6.0,z850,7169.1640625,16405.03515625,0,1038240,0.0
z500_brown_0.05,3,1,6.0,z925,708.0537109375,9313.041015625,0,1038240,0.0
z500_brown_0.05,3,1,6.0,z1000,-5336.75830078125,3624.2021484375,0,1038240,0.0
z500_brown_0.05,3,1,6.0,t50,179.78651428222656,233.6245880126953,0,1038240,0.0
z500_brown_0.05,3,1,6.0,t100,186.41729736328125,235.46530151367188,0,1038240,0.0
z500_brown_0.05,3,1,6.0,t150,188.8583526611328,238.85926818847656,0,1038240,0.0
z500_brown_0.05,3,1,6.0,t200,191.48846435546875,241.4715118408203,0,1038240,0.0
z500_brown_0.05,3,1,6.0,t250,199.24404907226562,243.2095947265625,0,1038240,0.0
z500_brown_0.05,3,1,6.0,t300,205.01939392089844,251.17701721191406,0,1038240,0.0
z500_brown_0.05,3,1,6.0,t400,215.0539093017578,264.8252868652344,0,1038240,0.0
z500_brown_0.05,3,1,6.0,t500,224.6538543701172,277.01080322265625,0,1038240,0.0
z500_brown_0.05,3,1,6.0,t600,214.87242126464844,289.5870361328125,0,1038240,0.0
z500_brown_0.05,3,1,6.0,t700,210.26187133789062,300.03607177734375,0,1038240,0.0
z500_brown_0.05,3,1,6.0,t850,218.09327697753906,312.2053527832031,0,1038240,0.0
z500_brown_0.05,3,1,6.0,t925,222.61898803710938,317.3133239746094,0,1038240,0.0
z500_brown_0.05,3,1,6.0,t1000,225.92286682128906,322.3287658691406,0,1038240,0.0
z500_brown_0.05,3,1,6.0,q50,3.956506589020137e-08,1.951780177478213e-06,0,1038240,0.0
z500_brown_0.05,3,1,6.0,q100,1.1411316336307209e-07,9.316515388491098e-06,0,1038240,0.0
z500_brown_0.05,3,1,6.0,q150,2.2551375877810642e-08,3.514083437039517e-05,0,1038240,0.0
z500_brown_0.05,3,1,6.0,q200,-2.3058601072989404e-06,0.00021092600945848972,7154,1038240,0.006890507011866235
z500_brown_0.05,3,1,6.0,q250,-1.4360924978973344e-05,0.0006836778484284878,35754,1038240,0.03443712436430883
z500_brown_0.05,3,1,6.0,q300,-2.3335320292972028e-05,0.0015661640791222453,10259,1038240,0.00988114501464016
z500_brown_0.05,3,1,6.0,q400,-8.97558347787708e-05,0.004446033388376236,30277,1038240,0.029161850824472185
z500_brown_0.05,3,1,6.0,q500,-0.00016377249266952276,0.007291859015822411,10378,1038240,0.009995762058868854
z500_brown_0.05,3,1,6.0,q600,-0.00024809432215988636,0.00992298312485218,13050,1038240,0.012569348127600554
z500_brown_0.05,3,1,6.0,q700,-0.0006525767967104912,0.013551110401749611,29395,1038240,0.028312336261365388
z500_brown_0.05,3,1,6.0,q850,-0.0009898333810269833,0.018294282257556915,64797,1038240,0.062410425335182616
z500_brown_0.05,3,1,6.0,q925,-0.0016828887164592743,0.02017020806670189,68157,1038240,0.06564667128987517
z500_brown_0.05,3,1,6.0,q1000,-0.0016569863073527813,0.024264009669423103,68360,1038240,0.06584219448297118
z500_brown_0.05,3,2,12.0,u10m,-24.49064826965332,22.81973648071289,0,1038240,0.0
z500_brown_0.05,3,2,12.0,v10m,-19.09325408935547,26.943431854248047,0,1038240,0.0
z500_brown_0.05,3,2,12.0,u100m,-32.16023635864258,28.71226692199707,0,1038240,0.0
z500_brown_0.05,3,2,12.0,v100m,-25.760507583618164,35.933502197265625,0,1038240,0.0
z500_brown_0.05,3,2,12.0,t2m,205.2317352294922,322.2415771484375,0,1038240,0.0
z500_brown_0.05,3,2,12.0,sp,49171.03515625,103873.5859375,0,1038240,0.0
z500_brown_0.05,3,2,12.0,msl,93618.9609375,104224.1484375,0,1038240,0.0
z500_brown_0.05,3,2,12.0,tcwv,-5.932466506958008,77.216064453125,73445,1038240,0.07073990599476036
z500_brown_0.05,3,2,12.0,u50,-30.161758422851562,75.34468841552734,0,1038240,0.0
z500_brown_0.05,3,2,12.0,u100,-39.5592155456543,64.56725311279297,0,1038240,0.0
z500_brown_0.05,3,2,12.0,u150,-34.14532470703125,72.9906997680664,0,1038240,0.0
z500_brown_0.05,3,2,12.0,u200,-44.6312255859375,89.16307067871094,0,1038240,0.0
z500_brown_0.05,3,2,12.0,u250,-40.56864547729492,100.65316772460938,0,1038240,0.0
z500_brown_0.05,3,2,12.0,u300,-41.858306884765625,91.33658599853516,0,1038240,0.0
z500_brown_0.05,3,2,12.0,u400,-41.973976135253906,70.68385314941406,0,1038240,0.0
z500_brown_0.05,3,2,12.0,u500,-37.07256317138672,56.235626220703125,0,1038240,0.0
z500_brown_0.05,3,2,12.0,u600,-36.74394226074219,42.609745025634766,0,1038240,0.0
z500_brown_0.05,3,2,12.0,u700,-38.68903732299805,39.27345275878906,0,1038240,0.0
z500_brown_0.05,3,2,12.0,u850,-43.106327056884766,37.1866340637207,0,1038240,0.0
z500_brown_0.05,3,2,12.0,u925,-41.17142105102539,34.543277740478516,0,1038240,0.0
z500_brown_0.05,3,2,12.0,u1000,-24.00673484802246,22.431209564208984,0,1038240,0.0
z500_brown_0.05,3,2,12.0,v50,-24.94763946533203,31.0451717376709,0,1038240,0.0
z500_brown_0.05,3,2,12.0,v100,-28.50853729248047,35.24365234375,0,1038240,0.0
z500_brown_0.05,3,2,12.0,v150,-32.593994140625,38.1434440612793,0,1038240,0.0
z500_brown_0.05,3,2,12.0,v200,-46.151771545410156,51.518531799316406,0,1038240,0.0
z500_brown_0.05,3,2,12.0,v250,-54.34294128417969,54.845458984375,0,1038240,0.0
z500_brown_0.05,3,2,12.0,v300,-51.35085678100586,61.98388671875,0,1038240,0.0
z500_brown_0.05,3,2,12.0,v400,-47.8676643371582,57.049434661865234,0,1038240,0.0
z500_brown_0.05,3,2,12.0,v500,-43.536502838134766,46.508766174316406,0,1038240,0.0
z500_brown_0.05,3,2,12.0,v600,-33.675018310546875,36.68132400512695,0,1038240,0.0
z500_brown_0.05,3,2,12.0,v700,-27.746135711669922,34.39928436279297,0,1038240,0.0
z500_brown_0.05,3,2,12.0,v850,-36.903472900390625,38.24842834472656,0,1038240,0.0
z500_brown_0.05,3,2,12.0,v925,-31.94438934326172,36.01919174194336,0,1038240,0.0
z500_brown_0.05,3,2,12.0,v1000,-19.59531021118164,27.7490177154541,0,1038240,0.0
z500_brown_0.05,3,2,12.0,z50,178387.890625,208118.328125,0,1038240,0.0
z500_brown_0.05,3,2,12.0,z100,140578.65625,165780.4375,0,1038240,0.0
z500_brown_0.05,3,2,12.0,z150,117494.953125,142058.5,0,1038240,0.0
z500_brown_0.05,3,2,12.0,z200,100653.8828125,123894.53125,0,1038240,0.0
z500_brown_0.05,3,2,12.0,z250,87330.4453125,109058.5703125,0,1038240,0.0
z500_brown_0.05,3,2,12.0,z300,76233.875,96356.109375,0,1038240,0.0
z500_brown_0.05,3,2,12.0,z400,58366.54296875,75475.390625,0,1038240,0.0
z500_brown_0.05,3,2,12.0,z500,44089.3515625,58904.87890625,0,1038240,0.0
z500_brown_0.05,3,2,12.0,z600,31991.5546875,44801.2578125,0,1038240,0.0
z500_brown_0.05,3,2,12.0,z700,21552.673828125,32427.841796875,0,1038240,0.0
z500_brown_0.05,3,2,12.0,z850,7340.8125,16479.72265625,0,1038240,0.0
z500_brown_0.05,3,2,12.0,z925,951.11328125,9381.419921875,0,1038240,0.0
z500_brown_0.05,3,2,12.0,z1000,-5094.94140625,3079.23974609375,0,1038240,0.0
z500_brown_0.05,3,2,12.0,t50,180.70912170410156,234.07083129882812,0,1038240,0.0
z500_brown_0.05,3,2,12.0,t100,186.1903076171875,235.48675537109375,0,1038240,0.0
z500_brown_0.05,3,2,12.0,t150,188.20660400390625,238.6971893310547,0,1038240,0.0
z500_brown_0.05,3,2,12.0,t200,191.9188232421875,241.4533233642578,0,1038240,0.0
z500_brown_0.05,3,2,12.0,t250,199.13351440429688,242.92294311523438,0,1038240,0.0
z500_brown_0.05,3,2,12.0,t300,204.8170623779297,251.26849365234375,0,1038240,0.0
z500_brown_0.05,3,2,12.0,t400,214.67483520507812,264.8887023925781,0,1038240,0.0
z500_brown_0.05,3,2,12.0,t500,223.73641967773438,276.3916931152344,0,1038240,0.0
z500_brown_0.05,3,2,12.0,t600,218.0711669921875,290.23016357421875,0,1038240,0.0
z500_brown_0.05,3,2,12.0,t700,214.71617126464844,302.26239013671875,0,1038240,0.0
z500_brown_0.05,3,2,12.0,t850,222.65150451660156,314.0744323730469,0,1038240,0.0
z500_brown_0.05,3,2,12.0,t925,226.9981689453125,319.7613525390625,0,1038240,0.0
z500_brown_0.05,3,2,12.0,t1000,230.7672576904297,324.85101318359375,0,1038240,0.0
z500_brown_0.05,3,2,12.0,q50,8.424535735684913e-08,1.9596195670601446e-06,0,1038240,0.0
z500_brown_0.05,3,2,12.0,q100,2.822550868586404e-07,8.734343282412738e-06,0,1038240,0.0
z500_brown_0.05,3,2,12.0,q150,3.3611058825044893e-07,3.566708983271383e-05,0,1038240,0.0
z500_brown_0.05,3,2,12.0,q200,-2.6020206860266626e-06,0.00020639790454879403,9751,1038240,0.00939185544768069
z500_brown_0.05,3,2,12.0,q250,-9.889688953990117e-06,0.0007041458738967776,38491,1038240,0.037073316381568806
z500_brown_0.05,3,2,12.0,q300,-1.25923688756302e-05,0.0015238801715895534,18167,1038240,0.017497881029434427
z500_brown_0.05,3,2,12.0,q400,-6.922153988853097e-05,0.004142544697970152,47438,1038240,0.045690784404376635
z500_brown_0.05,3,2,12.0,q500,-0.00011163263116031885,0.006969477515667677,25435,1038240,0.024498189243334873
z500_brown_0.05,3,2,12.0,q600,-0.00026501959655433893,0.010136746801435947,22423,1038240,0.021597125905378333
z500_brown_0.05,3,2,12.0,q700,-0.0006472000386565924,0.013417704030871391,55772,1038240,0.053717830174140856
z500_brown_0.05,3,2,12.0,q850,-0.0012615467421710491,0.01793491281569004,70654,1038240,0.06805170288179997
z500_brown_0.05,3,2,12.0,q925,-0.0015349234454333782,0.020113332197070122,73220,1038240,0.07052319309600863
z500_brown_0.05,3,2,12.0,q1000,-0.0017702863551676273,0.025288045406341553,72820,1038240,0.07013792572045
z500_brown_0.05,3,3,18.0,u10m,-23.008533477783203,20.85302734375,0,1038240,0.0
z500_brown_0.05,3,3,18.0,v10m,-20.020721435546875,26.435985565185547,0,1038240,0.0
z500_brown_0.05,3,3,18.0,u100m,-29.89141082763672,25.738245010375977,0,1038240,0.0
z500_brown_0.05,3,3,18.0,v100m,-25.87798500061035,36.16823196411133,0,1038240,0.0
z500_brown_0.05,3,3,18.0,t2m,205.95462036132812,320.9670104980469,0,1038240,0.0
z500_brown_0.05,3,3,18.0,sp,49148.49609375,103794.296875,0,1038240,0.0
z500_brown_0.05,3,3,18.0,msl,93867.375,103914.2890625,0,1038240,0.0
z500_brown_0.05,3,3,18.0,tcwv,-5.098039627075195,77.05500793457031,73374,1038240,0.0706715210355987
z500_brown_0.05,3,3,18.0,u50,-29.255081176757812,76.24824523925781,0,1038240,0.0
z500_brown_0.05,3,3,18.0,u100,-37.63920211791992,66.15104675292969,0,1038240,0.0
z500_brown_0.05,3,3,18.0,u150,-33.031333923339844,74.50869750976562,0,1038240,0.0
z500_brown_0.05,3,3,18.0,u200,-41.076904296875,87.02867889404297,0,1038240,0.0
z500_brown_0.05,3,3,18.0,u250,-37.526126861572266,100.30686950683594,0,1038240,0.0
z500_brown_0.05,3,3,18.0,u300,-39.93785858154297,96.77509307861328,0,1038240,0.0
z500_brown_0.05,3,3,18.0,u400,-38.223854064941406,70.93526458740234,0,1038240,0.0
z500_brown_0.05,3,3,18.0,u500,-34.814239501953125,57.3996696472168,0,1038240,0.0
z500_brown_0.05,3,3,18.0,u600,-33.32393264770508,44.90952682495117,0,1038240,0.0
z500_brown_0.05,3,3,18.0,u700,-34.21720504760742,39.072837829589844,0,1038240,0.0
z500_brown_0.05,3,3,18.0,u850,-36.9806022644043,35.66987991333008,0,1038240,0.0
z500_brown_0.05,3,3,18.0,u925,-36.74923324584961,31.999380111694336,0,1038240,0.0
z500_brown_0.05,3,3,18.0,u1000,-22.479419708251953,21.42793083190918,0,1038240,0.0
z500_brown_0.05,3,3,18.0,v50,-23.253461837768555,29.987625122070312,0,1038240,0.0
z500_brown_0.05,3,3,18.0,v100,-26.683889389038086,33.82561492919922,0,1038240,0.0
z500_brown_0.05,3,3,18.0,v150,-29.490516662597656,36.48640060424805,0,1038240,0.0
z500_brown_0.05,3,3,18.0,v200,-45.243438720703125,54.79418182373047,0,1038240,0.0
z500_brown_0.05,3,3,18.0,v250,-56.50801467895508,62.59315490722656,0,1038240,0.0
z500_brown_0.05,3,3,18.0,v300,-52.31309127807617,58.507328033447266,0,1038240,0.0
z500_brown_0.05,3,3,18.0,v400,-44.87285614013672,52.34953308105469,0,1038240,0.0
z500_brown_0.05,3,3,18.0,v500,-42.77189254760742,43.377349853515625,0,1038240,0.0
z500_brown_0.05,3,3,18.0,v600,-33.43623352050781,36.28209686279297,0,1038240,0.0
z500_brown_0.05,3,3,18.0,v700,-27.326875686645508,33.78018569946289,0,1038240,0.0
z500_brown_0.05,3,3,18.0,v850,-32.75934600830078,37.0739631652832,0,1038240,0.0
z500_brown_0.05,3,3,18.0,v925,-31.412071228027344,37.05398941040039,0,1038240,0.0
z500_brown_0.05,3,3,18.0,v1000,-20.85914421081543,27.239192962646484,0,1038240,0.0
z500_brown_0.05,3,3,18.0,z50,178328.296875,208006.0625,0,1038240,0.0
z500_brown_0.05,3,3,18.0,z100,140483.96875,165774.359375,0,1038240,0.0
z500_brown_0.05,3,3,18.0,z150,117406.3671875,142026.859375,0,1038240,0.0
z500_brown_0.05,3,3,18.0,z200,100597.984375,123877.640625,0,1038240,0.0
z500_brown_0.05,3,3,18.0,z250,87299.234375,109028.8203125,0,1038240,0.0
z500_brown_0.05,3,3,18.0,z300,76219.2421875,96413.2421875,0,1038240,0.0
z500_brown_0.05,3,3,18.0,z400,58384.6796875,75628.59375,0,1038240,0.0
z500_brown_0.05,3,3,18.0,z500,44141.71875,58876.74609375,0,1038240,0.0
z500_brown_0.05,3,3,18.0,z600,32093.9453125,44720.9453125,0,1038240,0.0
z500_brown_0.05,3,3,18.0,z700,21631.01171875,32406.72265625,0,1038240,0.0
z500_brown_0.05,3,3,18.0,z850,7469.4013671875,16455.05859375,0,1038240,0.0
z500_brown_0.05,3,3,18.0,z925,1153.11767578125,9420.146484375,0,1038240,0.0
z500_brown_0.05,3,3,18.0,z1000,-4792.23876953125,2994.5263671875,0,1038240,0.0
z500_brown_0.05,3,3,18.0,t50,180.5449676513672,234.39895629882812,0,1038240,0.0
z500_brown_0.05,3,3,18.0,t100,186.3372039794922,235.42413330078125,0,1038240,0.0
z500_brown_0.05,3,3,18.0,t150,188.95669555664062,239.08114624023438,0,1038240,0.0
z500_brown_0.05,3,3,18.0,t200,192.61212158203125,241.74176025390625,0,1038240,0.0
z500_brown_0.05,3,3,18.0,t250,199.30715942382812,242.6376953125,0,1038240,0.0
z500_brown_0.05,3,3,18.0,t300,204.6780548095703,250.66387939453125,0,1038240,0.0
z500_brown_0.05,3,3,18.0,t400,214.7564697265625,264.7363586425781,0,1038240,0.0
z500_brown_0.05,3,3,18.0,t500,223.3577423095703,276.4652404785156,0,1038240,0.0
z500_brown_0.05,3,3,18.0,t600,216.44235229492188,288.39056396484375,0,1038240,0.0
z500_brown_0.05,3,3,18.0,t700,215.59376525878906,299.5599060058594,0,1038240,0.0
z500_brown_0.05,3,3,18.0,t850,223.91445922851562,310.59906005859375,0,1038240,0.0
z500_brown_0.05,3,3,18.0,t925,227.97775268554688,317.0221862792969,0,1038240,0.0
z500_brown_0.05,3,3,18.0,t1000,231.65545654296875,322.17333984375,0,1038240,0.0
z500_brown_0.05,3,3,18.0,q50,1.2825330486521125e-07,1.968491915249615e-06,0,1038240,0.0
z500_brown_0.05,3,3,18.0,q100,4.12617964684614e-07,8.163958227669355e-06,0,1038240,0.0
z500_brown_0.05,3,3,18.0,q150,2.8577278499142267e-07,3.653660314739682e-05,0,1038240,0.0
z500_brown_0.05,3,3,18.0,q200,-1.7540151020511985e-06,0.0002125599712599069,5801,1038240,0.005587340114039143
z500_brown_0.05,3,3,18.0,q250,-1.5146342775551602e-05,0.000655769428703934,34045,1038240,0.03279106950223455
z500_brown_0.05,3,3,18.0,q300,-1.5255005564540625e-05,0.00150731869507581,27207,1038240,0.02620492371705964
z500_brown_0.05,3,3,18.0,q400,-7.577045471407473e-05,0.004028426017612219,55915,1038240,0.053855563260903065
z500_brown_0.05,3,3,18.0,q500,-0.00011968240141868591,0.006938093341886997,40536,1038240,0.039042995839112346
z500_brown_0.05,3,3,18.0,q600,-0.000331493909470737,0.009637443348765373,36994,1038240,0.03563145322854061
z500_brown_0.05,3,3,18.0,q700,-0.0007369995582848787,0.013201165944337845,61644,1038240,0.059373555247341656
z500_brown_0.05,3,3,18.0,q850,-0.0012139901518821716,0.01802273839712143,72836,1038240,0.07015333641547233
z500_brown_0.05,3,3,18.0,q925,-0.0014961455017328262,0.019880512729287148,74770,1038240,0.07201610417629835
z500_brown_0.05,3,3,18.0,q1000,-0.0015637264586985111,0.02470778487622738,73480,1038240,0.07077361689012174
z500_brown_0.05,3,4,24.0,u10m,-21.063770294189453,25.619089126586914,0,1038240,0.0
z500_brown_0.05,3,4,24.0,v10m,-19.774044036865234,25.559656143188477,0,1038240,0.0
z500_brown_0.05,3,4,24.0,u100m,-28.148527145385742,32.80415725708008,0,1038240,0.0
z500_brown_0.05,3,4,24.0,v100m,-26.188955307006836,34.596797943115234,0,1038240,0.0
z500_brown_0.05,3,4,24.0,t2m,205.76409912109375,319.237060546875,0,1038240,0.0
z500_brown_0.05,3,4,24.0,sp,49005.90234375,103874.9140625,0,1038240,0.0
z500_brown_0.05,3,4,24.0,msl,93866.4375,103846.6953125,0,1038240,0.0
z500_brown_0.05,3,4,24.0,tcwv,-4.592798233032227,75.13776397705078,72059,1038240,0.06940495453844968
z500_brown_0.05,3,4,24.0,u50,-29.761207580566406,78.20213317871094,0,1038240,0.0
z500_brown_0.05,3,4,24.0,u100,-37.65741729736328,66.39244079589844,0,1038240,0.0
z500_brown_0.05,3,4,24.0,u150,-32.35608673095703,73.76407623291016,0,1038240,0.0
z500_brown_0.05,3,4,24.0,u200,-37.48113250732422,85.69258117675781,0,1038240,0.0
z500_brown_0.05,3,4,24.0,u250,-36.57603073120117,95.89689636230469,0,1038240,0.0
z500_brown_0.05,3,4,24.0,u300,-39.72444534301758,93.50286865234375,0,1038240,0.0
z500_brown_0.05,3,4,24.0,u400,-36.02207946777344,72.18183898925781,0,1038240,0.0
z500_brown_0.05,3,4,24.0,u500,-30.358814239501953,62.39064407348633,0,1038240,0.0
z500_brown_0.05,3,4,24.0,u600,-30.71645164489746,50.611148834228516,0,1038240,0.0
z500_brown_0.05,3,4,24.0,u700,-32.28199768066406,41.45084762573242,0,1038240,0.0
z500_brown_0.05,3,4,24.0,u850,-36.63883972167969,35.79225540161133,0,1038240,0.0
z500_brown_0.05,3,4,24.0,u925,-34.950408935546875,35.96195602416992,0,1038240,0.0
z500_brown_0.05,3,4,24.0,u1000,-20.647497177124023,25.40591049194336,0,1038240,0.0
z500_brown_0.05,3,4,24.0,v50,-22.840864181518555,29.820693969726562,0,1038240,0.0
z500_brown_0.05,3,4,24.0,v100,-25.01398468017578,32.77528762817383,0,1038240,0.0
z500_brown_0.05,3,4,24.0,v150,-29.417091369628906,34.60017013549805,0,1038240,0.0
z500_brown_0.05,3,4,24.0,v200,-42.671504974365234,53.48954391479492,0,1038240,0.0
z500_brown_0.05,3,4,24.0,v250,-55.084476470947266,63.10441589355469,0,1038240,0.0
z500_brown_0.05,3,4,24.0,v300,-54.23342514038086,60.3818473815918,0,1038240,0.0
z500_brown_0.05,3,4,24.0,v400,-38.2956657409668,52.543121337890625,0,1038240,0.0
z500_brown_0.05,3,4,24.0,v500,-36.46969985961914,45.98085403442383,0,1038240,0.0
z500_brown_0.05,3,4,24.0,v600,-33.33274841308594,37.08076477050781,0,1038240,0.0
z500_brown_0.05,3,4,24.0,v700,-29.92710304260254,32.334835052490234,0,1038240,0.0
z500_brown_0.05,3,4,24.0,v850,-36.575653076171875,38.875789642333984,0,1038240,0.0
z500_brown_0.05,3,4,24.0,v925,-32.10981750488281,36.07691192626953,0,1038240,0.0
z500_brown_0.05,3,4,24.0,v1000,-20.437700271606445,26.299121856689453,0,1038240,0.0
z500_brown_0.05,3,4,24.0,z50,178257.734375,208028.234375,0,1038240,0.0
z500_brown_0.05,3,4,24.0,z100,140424.828125,165525.265625,0,1038240,0.0
z500_brown_0.05,3,4,24.0,z150,117366.671875,141754.4375,0,1038240,0.0
z500_brown_0.05,3,4,24.0,z200,100567.5,123662.5703125,0,1038240,0.0
z500_brown_0.05,3,4,24.0,z250,87275.2421875,108960.5859375,0,1038240,0.0
z500_brown_0.05,3,4,24.0,z300,76178.4609375,96424.8046875,0,1038240,0.0
z500_brown_0.05,3,4,24.0,z400,58356.74609375,75603.953125,0,1038240,0.0
z500_brown_0.05,3,4,24.0,z500,44130.0390625,58827.3828125,0,1038240,0.0
z500_brown_0.05,3,4,24.0,z600,32135.158203125,44694.58203125,0,1038240,0.0
z500_brown_0.05,3,4,24.0,z700,21566.54296875,32408.6640625,0,1038240,0.0
z500_brown_0.05,3,4,24.0,z850,7329.29833984375,16491.427734375,0,1038240,0.0
z500_brown_0.05,3,4,24.0,z925,1050.59619140625,9511.4619140625,0,1038240,0.0
z500_brown_0.05,3,4,24.0,z1000,-4816.94677734375,3049.142578125,0,1038240,0.0
z500_brown_0.05,3,4,24.0,t50,180.19613647460938,234.6629180908203,0,1038240,0.0
z500_brown_0.05,3,4,24.0,t100,186.4754638671875,235.44937133789062,0,1038240,0.0
z500_brown_0.05,3,4,24.0,t150,188.73861694335938,239.3382568359375,0,1038240,0.0
z500_brown_0.05,3,4,24.0,t200,192.31326293945312,241.86842346191406,0,1038240,0.0
z500_brown_0.05,3,4,24.0,t250,199.58746337890625,242.83758544921875,0,1038240,0.0
z500_brown_0.05,3,4,24.0,t300,204.65603637695312,250.218994140625,0,1038240,0.0
z500_brown_0.05,3,4,24.0,t400,214.55545043945312,264.6272277832031,0,1038240,0.0
z500_brown_0.05,3,4,24.0,t500,223.01434326171875,276.3401794433594,0,1038240,0.0
z500_brown_0.05,3,4,24.0,t600,216.94967651367188,286.5765075683594,0,1038240,0.0
z500_brown_0.05,3,4,24.0,t700,215.8878173828125,295.198974609375,0,1038240,0.0
z500_brown_0.05,3,4,24.0,t850,224.38925170898438,308.4624938964844,0,1038240,0.0
z500_brown_0.05,3,4,24.0,t925,228.25978088378906,313.7623596191406,0,1038240,0.0
z500_brown_0.05,3,4,24.0,t1000,232.02394104003906,318.1402587890625,0,1038240,0.0
z500_brown_0.05,3,4,24.0,q50,1.695796072453959e-07,1.97511462829425e-06,0,1038240,0.0
z500_brown_0.05,3,4,24.0,q100,4.912660642730771e-07,7.662483767489903e-06,0,1038240,0.0
z500_brown_0.05,3,4,24.0,q150,-9.0331923274789e-08,3.4827549825422466e-05,4,1038240,3.852673755586377e-06
z500_brown_0.05,3,4,24.0,q200,-1.41420605359599e-06,0.00019528977281879634,5329,1038240,0.005132724610879951
z500_brown_0.05,3,4,24.0,q250,-1.2143897038185969e-05,0.0006325653521344066,40769,1038240,0.03926741408537525
z500_brown_0.05,3,4,24.0,q300,-1.7172307707369328e-05,0.001450562966056168,30578,1038240,0.02945176452458006
z500_brown_0.05,3,4,24.0,q400,-6.09740091022104e-05,0.004090223927050829,52012,1038240,0.05009631684388966
z500_brown_0.05,3,4,24.0,q500,-0.00011908815940842032,0.006918047554790974,44438,1038240,0.042801279087686855
z500_brown_0.05,3,4,24.0,q600,-0.00025115651078522205,0.009402894414961338,43877,1038240,0.04226094159346586
z500_brown_0.05,3,4,24.0,q700,-0.0006544515490531921,0.012975141406059265,59875,1038240,0.05766971027893358
z500_brown_0.05,3,4,24.0,q850,-0.0010241279378533363,0.018099455162882805,72099,1038240,0.06944348127600555
z500_brown_0.05,3,4,24.0,q925,-0.0012820670381188393,0.019606396555900574,74535,1038240,0.07178975959315766
z500_brown_0.05,3,4,24.0,q1000,-0.0014037243090569973,0.024598317220807076,72668,1038240,0.06999152411773771
z500_brown_0.05,3,5,30.0,u10m,-21.971893310546875,27.02566909790039,0,1038240,0.0
z500_brown_0.05,3,5,30.0,v10m,-19.71555519104004,24.21309471130371,0,1038240,0.0
z500_brown_0.05,3,5,30.0,u100m,-29.449317932128906,34.13895034790039,0,1038240,0.0
z500_brown_0.05,3,5,30.0,v100m,-25.98317527770996,33.163917541503906,0,1038240,0.0
z500_brown_0.05,3,5,30.0,t2m,205.73251342773438,316.1921691894531,0,1038240,0.0
z500_brown_0.05,3,5,30.0,sp,49030.50390625,103812.3671875,0,1038240,0.0
z500_brown_0.05,3,5,30.0,msl,93969.2578125,103794.7890625,0,1038240,0.0
z500_brown_0.05,3,5,30.0,tcwv,-4.082569122314453,75.01775360107422,70496,1038240,0.0678995222684543
z500_brown_0.05,3,5,30.0,u50,-30.13735580444336,77.75785827636719,0,1038240,0.0
z500_brown_0.05,3,5,30.0,u100,-37.78541564941406,69.11321258544922,0,1038240,0.0
z500_brown_0.05,3,5,30.0,u150,-31.146562576293945,73.30714416503906,0,1038240,0.0
z500_brown_0.05,3,5,30.0,u200,-37.226417541503906,85.18888092041016,0,1038240,0.0
z500_brown_0.05,3,5,30.0,u250,-33.377098083496094,93.11073303222656,0,1038240,0.0
z500_brown_0.05,3,5,30.0,u300,-38.09587860107422,91.51593780517578,0,1038240,0.0
z500_brown_0.05,3,5,30.0,u400,-34.617164611816406,74.76356506347656,0,1038240,0.0
z500_brown_0.05,3,5,30.0,u500,-30.859100341796875,60.58412170410156,0,1038240,0.0
z500_brown_0.05,3,5,30.0,u600,-29.648305892944336,49.26957321166992,0,1038240,0.0
z500_brown_0.05,3,5,30.0,u700,-36.35976791381836,40.03056716918945,0,1038240,0.0
z500_brown_0.05,3,5,30.0,u850,-38.6346549987793,39.4719123840332,0,1038240,0.0
z500_brown_0.05,3,5,30.0,u925,-35.7740478515625,36.57067108154297,0,1038240,0.0
z500_brown_0.05,3,5,30.0,u1000,-21.817459106445312,26.491779327392578,0,1038240,0.0
z500_brown_0.05,3,5,30.0,v50,-23.630924224853516,28.642871856689453,0,1038240,0.0
z500_brown_0.05,3,5,30.0,v100,-21.909109115600586,31.346532821655273,0,1038240,0.0
z500_brown_0.05,3,5,30.0,v150,-28.57071876525879,33.01219177246094,0,1038240,0.0
z500_brown_0.05,3,5,30.0,v200,-43.076602935791016,51.83694076538086,0,1038240,0.0
z500_brown_0.05,3,5,30.0,v250,-54.54682159423828,63.33704376220703,0,1038240,0.0
z500_brown_0.05,3,5,30.0,v300,-53.85612487792969,65.32401275634766,0,1038240,0.0
z500_brown_0.05,3,5,30.0,v400,-39.83282470703125,56.129974365234375,0,1038240,0.0
z500_brown_0.05,3,5,30.0,v500,-36.95773696899414,48.51460266113281,0,1038240,0.0
z500_brown_0.05,3,5,30.0,v600,-32.85493469238281,39.40741729736328,0,1038240,0.0
z500_brown_0.05,3,5,30.0,v700,-28.520544052124023,32.15327453613281,0,1038240,0.0
z500_brown_0.05,3,5,30.0,v850,-36.200347900390625,38.663448333740234,0,1038240,0.0
z500_brown_0.05,3,5,30.0,v925,-31.33177947998047,31.80461883544922,0,1038240,0.0
z500_brown_0.05,3,5,30.0,v1000,-20.28836441040039,24.69763946533203,0,1038240,0.0
z500_brown_0.05,3,5,30.0,z50,178059.546875,208154.859375,0,1038240,0.0
z500_brown_0.05,3,5,30.0,z100,140310.546875,165596.0,0,1038240,0.0
z500_brown_0.05,3,5,30.0,z150,117288.859375,141777.703125,0,1038240,0.0
z500_brown_0.05,3,5,30.0,z200,100510.84375,123648.75,0,1038240,0.0
z500_brown_0.05,3,5,30.0,z250,87227.453125,108960.703125,0,1038240,0.0
z500_brown_0.05,3,5,30.0,z300,76154.296875,96416.3046875,0,1038240,0.0
z500_brown_0.05,3,5,30.0,z400,58344.74609375,75610.2109375,0,1038240,0.0
z500_brown_0.05,3,5,30.0,z500,44115.890625,58658.61328125,0,1038240,0.0
z500_brown_0.05,3,5,30.0,z600,31973.9765625,44538.48046875,0,1038240,0.0
z500_brown_0.05,3,5,30.0,z700,21264.224609375,32236.205078125,0,1038240,0.0
z500_brown_0.05,3,5,30.0,z850,7282.6630859375,16520.330078125,0,1038240,0.0
z500_brown_0.05,3,5,30.0,z925,1120.134765625,9528.298828125,0,1038240,0.0
z500_brown_0.05,3,5,30.0,z1000,-4683.83251953125,3029.58349609375,0,1038240,0.0
z500_brown_0.05,3,5,30.0,t50,179.9811553955078,234.9242706298828,0,1038240,0.0
z500_brown_0.05,3,5,30.0,t100,186.21786499023438,235.2783203125,0,1038240,0.0
z500_brown_0.05,3,5,30.0,t150,189.2870635986328,239.99220275878906,0,1038240,0.0
z500_brown_0.05,3,5,30.0,t200,192.00381469726562,242.11294555664062,0,1038240,0.0
z500_brown_0.05,3,5,30.0,t250,199.78823852539062,242.609619140625,0,1038240,0.0
z500_brown_0.05,3,5,30.0,t300,204.68043518066406,250.2206268310547,0,1038240,0.0
z500_brown_0.05,3,5,30.0,t400,213.99691772460938,264.1565246582031,0,1038240,0.0
z500_brown_0.05,3,5,30.0,t500,222.88766479492188,275.7748107910156,0,1038240,0.0
z500_brown_0.05,3,5,30.0,t600,216.86497497558594,288.990234375,0,1038240,0.0
z500_brown_0.05,3,5,30.0,t700,215.34780883789062,300.6363220214844,0,1038240,0.0
z500_brown_0.05,3,5,30.0,t850,224.0949249267578,311.9253845214844,0,1038240,0.0
z500_brown_0.05,3,5,30.0,t925,227.90403747558594,317.04534912109375,0,1038240,0.0
z500_brown_0.05,3,5,30.0,t1000,231.47940063476562,322.1639404296875,0,1038240,0.0
z500_brown_0.05,3,5,30.0,q50,2.1133132577233482e-07,1.9825574781862088e-06,0,1038240,0.0
z500_brown_0.05,3,5,30.0,q100,5.815793429064797e-07,7.21119977242779e-06,0,1038240,0.0
z500_brown_0.05,3,5,30.0,q150,-4.86738372273976e-07,3.4578722988953814e-05,67,1038240,6.453228540607181e-05
z500_brown_0.05,3,5,30.0,q200,-2.210650563938543e-06,0.00020107826276216656,7918,1038240,0.007626367699183233
z500_brown_0.05,3,5,30.0,q250,-1.540369339636527e-05,0.0006425001774914563,32512,1038240,0.03131453228540607
z500_brown_0.05,3,5,30.0,q300,-2.0027320715598762e-05,0.0015059160068631172,27728,1038240,0.026706734473724764
z500_brown_0.05,3,5,30.0,q400,-6.619613850489259e-05,0.004165576305240393,48798,1038240,0.04700069348127601
z500_brown_0.05,3,5,30.0,q500,-0.00010417104931548238,0.007186670787632465,41150,1038240,0.039634381260594855
z500_brown_0.05,3,5,30.0,q600,-0.00029634428210556507,0.010728353634476662,44384,1038240,0.04274926799198644
z500_brown_0.05,3,5,30.0,q700,-0.000555841950699687,0.01328112930059433,61693,1038240,0.05942075050084759
z500_brown_0.05,3,5,30.0,q850,-0.0008474080823361874,0.018031736835837364,70069,1038240,0.06748824934504546
z500_brown_0.05,3,5,30.0,q925,-0.0010705022141337395,0.020021582022309303,72123,1038240,0.06946659731853906
z500_brown_0.05,3,5,30.0,q1000,-0.001147253904491663,0.024209870025515556,71140,1038240,0.06851980274310371
z500_brown_0.05,3,6,36.0,u10m,-22.147310256958008,23.511554718017578,0,1038240,0.0
z500_brown_0.05,3,6,36.0,v10m,-19.525146484375,22.976438522338867,0,1038240,0.0
z500_brown_0.05,3,6,36.0,u100m,-29.31586265563965,29.438617706298828,0,1038240,0.0
z500_brown_0.05,3,6,36.0,v100m,-25.573232650756836,31.899072647094727,0,1038240,0.0
z500_brown_0.05,3,6,36.0,t2m,204.40689086914062,322.24774169921875,0,1038240,0.0
z500_brown_0.05,3,6,36.0,sp,48971.140625,103826.9140625,0,1038240,0.0
z500_brown_0.05,3,6,36.0,msl,94159.8125,103788.3359375,0,1038240,0.0
z500_brown_0.05,3,6,36.0,tcwv,-3.6406993865966797,74.66272735595703,66847,1038240,0.06438492063492063
z500_brown_0.05,3,6,36.0,u50,-27.571727752685547,76.00308227539062,0,1038240,0.0
z500_brown_0.05,3,6,36.0,u100,-37.224761962890625,68.10824584960938,0,1038240,0.0
z500_brown_0.05,3,6,36.0,u150,-31.370344161987305,71.61030578613281,0,1038240,0.0
z500_brown_0.05,3,6,36.0,u200,-36.92723846435547,82.79673767089844,0,1038240,0.0
z500_brown_0.05,3,6,36.0,u250,-34.481361389160156,90.088134765625,0,1038240,0.0
z500_brown_0.05,3,6,36.0,u300,-32.1895866394043,86.2546157836914,0,1038240,0.0
z500_brown_0.05,3,6,36.0,u400,-28.174131393432617,72.81843566894531,0,1038240,0.0
z500_brown_0.05,3,6,36.0,u500,-27.605758666992188,59.540382385253906,0,1038240,0.0
z500_brown_0.05,3,6,36.0,u600,-30.28678321838379,48.37582778930664,0,1038240,0.0
z500_brown_0.05,3,6,36.0,u700,-38.01469802856445,40.886104583740234,0,1038240,0.0
z500_brown_0.05,3,6,36.0,u850,-37.80301284790039,36.48908615112305,0,1038240,0.0
z500_brown_0.05,3,6,36.0,u925,-35.68391036987305,31.31418228149414,0,1038240,0.0
z500_brown_0.05,3,6,36.0,u1000,-21.822782516479492,23.4683837890625,0,1038240,0.0
z500_brown_0.05,3,6,36.0,v50,-25.44610023498535,28.372926712036133,0,1038240,0.0
z500_brown_0.05,3,6,36.0,v100,-21.51031494140625,29.35089874267578,0,1038240,0.0
z500_brown_0.05,3,6,36.0,v150,-28.732648849487305,32.536582946777344,0,1038240,0.0
z500_brown_0.05,3,6,36.0,v200,-40.091453552246094,48.193180084228516,0,1038240,0.0
z500_brown_0.05,3,6,36.0,v250,-49.62089920043945,54.03260803222656,0,1038240,0.0
z500_brown_0.05,3,6,36.0,v300,-54.68711853027344,53.703041076660156,0,1038240,0.0
z500_brown_0.05,3,6,36.0,v400,-45.83139419555664,54.11360549926758,0,1038240,0.0
z500_brown_0.05,3,6,36.0,v500,-37.548458099365234,46.41237258911133,0,1038240,0.0
z500_brown_0.05,3,6,36.0,v600,-29.962980270385742,38.77965545654297,0,1038240,0.0
z500_brown_0.05,3,6,36.0,v700,-26.008438110351562,31.074045181274414,0,1038240,0.0
z500_brown_0.05,3,6,36.0,v850,-32.25639724731445,37.61933517456055,0,1038240,0.0
z500_brown_0.05,3,6,36.0,v925,-31.256290435791016,30.58847999572754,0,1038240,0.0
z500_brown_0.05,3,6,36.0,v1000,-20.39096450805664,23.667619705200195,0,1038240,0.0
z500_brown_0.05,3,6,36.0,z50,177769.5,208319.421875,0,1038240,0.0
z500_brown_0.05,3,6,36.0,z100,140307.703125,165790.5625,0,1038240,0.0
z500_brown_0.05,3,6,36.0,z150,117342.5859375,141943.1875,0,1038240,0.0
z500_brown_0.05,3,6,36.0,z200,100621.0625,123776.0078125,0,1038240,0.0
z500_brown_0.05,3,6,36.0,z250,87378.75,108855.7578125,0,1038240,0.0
z500_brown_0.05,3,6,36.0,z300,76317.9921875,96272.4609375,0,1038240,0.0
z500_brown_0.05,3,6,36.0,z400,58500.52734375,75469.75,0,1038240,0.0
z500_brown_0.05,3,6,36.0,z500,44099.40625,58738.171875,0,1038240,0.0
z500_brown_0.05,3,6,36.0,z600,31852.1875,44618.04296875,0,1038240,0.0
z500_brown_0.05,3,6,36.0,z700,21211.265625,32269.55078125,0,1038240,0.0
z500_brown_0.05,3,6,36.0,z850,7387.8388671875,16579.25390625,0,1038240,0.0
z500_brown_0.05,3,6,36.0,z925,1275.30859375,9587.4501953125,0,1038240,0.0
z500_brown_0.05,3,6,36.0,z1000,-4501.529296875,3093.95166015625,0,1038240,0.0
z500_brown_0.05,3,6,36.0,t50,179.67282104492188,235.18246459960938,0,1038240,0.0
z500_brown_0.05,3,6,36.0,t100,186.01380920410156,235.6248016357422,0,1038240,0.0
z500_brown_0.05,3,6,36.0,t150,189.27890014648438,240.2054901123047,0,1038240,0.0
z500_brown_0.05,3,6,36.0,t200,191.7845001220703,242.00767517089844,0,1038240,0.0
z500_brown_0.05,3,6,36.0,t250,200.20680236816406,242.69708251953125,0,1038240,0.0
z500_brown_0.05,3,6,36.0,t300,204.4701690673828,251.31837463378906,0,1038240,0.0
z500_brown_0.05,3,6,36.0,t400,213.71058654785156,265.4718322753906,0,1038240,0.0
z500_brown_0.05,3,6,36.0,t500,222.54734802246094,276.7593078613281,0,1038240,0.0
z500_brown_0.05,3,6,36.0,t600,217.0831756591797,290.82550048828125,0,1038240,0.0
z500_brown_0.05,3,6,36.0,t700,215.3333282470703,303.15093994140625,0,1038240,0.0
z500_brown_0.05,3,6,36.0,t850,223.8781280517578,313.58575439453125,0,1038240,0.0
z500_brown_0.05,3,6,36.0,t925,227.7584228515625,318.5054931640625,0,1038240,0.0
z500_brown_0.05,3,6,36.0,t1000,231.32350158691406,323.3779602050781,0,1038240,0.0
z500_brown_0.05,3,6,36.0,q50,2.486658559064381e-07,1.9888896076736273e-06,0,1038240,0.0
z500_brown_0.05,3,6,36.0,q100,6.54274799671839e-07,6.809741989854956e-06,0,1038240,0.0
z500_brown_0.05,3,6,36.0,q150,1.1373595043551177e-07,3.885764817823656e-05,0,1038240,0.0
z500_brown_0.05,3,6,36.0,q200,-3.7312929634936154e-06,0.00021358023514039814,11011,1038240,0.010605447680690399
z500_brown_0.05,3,6,36.0,q250,-1.4313493011286482e-05,0.0006603008368983865,30461,1038240,0.029339073817229156
z500_brown_0.05,3,6,36.0,q300,-1.616835652384907e-05,0.001480997889302671,26725,1038240,0.02574067652951148
z500_brown_0.05,3,6,36.0,q400,-5.609166692011058e-05,0.003986653406172991,46501,1038240,0.04478829557713053
z500_brown_0.05,3,6,36.0,q500,-9.934924310073256e-05,0.007859529927372932,37131,1038240,0.03576340730466944
z500_brown_0.05,3,6,36.0,q600,-0.00024413305800408125,0.009868615306913853,42329,1038240,0.04076995685005394
z500_brown_0.05,3,6,36.0,q700,-0.0004734005779027939,0.012836460024118423,56530,1038240,0.054447911850824475
z500_brown_0.05,3,6,36.0,q850,-0.0006623705849051476,0.018156347796320915,66040,1038240,0.06360764370473108
z500_brown_0.05,3,6,36.0,q925,-0.0008170311339199543,0.0201119277626276,67479,1038240,0.06499364308830329
z500_brown_0.05,3,6,36.0,q1000,-0.0009262594394385815,0.025966400280594826,67189,1038240,0.06471432424102327
z500_brown_0.05,3,7,42.0,u10m,-21.917879104614258,18.58942985534668,0,1038240,0.0
z500_brown_0.05,3,7,42.0,v10m,-20.291757583618164,23.734169006347656,0,1038240,0.0
z500_brown_0.05,3,7,42.0,u100m,-28.392576217651367,24.72830581665039,0,1038240,0.0
z500_brown_0.05,3,7,42.0,v100m,-27.55452537536621,32.67595291137695,0,1038240,0.0
z500_brown_0.05,3,7,42.0,t2m,203.1773681640625,320.98114013671875,0,1038240,0.0
z500_brown_0.05,3,7,42.0,sp,49073.015625,103876.40625,0,1038240,0.0
z500_brown_0.05,3,7,42.0,msl,94603.1484375,103841.515625,0,1038240,0.0
z500_brown_0.05,3,7,42.0,tcwv,-2.7045211791992188,76.32123565673828,61130,1038240,0.058878486669748806
z500_brown_0.05,3,7,42.0,u50,-28.122055053710938,75.7176284790039,0,1038240,0.0
z500_brown_0.05,3,7,42.0,u100,-33.58039855957031,67.1752700805664,0,1038240,0.0
z500_brown_0.05,3,7,42.0,u150,-31.072511672973633,70.7090072631836,0,1038240,0.0
z500_brown_0.05,3,7,42.0,u200,-37.999671936035156,81.35224914550781,0,1038240,0.0
z500_brown_0.05,3,7,42.0,u250,-35.98517990112305,86.45761108398438,0,1038240,0.0
z500_brown_0.05,3,7,42.0,u300,-32.12671661376953,84.8353042602539,0,1038240,0.0
z500_brown_0.05,3,7,42.0,u400,-24.904584884643555,69.9697036743164,0,1038240,0.0
z500_brown_0.05,3,7,42.0,u500,-27.086814880371094,59.612300872802734,0,1038240,0.0
z500_brown_0.05,3,7,42.0,u600,-33.428138732910156,48.59737777709961,0,1038240,0.0
z500_brown_0.05,3,7,42.0,u700,-39.70827102661133,40.77251434326172,0,1038240,0.0
z500_brown_0.05,3,7,42.0,u850,-36.937538146972656,35.34898376464844,0,1038240,0.0
z500_brown_0.05,3,7,42.0,u925,-36.59797286987305,30.755508422851562,0,1038240,0.0
z500_brown_0.05,3,7,42.0,u1000,-22.056739807128906,20.861953735351562,0,1038240,0.0
z500_brown_0.05,3,7,42.0,v50,-26.499610900878906,26.862524032592773,0,1038240,0.0
z500_brown_0.05,3,7,42.0,v100,-21.78424644470215,26.061004638671875,0,1038240,0.0
z500_brown_0.05,3,7,42.0,v150,-28.452756881713867,32.44057083129883,0,1038240,0.0
z500_brown_0.05,3,7,42.0,v200,-41.816349029541016,47.53224563598633,0,1038240,0.0
z500_brown_0.05,3,7,42.0,v250,-52.90375900268555,52.03194808959961,0,1038240,0.0
z500_brown_0.05,3,7,42.0,v300,-59.14075469970703,54.042232513427734,0,1038240,0.0
z500_brown_0.05,3,7,42.0,v400,-54.569129943847656,55.59663009643555,0,1038240,0.0
z500_brown_0.05,3,7,42.0,v500,-39.5611686706543,48.32585525512695,0,1038240,0.0
z500_brown_0.05,3,7,42.0,v600,-28.19161605834961,39.47053909301758,0,1038240,0.0
z500_brown_0.05,3,7,42.0,v700,-24.925920486450195,32.39483642578125,0,1038240,0.0
z500_brown_0.05,3,7,42.0,v850,-34.370479583740234,35.604949951171875,0,1038240,0.0
z500_brown_0.05,3,7,42.0,v925,-33.99171447753906,31.301105499267578,0,1038240,0.0
z500_brown_0.05,3,7,42.0,v1000,-20.700838088989258,24.45878028869629,0,1038240,0.0
z500_brown_0.05,3,7,42.0,z50,177514.3125,208231.6875,0,1038240,0.0
z500_brown_0.05,3,7,42.0,z100,140282.328125,165769.625,0,1038240,0.0
z500_brown_0.05,3,7,42.0,z150,117405.6875,141875.375,0,1038240,0.0
z500_brown_0.05,3,7,42.0,z200,100746.546875,123701.234375,0,1038240,0.0
z500_brown_0.05,3,7,42.0,z250,87551.5546875,108917.9765625,0,1038240,0.0
z500_brown_0.05,3,7,42.0,z300,76515.015625,96406.875,0,1038240,0.0
z500_brown_0.05,3,7,42.0,z400,58655.703125,75601.1640625,0,1038240,0.0
z500_brown_0.05,3,7,42.0,z500,44215.1796875,58729.02734375,0,1038240,0.0
z500_brown_0.05,3,7,42.0,z600,32020.43359375,44528.359375,0,1038240,0.0
z500_brown_0.05,3,7,42.0,z700,21431.001953125,32297.494140625,0,1038240,0.0
z500_brown_0.05,3,7,42.0,z850,7692.04345703125,16598.974609375,0,1038240,0.0
z500_brown_0.05,3,7,42.0,z925,1608.62890625,9609.349609375,0,1038240,0.0
z500_brown_0.05,3,7,42.0,z1000,-4136.76953125,3129.66943359375,0,1038240,0.0
z500_brown_0.05,3,7,42.0,t50,179.89501953125,235.55410766601562,0,1038240,0.0
z500_brown_0.05,3,7,42.0,t100,186.29486083984375,235.85169982910156,0,1038240,0.0
z500_brown_0.05,3,7,42.0,t150,189.42626953125,241.10897827148438,0,1038240,0.0
z500_brown_0.05,3,7,42.0,t200,191.95962524414062,242.06011962890625,0,1038240,0.0
z500_brown_0.05,3,7,42.0,t250,199.84579467773438,243.02963256835938,0,1038240,0.0
z500_brown_0.05,3,7,42.0,t300,204.6246337890625,249.86431884765625,0,1038240,0.0
z500_brown_0.05,3,7,42.0,t400,214.09739685058594,264.34295654296875,0,1038240,0.0
z500_brown_0.05,3,7,42.0,t500,222.3292694091797,275.37451171875,0,1038240,0.0
z500_brown_0.05,3,7,42.0,t600,215.7985076904297,288.4815979003906,0,1038240,0.0
z500_brown_0.05,3,7,42.0,t700,214.8646697998047,299.1418151855469,0,1038240,0.0
z500_brown_0.05,3,7,42.0,t850,224.7298583984375,310.305908203125,0,1038240,0.0
z500_brown_0.05,3,7,42.0,t925,228.5557861328125,316.1156921386719,0,1038240,0.0
z500_brown_0.05,3,7,42.0,t1000,232.25689697265625,321.0979919433594,0,1038240,0.0
z500_brown_0.05,3,7,42.0,q50,2.831523033819394e-07,1.996883383981185e-06,0,1038240,0.0
z500_brown_0.05,3,7,42.0,q100,7.116984761523781e-07,6.399107860488584e-06,0,1038240,0.0
z500_brown_0.05,3,7,42.0,q150,3.9987162381294183e-07,3.808439214481041e-05,0,1038240,0.0
z500_brown_0.05,3,7,42.0,q200,-4.073614036315121e-06,0.00021349266171455383,12653,1038240,0.012186970257358607
z500_brown_0.05,3,7,42.0,q250,-1.4542278222506866e-05,0.0006601481582038105,26311,1038240,0.025341924795808293
z500_brown_0.05,3,7,42.0,q300,-1.851328124757856e-05,0.0014251212123781443,26829,1038240,0.025840846047156727
z500_brown_0.05,3,7,42.0,q400,-6.141446647234261e-05,0.004151460714638233,42919,1038240,0.041338226229002926
z500_brown_0.05,3,7,42.0,q500,-8.184107718989253e-05,0.007428409997373819,28058,1038240,0.027024580058560642
z500_brown_0.05,3,7,42.0,q600,-0.0002605738118290901,0.009484976530075073,32799,1038240,0.03159096162736939
z500_brown_0.05,3,7,42.0,q700,-0.0004963320679962635,0.012912210077047348,53450,1038240,0.05148135305902296
z500_brown_0.05,3,7,42.0,q850,-0.0005254498682916164,0.01815023273229599,59232,1038240,0.05705039297272307
z500_brown_0.05,3,7,42.0,q925,-0.0007143458351492882,0.019648849964141846,63119,1038240,0.06079422869471413
z500_brown_0.05,3,7,42.0,q1000,-0.0007980125956237316,0.02499115653336048,62020,1038240,0.059735706580366775
z500_brown_0.05,3,8,48.0,u10m,-23.03990364074707,20.278480529785156,0,1038240,0.0
z500_brown_0.05,3,8,48.0,v10m,-24.11686134338379,23.13675308227539,0,1038240,0.0
z500_brown_0.05,3,8,48.0,u100m,-29.26853370666504,26.051422119140625,0,1038240,0.0
z500_brown_0.05,3,8,48.0,v100m,-31.89053726196289,32.17694091796875,0,1038240,0.0
z500_brown_0.05,3,8,48.0,t2m,202.00489807128906,320.06884765625,0,1038240,0.0
z500_brown_0.05,3,8,48.0,sp,48918.72265625,103886.03125,0,1038240,0.0
z500_brown_0.05,3,8,48.0,msl,94876.7421875,103851.390625,0,1038240,0.0
z500_brown_0.05,3,8,48.0,tcwv,-2.537914276123047,76.38301849365234,56204,1038240,0.05413391893974418
z500_brown_0.05,3,8,48.0,u50,-28.574974060058594,73.7348403930664,0,1038240,0.0
z500_brown_0.05,3,8,48.0,u100,-34.0491943359375,65.21952819824219,0,1038240,0.0
z500_brown_0.05,3,8,48.0,u150,-32.11238098144531,68.59889221191406,0,1038240,0.0
z500_brown_0.05,3,8,48.0,u200,-40.531089782714844,79.67167663574219,0,1038240,0.0
z500_brown_0.05,3,8,48.0,u250,-35.9317741394043,83.98521423339844,0,1038240,0.0
z500_brown_0.05,3,8,48.0,u300,-36.33979797363281,81.84808349609375,0,1038240,0.0
z500_brown_0.05,3,8,48.0,u400,-32.645790100097656,68.6158676147461,0,1038240,0.0
z500_brown_0.05,3,8,48.0,u500,-25.528823852539062,59.37377166748047,0,1038240,0.0
z500_brown_0.05,3,8,48.0,u600,-27.578447341918945,50.241214752197266,0,1038240,0.0
z500_brown_0.05,3,8,48.0,u700,-36.23399353027344,40.836246490478516,0,1038240,0.0
z500_brown_0.05,3,8,48.0,u850,-37.66202163696289,34.4842643737793,0,1038240,0.0
z500_brown_0.05,3,8,48.0,u925,-36.303070068359375,31.491989135742188,0,1038240,0.0
z500_brown_0.05,3,8,48.0,u1000,-23.016687393188477,20.581682205200195,0,1038240,0.0
z500_brown_0.05,3,8,48.0,v50,-26.37245750427246,25.297046661376953,0,1038240,0.0
z500_brown_0.05,3,8,48.0,v100,-22.08824348449707,23.11504554748535,0,1038240,0.0
z500_brown_0.05,3,8,48.0,v150,-27.410367965698242,32.961814880371094,0,1038240,0.0
z500_brown_0.05,3,8,48.0,v200,-46.77333450317383,45.500823974609375,0,1038240,0.0
z500_brown_0.05,3,8,48.0,v250,-52.46671676635742,47.03695297241211,0,1038240,0.0
z500_brown_0.05,3,8,48.0,v300,-57.399559020996094,55.218528747558594,0,1038240,0.0
z500_brown_0.05,3,8,48.0,v400,-55.63214111328125,54.76834487915039,0,1038240,0.0
z500_brown_0.05,3,8,48.0,v500,-42.17644119262695,47.26518630981445,0,1038240,0.0
z500_brown_0.05,3,8,48.0,v600,-29.746381759643555,38.92994689941406,0,1038240,0.0
z500_brown_0.05,3,8,48.0,v700,-26.08128547668457,32.99869918823242,0,1038240,0.0
z500_brown_0.05,3,8,48.0,v850,-37.891693115234375,35.33006286621094,0,1038240,0.0
z500_brown_0.05,3,8,48.0,v925,-35.62284851074219,31.17766761779785,0,1038240,0.0
z500_brown_0.05,3,8,48.0,v1000,-24.547462463378906,23.787187576293945,0,1038240,0.0
z500_brown_0.05,3,8,48.0,z50,177212.859375,208239.0625,0,1038240,0.0
z500_brown_0.05,3,8,48.0,z100,140312.640625,165636.46875,0,1038240,0.0
z500_brown_0.05,3,8,48.0,z150,117556.3984375,141657.671875,0,1038240,0.0
z500_brown_0.05,3,8,48.0,z200,100921.4765625,123662.921875,0,1038240,0.0
z500_brown_0.05,3,8,48.0,z250,87720.546875,109021.828125,0,1038240,0.0
z500_brown_0.05,3,8,48.0,z300,76695.96875,96480.515625,0,1038240,0.0
z500_brown_0.05,3,8,48.0,z400,58787.2265625,75582.4609375,0,1038240,0.0
z500_brown_0.05,3,8,48.0,z500,44371.265625,58806.19921875,0,1038240,0.0
z500_brown_0.05,3,8,48.0,z600,32187.32421875,44601.04296875,0,1038240,0.0
z500_brown_0.05,3,8,48.0,z700,21610.833984375,32372.044921875,0,1038240,0.0
z500_brown_0.05,3,8,48.0,z850,7887.93896484375,16627.291015625,0,1038240,0.0
z500_brown_0.05,3,8,48.0,z925,1820.5712890625,9612.6083984375,0,1038240,0.0
z500_brown_0.05,3,8,48.0,z1000,-3907.4423828125,3134.255859375,0,1038240,0.0
z500_brown_0.05,3,8,48.0,t50,180.05184936523438,235.66001892089844,0,1038240,0.0
z500_brown_0.05,3,8,48.0,t100,186.74209594726562,236.24952697753906,0,1038240,0.0
z500_brown_0.05,3,8,48.0,t150,190.22274780273438,241.364013671875,0,1038240,0.0
z500_brown_0.05,3,8,48.0,t200,192.20095825195312,241.81924438476562,0,1038240,0.0
z500_brown_0.05,3,8,48.0,t250,199.66624450683594,243.6668701171875,0,1038240,0.0
z500_brown_0.05,3,8,48.0,t300,204.4604034423828,250.07601928710938,0,1038240,0.0
z500_brown_0.05,3,8,48.0,t400,214.3621826171875,264.24578857421875,0,1038240,0.0
z500_brown_0.05,3,8,48.0,t500,221.4346160888672,275.3536376953125,0,1038240,0.0
z500_brown_0.05,3,8,48.0,t600,212.49258422851562,286.5057678222656,0,1038240,0.0
z500_brown_0.05,3,8,48.0,t700,214.81028747558594,295.6346740722656,0,1038240,0.0
z500_brown_0.05,3,8,48.0,t850,224.39401245117188,308.6105041503906,0,1038240,0.0
z500_brown_0.05,3,8,48.0,t925,228.12005615234375,314.35101318359375,0,1038240,0.0
z500_brown_0.05,3,8,48.0,t1000,231.86300659179688,318.9060363769531,0,1038240,0.0
z500_brown_0.05,3,8,48.0,q50,3.2050093068392016e-07,2.005522219405975e-06,0,1038240,0.0
z500_brown_0.05,3,8,48.0,q100,7.765263490000507e-07,6.063424734747969e-06,0,1038240,0.0
z500_brown_0.05,3,8,48.0,q150,2.2359472495736554e-07,3.346740413689986e-05,0,1038240,0.0
z500_brown_0.05,3,8,48.0,q200,-4.0139238990377635e-06,0.00019392292597331107,11965,1038240,0.01152431037139775
z500_brown_0.05,3,8,48.0,q250,-1.0651743650669232e-05,0.0006352839409373701,23944,1038240,0.02306210510094005
z500_brown_0.05,3,8,48.0,q300,-2.8896000003442168e-05,0.0014620970468968153,22635,1038240,0.02180131761442441
z500_brown_0.05,3,8,48.0,q400,-6.261045928113163e-05,0.004270952194929123,36601,1038240,0.035252928032054244
z500_brown_0.05,3,8,48.0,q500,-0.00010095164179801941,0.007146378513425589,30507,1038240,0.0293833795654184
z500_brown_0.05,3,8,48.0,q600,-0.0002051880583167076,0.00956590287387371,28661,1038240,0.027605370627215287
z500_brown_0.05,3,8,48.0,q700,-0.0005471557378768921,0.013026516884565353,45880,1038240,0.044190167976575746
z500_brown_0.05,3,8,48.0,q850,-0.0005663405172526836,0.018270783126354218,51969,1038240,0.050054900601017104
z500_brown_0.05,3,8,48.0,q925,-0.0006091720424592495,0.019509505480527878,54915,1038240,0.05289239482200647
z500_brown_0.05,3,8,48.0,q1000,-0.0008026869036257267,0.024912117049098015,55463,1038240,0.05342021112652181
z500_brown_0.05,3,9,54.0,u10m,-21.94460678100586,21.624074935913086,0,1038240,0.0
z500_brown_0.05,3,9,54.0,v10m,-20.699647903442383,23.145156860351562,0,1038240,0.0
z500_brown_0.05,3,9,54.0,u100m,-28.540878295898438,28.090389251708984,0,1038240,0.0
z500_brown_0.05,3,9,54.0,v100m,-27.080324172973633,30.105382919311523,0,1038240,0.0
z500_brown_0.05,3,9,54.0,t2m,200.47430419921875,315.6845397949219,0,1038240,0.0
z500_brown_0.05,3,9,54.0,sp,48965.421875,103857.2578125,0,1038240,0.0
z500_brown_0.05,3,9,54.0,msl,95038.7265625,103817.8046875,0,1038240,0.0
z500_brown_0.05,3,9,54.0,tcwv,-2.262004852294922,78.26853942871094,49204,1038240,0.04739173986746802
z500_brown_0.05,3,9,54.0,u50,-31.031387329101562,72.6362075805664,0,1038240,0.0
z500_brown_0.05,3,9,54.0,u100,-33.13720703125,63.7035026550293,0,1038240,0.0
z500_brown_0.05,3,9,54.0,u150,-33.28559112548828,67.34231567382812,0,1038240,0.0
z500_brown_0.05,3,9,54.0,u200,-39.34367370605469,80.40521240234375,0,1038240,0.0
z500_brown_0.05,3,9,54.0,u250,-34.71084213256836,82.0062255859375,0,1038240,0.0
z500_brown_0.05,3,9,54.0,u300,-36.51608657836914,77.02449035644531,0,1038240,0.0
z500_brown_0.05,3,9,54.0,u400,-34.68482971191406,63.931121826171875,0,1038240,0.0
z500_brown_0.05,3,9,54.0,u500,-26.06018829345703,54.81460189819336,0,1038240,0.0
z500_brown_0.05,3,9,54.0,u600,-28.419099807739258,45.13579559326172,0,1038240,0.0
z500_brown_0.05,3,9,54.0,u700,-32.002071380615234,36.50852584838867,0,1038240,0.0
z500_brown_0.05,3,9,54.0,u850,-37.6915283203125,32.94043731689453,0,1038240,0.0
z500_brown_0.05,3,9,54.0,u925,-35.00803756713867,34.75833511352539,0,1038240,0.0
z500_brown_0.05,3,9,54.0,u1000,-22.248945236206055,21.625490188598633,0,1038240,0.0
z500_brown_0.05,3,9,54.0,v50,-24.722013473510742,22.4691104888916,0,1038240,0.0
z500_brown_0.05,3,9,54.0,v100,-23.591707229614258,21.421289443969727,0,1038240,0.0
z500_brown_0.05,3,9,54.0,v150,-29.230567932128906,31.421833038330078,0,1038240,0.0
z500_brown_0.05,3,9,54.0,v200,-44.708778381347656,45.18716049194336,0,1038240,0.0
z500_brown_0.05,3,9,54.0,v250,-51.953041076660156,50.0546760559082,0,1038240,0.0
z500_brown_0.05,3,9,54.0,v300,-54.407752990722656,56.813758850097656,0,1038240,0.0
z500_brown_0.05,3,9,54.0,v400,-48.35576248168945,57.36753463745117,0,1038240,0.0
z500_brown_0.05,3,9,54.0,v500,-42.944068908691406,50.96918869018555,0,1038240,0.0
z500_brown_0.05,3,9,54.0,v600,-32.44697952270508,38.96669006347656,0,1038240,0.0
z500_brown_0.05,3,9,54.0,v700,-28.663928985595703,34.11094665527344,0,1038240,0.0
z500_brown_0.05,3,9,54.0,v850,-33.20014953613281,34.91339874267578,0,1038240,0.0
z500_brown_0.05,3,9,54.0,v925,-31.727510452270508,34.91147232055664,0,1038240,0.0
z500_brown_0.05,3,9,54.0,v1000,-21.084819793701172,23.894912719726562,0,1038240,0.0
z500_brown_0.05,3,9,54.0,z50,176962.015625,208358.625,0,1038240,0.0
z500_brown_0.05,3,9,54.0,z100,140272.984375,165815.734375,0,1038240,0.0
z500_brown_0.05,3,9,54.0,z150,117573.390625,141884.90625,0,1038240,0.0
z500_brown_0.05,3,9,54.0,z200,100938.875,123783.859375,0,1038240,0.0
z500_brown_0.05,3,9,54.0,z250,87710.484375,109046.6484375,0,1038240,0.0
z500_brown_0.05,3,9,54.0,z300,76657.3203125,96518.53125,0,1038240,0.0
z500_brown_0.05,3,9,54.0,z400,58731.3125,75648.84375,0,1038240,0.0
z500_brown_0.05,3,9,54.0,z500,44330.30859375,58789.3046875,0,1038240,0.0
z500_brown_0.05,3,9,54.0,z600,32178.197265625,44592.26953125,0,1038240,0.0
z500_brown_0.05,3,9,54.0,z700,21656.23828125,32351.078125,0,1038240,0.0
z500_brown_0.05,3,9,54.0,z850,7987.830078125,16592.658203125,0,1038240,0.0
z500_brown_0.05,3,9,54.0,z925,1944.36474609375,9568.2353515625,0,1038240,0.0
z500_brown_0.05,3,9,54.0,z1000,-3762.08984375,3100.09130859375,0,1038240,0.0
z500_brown_0.05,3,9,54.0,t50,180.24415588378906,235.8015899658203,0,1038240,0.0
z500_brown_0.05,3,9,54.0,t100,187.0712890625,236.49447631835938,0,1038240,0.0
z500_brown_0.05,3,9,54.0,t150,190.5045928955078,241.83953857421875,0,1038240,0.0
z500_brown_0.05,3,9,54.0,t200,192.71978759765625,241.5804443359375,0,1038240,0.0
z500_brown_0.05,3,9,54.0,t250,199.78326416015625,243.6778564453125,0,1038240,0.0
z500_brown_0.05,3,9,54.0,t300,203.27783203125,250.80218505859375,0,1038240,0.0
z500_brown_0.05,3,9,54.0,t400,213.58348083496094,264.5459899902344,0,1038240,0.0
z500_brown_0.05,3,9,54.0,t500,219.9175567626953,275.9063415527344,0,1038240,0.0
z500_brown_0.05,3,9,54.0,t600,210.38818359375,288.4302062988281,0,1038240,0.0
z500_brown_0.05,3,9,54.0,t700,213.57666015625,299.8531188964844,0,1038240,0.0
z500_brown_0.05,3,9,54.0,t850,222.8758544921875,311.56890869140625,0,1038240,0.0
z500_brown_0.05,3,9,54.0,t925,226.75950622558594,316.41796875,0,1038240,0.0
z500_brown_0.05,3,9,54.0,t1000,230.4412384033203,321.5614013671875,0,1038240,0.0
z500_brown_0.05,3,9,54.0,q50,3.598922830860829e-07,2.0134646092628827e-06,0,1038240,0.0
z500_brown_0.05,3,9,54.0,q100,8.564909421693301e-07,5.767669790657237e-06,0,1038240,0.0
z500_brown_0.05,3,9,54.0,q150,-8.62974047777243e-08,3.5348726669326425e-05,100,1038240,9.631684388965942e-05
z500_brown_0.05,3,9,54.0,q200,-6.243504685699008e-06,0.0002051114133791998,9244,1038240,0.008903529049160117
z500_brown_0.05,3,9,54.0,q250,-1.3778288121102378e-05,0.0006735771312378347,20183,1038240,0.019439628602249962
z500_brown_0.05,3,9,54.0,q300,-2.611747186165303e-05,0.001552964560687542,19552,1038240,0.01883186931730621
z500_brown_0.05,3,9,54.0,q400,-6.465092883445323e-05,0.004328295588493347,35209,1038240,0.033912197565110186
z500_brown_0.05,3,9,54.0,q500,-0.00011961214477196336,0.007809183094650507,25626,1038240,0.024682154415164123
z500_brown_0.05,3,9,54.0,q600,-0.00017283030319958925,0.011247974820435047,21964,1038240,0.021155031591924795
z500_brown_0.05,3,9,54.0,q700,-0.000475648557767272,0.013128019869327545,44400,1038240,0.042764678687008784
z500_brown_0.05,3,9,54.0,q850,-0.0005906578153371811,0.018334681168198586,49787,1038240,0.047953267067344735
z500_brown_0.05,3,9,54.0,q925,-0.0006377869285643101,0.020370250567793846,55965,1038240,0.0539037216828479
z500_brown_0.05,3,9,54.0,q1000,-0.0006021675653755665,0.024775702506303787,54458,1038240,0.05245222684543073
z500_brown_0.05,3,10,60.0,u10m,-24.338321685791016,20.676185607910156,0,1038240,0.0
z500_brown_0.05,3,10,60.0,v10m,-20.678136825561523,23.647932052612305,0,1038240,0.0
z500_brown_0.05,3,10,60.0,u100m,-31.195905685424805,26.724334716796875,0,1038240,0.0
z500_brown_0.05,3,10,60.0,v100m,-26.71976089477539,29.964784622192383,0,1038240,0.0
z500_brown_0.05,3,10,60.0,t2m,200.63339233398438,321.7279968261719,0,1038240,0.0
z500_brown_0.05,3,10,60.0,sp,48946.58984375,103892.1015625,0,1038240,0.0
z500_brown_0.05,3,10,60.0,msl,95169.484375,103858.421875,0,1038240,0.0
z500_brown_0.05,3,10,60.0,tcwv,-2.2788219451904297,78.07550048828125,40587,1038240,0.03909211742949607
z500_brown_0.05,3,10,60.0,u50,-29.221588134765625,70.10962677001953,0,1038240,0.0
z500_brown_0.05,3,10,60.0,u100,-32.40425491333008,60.34418869018555,0,1038240,0.0
z500_brown_0.05,3,10,60.0,u150,-32.77215576171875,66.90833282470703,0,1038240,0.0
z500_brown_0.05,3,10,60.0,u200,-35.69902801513672,81.94596099853516,0,1038240,0.0
z500_brown_0.05,3,10,60.0,u250,-33.182437896728516,78.78630065917969,0,1038240,0.0
z500_brown_0.05,3,10,60.0,u300,-30.341686248779297,76.76566314697266,0,1038240,0.0
z500_brown_0.05,3,10,60.0,u400,-28.4715633392334,64.92054748535156,0,1038240,0.0
z500_brown_0.05,3,10,60.0,u500,-27.313888549804688,53.615169525146484,0,1038240,0.0
z500_brown_0.05,3,10,60.0,u600,-29.235883712768555,42.57561492919922,0,1038240,0.0
z500_brown_0.05,3,10,60.0,u700,-36.79792404174805,36.18180465698242,0,1038240,0.0
z500_brown_0.05,3,10,60.0,u850,-40.66804504394531,30.775075912475586,0,1038240,0.0
z500_brown_0.05,3,10,60.0,u925,-37.070472717285156,33.43656921386719,0,1038240,0.0
z500_brown_0.05,3,10,60.0,u1000,-24.17403221130371,21.523290634155273,0,1038240,0.0
z500_brown_0.05,3,10,60.0,v50,-24.544322967529297,21.975027084350586,0,1038240,0.0
z500_brown_0.05,3,10,60.0,v100,-25.432958602905273,23.115148544311523,0,1038240,0.0
z500_brown_0.05,3,10,60.0,v150,-31.39406394958496,33.67118453979492,0,1038240,0.0
z500_brown_0.05,3,10,60.0,v200,-47.77461624145508,43.708099365234375,0,1038240,0.0
z500_brown_0.05,3,10,60.0,v250,-55.8372917175293,51.577064514160156,0,1038240,0.0
z500_brown_0.05,3,10,60.0,v300,-56.979251861572266,57.769046783447266,0,1038240,0.0
z500_brown_0.05,3,10,60.0,v400,-51.52650833129883,56.10722351074219,0,1038240,0.0
z500_brown_0.05,3,10,60.0,v500,-43.325992584228516,49.17575454711914,0,1038240,0.0
z500_brown_0.05,3,10,60.0,v600,-33.84108352661133,38.50909423828125,0,1038240,0.0
z500_brown_0.05,3,10,60.0,v700,-27.841941833496094,33.848934173583984,0,1038240,0.0
z500_brown_0.05,3,10,60.0,v850,-31.7662353515625,34.51060485839844,0,1038240,0.0
z500_brown_0.05,3,10,60.0,v925,-31.919124603271484,36.024166107177734,0,1038240,0.0
z500_brown_0.05,3,10,60.0,v1000,-21.862146377563477,24.123249053955078,0,1038240,0.0
z500_brown_0.05,3,10,60.0,z50,176776.671875,208504.90625,0,1038240,0.0
z500_brown_0.05,3,10,60.0,z100,140280.890625,166023.390625,0,1038240,0.0
z500_brown_0.05,3,10,60.0,z150,117526.9765625,142140.65625,0,1038240,0.0
z500_brown_0.05,3,10,60.0,z200,100695.78125,123942.171875,0,1038240,0.0
z500_brown_0.05,3,10,60.0,z250,87466.5625,108969.71875,0,1038240,0.0
z500_brown_0.05,3,10,60.0,z300,76621.5,96421.484375,0,1038240,0.0
z500_brown_0.05,3,10,60.0,z400,58689.34375,75572.828125,0,1038240,0.0
z500_brown_0.05,3,10,60.0,z500,44300.4296875,58737.984375,0,1038240,0.0
z500_brown_0.05,3,10,60.0,z600,32180.90234375,44586.41796875,0,1038240,0.0
z500_brown_0.05,3,10,60.0,z700,21704.47265625,32358.173828125,0,1038240,0.0
z500_brown_0.05,3,10,60.0,z850,8080.416015625,16596.06640625,0,1038240,0.0
z500_brown_0.05,3,10,60.0,z925,2040.26611328125,9569.5986328125,0,1038240,0.0
z500_brown_0.05,3,10,60.0,z1000,-3651.63134765625,3121.16552734375,0,1038240,0.0
z500_brown_0.05,3,10,60.0,t50,180.22994995117188,235.91233825683594,0,1038240,0.0
z500_brown_0.05,3,10,60.0,t100,187.0814971923828,237.08453369140625,0,1038240,0.0
z500_brown_0.05,3,10,60.0,t150,190.6300811767578,241.9506378173828,0,1038240,0.0
z500_brown_0.05,3,10,60.0,t200,193.031494140625,241.66224670410156,0,1038240,0.0
z500_brown_0.05,3,10,60.0,t250,199.05909729003906,243.7682647705078,0,1038240,0.0
z500_brown_0.05,3,10,60.0,t300,202.3884735107422,250.94114685058594,0,1038240,0.0
z500_brown_0.05,3,10,60.0,t400,213.31918334960938,265.923828125,0,1038240,0.0
z500_brown_0.05,3,10,60.0,t500,219.34759521484375,278.2061767578125,0,1038240,0.0
z500_brown_0.05,3,10,60.0,t600,212.2379913330078,290.3504333496094,0,1038240,0.0
z500_brown_0.05,3,10,60.0,t700,211.29457092285156,303.0537414550781,0,1038240,0.0
z500_brown_0.05,3,10,60.0,t850,221.11676025390625,313.7469177246094,0,1038240,0.0
z500_brown_0.05,3,10,60.0,t925,224.55160522460938,318.9628601074219,0,1038240,0.0
z500_brown_0.05,3,10,60.0,t1000,228.16616821289062,324.197021484375,0,1038240,0.0
z500_brown_0.05,3,10,60.0,q50,3.9584892874700017e-07,2.0183779270155355e-06,0,1038240,0.0
z500_brown_0.05,3,10,60.0,q100,9.346091474071727e-07,5.503608917933889e-06,0,1038240,0.0
z500_brown_0.05,3,10,60.0,q150,2.712113200686872e-09,4.394501229398884e-05,0,1038240,0.0
z500_brown_0.05,3,10,60.0,q200,-8.109218470053747e-06,0.00021603242203127593,9134,1038240,0.008797580520881492
z500_brown_0.05,3,10,60.0,q250,-1.3468827091855928e-05,0.0006777559756301343,16540,1038240,0.01593080597934967
z500_brown_0.05,3,10,60.0,q300,-2.1669533452950418e-05,0.00159224693197757,15769,1038240,0.015188203112960395
z500_brown_0.05,3,10,60.0,q400,-7.21258984412998e-05,0.004412610083818436,31279,1038240,0.03012694560024657
z500_brown_0.05,3,10,60.0,q500,-0.00019335933029651642,0.008124558255076408,24072,1038240,0.023185390661118816
z500_brown_0.05,3,10,60.0,q600,-0.00022387260105460882,0.00995439849793911,19301,1038240,0.018590114039143166
z500_brown_0.05,3,10,60.0,q700,-0.0003832669463008642,0.012946663424372673,37119,1038240,0.03575184928340268
z500_brown_0.05,3,10,60.0,q850,-0.0005109403282403946,0.018373267725110054,43478,1038240,0.04187663738634612
z500_brown_0.05,3,10,60.0,q925,-0.0005163107998669147,0.020545445382595062,50222,1038240,0.04837224533826476
z500_brown_0.05,3,10,60.0,q1000,-0.0006365440785884857,0.025633983314037323,47371,1038240,0.04562625211897057
z500_brown_0.05,3,11,66.0,u10m,-26.36277961730957,21.271713256835938,0,1038240,0.0
z500_brown_0.05,3,11,66.0,v10m,-22.852148056030273,22.711172103881836,0,1038240,0.0
z500_brown_0.05,3,11,66.0,u100m,-34.16215896606445,27.29364013671875,0,1038240,0.0
z500_brown_0.05,3,11,66.0,v100m,-29.567214965820312,29.668827056884766,0,1038240,0.0
z500_brown_0.05,3,11,66.0,t2m,201.30917358398438,320.90228271484375,0,1038240,0.0
z500_brown_0.05,3,11,66.0,sp,49139.453125,103862.7421875,0,1038240,0.0
z500_brown_0.05,3,11,66.0,msl,95473.6015625,103829.3671875,0,1038240,0.0
z500_brown_0.05,3,11,66.0,tcwv,-2.0162086486816406,78.53265380859375,31882,1038240,0.03070773616890122
z500_brown_0.05,3,11,66.0,u50,-28.906330108642578,70.36637878417969,0,1038240,0.0
z500_brown_0.05,3,11,66.0,u100,-30.56987762451172,59.428619384765625,0,1038240,0.0
z500_brown_0.05,3,11,66.0,u150,-32.788002014160156,69.39605712890625,0,1038240,0.0
z500_brown_0.05,3,11,66.0,u200,-34.26792907714844,83.96820068359375,0,1038240,0.0
z500_brown_0.05,3,11,66.0,u250,-36.45414733886719,80.83375549316406,0,1038240,0.0
z500_brown_0.05,3,11,66.0,u300,-32.105743408203125,76.1513671875,0,1038240,0.0
z500_brown_0.05,3,11,66.0,u400,-30.713777542114258,64.43629455566406,0,1038240,0.0
z500_brown_0.05,3,11,66.0,u500,-31.905731201171875,55.04420852661133,0,1038240,0.0
z500_brown_0.05,3,11,66.0,u600,-28.71040916442871,43.14798355102539,0,1038240,0.0
z500_brown_0.05,3,11,66.0,u700,-32.45847702026367,38.14946746826172,0,1038240,0.0
z500_brown_0.05,3,11,66.0,u850,-44.261146545410156,33.12004089355469,0,1038240,0.0
z500_brown_0.05,3,11,66.0,u925,-40.908287048339844,33.04322814941406,0,1038240,0.0
z500_brown_0.05,3,11,66.0,u1000,-26.353595733642578,22.81561279296875,0,1038240,0.0
z500_brown_0.05,3,11,66.0,v50,-22.593830108642578,20.926191329956055,0,1038240,0.0
z500_brown_0.05,3,11,66.0,v100,-24.873414993286133,21.090147018432617,0,1038240,0.0
z500_brown_0.05,3,11,66.0,v150,-34.42079544067383,34.0643424987793,0,1038240,0.0
z500_brown_0.05,3,11,66.0,v200,-47.51228713989258,42.32957458496094,0,1038240,0.0
z500_brown_0.05,3,11,66.0,v250,-56.21238708496094,47.43886184692383,0,1038240,0.0
z500_brown_0.05,3,11,66.0,v300,-54.5443000793457,51.798561096191406,0,1038240,0.0
z500_brown_0.05,3,11,66.0,v400,-53.016700744628906,54.42824172973633,0,1038240,0.0
z500_brown_0.05,3,11,66.0,v500,-42.9329833984375,47.50431823730469,0,1038240,0.0
z500_brown_0.05,3,11,66.0,v600,-35.89015197753906,37.41899108886719,0,1038240,0.0
z500_brown_0.05,3,11,66.0,v700,-32.003231048583984,33.41914749145508,0,1038240,0.0
z500_brown_0.05,3,11,66.0,v850,-32.374725341796875,35.410064697265625,0,1038240,0.0
z500_brown_0.05,3,11,66.0,v925,-29.84980010986328,36.66586685180664,0,1038240,0.0
z500_brown_0.05,3,11,66.0,v1000,-23.33918571472168,23.23784637451172,0,1038240,0.0
z500_brown_0.05,3,11,66.0,z50,176725.875,208391.46875,0,1038240,0.0
z500_brown_0.05,3,11,66.0,z100,140200.453125,166095.609375,0,1038240,0.0
z500_brown_0.05,3,11,66.0,z150,117415.2421875,142027.828125,0,1038240,0.0
z500_brown_0.05,3,11,66.0,z200,100567.3671875,123856.921875,0,1038240,0.0
z500_brown_0.05,3,11,66.0,z250,87316.84375,109139.890625,0,1038240,0.0
z500_brown_0.05,3,11,66.0,z300,76454.6015625,96624.8515625,0,1038240,0.0
z500_brown_0.05,3,11,66.0,z400,58776.3203125,75787.5390625,0,1038240,0.0
z500_brown_0.05,3,11,66.0,z500,44401.1484375,58819.0390625,0,1038240,0.0
z500_brown_0.05,3,11,66.0,z600,32334.14453125,44542.26171875,0,1038240,0.0
z500_brown_0.05,3,11,66.0,z700,21904.525390625,32317.5234375,0,1038240,0.0
z500_brown_0.05,3,11,66.0,z850,8310.76171875,16555.322265625,0,1038240,0.0
z500_brown_0.05,3,11,66.0,z925,2281.74072265625,9526.951171875,0,1038240,0.0
z500_brown_0.05,3,11,66.0,z1000,-3409.91357421875,3087.21923828125,0,1038240,0.0
z500_brown_0.05,3,11,66.0,t50,180.360595703125,236.0802764892578,0,1038240,0.0
z500_brown_0.05,3,11,66.0,t100,187.52418518066406,237.51885986328125,0,1038240,0.0
z500_brown_0.05,3,11,66.0,t150,191.5146026611328,242.7406463623047,0,1038240,0.0
z500_brown_0.05,3,11,66.0,t200,192.87562561035156,242.6761474609375,0,1038240,0.0
z500_brown_0.05,3,11,66.0,t250,198.40252685546875,243.5874786376953,0,1038240,0.0
z500_brown_0.05,3,11,66.0,t300,202.10177612304688,250.6555938720703,0,1038240,0.0
z500_brown_0.05,3,11,66.0,t400,212.82313537597656,264.89300537109375,0,1038240,0.0
z500_brown_0.05,3,11,66.0,t500,219.42684936523438,275.7906494140625,0,1038240,0.0
z500_brown_0.05,3,11,66.0,t600,212.94000244140625,288.5337829589844,0,1038240,0.0
z500_brown_0.05,3,11,66.0,t700,211.85894775390625,299.6170654296875,0,1038240,0.0
z500_brown_0.05,3,11,66.0,t850,219.5951690673828,310.2345886230469,0,1038240,0.0
z500_brown_0.05,3,11,66.0,t925,223.29046630859375,315.517333984375,0,1038240,0.0
z500_brown_0.05,3,11,66.0,t1000,226.84271240234375,320.4593811035156,0,1038240,0.0
z500_brown_0.05,3,11,66.0,q50,4.3096247281937394e-07,2.026810761890374e-06,0,1038240,0.0
z500_brown_0.05,3,11,66.0,q100,1.0038407936008298e-06,5.233289812167641e-06,0,1038240,0.0
z500_brown_0.05,3,11,66.0,q150,1.9329081624164246e-07,4.105227344552986e-05,0,1038240,0.0
z500_brown_0.05,3,11,66.0,q200,-8.144967068801634e-06,0.0002137723786290735,10513,1038240,0.010125789798119894
z500_brown_0.05,3,11,66.0,q250,-1.363400588161312e-05,0.000674216658808291,15481,1038240,0.014910810602558175
z500_brown_0.05,3,11,66.0,q300,-2.5131870643235743e-05,0.0015838518738746643,16649,1038240,0.016035791339189396
z500_brown_0.05,3,11,66.0,q400,-7.140045636333525e-05,0.004388098604977131,26865,1038240,0.025875520110957003
z500_brown_0.05,3,11,66.0,q500,-8.888292359188199e-05,0.007696145214140415,15964,1038240,0.01537602095854523
z500_brown_0.05,3,11,66.0,q600,-0.00023730378597974777,0.009785792790353298,18038,1038240,0.017373632300816767
z500_brown_0.05,3,11,66.0,q700,-0.00033270311541855335,0.012696593999862671,37724,1038240,0.03633456618893512
z500_brown_0.05,3,11,66.0,q850,-0.0007040961645543575,0.01882585883140564,41944,1038240,0.04039913700107875
z500_brown_0.05,3,11,66.0,q925,-0.0005274410359561443,0.020274821668863297,47879,1038240,0.04611554168593004
z500_brown_0.05,3,11,66.0,q1000,-0.0006341361440718174,0.026014626026153564,41678,1038240,0.040142934196332254
z500_brown_0.05,3,12,72.0,u10m,-22.012407302856445,22.075023651123047,0,1038240,0.0
z500_brown_0.05,3,12,72.0,v10m,-23.018856048583984,22.141002655029297,0,1038240,0.0
z500_brown_0.05,3,12,72.0,u100m,-28.243427276611328,28.1429443359375,0,1038240,0.0
z500_brown_0.05,3,12,72.0,v100m,-29.945796966552734,27.939388275146484,0,1038240,0.0
z500_brown_0.05,3,12,72.0,t2m,202.29812622070312,319.9210205078125,0,1038240,0.0
z500_brown_0.05,3,12,72.0,sp,49044.40625,103851.6328125,0,1038240,0.0
z500_brown_0.05,3,12,72.0,msl,95863.2578125,103820.53125,0,1038240,0.0
z500_brown_0.05,3,12,72.0,tcwv,-2.0249671936035156,76.79785919189453,33323,1038240,0.03209566188935121
z500_brown_0.05,3,12,72.0,u50,-29.931602478027344,68.77415466308594,0,1038240,0.0
z500_brown_0.05,3,12,72.0,u100,-31.767101287841797,58.9110221862793,0,1038240,0.0
z500_brown_0.05,3,12,72.0,u150,-34.15437316894531,69.58321380615234,0,1038240,0.0
z500_brown_0.05,3,12,72.0,u200,-35.34446716308594,83.91410064697266,0,1038240,0.0
z500_brown_0.05,3,12,72.0,u250,-36.24901580810547,83.21345520019531,0,1038240,0.0
z500_brown_0.05,3,12,72.0,u300,-32.94847869873047,76.48845672607422,0,1038240,0.0
z500_brown_0.05,3,12,72.0,u400,-37.08372497558594,63.61091613769531,0,1038240,0.0
z500_brown_0.05,3,12,72.0,u500,-39.9300651550293,53.63545227050781,0,1038240,0.0
z500_brown_0.05,3,12,72.0,u600,-35.79307556152344,42.36558532714844,0,1038240,0.0
z500_brown_0.05,3,12,72.0,u700,-31.894126892089844,38.95353317260742,0,1038240,0.0
z500_brown_0.05,3,12,72.0,u850,-38.01660919189453,32.729549407958984,0,1038240,0.0
z500_brown_0.05,3,12,72.0,u925,-36.05341720581055,34.57882308959961,0,1038240,0.0
z500_brown_0.05,3,12,72.0,u1000,-22.139163970947266,22.60591697692871,0,1038240,0.0
z500_brown_0.05,3,12,72.0,v50,-23.03357696533203,21.842445373535156,0,1038240,0.0
z500_brown_0.05,3,12,72.0,v100,-24.03630828857422,22.09128189086914,0,1038240,0.0
z500_brown_0.05,3,12,72.0,v150,-35.467098236083984,34.833003997802734,0,1038240,0.0
z500_brown_0.05,3,12,72.0,v200,-46.93413162231445,43.14271545410156,0,1038240,0.0
z500_brown_0.05,3,12,72.0,v250,-56.99663543701172,49.03723907470703,0,1038240,0.0
z500_brown_0.05,3,12,72.0,v300,-55.64964294433594,51.93564224243164,0,1038240,0.0
z500_brown_0.05,3,12,72.0,v400,-51.13501739501953,50.41033172607422,0,1038240,0.0
z500_brown_0.05,3,12,72.0,v500,-43.8682861328125,44.93353271484375,0,1038240,0.0
z500_brown_0.05,3,12,72.0,v600,-34.53629684448242,34.809146881103516,0,1038240,0.0
z500_brown_0.05,3,12,72.0,v700,-29.21656036376953,31.3878231048584,0,1038240,0.0
z500_brown_0.05,3,12,72.0,v850,-30.613052368164062,33.083499908447266,0,1038240,0.0
z500_brown_0.05,3,12,72.0,v925,-30.126386642456055,34.71043395996094,0,1038240,0.0
z500_brown_0.05,3,12,72.0,v1000,-23.314607620239258,21.947765350341797,0,1038240,0.0
z500_brown_0.05,3,12,72.0,z50,176666.609375,208415.6875,0,1038240,0.0
z500_brown_0.05,3,12,72.0,z100,140221.65625,166000.90625,0,1038240,0.0
z500_brown_0.05,3,12,72.0,z150,117415.7890625,141897.859375,0,1038240,0.0
z500_brown_0.05,3,12,72.0,z200,100562.515625,123892.0078125,0,1038240,0.0
z500_brown_0.05,3,12,72.0,z250,87319.7265625,109271.484375,0,1038240,0.0
z500_brown_0.05,3,12,72.0,z300,76456.734375,96728.0625,0,1038240,0.0
z500_brown_0.05,3,12,72.0,z400,59006.98046875,75808.4453125,0,1038240,0.0
z500_brown_0.05,3,12,72.0,z500,44637.33984375,58773.09765625,0,1038240,0.0
z500_brown_0.05,3,12,72.0,z600,32604.328125,44578.16015625,0,1038240,0.0
z500_brown_0.05,3,12,72.0,z700,22220.240234375,32346.8984375,0,1038240,0.0
z500_brown_0.05,3,12,72.0,z850,8601.6591796875,16552.931640625,0,1038240,0.0
z500_brown_0.05,3,12,72.0,z925,2570.33544921875,9517.119140625,0,1038240,0.0
z500_brown_0.05,3,12,72.0,z1000,-3099.32275390625,3082.42578125,0,1038240,0.0
z500_brown_0.05,3,12,72.0,t50,180.1731414794922,236.3076171875,0,1038240,0.0
z500_brown_0.05,3,12,72.0,t100,187.26547241210938,238.11532592773438,0,1038240,0.0
z500_brown_0.05,3,12,72.0,t150,191.80300903320312,243.195068359375,0,1038240,0.0
z500_brown_0.05,3,12,72.0,t200,192.21009826660156,243.495849609375,0,1038240,0.0
z500_brown_0.05,3,12,72.0,t250,198.0384063720703,243.82672119140625,0,1038240,0.0
z500_brown_0.05,3,12,72.0,t300,201.74729919433594,250.82191467285156,0,1038240,0.0
z500_brown_0.05,3,12,72.0,t400,212.065185546875,264.3771667480469,0,1038240,0.0
z500_brown_0.05,3,12,72.0,t500,219.29855346679688,275.08770751953125,0,1038240,0.0
z500_brown_0.05,3,12,72.0,t600,211.33050537109375,286.51025390625,0,1038240,0.0
z500_brown_0.05,3,12,72.0,t700,211.09188842773438,294.9255065917969,0,1038240,0.0
z500_brown_0.05,3,12,72.0,t850,218.91835021972656,309.575439453125,0,1038240,0.0
z500_brown_0.05,3,12,72.0,t925,222.42764282226562,314.8516540527344,0,1038240,0.0
z500_brown_0.05,3,12,72.0,t1000,225.9800567626953,319.73602294921875,0,1038240,0.0
z500_brown_0.05,3,12,72.0,q50,4.592598088493105e-07,2.0354718799353577e-06,0,1038240,0.0
z500_brown_0.05,3,12,72.0,q100,1.056638325280801e-06,5.027711267757695e-06,0,1038240,0.0
z500_brown_0.05,3,12,72.0,q150,3.5719085644814186e-07,3.4812488593161106e-05,0,1038240,0.0
z500_brown_0.05,3,12,72.0,q200,-6.60733348922804e-06,0.00020214209507685155,9482,1038240,0.009132763137617506
z500_brown_0.05,3,12,72.0,q250,-1.1956119124079123e-05,0.0006841116119176149,17377,1038240,0.016736977962706116
z500_brown_0.05,3,12,72.0,q300,-2.167504862882197e-05,0.0015921773156151175,18736,1038240,0.01804592387116659
z500_brown_0.05,3,12,72.0,q400,-5.131203215569258e-05,0.004279823508113623,23512,1038240,0.022646016335336725
z500_brown_0.05,3,12,72.0,q500,-9.668560232967138e-05,0.007336764596402645,14232,1038240,0.013707813222376328
z500_brown_0.05,3,12,72.0,q600,-0.00023939425591379404,0.009910404682159424,17100,1038240,0.01647018030513176
z500_brown_0.05,3,12,72.0,q700,-0.0003733986523002386,0.012696243822574615,28780,1038240,0.027719987671443982
z500_brown_0.05,3,12,72.0,q850,-0.0006432291120290756,0.018483581021428108,36445,1038240,0.03510267375558638
z500_brown_0.05,3,12,72.0,q925,-0.00056487787514925,0.020366929471492767,40322,1038240,0.03883687779318847
z500_brown_0.05,3,12,72.0,q1000,-0.0006385152228176594,0.02590988576412201,37389,1038240,0.03601190476190476
z500_brown_0.05,3,13,78.0,u10m,-18.3850040435791,20.46198272705078,0,1038240,0.0
z500_brown_0.05,3,13,78.0,v10m,-25.683542251586914,19.720888137817383,0,1038240,0.0
z500_brown_0.05,3,13,78.0,u100m,-24.53957176208496,25.784915924072266,0,1038240,0.0
z500_brown_0.05,3,13,78.0,v100m,-32.53472137451172,25.028011322021484,0,1038240,0.0
z500_brown_0.05,3,13,78.0,t2m,202.9451904296875,315.8121337890625,0,1038240,0.0
z500_brown_0.05,3,13,78.0,sp,49070.40625,103782.6328125,0,1038240,0.0
z500_brown_0.05,3,13,78.0,msl,95943.1640625,103749.0234375,0,1038240,0.0
z500_brown_0.05,3,13,78.0,tcwv,-1.9777545928955078,75.32441711425781,32734,1038240,0.031528355678841116
z500_brown_0.05,3,13,78.0,u50,-31.745315551757812,69.46119689941406,0,1038240,0.0
z500_brown_0.05,3,13,78.0,u100,-31.720603942871094,57.49504470825195,0,1038240,0.0
z500_brown_0.05,3,13,78.0,u150,-34.95970916748047,70.09091186523438,0,1038240,0.0
z500_brown_0.05,3,13,78.0,u200,-36.32817840576172,84.5557632446289,0,1038240,0.0
z500_brown_0.05,3,13,78.0,u250,-36.883975982666016,83.83355712890625,0,1038240,0.0
z500_brown_0.05,3,13,78.0,u300,-33.29847717285156,76.71698760986328,0,1038240,0.0
z500_brown_0.05,3,13,78.0,u400,-36.355018615722656,60.60601806640625,0,1038240,0.0
z500_brown_0.05,3,13,78.0,u500,-40.83260726928711,50.97112274169922,0,1038240,0.0
z500_brown_0.05,3,13,78.0,u600,-37.442134857177734,43.687503814697266,0,1038240,0.0
z500_brown_0.05,3,13,78.0,u700,-29.89191436767578,37.7333984375,0,1038240,0.0
z500_brown_0.05,3,13,78.0,u850,-32.54189682006836,34.58662033081055,0,1038240,0.0
z500_brown_0.05,3,13,78.0,u925,-30.58917808532715,33.17026901245117,0,1038240,0.0
z500_brown_0.05,3,13,78.0,u1000,-20.12017822265625,24.234413146972656,0,1038240,0.0
z500_brown_0.05,3,13,78.0,v50,-23.144615173339844,20.190078735351562,0,1038240,0.0
z500_brown_0.05,3,13,78.0,v100,-22.12207794189453,22.24268341064453,0,1038240,0.0
z500_brown_0.05,3,13,78.0,v150,-34.56582260131836,35.564876556396484,0,1038240,0.0
z500_brown_0.05,3,13,78.0,v200,-45.0296516418457,44.4221305847168,0,1038240,0.0
z500_brown_0.05,3,13,78.0,v250,-56.54726791381836,48.12306213378906,0,1038240,0.0
z500_brown_0.05,3,13,78.0,v300,-55.24732208251953,51.40968704223633,0,1038240,0.0
z500_brown_0.05,3,13,78.0,v400,-59.622276306152344,49.5218391418457,0,1038240,0.0
z500_brown_0.05,3,13,78.0,v500,-50.75067138671875,43.75887680053711,0,1038240,0.0
z500_brown_0.05,3,13,78.0,v600,-35.899269104003906,32.89781188964844,0,1038240,0.0
z500_brown_0.05,3,13,78.0,v700,-33.97700881958008,30.090055465698242,0,1038240,0.0
z500_brown_0.05,3,13,78.0,v850,-36.20949172973633,29.891239166259766,0,1038240,0.0
z500_brown_0.05,3,13,78.0,v925,-32.38090133666992,30.927846908569336,0,1038240,0.0
z500_brown_0.05,3,13,78.0,v1000,-26.086668014526367,21.16935157775879,0,1038240,0.0
z500_brown_0.05,3,13,78.0,z50,176670.015625,208522.515625,0,1038240,0.0
z500_brown_0.05,3,13,78.0,z100,140192.421875,166140.234375,0,1038240,0.0
z500_brown_0.05,3,13,78.0,z150,117358.09375,142033.640625,0,1038240,0.0
z500_brown_0.05,3,13,78.0,z200,100511.484375,123851.7109375,0,1038240,0.0
z500_brown_0.05,3,13,78.0,z250,87261.140625,109251.0,0,1038240,0.0
z500_brown_0.05,3,13,78.0,z300,76402.9140625,96725.203125,0,1038240,0.0
z500_brown_0.05,3,13,78.0,z400,59133.68359375,75844.6171875,0,1038240,0.0
z500_brown_0.05,3,13,78.0,z500,44799.453125,58837.4453125,0,1038240,0.0
z500_brown_0.05,3,13,78.0,z600,32776.640625,44540.80859375,0,1038240,0.0
z500_brown_0.05,3,13,78.0,z700,22379.603515625,32311.7421875,0,1038240,0.0
z500_brown_0.05,3,13,78.0,z850,8767.8359375,16500.134765625,0,1038240,0.0
z500_brown_0.05,3,13,78.0,z925,2769.9833984375,9452.7626953125,0,1038240,0.0
z500_brown_0.05,3,13,78.0,z1000,-3237.310546875,3022.0478515625,0,1038240,0.0
z500_brown_0.05,3,13,78.0,t50,180.07032775878906,236.73138427734375,0,1038240,0.0
z500_brown_0.05,3,13,78.0,t100,186.1286163330078,238.4789581298828,0,1038240,0.0
z500_brown_0.05,3,13,78.0,t150,189.43968200683594,243.96688842773438,0,1038240,0.0
z500_brown_0.05,3,13,78.0,t200,191.59716796875,244.08624267578125,0,1038240,0.0
z500_brown_0.05,3,13,78.0,t250,197.8543243408203,244.05551147460938,0,1038240,0.0
z500_brown_0.05,3,13,78.0,t300,201.69105529785156,250.6964569091797,0,1038240,0.0
z500_brown_0.05,3,13,78.0,t400,211.9038543701172,264.6152038574219,0,1038240,0.0
z500_brown_0.05,3,13,78.0,t500,218.99957275390625,276.1830749511719,0,1038240,0.0
z500_brown_0.05,3,13,78.0,t600,209.52291870117188,288.3026428222656,0,1038240,0.0
z500_brown_0.05,3,13,78.0,t700,211.97132873535156,299.7750549316406,0,1038240,0.0
z500_brown_0.05,3,13,78.0,t850,219.71926879882812,312.0966491699219,0,1038240,0.0
z500_brown_0.05,3,13,78.0,t925,223.3634033203125,316.8121337890625,0,1038240,0.0
z500_brown_0.05,3,13,78.0,t1000,226.89016723632812,321.8312683105469,0,1038240,0.0
z500_brown_0.05,3,13,78.0,q50,4.923510914522922e-07,2.0435602436919e-06,0,1038240,0.0
z500_brown_0.05,3,13,78.0,q100,1.0793744422699092e-06,4.846079718845431e-06,0,1038240,0.0
z500_brown_0.05,3,13,78.0,q150,2.2090762286097743e-07,3.628965714597143e-05,0,1038240,0.0
z500_brown_0.05,3,13,78.0,q200,-7.067912520142272e-06,0.00020193381351418793,8788,1038240,0.00846432424102327
z500_brown_0.05,3,13,78.0,q250,-9.869272616924718e-06,0.0006831423379480839,18177,1038240,0.017507512713823392
z500_brown_0.05,3,13,78.0,q300,-2.3843836970627308e-05,0.0015849802875891328,19085,1038240,0.0183820696563415
z500_brown_0.05,3,13,78.0,q400,-4.107374115847051e-05,0.004236814100295305,24748,1038240,0.023836492525812915
z500_brown_0.05,3,13,78.0,q500,-0.00012148980749770999,0.007796242367476225,13273,1038240,0.012784134689474496
z500_brown_0.05,3,13,78.0,q600,-0.0001886420650407672,0.011354758404195309,14075,1038240,0.013556595777469564
z500_brown_0.05,3,13,78.0,q700,-0.0003594502341002226,0.013197345659136772,34770,1038240,0.03348936662043458
z500_brown_0.05,3,13,78.0,q850,-0.0006293198093771935,0.018511520698666573,40219,1038240,0.03873767144398212
z500_brown_0.05,3,13,78.0,q925,-0.0005515939556062222,0.021018143743276596,48549,1038240,0.04676086453999075
z500_brown_0.05,3,13,78.0,q1000,-0.0006142649799585342,0.02578323893249035,39080,1038240,0.037640622592078905
z500_brown_0.05,3,14,84.0,u10m,-22.105722427368164,19.27525520324707,0,1038240,0.0
z500_brown_0.05,3,14,84.0,v10m,-24.517915725708008,17.071950912475586,0,1038240,0.0
z500_brown_0.05,3,14,84.0,u100m,-28.798030853271484,23.950124740600586,0,1038240,0.0
z500_brown_0.05,3,14,84.0,v100m,-31.304447174072266,20.871540069580078,0,1038240,0.0
z500_brown_0.05,3,14,84.0,t2m,203.38763427734375,321.72430419921875,0,1038240,0.0
z500_brown_0.05,3,14,84.0,sp,48985.24609375,103752.671875,0,1038240,0.0
z500_brown_0.05,3,14,84.0,msl,95911.5234375,103728.296875,0,1038240,0.0
z500_brown_0.05,3,14,84.0,tcwv,-2.0445308685302734,75.20899963378906,31559,1038240,0.03039663276313762
z500_brown_0.05,3,14,84.0,u50,-30.25934600830078,68.85246276855469,0,1038240,0.0
z500_brown_0.05,3,14,84.0,u100,-31.226348876953125,56.457984924316406,0,1038240,0.0
z500_brown_0.05,3,14,84.0,u150,-34.783294677734375,70.057861328125,0,1038240,0.0
z500_brown_0.05,3,14,84.0,u200,-35.98693084716797,85.59537506103516,0,1038240,0.0
z500_brown_0.05,3,14,84.0,u250,-35.94315719604492,85.927490234375,0,1038240,0.0
z500_brown_0.05,3,14,84.0,u300,-32.65421676635742,78.78128051757812,0,1038240,0.0
z500_brown_0.05,3,14,84.0,u400,-38.44139099121094,59.69969177246094,0,1038240,0.0
z500_brown_0.05,3,14,84.0,u500,-36.48408508300781,49.665931701660156,0,1038240,0.0
z500_brown_0.05,3,14,84.0,u600,-33.466365814208984,43.0299072265625,0,1038240,0.0
z500_brown_0.05,3,14,84.0,u700,-27.697479248046875,38.89256286621094,0,1038240,0.0
z500_brown_0.05,3,14,84.0,u850,-32.650028228759766,36.09923553466797,0,1038240,0.0
z500_brown_0.05,3,14,84.0,u925,-34.21199035644531,30.2833309173584,0,1038240,0.0
z500_brown_0.05,3,14,84.0,u1000,-21.344045639038086,22.37131690979004,0,1038240,0.0
z500_brown_0.05,3,14,84.0,v50,-23.498172760009766,20.952375411987305,0,1038240,0.0
z500_brown_0.05,3,14,84.0,v100,-21.790063858032227,21.274141311645508,0,1038240,0.0
z500_brown_0.05,3,14,84.0,v150,-34.970947265625,36.86638641357422,0,1038240,0.0
z500_brown_0.05,3,14,84.0,v200,-44.609622955322266,47.57823181152344,0,1038240,0.0
z500_brown_0.05,3,14,84.0,v250,-53.3548698425293,46.536380767822266,0,1038240,0.0
z500_brown_0.05,3,14,84.0,v300,-54.94646072387695,45.607994079589844,0,1038240,0.0
z500_brown_0.05,3,14,84.0,v400,-59.53245162963867,46.97679901123047,0,1038240,0.0
z500_brown_0.05,3,14,84.0,v500,-50.90412902832031,42.63262939453125,0,1038240,0.0
z500_brown_0.05,3,14,84.0,v600,-39.551639556884766,36.04322814941406,0,1038240,0.0
z500_brown_0.05,3,14,84.0,v700,-35.09737777709961,30.558452606201172,0,1038240,0.0
z500_brown_0.05,3,14,84.0,v850,-36.3532829284668,27.057126998901367,0,1038240,0.0
z500_brown_0.05,3,14,84.0,v925,-30.730697631835938,27.2053165435791,0,1038240,0.0
z500_brown_0.05,3,14,84.0,v1000,-24.889341354370117,18.668582916259766,0,1038240,0.0
z500_brown_0.05,3,14,84.0,z50,176546.4375,208624.28125,0,1038240,0.0
z500_brown_0.05,3,14,84.0,z100,140192.75,166280.65625,0,1038240,0.0
z500_brown_0.05,3,14,84.0,z150,117359.5703125,142234.625,0,1038240,0.0
z500_brown_0.05,3,14,84.0,z200,100501.34375,123955.4609375,0,1038240,0.0
z500_brown_0.05,3,14,84.0,z250,87247.4453125,109070.71875,0,1038240,0.0
z500_brown_0.05,3,14,84.0,z300,76377.3671875,96556.4921875,0,1038240,0.0
z500_brown_0.05,3,14,84.0,z400,59083.0859375,75699.7421875,0,1038240,0.0
z500_brown_0.05,3,14,84.0,z500,45096.96875,58713.5703125,0,1038240,0.0
z500_brown_0.05,3,14,84.0,z600,33038.01171875,44500.15625,0,1038240,0.0
z500_brown_0.05,3,14,84.0,z700,22647.8984375,32284.6640625,0,1038240,0.0
z500_brown_0.05,3,14,84.0,z850,8893.357421875,16486.59375,0,1038240,0.0
z500_brown_0.05,3,14,84.0,z925,2692.3486328125,9432.0107421875,0,1038240,0.0
z500_brown_0.05,3,14,84.0,z1000,-3252.14453125,3006.1806640625,0,1038240,0.0
z500_brown_0.05,3,14,84.0,t50,179.55824279785156,237.16888427734375,0,1038240,0.0
z500_brown_0.05,3,14,84.0,t100,184.66148376464844,238.9381103515625,0,1038240,0.0
z500_brown_0.05,3,14,84.0,t150,188.15591430664062,243.76168823242188,0,1038240,0.0
z500_brown_0.05,3,14,84.0,t200,192.08786010742188,243.54969787597656,0,1038240,0.0
z500_brown_0.05,3,14,84.0,t250,197.83892822265625,244.47900390625,0,1038240,0.0
z500_brown_0.05,3,14,84.0,t300,202.12069702148438,251.1065673828125,0,1038240,0.0
z500_brown_0.05,3,14,84.0,t400,211.9741973876953,265.7882080078125,0,1038240,0.0
z500_brown_0.05,3,14,84.0,t500,218.78875732421875,278.43011474609375,0,1038240,0.0
z500_brown_0.05,3,14,84.0,t600,208.809814453125,291.30078125,0,1038240,0.0
z500_brown_0.05,3,14,84.0,t700,213.67127990722656,302.623046875,0,1038240,0.0
z500_brown_0.05,3,14,84.0,t850,221.5306396484375,313.14227294921875,0,1038240,0.0
z500_brown_0.05,3,14,84.0,t925,225.08212280273438,318.2152099609375,0,1038240,0.0
z500_brown_0.05,3,14,84.0,t1000,228.66943359375,323.3980712890625,0,1038240,0.0
z500_brown_0.05,3,14,84.0,q50,5.251965831121197e-07,2.0477639282034943e-06,0,1038240,0.0
z500_brown_0.05,3,14,84.0,q100,1.0516234851820627e-06,4.730395630758721e-06,0,1038240,0.0
z500_brown_0.05,3,14,84.0,q150,5.859556040377356e-08,4.473220178624615e-05,0,1038240,0.0
z500_brown_0.05,3,14,84.0,q200,-6.602327630389482e-06,0.00022731677745468915,10607,1038240,0.010216327631376174
z500_brown_0.05,3,14,84.0,q250,-1.1443222319940105e-05,0.0006509702070616186,18439,1038240,0.0177598628448143
z500_brown_0.05,3,14,84.0,q300,-2.6674300897866488e-05,0.001544258906506002,21224,1038240,0.020442286947141317
z500_brown_0.05,3,14,84.0,q400,-0.0001350169477518648,0.004173237830400467,27449,1038240,0.026438010479272616
z500_brown_0.05,3,14,84.0,q500,-0.00016480626072734594,0.007894743233919144,13064,1038240,0.012582832485745108
z500_brown_0.05,3,14,84.0,q600,-0.00017689121887087822,0.010200118646025658,12383,1038240,0.011926914778856526
z500_brown_0.05,3,14,84.0,q700,-0.0003822504077106714,0.013143150135874748,25777,1038240,0.02482759284943751
z500_brown_0.05,3,14,84.0,q850,-0.0004925783723592758,0.018586385995149612,36606,1038240,0.03525774387424873
z500_brown_0.05,3,14,84.0,q925,-0.0005294280126690865,0.021279368549585342,46076,1038240,0.04437894899059948
z500_brown_0.05,3,14,84.0,q1000,-0.0006013708189129829,0.02548259124159813,34950,1038240,0.033662736939435965
z500_brown_0.05,3,15,90.0,u10m,-24.947078704833984,17.937801361083984,0,1038240,0.0
z500_brown_0.05,3,15,90.0,v10m,-21.747167587280273,17.09115219116211,0,1038240,0.0
z500_brown_0.05,3,15,90.0,u100m,-32.12168884277344,22.89312171936035,0,1038240,0.0
z500_brown_0.05,3,15,90.0,v100m,-27.601449966430664,21.84153938293457,0,1038240,0.0
z500_brown_0.05,3,15,90.0,t2m,202.91384887695312,320.717529296875,0,1038240,0.0
z500_brown_0.05,3,15,90.0,sp,49137.4453125,103711.6328125,0,1038240,0.0
z500_brown_0.05,3,15,90.0,msl,95769.953125,103674.9140625,0,1038240,0.0
z500_brown_0.05,3,15,90.0,tcwv,-2.012479782104492,77.66780090332031,28351,1038240,0.027306788411157343
z500_brown_0.05,3,15,90.0,u50,-30.344715118408203,70.15454864501953,0,1038240,0.0
z500_brown_0.05,3,15,90.0,u100,-31.842506408691406,56.80694580078125,0,1038240,0.0
z500_brown_0.05,3,15,90.0,u150,-39.290672302246094,71.73021697998047,0,1038240,0.0
z500_brown_0.05,3,15,90.0,u200,-34.493896484375,86.17375946044922,0,1038240,0.0
z500_brown_0.05,3,15,90.0,u250,-34.124534606933594,86.06361389160156,0,1038240,0.0
z500_brown_0.05,3,15,90.0,u300,-40.00592803955078,80.49617767333984,0,1038240,0.0
z500_brown_0.05,3,15,90.0,u400,-43.07213592529297,58.748138427734375,0,1038240,0.0
z500_brown_0.05,3,15,90.0,u500,-34.58266830444336,47.9682731628418,0,1038240,0.0
z500_brown_0.05,3,15,90.0,u600,-25.39188575744629,42.022830963134766,0,1038240,0.0
z500_brown_0.05,3,15,90.0,u700,-29.35748291015625,38.12995529174805,0,1038240,0.0
z500_brown_0.05,3,15,90.0,u850,-38.06037139892578,37.30592346191406,0,1038240,0.0
z500_brown_0.05,3,15,90.0,u925,-38.42384338378906,30.764692306518555,0,1038240,0.0
z500_brown_0.05,3,15,90.0,u1000,-24.271570205688477,20.20245361328125,0,1038240,0.0
z500_brown_0.05,3,15,90.0,v50,-23.01140785217285,20.001237869262695,0,1038240,0.0
z500_brown_0.05,3,15,90.0,v100,-19.23569107055664,22.733657836914062,0,1038240,0.0
z500_brown_0.05,3,15,90.0,v150,-34.46772384643555,36.03016662597656,0,1038240,0.0
z500_brown_0.05,3,15,90.0,v200,-43.04451370239258,48.00730895996094,0,1038240,0.0
z500_brown_0.05,3,15,90.0,v250,-54.95937728881836,53.179237365722656,0,1038240,0.0
z500_brown_0.05,3,15,90.0,v300,-52.857582092285156,54.66178894042969,0,1038240,0.0
z500_brown_0.05,3,15,90.0,v400,-56.47306442260742,51.51496887207031,0,1038240,0.0
z500_brown_0.05,3,15,90.0,v500,-52.095943450927734,46.46156311035156,0,1038240,0.0
z500_brown_0.05,3,15,90.0,v600,-41.70378112792969,38.87550735473633,0,1038240,0.0
z500_brown_0.05,3,15,90.0,v700,-32.7761116027832,30.74979591369629,0,1038240,0.0
z500_brown_0.05,3,15,90.0,v850,-32.72761917114258,27.57250213623047,0,1038240,0.0
z500_brown_0.05,3,15,90.0,v925,-31.977088928222656,27.473712921142578,0,1038240,0.0
z500_brown_0.05,3,15,90.0,v1000,-21.841249465942383,19.186986923217773,0,1038240,0.0
z500_brown_0.05,3,15,90.0,z50,176454.96875,208521.1875,0,1038240,0.0
z500_brown_0.05,3,15,90.0,z100,140147.859375,166401.3125,0,1038240,0.0
z500_brown_0.05,3,15,90.0,z150,117292.6640625,142279.078125,0,1038240,0.0
z500_brown_0.05,3,15,90.0,z200,100411.5859375,124007.4609375,0,1038240,0.0
z500_brown_0.05,3,15,90.0,z250,87131.546875,109194.2890625,0,1038240,0.0
z500_brown_0.05,3,15,90.0,z300,76231.2734375,96676.3828125,0,1038240,0.0
z500_brown_0.05,3,15,90.0,z400,58933.48828125,75813.9375,0,1038240,0.0
z500_brown_0.05,3,15,90.0,z500,45190.81640625,58816.890625,0,1038240,0.0
z500_brown_0.05,3,15,90.0,z600,33178.46875,44414.9375,0,1038240,0.0
z500_brown_0.05,3,15,90.0,z700,22650.87890625,32201.798828125,0,1038240,0.0
z500_brown_0.05,3,15,90.0,z850,8705.736328125,16426.0859375,0,1038240,0.0
z500_brown_0.05,3,15,90.0,z925,2530.02001953125,9380.3271484375,0,1038240,0.0
z500_brown_0.05,3,15,90.0,z1000,-3253.5595703125,2967.4326171875,0,1038240,0.0
z500_brown_0.05,3,15,90.0,t50,179.43785095214844,237.47332763671875,0,1038240,0.0
z500_brown_0.05,3,15,90.0,t100,184.3560791015625,239.15956115722656,0,1038240,0.0
z500_brown_0.05,3,15,90.0,t150,186.97265625,244.03964233398438,0,1038240,0.0
z500_brown_0.05,3,15,90.0,t200,192.68606567382812,243.2316131591797,0,1038240,0.0
z500_brown_0.05,3,15,90.0,t250,198.08387756347656,244.8055419921875,0,1038240,0.0
z500_brown_0.05,3,15,90.0,t300,202.21522521972656,250.573486328125,0,1038240,0.0
z500_brown_0.05,3,15,90.0,t400,211.9187469482422,264.7526550292969,0,1038240,0.0
z500_brown_0.05,3,15,90.0,t500,218.0142822265625,275.4902038574219,0,1038240,0.0
z500_brown_0.05,3,15,90.0,t600,207.6920928955078,287.3143615722656,0,1038240,0.0
z500_brown_0.05,3,15,90.0,t700,214.1138153076172,296.9431457519531,0,1038240,0.0
z500_brown_0.05,3,15,90.0,t850,222.38075256347656,309.4240417480469,0,1038240,0.0
z500_brown_0.05,3,15,90.0,t925,226.01878356933594,315.038818359375,0,1038240,0.0
z500_brown_0.05,3,15,90.0,t1000,229.43328857421875,320.4127197265625,0,1038240,0.0
z500_brown_0.05,3,15,90.0,q50,5.61613887839485e-07,2.061985469481442e-06,0,1038240,0.0
z500_brown_0.05,3,15,90.0,q100,1.0412456958874827e-06,4.6577624743804336e-06,0,1038240,0.0
z500_brown_0.05,3,15,90.0,q150,-3.42394741892349e-07,4.106623600819148e-05,10,1038240,9.631684388965943e-06
z500_brown_0.05,3,15,90.0,q200,-7.236032615764998e-06,0.00021556403953582048,10745,1038240,0.010349244875943905
z500_brown_0.05,3,15,90.0,q250,-1.172724660136737e-05,0.0006969562964513898,17992,1038240,0.017329326552627523
z500_brown_0.05,3,15,90.0,q300,-2.8363283490762115e-05,0.0014956933446228504,19953,1038240,0.019218099861303746
z500_brown_0.05,3,15,90.0,q400,-6.290970486588776e-05,0.004225804936140776,30164,1038240,0.029053012790876867
z500_brown_0.05,3,15,90.0,q500,-0.00012992380652576685,0.007600564043968916,13531,1038240,0.013032632146709817
z500_brown_0.05,3,15,90.0,q600,-0.00020939589012414217,0.010018905624747276,14023,1038240,0.01350651101864694
z500_brown_0.05,3,15,90.0,q700,-0.0004122345708310604,0.012979963794350624,34884,1038240,0.033599167822468794
z500_brown_0.05,3,15,90.0,q850,-0.0004872214049100876,0.018546011298894882,40736,1038240,0.03923562952689166
z500_brown_0.05,3,15,90.0,q925,-0.0004244646988809109,0.021261556074023247,51017,1038240,0.04913796424718755
z500_brown_0.05,3,15,90.0,q1000,-0.000502872746437788,0.025403151288628578,39508,1038240,0.038052858683926646
z500_brown_0.05,3,16,96.0,u10m,-22.865251541137695,18.18096923828125,0,1038240,0.0
z500_brown_0.05,3,16,96.0,v10m,-20.6373233795166,20.9794921875,0,1038240,0.0
z500_brown_0.05,3,16,96.0,u100m,-29.220922470092773,23.505273818969727,0,1038240,0.0
z500_brown_0.05,3,16,96.0,v100m,-26.28131675720215,26.601932525634766,0,1038240,0.0
z500_brown_0.05,3,16,96.0,t2m,202.14547729492188,317.3017578125,0,1038240,0.0
z500_brown_0.05,3,16,96.0,sp,48993.30859375,103662.4921875,0,1038240,0.0
z500_brown_0.05,3,16,96.0,msl,95581.2265625,103628.234375,0,1038240,0.0
z500_brown_0.05,3,16,96.0,tcwv,-2.5057220458984375,76.31919860839844,36712,1038240,0.03535983972877177
z500_brown_0.05,3,16,96.0,u50,-30.848716735839844,69.34395599365234,0,1038240,0.0
z500_brown_0.05,3,16,96.0,u100,-31.275741577148438,57.963199615478516,0,1038240,0.0
z500_brown_0.05,3,16,96.0,u150,-40.099456787109375,73.7935791015625,0,1038240,0.0
z500_brown_0.05,3,16,96.0,u200,-33.362640380859375,85.0372085571289,0,1038240,0.0
z500_brown_0.05,3,16,96.0,u250,-32.33677673339844,86.5755615234375,0,1038240,0.0
z500_brown_0.05,3,16,96.0,u300,-31.548168182373047,80.07469177246094,0,1038240,0.0
z500_brown_0.05,3,16,96.0,u400,-38.28881072998047,59.24933624267578,0,1038240,0.0
z500_brown_0.05,3,16,96.0,u500,-33.15701675415039,48.49020004272461,0,1038240,0.0
z500_brown_0.05,3,16,96.0,u600,-29.703351974487305,42.986289978027344,0,1038240,0.0
z500_brown_0.05,3,16,96.0,u700,-34.301082611083984,40.76166534423828,0,1038240,0.0
z500_brown_0.05,3,16,96.0,u850,-39.28189468383789,40.00338363647461,0,1038240,0.0
z500_brown_0.05,3,16,96.0,u925,-34.032142639160156,33.331302642822266,0,1038240,0.0
z500_brown_0.05,3,16,96.0,u1000,-22.33820152282715,19.555912017822266,0,1038240,0.0
z500_brown_0.05,3,16,96.0,v50,-22.345664978027344,21.272258758544922,0,1038240,0.0
z500_brown_0.05,3,16,96.0,v100,-19.432992935180664,24.83289337158203,0,1038240,0.0
z500_brown_0.05,3,16,96.0,v150,-33.68394470214844,37.85107421875,0,1038240,0.0
z500_brown_0.05,3,16,96.0,v200,-41.19130325317383,51.15285873413086,0,1038240,0.0
z500_brown_0.05,3,16,96.0,v250,-53.852439880371094,56.28890609741211,0,1038240,0.0
z500_brown_0.05,3,16,96.0,v300,-49.01929473876953,59.5934944152832,0,1038240,0.0
z500_brown_0.05,3,16,96.0,v400,-54.651851654052734,53.27693557739258,0,1038240,0.0
z500_brown_0.05,3,16,96.0,v500,-48.668251037597656,49.51228713989258,0,1038240,0.0
z500_brown_0.05,3,16,96.0,v600,-37.97037124633789,42.08154296875,0,1038240,0.0
z500_brown_0.05,3,16,96.0,v700,-32.59482192993164,32.73997497558594,0,1038240,0.0
z500_brown_0.05,3,16,96.0,v850,-31.55859375,31.07795524597168,0,1038240,0.0
z500_brown_0.05,3,16,96.0,v925,-31.040340423583984,30.587234497070312,0,1038240,0.0
z500_brown_0.05,3,16,96.0,v1000,-20.87764549255371,20.75042724609375,0,1038240,0.0
z500_brown_0.05,3,16,96.0,z50,176335.65625,208503.234375,0,1038240,0.0
z500_brown_0.05,3,16,96.0,z100,140117.9375,166269.59375,0,1038240,0.0
z500_brown_0.05,3,16,96.0,z150,117251.6796875,142127.71875,0,1038240,0.0
z500_brown_0.05,3,16,96.0,z200,100336.671875,123898.171875,0,1038240,0.0
z500_brown_0.05,3,16,96.0,z250,87043.171875,109256.078125,0,1038240,0.0
z500_brown_0.05,3,16,96.0,z300,76146.3046875,96696.875,0,1038240,0.0
z500_brown_0.05,3,16,96.0,z400,58883.3125,75747.359375,0,1038240,0.0
z500_brown_0.05,3,16,96.0,z500,45084.84375,58682.94140625,0,1038240,0.0
z500_brown_0.05,3,16,96.0,z600,33004.84375,44416.37890625,0,1038240,0.0
z500_brown_0.05,3,16,96.0,z700,22441.60546875,32197.859375,0,1038240,0.0
z500_brown_0.05,3,16,96.0,z850,8555.4345703125,16416.73828125,0,1038240,0.0
z500_brown_0.05,3,16,96.0,z925,2420.78759765625,9363.7548828125,0,1038240,0.0
z500_brown_0.05,3,16,96.0,z1000,-3550.52978515625,2934.41552734375,0,1038240,0.0
z500_brown_0.05,3,16,96.0,t50,179.59352111816406,237.57005310058594,0,1038240,0.0
z500_brown_0.05,3,16,96.0,t100,184.85250854492188,239.6569061279297,0,1038240,0.0
z500_brown_0.05,3,16,96.0,t150,187.62513732910156,244.146240234375,0,1038240,0.0
z500_brown_0.05,3,16,96.0,t200,193.23020935058594,243.10299682617188,0,1038240,0.0
z500_brown_0.05,3,16,96.0,t250,198.39564514160156,245.09884643554688,0,1038240,0.0
z500_brown_0.05,3,16,96.0,t300,202.33786010742188,250.31788635253906,0,1038240,0.0
z500_brown_0.05,3,16,96.0,t400,211.20936584472656,264.3002014160156,0,1038240,0.0
z500_brown_0.05,3,16,96.0,t500,217.67770385742188,275.3680419921875,0,1038240,0.0
z500_brown_0.05,3,16,96.0,t600,206.93789672851562,284.92034912109375,0,1038240,0.0
z500_brown_0.05,3,16,96.0,t700,213.936767578125,293.6052551269531,0,1038240,0.0
z500_brown_0.05,3,16,96.0,t850,222.52993774414062,309.9690246582031,0,1038240,0.0
z500_brown_0.05,3,16,96.0,t925,226.26953125,314.9242858886719,0,1038240,0.0
z500_brown_0.05,3,16,96.0,t1000,229.4364471435547,319.7494201660156,0,1038240,0.0
z500_brown_0.05,3,16,96.0,q50,5.949323167442344e-07,2.080443209706573e-06,0,1038240,0.0
z500_brown_0.05,3,16,96.0,q100,1.0342795349060907e-06,4.655268639908172e-06,0,1038240,0.0
z500_brown_0.05,3,16,96.0,q150,-1.0207736522716004e-06,3.505212225718424e-05,26,1038240,2.504237941131145e-05
z500_brown_0.05,3,16,96.0,q200,-7.730744982836768e-06,0.00018953117250930518,11398,1038240,0.010978193866543381
z500_brown_0.05,3,16,96.0,q250,-1.2964726920472458e-05,0.0006678064819425344,17625,1038240,0.016975843735552474
z500_brown_0.05,3,16,96.0,q300,-2.8789843781851232e-05,0.0015073632821440697,20250,1038240,0.01950416088765603
z500_brown_0.05,3,16,96.0,q400,-5.220438470132649e-05,0.004124122206121683,23727,1038240,0.02285309754969949
z500_brown_0.05,3,16,96.0,q500,-8.231599349528551e-05,0.0072918422520160675,13817,1038240,0.013308098320234243
z500_brown_0.05,3,16,96.0,q600,-0.0002465187571942806,0.009968852624297142,16061,1038240,0.0154694482971182
z500_brown_0.05,3,16,96.0,q700,-0.0004180585965514183,0.01269674301147461,31909,1038240,0.030733741716751424
z500_brown_0.05,3,16,96.0,q850,-0.0004789121448993683,0.018797483295202255,44621,1038240,0.04297753891200493
z500_brown_0.05,3,16,96.0,q925,-0.0005444418638944626,0.022133253514766693,50099,1038240,0.04825377562028047
z500_brown_0.05,3,16,96.0,q1000,-0.0005614026449620724,0.025678886100649834,45909,1038240,0.04421809986130375
z500_brown_0.05,3,17,102.0,u10m,-21.342390060424805,21.137998580932617,0,1038240,0.0
z500_brown_0.05,3,17,102.0,v10m,-18.41571807861328,19.93990707397461,0,1038240,0.0
z500_brown_0.05,3,17,102.0,u100m,-27.805130004882812,27.04056739807129,0,1038240,0.0
z500_brown_0.05,3,17,102.0,v100m,-23.63898468017578,24.417072296142578,0,1038240,0.0
z500_brown_0.05,3,17,102.0,t2m,201.8004150390625,314.7618408203125,0,1038240,0.0
z500_brown_0.05,3,17,102.0,sp,48983.328125,103547.359375,0,1038240,0.0
z500_brown_0.05,3,17,102.0,msl,95395.6484375,103517.96875,0,1038240,0.0
z500_brown_0.05,3,17,102.0,tcwv,-2.4787826538085938,76.47291564941406,41418,1038240,0.03989251040221914
z500_brown_0.05,3,17,102.0,u50,-32.36186981201172,70.99442291259766,0,1038240,0.0
z500_brown_0.05,3,17,102.0,u100,-31.24740219116211,59.955535888671875,0,1038240,0.0
z500_brown_0.05,3,17,102.0,u150,-39.62782287597656,73.48815155029297,0,1038240,0.0
z500_brown_0.05,3,17,102.0,u200,-31.94883918762207,85.35295104980469,0,1038240,0.0
z500_brown_0.05,3,17,102.0,u250,-31.54814910888672,87.95433044433594,0,1038240,0.0
z500_brown_0.05,3,17,102.0,u300,-34.422096252441406,82.85130310058594,0,1038240,0.0
z500_brown_0.05,3,17,102.0,u400,-39.32794189453125,59.1005859375,0,1038240,0.0
z500_brown_0.05,3,17,102.0,u500,-36.92555236816406,49.02463150024414,0,1038240,0.0
z500_brown_0.05,3,17,102.0,u600,-32.26195526123047,43.633506774902344,0,1038240,0.0
z500_brown_0.05,3,17,102.0,u700,-34.0035514831543,40.66675567626953,0,1038240,0.0
z500_brown_0.05,3,17,102.0,u850,-35.46608352661133,38.552268981933594,0,1038240,0.0
z500_brown_0.05,3,17,102.0,u925,-32.541961669921875,33.405555725097656,0,1038240,0.0
z500_brown_0.05,3,17,102.0,u1000,-21.244400024414062,21.11869239807129,0,1038240,0.0
z500_brown_0.05,3,17,102.0,v50,-22.098852157592773,21.671567916870117,0,1038240,0.0
z500_brown_0.05,3,17,102.0,v100,-19.524429321289062,25.42926025390625,0,1038240,0.0
z500_brown_0.05,3,17,102.0,v150,-37.02566909790039,35.22731399536133,0,1038240,0.0
z500_brown_0.05,3,17,102.0,v200,-42.17072296142578,49.07429885864258,0,1038240,0.0
z500_brown_0.05,3,17,102.0,v250,-54.4005012512207,55.11310958862305,0,1038240,0.0
z500_brown_0.05,3,17,102.0,v300,-47.123634338378906,60.75292205810547,0,1038240,0.0
z500_brown_0.05,3,17,102.0,v400,-46.94143295288086,55.90167236328125,0,1038240,0.0
z500_brown_0.05,3,17,102.0,v500,-45.25969696044922,48.59971618652344,0,1038240,0.0
z500_brown_0.05,3,17,102.0,v600,-36.64649200439453,40.68410110473633,0,1038240,0.0
z500_brown_0.05,3,17,102.0,v700,-30.381057739257812,32.126747131347656,0,1038240,0.0
z500_brown_0.05,3,17,102.0,v850,-31.87277603149414,30.431474685668945,0,1038240,0.0
z500_brown_0.05,3,17,102.0,v925,-31.98781967163086,27.97935676574707,0,1038240,0.0
z500_brown_0.05,3,17,102.0,v1000,-21.1906795501709,19.671064376831055,0,1038240,0.0
z500_brown_0.05,3,17,102.0,z50,176301.625,208556.234375,0,1038240,0.0
z500_brown_0.05,3,17,102.0,z100,140018.96875,166322.40625,0,1038240,0.0
z500_brown_0.05,3,17,102.0,z150,117128.3359375,142203.5,0,1038240,0.0
z500_brown_0.05,3,17,102.0,z200,100204.78125,123918.7890625,0,1038240,0.0
z500_brown_0.05,3,17,102.0,z250,86900.1484375,109155.15625,0,1038240,0.0
z500_brown_0.05,3,17,102.0,z300,76022.9609375,96612.4140625,0,1038240,0.0
z500_brown_0.05,3,17,102.0,z400,58809.546875,75721.0546875,0,1038240,0.0
z500_brown_0.05,3,17,102.0,z500,44991.9921875,58698.19921875,0,1038240,0.0
z500_brown_0.05,3,17,102.0,z600,32913.84765625,44338.828125,0,1038240,0.0
z500_brown_0.05,3,17,102.0,z700,22373.853515625,32117.83203125,0,1038240,0.0
z500_brown_0.05,3,17,102.0,z850,8536.87109375,16340.56640625,0,1038240,0.0
z500_brown_0.05,3,17,102.0,z925,2386.74072265625,9278.802734375,0,1038240,0.0
z500_brown_0.05,3,17,102.0,z1000,-3699.84423828125,2844.74169921875,0,1038240,0.0
z500_brown_0.05,3,17,102.0,t50,179.3493194580078,237.78089904785156,0,1038240,0.0
z500_brown_0.05,3,17,102.0,t100,185.5027313232422,240.09657287597656,0,1038240,0.0
z500_brown_0.05,3,17,102.0,t150,189.24681091308594,244.8487548828125,0,1038240,0.0
z500_brown_0.05,3,17,102.0,t200,193.94189453125,243.7801513671875,0,1038240,0.0
z500_brown_0.05,3,17,102.0,t250,198.19815063476562,245.0044403076172,0,1038240,0.0
z500_brown_0.05,3,17,102.0,t300,202.04498291015625,250.62147521972656,0,1038240,0.0
z500_brown_0.05,3,17,102.0,t400,211.0561981201172,264.62591552734375,0,1038240,0.0
z500_brown_0.05,3,17,102.0,t500,217.61695861816406,276.3726806640625,0,1038240,0.0
z500_brown_0.05,3,17,102.0,t600,206.52603149414062,288.79962158203125,0,1038240,0.0
z500_brown_0.05,3,17,102.0,t700,214.13418579101562,298.15692138671875,0,1038240,0.0
z500_brown_0.05,3,17,102.0,t850,222.96841430664062,309.6384582519531,0,1038240,0.0
z500_brown_0.05,3,17,102.0,t925,226.66656494140625,315.038330078125,0,1038240,0.0
z500_brown_0.05,3,17,102.0,t1000,229.83984375,319.9278564453125,0,1038240,0.0
z500_brown_0.05,3,17,102.0,q50,6.300558652583277e-07,2.0970269360987004e-06,0,1038240,0.0
z500_brown_0.05,3,17,102.0,q100,1.022796141114668e-06,4.76300556329079e-06,0,1038240,0.0
z500_brown_0.05,3,17,102.0,q150,-1.1793990779551677e-06,3.7094294384587556e-05,27,1038240,2.6005547850208046e-05
z500_brown_0.05,3,17,102.0,q200,-9.971334293368272e-06,0.00018868075858335942,12247,1038240,0.01179592387116659
z500_brown_0.05,3,17,102.0,q250,-1.2400832929415628e-05,0.0006405143649317324,18549,1038240,0.017865811373092927
z500_brown_0.05,3,17,102.0,q300,-2.628231595735997e-05,0.0014836039626970887,22652,1038240,0.02181769147788565
z500_brown_0.05,3,17,102.0,q400,-5.418673390522599e-05,0.004125235602259636,25380,1038240,0.02444521497919556
z500_brown_0.05,3,17,102.0,q500,-8.105684537440538e-05,0.007933538407087326,11175,1038240,0.01076340730466944
z500_brown_0.05,3,17,102.0,q600,-0.0002761298092082143,0.011615503579378128,14419,1038240,0.013887925720449992
z500_brown_0.05,3,17,102.0,q700,-0.000419956399127841,0.013171391561627388,37564,1038240,0.03618045923871167
z500_brown_0.05,3,17,102.0,q850,-0.0005621146410703659,0.018817879259586334,50295,1038240,0.048442556634304204
z500_brown_0.05,3,17,102.0,q925,-0.0005602193996310234,0.022032881155610085,60971,1038240,0.05872534288796425
z500_brown_0.05,3,17,102.0,q1000,-0.0006247321143746376,0.025128226727247238,54412,1038240,0.05240792109724149
z500_brown_0.05,3,18,108.0,u10m,-21.732952117919922,21.479856491088867,0,1038240,0.0
z500_brown_0.05,3,18,108.0,v10m,-18.600271224975586,18.903533935546875,0,1038240,0.0
z500_brown_0.05,3,18,108.0,u100m,-28.193204879760742,27.364389419555664,0,1038240,0.0
z500_brown_0.05,3,18,108.0,v100m,-23.800167083740234,23.894668579101562,0,1038240,0.0
z500_brown_0.05,3,18,108.0,t2m,200.92919921875,322.11810302734375,0,1038240,0.0
z500_brown_0.05,3,18,108.0,sp,48902.6328125,103521.953125,0,1038240,0.0
z500_brown_0.05,3,18,108.0,msl,95483.21875,103491.2421875,0,1038240,0.0
z500_brown_0.05,3,18,108.0,tcwv,-2.567171096801758,78.15586853027344,40816,1038240,0.03931268300200339
z500_brown_0.05,3,18,108.0,u50,-30.188232421875,70.68223571777344,0,1038240,0.0
z500_brown_0.05,3,18,108.0,u100,-31.213214874267578,61.782737731933594,0,1038240,0.0
z500_brown_0.05,3,18,108.0,u150,-37.05915832519531,72.1148452758789,0,1038240,0.0
z500_brown_0.05,3,18,108.0,u200,-32.318450927734375,87.0451431274414,0,1038240,0.0
z500_brown_0.05,3,18,108.0,u250,-33.3735237121582,94.20936584472656,0,1038240,0.0
z500_brown_0.05,3,18,108.0,u300,-31.441490173339844,85.83554077148438,0,1038240,0.0
z500_brown_0.05,3,18,108.0,u400,-36.322662353515625,61.244712829589844,0,1038240,0.0
z500_brown_0.05,3,18,108.0,u500,-34.55204391479492,54.10747528076172,0,1038240,0.0
z500_brown_0.05,3,18,108.0,u600,-31.03118324279785,45.35129928588867,0,1038240,0.0
z500_brown_0.05,3,18,108.0,u700,-33.52755355834961,39.869117736816406,0,1038240,0.0
z500_brown_0.05,3,18,108.0,u850,-33.26189041137695,38.932098388671875,0,1038240,0.0
z500_brown_0.05,3,18,108.0,u925,-36.82097625732422,34.35041046142578,0,1038240,0.0
z500_brown_0.05,3,18,108.0,u1000,-21.845504760742188,21.396472930908203,0,1038240,0.0
z500_brown_0.05,3,18,108.0,v50,-21.73758888244629,23.01166343688965,0,1038240,0.0
z500_brown_0.05,3,18,108.0,v100,-19.342119216918945,25.377038955688477,0,1038240,0.0
z500_brown_0.05,3,18,108.0,v150,-35.718326568603516,32.74058532714844,0,1038240,0.0
z500_brown_0.05,3,18,108.0,v200,-42.71736526489258,47.5353889465332,0,1038240,0.0
z500_brown_0.05,3,18,108.0,v250,-52.358760833740234,52.436790466308594,0,1038240,0.0
z500_brown_0.05,3,18,108.0,v300,-45.99495315551758,58.1277961730957,0,1038240,0.0
z500_brown_0.05,3,18,108.0,v400,-42.61741638183594,59.52638626098633,0,1038240,0.0
z500_brown_0.05,3,18,108.0,v500,-38.3958854675293,50.00774383544922,0,1038240,0.0
z500_brown_0.05,3,18,108.0,v600,-31.015792846679688,38.5405387878418,0,1038240,0.0
z500_brown_0.05,3,18,108.0,v700,-29.954015731811523,30.230667114257812,0,1038240,0.0
z500_brown_0.05,3,18,108.0,v850,-31.430490493774414,28.66486930847168,0,1038240,0.0
z500_brown_0.05,3,18,108.0,v925,-31.600780487060547,28.526287078857422,0,1038240,0.0
z500_brown_0.05,3,18,108.0,v1000,-19.98895263671875,19.870634078979492,0,1038240,0.0
z500_brown_0.05,3,18,108.0,z50,176139.171875,208763.5625,0,1038240,0.0
z500_brown_0.05,3,18,108.0,z100,139927.34375,166423.90625,0,1038240,0.0
z500_brown_0.05,3,18,108.0,z150,117026.0703125,142293.609375,0,1038240,0.0
z500_brown_0.05,3,18,108.0,z200,100076.7734375,124027.84375,0,1038240,0.0
z500_brown_0.05,3,18,108.0,z250,86762.671875,109120.859375,0,1038240,0.0
z500_brown_0.05,3,18,108.0,z300,75874.21875,96468.2890625,0,1038240,0.0
z500_brown_0.05,3,18,108.0,z400,58671.3984375,75510.2734375,0,1038240,0.0
z500_brown_0.05,3,18,108.0,z500,44904.125,58552.1875,0,1038240,0.0
z500_brown_0.05,3,18,108.0,z600,32834.6328125,44424.76953125,0,1038240,0.0
z500_brown_0.05,3,18,108.0,z700,22318.19140625,32056.046875,0,1038240,0.0
z500_brown_0.05,3,18,108.0,z850,8552.0810546875,16296.853515625,0,1038240,0.0
z500_brown_0.05,3,18,108.0,z925,2447.55126953125,9236.875,0,1038240,0.0
z500_brown_0.05,3,18,108.0,z1000,-3628.08447265625,2820.42919921875,0,1038240,0.0
z500_brown_0.05,3,18,108.0,t50,179.10775756835938,237.81619262695312,0,1038240,0.0
z500_brown_0.05,3,18,108.0,t100,185.74453735351562,240.5572967529297,0,1038240,0.0
z500_brown_0.05,3,18,108.0,t150,190.98052978515625,244.6781005859375,0,1038240,0.0
z500_brown_0.05,3,18,108.0,t200,194.65689086914062,243.7259521484375,0,1038240,0.0
z500_brown_0.05,3,18,108.0,t250,198.1970977783203,245.109375,0,1038240,0.0
z500_brown_0.05,3,18,108.0,t300,201.56558227539062,251.45465087890625,0,1038240,0.0
z500_brown_0.05,3,18,108.0,t400,210.87660217285156,265.94647216796875,0,1038240,0.0
z500_brown_0.05,3,18,108.0,t500,217.27159118652344,278.8905334472656,0,1038240,0.0
z500_brown_0.05,3,18,108.0,t600,206.75955200195312,291.95025634765625,0,1038240,0.0
z500_brown_0.05,3,18,108.0,t700,213.85409545898438,301.4750061035156,0,1038240,0.0
z500_brown_0.05,3,18,108.0,t850,223.22030639648438,312.3275146484375,0,1038240,0.0
z500_brown_0.05,3,18,108.0,t925,227.0501708984375,317.5217590332031,0,1038240,0.0
z500_brown_0.05,3,18,108.0,t1000,230.24710083007812,322.7885437011719,0,1038240,0.0
z500_brown_0.05,3,18,108.0,q50,6.641207619395573e-07,2.112581569235772e-06,0,1038240,0.0
z500_brown_0.05,3,18,108.0,q100,9.993495950766373e-07,4.704529601440299e-06,0,1038240,0.0
z500_brown_0.05,3,18,108.0,q150,-7.456628736690618e-07,4.4666197936749086e-05,12,1038240,1.1558021266759131e-05
z500_brown_0.05,3,18,108.0,q200,-1.0438670869916677e-05,0.0002313119184691459,11451,1038240,0.0110292417938049
z500_brown_0.05,3,18,108.0,q250,-1.4227811334421858e-05,0.0006824145675636828,19624,1038240,0.018901217444906766
z500_brown_0.05,3,18,108.0,q300,-2.72445467999205e-05,0.0015727864811196923,22651,1038240,0.021816728309446757
z500_brown_0.05,3,18,108.0,q400,-0.00011009295121766627,0.004299504682421684,25533,1038240,0.02459257975034674
z500_brown_0.05,3,18,108.0,q500,-0.00012132758274674416,0.00797455944120884,11650,1038240,0.011220912313145323
z500_brown_0.05,3,18,108.0,q600,-0.0002532489597797394,0.010132056660950184,13872,1038240,0.013361072584373555
z500_brown_0.05,3,18,108.0,q700,-0.00047210906632244587,0.013488104566931725,29578,1038240,0.028488596085683465
z500_brown_0.05,3,18,108.0,q850,-0.0005664373748004436,0.019488973543047905,44925,1038240,0.04327034211742949
z500_brown_0.05,3,18,108.0,q925,-0.0005978457629680634,0.020978214219212532,55787,1038240,0.0537322777007243
z500_brown_0.05,3,18,108.0,q1000,-0.0005868086591362953,0.02566785365343094,46489,1038240,0.04477673755586377
z500_brown_0.05,3,19,114.0,u10m,-25.307571411132812,22.853609085083008,0,1038240,0.0
z500_brown_0.05,3,19,114.0,v10m,-19.198091506958008,18.99984359741211,0,1038240,0.0
z500_brown_0.05,3,19,114.0,u100m,-32.6308479309082,29.408750534057617,0,1038240,0.0
z500_brown_0.05,3,19,114.0,v100m,-24.81251335144043,24.190824508666992,0,1038240,0.0
z500_brown_0.05,3,19,114.0,t2m,199.62152099609375,321.2708435058594,0,1038240,0.0
z500_brown_0.05,3,19,114.0,sp,49014.78125,103442.234375,0,1038240,0.0
z500_brown_0.05,3,19,114.0,msl,95532.8125,103405.09375,0,1038240,0.0
z500_brown_0.05,3,19,114.0,tcwv,-2.5186386108398438,79.1866455078125,39474,1038240,0.03802011095700416
z500_brown_0.05,3,19,114.0,u50,-30.628734588623047,71.98777770996094,0,1038240,0.0
z500_brown_0.05,3,19,114.0,u100,-34.12145233154297,63.44996643066406,0,1038240,0.0
z500_brown_0.05,3,19,114.0,u150,-38.51934814453125,71.1002197265625,0,1038240,0.0
z500_brown_0.05,3,19,114.0,u200,-32.5361328125,86.89269256591797,0,1038240,0.0
z500_brown_0.05,3,19,114.0,u250,-32.289981842041016,96.01690673828125,0,1038240,0.0
z500_brown_0.05,3,19,114.0,u300,-30.904220581054688,87.94017028808594,0,1038240,0.0
z500_brown_0.05,3,19,114.0,u400,-37.76976776123047,66.85718536376953,0,1038240,0.0
z500_brown_0.05,3,19,114.0,u500,-35.773006439208984,59.776123046875,0,1038240,0.0
z500_brown_0.05,3,19,114.0,u600,-27.56184196472168,51.27632141113281,0,1038240,0.0
z500_brown_0.05,3,19,114.0,u700,-31.18728256225586,42.07917785644531,0,1038240,0.0
z500_brown_0.05,3,19,114.0,u850,-43.41826629638672,39.110076904296875,0,1038240,0.0
z500_brown_0.05,3,19,114.0,u925,-41.75126266479492,35.94060134887695,0,1038240,0.0
z500_brown_0.05,3,19,114.0,u1000,-25.410911560058594,23.028987884521484,0,1038240,0.0
z500_brown_0.05,3,19,114.0,v50,-22.706727981567383,21.48101806640625,0,1038240,0.0
z500_brown_0.05,3,19,114.0,v100,-18.319007873535156,23.477306365966797,0,1038240,0.0
z500_brown_0.05,3,19,114.0,v150,-31.945693969726562,32.34113693237305,0,1038240,0.0
z500_brown_0.05,3,19,114.0,v200,-42.98566436767578,44.5721549987793,0,1038240,0.0
z500_brown_0.05,3,19,114.0,v250,-49.66261291503906,48.637939453125,0,1038240,0.0
z500_brown_0.05,3,19,114.0,v300,-43.02555465698242,57.93142318725586,0,1038240,0.0
z500_brown_0.05,3,19,114.0,v400,-44.84534454345703,60.07390594482422,0,1038240,0.0
z500_brown_0.05,3,19,114.0,v500,-34.48249435424805,50.784244537353516,0,1038240,0.0
z500_brown_0.05,3,19,114.0,v600,-30.441387176513672,38.53203582763672,0,1038240,0.0
z500_brown_0.05,3,19,114.0,v700,-30.606746673583984,28.663349151611328,0,1038240,0.0
z500_brown_0.05,3,19,114.0,v850,-34.14956283569336,28.549928665161133,0,1038240,0.0
z500_brown_0.05,3,19,114.0,v925,-32.40663528442383,31.14716148376465,0,1038240,0.0
z500_brown_0.05,3,19,114.0,v1000,-20.208250045776367,19.543935775756836,0,1038240,0.0
z500_brown_0.05,3,19,114.0,z50,176009.125,208765.4375,0,1038240,0.0
z500_brown_0.05,3,19,114.0,z100,139805.078125,166503.109375,0,1038240,0.0
z500_brown_0.05,3,19,114.0,z150,116881.84375,142351.640625,0,1038240,0.0
z500_brown_0.05,3,19,114.0,z200,99894.90625,124077.7265625,0,1038240,0.0
z500_brown_0.05,3,19,114.0,z250,86548.4375,109174.015625,0,1038240,0.0
z500_brown_0.05,3,19,114.0,z300,75627.0546875,96518.6875,0,1038240,0.0
z500_brown_0.05,3,19,114.0,z400,58420.55078125,75595.0,0,1038240,0.0
z500_brown_0.05,3,19,114.0,z500,44790.19921875,58590.296875,0,1038240,0.0
z500_brown_0.05,3,19,114.0,z600,32896.328125,44426.7265625,0,1038240,0.0
z500_brown_0.05,3,19,114.0,z700,22415.869140625,31945.6328125,0,1038240,0.0
z500_brown_0.05,3,19,114.0,z850,8705.21875,16207.4462890625,0,1038240,0.0
z500_brown_0.05,3,19,114.0,z925,2426.115234375,9154.5634765625,0,1038240,0.0
z500_brown_0.05,3,19,114.0,z1000,-3573.63720703125,2752.107421875,0,1038240,0.0
z500_brown_0.05,3,19,114.0,t50,179.05409240722656,237.87225341796875,0,1038240,0.0
z500_brown_0.05,3,19,114.0,t100,186.86203002929688,240.73208618164062,0,1038240,0.0
z500_brown_0.05,3,19,114.0,t150,193.26669311523438,244.8131561279297,0,1038240,0.0
z500_brown_0.05,3,19,114.0,t200,195.31454467773438,243.55426025390625,0,1038240,0.0
z500_brown_0.05,3,19,114.0,t250,198.73995971679688,245.11447143554688,0,1038240,0.0
z500_brown_0.05,3,19,114.0,t300,201.5511932373047,250.66664123535156,0,1038240,0.0
z500_brown_0.05,3,19,114.0,t400,210.62355041503906,264.72894287109375,0,1038240,0.0
z500_brown_0.05,3,19,114.0,t500,216.2520751953125,276.2607421875,0,1038240,0.0
z500_brown_0.05,3,19,114.0,t600,207.09906005859375,287.3306884765625,0,1038240,0.0
z500_brown_0.05,3,19,114.0,t700,213.3439483642578,295.7596435546875,0,1038240,0.0
z500_brown_0.05,3,19,114.0,t850,222.68386840820312,309.3155517578125,0,1038240,0.0
z500_brown_0.05,3,19,114.0,t925,226.66802978515625,315.34759521484375,0,1038240,0.0
z500_brown_0.05,3,19,114.0,t1000,229.91802978515625,320.814697265625,0,1038240,0.0
z500_brown_0.05,3,19,114.0,q50,7.012897640379379e-07,2.1260020730551332e-06,0,1038240,0.0
z500_brown_0.05,3,19,114.0,q100,1.0017154181696242e-06,4.632234777091071e-06,0,1038240,0.0
z500_brown_0.05,3,19,114.0,q150,-1.4100305634201504e-07,4.06524668505881e-05,5,1038240,4.8158421944829715e-06
z500_brown_0.05,3,19,114.0,q200,-1.1529575203894638e-05,0.00021917725098319352,10467,1038240,0.010081484049930652
z500_brown_0.05,3,19,114.0,q250,-1.4404769899556413e-05,0.0007085970719344914,23603,1038240,0.022733664663276313
z500_brown_0.05,3,19,114.0,q300,-2.6800305931828916e-05,0.0016340501606464386,27111,1038240,0.026112459546925565
z500_brown_0.05,3,19,114.0,q400,-6.561793270520866e-05,0.004382680635899305,32745,1038240,0.031538950531668976
z500_brown_0.05,3,19,114.0,q500,-8.259952301159501e-05,0.007683418225497007,9769,1038240,0.009409192479580828
z500_brown_0.05,3,19,114.0,q600,-0.0002776054898276925,0.01009999681264162,13463,1038240,0.012967136692864848
z500_brown_0.05,3,19,114.0,q700,-0.0004351465031504631,0.013065943494439125,35811,1038240,0.03449202496532593
z500_brown_0.05,3,19,114.0,q850,-0.0005870005115866661,0.01957060396671295,47031,1038240,0.045298774849745725
z500_brown_0.05,3,19,114.0,q925,-0.0006040544249117374,0.021032679826021194,59195,1038240,0.0570147557404839
z500_brown_0.05,3,19,114.0,q1000,-0.0005863113328814507,0.025328828021883965,48676,1038240,0.046883186931730624
z500_brown_0.05,3,20,120.0,u10m,-24.721445083618164,28.577768325805664,0,1038240,0.0
z500_brown_0.05,3,20,120.0,v10m,-19.225988388061523,17.795373916625977,0,1038240,0.0
z500_brown_0.05,3,20,120.0,u100m,-31.688312530517578,37.58257293701172,0,1038240,0.0
z500_brown_0.05,3,20,120.0,v100m,-25.18379020690918,23.718643188476562,0,1038240,0.0
z500_brown_0.05,3,20,120.0,t2m,197.36639404296875,318.94635009765625,0,1038240,0.0
z500_brown_0.05,3,20,120.0,sp,48830.52734375,103371.5078125,0,1038240,0.0
z500_brown_0.05,3,20,120.0,msl,94742.828125,103326.4921875,0,1038240,0.0
z500_brown_0.05,3,20,120.0,tcwv,-2.4446163177490234,76.65367889404297,46766,1038240,0.045043535213438124
z500_brown_0.05,3,20,120.0,u50,-30.557788848876953,71.84587097167969,0,1038240,0.0
z500_brown_0.05,3,20,120.0,u100,-34.077667236328125,63.092594146728516,0,1038240,0.0
z500_brown_0.05,3,20,120.0,u150,-38.716094970703125,71.16048431396484,0,1038240,0.0
z500_brown_0.05,3,20,120.0,u200,-32.22687530517578,87.02857208251953,0,1038240,0.0
z500_brown_0.05,3,20,120.0,u250,-30.09805679321289,95.42068481445312,0,1038240,0.0
z500_brown_0.05,3,20,120.0,u300,-30.54684066772461,90.27644348144531,0,1038240,0.0
z500_brown_0.05,3,20,120.0,u400,-42.78577423095703,68.43572998046875,0,1038240,0.0
z500_brown_0.05,3,20,120.0,u500,-36.36470031738281,61.88949966430664,0,1038240,0.0
z500_brown_0.05,3,20,120.0,u600,-26.954788208007812,53.33528137207031,0,1038240,0.0
z500_brown_0.05,3,20,120.0,u700,-28.552349090576172,45.63726806640625,0,1038240,0.0
z500_brown_0.05,3,20,120.0,u850,-41.38380432128906,47.620819091796875,0,1038240,0.0
z500_brown_0.05,3,20,120.0,u925,-38.436397552490234,44.065834045410156,0,1038240,0.0
z500_brown_0.05,3,20,120.0,u1000,-24.6358699798584,28.38998794555664,0,1038240,0.0
z500_brown_0.05,3,20,120.0,v50,-23.9671573638916,21.2574462890625,0,1038240,0.0
z500_brown_0.05,3,20,120.0,v100,-18.20148277282715,22.478609085083008,0,1038240,0.0
z500_brown_0.05,3,20,120.0,v150,-27.984760284423828,32.953041076660156,0,1038240,0.0
z500_brown_0.05,3,20,120.0,v200,-42.72251510620117,43.53464889526367,0,1038240,0.0
z500_brown_0.05,3,20,120.0,v250,-50.57157897949219,45.511043548583984,0,1038240,0.0
z500_brown_0.05,3,20,120.0,v300,-44.65699768066406,53.65647888183594,0,1038240,0.0
z500_brown_0.05,3,20,120.0,v400,-47.081016540527344,56.558658599853516,0,1038240,0.0
z500_brown_0.05,3,20,120.0,v500,-40.04582595825195,48.22882080078125,0,1038240,0.0
z500_brown_0.05,3,20,120.0,v600,-32.84197998046875,38.02491760253906,0,1038240,0.0
z500_brown_0.05,3,20,120.0,v700,-30.383583068847656,27.8301944732666,0,1038240,0.0
z500_brown_0.05,3,20,120.0,v850,-35.352725982666016,28.16891098022461,0,1038240,0.0
z500_brown_0.05,3,20,120.0,v925,-32.81855010986328,28.72722625732422,0,1038240,0.0
z500_brown_0.05,3,20,120.0,v1000,-21.075998306274414,18.702251434326172,0,1038240,0.0
z500_brown_0.05,3,20,120.0,z50,175856.328125,208738.421875,0,1038240,0.0
z500_brown_0.05,3,20,120.0,z100,139731.15625,166328.671875,0,1038240,0.0
z500_brown_0.05,3,20,120.0,z150,116778.5625,142156.828125,0,1038240,0.0
z500_brown_0.05,3,20,120.0,z200,99746.3046875,123875.34375,0,1038240,0.0
z500_brown_0.05,3,20,120.0,z250,86375.328125,109039.6484375,0,1038240,0.0
z500_brown_0.05,3,20,120.0,z300,75442.6953125,96465.4921875,0,1038240,0.0
z500_brown_0.05,3,20,120.0,z400,58250.5546875,75503.9453125,0,1038240,0.0
z500_brown_0.05,3,20,120.0,z500,44655.04296875,58681.1953125,0,1038240,0.0
z500_brown_0.05,3,20,120.0,z600,33236.77734375,44538.18359375,0,1038240,0.0
z500_brown_0.05,3,20,120.0,z700,22822.181640625,32045.63671875,0,1038240,0.0
z500_brown_0.05,3,20,120.0,z850,8302.0859375,16168.8544921875,0,1038240,0.0
z500_brown_0.05,3,20,120.0,z925,1815.7314453125,9110.765625,0,1038240,0.0
z500_brown_0.05,3,20,120.0,z1000,-4266.51904296875,2700.81640625,0,1038240,0.0
z500_brown_0.05,3,20,120.0,t50,178.96566772460938,237.9151153564453,0,1038240,0.0
z500_brown_0.05,3,20,120.0,t100,188.04696655273438,241.0731201171875,0,1038240,0.0
z500_brown_0.05,3,20,120.0,t150,193.48069763183594,244.7235107421875,0,1038240,0.0
z500_brown_0.05,3,20,120.0,t200,195.3975067138672,243.26547241210938,0,1038240,0.0
z500_brown_0.05,3,20,120.0,t250,198.98040771484375,245.19386291503906,0,1038240,0.0
z500_brown_0.05,3,20,120.0,t300,202.0690460205078,250.6300506591797,0,1038240,0.0
z500_brown_0.05,3,20,120.0,t400,209.97442626953125,264.3500061035156,0,1038240,0.0
z500_brown_0.05,3,20,120.0,t500,215.57479858398438,275.0768737792969,0,1038240,0.0
z500_brown_0.05,3,20,120.0,t600,206.3758544921875,283.6478271484375,0,1038240,0.0
z500_brown_0.05,3,20,120.0,t700,212.52001953125,294.1733703613281,0,1038240,0.0
z500_brown_0.05,3,20,120.0,t850,221.82501220703125,309.44390869140625,0,1038240,0.0
z500_brown_0.05,3,20,120.0,t925,225.82302856445312,314.77862548828125,0,1038240,0.0
z500_brown_0.05,3,20,120.0,t1000,229.02833557128906,319.5047912597656,0,1038240,0.0
z500_brown_0.05,3,20,120.0,q50,7.396224646072369e-07,2.141955519618932e-06,0,1038240,0.0
z500_brown_0.05,3,20,120.0,q100,1.0074567171614035e-06,4.697282747656573e-06,0,1038240,0.0
z500_brown_0.05,3,20,120.0,q150,1.9526578398654237e-07,3.4645294363144785e-05,0,1038240,0.0
z500_brown_0.05,3,20,120.0,q200,-1.1492529665702023e-05,0.00019547682313714176,11409,1038240,0.010988788719371244
z500_brown_0.05,3,20,120.0,q250,-1.4921450201654807e-05,0.0006745090940967202,24447,1038240,0.023546578825705038
z500_brown_0.05,3,20,120.0,q300,-3.1275529181584716e-05,0.001579016330651939,25928,1038240,0.024973031283710895
z500_brown_0.05,3,20,120.0,q400,-5.724493530578911e-05,0.004164422396570444,31968,1038240,0.030790568654646324
z500_brown_0.05,3,20,120.0,q500,-0.00011216942220926285,0.007341204676777124,11999,1038240,0.011557058098320234
z500_brown_0.05,3,20,120.0,q600,-0.00026594544760882854,0.009977071546018124,17144,1038240,0.01651255971644321
z500_brown_0.05,3,20,120.0,q700,-0.00040789716877043247,0.013169588521122932,35794,1038240,0.03447565110186469
z500_brown_0.05,3,20,120.0,q850,-0.0005486770533025265,0.019143372774124146,50858,1038240,0.04898482046540299
z500_brown_0.05,3,20,120.0,q925,-0.0005908533930778503,0.02075369469821453,57657,1038240,0.05553340268146093
z500_brown_0.05,3,20,120.0,q1000,-0.0006481213495135307,0.025353306904435158,48624,1038240,0.046833102172907995
