config,member,step,lead_time_hours,variable,min_value,max_value,n_bad_points,n_total_points,violating_fraction
zero,0,0,0.0,u10m,-29.98059844970703,25.07940101623535,0,1038240,0.0
zero,0,0,0.0,v10m,-27.66229820251465,25.987703323364258,0,1038240,0.0
zero,0,0,0.0,u100m,-38.64726257324219,30.782737731933594,0,1038240,0.0
zero,0,0,0.0,v100m,-33.108516693115234,32.41148376464844,0,1038240,0.0
zero,0,0,0.0,t2m,203.00914001464844,317.2091369628906,0,1038240,0.0
zero,0,0,0.0,sp,49593.44921875,104524.6484375,0,1038240,0.0
zero,0,0,0.0,msl,93167.375,107762.9765625,0,1038240,0.0
zero,0,0,0.0,tcwv,0.033688269555568695,80.67048645019531,0,1038240,0.0
zero,0,0,0.0,u50,-32.53466796875,69.6953353881836,0,1038240,0.0
zero,0,0,0.0,u100,-42.44437026977539,63.615631103515625,0,1038240,0.0
zero,0,0,0.0,u150,-43.69473648071289,76.46526336669922,0,1038240,0.0
zero,0,0,0.0,u200,-44.91203308105469,103.88796997070312,0,1038240,0.0
zero,0,0,0.0,u250,-45.851261138916016,105.44873809814453,0,1038240,0.0
zero,0,0,0.0,u300,-36.28936004638672,102.41063690185547,0,1038240,0.0
zero,0,0,0.0,u400,-35.72868347167969,71.8713150024414,0,1038240,0.0
zero,0,0,0.0,u500,-39.31422805786133,50.18577194213867,0,1038240,0.0
zero,0,0,0.0,u600,-45.0154914855957,45.66450500488281,0,1038240,0.0
zero,0,0,0.0,u700,-47.08867263793945,41.111328125,0,1038240,0.0
zero,0,0,0.0,u850,-52.83549880981445,36.304500579833984,0,1038240,0.0
zero,0,0,0.0,u925,-42.309513092041016,34.310489654541016,0,1038240,0.0
zero,0,0,0.0,u1000,-29.00948715209961,24.660512924194336,0,1038240,0.0
zero,0,0,0.0,v50,-28.3104305267334,37.03956985473633,0,1038240,0.0
zero,0,0,0.0,v100,-31.289772033691406,41.980228424072266,0,1038240,0.0
zero,0,0,0.0,v150,-39.73875427246094,46.22124481201172,0,1038240,0.0
zero,0,0,0.0,v200,-56.7220573425293,65.07794189453125,0,1038240,0.0
zero,0,0,0.0,v250,-63.08574295043945,62.81425857543945,0,1038240,0.0
zero,0,0,0.0,v300,-54.844512939453125,65.45549011230469,0,1038240,0.0
zero,0,0,0.0,v400,-59.89063262939453,63.009368896484375,0,1038240,0.0
zero,0,0,0.0,v500,-50.19239807128906,56.80760192871094,0,1038240,0.0
zero,0,0,0.0,v600,-45.045677185058594,40.0643196105957,0,1038240,0.0
zero,0,0,0.0,v700,-36.78691101074219,42.36308670043945,0,1038240,0.0
zero,0,0,0.0,v850,-42.88942337036133,34.960575103759766,0,1038240,0.0
zero,0,0,0.0,v925,-37.343692779541016,37.056304931640625,0,1038240,0.0
zero,0,0,0.0,v1000,-26.340137481689453,25.029863357543945,0,1038240,0.0
zero,0,0,0.0,z50,178325.890625,207936.40625,0,1038240,0.0
zero,0,0,0.0,z100,140693.140625,165755.734375,0,1038240,0.0
zero,0,0,0.0,z150,117632.0390625,141996.15625,0,1038240,0.0
zero,0,0,0.0,z200,100768.7421875,123884.2421875,0,1038240,0.0
zero,0,0,0.0,z250,87459.671875,109026.765625,0,1038240,0.0
zero,0,0,0.0,z300,76372.9453125,96320.9921875,0,1038240,0.0
zero,0,0,0.0,z400,58395.84765625,75588.4609375,0,1038240,0.0
zero,0,0,0.0,z500,43960.421875,58905.3671875,0,1038240,0.0
zero,0,0,0.0,z600,31816.14453125,44789.28125,0,1038240,0.0
zero,0,0,0.0,z700,21340.9609375,32460.98828125,0,1038240,0.0
zero,0,0,0.0,z850,7071.60302734375,16482.923828125,0,1038240,0.0
zero,0,0,0.0,z925,558.6236572265625,9957.2314453125,0,1038240,0.0
zero,0,0,0.0,z1000,-5507.95556640625,4905.5556640625,0,1038240,0.0
zero,0,0,0.0,t50,176.96493530273438,233.25494384765625,0,1038240,0.0
zero,0,0,0.0,t100,185.84442138671875,235.84442138671875,0,1038240,0.0
zero,0,0,0.0,t150,187.8889617919922,238.91896057128906,0,1038240,0.0
zero,0,0,0.0,t200,190.15658569335938,241.17657470703125,0,1038240,0.0
zero,0,0,0.0,t250,199.0135498046875,243.6435546875,0,1038240,0.0
zero,0,0,0.0,t300,204.70855712890625,251.70855712890625,0,1038240,0.0
zero,0,0,0.0,t400,216.0428466796875,266.5628662109375,0,1038240,0.0
zero,0,0,0.0,t500,224.4999542236328,276.89996337890625,0,1038240,0.0
zero,0,0,0.0,t600,204.55136108398438,287.2413635253906,0,1038240,0.0
zero,0,0,0.0,t700,208.45738220214844,296.9873962402344,0,1038240,0.0
zero,0,0,0.0,t850,216.30093383789062,309.6709289550781,0,1038240,0.0
zero,0,0,0.0,t925,219.8119354248047,315.3219299316406,0,1038240,0.0
zero,0,0,0.0,t1000,223.1019287109375,319.7119445800781,0,1038240,0.0
zero,0,0,0.0,q50,9.999999717180685e-10,1.9450640138529707e-06,0,1038240,0.0
zero,0,0,0.0,q100,1.000000082740371e-09,9.873159797280096e-06,0,1038240,0.0
zero,0,0,0.0,q150,1.0000005268295808e-09,4.6891240344848484e-05,0,1038240,0.0
zero,0,0,0.0,q200,9.999985284281365e-10,0.0002307913964614272,0,1038240,0.0
zero,0,0,0.0,q250,1.000000304784976e-09,0.0007995401974767447,0,1038240,0.0
zero,0,0,0.0,q300,9.999980843389267e-10,0.0018608650425449014,0,1038240,0.0
zero,0,0,0.0,q400,9.999975292274144e-10,0.004661120939999819,0,1038240,0.0
zero,0,0,0.0,q500,9.999941985583405e-10,0.007641600910574198,0,1038240,0.0
zero,0,0,0.0,q600,1.0000007488741858e-09,0.012534401379525661,0,1038240,0.0
zero,0,0,0.0,q700,9.999989725173464e-10,0.018419841304421425,0,1038240,0.0
zero,0,0,0.0,q850,1.635912212805124e-06,0.028813155367970467,0,1038240,0.0
zero,0,0,0.0,q925,4.967510903952643e-06,0.03459184616804123,0,1038240,0.0
zero,0,0,0.0,q1000,6.670324182778131e-06,0.04069339111447334,0,1038240,0.0
zero,0,1,6.0,u10m,-28.26662826538086,24.725343704223633,0,1038240,0.0
zero,0,1,6.0,v10m,-18.348295211791992,25.409976959228516,0,1038240,0.0
zero,0,1,6.0,u100m,-36.92644119262695,30.874807357788086,0,1038240,0.0
zero,0,1,6.0,v100m,-24.574291229248047,33.9788818359375,0,1038240,0.0
zero,0,1,6.0,t2m,201.16290283203125,315.77337646484375,0,1038240,0.0
zero,0,1,6.0,sp,49429.72265625,104052.21875,0,1038240,0.0
zero,0,1,6.0,msl,93364.265625,106022.015625,0,1038240,0.0
zero,0,1,6.0,tcwv,-5.554573059082031,78.99384307861328,71863,1038240,0.06921617352442595
zero,0,1,6.0,u50,-30.99331283569336,73.90312957763672,0,1038240,0.0
zero,0,1,6.0,u100,-39.639732360839844,61.74380111694336,0,1038240,0.0
zero,0,1,6.0,u150,-36.364349365234375,73.82738494873047,0,1038240,0.0
zero,0,1,6.0,u200,-44.386146545410156,94.17500305175781,0,1038240,0.0
zero,0,1,6.0,u250,-40.242340087890625,107.08670043945312,0,1038240,0.0
zero,0,1,6.0,u300,-36.5831298828125,100.92613220214844,0,1038240,0.0
zero,0,1,6.0,u400,-38.10851287841797,69.02294921875,0,1038240,0.0
zero,0,1,6.0,u500,-33.671321868896484,54.1348876953125,0,1038240,0.0
zero,0,1,6.0,u600,-39.60209655761719,43.45893859863281,0,1038240,0.0
zero,0,1,6.0,u700,-40.23883819580078,37.83327865600586,0,1038240,0.0
zero,0,1,6.0,u850,-46.781009674072266,36.94855880737305,0,1038240,0.0
zero,0,1,6.0,u925,-43.35582733154297,33.70161819458008,0,1038240,0.0
zero,0,1,6.0,u1000,-27.0113468170166,23.938142776489258,0,1038240,0.0
zero,0,1,6.0,v50,-23.687562942504883,30.955883026123047,0,1038240,0.0
zero,0,1,6.0,v100,-30.242816925048828,37.05029296875,0,1038240,0.0
zero,0,1,6.0,v150,-32.545005798339844,41.01648712158203,0,1038240,0.0
zero,0,1,6.0,v200,-45.699581146240234,53.78913497924805,0,1038240,0.0
zero,0,1,6.0,v250,-55.91434860229492,62.798702239990234,0,1038240,0.0
zero,0,1,6.0,v300,-48.57569122314453,65.55392456054688,0,1038240,0.0
zero,0,1,6.0,v400,-49.647560119628906,62.94601821899414,0,1038240,0.0
zero,0,1,6.0,v500,-45.10268783569336,49.73537063598633,0,1038240,0.0
zero,0,1,6.0,v600,-35.023216247558594,35.91107177734375,0,1038240,0.0
zero,0,1,6.0,v700,-30.072473526000977,34.23475646972656,0,1038240,0.0
zero,0,1,6.0,v850,-34.2606315612793,36.72390365600586,0,1038240,0.0
zero,0,1,6.0,v925,-34.349029541015625,32.49458694458008,0,1038240,0.0
zero,0,1,6.0,v1000,-21.297121047973633,25.758255004882812,0,1038240,0.0
zero,0,1,6.0,z50,178381.8125,207983.3125,0,1038240,0.0
zero,0,1,6.0,z100,140675.75,165754.28125,0,1038240,0.0
zero,0,1,6.0,z150,117538.3671875,142024.4375,0,1038240,0.0
zero,0,1,6.0,z200,100703.2734375,123902.203125,0,1038240,0.0
zero,0,1,6.0,z250,87383.34375,109060.5703125,0,1038240,0.0
zero,0,1,6.0,z300,76289.1640625,96385.84375,0,1038240,0.0
zero,0,1,6.0,z400,58355.328125,75593.2734375,0,1038240,0.0
zero,0,1,6.0,z500,43971.22265625,58831.37890625,0,1038240,0.0
zero,0,1,6.0,z600,31867.328125,44735.1484375,0,1038240,0.0
zero,0,1,6.0,z700,21432.73046875,32360.15625,0,1038240,0.0
zero,0,1,6.0,z850,7203.10400390625,16416.82421875,0,1038240,0.0
zero,0,1,6.0,z925,738.5751953125,9321.6767578125,0,1038240,0.0
zero,0,1,6.0,z1000,-5302.41162109375,3649.6826171875,0,1038240,0.0
zero,0,1,6.0,t50,179.83154296875,233.6676483154297,0,1038240,0.0
zero,0,1,6.0,t100,186.5077667236328,235.44126892089844,0,1038240,0.0
zero,0,1,6.0,t150,188.92953491210938,238.73724365234375,0,1038240,0.0
zero,0,1,6.0,t200,191.56875610351562,241.3602752685547,0,1038240,0.0
zero,0,1,6.0,t250,199.23068237304688,243.1333770751953,0,1038240,0.0
zero,0,1,6.0,t300,205.0389862060547,251.13470458984375,0,1038240,0.0
zero,0,1,6.0,t400,215.11151123046875,264.9374084472656,0,1038240,0.0
zero,0,1,6.0,t500,224.70770263671875,276.8890380859375,0,1038240,0.0
zero,0,1,6.0,t600,214.51953125,289.6756286621094,0,1038240,0.0
zero,0,1,6.0,t700,210.1229248046875,300.00384521484375,0,1038240,0.0
zero,0,1,6.0,t850,217.85513305664062,312.0284118652344,0,1038240,0.0
zero,0,1,6.0,t925,222.42501831054688,317.1992492675781,0,1038240,0.0
zero,0,1,6.0,t1000,225.74368286132812,322.233154296875,0,1038240,0.0
zero,0,1,6.0,q50,4.0225359043688513e-08,1.9511955997586483e-06,0,1038240,0.0
zero,0,1,6.0,q100,1.0800135896715801e-07,9.330646207672544e-06,0,1038240,0.0
zero,0,1,6.0,q150,6.372010830091313e-08,3.4251297620357946e-05,0,1038240,0.0
zero,0,1,6.0,q200,-2.2600506781600416e-06,0.00021032935183029622,7430,1038240,0.007156341501001695
zero,0,1,6.0,q250,-1.4107707102084532e-05,0.0006908549112267792,33336,1038240,0.032108183079056864
zero,0,1,6.0,q300,-2.6113033527508378e-05,0.0016040903283283114,11135,1038240,0.010724880567113577
zero,0,1,6.0,q400,-0.00011307830573059618,0.0044692386873066425,30081,1038240,0.028973069810448452
zero,0,1,6.0,q500,-0.00016424315981566906,0.007303062826395035,8712,1038240,0.00839112343966713
zero,0,1,6.0,q600,-0.0002337592886760831,0.009991299360990524,10765,1038240,0.010368508244721837
zero,0,1,6.0,q700,-0.0006407457403838634,0.013610556721687317,28070,1038240,0.0270361380798274
zero,0,1,6.0,q850,-0.0009649833664298058,0.018230805173516273,63996,1038240,0.061638927415626446
zero,0,1,6.0,q925,-0.001624805387109518,0.020304976031184196,67712,1038240,0.06521806133456619
zero,0,1,6.0,q1000,-0.0016579409129917622,0.024263590574264526,68408,1038240,0.06588842656803821
zero,0,2,12.0,u10m,-24.63167953491211,22.683988571166992,0,1038240,0.0
zero,0,2,12.0,v10m,-19.056657791137695,27.259506225585938,0,1038240,0.0
zero,0,2,12.0,u100m,-32.437835693359375,28.44456672668457,0,1038240,0.0
zero,0,2,12.0,v100m,-25.74309539794922,36.29791259765625,0,1038240,0.0
zero,0,2,12.0,t2m,205.36285400390625,321.945556640625,0,1038240,0.0
zero,0,2,12.0,sp,49203.0625,103868.3203125,0,1038240,0.0
zero,0,2,12.0,msl,93640.90625,104244.5703125,0,1038240,0.0
zero,0,2,12.0,tcwv,-5.963743209838867,77.52139282226562,73572,1038240,0.07086222838650023
zero,0,2,12.0,u50,-29.69406509399414,75.33419036865234,0,1038240,0.0
zero,0,2,12.0,u100,-39.417579650878906,64.45590209960938,0,1038240,0.0
zero,0,2,12.0,u150,-34.242095947265625,72.1448745727539,0,1038240,0.0
zero,0,2,12.0,u200,-44.21321105957031,89.13219451904297,0,1038240,0.0
zero,0,2,12.0,u250,-40.32534408569336,100.9635009765625,0,1038240,0.0
zero,0,2,12.0,u300,-40.87629699707031,91.8093032836914,0,1038240,0.0
zero,0,2,12.0,u400,-41.234535217285156,71.69613647460938,0,1038240,0.0
zero,0,2,12.0,u500,-36.49357986450195,56.88872528076172,0,1038240,0.0
zero,0,2,12.0,u600,-36.76103591918945,43.285003662109375,0,1038240,0.0
zero,0,2,12.0,u700,-38.5073356628418,39.211395263671875,0,1038240,0.0
zero,0,2,12.0,u850,-42.931495666503906,37.081966400146484,0,1038240,0.0
zero,0,2,12.0,u925,-41.2228889465332,34.475345611572266,0,1038240,0.0
zero,0,2,12.0,u1000,-24.141632080078125,22.374244689941406,0,1038240,0.0
zero,0,2,12.0,v50,-24.8616943359375,30.88040542602539,0,1038240,0.0
zero,0,2,12.0,v100,-28.49932861328125,35.016632080078125,0,1038240,0.0
zero,0,2,12.0,v150,-32.54144287109375,38.26191329956055,0,1038240,0.0
zero,0,2,12.0,v200,-46.50296401977539,51.424400329589844,0,1038240,0.0
zero,0,2,12.0,v250,-54.8858528137207,55.025062561035156,0,1038240,0.0
zero,0,2,12.0,v300,-51.806453704833984,62.73646545410156,0,1038240,0.0
zero,0,2,12.0,v400,-48.00126266479492,57.52073287963867,0,1038240,0.0
zero,0,2,12.0,v500,-43.181427001953125,46.25382995605469,0,1038240,0.0
zero,0,2,12.0,v600,-33.286712646484375,36.841548919677734,0,1038240,0.0
zero,0,2,12.0,v700,-27.727201461791992,34.439693450927734,0,1038240,0.0
zero,0,2,12.0,v850,-36.857513427734375,38.818878173828125,0,1038240,0.0
zero,0,2,12.0,v925,-32.10883331298828,36.67573547363281,0,1038240,0.0
zero,0,2,12.0,v1000,-19.76866912841797,28.057533264160156,0,1038240,0.0
zero,0,2,12.0,z50,178425.3125,208132.046875,0,1038240,0.0
zero,0,2,12.0,z100,140601.109375,165767.71875,0,1038240,0.0
zero,0,2,12.0,z150,117500.1875,142046.609375,0,1038240,0.0
zero,0,2,12.0,z200,100662.625,123892.1875,0,1038240,0.0
zero,0,2,12.0,z250,87341.2421875,109062.3203125,0,1038240,0.0
zero,0,2,12.0,z300,76238.71875,96355.875,0,1038240,0.0
zero,0,2,12.0,z400,58364.21875,75480.828125,0,1038240,0.0
zero,0,2,12.0,z500,44087.7578125,58903.60546875,0,1038240,0.0
zero,0,2,12.0,z600,31994.970703125,44796.171875,0,1038240,0.0
zero,0,2,12.0,z700,21556.119140625,32431.1171875,0,1038240,0.0
zero,0,2,12.0,z850,7360.654296875,16491.619140625,0,1038240,0.0
zero,0,2,12.0,z925,969.54541015625,9397.40625,0,1038240,0.0
zero,0,2,12.0,z1000,-5071.58935546875,3096.43701171875,0,1038240,0.0
zero,0,2,12.0,t50,180.73435974121094,234.05763244628906,0,1038240,0.0
zero,0,2,12.0,t100,186.34329223632812,235.4652557373047,0,1038240,0.0
zero,0,2,12.0,t150,188.22149658203125,238.62452697753906,0,1038240,0.0
zero,0,2,12.0,t200,191.9323272705078,241.485107421875,0,1038240,0.0
zero,0,2,12.0,t250,199.12103271484375,242.9459228515625,0,1038240,0.0
zero,0,2,12.0,t300,204.8271484375,251.21499633789062,0,1038240,0.0
zero,0,2,12.0,t400,214.71810913085938,265.0132141113281,0,1038240,0.0
zero,0,2,12.0,t500,223.65162658691406,276.45135498046875,0,1038240,0.0
zero,0,2,12.0,t600,217.67056274414062,290.3299865722656,0,1038240,0.0
zero,0,2,12.0,t700,214.6513671875,302.19256591796875,0,1038240,0.0
zero,0,2,12.0,t850,222.50567626953125,314.0937194824219,0,1038240,0.0
zero,0,2,12.0,t925,226.85049438476562,319.78216552734375,0,1038240,0.0
zero,0,2,12.0,t1000,230.6319580078125,324.8677673339844,0,1038240,0.0
zero,0,2,12.0,q50,8.485653779644053e-08,1.959241217264207e-06,0,1038240,0.0
zero,0,2,12.0,q100,2.667875378392637e-07,8.742030331632122e-06,0,1038240,0.0
zero,0,2,12.0,q150,3.6976962292101234e-07,3.52549395756796e-05,0,1038240,0.0
zero,0,2,12.0,q200,-2.756447429419495e-06,0.00020802393555641174,9652,1038240,0.009296501772229928
zero,0,2,12.0,q250,-9.911320375977084e-06,0.0007063564844429493,38349,1038240,0.03693654646324549
zero,0,2,12.0,q300,-1.2277188943699002e-05,0.00153423473238945,19211,1038240,0.018503428879642472
zero,0,2,12.0,q400,-7.395376451313496e-05,0.004148497711867094,48370,1038240,0.04658845738942826
zero,0,2,12.0,q500,-0.0001120157539844513,0.006989193614572287,25526,1038240,0.024585837571274465
zero,0,2,12.0,q600,-0.0002304170047864318,0.010147817432880402,20414,1038240,0.019662120511635076
zero,0,2,12.0,q700,-0.0006534510757774115,0.013357657939195633,54619,1038240,0.05260729696409308
zero,0,2,12.0,q850,-0.0012465603649616241,0.017900627106428146,70587,1038240,0.06798717059639389
zero,0,2,12.0,q925,-0.0015205289237201214,0.020125605165958405,73388,1038240,0.07068500539374326
zero,0,2,12.0,q1000,-0.0017796200700104237,0.02522667497396469,73094,1038240,0.07040183387270765
zero,0,3,18.0,u10m,-22.75889778137207,20.836395263671875,0,1038240,0.0
zero,0,3,18.0,v10m,-19.845441818237305,26.773466110229492,0,1038240,0.0
zero,0,3,18.0,u100m,-29.590038299560547,25.75139045715332,0,1038240,0.0
zero,0,3,18.0,v100m,-25.642412185668945,36.57195281982422,0,1038240,0.0
zero,0,3,18.0,t2m,206.3167724609375,320.8795166015625,0,1038240,0.0
zero,0,3,18.0,sp,49166.3671875,103798.109375,0,1038240,0.0
zero,0,3,18.0,msl,93883.8125,103938.9140625,0,1038240,0.0
zero,0,3,18.0,tcwv,-5.101558685302734,77.45545959472656,73572,1038240,0.07086222838650023
zero,0,3,18.0,u50,-29.240447998046875,76.20945739746094,0,1038240,0.0
zero,0,3,18.0,u100,-37.244102478027344,65.86787414550781,0,1038240,0.0
zero,0,3,18.0,u150,-32.91249084472656,74.45291137695312,0,1038240,0.0
zero,0,3,18.0,u200,-40.92115020751953,86.29351043701172,0,1038240,0.0
zero,0,3,18.0,u250,-37.48995590209961,101.04899597167969,0,1038240,0.0
zero,0,3,18.0,u300,-39.115543365478516,97.71902465820312,0,1038240,0.0
zero,0,3,18.0,u400,-37.67832946777344,71.58952331542969,0,1038240,0.0
zero,0,3,18.0,u500,-34.5335578918457,58.22721862792969,0,1038240,0.0
zero,0,3,18.0,u600,-32.902992248535156,45.48898696899414,0,1038240,0.0
zero,0,3,18.0,u700,-34.03733825683594,39.04045867919922,0,1038240,0.0
zero,0,3,18.0,u850,-36.35478973388672,35.62174606323242,0,1038240,0.0
zero,0,3,18.0,u925,-36.856231689453125,32.01686477661133,0,1038240,0.0
zero,0,3,18.0,u1000,-22.246217727661133,21.52625846862793,0,1038240,0.0
zero,0,3,18.0,v50,-23.21405601501465,29.55408477783203,0,1038240,0.0
zero,0,3,18.0,v100,-26.698583602905273,33.70105743408203,0,1038240,0.0
zero,0,3,18.0,v150,-29.464670181274414,36.502464294433594,0,1038240,0.0
zero,0,3,18.0,v200,-45.37077713012695,54.95509719848633,0,1038240,0.0
zero,0,3,18.0,v250,-57.1181526184082,62.68858337402344,0,1038240,0.0
zero,0,3,18.0,v300,-52.77499008178711,59.16200256347656,0,1038240,0.0
zero,0,3,18.0,v400,-44.96057891845703,52.57611846923828,0,1038240,0.0
zero,0,3,18.0,v500,-42.510108947753906,43.3453483581543,0,1038240,0.0
zero,0,3,18.0,v600,-33.117759704589844,36.51829528808594,0,1038240,0.0
zero,0,3,18.0,v700,-27.336721420288086,34.29627227783203,0,1038240,0.0
zero,0,3,18.0,v850,-32.71282958984375,37.79958724975586,0,1038240,0.0
zero,0,3,18.0,v925,-31.23782730102539,37.620487213134766,0,1038240,0.0
zero,0,3,18.0,v1000,-20.67019271850586,27.404064178466797,0,1038240,0.0
zero,0,3,18.0,z50,178364.59375,208026.84375,0,1038240,0.0
zero,0,3,18.0,z100,140505.75,165755.703125,0,1038240,0.0
zero,0,3,18.0,z150,117417.9765625,142009.5,0,1038240,0.0
zero,0,3,18.0,z200,100615.4921875,123871.2265625,0,1038240,0.0
zero,0,3,18.0,z250,87318.046875,109031.84375,0,1038240,0.0
zero,0,3,18.0,z300,76233.15625,96387.7421875,0,1038240,0.0
zero,0,3,18.0,z400,58392.1640625,75614.703125,0,1038240,0.0
zero,0,3,18.0,z500,44144.34375,58856.78125,0,1038240,0.0
zero,0,3,18.0,z600,32108.4609375,44696.90234375,0,1038240,0.0
zero,0,3,18.0,z700,21648.76171875,32401.078125,0,1038240,0.0
zero,0,3,18.0,z850,7493.36572265625,16458.3828125,0,1038240,0.0
zero,0,3,18.0,z925,1167.32470703125,9416.931640625,0,1038240,0.0
zero,0,3,18.0,z1000,-4780.74169921875,3016.40234375,0,1038240,0.0
zero,0,3,18.0,t50,180.44265747070312,234.35751342773438,0,1038240,0.0
zero,0,3,18.0,t100,186.37977600097656,235.3859100341797,0,1038240,0.0
zero,0,3,18.0,t150,188.81300354003906,239.08558654785156,0,1038240,0.0
zero,0,3,18.0,t200,192.62982177734375,241.7964324951172,0,1038240,0.0
zero,0,3,18.0,t250,199.32684326171875,242.4601287841797,0,1038240,0.0
zero,0,3,18.0,t300,204.73536682128906,250.66036987304688,0,1038240,0.0
zero,0,3,18.0,t400,214.79324340820312,264.7555236816406,0,1038240,0.0
zero,0,3,18.0,t500,223.2855682373047,276.767578125,0,1038240,0.0
zero,0,3,18.0,t600,216.60836791992188,288.46844482421875,0,1038240,0.0
zero,0,3,18.0,t700,215.436767578125,299.6343994140625,0,1038240,0.0
zero,0,3,18.0,t850,223.75790405273438,310.33349609375,0,1038240,0.0
zero,0,3,18.0,t925,227.81832885742188,316.83099365234375,0,1038240,0.0
zero,0,3,18.0,t1000,231.50430297851562,321.9698791503906,0,1038240,0.0
zero,0,3,18.0,q50,1.2880468602816109e-07,1.9686690393427853e-06,0,1038240,0.0
zero,0,3,18.0,q100,3.991415269410936e-07,8.172139132511802e-06,0,1038240,0.0
zero,0,3,18.0,q150,3.3531705412315205e-07,3.6804962292080745e-05,0,1038240,0.0
zero,0,3,18.0,q200,-1.6774611140135676e-06,0.0002112554939230904,5729,1038240,0.005517991986438589
zero,0,3,18.0,q250,-1.5080837329151109e-05,0.0006485458579845726,34104,1038240,0.03284789644012945
zero,0,3,18.0,q300,-1.5704077668488026e-05,0.0015144519275054336,28133,1038240,0.027096817691477884
zero,0,3,18.0,q400,-7.630229811184108e-05,0.004055245313793421,56813,1038240,0.05472048851903221
zero,0,3,18.0,q500,-0.0001225915621034801,0.006949522998183966,40876,1038240,0.03937047310833718
zero,0,3,18.0,q600,-0.00031697750091552734,0.009602718986570835,35743,1038240,0.034426529511480966
zero,0,3,18.0,q700,-0.000734423054382205,0.013106845319271088,60746,1038240,0.05850862998921252
zero,0,3,18.0,q850,-0.001195005141198635,0.018031185492873192,72769,1038240,0.07008880413006627
zero,0,3,18.0,q925,-0.0014863749966025352,0.01987578347325325,75193,1038240,0.07242352442595161
zero,0,3,18.0,q1000,-0.0015490413643419743,0.024602830410003662,73760,1038240,0.07104330405301279
zero,0,4,24.0,u10m,-20.917194366455078,25.45136833190918,0,1038240,0.0
zero,0,4,24.0,v10m,-19.721416473388672,25.55338478088379,0,1038240,0.0
zero,0,4,24.0,u100m,-27.972076416015625,32.5674934387207,0,1038240,0.0
zero,0,4,24.0,v100m,-26.21065902709961,34.56995391845703,0,1038240,0.0
zero,0,4,24.0,t2m,205.80441284179688,319.51104736328125,0,1038240,0.0
zero,0,4,24.0,sp,49046.63671875,103879.9375,0,1038240,0.0
zero,0,4,24.0,msl,93893.953125,103863.3515625,0,1038240,0.0
zero,0,4,24.0,tcwv,-4.607563018798828,75.87976837158203,72313,1038240,0.06964959932192942
zero,0,4,24.0,u50,-29.716625213623047,77.6054458618164,0,1038240,0.0
zero,0,4,24.0,u100,-37.615013122558594,65.92705535888672,0,1038240,0.0
zero,0,4,24.0,u150,-31.637746810913086,73.64391326904297,0,1038240,0.0
zero,0,4,24.0,u200,-37.446144104003906,85.67019653320312,0,1038240,0.0
zero,0,4,24.0,u250,-36.50111770629883,96.27857971191406,0,1038240,0.0
zero,0,4,24.0,u300,-38.976383209228516,93.82947540283203,0,1038240,0.0
zero,0,4,24.0,u400,-35.79047393798828,72.43921661376953,0,1038240,0.0
zero,0,4,24.0,u500,-30.368812561035156,62.87274932861328,0,1038240,0.0
zero,0,4,24.0,u600,-30.034753799438477,51.09969711303711,0,1038240,0.0
zero,0,4,24.0,u700,-31.62246322631836,41.607696533203125,0,1038240,0.0
zero,0,4,24.0,u850,-36.18781280517578,35.333248138427734,0,1038240,0.0
zero,0,4,24.0,u925,-34.67414093017578,35.86801528930664,0,1038240,0.0
zero,0,4,24.0,u1000,-20.431760787963867,25.139568328857422,0,1038240,0.0
zero,0,4,24.0,v50,-22.934934616088867,29.34223175048828,0,1038240,0.0
zero,0,4,24.0,v100,-25.026094436645508,32.71303176879883,0,1038240,0.0
zero,0,4,24.0,v150,-29.512609481811523,34.76947784423828,0,1038240,0.0
zero,0,4,24.0,v200,-42.445064544677734,53.335357666015625,0,1038240,0.0
zero,0,4,24.0,v250,-55.13445281982422,63.16233825683594,0,1038240,0.0
zero,0,4,24.0,v300,-54.23842239379883,60.661895751953125,0,1038240,0.0
zero,0,4,24.0,v400,-38.77946090698242,53.00190734863281,0,1038240,0.0
zero,0,4,24.0,v500,-36.5388298034668,46.0913200378418,0,1038240,0.0
zero,0,4,24.0,v600,-33.31260681152344,36.933876037597656,0,1038240,0.0
zero,0,4,24.0,v700,-29.956241607666016,32.057132720947266,0,1038240,0.0
zero,0,4,24.0,v850,-36.65741729736328,38.78407287597656,0,1038240,0.0
zero,0,4,24.0,v925,-32.073265075683594,36.681880950927734,0,1038240,0.0
zero,0,4,24.0,v1000,-20.378957748413086,26.2869815826416,0,1038240,0.0
zero,0,4,24.0,z50,178282.921875,208038.75,0,1038240,0.0
zero,0,4,24.0,z100,140450.34375,165511.640625,0,1038240,0.0
zero,0,4,24.0,z150,117386.8125,141741.390625,0,1038240,0.0
zero,0,4,24.0,z200,100595.2578125,123627.8203125,0,1038240,0.0
zero,0,4,24.0,z250,87301.546875,108931.859375,0,1038240,0.0
zero,0,4,24.0,z300,76199.046875,96398.125,0,1038240,0.0
zero,0,4,24.0,z400,58367.57421875,75583.09375,0,1038240,0.0
zero,0,4,24.0,z500,44144.39453125,58800.78125,0,1038240,0.0
zero,0,4,24.0,z600,32159.912109375,44669.2734375,0,1038240,0.0
zero,0,4,24.0,z700,21596.25,32390.37109375,0,1038240,0.0
zero,0,4,24.0,z850,7355.69189453125,16492.4609375,0,1038240,0.0
zero,0,4,24.0,z925,1074.4677734375,9512.21484375,0,1038240,0.0
zero,0,4,24.0,z1000,-4791.412109375,3068.01806640625,0,1038240,0.0
zero,0,4,24.0,t50,180.0303192138672,234.6508026123047,0,1038240,0.0
zero,0,4,24.0,t100,186.5146484375,235.38568115234375,0,1038240,0.0
zero,0,4,24.0,t150,188.56765747070312,239.3572235107422,0,1038240,0.0
zero,0,4,24.0,t200,192.23849487304688,241.90878295898438,0,1038240,0.0
zero,0,4,24.0,t250,199.6746826171875,242.63880920410156,0,1038240,0.0
zero,0,4,24.0,t300,204.74929809570312,250.16761779785156,0,1038240,0.0
zero,0,4,24.0,t400,214.6383056640625,264.619384765625,0,1038240,0.0
zero,0,4,24.0,t500,222.8271484375,276.62127685546875,0,1038240,0.0
zero,0,4,24.0,t600,217.0934295654297,286.6383361816406,0,1038240,0.0
zero,0,4,24.0,t700,215.74066162109375,295.4066467285156,0,1038240,0.0
zero,0,4,24.0,t850,224.3338623046875,308.165283203125,0,1038240,0.0
zero,0,4,24.0,t925,228.18467712402344,313.81573486328125,0,1038240,0.0
zero,0,4,24.0,t1000,231.87257385253906,318.2935485839844,0,1038240,0.0
zero,0,4,24.0,q50,1.697510469966801e-07,1.9753165361180436e-06,0,1038240,0.0
zero,0,4,24.0,q100,4.764326604345115e-07,7.67300934967352e-06,0,1038240,0.0
zero,0,4,24.0,q150,-5.803758540423587e-08,3.535357245709747e-05,3,1038240,2.889505316689783e-06
zero,0,4,24.0,q200,-1.429141775588505e-06,0.00019477208843454719,4921,1038240,0.00473975188781014
zero,0,4,24.0,q250,-1.2783562851836905e-05,0.0006223827367648482,40805,1038240,0.039302088149175525
zero,0,4,24.0,q300,-1.8117454601451755e-05,0.0014741343911737204,31123,1038240,0.0299766913237787
zero,0,4,24.0,q400,-6.268353899940848e-05,0.004100874066352844,53525,1038240,0.05155359069194021
zero,0,4,24.0,q500,-0.00012134184362366796,0.00690223416313529,44515,1038240,0.04287544305748189
zero,0,4,24.0,q600,-0.00025674502830952406,0.009479974396526814,43285,1038240,0.04169074587763908
zero,0,4,24.0,q700,-0.0006537095177918673,0.013035442680120468,59704,1038240,0.05750500847588226
zero,0,4,24.0,q850,-0.0010119020007550716,0.018072044476866722,72156,1038240,0.06949838187702265
zero,0,4,24.0,q925,-0.0012711919844150543,0.019603118300437927,74829,1038240,0.07207293111419324
zero,0,4,24.0,q1000,-0.001388773787766695,0.02463974803686142,72898,1038240,0.07021305285868393
zero,0,5,30.0,u10m,-21.71149444580078,27.016817092895508,0,1038240,0.0
zero,0,5,30.0,v10m,-19.779186248779297,24.1138858795166,0,1038240,0.0
zero,0,5,30.0,u100m,-29.05400276184082,34.12095642089844,0,1038240,0.0
zero,0,5,30.0,v100m,-26.066762924194336,32.99931335449219,0,1038240,0.0
zero,0,5,30.0,t2m,205.74844360351562,316.18450927734375,0,1038240,0.0
zero,0,5,30.0,sp,49072.515625,103788.28125,0,1038240,0.0
zero,0,5,30.0,msl,93969.5625,103797.0859375,0,1038240,0.0
zero,0,5,30.0,tcwv,-4.130058288574219,75.21121978759766,70733,1038240,0.0681277931884728
zero,0,5,30.0,u50,-30.319225311279297,77.09723663330078,0,1038240,0.0
zero,0,5,30.0,u100,-38.03550338745117,68.66584777832031,0,1038240,0.0
zero,0,5,30.0,u150,-30.393064498901367,73.16688537597656,0,1038240,0.0
zero,0,5,30.0,u200,-37.570594787597656,85.42444610595703,0,1038240,0.0
zero,0,5,30.0,u250,-33.46573257446289,93.52374267578125,0,1038240,0.0
zero,0,5,30.0,u300,-37.42467498779297,91.71481323242188,0,1038240,0.0
zero,0,5,30.0,u400,-34.37147521972656,75.02721405029297,0,1038240,0.0
zero,0,5,30.0,u500,-30.877262115478516,60.9599494934082,0,1038240,0.0
zero,0,5,30.0,u600,-29.28685188293457,49.4787712097168,0,1038240,0.0
zero,0,5,30.0,u700,-35.627994537353516,40.05741882324219,0,1038240,0.0
zero,0,5,30.0,u850,-38.30747604370117,39.31468963623047,0,1038240,0.0
zero,0,5,30.0,u925,-35.180747985839844,36.404178619384766,0,1038240,0.0
zero,0,5,30.0,u1000,-21.658950805664062,26.452539443969727,0,1038240,0.0
zero,0,5,30.0,v50,-23.59062957763672,27.967533111572266,0,1038240,0.0
zero,0,5,30.0,v100,-21.95770835876465,31.379308700561523,0,1038240,0.0
zero,0,5,30.0,v150,-28.411693572998047,33.08298873901367,0,1038240,0.0
zero,0,5,30.0,v200,-42.47712326049805,51.72807312011719,0,1038240,0.0
zero,0,5,30.0,v250,-54.371971130371094,63.67271423339844,0,1038240,0.0
zero,0,5,30.0,v300,-53.51603698730469,66.13902282714844,0,1038240,0.0
zero,0,5,30.0,v400,-39.70134735107422,56.45737838745117,0,1038240,0.0
zero,0,5,30.0,v500,-37.28642654418945,48.50705337524414,0,1038240,0.0
zero,0,5,30.0,v600,-33.24876403808594,39.388301849365234,0,1038240,0.0
zero,0,5,30.0,v700,-28.799392700195312,32.52214431762695,0,1038240,0.0
zero,0,5,30.0,v850,-36.25537109375,38.75423812866211,0,1038240,0.0
zero,0,5,30.0,v925,-30.859251022338867,31.939714431762695,0,1038240,0.0
zero,0,5,30.0,v1000,-20.341773986816406,24.565027236938477,0,1038240,0.0
zero,0,5,30.0,z50,178072.78125,208175.96875,0,1038240,0.0
zero,0,5,30.0,z100,140335.25,165621.3125,0,1038240,0.0
zero,0,5,30.0,z150,117312.875,141766.09375,0,1038240,0.0
zero,0,5,30.0,z200,100544.890625,123667.1875,0,1038240,0.0
zero,0,5,30.0,z250,87257.8828125,108939.84375,0,1038240,0.0
zero,0,5,30.0,z300,76183.3125,96394.453125,0,1038240,0.0
zero,0,5,30.0,z400,58362.3828125,75591.9765625,0,1038240,0.0
zero,0,5,30.0,z500,44137.60546875,58647.421875,0,1038240,0.0
zero,0,5,30.0,z600,31988.392578125,44514.7734375,0,1038240,0.0
zero,0,5,30.0,z700,21274.240234375,32219.62109375,0,1038240,0.0
zero,0,5,30.0,z850,7283.6142578125,16517.9140625,0,1038240,0.0
zero,0,5,30.0,z925,1122.7177734375,9523.12890625,0,1038240,0.0
zero,0,5,30.0,z1000,-4677.46142578125,3027.6923828125,0,1038240,0.0
zero,0,5,30.0,t50,179.8109588623047,234.92864990234375,0,1038240,0.0
zero,0,5,30.0,t100,186.2783660888672,235.23265075683594,0,1038240,0.0
zero,0,5,30.0,t150,189.11053466796875,240.01864624023438,0,1038240,0.0
zero,0,5,30.0,t200,192.11367797851562,242.1234893798828,0,1038240,0.0
zero,0,5,30.0,t250,199.81578063964844,242.5130157470703,0,1038240,0.0
zero,0,5,30.0,t300,204.80889892578125,250.23452758789062,0,1038240,0.0
zero,0,5,30.0,t400,214.09217834472656,264.1508483886719,0,1038240,0.0
zero,0,5,30.0,t500,222.83909606933594,276.0257568359375,0,1038240,0.0
zero,0,5,30.0,t600,216.96939086914062,289.0409851074219,0,1038240,0.0
zero,0,5,30.0,t700,215.1461639404297,300.839599609375,0,1038240,0.0
zero,0,5,30.0,t850,223.910888671875,312.13201904296875,0,1038240,0.0
zero,0,5,30.0,t925,227.73651123046875,317.29022216796875,0,1038240,0.0
zero,0,5,30.0,t1000,231.31365966796875,322.4418640136719,0,1038240,0.0
zero,0,5,30.0,q50,2.115789357048925e-07,1.982776211661985e-06,0,1038240,0.0
zero,0,5,30.0,q100,5.700976544176228e-07,7.222646217996953e-06,0,1038240,0.0
zero,0,5,30.0,q150,-4.4267926568863913e-07,3.5022592783207074e-05,63,1038240,6.0679611650485434e-05
zero,0,5,30.0,q200,-2.2192452888702974e-06,0.0002028890303336084,7397,1038240,0.007124556942518108
zero,0,5,30.0,q250,-1.5604204236296937e-05,0.0006366627640090883,32131,1038240,0.03094756511018647
zero,0,5,30.0,q300,-2.065078297164291e-05,0.0015164284268394113,28539,1038240,0.027487864077669903
zero,0,5,30.0,q400,-6.835826206952333e-05,0.004192057065665722,50365,1038240,0.04850997842502697
zero,0,5,30.0,q500,-0.00011361984070390463,0.007218089420348406,40712,1038240,0.03921251348435814
zero,0,5,30.0,q600,-0.00029274309054017067,0.010798525996506214,44128,1038240,0.04250269687162891
zero,0,5,30.0,q700,-0.0005520053673535585,0.013304576277732849,61849,1038240,0.05957100477731546
zero,0,5,30.0,q850,-0.000838790088891983,0.017994707450270653,70108,1038240,0.06752581291416243
zero,0,5,30.0,q925,-0.0010583591647446156,0.020056303590536118,72473,1038240,0.06980370627215288
zero,0,5,30.0,q1000,-0.0011323303915560246,0.023933596909046173,71211,1038240,0.06858818770226537
zero,0,6,36.0,u10m,-22.132970809936523,23.299482345581055,0,1038240,0.0
zero,0,6,36.0,v10m,-19.48523712158203,22.847206115722656,0,1038240,0.0
zero,0,6,36.0,u100m,-29.32468032836914,29.09923553466797,0,1038240,0.0
zero,0,6,36.0,v100m,-25.404306411743164,31.7803955078125,0,1038240,0.0
zero,0,6,36.0,t2m,204.12667846679688,322.08502197265625,0,1038240,0.0
zero,0,6,36.0,sp,49000.6484375,103833.609375,0,1038240,0.0
zero,0,6,36.0,msl,94192.6875,103783.0,0,1038240,0.0
zero,0,6,36.0,tcwv,-3.719867706298828,75.5044937133789,67034,1038240,0.0645650331329943
zero,0,6,36.0,u50,-27.42876434326172,75.8682632446289,0,1038240,0.0
zero,0,6,36.0,u100,-37.70653533935547,67.94447326660156,0,1038240,0.0
zero,0,6,36.0,u150,-31.963117599487305,71.17867279052734,0,1038240,0.0
zero,0,6,36.0,u200,-37.26325225830078,83.00004577636719,0,1038240,0.0
zero,0,6,36.0,u250,-34.47074508666992,90.77217102050781,0,1038240,0.0
zero,0,6,36.0,u300,-31.747379302978516,86.57569122314453,0,1038240,0.0
zero,0,6,36.0,u400,-28.24733543395996,73.01483154296875,0,1038240,0.0
zero,0,6,36.0,u500,-27.763275146484375,59.6470832824707,0,1038240,0.0
zero,0,6,36.0,u600,-29.986486434936523,48.4382438659668,0,1038240,0.0
zero,0,6,36.0,u700,-37.37109375,40.95806884765625,0,1038240,0.0
zero,0,6,36.0,u850,-37.854408264160156,36.43061447143555,0,1038240,0.0
zero,0,6,36.0,u925,-35.07291030883789,31.023197174072266,0,1038240,0.0
zero,0,6,36.0,u1000,-21.839340209960938,23.246950149536133,0,1038240,0.0
zero,0,6,36.0,v50,-25.393430709838867,27.560331344604492,0,1038240,0.0
zero,0,6,36.0,v100,-21.453378677368164,29.022310256958008,0,1038240,0.0
zero,0,6,36.0,v150,-29.067523956298828,32.701419830322266,0,1038240,0.0
zero,0,6,36.0,v200,-40.6501579284668,47.994998931884766,0,1038240,0.0
zero,0,6,36.0,v250,-50.556121826171875,54.300750732421875,0,1038240,0.0
zero,0,6,36.0,v300,-54.707645416259766,53.91728591918945,0,1038240,0.0
zero,0,6,36.0,v400,-45.78324508666992,53.82649230957031,0,1038240,0.0
zero,0,6,36.0,v500,-37.62321090698242,45.88722610473633,0,1038240,0.0
zero,0,6,36.0,v600,-30.042675018310547,38.60389709472656,0,1038240,0.0
zero,0,6,36.0,v700,-26.067346572875977,31.22124481201172,0,1038240,0.0
zero,0,6,36.0,v850,-32.5027961730957,37.788414001464844,0,1038240,0.0
zero,0,6,36.0,v925,-31.155445098876953,31.004680633544922,0,1038240,0.0
zero,0,6,36.0,v1000,-20.4096736907959,23.545185089111328,0,1038240,0.0
zero,0,6,36.0,z50,177778.078125,208346.4375,0,1038240,0.0
zero,0,6,36.0,z100,140343.4375,165804.75,0,1038240,0.0
zero,0,6,36.0,z150,117383.15625,141954.921875,0,1038240,0.0
zero,0,6,36.0,z200,100662.9375,123788.8125,0,1038240,0.0
zero,0,6,36.0,z250,87421.1953125,108870.7109375,0,1038240,0.0
zero,0,6,36.0,z300,76357.9609375,96253.5859375,0,1038240,0.0
zero,0,6,36.0,z400,58530.4140625,75455.671875,0,1038240,0.0
zero,0,6,36.0,z500,44135.0078125,58723.75,0,1038240,0.0
zero,0,6,36.0,z600,31880.859375,44603.3828125,0,1038240,0.0
zero,0,6,36.0,z700,21234.38671875,32268.96875,0,1038240,0.0
zero,0,6,36.0,z850,7409.6572265625,16569.791015625,0,1038240,0.0
zero,0,6,36.0,z925,1300.3046875,9576.146484375,0,1038240,0.0
zero,0,6,36.0,z1000,-4471.5390625,3087.31396484375,0,1038240,0.0
zero,0,6,36.0,t50,179.49038696289062,235.19728088378906,0,1038240,0.0
zero,0,6,36.0,t100,185.99537658691406,235.69029235839844,0,1038240,0.0
zero,0,6,36.0,t150,189.07444763183594,240.2223663330078,0,1038240,0.0
zero,0,6,36.0,t200,192.00888061523438,241.98191833496094,0,1038240,0.0
zero,0,6,36.0,t250,200.2344207763672,242.7882537841797,0,1038240,0.0
zero,0,6,36.0,t300,204.64405822753906,251.33343505859375,0,1038240,0.0
zero,0,6,36.0,t400,213.6080780029297,265.4929504394531,0,1038240,0.0
zero,0,6,36.0,t500,222.52633666992188,276.8248291015625,0,1038240,0.0
zero,0,6,36.0,t600,217.43362426757812,291.0350036621094,0,1038240,0.0
zero,0,6,36.0,t700,215.04237365722656,303.3629455566406,0,1038240,0.0
zero,0,6,36.0,t850,223.51712036132812,313.70947265625,0,1038240,0.0
zero,0,6,36.0,t925,227.426025390625,318.6377868652344,0,1038240,0.0
zero,0,6,36.0,t1000,231.00607299804688,323.59063720703125,0,1038240,0.0
zero,0,6,36.0,q50,2.488977770553902e-07,1.9891083411494037e-06,0,1038240,0.0
zero,0,6,36.0,q100,6.479251624114113e-07,6.820849648647709e-06,0,1038240,0.0
zero,0,6,36.0,q150,1.771804818417877e-07,3.9006885344861075e-05,0,1038240,0.0
zero,0,6,36.0,q200,-3.7297304515959695e-06,0.00021334897610358894,11502,1038240,0.011078363384188626
zero,0,6,36.0,q250,-1.3802749890601262e-05,0.0006453224341385067,30906,1038240,0.02976768377253814
zero,0,6,36.0,q300,-1.6538790077902377e-05,0.0014782900689169765,27401,1038240,0.02639177839420558
zero,0,6,36.0,q400,-5.644679185934365e-05,0.003988725133240223,48969,1038240,0.047165395284327324
zero,0,6,36.0,q500,-0.00010134920012205839,0.007915443740785122,36907,1038240,0.0355476575743566
zero,0,6,36.0,q600,-0.00021642097271978855,0.009869061410427094,42271,1038240,0.04071409308059794
zero,0,6,36.0,q700,-0.00048431288450956345,0.012852009385824203,56809,1038240,0.05471663584527662
zero,0,6,36.0,q850,-0.0006326688453555107,0.018176821991801262,65809,1038240,0.06338515179534597
zero,0,6,36.0,q925,-0.0007958114147186279,0.020159905776381493,67537,1038240,0.06504950685775929
zero,0,6,36.0,q1000,-0.0009281770326197147,0.02565820701420307,67190,1038240,0.06471528740946217
zero,0,7,42.0,u10m,-21.94186782836914,18.602632522583008,0,1038240,0.0
zero,0,7,42.0,v10m,-20.331466674804688,23.66864013671875,0,1038240,0.0
zero,0,7,42.0,u100m,-28.438690185546875,24.115659713745117,0,1038240,0.0
zero,0,7,42.0,v100m,-27.385011672973633,32.626800537109375,0,1038240,0.0
zero,0,7,42.0,t2m,202.6654052734375,321.0466613769531,0,1038240,0.0
zero,0,7,42.0,sp,49104.9453125,103867.8359375,0,1038240,0.0
zero,0,7,42.0,msl,94657.578125,103827.1640625,0,1038240,0.0
zero,0,7,42.0,tcwv,-2.7529525756835938,76.8407974243164,61226,1038240,0.05897095083988288
zero,0,7,42.0,u50,-27.991546630859375,75.67066955566406,0,1038240,0.0
zero,0,7,42.0,u100,-33.94633483886719,67.02249145507812,0,1038240,0.0
zero,0,7,42.0,u150,-30.924333572387695,70.41038513183594,0,1038240,0.0
zero,0,7,42.0,u200,-37.868141174316406,81.59500885009766,0,1038240,0.0
zero,0,7,42.0,u250,-35.897396087646484,87.04409790039062,0,1038240,0.0
zero,0,7,42.0,u300,-32.44971466064453,85.19685363769531,0,1038240,0.0
zero,0,7,42.0,u400,-24.49724769592285,69.9443588256836,0,1038240,0.0
zero,0,7,42.0,u500,-26.782005310058594,59.724143981933594,0,1038240,0.0
zero,0,7,42.0,u600,-32.80142593383789,48.802879333496094,0,1038240,0.0
zero,0,7,42.0,u700,-39.57291793823242,40.73200988769531,0,1038240,0.0
zero,0,7,42.0,u850,-37.376182556152344,35.4329948425293,0,1038240,0.0
zero,0,7,42.0,u925,-36.297088623046875,30.60029411315918,0,1038240,0.0
zero,0,7,42.0,u1000,-21.960790634155273,20.86015510559082,0,1038240,0.0
zero,0,7,42.0,v50,-26.43909454345703,25.861984252929688,0,1038240,0.0
zero,0,7,42.0,v100,-21.727130889892578,25.755308151245117,0,1038240,0.0
zero,0,7,42.0,v150,-28.530241012573242,32.38082504272461,0,1038240,0.0
zero,0,7,42.0,v200,-40.27671432495117,47.69972610473633,0,1038240,0.0
zero,0,7,42.0,v250,-53.14247512817383,52.617958068847656,0,1038240,0.0
zero,0,7,42.0,v300,-58.94460678100586,54.78640365600586,0,1038240,0.0
zero,0,7,42.0,v400,-54.89338302612305,55.89350509643555,0,1038240,0.0
zero,0,7,42.0,v500,-39.772586822509766,48.720802307128906,0,1038240,0.0
zero,0,7,42.0,v600,-28.111618041992188,39.707157135009766,0,1038240,0.0
zero,0,7,42.0,v700,-24.591896057128906,32.660614013671875,0,1038240,0.0
zero,0,7,42.0,v850,-33.96984100341797,35.9310188293457,0,1038240,0.0
zero,0,7,42.0,v925,-34.299583435058594,31.039478302001953,0,1038240,0.0
zero,0,7,42.0,v1000,-20.53017234802246,24.38636589050293,0,1038240,0.0
zero,0,7,42.0,z50,177525.890625,208246.796875,0,1038240,0.0
zero,0,7,42.0,z100,140318.140625,165771.984375,0,1038240,0.0
zero,0,7,42.0,z150,117450.734375,141869.1875,0,1038240,0.0
zero,0,7,42.0,z200,100796.1328125,123717.921875,0,1038240,0.0
zero,0,7,42.0,z250,87601.25,108900.8046875,0,1038240,0.0
zero,0,7,42.0,z300,76563.2578125,96392.96875,0,1038240,0.0
zero,0,7,42.0,z400,58697.03515625,75591.921875,0,1038240,0.0
zero,0,7,42.0,z500,44249.8984375,58723.9921875,0,1038240,0.0
zero,0,7,42.0,z600,32054.51171875,44522.4375,0,1038240,0.0
zero,0,7,42.0,z700,21463.6875,32293.25390625,0,1038240,0.0
zero,0,7,42.0,z850,7726.7490234375,16584.3203125,0,1038240,0.0
zero,0,7,42.0,z925,1646.13818359375,9590.3154296875,0,1038240,0.0
zero,0,7,42.0,z1000,-4094.07080078125,3115.46875,0,1038240,0.0
zero,0,7,42.0,t50,179.8211669921875,235.57220458984375,0,1038240,0.0
zero,0,7,42.0,t100,186.2761993408203,235.93264770507812,0,1038240,0.0
zero,0,7,42.0,t150,189.25692749023438,241.1226806640625,0,1038240,0.0
zero,0,7,42.0,t200,192.1251983642578,242.03634643554688,0,1038240,0.0
zero,0,7,42.0,t250,199.79345703125,243.1295166015625,0,1038240,0.0
zero,0,7,42.0,t300,204.8927764892578,249.8478240966797,0,1038240,0.0
zero,0,7,42.0,t400,213.84954833984375,264.4804992675781,0,1038240,0.0
zero,0,7,42.0,t500,221.8052978515625,275.6808776855469,0,1038240,0.0
zero,0,7,42.0,t600,215.56936645507812,288.592529296875,0,1038240,0.0
zero,0,7,42.0,t700,214.48211669921875,299.1353759765625,0,1038240,0.0
zero,0,7,42.0,t850,224.8916778564453,310.1998291015625,0,1038240,0.0
zero,0,7,42.0,t925,228.67637634277344,315.9730224609375,0,1038240,0.0
zero,0,7,42.0,t1000,232.42929077148438,321.0892639160156,0,1038240,0.0
zero,0,7,42.0,q50,2.8405133889464196e-07,1.997025492528337e-06,0,1038240,0.0
zero,0,7,42.0,q100,7.093042313499609e-07,6.409571142285131e-06,0,1038240,0.0
zero,0,7,42.0,q150,3.8281723391264677e-07,3.8054098695283756e-05,0,1038240,0.0
zero,0,7,42.0,q200,-4.057323167216964e-06,0.0002128596097463742,12675,1038240,0.012208159963014331
zero,0,7,42.0,q250,-1.370908648823388e-05,0.0006464270991273224,26005,1038240,0.025047195253505933
zero,0,7,42.0,q300,-2.1027139155194163e-05,0.0014349335106089711,27669,1038240,0.026649907535829867
zero,0,7,42.0,q400,-6.278615910559893e-05,0.004203618969768286,45025,1038240,0.04336665896131916
zero,0,7,42.0,q500,-9.121495531871915e-05,0.007443426642566919,29260,1038240,0.028182308522114348
zero,0,7,42.0,q600,-0.0002548986813053489,0.00951139535754919,33473,1038240,0.0322401371551857
zero,0,7,42.0,q700,-0.00045926659367978573,0.01287977583706379,53403,1038240,0.051436084142394825
zero,0,7,42.0,q850,-0.0005438318476080894,0.018216725438833237,58560,1038240,0.05640314378178456
zero,0,7,42.0,q925,-0.0007316088303923607,0.019708391278982162,63259,1038240,0.06092907227615965
zero,0,7,42.0,q1000,-0.0008182558231055737,0.024858996272087097,62065,1038240,0.05977904916011712
zero,0,8,48.0,u10m,-23.269380569458008,20.360130310058594,0,1038240,0.0
zero,0,8,48.0,v10m,-24.07297706604004,23.01742935180664,0,1038240,0.0
zero,0,8,48.0,u100m,-29.66024398803711,26.093503952026367,0,1038240,0.0
zero,0,8,48.0,v100m,-31.891345977783203,32.0821647644043,0,1038240,0.0
zero,0,8,48.0,t2m,201.46743774414062,320.2019958496094,0,1038240,0.0
zero,0,8,48.0,sp,48955.87109375,103880.1484375,0,1038240,0.0
zero,0,8,48.0,msl,94919.9140625,103833.4140625,0,1038240,0.0
zero,0,8,48.0,tcwv,-2.6006603240966797,77.08879089355469,56364,1038240,0.05428802588996764
zero,0,8,48.0,u50,-28.576080322265625,73.10050964355469,0,1038240,0.0
zero,0,8,48.0,u100,-34.21907424926758,64.93463134765625,0,1038240,0.0
zero,0,8,48.0,u150,-31.8406925201416,68.49323272705078,0,1038240,0.0
zero,0,8,48.0,u200,-40.700218200683594,79.90088653564453,0,1038240,0.0
zero,0,8,48.0,u250,-36.04273986816406,84.66120910644531,0,1038240,0.0
zero,0,8,48.0,u300,-36.51304626464844,81.74260711669922,0,1038240,0.0
zero,0,8,48.0,u400,-32.809173583984375,67.98973083496094,0,1038240,0.0
zero,0,8,48.0,u500,-26.064289093017578,58.951236724853516,0,1038240,0.0
zero,0,8,48.0,u600,-28.13474464416504,49.753334045410156,0,1038240,0.0
zero,0,8,48.0,u700,-37.114986419677734,40.63144302368164,0,1038240,0.0
zero,0,8,48.0,u850,-38.423160552978516,34.40220642089844,0,1038240,0.0
zero,0,8,48.0,u925,-35.8642463684082,31.374181747436523,0,1038240,0.0
zero,0,8,48.0,u1000,-23.229820251464844,20.61588478088379,0,1038240,0.0
zero,0,8,48.0,v50,-26.25051498413086,24.509822845458984,0,1038240,0.0
zero,0,8,48.0,v100,-22.222515106201172,22.66226577758789,0,1038240,0.0
zero,0,8,48.0,v150,-27.47273826599121,32.64603805541992,0,1038240,0.0
zero,0,8,48.0,v200,-45.95158004760742,45.32463836669922,0,1038240,0.0
zero,0,8,48.0,v250,-52.89139175415039,47.56272888183594,0,1038240,0.0
zero,0,8,48.0,v300,-57.851158142089844,55.96025466918945,0,1038240,0.0
zero,0,8,48.0,v400,-55.6840705871582,55.19140625,0,1038240,0.0
zero,0,8,48.0,v500,-42.467140197753906,48.266563415527344,0,1038240,0.0
zero,0,8,48.0,v600,-29.60890769958496,38.9727897644043,0,1038240,0.0
zero,0,8,48.0,v700,-26.188556671142578,32.62063217163086,0,1038240,0.0
zero,0,8,48.0,v850,-37.718177795410156,35.216548919677734,0,1038240,0.0
zero,0,8,48.0,v925,-35.411258697509766,31.034730911254883,0,1038240,0.0
zero,0,8,48.0,v1000,-24.49220848083496,23.661935806274414,0,1038240,0.0
zero,0,8,48.0,z50,177227.421875,208247.828125,0,1038240,0.0
zero,0,8,48.0,z100,140360.984375,165661.71875,0,1038240,0.0
zero,0,8,48.0,z150,117617.6796875,141655.15625,0,1038240,0.0
zero,0,8,48.0,z200,100984.6796875,123636.5390625,0,1038240,0.0
zero,0,8,48.0,z250,87778.421875,109002.078125,0,1038240,0.0
zero,0,8,48.0,z300,76744.6953125,96461.96875,0,1038240,0.0
zero,0,8,48.0,z400,58820.23046875,75573.546875,0,1038240,0.0
zero,0,8,48.0,z500,44393.5390625,58801.54296875,0,1038240,0.0
zero,0,8,48.0,z600,32217.1953125,44595.265625,0,1038240,0.0
zero,0,8,48.0,z700,21638.80859375,32362.83984375,0,1038240,0.0
zero,0,8,48.0,z850,7915.1357421875,16616.251953125,0,1038240,0.0
zero,0,8,48.0,z925,1847.662109375,9600.02734375,0,1038240,0.0
zero,0,8,48.0,z1000,-3874.3125,3118.68408203125,0,1038240,0.0
zero,0,8,48.0,t50,179.98785400390625,235.70169067382812,0,1038240,0.0
zero,0,8,48.0,t100,186.71026611328125,236.33778381347656,0,1038240,0.0
zero,0,8,48.0,t150,190.11892700195312,241.36732482910156,0,1038240,0.0
zero,0,8,48.0,t200,192.32989501953125,241.7529296875,0,1038240,0.0
zero,0,8,48.0,t250,199.4614715576172,243.6459197998047,0,1038240,0.0
zero,0,8,48.0,t300,204.694091796875,250.23472595214844,0,1038240,0.0
zero,0,8,48.0,t400,214.44802856445312,264.4364318847656,0,1038240,0.0
zero,0,8,48.0,t500,221.51303100585938,275.6092834472656,0,1038240,0.0
zero,0,8,48.0,t600,212.08209228515625,286.54681396484375,0,1038240,0.0
zero,0,8,48.0,t700,214.2127227783203,295.7898254394531,0,1038240,0.0
zero,0,8,48.0,t850,223.79287719726562,308.6041564941406,0,1038240,0.0
zero,0,8,48.0,t925,227.57516479492188,314.3842468261719,0,1038240,0.0
zero,0,8,48.0,t1000,231.3575439453125,318.9427490234375,0,1038240,0.0
zero,0,8,48.0,q50,3.22091636917321e-07,2.0050226794410264e-06,0,1038240,0.0
zero,0,8,48.0,q100,7.811966042936547e-07,6.078947080823127e-06,0,1038240,0.0
zero,0,8,48.0,q150,2.2314816305879503e-07,3.398639819351956e-05,0,1038240,0.0
zero,0,8,48.0,q200,-4.129926310270093e-06,0.00019423470075707883,12310,1038240,0.011856603482817075
zero,0,8,48.0,q250,-1.104078910429962e-05,0.0006339395768009126,23615,1038240,0.022745222684543074
zero,0,8,48.0,q300,-2.8868933441117406e-05,0.0014783750521019101,22784,1038240,0.021944829711820005
zero,0,8,48.0,q400,-6.158280302770436e-05,0.004341329447925091,38541,1038240,0.03712147480351364
zero,0,8,48.0,q500,-0.00011366652324795723,0.007152688689529896,31792,1038240,0.030621051009400525
zero,0,8,48.0,q600,-0.00020417245104908943,0.009577627293765545,28819,1038240,0.027757551240560948
zero,0,8,48.0,q700,-0.0003782752901315689,0.012879755347967148,45643,1038240,0.04396189705655725
zero,0,8,48.0,q850,-0.0005588908679783344,0.018215881660580635,51275,1038240,0.04938646170442287
zero,0,8,48.0,q925,-0.0006445734761655331,0.01953912526369095,54760,1038240,0.0527431037139775
zero,0,8,48.0,q1000,-0.0008433735929429531,0.024845093488693237,55667,1038240,0.05361669748805671
zero,0,9,54.0,u10m,-22.316370010375977,21.400712966918945,0,1038240,0.0
zero,0,9,54.0,v10m,-20.129589080810547,22.984508514404297,0,1038240,0.0
zero,0,9,54.0,u100m,-28.916637420654297,27.767780303955078,0,1038240,0.0
zero,0,9,54.0,v100m,-26.454143524169922,29.793243408203125,0,1038240,0.0
zero,0,9,54.0,t2m,200.0710906982422,315.7739562988281,0,1038240,0.0
zero,0,9,54.0,sp,49011.41015625,103854.546875,0,1038240,0.0
zero,0,9,54.0,msl,95096.734375,103801.828125,0,1038240,0.0
zero,0,9,54.0,tcwv,-2.220104217529297,78.44709777832031,49020,1038240,0.04721451687471105
zero,0,9,54.0,u50,-30.790531158447266,72.24613952636719,0,1038240,0.0
zero,0,9,54.0,u100,-33.4671516418457,63.424530029296875,0,1038240,0.0
zero,0,9,54.0,u150,-32.94805145263672,67.55609893798828,0,1038240,0.0
zero,0,9,54.0,u200,-39.82048034667969,81.31107330322266,0,1038240,0.0
zero,0,9,54.0,u250,-35.17023849487305,82.01799011230469,0,1038240,0.0
zero,0,9,54.0,u300,-36.85823059082031,77.27205657958984,0,1038240,0.0
zero,0,9,54.0,u400,-34.79131317138672,63.165618896484375,0,1038240,0.0
zero,0,9,54.0,u500,-26.16469955444336,54.28226089477539,0,1038240,0.0
zero,0,9,54.0,u600,-28.55034828186035,45.17289352416992,0,1038240,0.0
zero,0,9,54.0,u700,-32.4520149230957,36.12060546875,0,1038240,0.0
zero,0,9,54.0,u850,-38.012454986572266,33.0816764831543,0,1038240,0.0
zero,0,9,54.0,u925,-36.611907958984375,34.45677947998047,0,1038240,0.0
zero,0,9,54.0,u1000,-23.217426300048828,21.71506690979004,0,1038240,0.0
zero,0,9,54.0,v50,-24.54950714111328,21.894882202148438,0,1038240,0.0
zero,0,9,54.0,v100,-23.722082138061523,21.143571853637695,0,1038240,0.0
zero,0,9,54.0,v150,-29.184335708618164,31.14800262451172,0,1038240,0.0
zero,0,9,54.0,v200,-43.9315299987793,45.24760055541992,0,1038240,0.0
zero,0,9,54.0,v250,-52.166587829589844,50.30107498168945,0,1038240,0.0
zero,0,9,54.0,v300,-54.981868743896484,57.03443145751953,0,1038240,0.0
zero,0,9,54.0,v400,-48.51835632324219,57.840362548828125,0,1038240,0.0
zero,0,9,54.0,v500,-43.64825439453125,51.18163299560547,0,1038240,0.0
zero,0,9,54.0,v600,-32.88499069213867,39.06575012207031,0,1038240,0.0
zero,0,9,54.0,v700,-28.479785919189453,35.2551383972168,0,1038240,0.0
zero,0,9,54.0,v850,-33.17165756225586,36.72772216796875,0,1038240,0.0
zero,0,9,54.0,v925,-31.725046157836914,36.82398223876953,0,1038240,0.0
zero,0,9,54.0,v1000,-20.67896842956543,23.628578186035156,0,1038240,0.0
zero,0,9,54.0,z50,176973.828125,208367.0,0,1038240,0.0
zero,0,9,54.0,z100,140336.328125,165838.140625,0,1038240,0.0
zero,0,9,54.0,z150,117640.921875,141902.625,0,1038240,0.0
zero,0,9,54.0,z200,100933.4375,123804.0625,0,1038240,0.0
zero,0,9,54.0,z250,87747.59375,109022.4453125,0,1038240,0.0
zero,0,9,54.0,z300,76716.8125,96496.328125,0,1038240,0.0
zero,0,9,54.0,z400,58759.9765625,75632.359375,0,1038240,0.0
zero,0,9,54.0,z500,44360.796875,58782.5234375,0,1038240,0.0
zero,0,9,54.0,z600,32208.73828125,44585.3671875,0,1038240,0.0
zero,0,9,54.0,z700,21684.41015625,32340.736328125,0,1038240,0.0
zero,0,9,54.0,z850,8019.5908203125,16581.15234375,0,1038240,0.0
zero,0,9,54.0,z925,1981.6826171875,9556.4072265625,0,1038240,0.0
zero,0,9,54.0,z1000,-3715.314453125,3082.38818359375,0,1038240,0.0
zero,0,9,54.0,t50,180.21913146972656,235.83340454101562,0,1038240,0.0
zero,0,9,54.0,t100,186.95028686523438,236.60604858398438,0,1038240,0.0
zero,0,9,54.0,t150,190.5070343017578,241.82339477539062,0,1038240,0.0
zero,0,9,54.0,t200,192.8318634033203,241.62496948242188,0,1038240,0.0
zero,0,9,54.0,t250,199.91366577148438,243.63555908203125,0,1038240,0.0
zero,0,9,54.0,t300,203.52725219726562,251.0033416748047,0,1038240,0.0
zero,0,9,54.0,t400,213.6504364013672,264.6889343261719,0,1038240,0.0
zero,0,9,54.0,t500,220.0083465576172,275.9632568359375,0,1038240,0.0
zero,0,9,54.0,t600,210.19903564453125,288.5321044921875,0,1038240,0.0
zero,0,9,54.0,t700,212.15585327148438,299.93292236328125,0,1038240,0.0
zero,0,9,54.0,t850,222.02796936035156,311.8040466308594,0,1038240,0.0
zero,0,9,54.0,t925,225.8137969970703,316.65740966796875,0,1038240,0.0
zero,0,9,54.0,t1000,229.4046173095703,321.7862548828125,0,1038240,0.0
zero,0,9,54.0,q50,3.6068558983970433e-07,2.0126728941249894e-06,0,1038240,0.0
zero,0,9,54.0,q100,8.636569646114367e-07,5.781103027402423e-06,0,1038240,0.0
zero,0,9,54.0,q150,-5.489437171490863e-08,3.5151057090843096e-05,73,1038240,7.031129603945137e-05
zero,0,9,54.0,q200,-6.150436092866585e-06,0.0002113323862431571,10152,1038240,0.009778085991678225
zero,0,9,54.0,q250,-1.3588196452474222e-05,0.0006953076808713377,20050,1038240,0.019311527199876714
zero,0,9,54.0,q300,-2.412270987406373e-05,0.001581369200721383,19830,1038240,0.019099630143319463
zero,0,9,54.0,q400,-6.03503140155226e-05,0.00437864800915122,36355,1038240,0.035015988596085686
zero,0,9,54.0,q500,-0.00013210519682615995,0.007840447127819061,26667,1038240,0.025684812760055478
zero,0,9,54.0,q600,-0.00017609656788408756,0.011011367663741112,21861,1038240,0.021055825242718446
zero,0,9,54.0,q700,-0.0004543506074696779,0.013197602704167366,44398,1038240,0.04276275235013099
zero,0,9,54.0,q850,-0.0005718083120882511,0.018307900056242943,48839,1038240,0.04704018338727076
zero,0,9,54.0,q925,-0.0006123315542936325,0.020510779693722725,56068,1038240,0.05400292803205425
zero,0,9,54.0,q1000,-0.0006207735277712345,0.024745618924498558,54800,1038240,0.05278163045153336
zero,0,10,60.0,u10m,-24.264076232910156,20.875858306884766,0,1038240,0.0
zero,0,10,60.0,v10m,-20.094833374023438,23.147830963134766,0,1038240,0.0
zero,0,10,60.0,u100m,-31.101791381835938,26.813819885253906,0,1038240,0.0
zero,0,10,60.0,v100m,-26.01957130432129,29.430343627929688,0,1038240,0.0
zero,0,10,60.0,t2m,200.30552673339844,321.6271057128906,0,1038240,0.0
zero,0,10,60.0,sp,48971.6953125,103892.703125,0,1038240,0.0
zero,0,10,60.0,msl,95220.140625,103841.59375,0,1038240,0.0
zero,0,10,60.0,tcwv,-2.3933067321777344,78.9484634399414,40773,1038240,0.039271266759130834
zero,0,10,60.0,u50,-29.167850494384766,69.68124389648438,0,1038240,0.0
zero,0,10,60.0,u100,-32.79086685180664,60.101470947265625,0,1038240,0.0
zero,0,10,60.0,u150,-31.875349044799805,67.23529052734375,0,1038240,0.0
zero,0,10,60.0,u200,-36.201011657714844,82.67559814453125,0,1038240,0.0
zero,0,10,60.0,u250,-33.59458541870117,79.01741027832031,0,1038240,0.0
zero,0,10,60.0,u300,-29.624927520751953,76.87681579589844,0,1038240,0.0
zero,0,10,60.0,u400,-28.205373764038086,64.24644470214844,0,1038240,0.0
zero,0,10,60.0,u500,-28.09915542602539,53.0040283203125,0,1038240,0.0
zero,0,10,60.0,u600,-29.955556869506836,43.0086555480957,0,1038240,0.0
zero,0,10,60.0,u700,-35.77786636352539,35.71703338623047,0,1038240,0.0
zero,0,10,60.0,u850,-40.63029861450195,30.77976417541504,0,1038240,0.0
zero,0,10,60.0,u925,-36.800655364990234,32.823997497558594,0,1038240,0.0
zero,0,10,60.0,u1000,-24.121986389160156,21.55070686340332,0,1038240,0.0
zero,0,10,60.0,v50,-24.393985748291016,21.29648780822754,0,1038240,0.0
zero,0,10,60.0,v100,-25.3895320892334,22.69675636291504,0,1038240,0.0
zero,0,10,60.0,v150,-31.374303817749023,33.2540168762207,0,1038240,0.0
zero,0,10,60.0,v200,-47.61839294433594,43.65334701538086,0,1038240,0.0
zero,0,10,60.0,v250,-55.29203414916992,51.591888427734375,0,1038240,0.0
zero,0,10,60.0,v300,-57.188873291015625,57.690643310546875,0,1038240,0.0
zero,0,10,60.0,v400,-51.34061050415039,56.582725524902344,0,1038240,0.0
zero,0,10,60.0,v500,-44.09587097167969,49.463645935058594,0,1038240,0.0
zero,0,10,60.0,v600,-34.029624938964844,38.61102294921875,0,1038240,0.0
zero,0,10,60.0,v700,-27.797752380371094,34.782554626464844,0,1038240,0.0
zero,0,10,60.0,v850,-31.65796661376953,34.58765411376953,0,1038240,0.0
zero,0,10,60.0,v925,-33.37458038330078,35.83333969116211,0,1038240,0.0
zero,0,10,60.0,v1000,-21.587291717529297,23.677265167236328,0,1038240,0.0
zero,0,10,60.0,z50,176782.71875,208509.40625,0,1038240,0.0
zero,0,10,60.0,z100,140269.140625,166035.859375,0,1038240,0.0
zero,0,10,60.0,z150,117516.703125,142153.6875,0,1038240,0.0
zero,0,10,60.0,z200,100690.1484375,123958.28125,0,1038240,0.0
zero,0,10,60.0,z250,87464.890625,108986.2734375,0,1038240,0.0
zero,0,10,60.0,z300,76626.4921875,96402.8046875,0,1038240,0.0
zero,0,10,60.0,z400,58739.8828125,75561.5078125,0,1038240,0.0
zero,0,10,60.0,z500,44344.203125,58726.73046875,0,1038240,0.0
zero,0,10,60.0,z600,32221.9375,44575.25390625,0,1038240,0.0
zero,0,10,60.0,z700,21741.458984375,32346.6875,0,1038240,0.0
zero,0,10,60.0,z850,8121.34716796875,16585.33203125,0,1038240,0.0
zero,0,10,60.0,z925,2081.81103515625,9557.75390625,0,1038240,0.0
zero,0,10,60.0,z1000,-3608.24072265625,3107.8388671875,0,1038240,0.0
zero,0,10,60.0,t50,180.18576049804688,235.94729614257812,0,1038240,0.0
zero,0,10,60.0,t100,186.97515869140625,237.20407104492188,0,1038240,0.0
zero,0,10,60.0,t150,190.73287963867188,241.9358673095703,0,1038240,0.0
zero,0,10,60.0,t200,192.99635314941406,241.67112731933594,0,1038240,0.0
zero,0,10,60.0,t250,198.98602294921875,243.79469299316406,0,1038240,0.0
zero,0,10,60.0,t300,202.72073364257812,250.99618530273438,0,1038240,0.0
zero,0,10,60.0,t400,213.3221435546875,265.92724609375,0,1038240,0.0
zero,0,10,60.0,t500,219.3096923828125,278.4256591796875,0,1038240,0.0
zero,0,10,60.0,t600,213.11520385742188,290.4239196777344,0,1038240,0.0
zero,0,10,60.0,t700,210.87326049804688,303.1926574707031,0,1038240,0.0
zero,0,10,60.0,t850,220.8291015625,313.824951171875,0,1038240,0.0
zero,0,10,60.0,t925,224.49586486816406,319.012939453125,0,1038240,0.0
zero,0,10,60.0,t1000,228.1044464111328,324.234619140625,0,1038240,0.0
zero,0,10,60.0,q50,3.9541237129014917e-07,2.017645556406933e-06,0,1038240,0.0
zero,0,10,60.0,q100,9.439849009140744e-07,5.516509190783836e-06,0,1038240,0.0
zero,0,10,60.0,q150,2.231627149740234e-08,4.391556649352424e-05,0,1038240,0.0
zero,0,10,60.0,q200,-8.18538319435902e-06,0.00021718656353186816,9400,1038240,0.009053783325627986
zero,0,10,60.0,q250,-1.3715685781789944e-05,0.0006901876186020672,16551,1038240,0.01594140083217753
zero,0,10,60.0,q300,-2.375719486735761e-05,0.001619432121515274,16212,1038240,0.015614886731391586
zero,0,10,60.0,q400,-7.060810457915068e-05,0.004474132787436247,32196,1038240,0.031010171058714748
zero,0,10,60.0,q500,-0.00020669959485530853,0.008123423904180527,24075,1038240,0.023188280166435506
zero,0,10,60.0,q600,-0.00023690576199442148,0.00995984859764576,18921,1038240,0.018224110032362458
zero,0,10,60.0,q700,-0.00041822041384875774,0.013009782880544662,37098,1038240,0.035731622746185854
zero,0,10,60.0,q850,-0.0004878104664385319,0.018411001190543175,42575,1038240,0.0410068962860225
zero,0,10,60.0,q925,-0.0005072839558124542,0.02058616280555725,50356,1038240,0.048501309909076896
zero,0,10,60.0,q1000,-0.0006462708115577698,0.025555454194545746,47516,1038240,0.045765911542610574
zero,0,11,66.0,u10m,-26.1512508392334,21.282739639282227,0,1038240,0.0
zero,0,11,66.0,v10m,-22.98360252380371,22.652603149414062,0,1038240,0.0
zero,0,11,66.0,u100m,-33.99697494506836,27.24342918395996,0,1038240,0.0
zero,0,11,66.0,v100m,-29.805938720703125,29.12238883972168,0,1038240,0.0
zero,0,11,66.0,t2m,201.0216064453125,320.8657531738281,0,1038240,0.0
zero,0,11,66.0,sp,49144.046875,103864.28125,0,1038240,0.0
zero,0,11,66.0,msl,95515.453125,103814.59375,0,1038240,0.0
zero,0,11,66.0,tcwv,-2.027599334716797,78.95275115966797,31862,1038240,0.030688472800123285
zero,0,11,66.0,u50,-28.883155822753906,69.71513366699219,0,1038240,0.0
zero,0,11,66.0,u100,-30.09450912475586,59.04525375366211,0,1038240,0.0
zero,0,11,66.0,u150,-33.060447692871094,69.38392639160156,0,1038240,0.0
zero,0,11,66.0,u200,-34.606239318847656,84.67808532714844,0,1038240,0.0
zero,0,11,66.0,u250,-36.98251724243164,80.86613464355469,0,1038240,0.0
zero,0,11,66.0,u300,-32.255855560302734,76.48756408691406,0,1038240,0.0
zero,0,11,66.0,u400,-30.995325088500977,64.13362121582031,0,1038240,0.0
zero,0,11,66.0,u500,-32.400333404541016,54.59541320800781,0,1038240,0.0
zero,0,11,66.0,u600,-28.737565994262695,43.496578216552734,0,1038240,0.0
zero,0,11,66.0,u700,-31.43722152709961,37.69674301147461,0,1038240,0.0
zero,0,11,66.0,u850,-43.903533935546875,33.363834381103516,0,1038240,0.0
zero,0,11,66.0,u925,-40.434207916259766,33.04189682006836,0,1038240,0.0
zero,0,11,66.0,u1000,-26.21222686767578,22.64877700805664,0,1038240,0.0
zero,0,11,66.0,v50,-22.324941635131836,20.153060913085938,0,1038240,0.0
zero,0,11,66.0,v100,-24.895753860473633,20.706024169921875,0,1038240,0.0
zero,0,11,66.0,v150,-34.85643005371094,33.53907012939453,0,1038240,0.0
zero,0,11,66.0,v200,-47.047386169433594,42.18169021606445,0,1038240,0.0
zero,0,11,66.0,v250,-55.504066467285156,46.780433654785156,0,1038240,0.0
zero,0,11,66.0,v300,-54.3241081237793,51.83675765991211,0,1038240,0.0
zero,0,11,66.0,v400,-52.804443359375,54.36347961425781,0,1038240,0.0
zero,0,11,66.0,v500,-43.6859245300293,47.37936019897461,0,1038240,0.0
zero,0,11,66.0,v600,-37.111087799072266,37.39496994018555,0,1038240,0.0
zero,0,11,66.0,v700,-31.76580238342285,33.332603454589844,0,1038240,0.0
zero,0,11,66.0,v850,-32.43692398071289,35.75955581665039,0,1038240,0.0
zero,0,11,66.0,v925,-30.014949798583984,37.20769119262695,0,1038240,0.0
zero,0,11,66.0,v1000,-23.531673431396484,23.045291900634766,0,1038240,0.0
zero,0,11,66.0,z50,176715.375,208390.640625,0,1038240,0.0
zero,0,11,66.0,z100,140183.53125,166101.3125,0,1038240,0.0
zero,0,11,66.0,z150,117403.375,142017.5625,0,1038240,0.0
zero,0,11,66.0,z200,100558.5234375,123862.203125,0,1038240,0.0
zero,0,11,66.0,z250,87313.8984375,109124.890625,0,1038240,0.0
zero,0,11,66.0,z300,76457.0390625,96616.3203125,0,1038240,0.0
zero,0,11,66.0,z400,58818.08203125,75781.75,0,1038240,0.0
zero,0,11,66.0,z500,44436.0234375,58813.00390625,0,1038240,0.0
zero,0,11,66.0,z600,32365.38671875,44532.1484375,0,1038240,0.0
zero,0,11,66.0,z700,21929.55859375,32306.466796875,0,1038240,0.0
zero,0,11,66.0,z850,8337.44140625,16547.01953125,0,1038240,0.0
zero,0,11,66.0,z925,2315.0615234375,9516.099609375,0,1038240,0.0
zero,0,11,66.0,z1000,-3374.0986328125,3075.517578125,0,1038240,0.0
zero,0,11,66.0,t50,180.39602661132812,236.0895233154297,0,1038240,0.0
zero,0,11,66.0,t100,187.4844970703125,237.63414001464844,0,1038240,0.0
zero,0,11,66.0,t150,191.40760803222656,242.72694396972656,0,1038240,0.0
zero,0,11,66.0,t200,192.88409423828125,242.6237335205078,0,1038240,0.0
zero,0,11,66.0,t250,198.29632568359375,243.61569213867188,0,1038240,0.0
zero,0,11,66.0,t300,202.33663940429688,250.69712829589844,0,1038240,0.0
zero,0,11,66.0,t400,212.8785400390625,265.0557556152344,0,1038240,0.0
zero,0,11,66.0,t500,219.30078125,275.8186340332031,0,1038240,0.0
zero,0,11,66.0,t600,213.015380859375,288.6510009765625,0,1038240,0.0
zero,0,11,66.0,t700,212.1254119873047,299.8362121582031,0,1038240,0.0
zero,0,11,66.0,t850,219.93296813964844,310.3692626953125,0,1038240,0.0
zero,0,11,66.0,t925,223.63720703125,315.61669921875,0,1038240,0.0
zero,0,11,66.0,t1000,227.19186401367188,320.6077575683594,0,1038240,0.0
zero,0,11,66.0,q50,4.3267277760605793e-07,2.025861249421723e-06,0,1038240,0.0
zero,0,11,66.0,q100,1.0109670256497338e-06,5.249768037174363e-06,0,1038240,0.0
zero,0,11,66.0,q150,1.8573518900666386e-07,4.0918886952567846e-05,0,1038240,0.0
zero,0,11,66.0,q200,-8.112525392789394e-06,0.00021313641627784818,10902,1038240,0.010500462320850671
zero,0,11,66.0,q250,-1.3784705515718088e-05,0.0006800378323532641,16591,1038240,0.015979927569733394
zero,0,11,66.0,q300,-2.7969435905106366e-05,0.0016068816184997559,17549,1038240,0.016902642934196334
zero,0,11,66.0,q400,-7.097437628544867e-05,0.004450828768312931,27300,1038240,0.026294498381877023
zero,0,11,66.0,q500,-8.251110557466745e-05,0.007701373193413019,15156,1038240,0.014597780859916783
zero,0,11,66.0,q600,-0.00023067800793796778,0.009797397069633007,17799,1038240,0.01714343504392048
zero,0,11,66.0,q700,-0.0003731141332536936,0.01259494386613369,38366,1038240,0.03695292032670673
zero,0,11,66.0,q850,-0.0006578518077731133,0.018812650814652443,41400,1038240,0.039875173370319004
zero,0,11,66.0,q925,-0.0005487860180437565,0.020310331135988235,47781,1038240,0.04602115117891817
zero,0,11,66.0,q1000,-0.0006351848132908344,0.025939831510186195,41789,1038240,0.04024984589304978
zero,0,12,72.0,u10m,-21.79624366760254,22.072715759277344,0,1038240,0.0
zero,0,12,72.0,v10m,-23.000638961791992,21.246288299560547,0,1038240,0.0
zero,0,12,72.0,u100m,-27.84198760986328,28.054275512695312,0,1038240,0.0
zero,0,12,72.0,v100m,-29.902772903442383,26.557727813720703,0,1038240,0.0
zero,0,12,72.0,t2m,202.27786254882812,320.02008056640625,0,1038240,0.0
zero,0,12,72.0,sp,49049.21875,103852.9375,0,1038240,0.0
zero,0,12,72.0,msl,95902.484375,103811.9140625,0,1038240,0.0
zero,0,12,72.0,tcwv,-2.0361289978027344,76.1798324584961,34061,1038240,0.0328064801972569
zero,0,12,72.0,u50,-30.058475494384766,68.28323364257812,0,1038240,0.0
zero,0,12,72.0,u100,-31.140888214111328,58.460201263427734,0,1038240,0.0
zero,0,12,72.0,u150,-33.441612243652344,69.3653335571289,0,1038240,0.0
zero,0,12,72.0,u200,-35.613525390625,84.2560043334961,0,1038240,0.0
zero,0,12,72.0,u250,-36.69982147216797,83.79649353027344,0,1038240,0.0
zero,0,12,72.0,u300,-32.930694580078125,76.99068450927734,0,1038240,0.0
zero,0,12,72.0,u400,-36.70240783691406,63.464683532714844,0,1038240,0.0
zero,0,12,72.0,u500,-39.51482391357422,53.486595153808594,0,1038240,0.0
zero,0,12,72.0,u600,-35.515830993652344,43.666072845458984,0,1038240,0.0
zero,0,12,72.0,u700,-30.660011291503906,38.68492126464844,0,1038240,0.0
zero,0,12,72.0,u850,-37.32106018066406,32.88412857055664,0,1038240,0.0
zero,0,12,72.0,u925,-35.84368896484375,34.53853225708008,0,1038240,0.0
zero,0,12,72.0,u1000,-21.897315979003906,22.510883331298828,0,1038240,0.0
zero,0,12,72.0,v50,-22.79969596862793,21.01438331604004,0,1038240,0.0
zero,0,12,72.0,v100,-23.980934143066406,21.798559188842773,0,1038240,0.0
zero,0,12,72.0,v150,-35.954219818115234,34.68651580810547,0,1038240,0.0
zero,0,12,72.0,v200,-46.21722412109375,42.730716705322266,0,1038240,0.0
zero,0,12,72.0,v250,-56.18873596191406,48.38077163696289,0,1038240,0.0
zero,0,12,72.0,v300,-56.03044128417969,51.42806625366211,0,1038240,0.0
zero,0,12,72.0,v400,-51.581787109375,50.40361785888672,0,1038240,0.0
zero,0,12,72.0,v500,-43.58616256713867,44.75580596923828,0,1038240,0.0
zero,0,12,72.0,v600,-35.423851013183594,34.78396987915039,0,1038240,0.0
zero,0,12,72.0,v700,-28.99012565612793,30.48494529724121,0,1038240,0.0
zero,0,12,72.0,v850,-30.65569305419922,31.600271224975586,0,1038240,0.0
zero,0,12,72.0,v925,-30.312503814697266,33.00041198730469,0,1038240,0.0
zero,0,12,72.0,v1000,-23.28748893737793,21.243566513061523,0,1038240,0.0
zero,0,12,72.0,z50,176656.875,208413.6875,0,1038240,0.0
zero,0,12,72.0,z100,140199.5,165985.703125,0,1038240,0.0
zero,0,12,72.0,z150,117400.7265625,141872.28125,0,1038240,0.0
zero,0,12,72.0,z200,100552.375,123870.6328125,0,1038240,0.0
zero,0,12,72.0,z250,87312.046875,109257.96875,0,1038240,0.0
zero,0,12,72.0,z300,76451.59375,96720.8046875,0,1038240,0.0
zero,0,12,72.0,z400,59034.51171875,75812.78125,0,1038240,0.0
zero,0,12,72.0,z500,44654.38671875,58781.4609375,0,1038240,0.0
zero,0,12,72.0,z600,32617.345703125,44571.6796875,0,1038240,0.0
zero,0,12,72.0,z700,22232.4921875,32338.86328125,0,1038240,0.0
zero,0,12,72.0,z850,8620.046875,16548.873046875,0,1038240,0.0
zero,0,12,72.0,z925,2596.751953125,9509.4755859375,0,1038240,0.0
zero,0,12,72.0,z1000,-3120.3125,3073.46044921875,0,1038240,0.0
zero,0,12,72.0,t50,180.0858154296875,236.2884979248047,0,1038240,0.0
zero,0,12,72.0,t100,186.95401000976562,238.22975158691406,0,1038240,0.0
zero,0,12,72.0,t150,191.1875762939453,243.19630432128906,0,1038240,0.0
zero,0,12,72.0,t200,192.02981567382812,243.42440795898438,0,1038240,0.0
zero,0,12,72.0,t250,197.93307495117188,243.84396362304688,0,1038240,0.0
zero,0,12,72.0,t300,201.8430938720703,250.83633422851562,0,1038240,0.0
zero,0,12,72.0,t400,212.04330444335938,264.32330322265625,0,1038240,0.0
zero,0,12,72.0,t500,219.2464599609375,275.00604248046875,0,1038240,0.0
zero,0,12,72.0,t600,211.74298095703125,286.7428894042969,0,1038240,0.0
zero,0,12,72.0,t700,211.21530151367188,295.1944885253906,0,1038240,0.0
zero,0,12,72.0,t850,219.19915771484375,309.7471923828125,0,1038240,0.0
zero,0,12,72.0,t925,222.74710083007812,314.9470520019531,0,1038240,0.0
zero,0,12,72.0,t1000,226.2602996826172,319.82550048828125,0,1038240,0.0
zero,0,12,72.0,q50,4.610969881468918e-07,2.0345073608041275e-06,0,1038240,0.0
zero,0,12,72.0,q100,1.0658609426172916e-06,5.044582394475583e-06,0,1038240,0.0
zero,0,12,72.0,q150,3.607442522479687e-07,3.474991171970032e-05,0,1038240,0.0
zero,0,12,72.0,q200,-6.7954570113215595e-06,0.00020054803462699056,10096,1038240,0.009724148559100015
zero,0,12,72.0,q250,-1.2485306797316298e-05,0.0006795689114369452,18569,1038240,0.017885074741870857
zero,0,12,72.0,q300,-2.3256201529875398e-05,0.0015896722907200456,19650,1038240,0.018926259824318076
zero,0,12,72.0,q400,-4.8160116421058774e-05,0.004279779735952616,24555,1038240,0.023650601017105873
zero,0,12,72.0,q500,-8.140539284795523e-05,0.0073349252343177795,14125,1038240,0.013604754199414393
zero,0,12,72.0,q600,-0.00019334221724420786,0.009922751225531101,17400,1038240,0.01675913083680074
zero,0,12,72.0,q700,-0.00042011518962681293,0.012729700654745102,28932,1038240,0.027866389274156265
zero,0,12,72.0,q850,-0.0006082113832235336,0.018417587503790855,36083,1038240,0.03475400678070581
zero,0,12,72.0,q925,-0.0005898694507777691,0.02036883868277073,40341,1038240,0.03885517799352751
zero,0,12,72.0,q1000,-0.0006419899873435497,0.025858687236905098,37466,1038240,0.0360860687316998
zero,0,13,78.0,u10m,-18.569259643554688,20.620540618896484,0,1038240,0.0
zero,0,13,78.0,v10m,-25.451242446899414,18.587345123291016,0,1038240,0.0
zero,0,13,78.0,u100m,-24.83624267578125,25.920656204223633,0,1038240,0.0
zero,0,13,78.0,v100m,-32.228858947753906,23.24692726135254,0,1038240,0.0
zero,0,13,78.0,t2m,202.70237731933594,316.01580810546875,0,1038240,0.0
zero,0,13,78.0,sp,49067.75,103782.9140625,0,1038240,0.0
zero,0,13,78.0,msl,95951.3046875,103743.8515625,0,1038240,0.0
zero,0,13,78.0,tcwv,-1.9851264953613281,75.17382049560547,33569,1038240,0.032332601325319774
zero,0,13,78.0,u50,-31.892898559570312,68.86507415771484,0,1038240,0.0
zero,0,13,78.0,u100,-31.24679946899414,57.026180267333984,0,1038240,0.0
zero,0,13,78.0,u150,-34.15351104736328,69.36675262451172,0,1038240,0.0
zero,0,13,78.0,u200,-36.01458740234375,84.66136932373047,0,1038240,0.0
zero,0,13,78.0,u250,-36.99419403076172,83.81900024414062,0,1038240,0.0
zero,0,13,78.0,u300,-33.27984619140625,77.3450927734375,0,1038240,0.0
zero,0,13,78.0,u400,-36.31990051269531,60.33009338378906,0,1038240,0.0
zero,0,13,78.0,u500,-40.59070587158203,51.88328170776367,0,1038240,0.0
zero,0,13,78.0,u600,-37.164527893066406,45.3140869140625,0,1038240,0.0
zero,0,13,78.0,u700,-29.93541717529297,38.789466857910156,0,1038240,0.0
zero,0,13,78.0,u850,-31.945039749145508,34.76224136352539,0,1038240,0.0
zero,0,13,78.0,u925,-30.402053833007812,33.257469177246094,0,1038240,0.0
zero,0,13,78.0,u1000,-20.550256729125977,24.004507064819336,0,1038240,0.0
zero,0,13,78.0,v50,-22.98807144165039,19.61348533630371,0,1038240,0.0
zero,0,13,78.0,v100,-22.14203643798828,22.17285919189453,0,1038240,0.0
zero,0,13,78.0,v150,-34.877769470214844,35.47475814819336,0,1038240,0.0
zero,0,13,78.0,v200,-44.45830154418945,43.97752380371094,0,1038240,0.0
zero,0,13,78.0,v250,-56.09941101074219,46.65704345703125,0,1038240,0.0
zero,0,13,78.0,v300,-56.247154235839844,49.880584716796875,0,1038240,0.0
zero,0,13,78.0,v400,-59.763519287109375,49.13238525390625,0,1038240,0.0
zero,0,13,78.0,v500,-50.65699005126953,43.4079475402832,0,1038240,0.0
zero,0,13,78.0,v600,-35.54153823852539,32.952911376953125,0,1038240,0.0
zero,0,13,78.0,v700,-32.454368591308594,29.902551651000977,0,1038240,0.0
zero,0,13,78.0,v850,-35.408103942871094,28.97873878479004,0,1038240,0.0
zero,0,13,78.0,v925,-32.46934127807617,29.486730575561523,0,1038240,0.0
zero,0,13,78.0,v1000,-25.88256072998047,21.009811401367188,0,1038240,0.0
zero,0,13,78.0,z50,176674.625,208528.234375,0,1038240,0.0
zero,0,13,78.0,z100,140175.40625,166109.5625,0,1038240,0.0
zero,0,13,78.0,z150,117350.671875,142001.40625,0,1038240,0.0
zero,0,13,78.0,z200,100511.6484375,123846.7109375,0,1038240,0.0
zero,0,13,78.0,z250,87264.546875,109248.25,0,1038240,0.0
zero,0,13,78.0,z300,76413.625,96728.09375,0,1038240,0.0
zero,0,13,78.0,z400,59143.0859375,75855.515625,0,1038240,0.0
zero,0,13,78.0,z500,44790.68359375,58847.0234375,0,1038240,0.0
zero,0,13,78.0,z600,32763.52734375,44535.83203125,0,1038240,0.0
zero,0,13,78.0,z700,22363.9296875,32306.50390625,0,1038240,0.0
zero,0,13,78.0,z850,8756.921875,16498.05859375,0,1038240,0.0
zero,0,13,78.0,z925,2766.55224609375,9447.6171875,0,1038240,0.0
zero,0,13,78.0,z1000,-3228.220703125,3017.013671875,0,1038240,0.0
zero,0,13,78.0,t50,179.92208862304688,236.676025390625,0,1038240,0.0
zero,0,13,78.0,t100,185.74984741210938,238.62351989746094,0,1038240,0.0
zero,0,13,78.0,t150,188.84133911132812,244.0372314453125,0,1038240,0.0
zero,0,13,78.0,t200,191.53622436523438,244.09890747070312,0,1038240,0.0
zero,0,13,78.0,t250,197.80780029296875,244.03274536132812,0,1038240,0.0
zero,0,13,78.0,t300,201.7696533203125,250.62948608398438,0,1038240,0.0
zero,0,13,78.0,t400,211.9027557373047,264.6112365722656,0,1038240,0.0
zero,0,13,78.0,t500,218.95086669921875,276.28082275390625,0,1038240,0.0
zero,0,13,78.0,t600,209.41213989257812,288.277099609375,0,1038240,0.0
zero,0,13,78.0,t700,212.03408813476562,299.9707336425781,0,1038240,0.0
zero,0,13,78.0,t850,219.88209533691406,312.27874755859375,0,1038240,0.0
zero,0,13,78.0,t925,223.50108337402344,317.04229736328125,0,1038240,0.0
zero,0,13,78.0,t1000,227.0367889404297,322.05230712890625,0,1038240,0.0
zero,0,13,78.0,q50,4.939229256706312e-07,2.042350160991191e-06,0,1038240,0.0
zero,0,13,78.0,q100,1.0694191132643027e-06,4.859754426433938e-06,0,1038240,0.0
zero,0,13,78.0,q150,2.370784386585001e-07,3.603204095270485e-05,0,1038240,0.0
zero,0,13,78.0,q200,-7.116957931430079e-06,0.0001989198790397495,9826,1038240,0.009464093080597934
zero,0,13,78.0,q250,-9.41460530157201e-06,0.000676727679092437,19731,1038240,0.0190042764678687
zero,0,13,78.0,q300,-2.4745429982431233e-05,0.0015804253052920103,19969,1038240,0.01923351055632609
zero,0,13,78.0,q400,-4.055091994814575e-05,0.00421800184994936,26148,1038240,0.025184928340268146
zero,0,13,78.0,q500,-0.00011928105959668756,0.007834025658667088,13505,1038240,0.013007589767298506
zero,0,13,78.0,q600,-0.00019781605806201696,0.01131477952003479,14500,1038240,0.013965942364000616
zero,0,13,78.0,q700,-0.00038469256833195686,0.013245174661278725,34700,1038240,0.03342194482971182
zero,0,13,78.0,q850,-0.0006101983599364758,0.018512867391109467,39998,1038240,0.038524811218985974
zero,0,13,78.0,q925,-0.0005554314702749252,0.02108200080692768,48931,1038240,0.04712879488364925
zero,0,13,78.0,q1000,-0.0006105131469666958,0.025904269888997078,39512,1038240,0.03805671135768223
zero,0,14,84.0,u10m,-22.23958969116211,19.307485580444336,0,1038240,0.0
zero,0,14,84.0,v10m,-24.451448440551758,17.101167678833008,0,1038240,0.0
zero,0,14,84.0,u100m,-29.01654815673828,24.297542572021484,0,1038240,0.0
zero,0,14,84.0,v100m,-31.17430305480957,20.948410034179688,0,1038240,0.0
zero,0,14,84.0,t2m,202.88592529296875,321.6744384765625,0,1038240,0.0
zero,0,14,84.0,sp,48978.89453125,103760.8359375,0,1038240,0.0
zero,0,14,84.0,msl,95897.2109375,103731.9140625,0,1038240,0.0
zero,0,14,84.0,tcwv,-2.092081069946289,75.51634216308594,31909,1038240,0.030733741716751424
zero,0,14,84.0,u50,-30.292709350585938,68.08882141113281,0,1038240,0.0
zero,0,14,84.0,u100,-30.957565307617188,55.834022521972656,0,1038240,0.0
zero,0,14,84.0,u150,-35.045936584472656,69.23927307128906,0,1038240,0.0
zero,0,14,84.0,u200,-36.04718780517578,86.0697250366211,0,1038240,0.0
zero,0,14,84.0,u250,-36.54533386230469,85.97525024414062,0,1038240,0.0
zero,0,14,84.0,u300,-32.56271743774414,79.60595703125,0,1038240,0.0
zero,0,14,84.0,u400,-39.66316223144531,59.257080078125,0,1038240,0.0
zero,0,14,84.0,u500,-36.879764556884766,51.26533126831055,0,1038240,0.0
zero,0,14,84.0,u600,-33.98063278198242,45.13752746582031,0,1038240,0.0
zero,0,14,84.0,u700,-28.117450714111328,38.55241394042969,0,1038240,0.0
zero,0,14,84.0,u850,-32.71063232421875,36.40597915649414,0,1038240,0.0
zero,0,14,84.0,u925,-34.62804412841797,30.539587020874023,0,1038240,0.0
zero,0,14,84.0,u1000,-21.4665470123291,22.446949005126953,0,1038240,0.0
zero,0,14,84.0,v50,-23.4541072845459,20.557754516601562,0,1038240,0.0
zero,0,14,84.0,v100,-21.512588500976562,21.63664436340332,0,1038240,0.0
zero,0,14,84.0,v150,-35.233055114746094,36.795955657958984,0,1038240,0.0
zero,0,14,84.0,v200,-45.00654602050781,47.14646911621094,0,1038240,0.0
zero,0,14,84.0,v250,-54.22856521606445,46.88444900512695,0,1038240,0.0
zero,0,14,84.0,v300,-56.26841735839844,45.469783782958984,0,1038240,0.0
zero,0,14,84.0,v400,-60.543922424316406,47.010589599609375,0,1038240,0.0
zero,0,14,84.0,v500,-51.64397430419922,42.17451858520508,0,1038240,0.0
zero,0,14,84.0,v600,-39.569610595703125,36.14905548095703,0,1038240,0.0
zero,0,14,84.0,v700,-34.35677719116211,30.968000411987305,0,1038240,0.0
zero,0,14,84.0,v850,-36.80828094482422,26.325286865234375,0,1038240,0.0
zero,0,14,84.0,v925,-31.378049850463867,27.413875579833984,0,1038240,0.0
zero,0,14,84.0,v1000,-24.90189552307129,18.693622589111328,0,1038240,0.0
zero,0,14,84.0,z50,176582.015625,208633.671875,0,1038240,0.0
zero,0,14,84.0,z100,140189.78125,166245.75,0,1038240,0.0
zero,0,14,84.0,z150,117372.09375,142230.640625,0,1038240,0.0
zero,0,14,84.0,z200,100528.4296875,123952.5390625,0,1038240,0.0
zero,0,14,84.0,z250,87283.3671875,109064.421875,0,1038240,0.0
zero,0,14,84.0,z300,76424.9375,96556.0234375,0,1038240,0.0
zero,0,14,84.0,z400,59136.31640625,75707.7890625,0,1038240,0.0
zero,0,14,84.0,z500,45049.17578125,58726.01953125,0,1038240,0.0
zero,0,14,84.0,z600,32988.4453125,44499.359375,0,1038240,0.0
zero,0,14,84.0,z700,22603.890625,32282.615234375,0,1038240,0.0
zero,0,14,84.0,z850,8878.9296875,16489.6015625,0,1038240,0.0
zero,0,14,84.0,z925,2654.6240234375,9435.341796875,0,1038240,0.0
zero,0,14,84.0,z1000,-3264.7548828125,3006.8798828125,0,1038240,0.0
zero,0,14,84.0,t50,179.22239685058594,237.06179809570312,0,1038240,0.0
zero,0,14,84.0,t100,184.4710693359375,239.11561584472656,0,1038240,0.0
zero,0,14,84.0,t150,187.578857421875,243.90216064453125,0,1038240,0.0
zero,0,14,84.0,t200,192.18045043945312,243.7438201904297,0,1038240,0.0
zero,0,14,84.0,t250,197.80763244628906,244.49330139160156,0,1038240,0.0
zero,0,14,84.0,t300,202.17333984375,251.1168975830078,0,1038240,0.0
zero,0,14,84.0,t400,211.9483184814453,265.8208312988281,0,1038240,0.0
zero,0,14,84.0,t500,218.78817749023438,278.5989685058594,0,1038240,0.0
zero,0,14,84.0,t600,209.20188903808594,291.1495361328125,0,1038240,0.0
zero,0,14,84.0,t700,213.5719757080078,302.830322265625,0,1038240,0.0
zero,0,14,84.0,t850,221.50599670410156,313.3919677734375,0,1038240,0.0
zero,0,14,84.0,t925,225.04214477539062,318.3984375,0,1038240,0.0
zero,0,14,84.0,t1000,228.63392639160156,323.54998779296875,0,1038240,0.0
zero,0,14,84.0,q50,5.269932898954721e-07,2.0471190964599373e-06,0,1038240,0.0
zero,0,14,84.0,q100,1.0383459994045552e-06,4.718069249065593e-06,0,1038240,0.0
zero,0,14,84.0,q150,2.4588644009782e-07,4.481427822611295e-05,0,1038240,0.0
zero,0,14,84.0,q200,-6.6900174715556204e-06,0.00022732643992640078,11111,1038240,0.010701764524580059
zero,0,14,84.0,q250,-1.2184533261461183e-05,0.0006438971613533795,19096,1038240,0.018392664509169362
zero,0,14,84.0,q300,-2.8757305699400604e-05,0.001530577428638935,20923,1038240,0.02015237324703344
zero,0,14,84.0,q400,-0.00014109149924479425,0.004131725057959557,28034,1038240,0.027001464016027123
zero,0,14,84.0,q500,-0.00015863834414631128,0.007905367761850357,13186,1038240,0.01270033903529049
zero,0,14,84.0,q600,-0.0001634268555790186,0.010196131654083729,13266,1038240,0.012777392510402219
zero,0,14,84.0,q700,-0.00038368371315300465,0.013229485601186752,26406,1038240,0.02543342579750347
zero,0,14,84.0,q850,-0.0004629967734217644,0.018705690279603004,37719,1038240,0.03632975034674064
zero,0,14,84.0,q925,-0.0005223853513598442,0.021260902285575867,46600,1038240,0.044883649252581294
zero,0,14,84.0,q1000,-0.0006105704233050346,0.02545034885406494,35289,1038240,0.033989251040221914
zero,0,15,90.0,u10m,-25.08003044128418,18.444461822509766,0,1038240,0.0
zero,0,15,90.0,v10m,-22.06021499633789,17.245832443237305,0,1038240,0.0
zero,0,15,90.0,u100m,-32.229122161865234,23.09794044494629,0,1038240,0.0
zero,0,15,90.0,v100m,-27.834177017211914,21.155216217041016,0,1038240,0.0
zero,0,15,90.0,t2m,202.80824279785156,320.7934265136719,0,1038240,0.0
zero,0,15,90.0,sp,49108.0078125,103720.0390625,0,1038240,0.0
zero,0,15,90.0,msl,95620.5078125,103684.9375,0,1038240,0.0
zero,0,15,90.0,tcwv,-2.0752525329589844,77.9925537109375,28560,1038240,0.02750809061488673
zero,0,15,90.0,u50,-30.231182098388672,69.27913665771484,0,1038240,0.0
zero,0,15,90.0,u100,-31.86286163330078,56.26702880859375,0,1038240,0.0
zero,0,15,90.0,u150,-39.648704528808594,71.27079772949219,0,1038240,0.0
zero,0,15,90.0,u200,-35.00023651123047,86.29097747802734,0,1038240,0.0
zero,0,15,90.0,u250,-35.416996002197266,86.15830993652344,0,1038240,0.0
zero,0,15,90.0,u300,-41.125770568847656,81.04948425292969,0,1038240,0.0
zero,0,15,90.0,u400,-42.51512145996094,58.4766845703125,0,1038240,0.0
zero,0,15,90.0,u500,-35.952640533447266,49.03740692138672,0,1038240,0.0
zero,0,15,90.0,u600,-27.211074829101562,42.318328857421875,0,1038240,0.0
zero,0,15,90.0,u700,-29.632244110107422,38.35588455200195,0,1038240,0.0
zero,0,15,90.0,u850,-38.090538024902344,37.11991500854492,0,1038240,0.0
zero,0,15,90.0,u925,-38.52544021606445,31.08654022216797,0,1038240,0.0
zero,0,15,90.0,u1000,-24.382408142089844,20.271766662597656,0,1038240,0.0
zero,0,15,90.0,v50,-23.28314781188965,19.650592803955078,0,1038240,0.0
zero,0,15,90.0,v100,-19.013471603393555,23.164443969726562,0,1038240,0.0
zero,0,15,90.0,v150,-34.864845275878906,35.625545501708984,0,1038240,0.0
zero,0,15,90.0,v200,-43.09724807739258,47.2142219543457,0,1038240,0.0
zero,0,15,90.0,v250,-53.6983642578125,54.50640106201172,0,1038240,0.0
zero,0,15,90.0,v300,-53.61213302612305,56.1181755065918,0,1038240,0.0
zero,0,15,90.0,v400,-57.52791213989258,51.13086700439453,0,1038240,0.0
zero,0,15,90.0,v500,-52.386512756347656,46.56179428100586,0,1038240,0.0
zero,0,15,90.0,v600,-42.28843688964844,39.31501007080078,0,1038240,0.0
zero,0,15,90.0,v700,-33.358245849609375,31.439626693725586,0,1038240,0.0
zero,0,15,90.0,v850,-33.25934600830078,26.967453002929688,0,1038240,0.0
zero,0,15,90.0,v925,-32.390342712402344,27.431964874267578,0,1038240,0.0
zero,0,15,90.0,v1000,-22.1315860748291,19.444095611572266,0,1038240,0.0
zero,0,15,90.0,z50,176510.171875,208529.515625,0,1038240,0.0
zero,0,15,90.0,z100,140157.96875,166369.96875,0,1038240,0.0
zero,0,15,90.0,z150,117318.8515625,142241.015625,0,1038240,0.0
zero,0,15,90.0,z200,100456.796875,123970.5625,0,1038240,0.0
zero,0,15,90.0,z250,87193.2109375,109190.078125,0,1038240,0.0
zero,0,15,90.0,z300,76307.6484375,96678.2421875,0,1038240,0.0
zero,0,15,90.0,z400,59019.98046875,75823.40625,0,1038240,0.0
zero,0,15,90.0,z500,45261.140625,58826.59765625,0,1038240,0.0
zero,0,15,90.0,z600,33204.41015625,44417.77734375,0,1038240,0.0
zero,0,15,90.0,z700,22610.33984375,32206.7734375,0,1038240,0.0
zero,0,15,90.0,z850,8607.224609375,16435.208984375,0,1038240,0.0
zero,0,15,90.0,z925,2410.75732421875,9387.978515625,0,1038240,0.0
zero,0,15,90.0,z1000,-3386.13037109375,2969.80810546875,0,1038240,0.0
zero,0,15,90.0,t50,179.15597534179688,237.39547729492188,0,1038240,0.0
zero,0,15,90.0,t100,184.40762329101562,239.3587646484375,0,1038240,0.0
zero,0,15,90.0,t150,186.70986938476562,244.26194763183594,0,1038240,0.0
zero,0,15,90.0,t200,192.80947875976562,243.5218505859375,0,1038240,0.0
zero,0,15,90.0,t250,198.01080322265625,244.6913604736328,0,1038240,0.0
zero,0,15,90.0,t300,202.3616485595703,250.4105224609375,0,1038240,0.0
zero,0,15,90.0,t400,211.86886596679688,264.7266540527344,0,1038240,0.0
zero,0,15,90.0,t500,218.0529022216797,275.403076171875,0,1038240,0.0
zero,0,15,90.0,t600,208.31704711914062,287.37969970703125,0,1038240,0.0
zero,0,15,90.0,t700,213.63662719726562,296.9383544921875,0,1038240,0.0
zero,0,15,90.0,t850,222.48069763183594,309.2781677246094,0,1038240,0.0
zero,0,15,90.0,t925,226.1573486328125,314.97100830078125,0,1038240,0.0
zero,0,15,90.0,t1000,229.302734375,320.39666748046875,0,1038240,0.0
zero,0,15,90.0,q50,5.626811798720155e-07,2.0599695744749624e-06,0,1038240,0.0
zero,0,15,90.0,q100,1.02566218629363e-06,4.6465956984320655e-06,0,1038240,0.0
zero,0,15,90.0,q150,-1.31154138216516e-07,4.122123937122524e-05,6,1038240,5.779010633379566e-06
zero,0,15,90.0,q200,-7.5499792728805915e-06,0.00021608415408991277,11089,1038240,0.010680574818924333
zero,0,15,90.0,q250,-1.2610584235517308e-05,0.0006970620015636086,17717,1038240,0.01706445523193096
zero,0,15,90.0,q300,-3.3442338462919e-05,0.0015132222324609756,19719,1038240,0.01899271844660194
zero,0,15,90.0,q400,-6.335970829240978e-05,0.004264745861291885,31116,1038240,0.029969949144706427
zero,0,15,90.0,q500,-0.00011788890697062016,0.007594159804284573,13242,1038240,0.0127542764678687
zero,0,15,90.0,q600,-0.00021716835908591747,0.0100321089848876,14563,1038240,0.014026621975651101
zero,0,15,90.0,q700,-0.00042190123349428177,0.013044686987996101,36115,1038240,0.0347848281707505
zero,0,15,90.0,q850,-0.000522972084581852,0.0186636783182621,40930,1038240,0.0394224842040376
zero,0,15,90.0,q925,-0.00044853612780570984,0.02105565369129181,51699,1038240,0.04979484512251502
zero,0,15,90.0,q1000,-0.0005161343142390251,0.02536056376993656,39706,1038240,0.03824356603482817
zero,0,16,96.0,u10m,-22.474075317382812,18.969070434570312,0,1038240,0.0
zero,0,16,96.0,v10m,-20.35141372680664,21.257661819458008,0,1038240,0.0
zero,0,16,96.0,u100m,-29.5142822265625,23.261259078979492,0,1038240,0.0
zero,0,16,96.0,v100m,-25.807470321655273,26.9627742767334,0,1038240,0.0
zero,0,16,96.0,t2m,202.68203735351562,317.02142333984375,0,1038240,0.0
zero,0,16,96.0,sp,48952.83984375,103675.3515625,0,1038240,0.0
zero,0,16,96.0,msl,95425.921875,103646.140625,0,1038240,0.0
zero,0,16,96.0,tcwv,-2.550661087036133,76.43809509277344,36505,1038240,0.03516046386192017
zero,0,16,96.0,u50,-30.54467010498047,68.73957824707031,0,1038240,0.0
zero,0,16,96.0,u100,-31.418987274169922,57.55498504638672,0,1038240,0.0
zero,0,16,96.0,u150,-40.404640197753906,73.51761627197266,0,1038240,0.0
zero,0,16,96.0,u200,-34.44037628173828,85.09452056884766,0,1038240,0.0
zero,0,16,96.0,u250,-34.706703186035156,86.79795837402344,0,1038240,0.0
zero,0,16,96.0,u300,-34.39015197753906,80.32971954345703,0,1038240,0.0
zero,0,16,96.0,u400,-42.353179931640625,59.463233947753906,0,1038240,0.0
zero,0,16,96.0,u500,-36.61579895019531,49.743343353271484,0,1038240,0.0
zero,0,16,96.0,u600,-32.432586669921875,42.056358337402344,0,1038240,0.0
zero,0,16,96.0,u700,-34.90666198730469,39.47418975830078,0,1038240,0.0
zero,0,16,96.0,u850,-40.709808349609375,38.909061431884766,0,1038240,0.0
zero,0,16,96.0,u925,-33.29780578613281,32.90504455566406,0,1038240,0.0
zero,0,16,96.0,u1000,-22.352340698242188,19.91145896911621,0,1038240,0.0
zero,0,16,96.0,v50,-22.653240203857422,21.10773468017578,0,1038240,0.0
zero,0,16,96.0,v100,-17.90554428100586,25.312650680541992,0,1038240,0.0
zero,0,16,96.0,v150,-33.919456481933594,37.354801177978516,0,1038240,0.0
zero,0,16,96.0,v200,-42.5847053527832,50.35261154174805,0,1038240,0.0
zero,0,16,96.0,v250,-53.11116027832031,57.73219299316406,0,1038240,0.0
zero,0,16,96.0,v300,-51.451072692871094,61.19480514526367,0,1038240,0.0
zero,0,16,96.0,v400,-56.152252197265625,52.86784744262695,0,1038240,0.0
zero,0,16,96.0,v500,-49.90711975097656,50.397274017333984,0,1038240,0.0
zero,0,16,96.0,v600,-39.086631774902344,42.983646392822266,0,1038240,0.0
zero,0,16,96.0,v700,-32.85019302368164,33.746429443359375,0,1038240,0.0
zero,0,16,96.0,v850,-31.346792221069336,31.536405563354492,0,1038240,0.0
zero,0,16,96.0,v925,-31.026241302490234,30.920602798461914,0,1038240,0.0
zero,0,16,96.0,v1000,-20.61593246459961,20.970041275024414,0,1038240,0.0
zero,0,16,96.0,z50,176400.21875,208514.359375,0,1038240,0.0
zero,0,16,96.0,z100,140138.5625,166236.875,0,1038240,0.0
zero,0,16,96.0,z150,117288.609375,142087.765625,0,1038240,0.0
zero,0,16,96.0,z200,100395.4453125,123890.734375,0,1038240,0.0
zero,0,16,96.0,z250,87118.65625,109254.1171875,0,1038240,0.0
zero,0,16,96.0,z300,76239.6484375,96697.921875,0,1038240,0.0
zero,0,16,96.0,z400,58993.7734375,75753.21875,0,1038240,0.0
zero,0,16,96.0,z500,45084.52734375,58690.9453125,0,1038240,0.0
zero,0,16,96.0,z600,32959.46484375,44428.85546875,0,1038240,0.0
zero,0,16,96.0,z700,22350.96484375,32211.166015625,0,1038240,0.0
zero,0,16,96.0,z850,8405.9375,16431.43359375,0,1038240,0.0
zero,0,16,96.0,z925,2246.26953125,9378.0322265625,0,1038240,0.0
zero,0,16,96.0,z1000,-3654.23681640625,2943.966796875,0,1038240,0.0
zero,0,16,96.0,t50,179.30126953125,237.5140838623047,0,1038240,0.0
zero,0,16,96.0,t100,184.82789611816406,239.85289001464844,0,1038240,0.0
zero,0,16,96.0,t150,186.85302734375,244.4467010498047,0,1038240,0.0
zero,0,16,96.0,t200,193.36785888671875,243.46102905273438,0,1038240,0.0
zero,0,16,96.0,t250,198.1512451171875,245.0250244140625,0,1038240,0.0
zero,0,16,96.0,t300,202.56077575683594,250.17474365234375,0,1038240,0.0
zero,0,16,96.0,t400,211.17877197265625,264.29669189453125,0,1038240,0.0
zero,0,16,96.0,t500,217.80747985839844,275.3083190917969,0,1038240,0.0
zero,0,16,96.0,t600,207.2651824951172,284.9672546386719,0,1038240,0.0
zero,0,16,96.0,t700,213.85350036621094,293.6943664550781,0,1038240,0.0
zero,0,16,96.0,t850,222.34622192382812,310.2032775878906,0,1038240,0.0
zero,0,16,96.0,t925,226.05995178222656,315.1363525390625,0,1038240,0.0
zero,0,16,96.0,t1000,229.249267578125,320.01678466796875,0,1038240,0.0
zero,0,16,96.0,q50,5.959543614153517e-07,2.0785648757737363e-06,0,1038240,0.0
zero,0,16,96.0,q100,1.0224592870144988e-06,4.635814548237249e-06,0,1038240,0.0
zero,0,16,96.0,q150,-8.632027856947388e-07,3.53189607267268e-05,18,1038240,1.7337031900138696e-05
zero,0,16,96.0,q200,-8.215050911530852e-06,0.00019065501692239195,12490,1038240,0.012029973801818462
zero,0,16,96.0,q250,-1.2679196515819058e-05,0.0006711882306262851,16417,1038240,0.015812336261365387
zero,0,16,96.0,q300,-3.0429160688072443e-05,0.0015222744550555944,20071,1038240,0.019331753737093543
zero,0,16,96.0,q400,-5.194018012844026e-05,0.004127090331166983,23189,1038240,0.022334912929573125
zero,0,16,96.0,q500,-0.00010832981206476688,0.007284155581146479,13236,1038240,0.012748497457235322
zero,0,16,96.0,q600,-0.0002591616939753294,0.009956177324056625,16285,1038240,0.015685198027431037
zero,0,16,96.0,q700,-0.00045000528916716576,0.012691177427768707,32264,1038240,0.031075666512559715
zero,0,16,96.0,q850,-0.0007223454304039478,0.018846888095140457,44007,1038240,0.042386153490522424
zero,0,16,96.0,q925,-0.000544773880392313,0.02205169014632702,50768,1038240,0.0488981353059023
zero,0,16,96.0,q1000,-0.000577055849134922,0.025569362565875053,45659,1038240,0.0439773077515796
zero,0,17,102.0,u10m,-20.452238082885742,21.105030059814453,0,1038240,0.0
zero,0,17,102.0,v10m,-18.147756576538086,20.100069046020508,0,1038240,0.0
zero,0,17,102.0,u100m,-26.947351455688477,26.942861557006836,0,1038240,0.0
zero,0,17,102.0,v100m,-23.189876556396484,24.537864685058594,0,1038240,0.0
zero,0,17,102.0,t2m,202.48294067382812,314.726806640625,0,1038240,0.0
zero,0,17,102.0,sp,48953.71484375,103567.453125,0,1038240,0.0
zero,0,17,102.0,msl,95323.9296875,103542.5703125,0,1038240,0.0
zero,0,17,102.0,tcwv,-2.539052963256836,76.61666870117188,41111,1038240,0.03959681769147789
zero,0,17,102.0,u50,-31.936546325683594,70.77770233154297,0,1038240,0.0
zero,0,17,102.0,u100,-31.359088897705078,59.46858215332031,0,1038240,0.0
zero,0,17,102.0,u150,-39.88264465332031,73.352294921875,0,1038240,0.0
zero,0,17,102.0,u200,-33.14563751220703,85.62171936035156,0,1038240,0.0
zero,0,17,102.0,u250,-34.04746627807617,86.94436645507812,0,1038240,0.0
zero,0,17,102.0,u300,-37.02272415161133,80.27560424804688,0,1038240,0.0
zero,0,17,102.0,u400,-40.682579040527344,59.89916229248047,0,1038240,0.0
zero,0,17,102.0,u500,-39.180908203125,49.35222625732422,0,1038240,0.0
zero,0,17,102.0,u600,-34.938499450683594,42.5914421081543,0,1038240,0.0
zero,0,17,102.0,u700,-34.55389404296875,39.060630798339844,0,1038240,0.0
zero,0,17,102.0,u850,-35.09437942504883,37.084739685058594,0,1038240,0.0
zero,0,17,102.0,u925,-32.32777786254883,32.73314666748047,0,1038240,0.0
zero,0,17,102.0,u1000,-20.739484786987305,21.09910011291504,0,1038240,0.0
zero,0,17,102.0,v50,-22.20673942565918,21.752182006835938,0,1038240,0.0
zero,0,17,102.0,v100,-19.331127166748047,25.936397552490234,0,1038240,0.0
zero,0,17,102.0,v150,-37.20642852783203,34.265899658203125,0,1038240,0.0
zero,0,17,102.0,v200,-43.089813232421875,49.48123550415039,0,1038240,0.0
zero,0,17,102.0,v250,-53.40550994873047,56.769432067871094,0,1038240,0.0
zero,0,17,102.0,v300,-46.55559158325195,61.842437744140625,0,1038240,0.0
zero,0,17,102.0,v400,-48.72575378417969,57.23585891723633,0,1038240,0.0
zero,0,17,102.0,v500,-46.17031478881836,49.03868103027344,0,1038240,0.0
zero,0,17,102.0,v600,-37.59957504272461,41.06836700439453,0,1038240,0.0
zero,0,17,102.0,v700,-31.033674240112305,32.774173736572266,0,1038240,0.0
zero,0,17,102.0,v850,-29.893400192260742,30.734256744384766,0,1038240,0.0
zero,0,17,102.0,v925,-30.83200454711914,27.466745376586914,0,1038240,0.0
zero,0,17,102.0,v1000,-21.287944793701172,19.809412002563477,0,1038240,0.0
zero,0,17,102.0,z50,176375.703125,208561.09375,0,1038240,0.0
zero,0,17,102.0,z100,140050.765625,166289.40625,0,1038240,0.0
zero,0,17,102.0,z150,117173.21875,142155.71875,0,1038240,0.0
zero,0,17,102.0,z200,100264.34375,123873.875,0,1038240,0.0
zero,0,17,102.0,z250,86975.890625,109149.4609375,0,1038240,0.0
zero,0,17,102.0,z300,76116.6640625,96610.4375,0,1038240,0.0
zero,0,17,102.0,z400,58921.58984375,75721.125,0,1038240,0.0
zero,0,17,102.0,z500,44976.76953125,58699.66796875,0,1038240,0.0
zero,0,17,102.0,z600,32868.703125,44351.859375,0,1038240,0.0
zero,0,17,102.0,z700,22294.9296875,32141.091796875,0,1038240,0.0
zero,0,17,102.0,z850,8421.986328125,16362.064453125,0,1038240,0.0
zero,0,17,102.0,z925,2302.150390625,9300.1396484375,0,1038240,0.0
zero,0,17,102.0,z1000,-3760.35205078125,2861.0146484375,0,1038240,0.0
zero,0,17,102.0,t50,179.34976196289062,237.70755004882812,0,1038240,0.0
zero,0,17,102.0,t100,185.2606964111328,240.26956176757812,0,1038240,0.0
zero,0,17,102.0,t150,189.1009979248047,245.207763671875,0,1038240,0.0
zero,0,17,102.0,t200,193.96351623535156,244.2508544921875,0,1038240,0.0
zero,0,17,102.0,t250,198.31289672851562,244.9810333251953,0,1038240,0.0
zero,0,17,102.0,t300,202.13294982910156,250.5882110595703,0,1038240,0.0
zero,0,17,102.0,t400,211.00900268554688,264.61090087890625,0,1038240,0.0
zero,0,17,102.0,t500,217.82101440429688,276.3851318359375,0,1038240,0.0
zero,0,17,102.0,t600,207.28250122070312,288.7837829589844,0,1038240,0.0
zero,0,17,102.0,t700,214.31521606445312,298.1341552734375,0,1038240,0.0
zero,0,17,102.0,t850,223.20870971679688,309.7430419921875,0,1038240,0.0
zero,0,17,102.0,t925,226.8894805908203,315.1636657714844,0,1038240,0.0
zero,0,17,102.0,t1000,230.0815887451172,320.0914306640625,0,1038240,0.0
zero,0,17,102.0,q50,6.314166967058554e-07,2.095652007483295e-06,0,1038240,0.0
zero,0,17,102.0,q100,1.0142829296455602e-06,4.748081664729398e-06,0,1038240,0.0
zero,0,17,102.0,q150,-8.837209861667361e-07,3.7161305954214185e-05,18,1038240,1.7337031900138696e-05
zero,0,17,102.0,q200,-1.0474122973391786e-05,0.00019109838467556983,13185,1038240,0.012699375866851595
zero,0,17,102.0,q250,-1.2690255971392617e-05,0.0006493148393929005,18038,1038240,0.017373632300816767
zero,0,17,102.0,q300,-3.022728196810931e-05,0.0014973614597693086,20541,1038240,0.019784442903374944
zero,0,17,102.0,q400,-6.199328345246613e-05,0.004120741039514542,24538,1038240,0.02363422715364463
zero,0,17,102.0,q500,-0.00010007282253354788,0.007972901687026024,10586,1038240,0.010196101094159346
zero,0,17,102.0,q600,-0.00028159713838249445,0.01161078829318285,14530,1038240,0.013994837417167514
zero,0,17,102.0,q700,-0.00047171791084110737,0.013232851400971413,37011,1038240,0.03564782709200185
zero,0,17,102.0,q850,-0.0005514039658010006,0.018884986639022827,50201,1038240,0.048352018801047926
zero,0,17,102.0,q925,-0.0005741245113313198,0.02181566320359707,60255,1038240,0.05803571428571429
zero,0,17,102.0,q1000,-0.0005790339782834053,0.0250104907900095,53977,1038240,0.051988942826321466
zero,0,18,108.0,u10m,-22.600868225097656,21.938093185424805,0,1038240,0.0
zero,0,18,108.0,v10m,-18.70751190185547,18.06290626525879,0,1038240,0.0
zero,0,18,108.0,u100m,-29.255916595458984,28.25188446044922,0,1038240,0.0
zero,0,18,108.0,v100m,-24.148635864257812,23.794347763061523,0,1038240,0.0
zero,0,18,108.0,t2m,200.84719848632812,322.0848388671875,0,1038240,0.0
zero,0,18,108.0,sp,48868.6796875,103547.3828125,0,1038240,0.0
zero,0,18,108.0,msl,95496.234375,103520.28125,0,1038240,0.0
zero,0,18,108.0,tcwv,-2.577056884765625,78.56250762939453,40233,1038240,0.03875115580212667
zero,0,18,108.0,u50,-29.983734130859375,70.83098602294922,0,1038240,0.0
zero,0,18,108.0,u100,-31.149944305419922,61.33114242553711,0,1038240,0.0
zero,0,18,108.0,u150,-37.268890380859375,72.52477264404297,0,1038240,0.0
zero,0,18,108.0,u200,-32.240509033203125,87.4623031616211,0,1038240,0.0
zero,0,18,108.0,u250,-34.177574157714844,91.25042724609375,0,1038240,0.0
zero,0,18,108.0,u300,-32.13776779174805,81.52510833740234,0,1038240,0.0
zero,0,18,108.0,u400,-38.88780975341797,59.81163787841797,0,1038240,0.0
zero,0,18,108.0,u500,-37.85107421875,52.56499099731445,0,1038240,0.0
zero,0,18,108.0,u600,-34.23952102661133,44.874534606933594,0,1038240,0.0
zero,0,18,108.0,u700,-33.679466247558594,38.12638854980469,0,1038240,0.0
zero,0,18,108.0,u850,-35.561771392822266,37.190311431884766,0,1038240,0.0
zero,0,18,108.0,u925,-37.72056198120117,34.63713836669922,0,1038240,0.0
zero,0,18,108.0,u1000,-22.564361572265625,22.236507415771484,0,1038240,0.0
zero,0,18,108.0,v50,-22.028200149536133,23.016132354736328,0,1038240,0.0
zero,0,18,108.0,v100,-18.609342575073242,25.489126205444336,0,1038240,0.0
zero,0,18,108.0,v150,-35.43141174316406,32.49324417114258,0,1038240,0.0
zero,0,18,108.0,v200,-41.18354034423828,47.28921127319336,0,1038240,0.0
zero,0,18,108.0,v250,-50.25947570800781,55.109004974365234,0,1038240,0.0
zero,0,18,108.0,v300,-45.109500885009766,59.140472412109375,0,1038240,0.0
zero,0,18,108.0,v400,-42.71841049194336,59.52428436279297,0,1038240,0.0
zero,0,18,108.0,v500,-38.459564208984375,51.196533203125,0,1038240,0.0
zero,0,18,108.0,v600,-31.51435661315918,39.52700424194336,0,1038240,0.0
zero,0,18,108.0,v700,-28.304527282714844,31.202884674072266,0,1038240,0.0
zero,0,18,108.0,v850,-30.216167449951172,26.435110092163086,0,1038240,0.0
zero,0,18,108.0,v925,-31.251174926757812,27.08350944519043,0,1038240,0.0
zero,0,18,108.0,v1000,-20.352291107177734,18.773088455200195,0,1038240,0.0
zero,0,18,108.0,z50,176244.890625,208762.796875,0,1038240,0.0
zero,0,18,108.0,z100,139978.84375,166394.609375,0,1038240,0.0
zero,0,18,108.0,z150,117084.28125,142254.078125,0,1038240,0.0
zero,0,18,108.0,z200,100151.703125,123983.2265625,0,1038240,0.0
zero,0,18,108.0,z250,86853.8046875,109078.6484375,0,1038240,0.0
zero,0,18,108.0,z300,75981.1171875,96425.828125,0,1038240,0.0
zero,0,18,108.0,z400,58798.99609375,75501.71875,0,1038240,0.0
zero,0,18,108.0,z500,44843.91796875,58533.1484375,0,1038240,0.0
zero,0,18,108.0,z600,32769.89453125,44405.83984375,0,1038240,0.0
zero,0,18,108.0,z700,22250.34375,32079.70703125,0,1038240,0.0
zero,0,18,108.0,z850,8500.388671875,16320.9677734375,0,1038240,0.0
zero,0,18,108.0,z925,2422.45166015625,9260.189453125,0,1038240,0.0
zero,0,18,108.0,z1000,-3613.61328125,2837.662109375,0,1038240,0.0
zero,0,18,108.0,t50,179.09815979003906,237.72137451171875,0,1038240,0.0
zero,0,18,108.0,t100,185.6496124267578,240.719482421875,0,1038240,0.0
zero,0,18,108.0,t150,191.15074157714844,245.07846069335938,0,1038240,0.0
zero,0,18,108.0,t200,194.67962646484375,244.13751220703125,0,1038240,0.0
zero,0,18,108.0,t250,198.3719024658203,245.00546264648438,0,1038240,0.0
zero,0,18,108.0,t300,201.68197631835938,251.47091674804688,0,1038240,0.0
zero,0,18,108.0,t400,210.78456115722656,265.9872131347656,0,1038240,0.0
zero,0,18,108.0,t500,217.5303955078125,278.97027587890625,0,1038240,0.0
zero,0,18,108.0,t600,207.36508178710938,291.9407653808594,0,1038240,0.0
zero,0,18,108.0,t700,214.1774139404297,301.22900390625,0,1038240,0.0
zero,0,18,108.0,t850,223.5850067138672,312.1790466308594,0,1038240,0.0
zero,0,18,108.0,t925,227.50677490234375,317.34405517578125,0,1038240,0.0
zero,0,18,108.0,t1000,230.87796020507812,322.6144104003906,0,1038240,0.0
zero,0,18,108.0,q50,6.651562216575257e-07,2.1116620700922795e-06,0,1038240,0.0
zero,0,18,108.0,q100,9.894389449982555e-07,4.69543965664343e-06,0,1038240,0.0
zero,0,18,108.0,q150,-3.671666490845382e-07,4.4833719584858045e-05,9,1038240,8.668515950069348e-06
zero,0,18,108.0,q200,-1.0738604032667354e-05,0.00023146302555687726,12757,1038240,0.012287139775003854
zero,0,18,108.0,q250,-1.5304740372812375e-05,0.0006949338130652905,19828,1038240,0.01909770380644167
zero,0,18,108.0,q300,-3.272545291110873e-05,0.0015900613507255912,20757,1038240,0.019992487286176606
zero,0,18,108.0,q400,-0.00011877654469572008,0.00432118633762002,25410,1038240,0.02447411003236246
zero,0,18,108.0,q500,-0.00011001538950949907,0.007976364344358444,10678,1038240,0.010284712590537834
zero,0,18,108.0,q600,-0.00027065782342106104,0.010196765884757042,13549,1038240,0.013049969178609955
zero,0,18,108.0,q700,-0.0005225874483585358,0.013575270771980286,29211,1038240,0.028135113268608413
zero,0,18,108.0,q850,-0.0005520540289580822,0.019756203517317772,44691,1038240,0.043044960702727696
zero,0,18,108.0,q925,-0.0006079133599996567,0.020988503471016884,55127,1038240,0.05309658653105255
zero,0,18,108.0,q1000,-0.0005898410454392433,0.025215618312358856,45037,1038240,0.04337821698258591
zero,0,19,114.0,u10m,-25.719457626342773,23.46124267578125,0,1038240,0.0
zero,0,19,114.0,v10m,-19.08692169189453,17.930984497070312,0,1038240,0.0
zero,0,19,114.0,u100m,-33.36606979370117,29.532400131225586,0,1038240,0.0
zero,0,19,114.0,v100m,-24.85392951965332,24.28973388671875,0,1038240,0.0
zero,0,19,114.0,t2m,199.54037475585938,321.2210998535156,0,1038240,0.0
zero,0,19,114.0,sp,49022.4609375,103461.9296875,0,1038240,0.0
zero,0,19,114.0,msl,95564.625,103427.1640625,0,1038240,0.0
zero,0,19,114.0,tcwv,-2.6532344818115234,79.43367004394531,39023,1038240,0.0375857219910618
zero,0,19,114.0,u50,-30.181381225585938,72.37725067138672,0,1038240,0.0
zero,0,19,114.0,u100,-33.87191390991211,62.37068557739258,0,1038240,0.0
zero,0,19,114.0,u150,-38.74751281738281,71.47331237792969,0,1038240,0.0
zero,0,19,114.0,u200,-32.55989074707031,87.51451873779297,0,1038240,0.0
zero,0,19,114.0,u250,-34.016300201416016,95.21719360351562,0,1038240,0.0
zero,0,19,114.0,u300,-32.22426986694336,84.22948455810547,0,1038240,0.0
zero,0,19,114.0,u400,-40.50190734863281,63.54521942138672,0,1038240,0.0
zero,0,19,114.0,u500,-35.79493713378906,56.406761169433594,0,1038240,0.0
zero,0,19,114.0,u600,-28.789884567260742,47.96515655517578,0,1038240,0.0
zero,0,19,114.0,u700,-31.233177185058594,40.116275787353516,0,1038240,0.0
zero,0,19,114.0,u850,-43.340370178222656,35.851131439208984,0,1038240,0.0
zero,0,19,114.0,u925,-42.04658889770508,34.50395584106445,0,1038240,0.0
zero,0,19,114.0,u1000,-25.744503021240234,23.50141143798828,0,1038240,0.0
zero,0,19,114.0,v50,-22.679351806640625,21.666231155395508,0,1038240,0.0
zero,0,19,114.0,v100,-18.850601196289062,23.495603561401367,0,1038240,0.0
zero,0,19,114.0,v150,-30.540687561035156,31.812973022460938,0,1038240,0.0
zero,0,19,114.0,v200,-39.79246520996094,43.2203483581543,0,1038240,0.0
zero,0,19,114.0,v250,-45.989830017089844,49.82695770263672,0,1038240,0.0
zero,0,19,114.0,v300,-42.847415924072266,58.404945373535156,0,1038240,0.0
zero,0,19,114.0,v400,-46.25213623046875,58.93613815307617,0,1038240,0.0
zero,0,19,114.0,v500,-35.42091369628906,49.73388671875,0,1038240,0.0
zero,0,19,114.0,v600,-28.297618865966797,38.278236389160156,0,1038240,0.0
zero,0,19,114.0,v700,-29.385812759399414,29.244951248168945,0,1038240,0.0
zero,0,19,114.0,v850,-33.795562744140625,24.395536422729492,0,1038240,0.0
zero,0,19,114.0,v925,-31.954879760742188,27.19449234008789,0,1038240,0.0
zero,0,19,114.0,v1000,-20.134273529052734,18.79889488220215,0,1038240,0.0
zero,0,19,114.0,z50,176117.296875,208768.9375,0,1038240,0.0
zero,0,19,114.0,z100,139869.609375,166481.34375,0,1038240,0.0
zero,0,19,114.0,z150,116950.6484375,142313.5625,0,1038240,0.0
zero,0,19,114.0,z200,99979.8359375,124035.4453125,0,1038240,0.0
zero,0,19,114.0,z250,86647.7109375,109132.359375,0,1038240,0.0
zero,0,19,114.0,z300,75743.4921875,96475.3515625,0,1038240,0.0
zero,0,19,114.0,z400,58557.296875,75594.96875,0,1038240,0.0
zero,0,19,114.0,z500,44862.8203125,58599.7734375,0,1038240,0.0
zero,0,19,114.0,z600,32809.76171875,44399.515625,0,1038240,0.0
zero,0,19,114.0,z700,22328.44921875,31968.833984375,0,1038240,0.0
zero,0,19,114.0,z850,8650.5234375,16229.3984375,0,1038240,0.0
zero,0,19,114.0,z925,2509.85986328125,9175.505859375,0,1038240,0.0
zero,0,19,114.0,z1000,-3549.02978515625,2765.53076171875,0,1038240,0.0
zero,0,19,114.0,t50,179.11512756347656,237.774658203125,0,1038240,0.0
zero,0,19,114.0,t100,186.8868408203125,240.89364624023438,0,1038240,0.0
zero,0,19,114.0,t150,193.30393981933594,245.2826385498047,0,1038240,0.0
zero,0,19,114.0,t200,195.2653045654297,243.96937561035156,0,1038240,0.0
zero,0,19,114.0,t250,198.6766815185547,245.0660858154297,0,1038240,0.0
zero,0,19,114.0,t300,201.80941772460938,250.75137329101562,0,1038240,0.0
zero,0,19,114.0,t400,210.4883575439453,264.74603271484375,0,1038240,0.0
zero,0,19,114.0,t500,216.4962615966797,276.3531188964844,0,1038240,0.0
zero,0,19,114.0,t600,205.12069702148438,287.3123779296875,0,1038240,0.0
zero,0,19,114.0,t700,213.88104248046875,295.8121337890625,0,1038240,0.0
zero,0,19,114.0,t850,223.19271850585938,309.168701171875,0,1038240,0.0
zero,0,19,114.0,t925,227.228515625,315.284912109375,0,1038240,0.0
zero,0,19,114.0,t1000,230.49539184570312,320.7605285644531,0,1038240,0.0
zero,0,19,114.0,q50,7.011101388343377e-07,2.1256093987176428e-06,0,1038240,0.0
zero,0,19,114.0,q100,9.930024589266395e-07,4.627173439075705e-06,0,1038240,0.0
zero,0,19,114.0,q150,2.714969014050439e-07,4.101239755982533e-05,0,1038240,0.0
zero,0,19,114.0,q200,-1.1792684745159931e-05,0.00022037807502783835,11328,1038240,0.01091077207582062
zero,0,19,114.0,q250,-1.5027751942398027e-05,0.0007090764702297747,23444,1038240,0.022580520881491754
zero,0,19,114.0,q300,-3.277198993600905e-05,0.0016463464125990868,25352,1038240,0.024418246262906458
zero,0,19,114.0,q400,-6.198944174684584e-05,0.004422006197273731,32618,1038240,0.03141662813992911
zero,0,19,114.0,q500,-8.273788262158632e-05,0.0076739173382520676,9746,1038240,0.009387039605486208
zero,0,19,114.0,q600,-0.0002715566661208868,0.010140884667634964,13197,1038240,0.012710933888118354
zero,0,19,114.0,q700,-0.00045541138388216496,0.013127263635396957,34701,1038240,0.03342290799815072
zero,0,19,114.0,q850,-0.0005627297796308994,0.019957534968852997,46380,1038240,0.04467175219602404
zero,0,19,114.0,q925,-0.0006003309972584248,0.020922962576150894,58402,1038240,0.056250963168438896
zero,0,19,114.0,q1000,-0.0006521157920360565,0.025264954194426537,47431,1038240,0.04568404222530436
zero,0,20,120.0,u10m,-24.847007751464844,27.06855010986328,0,1038240,0.0
zero,0,20,120.0,v10m,-19.162263870239258,18.420459747314453,0,1038240,0.0
zero,0,20,120.0,u100m,-32.13675308227539,35.61039733886719,0,1038240,0.0
zero,0,20,120.0,v100m,-24.95670509338379,25.06751251220703,0,1038240,0.0
zero,0,20,120.0,t2m,197.45811462402344,318.8695068359375,0,1038240,0.0
zero,0,20,120.0,sp,48861.09765625,103387.0546875,0,1038240,0.0
zero,0,20,120.0,msl,94799.9453125,103347.7265625,0,1038240,0.0
zero,0,20,120.0,tcwv,-2.566244125366211,77.0665512084961,45832,1038240,0.04414393589150871
zero,0,20,120.0,u50,-30.230777740478516,72.2542953491211,0,1038240,0.0
zero,0,20,120.0,u100,-33.81621551513672,62.17155075073242,0,1038240,0.0
zero,0,20,120.0,u150,-38.87903594970703,70.37364196777344,0,1038240,0.0
zero,0,20,120.0,u200,-32.155487060546875,87.9024887084961,0,1038240,0.0
zero,0,20,120.0,u250,-31.7354736328125,92.39454650878906,0,1038240,0.0
zero,0,20,120.0,u300,-31.490421295166016,84.77928924560547,0,1038240,0.0
zero,0,20,120.0,u400,-42.45897674560547,63.95201110839844,0,1038240,0.0
zero,0,20,120.0,u500,-36.58472442626953,58.140113830566406,0,1038240,0.0
zero,0,20,120.0,u600,-27.825345993041992,49.59501647949219,0,1038240,0.0
zero,0,20,120.0,u700,-30.464847564697266,44.39479446411133,0,1038240,0.0
zero,0,20,120.0,u850,-41.886329650878906,42.8766975402832,0,1038240,0.0
zero,0,20,120.0,u925,-39.22478103637695,41.400177001953125,0,1038240,0.0
zero,0,20,120.0,u1000,-24.71157455444336,27.431133270263672,0,1038240,0.0
zero,0,20,120.0,v50,-23.66014862060547,21.7301082611084,0,1038240,0.0
zero,0,20,120.0,v100,-18.545961380004883,22.334667205810547,0,1038240,0.0
zero,0,20,120.0,v150,-27.179908752441406,31.973892211914062,0,1038240,0.0
zero,0,20,120.0,v200,-42.48051834106445,41.67681884765625,0,1038240,0.0
zero,0,20,120.0,v250,-51.0056037902832,45.154300689697266,0,1038240,0.0
zero,0,20,120.0,v300,-44.561248779296875,54.376338958740234,0,1038240,0.0
zero,0,20,120.0,v400,-46.00813674926758,56.31049728393555,0,1038240,0.0
zero,0,20,120.0,v500,-37.817142486572266,48.121482849121094,0,1038240,0.0
zero,0,20,120.0,v600,-30.270906448364258,37.705204010009766,0,1038240,0.0
zero,0,20,120.0,v700,-28.335613250732422,27.86553192138672,0,1038240,0.0
zero,0,20,120.0,v850,-34.718902587890625,27.698579788208008,0,1038240,0.0
zero,0,20,120.0,v925,-32.61906051635742,28.010467529296875,0,1038240,0.0
zero,0,20,120.0,v1000,-20.239288330078125,19.43103790283203,0,1038240,0.0
zero,0,20,120.0,z50,175951.0,208726.34375,0,1038240,0.0
zero,0,20,120.0,z100,139788.625,166307.640625,0,1038240,0.0
zero,0,20,120.0,z150,116838.6171875,142118.765625,0,1038240,0.0
zero,0,20,120.0,z200,99817.921875,123836.140625,0,1038240,0.0
zero,0,20,120.0,z250,86460.03125,109013.7265625,0,1038240,0.0
zero,0,20,120.0,z300,75546.9609375,96447.3046875,0,1038240,0.0
zero,0,20,120.0,z400,58380.171875,75498.578125,0,1038240,0.0
zero,0,20,120.0,z500,44782.8359375,58643.58203125,0,1038240,0.0
zero,0,20,120.0,z600,33066.0234375,44503.9375,0,1038240,0.0
zero,0,20,120.0,z700,22707.25390625,32015.69921875,0,1038240,0.0
zero,0,20,120.0,z850,8354.35546875,16190.365234375,0,1038240,0.0
zero,0,20,120.0,z925,1861.72412109375,9122.826171875,0,1038240,0.0
zero,0,20,120.0,z1000,-4223.14453125,2713.52734375,0,1038240,0.0
zero,0,20,120.0,t50,178.968505859375,237.82217407226562,0,1038240,0.0
zero,0,20,120.0,t100,188.1171417236328,241.2647247314453,0,1038240,0.0
zero,0,20,120.0,t150,193.59402465820312,245.2626953125,0,1038240,0.0
zero,0,20,120.0,t200,195.49058532714844,243.6638641357422,0,1038240,0.0
zero,0,20,120.0,t250,199.1956024169922,245.30238342285156,0,1038240,0.0
zero,0,20,120.0,t300,202.361572265625,250.52426147460938,0,1038240,0.0
zero,0,20,120.0,t400,209.74281311035156,264.39373779296875,0,1038240,0.0
zero,0,20,120.0,t500,215.78260803222656,275.1464538574219,0,1038240,0.0
zero,0,20,120.0,t600,206.03662109375,283.6194763183594,0,1038240,0.0
zero,0,20,120.0,t700,213.13795471191406,294.01214599609375,0,1038240,0.0
zero,0,20,120.0,t850,222.384521484375,309.5363464355469,0,1038240,0.0
zero,0,20,120.0,t925,226.58328247070312,315.0103759765625,0,1038240,0.0
zero,0,20,120.0,t1000,229.92117309570312,319.7308349609375,0,1038240,0.0
zero,0,20,120.0,q50,7.39207507649553e-07,2.142281800843193e-06,0,1038240,0.0
zero,0,20,120.0,q100,1.0000975407820079e-06,4.682582130044466e-06,0,1038240,0.0
zero,0,20,120.0,q150,2.340038918191567e-07,3.4649423469090834e-05,0,1038240,0.0
zero,0,20,120.0,q200,-1.2001770301139913e-05,0.00019734686065930873,12498,1038240,0.012037679149329635
zero,0,20,120.0,q250,-1.5459936548722908e-05,0.0006782049895264208,24501,1038240,0.023598589921405455
zero,0,20,120.0,q300,-3.5052711609750986e-05,0.0015855955425649881,24275,1038240,0.023380913854214824
zero,0,20,120.0,q400,-5.151121877133846e-05,0.004189633298665285,30200,1038240,0.029087686854677147
zero,0,20,120.0,q500,-0.00010439747711643577,0.007359515409916639,12372,1038240,0.011916319926028663
zero,0,20,120.0,q600,-0.00028042064514011145,0.00997164100408554,15524,1038240,0.01495222684543073
zero,0,20,120.0,q700,-0.0004100147634744644,0.013151060789823532,34081,1038240,0.03282574356603483
zero,0,20,120.0,q850,-0.0005426504649221897,0.01910041831433773,50898,1038240,0.04902334720295885
zero,0,20,120.0,q925,-0.0006509763188660145,0.02072303369641304,56272,1038240,0.05419941439358915
zero,0,20,120.0,q1000,-0.0006354157812893391,0.02518639899790287,47663,1038240,0.04590749730312837
zero,1,0,0.0,u10m,-29.98059844970703,25.07940101623535,0,1038240,0.0
zero,1,0,0.0,v10m,-27.66229820251465,25.987703323364258,0,1038240,0.0
zero,1,0,0.0,u100m,-38.64726257324219,30.782737731933594,0,1038240,0.0
zero,1,0,0.0,v100m,-33.108516693115234,32.41148376464844,0,1038240,0.0
zero,1,0,0.0,t2m,203.00914001464844,317.2091369628906,0,1038240,0.0
zero,1,0,0.0,sp,49593.44921875,104524.6484375,0,1038240,0.0
zero,1,0,0.0,msl,93167.375,107762.9765625,0,1038240,0.0
zero,1,0,0.0,tcwv,0.033688269555568695,80.67048645019531,0,1038240,0.0
zero,1,0,0.0,u50,-32.53466796875,69.6953353881836,0,1038240,0.0
zero,1,0,0.0,u100,-42.44437026977539,63.615631103515625,0,1038240,0.0
zero,1,0,0.0,u150,-43.69473648071289,76.46526336669922,0,1038240,0.0
zero,1,0,0.0,u200,-44.91203308105469,103.88796997070312,0,1038240,0.0
zero,1,0,0.0,u250,-45.851261138916016,105.44873809814453,0,1038240,0.0
zero,1,0,0.0,u300,-36.28936004638672,102.41063690185547,0,1038240,0.0
zero,1,0,0.0,u400,-35.72868347167969,71.8713150024414,0,1038240,0.0
zero,1,0,0.0,u500,-39.31422805786133,50.18577194213867,0,1038240,0.0
zero,1,0,0.0,u600,-45.0154914855957,45.66450500488281,0,1038240,0.0
zero,1,0,0.0,u700,-47.08867263793945,41.111328125,0,1038240,0.0
zero,1,0,0.0,u850,-52.83549880981445,36.304500579833984,0,1038240,0.0
zero,1,0,0.0,u925,-42.309513092041016,34.310489654541016,0,1038240,0.0
zero,1,0,0.0,u1000,-29.00948715209961,24.660512924194336,0,1038240,0.0
zero,1,0,0.0,v50,-28.3104305267334,37.03956985473633,0,1038240,0.0
zero,1,0,0.0,v100,-31.289772033691406,41.980228424072266,0,1038240,0.0
zero,1,0,0.0,v150,-39.73875427246094,46.22124481201172,0,1038240,0.0
zero,1,0,0.0,v200,-56.7220573425293,65.07794189453125,0,1038240,0.0
zero,1,0,0.0,v250,-63.08574295043945,62.81425857543945,0,1038240,0.0
zero,1,0,0.0,v300,-54.844512939453125,65.45549011230469,0,1038240,0.0
zero,1,0,0.0,v400,-59.89063262939453,63.009368896484375,0,1038240,0.0
zero,1,0,0.0,v500,-50.19239807128906,56.80760192871094,0,1038240,0.0
zero,1,0,0.0,v600,-45.045677185058594,40.0643196105957,0,1038240,0.0
zero,1,0,0.0,v700,-36.78691101074219,42.36308670043945,0,1038240,0.0
zero,1,0,0.0,v850,-42.88942337036133,34.960575103759766,0,1038240,0.0
zero,1,0,0.0,v925,-37.343692779541016,37.056304931640625,0,1038240,0.0
zero,1,0,0.0,v1000,-26.340137481689453,25.029863357543945,0,1038240,0.0
zero,1,0,0.0,z50,178325.890625,207936.40625,0,1038240,0.0
zero,1,0,0.0,z100,140693.140625,165755.734375,0,1038240,0.0
zero,1,0,0.0,z150,117632.0390625,141996.15625,0,1038240,0.0
zero,1,0,0.0,z200,100768.7421875,123884.2421875,0,1038240,0.0
zero,1,0,0.0,z250,87459.671875,109026.765625,0,1038240,0.0
zero,1,0,0.0,z300,76372.9453125,96320.9921875,0,1038240,0.0
zero,1,0,0.0,z400,58395.84765625,75588.4609375,0,1038240,0.0
zero,1,0,0.0,z500,43960.421875,58905.3671875,0,1038240,0.0
zero,1,0,0.0,z600,31816.14453125,44789.28125,0,1038240,0.0
zero,1,0,0.0,z700,21340.9609375,32460.98828125,0,1038240,0.0
zero,1,0,0.0,z850,7071.60302734375,16482.923828125,0,1038240,0.0
zero,1,0,0.0,z925,558.6236572265625,9957.2314453125,0,1038240,0.0
zero,1,0,0.0,z1000,-5507.95556640625,4905.5556640625,0,1038240,0.0
zero,1,0,0.0,t50,176.96493530273438,233.25494384765625,0,1038240,0.0
zero,1,0,0.0,t100,185.84442138671875,235.84442138671875,0,1038240,0.0
zero,1,0,0.0,t150,187.8889617919922,238.91896057128906,0,1038240,0.0
zero,1,0,0.0,t200,190.15658569335938,241.17657470703125,0,1038240,0.0
zero,1,0,0.0,t250,199.0135498046875,243.6435546875,0,1038240,0.0
zero,1,0,0.0,t300,204.70855712890625,251.70855712890625,0,1038240,0.0
zero,1,0,0.0,t400,216.0428466796875,266.5628662109375,0,1038240,0.0
zero,1,0,0.0,t500,224.4999542236328,276.89996337890625,0,1038240,0.0
zero,1,0,0.0,t600,204.55136108398438,287.2413635253906,0,1038240,0.0
zero,1,0,0.0,t700,208.45738220214844,296.9873962402344,0,1038240,0.0
zero,1,0,0.0,t850,216.30093383789062,309.6709289550781,0,1038240,0.0
zero,1,0,0.0,t925,219.8119354248047,315.3219299316406,0,1038240,0.0
zero,1,0,0.0,t1000,223.1019287109375,319.7119445800781,0,1038240,0.0
zero,1,0,0.0,q50,9.999999717180685e-10,1.9450640138529707e-06,0,1038240,0.0
zero,1,0,0.0,q100,1.000000082740371e-09,9.873159797280096e-06,0,1038240,0.0
zero,1,0,0.0,q150,1.0000005268295808e-09,4.6891240344848484e-05,0,1038240,0.0
zero,1,0,0.0,q200,9.999985284281365e-10,0.0002307913964614272,0,1038240,0.0
zero,1,0,0.0,q250,1.000000304784976e-09,0.0007995401974767447,0,1038240,0.0
zero,1,0,0.0,q300,9.999980843389267e-10,0.0018608650425449014,0,1038240,0.0
zero,1,0,0.0,q400,9.999975292274144e-10,0.004661120939999819,0,1038240,0.0
zero,1,0,0.0,q500,9.999941985583405e-10,0.007641600910574198,0,1038240,0.0
zero,1,0,0.0,q600,1.0000007488741858e-09,0.012534401379525661,0,1038240,0.0
zero,1,0,0.0,q700,9.999989725173464e-10,0.018419841304421425,0,1038240,0.0
zero,1,0,0.0,q850,1.635912212805124e-06,0.028813155367970467,0,1038240,0.0
zero,1,0,0.0,q925,4.967510903952643e-06,0.03459184616804123,0,1038240,0.0
zero,1,0,0.0,q1000,6.670324182778131e-06,0.04069339111447334,0,1038240,0.0
zero,1,1,6.0,u10m,-28.26662826538086,24.725343704223633,0,1038240,0.0
zero,1,1,6.0,v10m,-18.348295211791992,25.409976959228516,0,1038240,0.0
zero,1,1,6.0,u100m,-36.92644119262695,30.874807357788086,0,1038240,0.0
zero,1,1,6.0,v100m,-24.574291229248047,33.9788818359375,0,1038240,0.0
zero,1,1,6.0,t2m,201.16290283203125,315.77337646484375,0,1038240,0.0
zero,1,1,6.0,sp,49429.72265625,104052.21875,0,1038240,0.0
zero,1,1,6.0,msl,93364.265625,106022.015625,0,1038240,0.0
zero,1,1,6.0,tcwv,-5.554573059082031,78.99384307861328,71863,1038240,0.06921617352442595
zero,1,1,6.0,u50,-30.99331283569336,73.90312957763672,0,1038240,0.0
zero,1,1,6.0,u100,-39.639732360839844,61.74380111694336,0,1038240,0.0
zero,1,1,6.0,u150,-36.364349365234375,73.82738494873047,0,1038240,0.0
zero,1,1,6.0,u200,-44.386146545410156,94.17500305175781,0,1038240,0.0
zero,1,1,6.0,u250,-40.242340087890625,107.08670043945312,0,1038240,0.0
zero,1,1,6.0,u300,-36.5831298828125,100.92613220214844,0,1038240,0.0
zero,1,1,6.0,u400,-38.10851287841797,69.02294921875,0,1038240,0.0
zero,1,1,6.0,u500,-33.671321868896484,54.1348876953125,0,1038240,0.0
zero,1,1,6.0,u600,-39.60209655761719,43.45893859863281,0,1038240,0.0
zero,1,1,6.0,u700,-40.23883819580078,37.83327865600586,0,1038240,0.0
zero,1,1,6.0,u850,-46.781009674072266,36.94855880737305,0,1038240,0.0
zero,1,1,6.0,u925,-43.35582733154297,33.70161819458008,0,1038240,0.0
zero,1,1,6.0,u1000,-27.0113468170166,23.938142776489258,0,1038240,0.0
zero,1,1,6.0,v50,-23.687562942504883,30.955883026123047,0,1038240,0.0
zero,1,1,6.0,v100,-30.242816925048828,37.05029296875,0,1038240,0.0
zero,1,1,6.0,v150,-32.545005798339844,41.01648712158203,0,1038240,0.0
zero,1,1,6.0,v200,-45.699581146240234,53.78913497924805,0,1038240,0.0
zero,1,1,6.0,v250,-55.91434860229492,62.798702239990234,0,1038240,0.0
zero,1,1,6.0,v300,-48.57569122314453,65.55392456054688,0,1038240,0.0
zero,1,1,6.0,v400,-49.647560119628906,62.94601821899414,0,1038240,0.0
zero,1,1,6.0,v500,-45.10268783569336,49.73537063598633,0,1038240,0.0
zero,1,1,6.0,v600,-35.023216247558594,35.91107177734375,0,1038240,0.0
zero,1,1,6.0,v700,-30.072473526000977,34.23475646972656,0,1038240,0.0
zero,1,1,6.0,v850,-34.2606315612793,36.72390365600586,0,1038240,0.0
zero,1,1,6.0,v925,-34.349029541015625,32.49458694458008,0,1038240,0.0
zero,1,1,6.0,v1000,-21.297121047973633,25.758255004882812,0,1038240,0.0
zero,1,1,6.0,z50,178381.8125,207983.3125,0,1038240,0.0
zero,1,1,6.0,z100,140675.75,165754.28125,0,1038240,0.0
zero,1,1,6.0,z150,117538.3671875,142024.4375,0,1038240,0.0
zero,1,1,6.0,z200,100703.2734375,123902.203125,0,1038240,0.0
zero,1,1,6.0,z250,87383.34375,109060.5703125,0,1038240,0.0
zero,1,1,6.0,z300,76289.1640625,96385.84375,0,1038240,0.0
zero,1,1,6.0,z400,58355.328125,75593.2734375,0,1038240,0.0
zero,1,1,6.0,z500,43971.22265625,58831.37890625,0,1038240,0.0
zero,1,1,6.0,z600,31867.328125,44735.1484375,0,1038240,0.0
zero,1,1,6.0,z700,21432.73046875,32360.15625,0,1038240,0.0
zero,1,1,6.0,z850,7203.10400390625,16416.82421875,0,1038240,0.0
zero,1,1,6.0,z925,738.5751953125,9321.6767578125,0,1038240,0.0
zero,1,1,6.0,z1000,-5302.41162109375,3649.6826171875,0,1038240,0.0
zero,1,1,6.0,t50,179.83154296875,233.6676483154297,0,1038240,0.0
zero,1,1,6.0,t100,186.5077667236328,235.44126892089844,0,1038240,0.0
zero,1,1,6.0,t150,188.92953491210938,238.73724365234375,0,1038240,0.0
zero,1,1,6.0,t200,191.56875610351562,241.3602752685547,0,1038240,0.0
zero,1,1,6.0,t250,199.23068237304688,243.1333770751953,0,1038240,0.0
zero,1,1,6.0,t300,205.0389862060547,251.13470458984375,0,1038240,0.0
zero,1,1,6.0,t400,215.11151123046875,264.9374084472656,0,1038240,0.0
zero,1,1,6.0,t500,224.70770263671875,276.8890380859375,0,1038240,0.0
zero,1,1,6.0,t600,214.51953125,289.6756286621094,0,1038240,0.0
zero,1,1,6.0,t700,210.1229248046875,300.00384521484375,0,1038240,0.0
zero,1,1,6.0,t850,217.85513305664062,312.0284118652344,0,1038240,0.0
zero,1,1,6.0,t925,222.42501831054688,317.1992492675781,0,1038240,0.0
zero,1,1,6.0,t1000,225.74368286132812,322.233154296875,0,1038240,0.0
zero,1,1,6.0,q50,4.0225359043688513e-08,1.9511955997586483e-06,0,1038240,0.0
zero,1,1,6.0,q100,1.0800135896715801e-07,9.330646207672544e-06,0,1038240,0.0
zero,1,1,6.0,q150,6.372010830091313e-08,3.4251297620357946e-05,0,1038240,0.0
zero,1,1,6.0,q200,-2.2600506781600416e-06,0.00021032935183029622,7430,1038240,0.007156341501001695
zero,1,1,6.0,q250,-1.4107707102084532e-05,0.0006908549112267792,33336,1038240,0.032108183079056864
zero,1,1,6.0,q300,-2.6113033527508378e-05,0.0016040903283283114,11135,1038240,0.010724880567113577
zero,1,1,6.0,q400,-0.00011307830573059618,0.0044692386873066425,30081,1038240,0.028973069810448452
zero,1,1,6.0,q500,-0.00016424315981566906,0.007303062826395035,8712,1038240,0.00839112343966713
zero,1,1,6.0,q600,-0.0002337592886760831,0.009991299360990524,10765,1038240,0.010368508244721837
zero,1,1,6.0,q700,-0.0006407457403838634,0.013610556721687317,28070,1038240,0.0270361380798274
zero,1,1,6.0,q850,-0.0009649833664298058,0.018230805173516273,63996,1038240,0.061638927415626446
zero,1,1,6.0,q925,-0.001624805387109518,0.020304976031184196,67712,1038240,0.06521806133456619
zero,1,1,6.0,q1000,-0.0016579409129917622,0.024263590574264526,68408,1038240,0.06588842656803821
zero,1,2,12.0,u10m,-24.63167953491211,22.683988571166992,0,1038240,0.0
zero,1,2,12.0,v10m,-19.056657791137695,27.259506225585938,0,1038240,0.0
zero,1,2,12.0,u100m,-32.437835693359375,28.44456672668457,0,1038240,0.0
zero,1,2,12.0,v100m,-25.74309539794922,36.29791259765625,0,1038240,0.0
zero,1,2,12.0,t2m,205.36285400390625,321.945556640625,0,1038240,0.0
zero,1,2,12.0,sp,49203.0625,103868.3203125,0,1038240,0.0
zero,1,2,12.0,msl,93640.90625,104244.5703125,0,1038240,0.0
zero,1,2,12.0,tcwv,-5.963743209838867,77.52139282226562,73572,1038240,0.07086222838650023
zero,1,2,12.0,u50,-29.69406509399414,75.33419036865234,0,1038240,0.0
zero,1,2,12.0,u100,-39.417579650878906,64.45590209960938,0,1038240,0.0
zero,1,2,12.0,u150,-34.242095947265625,72.1448745727539,0,1038240,0.0
zero,1,2,12.0,u200,-44.21321105957031,89.13219451904297,0,1038240,0.0
zero,1,2,12.0,u250,-40.32534408569336,100.9635009765625,0,1038240,0.0
zero,1,2,12.0,u300,-40.87629699707031,91.8093032836914,0,1038240,0.0
zero,1,2,12.0,u400,-41.234535217285156,71.69613647460938,0,1038240,0.0
zero,1,2,12.0,u500,-36.49357986450195,56.88872528076172,0,1038240,0.0
zero,1,2,12.0,u600,-36.76103591918945,43.285003662109375,0,1038240,0.0
zero,1,2,12.0,u700,-38.5073356628418,39.211395263671875,0,1038240,0.0
zero,1,2,12.0,u850,-42.931495666503906,37.081966400146484,0,1038240,0.0
zero,1,2,12.0,u925,-41.2228889465332,34.475345611572266,0,1038240,0.0
zero,1,2,12.0,u1000,-24.141632080078125,22.374244689941406,0,1038240,0.0
zero,1,2,12.0,v50,-24.8616943359375,30.88040542602539,0,1038240,0.0
zero,1,2,12.0,v100,-28.49932861328125,35.016632080078125,0,1038240,0.0
zero,1,2,12.0,v150,-32.54144287109375,38.26191329956055,0,1038240,0.0
zero,1,2,12.0,v200,-46.50296401977539,51.424400329589844,0,1038240,0.0
zero,1,2,12.0,v250,-54.8858528137207,55.025062561035156,0,1038240,0.0
zero,1,2,12.0,v300,-51.806453704833984,62.73646545410156,0,1038240,0.0
zero,1,2,12.0,v400,-48.00126266479492,57.52073287963867,0,1038240,0.0
zero,1,2,12.0,v500,-43.181427001953125,46.25382995605469,0,1038240,0.0
zero,1,2,12.0,v600,-33.286712646484375,36.841548919677734,0,1038240,0.0
zero,1,2,12.0,v700,-27.727201461791992,34.439693450927734,0,1038240,0.0
zero,1,2,12.0,v850,-36.857513427734375,38.818878173828125,0,1038240,0.0
zero,1,2,12.0,v925,-32.10883331298828,36.67573547363281,0,1038240,0.0
zero,1,2,12.0,v1000,-19.76866912841797,28.057533264160156,0,1038240,0.0
zero,1,2,12.0,z50,178425.3125,208132.046875,0,1038240,0.0
zero,1,2,12.0,z100,140601.109375,165767.71875,0,1038240,0.0
zero,1,2,12.0,z150,117500.1875,142046.609375,0,1038240,0.0
zero,1,2,12.0,z200,100662.625,123892.1875,0,1038240,0.0
zero,1,2,12.0,z250,87341.2421875,109062.3203125,0,1038240,0.0
zero,1,2,12.0,z300,76238.71875,96355.875,0,1038240,0.0
zero,1,2,12.0,z400,58364.21875,75480.828125,0,1038240,0.0
zero,1,2,12.0,z500,44087.7578125,58903.60546875,0,1038240,0.0
zero,1,2,12.0,z600,31994.970703125,44796.171875,0,1038240,0.0
zero,1,2,12.0,z700,21556.119140625,32431.1171875,0,1038240,0.0
zero,1,2,12.0,z850,7360.654296875,16491.619140625,0,1038240,0.0
zero,1,2,12.0,z925,969.54541015625,9397.40625,0,1038240,0.0
zero,1,2,12.0,z1000,-5071.58935546875,3096.43701171875,0,1038240,0.0
zero,1,2,12.0,t50,180.73435974121094,234.05763244628906,0,1038240,0.0
zero,1,2,12.0,t100,186.34329223632812,235.4652557373047,0,1038240,0.0
zero,1,2,12.0,t150,188.22149658203125,238.62452697753906,0,1038240,0.0
zero,1,2,12.0,t200,191.9323272705078,241.485107421875,0,1038240,0.0
zero,1,2,12.0,t250,199.12103271484375,242.9459228515625,0,1038240,0.0
zero,1,2,12.0,t300,204.8271484375,251.21499633789062,0,1038240,0.0
zero,1,2,12.0,t400,214.71810913085938,265.0132141113281,0,1038240,0.0
zero,1,2,12.0,t500,223.65162658691406,276.45135498046875,0,1038240,0.0
zero,1,2,12.0,t600,217.67056274414062,290.3299865722656,0,1038240,0.0
zero,1,2,12.0,t700,214.6513671875,302.19256591796875,0,1038240,0.0
zero,1,2,12.0,t850,222.50567626953125,314.0937194824219,0,1038240,0.0
zero,1,2,12.0,t925,226.85049438476562,319.78216552734375,0,1038240,0.0
zero,1,2,12.0,t1000,230.6319580078125,324.8677673339844,0,1038240,0.0
zero,1,2,12.0,q50,8.485653779644053e-08,1.959241217264207e-06,0,1038240,0.0
zero,1,2,12.0,q100,2.667875378392637e-07,8.742030331632122e-06,0,1038240,0.0
zero,1,2,12.0,q150,3.6976962292101234e-07,3.52549395756796e-05,0,1038240,0.0
zero,1,2,12.0,q200,-2.756447429419495e-06,0.00020802393555641174,9652,1038240,0.009296501772229928
zero,1,2,12.0,q250,-9.911320375977084e-06,0.0007063564844429493,38349,1038240,0.03693654646324549
zero,1,2,12.0,q300,-1.2277188943699002e-05,0.00153423473238945,19211,1038240,0.018503428879642472
zero,1,2,12.0,q400,-7.395376451313496e-05,0.004148497711867094,48370,1038240,0.04658845738942826
zero,1,2,12.0,q500,-0.0001120157539844513,0.006989193614572287,25526,1038240,0.024585837571274465
zero,1,2,12.0,q600,-0.0002304170047864318,0.010147817432880402,20414,1038240,0.019662120511635076
zero,1,2,12.0,q700,-0.0006534510757774115,0.013357657939195633,54619,1038240,0.05260729696409308
zero,1,2,12.0,q850,-0.0012465603649616241,0.017900627106428146,70587,1038240,0.06798717059639389
zero,1,2,12.0,q925,-0.0015205289237201214,0.020125605165958405,73388,1038240,0.07068500539374326
zero,1,2,12.0,q1000,-0.0017796200700104237,0.02522667497396469,73094,1038240,0.07040183387270765
zero,1,3,18.0,u10m,-22.75889778137207,20.836395263671875,0,1038240,0.0
zero,1,3,18.0,v10m,-19.845441818237305,26.773466110229492,0,1038240,0.0
zero,1,3,18.0,u100m,-29.590038299560547,25.75139045715332,0,1038240,0.0
zero,1,3,18.0,v100m,-25.642412185668945,36.57195281982422,0,1038240,0.0
zero,1,3,18.0,t2m,206.3167724609375,320.8795166015625,0,1038240,0.0
zero,1,3,18.0,sp,49166.3671875,103798.109375,0,1038240,0.0
zero,1,3,18.0,msl,93883.8125,103938.9140625,0,1038240,0.0
zero,1,3,18.0,tcwv,-5.101558685302734,77.45545959472656,73572,1038240,0.07086222838650023
zero,1,3,18.0,u50,-29.240447998046875,76.20945739746094,0,1038240,0.0
zero,1,3,18.0,u100,-37.244102478027344,65.86787414550781,0,1038240,0.0
zero,1,3,18.0,u150,-32.91249084472656,74.45291137695312,0,1038240,0.0
zero,1,3,18.0,u200,-40.92115020751953,86.29351043701172,0,1038240,0.0
zero,1,3,18.0,u250,-37.48995590209961,101.04899597167969,0,1038240,0.0
zero,1,3,18.0,u300,-39.115543365478516,97.71902465820312,0,1038240,0.0
zero,1,3,18.0,u400,-37.67832946777344,71.58952331542969,0,1038240,0.0
zero,1,3,18.0,u500,-34.5335578918457,58.22721862792969,0,1038240,0.0
zero,1,3,18.0,u600,-32.902992248535156,45.48898696899414,0,1038240,0.0
zero,1,3,18.0,u700,-34.03733825683594,39.04045867919922,0,1038240,0.0
zero,1,3,18.0,u850,-36.35478973388672,35.62174606323242,0,1038240,0.0
zero,1,3,18.0,u925,-36.856231689453125,32.01686477661133,0,1038240,0.0
zero,1,3,18.0,u1000,-22.246217727661133,21.52625846862793,0,1038240,0.0
zero,1,3,18.0,v50,-23.21405601501465,29.55408477783203,0,1038240,0.0
zero,1,3,18.0,v100,-26.698583602905273,33.70105743408203,0,1038240,0.0
zero,1,3,18.0,v150,-29.464670181274414,36.502464294433594,0,1038240,0.0
zero,1,3,18.0,v200,-45.37077713012695,54.95509719848633,0,1038240,0.0
zero,1,3,18.0,v250,-57.1181526184082,62.68858337402344,0,1038240,0.0
zero,1,3,18.0,v300,-52.77499008178711,59.16200256347656,0,1038240,0.0
zero,1,3,18.0,v400,-44.96057891845703,52.57611846923828,0,1038240,0.0
zero,1,3,18.0,v500,-42.510108947753906,43.3453483581543,0,1038240,0.0
zero,1,3,18.0,v600,-33.117759704589844,36.51829528808594,0,1038240,0.0
zero,1,3,18.0,v700,-27.336721420288086,34.29627227783203,0,1038240,0.0
zero,1,3,18.0,v850,-32.71282958984375,37.79958724975586,0,1038240,0.0
zero,1,3,18.0,v925,-31.23782730102539,37.620487213134766,0,1038240,0.0
zero,1,3,18.0,v1000,-20.67019271850586,27.404064178466797,0,1038240,0.0
zero,1,3,18.0,z50,178364.59375,208026.84375,0,1038240,0.0
zero,1,3,18.0,z100,140505.75,165755.703125,0,1038240,0.0
zero,1,3,18.0,z150,117417.9765625,142009.5,0,1038240,0.0
zero,1,3,18.0,z200,100615.4921875,123871.2265625,0,1038240,0.0
zero,1,3,18.0,z250,87318.046875,109031.84375,0,1038240,0.0
zero,1,3,18.0,z300,76233.15625,96387.7421875,0,1038240,0.0
zero,1,3,18.0,z400,58392.1640625,75614.703125,0,1038240,0.0
zero,1,3,18.0,z500,44144.34375,58856.78125,0,1038240,0.0
zero,1,3,18.0,z600,32108.4609375,44696.90234375,0,1038240,0.0
zero,1,3,18.0,z700,21648.76171875,32401.078125,0,1038240,0.0
zero,1,3,18.0,z850,7493.36572265625,16458.3828125,0,1038240,0.0
zero,1,3,18.0,z925,1167.32470703125,9416.931640625,0,1038240,0.0
zero,1,3,18.0,z1000,-4780.74169921875,3016.40234375,0,1038240,0.0
zero,1,3,18.0,t50,180.44265747070312,234.35751342773438,0,1038240,0.0
zero,1,3,18.0,t100,186.37977600097656,235.3859100341797,0,1038240,0.0
zero,1,3,18.0,t150,188.81300354003906,239.08558654785156,0,1038240,0.0
zero,1,3,18.0,t200,192.62982177734375,241.7964324951172,0,1038240,0.0
zero,1,3,18.0,t250,199.32684326171875,242.4601287841797,0,1038240,0.0
zero,1,3,18.0,t300,204.73536682128906,250.66036987304688,0,1038240,0.0
zero,1,3,18.0,t400,214.79324340820312,264.7555236816406,0,1038240,0.0
zero,1,3,18.0,t500,223.2855682373047,276.767578125,0,1038240,0.0
zero,1,3,18.0,t600,216.60836791992188,288.46844482421875,0,1038240,0.0
zero,1,3,18.0,t700,215.436767578125,299.6343994140625,0,1038240,0.0
zero,1,3,18.0,t850,223.75790405273438,310.33349609375,0,1038240,0.0
zero,1,3,18.0,t925,227.81832885742188,316.83099365234375,0,1038240,0.0
zero,1,3,18.0,t1000,231.50430297851562,321.9698791503906,0,1038240,0.0
zero,1,3,18.0,q50,1.2880468602816109e-07,1.9686690393427853e-06,0,1038240,0.0
zero,1,3,18.0,q100,3.991415269410936e-07,8.172139132511802e-06,0,1038240,0.0
zero,1,3,18.0,q150,3.3531705412315205e-07,3.6804962292080745e-05,0,1038240,0.0
zero,1,3,18.0,q200,-1.6774611140135676e-06,0.0002112554939230904,5729,1038240,0.005517991986438589
zero,1,3,18.0,q250,-1.5080837329151109e-05,0.0006485458579845726,34104,1038240,0.03284789644012945
zero,1,3,18.0,q300,-1.5704077668488026e-05,0.0015144519275054336,28133,1038240,0.027096817691477884
zero,1,3,18.0,q400,-7.630229811184108e-05,0.004055245313793421,56813,1038240,0.05472048851903221
zero,1,3,18.0,q500,-0.0001225915621034801,0.006949522998183966,40876,1038240,0.03937047310833718
zero,1,3,18.0,q600,-0.00031697750091552734,0.009602718986570835,35743,1038240,0.034426529511480966
zero,1,3,18.0,q700,-0.000734423054382205,0.013106845319271088,60746,1038240,0.05850862998921252
zero,1,3,18.0,q850,-0.001195005141198635,0.018031185492873192,72769,1038240,0.07008880413006627
zero,1,3,18.0,q925,-0.0014863749966025352,0.01987578347325325,75193,1038240,0.07242352442595161
zero,1,3,18.0,q1000,-0.0015490413643419743,0.024602830410003662,73760,1038240,0.07104330405301279
zero,1,4,24.0,u10m,-20.917194366455078,25.45136833190918,0,1038240,0.0
zero,1,4,24.0,v10m,-19.721416473388672,25.55338478088379,0,1038240,0.0
zero,1,4,24.0,u100m,-27.972076416015625,32.5674934387207,0,1038240,0.0
zero,1,4,24.0,v100m,-26.21065902709961,34.56995391845703,0,1038240,0.0
zero,1,4,24.0,t2m,205.80441284179688,319.51104736328125,0,1038240,0.0
zero,1,4,24.0,sp,49046.63671875,103879.9375,0,1038240,0.0
zero,1,4,24.0,msl,93893.953125,103863.3515625,0,1038240,0.0
zero,1,4,24.0,tcwv,-4.607563018798828,75.87976837158203,72313,1038240,0.06964959932192942
zero,1,4,24.0,u50,-29.716625213623047,77.6054458618164,0,1038240,0.0
zero,1,4,24.0,u100,-37.615013122558594,65.92705535888672,0,1038240,0.0
zero,1,4,24.0,u150,-31.637746810913086,73.64391326904297,0,1038240,0.0
zero,1,4,24.0,u200,-37.446144104003906,85.67019653320312,0,1038240,0.0
zero,1,4,24.0,u250,-36.50111770629883,96.27857971191406,0,1038240,0.0
zero,1,4,24.0,u300,-38.976383209228516,93.82947540283203,0,1038240,0.0
zero,1,4,24.0,u400,-35.79047393798828,72.43921661376953,0,1038240,0.0
zero,1,4,24.0,u500,-30.368812561035156,62.87274932861328,0,1038240,0.0
zero,1,4,24.0,u600,-30.034753799438477,51.09969711303711,0,1038240,0.0
zero,1,4,24.0,u700,-31.62246322631836,41.607696533203125,0,1038240,0.0
zero,1,4,24.0,u850,-36.18781280517578,35.333248138427734,0,1038240,0.0
zero,1,4,24.0,u925,-34.67414093017578,35.86801528930664,0,1038240,0.0
zero,1,4,24.0,u1000,-20.431760787963867,25.139568328857422,0,1038240,0.0
zero,1,4,24.0,v50,-22.934934616088867,29.34223175048828,0,1038240,0.0
zero,1,4,24.0,v100,-25.026094436645508,32.71303176879883,0,1038240,0.0
zero,1,4,24.0,v150,-29.512609481811523,34.76947784423828,0,1038240,0.0
zero,1,4,24.0,v200,-42.445064544677734,53.335357666015625,0,1038240,0.0
zero,1,4,24.0,v250,-55.13445281982422,63.16233825683594,0,1038240,0.0
zero,1,4,24.0,v300,-54.23842239379883,60.661895751953125,0,1038240,0.0
zero,1,4,24.0,v400,-38.77946090698242,53.00190734863281,0,1038240,0.0
zero,1,4,24.0,v500,-36.5388298034668,46.0913200378418,0,1038240,0.0
zero,1,4,24.0,v600,-33.31260681152344,36.933876037597656,0,1038240,0.0
zero,1,4,24.0,v700,-29.956241607666016,32.057132720947266,0,1038240,0.0
zero,1,4,24.0,v850,-36.65741729736328,38.78407287597656,0,1038240,0.0
zero,1,4,24.0,v925,-32.073265075683594,36.681880950927734,0,1038240,0.0
zero,1,4,24.0,v1000,-20.378957748413086,26.2869815826416,0,1038240,0.0
zero,1,4,24.0,z50,178282.921875,208038.75,0,1038240,0.0
zero,1,4,24.0,z100,140450.34375,165511.640625,0,1038240,0.0
zero,1,4,24.0,z150,117386.8125,141741.390625,0,1038240,0.0
zero,1,4,24.0,z200,100595.2578125,123627.8203125,0,1038240,0.0
zero,1,4,24.0,z250,87301.546875,108931.859375,0,1038240,0.0
zero,1,4,24.0,z300,76199.046875,96398.125,0,1038240,0.0
zero,1,4,24.0,z400,58367.57421875,75583.09375,0,1038240,0.0
zero,1,4,24.0,z500,44144.39453125,58800.78125,0,1038240,0.0
zero,1,4,24.0,z600,32159.912109375,44669.2734375,0,1038240,0.0
zero,1,4,24.0,z700,21596.25,32390.37109375,0,1038240,0.0
zero,1,4,24.0,z850,7355.69189453125,16492.4609375,0,1038240,0.0
zero,1,4,24.0,z925,1074.4677734375,9512.21484375,0,1038240,0.0
zero,1,4,24.0,z1000,-4791.412109375,3068.01806640625,0,1038240,0.0
zero,1,4,24.0,t50,180.0303192138672,234.6508026123047,0,1038240,0.0
zero,1,4,24.0,t100,186.5146484375,235.38568115234375,0,1038240,0.0
zero,1,4,24.0,t150,188.56765747070312,239.3572235107422,0,1038240,0.0
zero,1,4,24.0,t200,192.23849487304688,241.90878295898438,0,1038240,0.0
zero,1,4,24.0,t250,199.6746826171875,242.63880920410156,0,1038240,0.0
zero,1,4,24.0,t300,204.74929809570312,250.16761779785156,0,1038240,0.0
zero,1,4,24.0,t400,214.6383056640625,264.619384765625,0,1038240,0.0
zero,1,4,24.0,t500,222.8271484375,276.62127685546875,0,1038240,0.0
zero,1,4,24.0,t600,217.0934295654297,286.6383361816406,0,1038240,0.0
zero,1,4,24.0,t700,215.74066162109375,295.4066467285156,0,1038240,0.0
zero,1,4,24.0,t850,224.3338623046875,308.165283203125,0,1038240,0.0
zero,1,4,24.0,t925,228.18467712402344,313.81573486328125,0,1038240,0.0
zero,1,4,24.0,t1000,231.87257385253906,318.2935485839844,0,1038240,0.0
zero,1,4,24.0,q50,1.697510469966801e-07,1.9753165361180436e-06,0,1038240,0.0
zero,1,4,24.0,q100,4.764326604345115e-07,7.67300934967352e-06,0,1038240,0.0
zero,1,4,24.0,q150,-5.803758540423587e-08,3.535357245709747e-05,3,1038240,2.889505316689783e-06
zero,1,4,24.0,q200,-1.429141775588505e-06,0.00019477208843454719,4921,1038240,0.00473975188781014
zero,1,4,24.0,q250,-1.2783562851836905e-05,0.0006223827367648482,40805,1038240,0.039302088149175525
zero,1,4,24.0,q300,-1.8117454601451755e-05,0.0014741343911737204,31123,1038240,0.0299766913237787
zero,1,4,24.0,q400,-6.268353899940848e-05,0.004100874066352844,53525,1038240,0.05155359069194021
zero,1,4,24.0,q500,-0.00012134184362366796,0.00690223416313529,44515,1038240,0.04287544305748189
zero,1,4,24.0,q600,-0.00025674502830952406,0.009479974396526814,43285,1038240,0.04169074587763908
zero,1,4,24.0,q700,-0.0006537095177918673,0.013035442680120468,59704,1038240,0.05750500847588226
zero,1,4,24.0,q850,-0.0010119020007550716,0.018072044476866722,72156,1038240,0.06949838187702265
zero,1,4,24.0,q925,-0.0012711919844150543,0.019603118300437927,74829,1038240,0.07207293111419324
zero,1,4,24.0,q1000,-0.001388773787766695,0.02463974803686142,72898,1038240,0.07021305285868393
zero,1,5,30.0,u10m,-21.71149444580078,27.016817092895508,0,1038240,0.0
zero,1,5,30.0,v10m,-19.779186248779297,24.1138858795166,0,1038240,0.0
zero,1,5,30.0,u100m,-29.05400276184082,34.12095642089844,0,1038240,0.0
zero,1,5,30.0,v100m,-26.066762924194336,32.99931335449219,0,1038240,0.0
zero,1,5,30.0,t2m,205.74844360351562,316.18450927734375,0,1038240,0.0
zero,1,5,30.0,sp,49072.515625,103788.28125,0,1038240,0.0
zero,1,5,30.0,msl,93969.5625,103797.0859375,0,1038240,0.0
zero,1,5,30.0,tcwv,-4.130058288574219,75.21121978759766,70733,1038240,0.0681277931884728
zero,1,5,30.0,u50,-30.319225311279297,77.09723663330078,0,1038240,0.0
zero,1,5,30.0,u100,-38.03550338745117,68.66584777832031,0,1038240,0.0
zero,1,5,30.0,u150,-30.393064498901367,73.16688537597656,0,1038240,0.0
zero,1,5,30.0,u200,-37.570594787597656,85.42444610595703,0,1038240,0.0
zero,1,5,30.0,u250,-33.46573257446289,93.52374267578125,0,1038240,0.0
zero,1,5,30.0,u300,-37.42467498779297,91.71481323242188,0,1038240,0.0
zero,1,5,30.0,u400,-34.37147521972656,75.02721405029297,0,1038240,0.0
zero,1,5,30.0,u500,-30.877262115478516,60.9599494934082,0,1038240,0.0
zero,1,5,30.0,u600,-29.28685188293457,49.4787712097168,0,1038240,0.0
zero,1,5,30.0,u700,-35.627994537353516,40.05741882324219,0,1038240,0.0
zero,1,5,30.0,u850,-38.30747604370117,39.31468963623047,0,1038240,0.0
zero,1,5,30.0,u925,-35.180747985839844,36.404178619384766,0,1038240,0.0
zero,1,5,30.0,u1000,-21.658950805664062,26.452539443969727,0,1038240,0.0
zero,1,5,30.0,v50,-23.59062957763672,27.967533111572266,0,1038240,0.0
zero,1,5,30.0,v100,-21.95770835876465,31.379308700561523,0,1038240,0.0
zero,1,5,30.0,v150,-28.411693572998047,33.08298873901367,0,1038240,0.0
zero,1,5,30.0,v200,-42.47712326049805,51.72807312011719,0,1038240,0.0
zero,1,5,30.0,v250,-54.371971130371094,63.67271423339844,0,1038240,0.0
zero,1,5,30.0,v300,-53.51603698730469,66.13902282714844,0,1038240,0.0
zero,1,5,30.0,v400,-39.70134735107422,56.45737838745117,0,1038240,0.0
zero,1,5,30.0,v500,-37.28642654418945,48.50705337524414,0,1038240,0.0
zero,1,5,30.0,v600,-33.24876403808594,39.388301849365234,0,1038240,0.0
zero,1,5,30.0,v700,-28.799392700195312,32.52214431762695,0,1038240,0.0
zero,1,5,30.0,v850,-36.25537109375,38.75423812866211,0,1038240,0.0
zero,1,5,30.0,v925,-30.859251022338867,31.939714431762695,0,1038240,0.0
zero,1,5,30.0,v1000,-20.341773986816406,24.565027236938477,0,1038240,0.0
zero,1,5,30.0,z50,178072.78125,208175.96875,0,1038240,0.0
zero,1,5,30.0,z100,140335.25,165621.3125,0,1038240,0.0
zero,1,5,30.0,z150,117312.875,141766.09375,0,1038240,0.0
zero,1,5,30.0,z200,100544.890625,123667.1875,0,1038240,0.0
zero,1,5,30.0,z250,87257.8828125,108939.84375,0,1038240,0.0
zero,1,5,30.0,z300,76183.3125,96394.453125,0,1038240,0.0
zero,1,5,30.0,z400,58362.3828125,75591.9765625,0,1038240,0.0
zero,1,5,30.0,z500,44137.60546875,58647.421875,0,1038240,0.0
zero,1,5,30.0,z600,31988.392578125,44514.7734375,0,1038240,0.0
zero,1,5,30.0,z700,21274.240234375,32219.62109375,0,1038240,0.0
zero,1,5,30.0,z850,7283.6142578125,16517.9140625,0,1038240,0.0
zero,1,5,30.0,z925,1122.7177734375,9523.12890625,0,1038240,0.0
zero,1,5,30.0,z1000,-4677.46142578125,3027.6923828125,0,1038240,0.0
zero,1,5,30.0,t50,179.8109588623047,234.92864990234375,0,1038240,0.0
zero,1,5,30.0,t100,186.2783660888672,235.23265075683594,0,1038240,0.0
zero,1,5,30.0,t150,189.11053466796875,240.01864624023438,0,1038240,0.0
zero,1,5,30.0,t200,192.11367797851562,242.1234893798828,0,1038240,0.0
zero,1,5,30.0,t250,199.81578063964844,242.5130157470703,0,1038240,0.0
zero,1,5,30.0,t300,204.80889892578125,250.23452758789062,0,1038240,0.0
zero,1,5,30.0,t400,214.09217834472656,264.1508483886719,0,1038240,0.0
zero,1,5,30.0,t500,222.83909606933594,276.0257568359375,0,1038240,0.0
zero,1,5,30.0,t600,216.96939086914062,289.0409851074219,0,1038240,0.0
zero,1,5,30.0,t700,215.1461639404297,300.839599609375,0,1038240,0.0
zero,1,5,30.0,t850,223.910888671875,312.13201904296875,0,1038240,0.0
zero,1,5,30.0,t925,227.73651123046875,317.29022216796875,0,1038240,0.0
zero,1,5,30.0,t1000,231.31365966796875,322.4418640136719,0,1038240,0.0
zero,1,5,30.0,q50,2.115789357048925e-07,1.982776211661985e-06,0,1038240,0.0
zero,1,5,30.0,q100,5.700976544176228e-07,7.222646217996953e-06,0,1038240,0.0
zero,1,5,30.0,q150,-4.4267926568863913e-07,3.5022592783207074e-05,63,1038240,6.0679611650485434e-05
zero,1,5,30.0,q200,-2.2192452888702974e-06,0.0002028890303336084,7397,1038240,0.007124556942518108
zero,1,5,30.0,q250,-1.5604204236296937e-05,0.0006366627640090883,32131,1038240,0.03094756511018647
zero,1,5,30.0,q300,-2.065078297164291e-05,0.0015164284268394113,28539,1038240,0.027487864077669903
zero,1,5,30.0,q400,-6.835826206952333e-05,0.004192057065665722,50365,1038240,0.04850997842502697
zero,1,5,30.0,q500,-0.00011361984070390463,0.007218089420348406,40712,1038240,0.03921251348435814
zero,1,5,30.0,q600,-0.00029274309054017067,0.010798525996506214,44128,1038240,0.04250269687162891
zero,1,5,30.0,q700,-0.0005520053673535585,0.013304576277732849,61849,1038240,0.05957100477731546
zero,1,5,30.0,q850,-0.000838790088891983,0.017994707450270653,70108,1038240,0.06752581291416243
zero,1,5,30.0,q925,-0.0010583591647446156,0.020056303590536118,72473,1038240,0.06980370627215288
zero,1,5,30.0,q1000,-0.0011323303915560246,0.023933596909046173,71211,1038240,0.06858818770226537
zero,1,6,36.0,u10m,-22.132970809936523,23.299482345581055,0,1038240,0.0
zero,1,6,36.0,v10m,-19.48523712158203,22.847206115722656,0,1038240,0.0
zero,1,6,36.0,u100m,-29.32468032836914,29.09923553466797,0,1038240,0.0
zero,1,6,36.0,v100m,-25.404306411743164,31.7803955078125,0,1038240,0.0
zero,1,6,36.0,t2m,204.12667846679688,322.08502197265625,0,1038240,0.0
zero,1,6,36.0,sp,49000.6484375,103833.609375,0,1038240,0.0
zero,1,6,36.0,msl,94192.6875,103783.0,0,1038240,0.0
zero,1,6,36.0,tcwv,-3.719867706298828,75.5044937133789,67034,1038240,0.0645650331329943
zero,1,6,36.0,u50,-27.42876434326172,75.8682632446289,0,1038240,0.0
zero,1,6,36.0,u100,-37.70653533935547,67.94447326660156,0,1038240,0.0
zero,1,6,36.0,u150,-31.963117599487305,71.17867279052734,0,1038240,0.0
zero,1,6,36.0,u200,-37.26325225830078,83.00004577636719,0,1038240,0.0
zero,1,6,36.0,u250,-34.47074508666992,90.77217102050781,0,1038240,0.0
zero,1,6,36.0,u300,-31.747379302978516,86.57569122314453,0,1038240,0.0
zero,1,6,36.0,u400,-28.24733543395996,73.01483154296875,0,1038240,0.0
zero,1,6,36.0,u500,-27.763275146484375,59.6470832824707,0,1038240,0.0
zero,1,6,36.0,u600,-29.986486434936523,48.4382438659668,0,1038240,0.0
zero,1,6,36.0,u700,-37.37109375,40.95806884765625,0,1038240,0.0
zero,1,6,36.0,u850,-37.854408264160156,36.43061447143555,0,1038240,0.0
zero,1,6,36.0,u925,-35.07291030883789,31.023197174072266,0,1038240,0.0
zero,1,6,36.0,u1000,-21.839340209960938,23.246950149536133,0,1038240,0.0
zero,1,6,36.0,v50,-25.393430709838867,27.560331344604492,0,1038240,0.0
zero,1,6,36.0,v100,-21.453378677368164,29.022310256958008,0,1038240,0.0
zero,1,6,36.0,v150,-29.067523956298828,32.701419830322266,0,1038240,0.0
zero,1,6,36.0,v200,-40.6501579284668,47.994998931884766,0,1038240,0.0
zero,1,6,36.0,v250,-50.556121826171875,54.300750732421875,0,1038240,0.0
zero,1,6,36.0,v300,-54.707645416259766,53.91728591918945,0,1038240,0.0
zero,1,6,36.0,v400,-45.78324508666992,53.82649230957031,0,1038240,0.0
zero,1,6,36.0,v500,-37.62321090698242,45.88722610473633,0,1038240,0.0
zero,1,6,36.0,v600,-30.042675018310547,38.60389709472656,0,1038240,0.0
zero,1,6,36.0,v700,-26.067346572875977,31.22124481201172,0,1038240,0.0
zero,1,6,36.0,v850,-32.5027961730957,37.788414001464844,0,1038240,0.0
zero,1,6,36.0,v925,-31.155445098876953,31.004680633544922,0,1038240,0.0
zero,1,6,36.0,v1000,-20.4096736907959,23.545185089111328,0,1038240,0.0
zero,1,6,36.0,z50,177778.078125,208346.4375,0,1038240,0.0
zero,1,6,36.0,z100,140343.4375,165804.75,0,1038240,0.0
zero,1,6,36.0,z150,117383.15625,141954.921875,0,1038240,0.0
zero,1,6,36.0,z200,100662.9375,123788.8125,0,1038240,0.0
zero,1,6,36.0,z250,87421.1953125,108870.7109375,0,1038240,0.0
zero,1,6,36.0,z300,76357.9609375,96253.5859375,0,1038240,0.0
zero,1,6,36.0,z400,58530.4140625,75455.671875,0,1038240,0.0
zero,1,6,36.0,z500,44135.0078125,58723.75,0,1038240,0.0
zero,1,6,36.0,z600,31880.859375,44603.3828125,0,1038240,0.0
zero,1,6,36.0,z700,21234.38671875,32268.96875,0,1038240,0.0
zero,1,6,36.0,z850,7409.6572265625,16569.791015625,0,1038240,0.0
zero,1,6,36.0,z925,1300.3046875,9576.146484375,0,1038240,0.0
zero,1,6,36.0,z1000,-4471.5390625,3087.31396484375,0,1038240,0.0
zero,1,6,36.0,t50,179.49038696289062,235.19728088378906,0,1038240,0.0
zero,1,6,36.0,t100,185.99537658691406,235.69029235839844,0,1038240,0.0
zero,1,6,36.0,t150,189.07444763183594,240.2223663330078,0,1038240,0.0
zero,1,6,36.0,t200,192.00888061523438,241.98191833496094,0,1038240,0.0
zero,1,6,36.0,t250,200.2344207763672,242.7882537841797,0,1038240,0.0
zero,1,6,36.0,t300,204.64405822753906,251.33343505859375,0,1038240,0.0
zero,1,6,36.0,t400,213.6080780029297,265.4929504394531,0,1038240,0.0
zero,1,6,36.0,t500,222.52633666992188,276.8248291015625,0,1038240,0.0
zero,1,6,36.0,t600,217.43362426757812,291.0350036621094,0,1038240,0.0
zero,1,6,36.0,t700,215.04237365722656,303.3629455566406,0,1038240,0.0
zero,1,6,36.0,t850,223.51712036132812,313.70947265625,0,1038240,0.0
zero,1,6,36.0,t925,227.426025390625,318.6377868652344,0,1038240,0.0
zero,1,6,36.0,t1000,231.00607299804688,323.59063720703125,0,1038240,0.0
zero,1,6,36.0,q50,2.488977770553902e-07,1.9891083411494037e-06,0,1038240,0.0
zero,1,6,36.0,q100,6.479251624114113e-07,6.820849648647709e-06,0,1038240,0.0
zero,1,6,36.0,q150,1.771804818417877e-07,3.9006885344861075e-05,0,1038240,0.0
zero,1,6,36.0,q200,-3.7297304515959695e-06,0.00021334897610358894,11502,1038240,0.011078363384188626
zero,1,6,36.0,q250,-1.3802749890601262e-05,0.0006453224341385067,30906,1038240,0.02976768377253814
zero,1,6,36.0,q300,-1.6538790077902377e-05,0.0014782900689169765,27401,1038240,0.02639177839420558
zero,1,6,36.0,q400,-5.644679185934365e-05,0.003988725133240223,48969,1038240,0.047165395284327324
zero,1,6,36.0,q500,-0.00010134920012205839,0.007915443740785122,36907,1038240,0.0355476575743566
zero,1,6,36.0,q600,-0.00021642097271978855,0.009869061410427094,42271,1038240,0.04071409308059794
zero,1,6,36.0,q700,-0.00048431288450956345,0.012852009385824203,56809,1038240,0.05471663584527662
zero,1,6,36.0,q850,-0.0006326688453555107,0.018176821991801262,65809,1038240,0.06338515179534597
zero,1,6,36.0,q925,-0.0007958114147186279,0.020159905776381493,67537,1038240,0.06504950685775929
zero,1,6,36.0,q1000,-0.0009281770326197147,0.02565820701420307,67190,1038240,0.06471528740946217
zero,1,7,42.0,u10m,-21.94186782836914,18.602632522583008,0,1038240,0.0
zero,1,7,42.0,v10m,-20.331466674804688,23.66864013671875,0,1038240,0.0
zero,1,7,42.0,u100m,-28.438690185546875,24.115659713745117,0,1038240,0.0
zero,1,7,42.0,v100m,-27.385011672973633,32.626800537109375,0,1038240,0.0
zero,1,7,42.0,t2m,202.6654052734375,321.0466613769531,0,1038240,0.0
zero,1,7,42.0,sp,49104.9453125,103867.8359375,0,1038240,0.0
zero,1,7,42.0,msl,94657.578125,103827.1640625,0,1038240,0.0
zero,1,7,42.0,tcwv,-2.7529525756835938,76.8407974243164,61226,1038240,0.05897095083988288
zero,1,7,42.0,u50,-27.991546630859375,75.67066955566406,0,1038240,0.0
zero,1,7,42.0,u100,-33.94633483886719,67.02249145507812,0,1038240,0.0
zero,1,7,42.0,u150,-30.924333572387695,70.41038513183594,0,1038240,0.0
zero,1,7,42.0,u200,-37.868141174316406,81.59500885009766,0,1038240,0.0
zero,1,7,42.0,u250,-35.897396087646484,87.04409790039062,0,1038240,0.0
zero,1,7,42.0,u300,-32.44971466064453,85.19685363769531,0,1038240,0.0
zero,1,7,42.0,u400,-24.49724769592285,69.9443588256836,0,1038240,0.0
zero,1,7,42.0,u500,-26.782005310058594,59.724143981933594,0,1038240,0.0
zero,1,7,42.0,u600,-32.80142593383789,48.802879333496094,0,1038240,0.0
zero,1,7,42.0,u700,-39.57291793823242,40.73200988769531,0,1038240,0.0
zero,1,7,42.0,u850,-37.376182556152344,35.4329948425293,0,1038240,0.0
zero,1,7,42.0,u925,-36.297088623046875,30.60029411315918,0,1038240,0.0
zero,1,7,42.0,u1000,-21.960790634155273,20.86015510559082,0,1038240,0.0
zero,1,7,42.0,v50,-26.43909454345703,25.861984252929688,0,1038240,0.0
zero,1,7,42.0,v100,-21.727130889892578,25.755308151245117,0,1038240,0.0
zero,1,7,42.0,v150,-28.530241012573242,32.38082504272461,0,1038240,0.0
zero,1,7,42.0,v200,-40.27671432495117,47.69972610473633,0,1038240,0.0
zero,1,7,42.0,v250,-53.14247512817383,52.617958068847656,0,1038240,0.0
zero,1,7,42.0,v300,-58.94460678100586,54.78640365600586,0,1038240,0.0
zero,1,7,42.0,v400,-54.89338302612305,55.89350509643555,0,1038240,0.0
zero,1,7,42.0,v500,-39.772586822509766,48.720802307128906,0,1038240,0.0
zero,1,7,42.0,v600,-28.111618041992188,39.707157135009766,0,1038240,0.0
zero,1,7,42.0,v700,-24.591896057128906,32.660614013671875,0,1038240,0.0
zero,1,7,42.0,v850,-33.96984100341797,35.9310188293457,0,1038240,0.0
zero,1,7,42.0,v925,-34.299583435058594,31.039478302001953,0,1038240,0.0
zero,1,7,42.0,v1000,-20.53017234802246,24.38636589050293,0,1038240,0.0
zero,1,7,42.0,z50,177525.890625,208246.796875,0,1038240,0.0
zero,1,7,42.0,z100,140318.140625,165771.984375,0,1038240,0.0
zero,1,7,42.0,z150,117450.734375,141869.1875,0,1038240,0.0
zero,1,7,42.0,z200,100796.1328125,123717.921875,0,1038240,0.0
zero,1,7,42.0,z250,87601.25,108900.8046875,0,1038240,0.0
zero,1,7,42.0,z300,76563.2578125,96392.96875,0,1038240,0.0
zero,1,7,42.0,z400,58697.03515625,75591.921875,0,1038240,0.0
zero,1,7,42.0,z500,44249.8984375,58723.9921875,0,1038240,0.0
zero,1,7,42.0,z600,32054.51171875,44522.4375,0,1038240,0.0
zero,1,7,42.0,z700,21463.6875,32293.25390625,0,1038240,0.0
zero,1,7,42.0,z850,7726.7490234375,16584.3203125,0,1038240,0.0
zero,1,7,42.0,z925,1646.13818359375,9590.3154296875,0,1038240,0.0
zero,1,7,42.0,z1000,-4094.07080078125,3115.46875,0,1038240,0.0
zero,1,7,42.0,t50,179.8211669921875,235.57220458984375,0,1038240,0.0
zero,1,7,42.0,t100,186.2761993408203,235.93264770507812,0,1038240,0.0
zero,1,7,42.0,t150,189.25692749023438,241.1226806640625,0,1038240,0.0
zero,1,7,42.0,t200,192.1251983642578,242.03634643554688,0,1038240,0.0
zero,1,7,42.0,t250,199.79345703125,243.1295166015625,0,1038240,0.0
zero,1,7,42.0,t300,204.8927764892578,249.8478240966797,0,1038240,0.0
zero,1,7,42.0,t400,213.84954833984375,264.4804992675781,0,1038240,0.0
zero,1,7,42.0,t500,221.8052978515625,275.6808776855469,0,1038240,0.0
zero,1,7,42.0,t600,215.56936645507812,288.592529296875,0,1038240,0.0
zero,1,7,42.0,t700,214.48211669921875,299.1353759765625,0,1038240,0.0
zero,1,7,42.0,t850,224.8916778564453,310.1998291015625,0,1038240,0.0
zero,1,7,42.0,t925,228.67637634277344,315.9730224609375,0,1038240,0.0
zero,1,7,42.0,t1000,232.42929077148438,321.0892639160156,0,1038240,0.0
zero,1,7,42.0,q50,2.8405133889464196e-07,1.997025492528337e-06,0,1038240,0.0
zero,1,7,42.0,q100,7.093042313499609e-07,6.409571142285131e-06,0,1038240,0.0
zero,1,7,42.0,q150,3.8281723391264677e-07,3.8054098695283756e-05,0,1038240,0.0
zero,1,7,42.0,q200,-4.057323167216964e-06,0.0002128596097463742,12675,1038240,0.012208159963014331
zero,1,7,42.0,q250,-1.370908648823388e-05,0.0006464270991273224,26005,1038240,0.025047195253505933
zero,1,7,42.0,q300,-2.1027139155194163e-05,0.0014349335106089711,27669,1038240,0.026649907535829867
zero,1,7,42.0,q400,-6.278615910559893e-05,0.004203618969768286,45025,1038240,0.04336665896131916
zero,1,7,42.0,q500,-9.121495531871915e-05,0.007443426642566919,29260,1038240,0.028182308522114348
zero,1,7,42.0,q600,-0.0002548986813053489,0.00951139535754919,33473,1038240,0.0322401371551857
zero,1,7,42.0,q700,-0.00045926659367978573,0.01287977583706379,53403,1038240,0.051436084142394825
zero,1,7,42.0,q850,-0.0005438318476080894,0.018216725438833237,58560,1038240,0.05640314378178456
zero,1,7,42.0,q925,-0.0007316088303923607,0.019708391278982162,63259,1038240,0.06092907227615965
zero,1,7,42.0,q1000,-0.0008182558231055737,0.024858996272087097,62065,1038240,0.05977904916011712
zero,1,8,48.0,u10m,-23.269380569458008,20.360130310058594,0,1038240,0.0
zero,1,8,48.0,v10m,-24.07297706604004,23.01742935180664,0,1038240,0.0
zero,1,8,48.0,u100m,-29.66024398803711,26.093503952026367,0,1038240,0.0
zero,1,8,48.0,v100m,-31.891345977783203,32.0821647644043,0,1038240,0.0
zero,1,8,48.0,t2m,201.46743774414062,320.2019958496094,0,1038240,0.0
zero,1,8,48.0,sp,48955.87109375,103880.1484375,0,1038240,0.0
zero,1,8,48.0,msl,94919.9140625,103833.4140625,0,1038240,0.0
zero,1,8,48.0,tcwv,-2.6006603240966797,77.08879089355469,56364,1038240,0.05428802588996764
zero,1,8,48.0,u50,-28.576080322265625,73.10050964355469,0,1038240,0.0
zero,1,8,48.0,u100,-34.21907424926758,64.93463134765625,0,1038240,0.0
zero,1,8,48.0,u150,-31.8406925201416,68.49323272705078,0,1038240,0.0
zero,1,8,48.0,u200,-40.700218200683594,79.90088653564453,0,1038240,0.0
zero,1,8,48.0,u250,-36.04273986816406,84.66120910644531,0,1038240,0.0
zero,1,8,48.0,u300,-36.51304626464844,81.74260711669922,0,1038240,0.0
zero,1,8,48.0,u400,-32.809173583984375,67.98973083496094,0,1038240,0.0
zero,1,8,48.0,u500,-26.064289093017578,58.951236724853516,0,1038240,0.0
zero,1,8,48.0,u600,-28.13474464416504,49.753334045410156,0,1038240,0.0
zero,1,8,48.0,u700,-37.114986419677734,40.63144302368164,0,1038240,0.0
zero,1,8,48.0,u850,-38.423160552978516,34.40220642089844,0,1038240,0.0
zero,1,8,48.0,u925,-35.8642463684082,31.374181747436523,0,1038240,0.0
zero,1,8,48.0,u1000,-23.229820251464844,20.61588478088379,0,1038240,0.0
zero,1,8,48.0,v50,-26.25051498413086,24.509822845458984,0,1038240,0.0
zero,1,8,48.0,v100,-22.222515106201172,22.66226577758789,0,1038240,0.0
zero,1,8,48.0,v150,-27.47273826599121,32.64603805541992,0,1038240,0.0
zero,1,8,48.0,v200,-45.95158004760742,45.32463836669922,0,1038240,0.0
zero,1,8,48.0,v250,-52.89139175415039,47.56272888183594,0,1038240,0.0
zero,1,8,48.0,v300,-57.851158142089844,55.96025466918945,0,1038240,0.0
zero,1,8,48.0,v400,-55.6840705871582,55.19140625,0,1038240,0.0
zero,1,8,48.0,v500,-42.467140197753906,48.266563415527344,0,1038240,0.0
zero,1,8,48.0,v600,-29.60890769958496,38.9727897644043,0,1038240,0.0
zero,1,8,48.0,v700,-26.188556671142578,32.62063217163086,0,1038240,0.0
zero,1,8,48.0,v850,-37.718177795410156,35.216548919677734,0,1038240,0.0
zero,1,8,48.0,v925,-35.411258697509766,31.034730911254883,0,1038240,0.0
zero,1,8,48.0,v1000,-24.49220848083496,23.661935806274414,0,1038240,0.0
zero,1,8,48.0,z50,177227.421875,208247.828125,0,1038240,0.0
zero,1,8,48.0,z100,140360.984375,165661.71875,0,1038240,0.0
zero,1,8,48.0,z150,117617.6796875,141655.15625,0,1038240,0.0
zero,1,8,48.0,z200,100984.6796875,123636.5390625,0,1038240,0.0
zero,1,8,48.0,z250,87778.421875,109002.078125,0,1038240,0.0
zero,1,8,48.0,z300,76744.6953125,96461.96875,0,1038240,0.0
zero,1,8,48.0,z400,58820.23046875,75573.546875,0,1038240,0.0
zero,1,8,48.0,z500,44393.5390625,58801.54296875,0,1038240,0.0
zero,1,8,48.0,z600,32217.1953125,44595.265625,0,1038240,0.0
zero,1,8,48.0,z700,21638.80859375,32362.83984375,0,1038240,0.0
zero,1,8,48.0,z850,7915.1357421875,16616.251953125,0,1038240,0.0
zero,1,8,48.0,z925,1847.662109375,9600.02734375,0,1038240,0.0
zero,1,8,48.0,z1000,-3874.3125,3118.68408203125,0,1038240,0.0
zero,1,8,48.0,t50,179.98785400390625,235.70169067382812,0,1038240,0.0
zero,1,8,48.0,t100,186.71026611328125,236.33778381347656,0,1038240,0.0
zero,1,8,48.0,t150,190.11892700195312,241.36732482910156,0,1038240,0.0
zero,1,8,48.0,t200,192.32989501953125,241.7529296875,0,1038240,0.0
zero,1,8,48.0,t250,199.4614715576172,243.6459197998047,0,1038240,0.0
zero,1,8,48.0,t300,204.694091796875,250.23472595214844,0,1038240,0.0
zero,1,8,48.0,t400,214.44802856445312,264.4364318847656,0,1038240,0.0
zero,1,8,48.0,t500,221.51303100585938,275.6092834472656,0,1038240,0.0
zero,1,8,48.0,t600,212.08209228515625,286.54681396484375,0,1038240,0.0
zero,1,8,48.0,t700,214.2127227783203,295.7898254394531,0,1038240,0.0
zero,1,8,48.0,t850,223.79287719726562,308.6041564941406,0,1038240,0.0
zero,1,8,48.0,t925,227.57516479492188,314.3842468261719,0,1038240,0.0
zero,1,8,48.0,t1000,231.3575439453125,318.9427490234375,0,1038240,0.0
zero,1,8,48.0,q50,3.22091636917321e-07,2.0050226794410264e-06,0,1038240,0.0
zero,1,8,48.0,q100,7.811966042936547e-07,6.078947080823127e-06,0,1038240,0.0
zero,1,8,48.0,q150,2.2314816305879503e-07,3.398639819351956e-05,0,1038240,0.0
zero,1,8,48.0,q200,-4.129926310270093e-06,0.00019423470075707883,12310,1038240,0.011856603482817075
zero,1,8,48.0,q250,-1.104078910429962e-05,0.0006339395768009126,23615,1038240,0.022745222684543074
zero,1,8,48.0,q300,-2.8868933441117406e-05,0.0014783750521019101,22784,1038240,0.021944829711820005
zero,1,8,48.0,q400,-6.158280302770436e-05,0.004341329447925091,38541,1038240,0.03712147480351364
zero,1,8,48.0,q500,-0.00011366652324795723,0.007152688689529896,31792,1038240,0.030621051009400525
zero,1,8,48.0,q600,-0.00020417245104908943,0.009577627293765545,28819,1038240,0.027757551240560948
zero,1,8,48.0,q700,-0.0003782752901315689,0.012879755347967148,45643,1038240,0.04396189705655725
zero,1,8,48.0,q850,-0.0005588908679783344,0.018215881660580635,51275,1038240,0.04938646170442287
zero,1,8,48.0,q925,-0.0006445734761655331,0.01953912526369095,54760,1038240,0.0527431037139775
zero,1,8,48.0,q1000,-0.0008433735929429531,0.024845093488693237,55667,1038240,0.05361669748805671
zero,1,9,54.0,u10m,-22.316370010375977,21.400712966918945,0,1038240,0.0
zero,1,9,54.0,v10m,-20.129589080810547,22.984508514404297,0,1038240,0.0
zero,1,9,54.0,u100m,-28.916637420654297,27.767780303955078,0,1038240,0.0
zero,1,9,54.0,v100m,-26.454143524169922,29.793243408203125,0,1038240,0.0
zero,1,9,54.0,t2m,200.0710906982422,315.7739562988281,0,1038240,0.0
zero,1,9,54.0,sp,49011.41015625,103854.546875,0,1038240,0.0
zero,1,9,54.0,msl,95096.734375,103801.828125,0,1038240,0.0
zero,1,9,54.0,tcwv,-2.220104217529297,78.44709777832031,49020,1038240,0.04721451687471105
zero,1,9,54.0,u50,-30.790531158447266,72.24613952636719,0,1038240,0.0
zero,1,9,54.0,u100,-33.4671516418457,63.424530029296875,0,1038240,0.0
zero,1,9,54.0,u150,-32.94805145263672,67.55609893798828,0,1038240,0.0
zero,1,9,54.0,u200,-39.82048034667969,81.31107330322266,0,1038240,0.0
zero,1,9,54.0,u250,-35.17023849487305,82.01799011230469,0,1038240,0.0
zero,1,9,54.0,u300,-36.85823059082031,77.27205657958984,0,1038240,0.0
zero,1,9,54.0,u400,-34.79131317138672,63.165618896484375,0,1038240,0.0
zero,1,9,54.0,u500,-26.16469955444336,54.28226089477539,0,1038240,0.0
zero,1,9,54.0,u600,-28.55034828186035,45.17289352416992,0,1038240,0.0
zero,1,9,54.0,u700,-32.4520149230957,36.12060546875,0,1038240,0.0
zero,1,9,54.0,u850,-38.012454986572266,33.0816764831543,0,1038240,0.0
zero,1,9,54.0,u925,-36.611907958984375,34.45677947998047,0,1038240,0.0
zero,1,9,54.0,u1000,-23.217426300048828,21.71506690979004,0,1038240,0.0
zero,1,9,54.0,v50,-24.54950714111328,21.894882202148438,0,1038240,0.0
zero,1,9,54.0,v100,-23.722082138061523,21.143571853637695,0,1038240,0.0
zero,1,9,54.0,v150,-29.184335708618164,31.14800262451172,0,1038240,0.0
zero,1,9,54.0,v200,-43.9315299987793,45.24760055541992,0,1038240,0.0
zero,1,9,54.0,v250,-52.166587829589844,50.30107498168945,0,1038240,0.0
zero,1,9,54.0,v300,-54.981868743896484,57.03443145751953,0,1038240,0.0
zero,1,9,54.0,v400,-48.51835632324219,57.840362548828125,0,1038240,0.0
zero,1,9,54.0,v500,-43.64825439453125,51.18163299560547,0,1038240,0.0
zero,1,9,54.0,v600,-32.88499069213867,39.06575012207031,0,1038240,0.0
zero,1,9,54.0,v700,-28.479785919189453,35.2551383972168,0,1038240,0.0
zero,1,9,54.0,v850,-33.17165756225586,36.72772216796875,0,1038240,0.0
zero,1,9,54.0,v925,-31.725046157836914,36.82398223876953,0,1038240,0.0
zero,1,9,54.0,v1000,-20.67896842956543,23.628578186035156,0,1038240,0.0
zero,1,9,54.0,z50,176973.828125,208367.0,0,1038240,0.0
zero,1,9,54.0,z100,140336.328125,165838.140625,0,1038240,0.0
zero,1,9,54.0,z150,117640.921875,141902.625,0,1038240,0.0
zero,1,9,54.0,z200,100933.4375,123804.0625,0,1038240,0.0
zero,1,9,54.0,z250,87747.59375,109022.4453125,0,1038240,0.0
zero,1,9,54.0,z300,76716.8125,96496.328125,0,1038240,0.0
zero,1,9,54.0,z400,58759.9765625,75632.359375,0,1038240,0.0
zero,1,9,54.0,z500,44360.796875,58782.5234375,0,1038240,0.0
zero,1,9,54.0,z600,32208.73828125,44585.3671875,0,1038240,0.0
zero,1,9,54.0,z700,21684.41015625,32340.736328125,0,1038240,0.0
zero,1,9,54.0,z850,8019.5908203125,16581.15234375,0,1038240,0.0
zero,1,9,54.0,z925,1981.6826171875,9556.4072265625,0,1038240,0.0
zero,1,9,54.0,z1000,-3715.314453125,3082.38818359375,0,1038240,0.0
zero,1,9,54.0,t50,180.21913146972656,235.83340454101562,0,1038240,0.0
zero,1,9,54.0,t100,186.95028686523438,236.60604858398438,0,1038240,0.0
zero,1,9,54.0,t150,190.5070343017578,241.82339477539062,0,1038240,0.0
zero,1,9,54.0,t200,192.8318634033203,241.62496948242188,0,1038240,0.0
zero,1,9,54.0,t250,199.91366577148438,243.63555908203125,0,1038240,0.0
zero,1,9,54.0,t300,203.52725219726562,251.0033416748047,0,1038240,0.0
zero,1,9,54.0,t400,213.6504364013672,264.6889343261719,0,1038240,0.0
zero,1,9,54.0,t500,220.0083465576172,275.9632568359375,0,1038240,0.0
zero,1,9,54.0,t600,210.19903564453125,288.5321044921875,0,1038240,0.0
zero,1,9,54.0,t700,212.15585327148438,299.93292236328125,0,1038240,0.0
zero,1,9,54.0,t850,222.02796936035156,311.8040466308594,0,1038240,0.0
zero,1,9,54.0,t925,225.8137969970703,316.65740966796875,0,1038240,0.0
zero,1,9,54.0,t1000,229.4046173095703,321.7862548828125,0,1038240,0.0
zero,1,9,54.0,q50,3.6068558983970433e-07,2.0126728941249894e-06,0,1038240,0.0
zero,1,9,54.0,q100,8.636569646114367e-07,5.781103027402423e-06,0,1038240,0.0
zero,1,9,54.0,q150,-5.489437171490863e-08,3.5151057090843096e-05,73,1038240,7.031129603945137e-05
zero,1,9,54.0,q200,-6.150436092866585e-06,0.0002113323862431571,10152,1038240,0.009778085991678225
zero,1,9,54.0,q250,-1.3588196452474222e-05,0.0006953076808713377,20050,1038240,0.019311527199876714
zero,1,9,54.0,q300,-2.412270987406373e-05,0.001581369200721383,19830,1038240,0.019099630143319463
zero,1,9,54.0,q400,-6.03503140155226e-05,0.00437864800915122,36355,1038240,0.035015988596085686
zero,1,9,54.0,q500,-0.00013210519682615995,0.007840447127819061,26667,1038240,0.025684812760055478
zero,1,9,54.0,q600,-0.00017609656788408756,0.011011367663741112,21861,1038240,0.021055825242718446
zero,1,9,54.0,q700,-0.0004543506074696779,0.013197602704167366,44398,1038240,0.04276275235013099
zero,1,9,54.0,q850,-0.0005718083120882511,0.018307900056242943,48839,1038240,0.04704018338727076
zero,1,9,54.0,q925,-0.0006123315542936325,0.020510779693722725,56068,1038240,0.05400292803205425
zero,1,9,54.0,q1000,-0.0006207735277712345,0.024745618924498558,54800,1038240,0.05278163045153336
zero,1,10,60.0,u10m,-24.264076232910156,20.875858306884766,0,1038240,0.0
zero,1,10,60.0,v10m,-20.094833374023438,23.147830963134766,0,1038240,0.0
zero,1,10,60.0,u100m,-31.101791381835938,26.813819885253906,0,1038240,0.0
zero,1,10,60.0,v100m,-26.01957130432129,29.430343627929688,0,1038240,0.0
zero,1,10,60.0,t2m,200.30552673339844,321.6271057128906,0,1038240,0.0
zero,1,10,60.0,sp,48971.6953125,103892.703125,0,1038240,0.0
zero,1,10,60.0,msl,95220.140625,103841.59375,0,1038240,0.0
zero,1,10,60.0,tcwv,-2.3933067321777344,78.9484634399414,40773,1038240,0.039271266759130834
zero,1,10,60.0,u50,-29.167850494384766,69.68124389648438,0,1038240,0.0
zero,1,10,60.0,u100,-32.79086685180664,60.101470947265625,0,1038240,0.0
zero,1,10,60.0,u150,-31.875349044799805,67.23529052734375,0,1038240,0.0
zero,1,10,60.0,u200,-36.201011657714844,82.67559814453125,0,1038240,0.0
zero,1,10,60.0,u250,-33.59458541870117,79.01741027832031,0,1038240,0.0
zero,1,10,60.0,u300,-29.624927520751953,76.87681579589844,0,1038240,0.0
zero,1,10,60.0,u400,-28.205373764038086,64.24644470214844,0,1038240,0.0
zero,1,10,60.0,u500,-28.09915542602539,53.0040283203125,0,1038240,0.0
zero,1,10,60.0,u600,-29.955556869506836,43.0086555480957,0,1038240,0.0
zero,1,10,60.0,u700,-35.77786636352539,35.71703338623047,0,1038240,0.0
zero,1,10,60.0,u850,-40.63029861450195,30.77976417541504,0,1038240,0.0
zero,1,10,60.0,u925,-36.800655364990234,32.823997497558594,0,1038240,0.0
zero,1,10,60.0,u1000,-24.121986389160156,21.55070686340332,0,1038240,0.0
zero,1,10,60.0,v50,-24.393985748291016,21.29648780822754,0,1038240,0.0
zero,1,10,60.0,v100,-25.3895320892334,22.69675636291504,0,1038240,0.0
zero,1,10,60.0,v150,-31.374303817749023,33.2540168762207,0,1038240,0.0
zero,1,10,60.0,v200,-47.61839294433594,43.65334701538086,0,1038240,0.0
zero,1,10,60.0,v250,-55.29203414916992,51.591888427734375,0,1038240,0.0
zero,1,10,60.0,v300,-57.188873291015625,57.690643310546875,0,1038240,0.0
zero,1,10,60.0,v400,-51.34061050415039,56.582725524902344,0,1038240,0.0
zero,1,10,60.0,v500,-44.09587097167969,49.463645935058594,0,1038240,0.0
zero,1,10,60.0,v600,-34.029624938964844,38.61102294921875,0,1038240,0.0
zero,1,10,60.0,v700,-27.797752380371094,34.782554626464844,0,1038240,0.0
zero,1,10,60.0,v850,-31.65796661376953,34.58765411376953,0,1038240,0.0
zero,1,10,60.0,v925,-33.37458038330078,35.83333969116211,0,1038240,0.0
zero,1,10,60.0,v1000,-21.587291717529297,23.677265167236328,0,1038240,0.0
zero,1,10,60.0,z50,176782.71875,208509.40625,0,1038240,0.0
zero,1,10,60.0,z100,140269.140625,166035.859375,0,1038240,0.0
zero,1,10,60.0,z150,117516.703125,142153.6875,0,1038240,0.0
zero,1,10,60.0,z200,100690.1484375,123958.28125,0,1038240,0.0
zero,1,10,60.0,z250,87464.890625,108986.2734375,0,1038240,0.0
zero,1,10,60.0,z300,76626.4921875,96402.8046875,0,1038240,0.0
zero,1,10,60.0,z400,58739.8828125,75561.5078125,0,1038240,0.0
zero,1,10,60.0,z500,44344.203125,58726.73046875,0,1038240,0.0
zero,1,10,60.0,z600,32221.9375,44575.25390625,0,1038240,0.0
zero,1,10,60.0,z700,21741.458984375,32346.6875,0,1038240,0.0
zero,1,10,60.0,z850,8121.34716796875,16585.33203125,0,1038240,0.0
zero,1,10,60.0,z925,2081.81103515625,9557.75390625,0,1038240,0.0
zero,1,10,60.0,z1000,-3608.24072265625,3107.8388671875,0,1038240,0.0
zero,1,10,60.0,t50,180.18576049804688,235.94729614257812,0,1038240,0.0
zero,1,10,60.0,t100,186.97515869140625,237.20407104492188,0,1038240,0.0
zero,1,10,60.0,t150,190.73287963867188,241.9358673095703,0,1038240,0.0
zero,1,10,60.0,t200,192.99635314941406,241.67112731933594,0,1038240,0.0
zero,1,10,60.0,t250,198.98602294921875,243.79469299316406,0,1038240,0.0
zero,1,10,60.0,t300,202.72073364257812,250.99618530273438,0,1038240,0.0
zero,1,10,60.0,t400,213.3221435546875,265.92724609375,0,1038240,0.0
zero,1,10,60.0,t500,219.3096923828125,278.4256591796875,0,1038240,0.0
zero,1,10,60.0,t600,213.11520385742188,290.4239196777344,0,1038240,0.0
zero,1,10,60.0,t700,210.87326049804688,303.1926574707031,0,1038240,0.0
zero,1,10,60.0,t850,220.8291015625,313.824951171875,0,1038240,0.0
zero,1,10,60.0,t925,224.49586486816406,319.012939453125,0,1038240,0.0
zero,1,10,60.0,t1000,228.1044464111328,324.234619140625,0,1038240,0.0
zero,1,10,60.0,q50,3.9541237129014917e-07,2.017645556406933e-06,0,1038240,0.0
zero,1,10,60.0,q100,9.439849009140744e-07,5.516509190783836e-06,0,1038240,0.0
zero,1,10,60.0,q150,2.231627149740234e-08,4.391556649352424e-05,0,1038240,0.0
zero,1,10,60.0,q200,-8.18538319435902e-06,0.00021718656353186816,9400,1038240,0.009053783325627986
zero,1,10,60.0,q250,-1.3715685781789944e-05,0.0006901876186020672,16551,1038240,0.01594140083217753
zero,1,10,60.0,q300,-2.375719486735761e-05,0.001619432121515274,16212,1038240,0.015614886731391586
zero,1,10,60.0,q400,-7.060810457915068e-05,0.004474132787436247,32196,1038240,0.031010171058714748
zero,1,10,60.0,q500,-0.00020669959485530853,0.008123423904180527,24075,1038240,0.023188280166435506
zero,1,10,60.0,q600,-0.00023690576199442148,0.00995984859764576,18921,1038240,0.018224110032362458
zero,1,10,60.0,q700,-0.00041822041384875774,0.013009782880544662,37098,1038240,0.035731622746185854
zero,1,10,60.0,q850,-0.0004878104664385319,0.018411001190543175,42575,1038240,0.0410068962860225
zero,1,10,60.0,q925,-0.0005072839558124542,0.02058616280555725,50356,1038240,0.048501309909076896
zero,1,10,60.0,q1000,-0.0006462708115577698,0.025555454194545746,47516,1038240,0.045765911542610574
zero,1,11,66.0,u10m,-26.1512508392334,21.282739639282227,0,1038240,0.0
zero,1,11,66.0,v10m,-22.98360252380371,22.652603149414062,0,1038240,0.0
zero,1,11,66.0,u100m,-33.99697494506836,27.24342918395996,0,1038240,0.0
zero,1,11,66.0,v100m,-29.805938720703125,29.12238883972168,0,1038240,0.0
zero,1,11,66.0,t2m,201.0216064453125,320.8657531738281,0,1038240,0.0
zero,1,11,66.0,sp,49144.046875,103864.28125,0,1038240,0.0
zero,1,11,66.0,msl,95515.453125,103814.59375,0,1038240,0.0
zero,1,11,66.0,tcwv,-2.027599334716797,78.95275115966797,31862,1038240,0.030688472800123285
zero,1,11,66.0,u50,-28.883155822753906,69.71513366699219,0,1038240,0.0
zero,1,11,66.0,u100,-30.09450912475586,59.04525375366211,0,1038240,0.0
zero,1,11,66.0,u150,-33.060447692871094,69.38392639160156,0,1038240,0.0
zero,1,11,66.0,u200,-34.606239318847656,84.67808532714844,0,1038240,0.0
zero,1,11,66.0,u250,-36.98251724243164,80.86613464355469,0,1038240,0.0
zero,1,11,66.0,u300,-32.255855560302734,76.48756408691406,0,1038240,0.0
zero,1,11,66.0,u400,-30.995325088500977,64.13362121582031,0,1038240,0.0
zero,1,11,66.0,u500,-32.400333404541016,54.59541320800781,0,1038240,0.0
zero,1,11,66.0,u600,-28.737565994262695,43.496578216552734,0,1038240,0.0
zero,1,11,66.0,u700,-31.43722152709961,37.69674301147461,0,1038240,0.0
zero,1,11,66.0,u850,-43.903533935546875,33.363834381103516,0,1038240,0.0
zero,1,11,66.0,u925,-40.434207916259766,33.04189682006836,0,1038240,0.0
zero,1,11,66.0,u1000,-26.21222686767578,22.64877700805664,0,1038240,0.0
zero,1,11,66.0,v50,-22.324941635131836,20.153060913085938,0,1038240,0.0
zero,1,11,66.0,v100,-24.895753860473633,20.706024169921875,0,1038240,0.0
zero,1,11,66.0,v150,-34.85643005371094,33.53907012939453,0,1038240,0.0
zero,1,11,66.0,v200,-47.047386169433594,42.18169021606445,0,1038240,0.0
zero,1,11,66.0,v250,-55.504066467285156,46.780433654785156,0,1038240,0.0
zero,1,11,66.0,v300,-54.3241081237793,51.83675765991211,0,1038240,0.0
zero,1,11,66.0,v400,-52.804443359375,54.36347961425781,0,1038240,0.0
zero,1,11,66.0,v500,-43.6859245300293,47.37936019897461,0,1038240,0.0
zero,1,11,66.0,v600,-37.111087799072266,37.39496994018555,0,1038240,0.0
zero,1,11,66.0,v700,-31.76580238342285,33.332603454589844,0,1038240,0.0
zero,1,11,66.0,v850,-32.43692398071289,35.75955581665039,0,1038240,0.0
zero,1,11,66.0,v925,-30.014949798583984,37.20769119262695,0,1038240,0.0
zero,1,11,66.0,v1000,-23.531673431396484,23.045291900634766,0,1038240,0.0
zero,1,11,66.0,z50,176715.375,208390.640625,0,1038240,0.0
zero,1,11,66.0,z100,140183.53125,166101.3125,0,1038240,0.0
zero,1,11,66.0,z150,117403.375,142017.5625,0,1038240,0.0
zero,1,11,66.0,z200,100558.5234375,123862.203125,0,1038240,0.0
zero,1,11,66.0,z250,87313.8984375,109124.890625,0,1038240,0.0
zero,1,11,66.0,z300,76457.0390625,96616.3203125,0,1038240,0.0
zero,1,11,66.0,z400,58818.08203125,75781.75,0,1038240,0.0
zero,1,11,66.0,z500,44436.0234375,58813.00390625,0,1038240,0.0
zero,1,11,66.0,z600,32365.38671875,44532.1484375,0,1038240,0.0
zero,1,11,66.0,z700,21929.55859375,32306.466796875,0,1038240,0.0
zero,1,11,66.0,z850,8337.44140625,16547.01953125,0,1038240,0.0
zero,1,11,66.0,z925,2315.0615234375,9516.099609375,0,1038240,0.0
zero,1,11,66.0,z1000,-3374.0986328125,3075.517578125,0,1038240,0.0
zero,1,11,66.0,t50,180.39602661132812,236.0895233154297,0,1038240,0.0
zero,1,11,66.0,t100,187.4844970703125,237.63414001464844,0,1038240,0.0
zero,1,11,66.0,t150,191.40760803222656,242.72694396972656,0,1038240,0.0
zero,1,11,66.0,t200,192.88409423828125,242.6237335205078,0,1038240,0.0
zero,1,11,66.0,t250,198.29632568359375,243.61569213867188,0,1038240,0.0
zero,1,11,66.0,t300,202.33663940429688,250.69712829589844,0,1038240,0.0
zero,1,11,66.0,t400,212.8785400390625,265.0557556152344,0,1038240,0.0
zero,1,11,66.0,t500,219.30078125,275.8186340332031,0,1038240,0.0
zero,1,11,66.0,t600,213.015380859375,288.6510009765625,0,1038240,0.0
zero,1,11,66.0,t700,212.1254119873047,299.8362121582031,0,1038240,0.0
zero,1,11,66.0,t850,219.93296813964844,310.3692626953125,0,1038240,0.0
zero,1,11,66.0,t925,223.63720703125,315.61669921875,0,1038240,0.0
zero,1,11,66.0,t1000,227.19186401367188,320.6077575683594,0,1038240,0.0
zero,1,11,66.0,q50,4.3267277760605793e-07,2.025861249421723e-06,0,1038240,0.0
zero,1,11,66.0,q100,1.0109670256497338e-06,5.249768037174363e-06,0,1038240,0.0
zero,1,11,66.0,q150,1.8573518900666386e-07,4.0918886952567846e-05,0,1038240,0.0
zero,1,11,66.0,q200,-8.112525392789394e-06,0.00021313641627784818,10902,1038240,0.010500462320850671
zero,1,11,66.0,q250,-1.3784705515718088e-05,0.0006800378323532641,16591,1038240,0.015979927569733394
zero,1,11,66.0,q300,-2.7969435905106366e-05,0.0016068816184997559,17549,1038240,0.016902642934196334
zero,1,11,66.0,q400,-7.097437628544867e-05,0.004450828768312931,27300,1038240,0.026294498381877023
zero,1,11,66.0,q500,-8.251110557466745e-05,0.007701373193413019,15156,1038240,0.014597780859916783
zero,1,11,66.0,q600,-0.00023067800793796778,0.009797397069633007,17799,1038240,0.01714343504392048
zero,1,11,66.0,q700,-0.0003731141332536936,0.01259494386613369,38366,1038240,0.03695292032670673
zero,1,11,66.0,q850,-0.0006578518077731133,0.018812650814652443,41400,1038240,0.039875173370319004
zero,1,11,66.0,q925,-0.0005487860180437565,0.020310331135988235,47781,1038240,0.04602115117891817
zero,1,11,66.0,q1000,-0.0006351848132908344,0.025939831510186195,41789,1038240,0.04024984589304978
zero,1,12,72.0,u10m,-21.79624366760254,22.072715759277344,0,1038240,0.0
zero,1,12,72.0,v10m,-23.000638961791992,21.246288299560547,0,1038240,0.0
zero,1,12,72.0,u100m,-27.84198760986328,28.054275512695312,0,1038240,0.0
zero,1,12,72.0,v100m,-29.902772903442383,26.557727813720703,0,1038240,0.0
zero,1,12,72.0,t2m,202.27786254882812,320.02008056640625,0,1038240,0.0
zero,1,12,72.0,sp,49049.21875,103852.9375,0,1038240,0.0
zero,1,12,72.0,msl,95902.484375,103811.9140625,0,1038240,0.0
zero,1,12,72.0,tcwv,-2.0361289978027344,76.1798324584961,34061,1038240,0.0328064801972569
zero,1,12,72.0,u50,-30.058475494384766,68.28323364257812,0,1038240,0.0
zero,1,12,72.0,u100,-31.140888214111328,58.460201263427734,0,1038240,0.0
zero,1,12,72.0,u150,-33.441612243652344,69.3653335571289,0,1038240,0.0
zero,1,12,72.0,u200,-35.613525390625,84.2560043334961,0,1038240,0.0
zero,1,12,72.0,u250,-36.69982147216797,83.79649353027344,0,1038240,0.0
zero,1,12,72.0,u300,-32.930694580078125,76.99068450927734,0,1038240,0.0
zero,1,12,72.0,u400,-36.70240783691406,63.464683532714844,0,1038240,0.0
zero,1,12,72.0,u500,-39.51482391357422,53.486595153808594,0,1038240,0.0
zero,1,12,72.0,u600,-35.515830993652344,43.666072845458984,0,1038240,0.0
zero,1,12,72.0,u700,-30.660011291503906,38.68492126464844,0,1038240,0.0
zero,1,12,72.0,u850,-37.32106018066406,32.88412857055664,0,1038240,0.0
zero,1,12,72.0,u925,-35.84368896484375,34.53853225708008,0,1038240,0.0
zero,1,12,72.0,u1000,-21.897315979003906,22.510883331298828,0,1038240,0.0
zero,1,12,72.0,v50,-22.79969596862793,21.01438331604004,0,1038240,0.0
zero,1,12,72.0,v100,-23.980934143066406,21.798559188842773,0,1038240,0.0
zero,1,12,72.0,v150,-35.954219818115234,34.68651580810547,0,1038240,0.0
zero,1,12,72.0,v200,-46.21722412109375,42.730716705322266,0,1038240,0.0
zero,1,12,72.0,v250,-56.18873596191406,48.38077163696289,0,1038240,0.0
zero,1,12,72.0,v300,-56.03044128417969,51.42806625366211,0,1038240,0.0
zero,1,12,72.0,v400,-51.581787109375,50.40361785888672,0,1038240,0.0
zero,1,12,72.0,v500,-43.58616256713867,44.75580596923828,0,1038240,0.0
zero,1,12,72.0,v600,-35.423851013183594,34.78396987915039,0,1038240,0.0
zero,1,12,72.0,v700,-28.99012565612793,30.48494529724121,0,1038240,0.0
zero,1,12,72.0,v850,-30.65569305419922,31.600271224975586,0,1038240,0.0
zero,1,12,72.0,v925,-30.312503814697266,33.00041198730469,0,1038240,0.0
zero,1,12,72.0,v1000,-23.28748893737793,21.243566513061523,0,1038240,0.0
zero,1,12,72.0,z50,176656.875,208413.6875,0,1038240,0.0
zero,1,12,72.0,z100,140199.5,165985.703125,0,1038240,0.0
zero,1,12,72.0,z150,117400.7265625,141872.28125,0,1038240,0.0
zero,1,12,72.0,z200,100552.375,123870.6328125,0,1038240,0.0
zero,1,12,72.0,z250,87312.046875,109257.96875,0,1038240,0.0
zero,1,12,72.0,z300,76451.59375,96720.8046875,0,1038240,0.0
zero,1,12,72.0,z400,59034.51171875,75812.78125,0,1038240,0.0
zero,1,12,72.0,z500,44654.38671875,58781.4609375,0,1038240,0.0
zero,1,12,72.0,z600,32617.345703125,44571.6796875,0,1038240,0.0
zero,1,12,72.0,z700,22232.4921875,32338.86328125,0,1038240,0.0
zero,1,12,72.0,z850,8620.046875,16548.873046875,0,1038240,0.0
zero,1,12,72.0,z925,2596.751953125,9509.4755859375,0,1038240,0.0
zero,1,12,72.0,z1000,-3120.3125,3073.46044921875,0,1038240,0.0
zero,1,12,72.0,t50,180.0858154296875,236.2884979248047,0,1038240,0.0
zero,1,12,72.0,t100,186.95401000976562,238.22975158691406,0,1038240,0.0
zero,1,12,72.0,t150,191.1875762939453,243.19630432128906,0,1038240,0.0
zero,1,12,72.0,t200,192.02981567382812,243.42440795898438,0,1038240,0.0
zero,1,12,72.0,t250,197.93307495117188,243.84396362304688,0,1038240,0.0
zero,1,12,72.0,t300,201.8430938720703,250.83633422851562,0,1038240,0.0
zero,1,12,72.0,t400,212.04330444335938,264.32330322265625,0,1038240,0.0
zero,1,12,72.0,t500,219.2464599609375,275.00604248046875,0,1038240,0.0
zero,1,12,72.0,t600,211.74298095703125,286.7428894042969,0,1038240,0.0
zero,1,12,72.0,t700,211.21530151367188,295.1944885253906,0,1038240,0.0
zero,1,12,72.0,t850,219.19915771484375,309.7471923828125,0,1038240,0.0
zero,1,12,72.0,t925,222.74710083007812,314.9470520019531,0,1038240,0.0
zero,1,12,72.0,t1000,226.2602996826172,319.82550048828125,0,1038240,0.0
zero,1,12,72.0,q50,4.610969881468918e-07,2.0345073608041275e-06,0,1038240,0.0
zero,1,12,72.0,q100,1.0658609426172916e-06,5.044582394475583e-06,0,1038240,0.0
zero,1,12,72.0,q150,3.607442522479687e-07,3.474991171970032e-05,0,1038240,0.0
zero,1,12,72.0,q200,-6.7954570113215595e-06,0.00020054803462699056,10096,1038240,0.009724148559100015
zero,1,12,72.0,q250,-1.2485306797316298e-05,0.0006795689114369452,18569,1038240,0.017885074741870857
zero,1,12,72.0,q300,-2.3256201529875398e-05,0.0015896722907200456,19650,1038240,0.018926259824318076
zero,1,12,72.0,q400,-4.8160116421058774e-05,0.004279779735952616,24555,1038240,0.023650601017105873
zero,1,12,72.0,q500,-8.140539284795523e-05,0.0073349252343177795,14125,1038240,0.013604754199414393
zero,1,12,72.0,q600,-0.00019334221724420786,0.009922751225531101,17400,1038240,0.01675913083680074
zero,1,12,72.0,q700,-0.00042011518962681293,0.012729700654745102,28932,1038240,0.027866389274156265
zero,1,12,72.0,q850,-0.0006082113832235336,0.018417587503790855,36083,1038240,0.03475400678070581
zero,1,12,72.0,q925,-0.0005898694507777691,0.02036883868277073,40341,1038240,0.03885517799352751
zero,1,12,72.0,q1000,-0.0006419899873435497,0.025858687236905098,37466,1038240,0.0360860687316998
zero,1,13,78.0,u10m,-18.569259643554688,20.620540618896484,0,1038240,0.0
zero,1,13,78.0,v10m,-25.451242446899414,18.587345123291016,0,1038240,0.0
zero,1,13,78.0,u100m,-24.83624267578125,25.920656204223633,0,1038240,0.0
zero,1,13,78.0,v100m,-32.228858947753906,23.24692726135254,0,1038240,0.0
zero,1,13,78.0,t2m,202.70237731933594,316.01580810546875,0,1038240,0.0
zero,1,13,78.0,sp,49067.75,103782.9140625,0,1038240,0.0
zero,1,13,78.0,msl,95951.3046875,103743.8515625,0,1038240,0.0
zero,1,13,78.0,tcwv,-1.9851264953613281,75.17382049560547,33569,1038240,0.032332601325319774
zero,1,13,78.0,u50,-31.892898559570312,68.86507415771484,0,1038240,0.0
zero,1,13,78.0,u100,-31.24679946899414,57.026180267333984,0,1038240,0.0
zero,1,13,78.0,u150,-34.15351104736328,69.36675262451172,0,1038240,0.0
zero,1,13,78.0,u200,-36.01458740234375,84.66136932373047,0,1038240,0.0
zero,1,13,78.0,u250,-36.99419403076172,83.81900024414062,0,1038240,0.0
zero,1,13,78.0,u300,-33.27984619140625,77.3450927734375,0,1038240,0.0
zero,1,13,78.0,u400,-36.31990051269531,60.33009338378906,0,1038240,0.0
zero,1,13,78.0,u500,-40.59070587158203,51.88328170776367,0,1038240,0.0
zero,1,13,78.0,u600,-37.164527893066406,45.3140869140625,0,1038240,0.0
zero,1,13,78.0,u700,-29.93541717529297,38.789466857910156,0,1038240,0.0
zero,1,13,78.0,u850,-31.945039749145508,34.76224136352539,0,1038240,0.0
zero,1,13,78.0,u925,-30.402053833007812,33.257469177246094,0,1038240,0.0
zero,1,13,78.0,u1000,-20.550256729125977,24.004507064819336,0,1038240,0.0
zero,1,13,78.0,v50,-22.98807144165039,19.61348533630371,0,1038240,0.0
zero,1,13,78.0,v100,-22.14203643798828,22.17285919189453,0,1038240,0.0
zero,1,13,78.0,v150,-34.877769470214844,35.47475814819336,0,1038240,0.0
zero,1,13,78.0,v200,-44.45830154418945,43.97752380371094,0,1038240,0.0
zero,1,13,78.0,v250,-56.09941101074219,46.65704345703125,0,1038240,0.0
zero,1,13,78.0,v300,-56.247154235839844,49.880584716796875,0,1038240,0.0
zero,1,13,78.0,v400,-59.763519287109375,49.13238525390625,0,1038240,0.0
zero,1,13,78.0,v500,-50.65699005126953,43.4079475402832,0,1038240,0.0
zero,1,13,78.0,v600,-35.54153823852539,32.952911376953125,0,1038240,0.0
zero,1,13,78.0,v700,-32.454368591308594,29.902551651000977,0,1038240,0.0
zero,1,13,78.0,v850,-35.408103942871094,28.97873878479004,0,1038240,0.0
zero,1,13,78.0,v925,-32.46934127807617,29.486730575561523,0,1038240,0.0
zero,1,13,78.0,v1000,-25.88256072998047,21.009811401367188,0,1038240,0.0
zero,1,13,78.0,z50,176674.625,208528.234375,0,1038240,0.0
zero,1,13,78.0,z100,140175.40625,166109.5625,0,1038240,0.0
zero,1,13,78.0,z150,117350.671875,142001.40625,0,1038240,0.0
zero,1,13,78.0,z200,100511.6484375,123846.7109375,0,1038240,0.0
zero,1,13,78.0,z250,87264.546875,109248.25,0,1038240,0.0
zero,1,13,78.0,z300,76413.625,96728.09375,0,1038240,0.0
zero,1,13,78.0,z400,59143.0859375,75855.515625,0,1038240,0.0
zero,1,13,78.0,z500,44790.68359375,58847.0234375,0,1038240,0.0
zero,1,13,78.0,z600,32763.52734375,44535.83203125,0,1038240,0.0
zero,1,13,78.0,z700,22363.9296875,32306.50390625,0,1038240,0.0
zero,1,13,78.0,z850,8756.921875,16498.05859375,0,1038240,0.0
zero,1,13,78.0,z925,2766.55224609375,9447.6171875,0,1038240,0.0
zero,1,13,78.0,z1000,-3228.220703125,3017.013671875,0,1038240,0.0
zero,1,13,78.0,t50,179.92208862304688,236.676025390625,0,1038240,0.0
zero,1,13,78.0,t100,185.74984741210938,238.62351989746094,0,1038240,0.0
zero,1,13,78.0,t150,188.84133911132812,244.0372314453125,0,1038240,0.0
zero,1,13,78.0,t200,191.53622436523438,244.09890747070312,0,1038240,0.0
zero,1,13,78.0,t250,197.80780029296875,244.03274536132812,0,1038240,0.0
zero,1,13,78.0,t300,201.7696533203125,250.62948608398438,0,1038240,0.0
zero,1,13,78.0,t400,211.9027557373047,264.6112365722656,0,1038240,0.0
zero,1,13,78.0,t500,218.95086669921875,276.28082275390625,0,1038240,0.0
zero,1,13,78.0,t600,209.41213989257812,288.277099609375,0,1038240,0.0
zero,1,13,78.0,t700,212.03408813476562,299.9707336425781,0,1038240,0.0
zero,1,13,78.0,t850,219.88209533691406,312.27874755859375,0,1038240,0.0
zero,1,13,78.0,t925,223.50108337402344,317.04229736328125,0,1038240,0.0
zero,1,13,78.0,t1000,227.0367889404297,322.05230712890625,0,1038240,0.0
zero,1,13,78.0,q50,4.939229256706312e-07,2.042350160991191e-06,0,1038240,0.0
zero,1,13,78.0,q100,1.0694191132643027e-06,4.859754426433938e-06,0,1038240,0.0
zero,1,13,78.0,q150,2.370784386585001e-07,3.603204095270485e-05,0,1038240,0.0
zero,1,13,78.0,q200,-7.116957931430079e-06,0.0001989198790397495,9826,1038240,0.009464093080597934
zero,1,13,78.0,q250,-9.41460530157201e-06,0.000676727679092437,19731,1038240,0.0190042764678687
zero,1,13,78.0,q300,-2.4745429982431233e-05,0.0015804253052920103,19969,1038240,0.01923351055632609
zero,1,13,78.0,q400,-4.055091994814575e-05,0.00421800184994936,26148,1038240,0.025184928340268146
zero,1,13,78.0,q500,-0.00011928105959668756,0.007834025658667088,13505,1038240,0.013007589767298506
zero,1,13,78.0,q600,-0.00019781605806201696,0.01131477952003479,14500,1038240,0.013965942364000616
zero,1,13,78.0,q700,-0.00038469256833195686,0.013245174661278725,34700,1038240,0.03342194482971182
zero,1,13,78.0,q850,-0.0006101983599364758,0.018512867391109467,39998,1038240,0.038524811218985974
zero,1,13,78.0,q925,-0.0005554314702749252,0.02108200080692768,48931,1038240,0.04712879488364925
zero,1,13,78.0,q1000,-0.0006105131469666958,0.025904269888997078,39512,1038240,0.03805671135768223
zero,1,14,84.0,u10m,-22.23958969116211,19.307485580444336,0,1038240,0.0
zero,1,14,84.0,v10m,-24.451448440551758,17.101167678833008,0,1038240,0.0
zero,1,14,84.0,u100m,-29.01654815673828,24.297542572021484,0,1038240,0.0
zero,1,14,84.0,v100m,-31.17430305480957,20.948410034179688,0,1038240,0.0
zero,1,14,84.0,t2m,202.88592529296875,321.6744384765625,0,1038240,0.0
zero,1,14,84.0,sp,48978.89453125,103760.8359375,0,1038240,0.0
zero,1,14,84.0,msl,95897.2109375,103731.9140625,0,1038240,0.0
zero,1,14,84.0,tcwv,-2.092081069946289,75.51634216308594,31909,1038240,0.030733741716751424
zero,1,14,84.0,u50,-30.292709350585938,68.08882141113281,0,1038240,0.0
zero,1,14,84.0,u100,-30.957565307617188,55.834022521972656,0,1038240,0.0
zero,1,14,84.0,u150,-35.045936584472656,69.23927307128906,0,1038240,0.0
zero,1,14,84.0,u200,-36.04718780517578,86.0697250366211,0,1038240,0.0
zero,1,14,84.0,u250,-36.54533386230469,85.97525024414062,0,1038240,0.0
zero,1,14,84.0,u300,-32.56271743774414,79.60595703125,0,1038240,0.0
zero,1,14,84.0,u400,-39.66316223144531,59.257080078125,0,1038240,0.0
zero,1,14,84.0,u500,-36.879764556884766,51.26533126831055,0,1038240,0.0
zero,1,14,84.0,u600,-33.98063278198242,45.13752746582031,0,1038240,0.0
zero,1,14,84.0,u700,-28.117450714111328,38.55241394042969,0,1038240,0.0
zero,1,14,84.0,u850,-32.71063232421875,36.40597915649414,0,1038240,0.0
zero,1,14,84.0,u925,-34.62804412841797,30.539587020874023,0,1038240,0.0
zero,1,14,84.0,u1000,-21.4665470123291,22.446949005126953,0,1038240,0.0
zero,1,14,84.0,v50,-23.4541072845459,20.557754516601562,0,1038240,0.0
zero,1,14,84.0,v100,-21.512588500976562,21.63664436340332,0,1038240,0.0
zero,1,14,84.0,v150,-35.233055114746094,36.795955657958984,0,1038240,0.0
zero,1,14,84.0,v200,-45.00654602050781,47.14646911621094,0,1038240,0.0
zero,1,14,84.0,v250,-54.22856521606445,46.88444900512695,0,1038240,0.0
zero,1,14,84.0,v300,-56.26841735839844,45.469783782958984,0,1038240,0.0
zero,1,14,84.0,v400,-60.543922424316406,47.010589599609375,0,1038240,0.0
zero,1,14,84.0,v500,-51.64397430419922,42.17451858520508,0,1038240,0.0
zero,1,14,84.0,v600,-39.569610595703125,36.14905548095703,0,1038240,0.0
zero,1,14,84.0,v700,-34.35677719116211,30.968000411987305,0,1038240,0.0
zero,1,14,84.0,v850,-36.80828094482422,26.325286865234375,0,1038240,0.0
zero,1,14,84.0,v925,-31.378049850463867,27.413875579833984,0,1038240,0.0
zero,1,14,84.0,v1000,-24.90189552307129,18.693622589111328,0,1038240,0.0
zero,1,14,84.0,z50,176582.015625,208633.671875,0,1038240,0.0
zero,1,14,84.0,z100,140189.78125,166245.75,0,1038240,0.0
zero,1,14,84.0,z150,117372.09375,142230.640625,0,1038240,0.0
zero,1,14,84.0,z200,100528.4296875,123952.5390625,0,1038240,0.0
zero,1,14,84.0,z250,87283.3671875,109064.421875,0,1038240,0.0
zero,1,14,84.0,z300,76424.9375,96556.0234375,0,1038240,0.0
zero,1,14,84.0,z400,59136.31640625,75707.7890625,0,1038240,0.0
zero,1,14,84.0,z500,45049.17578125,58726.01953125,0,1038240,0.0
zero,1,14,84.0,z600,32988.4453125,44499.359375,0,1038240,0.0
zero,1,14,84.0,z700,22603.890625,32282.615234375,0,1038240,0.0
zero,1,14,84.0,z850,8878.9296875,16489.6015625,0,1038240,0.0
zero,1,14,84.0,z925,2654.6240234375,9435.341796875,0,1038240,0.0
zero,1,14,84.0,z1000,-3264.7548828125,3006.8798828125,0,1038240,0.0
zero,1,14,84.0,t50,179.22239685058594,237.06179809570312,0,1038240,0.0
zero,1,14,84.0,t100,184.4710693359375,239.11561584472656,0,1038240,0.0
zero,1,14,84.0,t150,187.578857421875,243.90216064453125,0,1038240,0.0
zero,1,14,84.0,t200,192.18045043945312,243.7438201904297,0,1038240,0.0
zero,1,14,84.0,t250,197.80763244628906,244.49330139160156,0,1038240,0.0
zero,1,14,84.0,t300,202.17333984375,251.1168975830078,0,1038240,0.0
zero,1,14,84.0,t400,211.9483184814453,265.8208312988281,0,1038240,0.0
zero,1,14,84.0,t500,218.78817749023438,278.5989685058594,0,1038240,0.0
zero,1,14,84.0,t600,209.20188903808594,291.1495361328125,0,1038240,0.0
zero,1,14,84.0,t700,213.5719757080078,302.830322265625,0,1038240,0.0
zero,1,14,84.0,t850,221.50599670410156,313.3919677734375,0,1038240,0.0
zero,1,14,84.0,t925,225.04214477539062,318.3984375,0,1038240,0.0
zero,1,14,84.0,t1000,228.63392639160156,323.54998779296875,0,1038240,0.0
zero,1,14,84.0,q50,5.269932898954721e-07,2.0471190964599373e-06,0,1038240,0.0
zero,1,14,84.0,q100,1.0383459994045552e-06,4.718069249065593e-06,0,1038240,0.0
zero,1,14,84.0,q150,2.4588644009782e-07,4.481427822611295e-05,0,1038240,0.0
zero,1,14,84.0,q200,-6.6900174715556204e-06,0.00022732643992640078,11111,1038240,0.010701764524580059
zero,1,14,84.0,q250,-1.2184533261461183e-05,0.0006438971613533795,19096,1038240,0.018392664509169362
zero,1,14,84.0,q300,-2.8757305699400604e-05,0.001530577428638935,20923,1038240,0.02015237324703344
zero,1,14,84.0,q400,-0.00014109149924479425,0.004131725057959557,28034,1038240,0.027001464016027123
zero,1,14,84.0,q500,-0.00015863834414631128,0.007905367761850357,13186,1038240,0.01270033903529049
zero,1,14,84.0,q600,-0.0001634268555790186,0.010196131654083729,13266,1038240,0.012777392510402219
zero,1,14,84.0,q700,-0.00038368371315300465,0.013229485601186752,26406,1038240,0.02543342579750347
zero,1,14,84.0,q850,-0.0004629967734217644,0.018705690279603004,37719,1038240,0.03632975034674064
zero,1,14,84.0,q925,-0.0005223853513598442,0.021260902285575867,46600,1038240,0.044883649252581294
zero,1,14,84.0,q1000,-0.0006105704233050346,0.02545034885406494,35289,1038240,0.033989251040221914
zero,1,15,90.0,u10m,-25.08003044128418,18.444461822509766,0,1038240,0.0
zero,1,15,90.0,v10m,-22.06021499633789,17.245832443237305,0,1038240,0.0
zero,1,15,90.0,u100m,-32.229122161865234,23.09794044494629,0,1038240,0.0
zero,1,15,90.0,v100m,-27.834177017211914,21.155216217041016,0,1038240,0.0
zero,1,15,90.0,t2m,202.80824279785156,320.7934265136719,0,1038240,0.0
zero,1,15,90.0,sp,49108.0078125,103720.0390625,0,1038240,0.0
zero,1,15,90.0,msl,95620.5078125,103684.9375,0,1038240,0.0
zero,1,15,90.0,tcwv,-2.0752525329589844,77.9925537109375,28560,1038240,0.02750809061488673
zero,1,15,90.0,u50,-30.231182098388672,69.27913665771484,0,1038240,0.0
zero,1,15,90.0,u100,-31.86286163330078,56.26702880859375,0,1038240,0.0
zero,1,15,90.0,u150,-39.648704528808594,71.27079772949219,0,1038240,0.0
zero,1,15,90.0,u200,-35.00023651123047,86.29097747802734,0,1038240,0.0
zero,1,15,90.0,u250,-35.416996002197266,86.15830993652344,0,1038240,0.0
zero,1,15,90.0,u300,-41.125770568847656,81.04948425292969,0,1038240,0.0
zero,1,15,90.0,u400,-42.51512145996094,58.4766845703125,0,1038240,0.0
zero,1,15,90.0,u500,-35.952640533447266,49.03740692138672,0,1038240,0.0
zero,1,15,90.0,u600,-27.211074829101562,42.318328857421875,0,1038240,0.0
zero,1,15,90.0,u700,-29.632244110107422,38.35588455200195,0,1038240,0.0
zero,1,15,90.0,u850,-38.090538024902344,37.11991500854492,0,1038240,0.0
zero,1,15,90.0,u925,-38.52544021606445,31.08654022216797,0,1038240,0.0
zero,1,15,90.0,u1000,-24.382408142089844,20.271766662597656,0,1038240,0.0
zero,1,15,90.0,v50,-23.28314781188965,19.650592803955078,0,1038240,0.0
zero,1,15,90.0,v100,-19.013471603393555,23.164443969726562,0,1038240,0.0
zero,1,15,90.0,v150,-34.864845275878906,35.625545501708984,0,1038240,0.0
zero,1,15,90.0,v200,-43.09724807739258,47.2142219543457,0,1038240,0.0
zero,1,15,90.0,v250,-53.6983642578125,54.50640106201172,0,1038240,0.0
zero,1,15,90.0,v300,-53.61213302612305,56.1181755065918,0,1038240,0.0
zero,1,15,90.0,v400,-57.52791213989258,51.13086700439453,0,1038240,0.0
zero,1,15,90.0,v500,-52.386512756347656,46.56179428100586,0,1038240,0.0
zero,1,15,90.0,v600,-42.28843688964844,39.31501007080078,0,1038240,0.0
zero,1,15,90.0,v700,-33.358245849609375,31.439626693725586,0,1038240,0.0
zero,1,15,90.0,v850,-33.25934600830078,26.967453002929688,0,1038240,0.0
zero,1,15,90.0,v925,-32.390342712402344,27.431964874267578,0,1038240,0.0
zero,1,15,90.0,v1000,-22.1315860748291,19.444095611572266,0,1038240,0.0
zero,1,15,90.0,z50,176510.171875,208529.515625,0,1038240,0.0
zero,1,15,90.0,z100,140157.96875,166369.96875,0,1038240,0.0
zero,1,15,90.0,z150,117318.8515625,142241.015625,0,1038240,0.0
zero,1,15,90.0,z200,100456.796875,123970.5625,0,1038240,0.0
zero,1,15,90.0,z250,87193.2109375,109190.078125,0,1038240,0.0
zero,1,15,90.0,z300,76307.6484375,96678.2421875,0,1038240,0.0
zero,1,15,90.0,z400,59019.98046875,75823.40625,0,1038240,0.0
zero,1,15,90.0,z500,45261.140625,58826.59765625,0,1038240,0.0
zero,1,15,90.0,z600,33204.41015625,44417.77734375,0,1038240,0.0
zero,1,15,90.0,z700,22610.33984375,32206.7734375,0,1038240,0.0
zero,1,15,90.0,z850,8607.224609375,16435.208984375,0,1038240,0.0
zero,1,15,90.0,z925,2410.75732421875,9387.978515625,0,1038240,0.0
zero,1,15,90.0,z1000,-3386.13037109375,2969.80810546875,0,1038240,0.0
zero,1,15,90.0,t50,179.15597534179688,237.39547729492188,0,1038240,0.0
zero,1,15,90.0,t100,184.40762329101562,239.3587646484375,0,1038240,0.0
zero,1,15,90.0,t150,186.70986938476562,244.26194763183594,0,1038240,0.0
zero,1,15,90.0,t200,192.80947875976562,243.5218505859375,0,1038240,0.0
zero,1,15,90.0,t250,198.01080322265625,244.6913604736328,0,1038240,0.0
zero,1,15,90.0,t300,202.3616485595703,250.4105224609375,0,1038240,0.0
zero,1,15,90.0,t400,211.86886596679688,264.7266540527344,0,1038240,0.0
zero,1,15,90.0,t500,218.0529022216797,275.403076171875,0,1038240,0.0
zero,1,15,90.0,t600,208.31704711914062,287.37969970703125,0,1038240,0.0
zero,1,15,90.0,t700,213.63662719726562,296.9383544921875,0,1038240,0.0
zero,1,15,90.0,t850,222.48069763183594,309.2781677246094,0,1038240,0.0
zero,1,15,90.0,t925,226.1573486328125,314.97100830078125,0,1038240,0.0
zero,1,15,90.0,t1000,229.302734375,320.39666748046875,0,1038240,0.0
zero,1,15,90.0,q50,5.626811798720155e-07,2.0599695744749624e-06,0,1038240,0.0
zero,1,15,90.0,q100,1.02566218629363e-06,4.6465956984320655e-06,0,1038240,0.0
zero,1,15,90.0,q150,-1.31154138216516e-07,4.122123937122524e-05,6,1038240,5.779010633379566e-06
zero,1,15,90.0,q200,-7.5499792728805915e-06,0.00021608415408991277,11089,1038240,0.010680574818924333
zero,1,15,90.0,q250,-1.2610584235517308e-05,0.0006970620015636086,17717,1038240,0.01706445523193096
zero,1,15,90.0,q300,-3.3442338462919e-05,0.0015132222324609756,19719,1038240,0.01899271844660194
zero,1,15,90.0,q400,-6.335970829240978e-05,0.004264745861291885,31116,1038240,0.029969949144706427
zero,1,15,90.0,q500,-0.00011788890697062016,0.007594159804284573,13242,1038240,0.0127542764678687
zero,1,15,90.0,q600,-0.00021716835908591747,0.0100321089848876,14563,1038240,0.014026621975651101
zero,1,15,90.0,q700,-0.00042190123349428177,0.013044686987996101,36115,1038240,0.0347848281707505
zero,1,15,90.0,q850,-0.000522972084581852,0.0186636783182621,40930,1038240,0.0394224842040376
zero,1,15,90.0,q925,-0.00044853612780570984,0.02105565369129181,51699,1038240,0.04979484512251502
zero,1,15,90.0,q1000,-0.0005161343142390251,0.02536056376993656,39706,1038240,0.03824356603482817
zero,1,16,96.0,u10m,-22.474075317382812,18.969070434570312,0,1038240,0.0
zero,1,16,96.0,v10m,-20.35141372680664,21.257661819458008,0,1038240,0.0
zero,1,16,96.0,u100m,-29.5142822265625,23.261259078979492,0,1038240,0.0
zero,1,16,96.0,v100m,-25.807470321655273,26.9627742767334,0,1038240,0.0
zero,1,16,96.0,t2m,202.68203735351562,317.02142333984375,0,1038240,0.0
zero,1,16,96.0,sp,48952.83984375,103675.3515625,0,1038240,0.0
zero,1,16,96.0,msl,95425.921875,103646.140625,0,1038240,0.0
zero,1,16,96.0,tcwv,-2.550661087036133,76.43809509277344,36505,1038240,0.03516046386192017
zero,1,16,96.0,u50,-30.54467010498047,68.73957824707031,0,1038240,0.0
zero,1,16,96.0,u100,-31.418987274169922,57.55498504638672,0,1038240,0.0
zero,1,16,96.0,u150,-40.404640197753906,73.51761627197266,0,1038240,0.0
zero,1,16,96.0,u200,-34.44037628173828,85.09452056884766,0,1038240,0.0
zero,1,16,96.0,u250,-34.706703186035156,86.79795837402344,0,1038240,0.0
zero,1,16,96.0,u300,-34.39015197753906,80.32971954345703,0,1038240,0.0
zero,1,16,96.0,u400,-42.353179931640625,59.463233947753906,0,1038240,0.0
zero,1,16,96.0,u500,-36.61579895019531,49.743343353271484,0,1038240,0.0
zero,1,16,96.0,u600,-32.432586669921875,42.056358337402344,0,1038240,0.0
zero,1,16,96.0,u700,-34.90666198730469,39.47418975830078,0,1038240,0.0
zero,1,16,96.0,u850,-40.709808349609375,38.909061431884766,0,1038240,0.0
zero,1,16,96.0,u925,-33.29780578613281,32.90504455566406,0,1038240,0.0
zero,1,16,96.0,u1000,-22.352340698242188,19.91145896911621,0,1038240,0.0
zero,1,16,96.0,v50,-22.653240203857422,21.10773468017578,0,1038240,0.0
zero,1,16,96.0,v100,-17.90554428100586,25.312650680541992,0,1038240,0.0
zero,1,16,96.0,v150,-33.919456481933594,37.354801177978516,0,1038240,0.0
zero,1,16,96.0,v200,-42.5847053527832,50.35261154174805,0,1038240,0.0
zero,1,16,96.0,v250,-53.11116027832031,57.73219299316406,0,1038240,0.0
zero,1,16,96.0,v300,-51.451072692871094,61.19480514526367,0,1038240,0.0
zero,1,16,96.0,v400,-56.152252197265625,52.86784744262695,0,1038240,0.0
zero,1,16,96.0,v500,-49.90711975097656,50.397274017333984,0,1038240,0.0
zero,1,16,96.0,v600,-39.086631774902344,42.983646392822266,0,1038240,0.0
zero,1,16,96.0,v700,-32.85019302368164,33.746429443359375,0,1038240,0.0
zero,1,16,96.0,v850,-31.346792221069336,31.536405563354492,0,1038240,0.0
zero,1,16,96.0,v925,-31.026241302490234,30.920602798461914,0,1038240,0.0
zero,1,16,96.0,v1000,-20.61593246459961,20.970041275024414,0,1038240,0.0
zero,1,16,96.0,z50,176400.21875,208514.359375,0,1038240,0.0
zero,1,16,96.0,z100,140138.5625,166236.875,0,1038240,0.0
zero,1,16,96.0,z150,117288.609375,142087.765625,0,1038240,0.0
zero,1,16,96.0,z200,100395.4453125,123890.734375,0,1038240,0.0
zero,1,16,96.0,z250,87118.65625,109254.1171875,0,1038240,0.0
zero,1,16,96.0,z300,76239.6484375,96697.921875,0,1038240,0.0
zero,1,16,96.0,z400,58993.7734375,75753.21875,0,1038240,0.0
zero,1,16,96.0,z500,45084.52734375,58690.9453125,0,1038240,0.0
zero,1,16,96.0,z600,32959.46484375,44428.85546875,0,1038240,0.0
zero,1,16,96.0,z700,22350.96484375,32211.166015625,0,1038240,0.0
zero,1,16,96.0,z850,8405.9375,16431.43359375,0,1038240,0.0
zero,1,16,96.0,z925,2246.26953125,9378.0322265625,0,1038240,0.0
zero,1,16,96.0,z1000,-3654.23681640625,2943.966796875,0,1038240,0.0
zero,1,16,96.0,t50,179.30126953125,237.5140838623047,0,1038240,0.0
zero,1,16,96.0,t100,184.82789611816406,239.85289001464844,0,1038240,0.0
zero,1,16,96.0,t150,186.85302734375,244.4467010498047,0,1038240,0.0
zero,1,16,96.0,t200,193.36785888671875,243.46102905273438,0,1038240,0.0
zero,1,16,96.0,t250,198.1512451171875,245.0250244140625,0,1038240,0.0
zero,1,16,96.0,t300,202.56077575683594,250.17474365234375,0,1038240,0.0
zero,1,16,96.0,t400,211.17877197265625,264.29669189453125,0,1038240,0.0
zero,1,16,96.0,t500,217.80747985839844,275.3083190917969,0,1038240,0.0
zero,1,16,96.0,t600,207.2651824951172,284.9672546386719,0,1038240,0.0
zero,1,16,96.0,t700,213.85350036621094,293.6943664550781,0,1038240,0.0
zero,1,16,96.0,t850,222.34622192382812,310.2032775878906,0,1038240,0.0
zero,1,16,96.0,t925,226.05995178222656,315.1363525390625,0,1038240,0.0
zero,1,16,96.0,t1000,229.249267578125,320.01678466796875,0,1038240,0.0
zero,1,16,96.0,q50,5.959543614153517e-07,2.0785648757737363e-06,0,1038240,0.0
zero,1,16,96.0,q100,1.0224592870144988e-06,4.635814548237249e-06,0,1038240,0.0
zero,1,16,96.0,q150,-8.632027856947388e-07,3.53189607267268e-05,18,1038240,1.7337031900138696e-05
zero,1,16,96.0,q200,-8.215050911530852e-06,0.00019065501692239195,12490,1038240,0.012029973801818462
zero,1,16,96.0,q250,-1.2679196515819058e-05,0.0006711882306262851,16417,1038240,0.015812336261365387
zero,1,16,96.0,q300,-3.0429160688072443e-05,0.0015222744550555944,20071,1038240,0.019331753737093543
zero,1,16,96.0,q400,-5.194018012844026e-05,0.004127090331166983,23189,1038240,0.022334912929573125
zero,1,16,96.0,q500,-0.00010832981206476688,0.007284155581146479,13236,1038240,0.012748497457235322
zero,1,16,96.0,q600,-0.0002591616939753294,0.009956177324056625,16285,1038240,0.015685198027431037
zero,1,16,96.0,q700,-0.00045000528916716576,0.012691177427768707,32264,1038240,0.031075666512559715
zero,1,16,96.0,q850,-0.0007223454304039478,0.018846888095140457,44007,1038240,0.042386153490522424
zero,1,16,96.0,q925,-0.000544773880392313,0.02205169014632702,50768,1038240,0.0488981353059023
zero,1,16,96.0,q1000,-0.000577055849134922,0.025569362565875053,45659,1038240,0.0439773077515796
zero,1,17,102.0,u10m,-20.452238082885742,21.105030059814453,0,1038240,0.0
zero,1,17,102.0,v10m,-18.147756576538086,20.100069046020508,0,1038240,0.0
zero,1,17,102.0,u100m,-26.947351455688477,26.942861557006836,0,1038240,0.0
zero,1,17,102.0,v100m,-23.189876556396484,24.537864685058594,0,1038240,0.0
zero,1,17,102.0,t2m,202.48294067382812,314.726806640625,0,1038240,0.0
zero,1,17,102.0,sp,48953.71484375,103567.453125,0,1038240,0.0
zero,1,17,102.0,msl,95323.9296875,103542.5703125,0,1038240,0.0
zero,1,17,102.0,tcwv,-2.539052963256836,76.61666870117188,41111,1038240,0.03959681769147789
zero,1,17,102.0,u50,-31.936546325683594,70.77770233154297,0,1038240,0.0
zero,1,17,102.0,u100,-31.359088897705078,59.46858215332031,0,1038240,0.0
zero,1,17,102.0,u150,-39.88264465332031,73.352294921875,0,1038240,0.0
zero,1,17,102.0,u200,-33.14563751220703,85.62171936035156,0,1038240,0.0
zero,1,17,102.0,u250,-34.04746627807617,86.94436645507812,0,1038240,0.0
zero,1,17,102.0,u300,-37.02272415161133,80.27560424804688,0,1038240,0.0
zero,1,17,102.0,u400,-40.682579040527344,59.89916229248047,0,1038240,0.0
zero,1,17,102.0,u500,-39.180908203125,49.35222625732422,0,1038240,0.0
zero,1,17,102.0,u600,-34.938499450683594,42.5914421081543,0,1038240,0.0
zero,1,17,102.0,u700,-34.55389404296875,39.060630798339844,0,1038240,0.0
zero,1,17,102.0,u850,-35.09437942504883,37.084739685058594,0,1038240,0.0
zero,1,17,102.0,u925,-32.32777786254883,32.73314666748047,0,1038240,0.0
zero,1,17,102.0,u1000,-20.739484786987305,21.09910011291504,0,1038240,0.0
zero,1,17,102.0,v50,-22.20673942565918,21.752182006835938,0,1038240,0.0
zero,1,17,102.0,v100,-19.331127166748047,25.936397552490234,0,1038240,0.0
zero,1,17,102.0,v150,-37.20642852783203,34.265899658203125,0,1038240,0.0
zero,1,17,102.0,v200,-43.089813232421875,49.48123550415039,0,1038240,0.0
zero,1,17,102.0,v250,-53.40550994873047,56.769432067871094,0,1038240,0.0
zero,1,17,102.0,v300,-46.55559158325195,61.842437744140625,0,1038240,0.0
zero,1,17,102.0,v400,-48.72575378417969,57.23585891723633,0,1038240,0.0
zero,1,17,102.0,v500,-46.17031478881836,49.03868103027344,0,1038240,0.0
zero,1,17,102.0,v600,-37.59957504272461,41.06836700439453,0,1038240,0.0
zero,1,17,102.0,v700,-31.033674240112305,32.774173736572266,0,1038240,0.0
zero,1,17,102.0,v850,-29.893400192260742,30.734256744384766,0,1038240,0.0
zero,1,17,102.0,v925,-30.83200454711914,27.466745376586914,0,1038240,0.0
zero,1,17,102.0,v1000,-21.287944793701172,19.809412002563477,0,1038240,0.0
zero,1,17,102.0,z50,176375.703125,208561.09375,0,1038240,0.0
zero,1,17,102.0,z100,140050.765625,166289.40625,0,1038240,0.0
zero,1,17,102.0,z150,117173.21875,142155.71875,0,1038240,0.0
zero,1,17,102.0,z200,100264.34375,123873.875,0,1038240,0.0
zero,1,17,102.0,z250,86975.890625,109149.4609375,0,1038240,0.0
zero,1,17,102.0,z300,76116.6640625,96610.4375,0,1038240,0.0
zero,1,17,102.0,z400,58921.58984375,75721.125,0,1038240,0.0
zero,1,17,102.0,z500,44976.76953125,58699.66796875,0,1038240,0.0
zero,1,17,102.0,z600,32868.703125,44351.859375,0,1038240,0.0
zero,1,17,102.0,z700,22294.9296875,32141.091796875,0,1038240,0.0
zero,1,17,102.0,z850,8421.986328125,16362.064453125,0,1038240,0.0
zero,1,17,102.0,z925,2302.150390625,9300.1396484375,0,1038240,0.0
zero,1,17,102.0,z1000,-3760.35205078125,2861.0146484375,0,1038240,0.0
zero,1,17,102.0,t50,179.34976196289062,237.70755004882812,0,1038240,0.0
zero,1,17,102.0,t100,185.2606964111328,240.26956176757812,0,1038240,0.0
zero,1,17,102.0,t150,189.1009979248047,245.207763671875,0,1038240,0.0
zero,1,17,102.0,t200,193.96351623535156,244.2508544921875,0,1038240,0.0
zero,1,17,102.0,t250,198.31289672851562,244.9810333251953,0,1038240,0.0
zero,1,17,102.0,t300,202.13294982910156,250.5882110595703,0,1038240,0.0
zero,1,17,102.0,t400,211.00900268554688,264.61090087890625,0,1038240,0.0
zero,1,17,102.0,t500,217.82101440429688,276.3851318359375,0,1038240,0.0
zero,1,17,102.0,t600,207.28250122070312,288.7837829589844,0,1038240,0.0
zero,1,17,102.0,t700,214.31521606445312,298.1341552734375,0,1038240,0.0
zero,1,17,102.0,t850,223.20870971679688,309.7430419921875,0,1038240,0.0
zero,1,17,102.0,t925,226.8894805908203,315.1636657714844,0,1038240,0.0
zero,1,17,102.0,t1000,230.0815887451172,320.0914306640625,0,1038240,0.0
zero,1,17,102.0,q50,6.314166967058554e-07,2.095652007483295e-06,0,1038240,0.0
zero,1,17,102.0,q100,1.0142829296455602e-06,4.748081664729398e-06,0,1038240,0.0
zero,1,17,102.0,q150,-8.837209861667361e-07,3.7161305954214185e-05,18,1038240,1.7337031900138696e-05
zero,1,17,102.0,q200,-1.0474122973391786e-05,0.00019109838467556983,13185,1038240,0.012699375866851595
zero,1,17,102.0,q250,-1.2690255971392617e-05,0.0006493148393929005,18038,1038240,0.017373632300816767
zero,1,17,102.0,q300,-3.022728196810931e-05,0.0014973614597693086,20541,1038240,0.019784442903374944
zero,1,17,102.0,q400,-6.199328345246613e-05,0.004120741039514542,24538,1038240,0.02363422715364463
zero,1,17,102.0,q500,-0.00010007282253354788,0.007972901687026024,10586,1038240,0.010196101094159346
zero,1,17,102.0,q600,-0.00028159713838249445,0.01161078829318285,14530,1038240,0.013994837417167514
zero,1,17,102.0,q700,-0.00047171791084110737,0.013232851400971413,37011,1038240,0.03564782709200185
zero,1,17,102.0,q850,-0.0005514039658010006,0.018884986639022827,50201,1038240,0.048352018801047926
zero,1,17,102.0,q925,-0.0005741245113313198,0.02181566320359707,60255,1038240,0.05803571428571429
zero,1,17,102.0,q1000,-0.0005790339782834053,0.0250104907900095,53977,1038240,0.051988942826321466
zero,1,18,108.0,u10m,-22.600868225097656,21.938093185424805,0,1038240,0.0
zero,1,18,108.0,v10m,-18.70751190185547,18.06290626525879,0,1038240,0.0
zero,1,18,108.0,u100m,-29.255916595458984,28.25188446044922,0,1038240,0.0
zero,1,18,108.0,v100m,-24.148635864257812,23.794347763061523,0,1038240,0.0
zero,1,18,108.0,t2m,200.84719848632812,322.0848388671875,0,1038240,0.0
zero,1,18,108.0,sp,48868.6796875,103547.3828125,0,1038240,0.0
zero,1,18,108.0,msl,95496.234375,103520.28125,0,1038240,0.0
zero,1,18,108.0,tcwv,-2.577056884765625,78.56250762939453,40233,1038240,0.03875115580212667
zero,1,18,108.0,u50,-29.983734130859375,70.83098602294922,0,1038240,0.0
zero,1,18,108.0,u100,-31.149944305419922,61.33114242553711,0,1038240,0.0
zero,1,18,108.0,u150,-37.268890380859375,72.52477264404297,0,1038240,0.0
zero,1,18,108.0,u200,-32.240509033203125,87.4623031616211,0,1038240,0.0
zero,1,18,108.0,u250,-34.177574157714844,91.25042724609375,0,1038240,0.0
zero,1,18,108.0,u300,-32.13776779174805,81.52510833740234,0,1038240,0.0
zero,1,18,108.0,u400,-38.88780975341797,59.81163787841797,0,1038240,0.0
zero,1,18,108.0,u500,-37.85107421875,52.56499099731445,0,1038240,0.0
zero,1,18,108.0,u600,-34.23952102661133,44.874534606933594,0,1038240,0.0
zero,1,18,108.0,u700,-33.679466247558594,38.12638854980469,0,1038240,0.0
zero,1,18,108.0,u850,-35.561771392822266,37.190311431884766,0,1038240,0.0
zero,1,18,108.0,u925,-37.72056198120117,34.63713836669922,0,1038240,0.0
zero,1,18,108.0,u1000,-22.564361572265625,22.236507415771484,0,1038240,0.0
zero,1,18,108.0,v50,-22.028200149536133,23.016132354736328,0,1038240,0.0
zero,1,18,108.0,v100,-18.609342575073242,25.489126205444336,0,1038240,0.0
zero,1,18,108.0,v150,-35.43141174316406,32.49324417114258,0,1038240,0.0
zero,1,18,108.0,v200,-41.18354034423828,47.28921127319336,0,1038240,0.0
zero,1,18,108.0,v250,-50.25947570800781,55.109004974365234,0,1038240,0.0
zero,1,18,108.0,v300,-45.109500885009766,59.140472412109375,0,1038240,0.0
zero,1,18,108.0,v400,-42.71841049194336,59.52428436279297,0,1038240,0.0
zero,1,18,108.0,v500,-38.459564208984375,51.196533203125,0,1038240,0.0
zero,1,18,108.0,v600,-31.51435661315918,39.52700424194336,0,1038240,0.0
zero,1,18,108.0,v700,-28.304527282714844,31.202884674072266,0,1038240,0.0
zero,1,18,108.0,v850,-30.216167449951172,26.435110092163086,0,1038240,0.0
zero,1,18,108.0,v925,-31.251174926757812,27.08350944519043,0,1038240,0.0
zero,1,18,108.0,v1000,-20.352291107177734,18.773088455200195,0,1038240,0.0
zero,1,18,108.0,z50,176244.890625,208762.796875,0,1038240,0.0
zero,1,18,108.0,z100,139978.84375,166394.609375,0,1038240,0.0
zero,1,18,108.0,z150,117084.28125,142254.078125,0,1038240,0.0
zero,1,18,108.0,z200,100151.703125,123983.2265625,0,1038240,0.0
zero,1,18,108.0,z250,86853.8046875,109078.6484375,0,1038240,0.0
zero,1,18,108.0,z300,75981.1171875,96425.828125,0,1038240,0.0
zero,1,18,108.0,z400,58798.99609375,75501.71875,0,1038240,0.0
zero,1,18,108.0,z500,44843.91796875,58533.1484375,0,1038240,0.0
zero,1,18,108.0,z600,32769.89453125,44405.83984375,0,1038240,0.0
zero,1,18,108.0,z700,22250.34375,32079.70703125,0,1038240,0.0
zero,1,18,108.0,z850,8500.388671875,16320.9677734375,0,1038240,0.0
zero,1,18,108.0,z925,2422.45166015625,9260.189453125,0,1038240,0.0
zero,1,18,108.0,z1000,-3613.61328125,2837.662109375,0,1038240,0.0
zero,1,18,108.0,t50,179.09815979003906,237.72137451171875,0,1038240,0.0
zero,1,18,108.0,t100,185.6496124267578,240.719482421875,0,1038240,0.0
zero,1,18,108.0,t150,191.15074157714844,245.07846069335938,0,1038240,0.0
zero,1,18,108.0,t200,194.67962646484375,244.13751220703125,0,1038240,0.0
zero,1,18,108.0,t250,198.3719024658203,245.00546264648438,0,1038240,0.0
zero,1,18,108.0,t300,201.68197631835938,251.47091674804688,0,1038240,0.0
zero,1,18,108.0,t400,210.78456115722656,265.9872131347656,0,1038240,0.0
zero,1,18,108.0,t500,217.5303955078125,278.97027587890625,0,1038240,0.0
zero,1,18,108.0,t600,207.36508178710938,291.9407653808594,0,1038240,0.0
zero,1,18,108.0,t700,214.1774139404297,301.22900390625,0,1038240,0.0
zero,1,18,108.0,t850,223.5850067138672,312.1790466308594,0,1038240,0.0
zero,1,18,108.0,t925,227.50677490234375,317.34405517578125,0,1038240,0.0
zero,1,18,108.0,t1000,230.87796020507812,322.6144104003906,0,1038240,0.0
zero,1,18,108.0,q50,6.651562216575257e-07,2.1116620700922795e-06,0,1038240,0.0
zero,1,18,108.0,q100,9.894389449982555e-07,4.69543965664343e-06,0,1038240,0.0
zero,1,18,108.0,q150,-3.671666490845382e-07,4.4833719584858045e-05,9,1038240,8.668515950069348e-06
zero,1,18,108.0,q200,-1.0738604032667354e-05,0.00023146302555687726,12757,1038240,0.012287139775003854
zero,1,18,108.0,q250,-1.5304740372812375e-05,0.0006949338130652905,19828,1038240,0.01909770380644167
zero,1,18,108.0,q300,-3.272545291110873e-05,0.0015900613507255912,20757,1038240,0.019992487286176606
zero,1,18,108.0,q400,-0.00011877654469572008,0.00432118633762002,25410,1038240,0.02447411003236246
zero,1,18,108.0,q500,-0.00011001538950949907,0.007976364344358444,10678,1038240,0.010284712590537834
zero,1,18,108.0,q600,-0.00027065782342106104,0.010196765884757042,13549,1038240,0.013049969178609955
zero,1,18,108.0,q700,-0.0005225874483585358,0.013575270771980286,29211,1038240,0.028135113268608413
zero,1,18,108.0,q850,-0.0005520540289580822,0.019756203517317772,44691,1038240,0.043044960702727696
zero,1,18,108.0,q925,-0.0006079133599996567,0.020988503471016884,55127,1038240,0.05309658653105255
zero,1,18,108.0,q1000,-0.0005898410454392433,0.025215618312358856,45037,1038240,0.04337821698258591
zero,1,19,114.0,u10m,-25.719457626342773,23.46124267578125,0,1038240,0.0
zero,1,19,114.0,v10m,-19.08692169189453,17.930984497070312,0,1038240,0.0
zero,1,19,114.0,u100m,-33.36606979370117,29.532400131225586,0,1038240,0.0
zero,1,19,114.0,v100m,-24.85392951965332,24.28973388671875,0,1038240,0.0
zero,1,19,114.0,t2m,199.54037475585938,321.2210998535156,0,1038240,0.0
zero,1,19,114.0,sp,49022.4609375,103461.9296875,0,1038240,0.0
zero,1,19,114.0,msl,95564.625,103427.1640625,0,1038240,0.0
zero,1,19,114.0,tcwv,-2.6532344818115234,79.43367004394531,39023,1038240,0.0375857219910618
zero,1,19,114.0,u50,-30.181381225585938,72.37725067138672,0,1038240,0.0
zero,1,19,114.0,u100,-33.87191390991211,62.37068557739258,0,1038240,0.0
zero,1,19,114.0,u150,-38.74751281738281,71.47331237792969,0,1038240,0.0
zero,1,19,114.0,u200,-32.55989074707031,87.51451873779297,0,1038240,0.0
zero,1,19,114.0,u250,-34.016300201416016,95.21719360351562,0,1038240,0.0
zero,1,19,114.0,u300,-32.22426986694336,84.22948455810547,0,1038240,0.0
zero,1,19,114.0,u400,-40.50190734863281,63.54521942138672,0,1038240,0.0
zero,1,19,114.0,u500,-35.79493713378906,56.406761169433594,0,1038240,0.0
zero,1,19,114.0,u600,-28.789884567260742,47.96515655517578,0,1038240,0.0
zero,1,19,114.0,u700,-31.233177185058594,40.116275787353516,0,1038240,0.0
zero,1,19,114.0,u850,-43.340370178222656,35.851131439208984,0,1038240,0.0
zero,1,19,114.0,u925,-42.04658889770508,34.50395584106445,0,1038240,0.0
zero,1,19,114.0,u1000,-25.744503021240234,23.50141143798828,0,1038240,0.0
zero,1,19,114.0,v50,-22.679351806640625,21.666231155395508,0,1038240,0.0
zero,1,19,114.0,v100,-18.850601196289062,23.495603561401367,0,1038240,0.0
zero,1,19,114.0,v150,-30.540687561035156,31.812973022460938,0,1038240,0.0
zero,1,19,114.0,v200,-39.79246520996094,43.2203483581543,0,1038240,0.0
zero,1,19,114.0,v250,-45.989830017089844,49.82695770263672,0,1038240,0.0
zero,1,19,114.0,v300,-42.847415924072266,58.404945373535156,0,1038240,0.0
zero,1,19,114.0,v400,-46.25213623046875,58.93613815307617,0,1038240,0.0
zero,1,19,114.0,v500,-35.42091369628906,49.73388671875,0,1038240,0.0
zero,1,19,114.0,v600,-28.297618865966797,38.278236389160156,0,1038240,0.0
zero,1,19,114.0,v700,-29.385812759399414,29.244951248168945,0,1038240,0.0
zero,1,19,114.0,v850,-33.795562744140625,24.395536422729492,0,1038240,0.0
zero,1,19,114.0,v925,-31.954879760742188,27.19449234008789,0,1038240,0.0
zero,1,19,114.0,v1000,-20.134273529052734,18.79889488220215,0,1038240,0.0
zero,1,19,114.0,z50,176117.296875,208768.9375,0,1038240,0.0
zero,1,19,114.0,z100,139869.609375,166481.34375,0,1038240,0.0
zero,1,19,114.0,z150,116950.6484375,142313.5625,0,1038240,0.0
zero,1,19,114.0,z200,99979.8359375,124035.4453125,0,1038240,0.0
zero,1,19,114.0,z250,86647.7109375,109132.359375,0,1038240,0.0
zero,1,19,114.0,z300,75743.4921875,96475.3515625,0,1038240,0.0
zero,1,19,114.0,z400,58557.296875,75594.96875,0,1038240,0.0
zero,1,19,114.0,z500,44862.8203125,58599.7734375,0,1038240,0.0
zero,1,19,114.0,z600,32809.76171875,44399.515625,0,1038240,0.0
zero,1,19,114.0,z700,22328.44921875,31968.833984375,0,1038240,0.0
zero,1,19,114.0,z850,8650.5234375,16229.3984375,0,1038240,0.0
zero,1,19,114.0,z925,2509.85986328125,9175.505859375,0,1038240,0.0
zero,1,19,114.0,z1000,-3549.02978515625,2765.53076171875,0,1038240,0.0
zero,1,19,114.0,t50,179.11512756347656,237.774658203125,0,1038240,0.0
zero,1,19,114.0,t100,186.8868408203125,240.89364624023438,0,1038240,0.0
zero,1,19,114.0,t150,193.30393981933594,245.2826385498047,0,1038240,0.0
zero,1,19,114.0,t200,195.2653045654297,243.96937561035156,0,1038240,0.0
zero,1,19,114.0,t250,198.6766815185547,245.0660858154297,0,1038240,0.0
zero,1,19,114.0,t300,201.80941772460938,250.75137329101562,0,1038240,0.0
zero,1,19,114.0,t400,210.4883575439453,264.74603271484375,0,1038240,0.0
zero,1,19,114.0,t500,216.4962615966797,276.3531188964844,0,1038240,0.0
zero,1,19,114.0,t600,205.12069702148438,287.3123779296875,0,1038240,0.0
zero,1,19,114.0,t700,213.88104248046875,295.8121337890625,0,1038240,0.0
zero,1,19,114.0,t850,223.19271850585938,309.168701171875,0,1038240,0.0
zero,1,19,114.0,t925,227.228515625,315.284912109375,0,1038240,0.0
zero,1,19,114.0,t1000,230.49539184570312,320.7605285644531,0,1038240,0.0
zero,1,19,114.0,q50,7.011101388343377e-07,2.1256093987176428e-06,0,1038240,0.0
zero,1,19,114.0,q100,9.930024589266395e-07,4.627173439075705e-06,0,1038240,0.0
zero,1,19,114.0,q150,2.714969014050439e-07,4.101239755982533e-05,0,1038240,0.0
zero,1,19,114.0,q200,-1.1792684745159931e-05,0.00022037807502783835,11328,1038240,0.01091077207582062
zero,1,19,114.0,q250,-1.5027751942398027e-05,0.0007090764702297747,23444,1038240,0.022580520881491754
zero,1,19,114.0,q300,-3.277198993600905e-05,0.0016463464125990868,25352,1038240,0.024418246262906458
zero,1,19,114.0,q400,-6.198944174684584e-05,0.004422006197273731,32618,1038240,0.03141662813992911
zero,1,19,114.0,q500,-8.273788262158632e-05,0.0076739173382520676,9746,1038240,0.009387039605486208
zero,1,19,114.0,q600,-0.0002715566661208868,0.010140884667634964,13197,1038240,0.012710933888118354
zero,1,19,114.0,q700,-0.00045541138388216496,0.013127263635396957,34701,1038240,0.03342290799815072
zero,1,19,114.0,q850,-0.0005627297796308994,0.019957534968852997,46380,1038240,0.04467175219602404
zero,1,19,114.0,q925,-0.0006003309972584248,0.020922962576150894,58402,1038240,0.056250963168438896
zero,1,19,114.0,q1000,-0.0006521157920360565,0.025264954194426537,47431,1038240,0.04568404222530436
zero,1,20,120.0,u10m,-24.847007751464844,27.06855010986328,0,1038240,0.0
zero,1,20,120.0,v10m,-19.162263870239258,18.420459747314453,0,1038240,0.0
zero,1,20,120.0,u100m,-32.13675308227539,35.61039733886719,0,1038240,0.0
zero,1,20,120.0,v100m,-24.95670509338379,25.06751251220703,0,1038240,0.0
zero,1,20,120.0,t2m,197.45811462402344,318.8695068359375,0,1038240,0.0
zero,1,20,120.0,sp,48861.09765625,103387.0546875,0,1038240,0.0
zero,1,20,120.0,msl,94799.9453125,103347.7265625,0,1038240,0.0
zero,1,20,120.0,tcwv,-2.566244125366211,77.0665512084961,45832,1038240,0.04414393589150871
zero,1,20,120.0,u50,-30.230777740478516,72.2542953491211,0,1038240,0.0
zero,1,20,120.0,u100,-33.81621551513672,62.17155075073242,0,1038240,0.0
zero,1,20,120.0,u150,-38.87903594970703,70.37364196777344,0,1038240,0.0
zero,1,20,120.0,u200,-32.155487060546875,87.9024887084961,0,1038240,0.0
zero,1,20,120.0,u250,-31.7354736328125,92.39454650878906,0,1038240,0.0
zero,1,20,120.0,u300,-31.490421295166016,84.77928924560547,0,1038240,0.0
zero,1,20,120.0,u400,-42.45897674560547,63.95201110839844,0,1038240,0.0
zero,1,20,120.0,u500,-36.58472442626953,58.140113830566406,0,1038240,0.0
zero,1,20,120.0,u600,-27.825345993041992,49.59501647949219,0,1038240,0.0
zero,1,20,120.0,u700,-30.464847564697266,44.39479446411133,0,1038240,0.0
zero,1,20,120.0,u850,-41.886329650878906,42.8766975402832,0,1038240,0.0
zero,1,20,120.0,u925,-39.22478103637695,41.400177001953125,0,1038240,0.0
zero,1,20,120.0,u1000,-24.71157455444336,27.431133270263672,0,1038240,0.0
zero,1,20,120.0,v50,-23.66014862060547,21.7301082611084,0,1038240,0.0
zero,1,20,120.0,v100,-18.545961380004883,22.334667205810547,0,1038240,0.0
zero,1,20,120.0,v150,-27.179908752441406,31.973892211914062,0,1038240,0.0
zero,1,20,120.0,v200,-42.48051834106445,41.67681884765625,0,1038240,0.0
zero,1,20,120.0,v250,-51.0056037902832,45.154300689697266,0,1038240,0.0
zero,1,20,120.0,v300,-44.561248779296875,54.376338958740234,0,1038240,0.0
zero,1,20,120.0,v400,-46.00813674926758,56.31049728393555,0,1038240,0.0
zero,1,20,120.0,v500,-37.817142486572266,48.121482849121094,0,1038240,0.0
zero,1,20,120.0,v600,-30.270906448364258,37.705204010009766,0,1038240,0.0
zero,1,20,120.0,v700,-28.335613250732422,27.86553192138672,0,1038240,0.0
zero,1,20,120.0,v850,-34.718902587890625,27.698579788208008,0,1038240,0.0
zero,1,20,120.0,v925,-32.61906051635742,28.010467529296875,0,1038240,0.0
zero,1,20,120.0,v1000,-20.239288330078125,19.43103790283203,0,1038240,0.0
zero,1,20,120.0,z50,175951.0,208726.34375,0,1038240,0.0
zero,1,20,120.0,z100,139788.625,166307.640625,0,1038240,0.0
zero,1,20,120.0,z150,116838.6171875,142118.765625,0,1038240,0.0
zero,1,20,120.0,z200,99817.921875,123836.140625,0,1038240,0.0
zero,1,20,120.0,z250,86460.03125,109013.7265625,0,1038240,0.0
zero,1,20,120.0,z300,75546.9609375,96447.3046875,0,1038240,0.0
zero,1,20,120.0,z400,58380.171875,75498.578125,0,1038240,0.0
zero,1,20,120.0,z500,44782.8359375,58643.58203125,0,1038240,0.0
zero,1,20,120.0,z600,33066.0234375,44503.9375,0,1038240,0.0
zero,1,20,120.0,z700,22707.25390625,32015.69921875,0,1038240,0.0
zero,1,20,120.0,z850,8354.35546875,16190.365234375,0,1038240,0.0
zero,1,20,120.0,z925,1861.72412109375,9122.826171875,0,1038240,0.0
zero,1,20,120.0,z1000,-4223.14453125,2713.52734375,0,1038240,0.0
zero,1,20,120.0,t50,178.968505859375,237.82217407226562,0,1038240,0.0
zero,1,20,120.0,t100,188.1171417236328,241.2647247314453,0,1038240,0.0
zero,1,20,120.0,t150,193.59402465820312,245.2626953125,0,1038240,0.0
zero,1,20,120.0,t200,195.49058532714844,243.6638641357422,0,1038240,0.0
zero,1,20,120.0,t250,199.1956024169922,245.30238342285156,0,1038240,0.0
zero,1,20,120.0,t300,202.361572265625,250.52426147460938,0,1038240,0.0
zero,1,20,120.0,t400,209.74281311035156,264.39373779296875,0,1038240,0.0
zero,1,20,120.0,t500,215.78260803222656,275.1464538574219,0,1038240,0.0
zero,1,20,120.0,t600,206.03662109375,283.6194763183594,0,1038240,0.0
zero,1,20,120.0,t700,213.13795471191406,294.01214599609375,0,1038240,0.0
zero,1,20,120.0,t850,222.384521484375,309.5363464355469,0,1038240,0.0
zero,1,20,120.0,t925,226.58328247070312,315.0103759765625,0,1038240,0.0
zero,1,20,120.0,t1000,229.92117309570312,319.7308349609375,0,1038240,0.0
zero,1,20,120.0,q50,7.39207507649553e-07,2.142281800843193e-06,0,1038240,0.0
zero,1,20,120.0,q100,1.0000975407820079e-06,4.682582130044466e-06,0,1038240,0.0
zero,1,20,120.0,q150,2.340038918191567e-07,3.4649423469090834e-05,0,1038240,0.0
zero,1,20,120.0,q200,-1.2001770301139913e-05,0.00019734686065930873,12498,1038240,0.012037679149329635
zero,1,20,120.0,q250,-1.5459936548722908e-05,0.0006782049895264208,24501,1038240,0.023598589921405455
zero,1,20,120.0,q300,-3.5052711609750986e-05,0.0015855955425649881,24275,1038240,0.023380913854214824
zero,1,20,120.0,q400,-5.151121877133846e-05,0.004189633298665285,30200,1038240,0.029087686854677147
zero,1,20,120.0,q500,-0.00010439747711643577,0.007359515409916639,12372,1038240,0.011916319926028663
zero,1,20,120.0,q600,-0.00028042064514011145,0.00997164100408554,15524,1038240,0.01495222684543073
zero,1,20,120.0,q700,-0.0004100147634744644,0.013151060789823532,34081,1038240,0.03282574356603483
zero,1,20,120.0,q850,-0.0005426504649221897,0.01910041831433773,50898,1038240,0.04902334720295885
zero,1,20,120.0,q925,-0.0006509763188660145,0.02072303369641304,56272,1038240,0.05419941439358915
zero,1,20,120.0,q1000,-0.0006354157812893391,0.02518639899790287,47663,1038240,0.04590749730312837
zero,2,0,0.0,u10m,-29.98059844970703,25.07940101623535,0,1038240,0.0
zero,2,0,0.0,v10m,-27.66229820251465,25.987703323364258,0,1038240,0.0
zero,2,0,0.0,u100m,-38.64726257324219,30.782737731933594,0,1038240,0.0
zero,2,0,0.0,v100m,-33.108516693115234,32.41148376464844,0,1038240,0.0
zero,2,0,0.0,t2m,203.00914001464844,317.2091369628906,0,1038240,0.0
zero,2,0,0.0,sp,49593.44921875,104524.6484375,0,1038240,0.0
zero,2,0,0.0,msl,93167.375,107762.9765625,0,1038240,0.0
zero,2,0,0.0,tcwv,0.033688269555568695,80.67048645019531,0,1038240,0.0
zero,2,0,0.0,u50,-32.53466796875,69.6953353881836,0,1038240,0.0
zero,2,0,0.0,u100,-42.44437026977539,63.615631103515625,0,1038240,0.0
zero,2,0,0.0,u150,-43.69473648071289,76.46526336669922,0,1038240,0.0
zero,2,0,0.0,u200,-44.91203308105469,103.88796997070312,0,1038240,0.0
zero,2,0,0.0,u250,-45.851261138916016,105.44873809814453,0,1038240,0.0
zero,2,0,0.0,u300,-36.28936004638672,102.41063690185547,0,1038240,0.0
zero,2,0,0.0,u400,-35.72868347167969,71.8713150024414,0,1038240,0.0
zero,2,0,0.0,u500,-39.31422805786133,50.18577194213867,0,1038240,0.0
zero,2,0,0.0,u600,-45.0154914855957,45.66450500488281,0,1038240,0.0
zero,2,0,0.0,u700,-47.08867263793945,41.111328125,0,1038240,0.0
zero,2,0,0.0,u850,-52.83549880981445,36.304500579833984,0,1038240,0.0
zero,2,0,0.0,u925,-42.309513092041016,34.310489654541016,0,1038240,0.0
zero,2,0,0.0,u1000,-29.00948715209961,24.660512924194336,0,1038240,0.0
zero,2,0,0.0,v50,-28.3104305267334,37.03956985473633,0,1038240,0.0
zero,2,0,0.0,v100,-31.289772033691406,41.980228424072266,0,1038240,0.0
zero,2,0,0.0,v150,-39.73875427246094,46.22124481201172,0,1038240,0.0
zero,2,0,0.0,v200,-56.7220573425293,65.07794189453125,0,1038240,0.0
zero,2,0,0.0,v250,-63.08574295043945,62.81425857543945,0,1038240,0.0
zero,2,0,0.0,v300,-54.844512939453125,65.45549011230469,0,1038240,0.0
zero,2,0,0.0,v400,-59.89063262939453,63.009368896484375,0,1038240,0.0
zero,2,0,0.0,v500,-50.19239807128906,56.80760192871094,0,1038240,0.0
zero,2,0,0.0,v600,-45.045677185058594,40.0643196105957,0,1038240,0.0
zero,2,0,0.0,v700,-36.78691101074219,42.36308670043945,0,1038240,0.0
zero,2,0,0.0,v850,-42.88942337036133,34.960575103759766,0,1038240,0.0
zero,2,0,0.0,v925,-37.343692779541016,37.056304931640625,0,1038240,0.0
zero,2,0,0.0,v1000,-26.340137481689453,25.029863357543945,0,1038240,0.0
zero,2,0,0.0,z50,178325.890625,207936.40625,0,1038240,0.0
zero,2,0,0.0,z100,140693.140625,165755.734375,0,1038240,0.0
zero,2,0,0.0,z150,117632.0390625,141996.15625,0,1038240,0.0
zero,2,0,0.0,z200,100768.7421875,123884.2421875,0,1038240,0.0
zero,2,0,0.0,z250,87459.671875,109026.765625,0,1038240,0.0
zero,2,0,0.0,z300,76372.9453125,96320.9921875,0,1038240,0.0
zero,2,0,0.0,z400,58395.84765625,75588.4609375,0,1038240,0.0
zero,2,0,0.0,z500,43960.421875,58905.3671875,0,1038240,0.0
zero,2,0,0.0,z600,31816.14453125,44789.28125,0,1038240,0.0
zero,2,0,0.0,z700,21340.9609375,32460.98828125,0,1038240,0.0
zero,2,0,0.0,z850,7071.60302734375,16482.923828125,0,1038240,0.0
zero,2,0,0.0,z925,558.6236572265625,9957.2314453125,0,1038240,0.0
zero,2,0,0.0,z1000,-5507.95556640625,4905.5556640625,0,1038240,0.0
zero,2,0,0.0,t50,176.96493530273438,233.25494384765625,0,1038240,0.0
zero,2,0,0.0,t100,185.84442138671875,235.84442138671875,0,1038240,0.0
zero,2,0,0.0,t150,187.8889617919922,238.91896057128906,0,1038240,0.0
zero,2,0,0.0,t200,190.15658569335938,241.17657470703125,0,1038240,0.0
zero,2,0,0.0,t250,199.0135498046875,243.6435546875,0,1038240,0.0
zero,2,0,0.0,t300,204.70855712890625,251.70855712890625,0,1038240,0.0
zero,2,0,0.0,t400,216.0428466796875,266.5628662109375,0,1038240,0.0
zero,2,0,0.0,t500,224.4999542236328,276.89996337890625,0,1038240,0.0
zero,2,0,0.0,t600,204.55136108398438,287.2413635253906,0,1038240,0.0
zero,2,0,0.0,t700,208.45738220214844,296.9873962402344,0,1038240,0.0
zero,2,0,0.0,t850,216.30093383789062,309.6709289550781,0,1038240,0.0
zero,2,0,0.0,t925,219.8119354248047,315.3219299316406,0,1038240,0.0
zero,2,0,0.0,t1000,223.1019287109375,319.7119445800781,0,1038240,0.0
zero,2,0,0.0,q50,9.999999717180685e-10,1.9450640138529707e-06,0,1038240,0.0
zero,2,0,0.0,q100,1.000000082740371e-09,9.873159797280096e-06,0,1038240,0.0
zero,2,0,0.0,q150,1.0000005268295808e-09,4.6891240344848484e-05,0,1038240,0.0
zero,2,0,0.0,q200,9.999985284281365e-10,0.0002307913964614272,0,1038240,0.0
zero,2,0,0.0,q250,1.000000304784976e-09,0.0007995401974767447,0,1038240,0.0
zero,2,0,0.0,q300,9.999980843389267e-10,0.0018608650425449014,0,1038240,0.0
zero,2,0,0.0,q400,9.999975292274144e-10,0.004661120939999819,0,1038240,0.0
zero,2,0,0.0,q500,9.999941985583405e-10,0.007641600910574198,0,1038240,0.0
zero,2,0,0.0,q600,1.0000007488741858e-09,0.012534401379525661,0,1038240,0.0
zero,2,0,0.0,q700,9.999989725173464e-10,0.018419841304421425,0,1038240,0.0
zero,2,0,0.0,q850,1.635912212805124e-06,0.028813155367970467,0,1038240,0.0
zero,2,0,0.0,q925,4.967510903952643e-06,0.03459184616804123,0,1038240,0.0
zero,2,0,0.0,q1000,6.670324182778131e-06,0.04069339111447334,0,1038240,0.0
zero,2,1,6.0,u10m,-28.26662826538086,24.725343704223633,0,1038240,0.0
zero,2,1,6.0,v10m,-18.348295211791992,25.409976959228516,0,1038240,0.0
zero,2,1,6.0,u100m,-36.92644119262695,30.874807357788086,0,1038240,0.0
zero,2,1,6.0,v100m,-24.574291229248047,33.9788818359375,0,1038240,0.0
zero,2,1,6.0,t2m,201.16290283203125,315.77337646484375,0,1038240,0.0
zero,2,1,6.0,sp,49429.72265625,104052.21875,0,1038240,0.0
zero,2,1,6.0,msl,93364.265625,106022.015625,0,1038240,0.0
zero,2,1,6.0,tcwv,-5.554573059082031,78.99384307861328,71863,1038240,0.06921617352442595
zero,2,1,6.0,u50,-30.99331283569336,73.90312957763672,0,1038240,0.0
zero,2,1,6.0,u100,-39.639732360839844,61.74380111694336,0,1038240,0.0
zero,2,1,6.0,u150,-36.364349365234375,73.82738494873047,0,1038240,0.0
zero,2,1,6.0,u200,-44.386146545410156,94.17500305175781,0,1038240,0.0
zero,2,1,6.0,u250,-40.242340087890625,107.08670043945312,0,1038240,0.0
zero,2,1,6.0,u300,-36.5831298828125,100.92613220214844,0,1038240,0.0
zero,2,1,6.0,u400,-38.10851287841797,69.02294921875,0,1038240,0.0
zero,2,1,6.0,u500,-33.671321868896484,54.1348876953125,0,1038240,0.0
zero,2,1,6.0,u600,-39.60209655761719,43.45893859863281,0,1038240,0.0
zero,2,1,6.0,u700,-40.23883819580078,37.83327865600586,0,1038240,0.0
zero,2,1,6.0,u850,-46.781009674072266,36.94855880737305,0,1038240,0.0
zero,2,1,6.0,u925,-43.35582733154297,33.70161819458008,0,1038240,0.0
zero,2,1,6.0,u1000,-27.0113468170166,23.938142776489258,0,1038240,0.0
zero,2,1,6.0,v50,-23.687562942504883,30.955883026123047,0,1038240,0.0
zero,2,1,6.0,v100,-30.242816925048828,37.05029296875,0,1038240,0.0
zero,2,1,6.0,v150,-32.545005798339844,41.01648712158203,0,1038240,0.0
zero,2,1,6.0,v200,-45.699581146240234,53.78913497924805,0,1038240,0.0
zero,2,1,6.0,v250,-55.91434860229492,62.798702239990234,0,1038240,0.0
zero,2,1,6.0,v300,-48.57569122314453,65.55392456054688,0,1038240,0.0
zero,2,1,6.0,v400,-49.647560119628906,62.94601821899414,0,1038240,0.0
zero,2,1,6.0,v500,-45.10268783569336,49.73537063598633,0,1038240,0.0
zero,2,1,6.0,v600,-35.023216247558594,35.91107177734375,0,1038240,0.0
zero,2,1,6.0,v700,-30.072473526000977,34.23475646972656,0,1038240,0.0
zero,2,1,6.0,v850,-34.2606315612793,36.72390365600586,0,1038240,0.0
zero,2,1,6.0,v925,-34.349029541015625,32.49458694458008,0,1038240,0.0
zero,2,1,6.0,v1000,-21.297121047973633,25.758255004882812,0,1038240,0.0
zero,2,1,6.0,z50,178381.8125,207983.3125,0,1038240,0.0
zero,2,1,6.0,z100,140675.75,165754.28125,0,1038240,0.0
zero,2,1,6.0,z150,117538.3671875,142024.4375,0,1038240,0.0
zero,2,1,6.0,z200,100703.2734375,123902.203125,0,1038240,0.0
zero,2,1,6.0,z250,87383.34375,109060.5703125,0,1038240,0.0
zero,2,1,6.0,z300,76289.1640625,96385.84375,0,1038240,0.0
zero,2,1,6.0,z400,58355.328125,75593.2734375,0,1038240,0.0
zero,2,1,6.0,z500,43971.22265625,58831.37890625,0,1038240,0.0
zero,2,1,6.0,z600,31867.328125,44735.1484375,0,1038240,0.0
zero,2,1,6.0,z700,21432.73046875,32360.15625,0,1038240,0.0
zero,2,1,6.0,z850,7203.10400390625,16416.82421875,0,1038240,0.0
zero,2,1,6.0,z925,738.5751953125,9321.6767578125,0,1038240,0.0
zero,2,1,6.0,z1000,-5302.41162109375,3649.6826171875,0,1038240,0.0
zero,2,1,6.0,t50,179.83154296875,233.6676483154297,0,1038240,0.0
zero,2,1,6.0,t100,186.5077667236328,235.44126892089844,0,1038240,0.0
zero,2,1,6.0,t150,188.92953491210938,238.73724365234375,0,1038240,0.0
zero,2,1,6.0,t200,191.56875610351562,241.3602752685547,0,1038240,0.0
zero,2,1,6.0,t250,199.23068237304688,243.1333770751953,0,1038240,0.0
zero,2,1,6.0,t300,205.0389862060547,251.13470458984375,0,1038240,0.0
zero,2,1,6.0,t400,215.11151123046875,264.9374084472656,0,1038240,0.0
zero,2,1,6.0,t500,224.70770263671875,276.8890380859375,0,1038240,0.0
zero,2,1,6.0,t600,214.51953125,289.6756286621094,0,1038240,0.0
zero,2,1,6.0,t700,210.1229248046875,300.00384521484375,0,1038240,0.0
zero,2,1,6.0,t850,217.85513305664062,312.0284118652344,0,1038240,0.0
zero,2,1,6.0,t925,222.42501831054688,317.1992492675781,0,1038240,0.0
zero,2,1,6.0,t1000,225.74368286132812,322.233154296875,0,1038240,0.0
zero,2,1,6.0,q50,4.0225359043688513e-08,1.9511955997586483e-06,0,1038240,0.0
zero,2,1,6.0,q100,1.0800135896715801e-07,9.330646207672544e-06,0,1038240,0.0
zero,2,1,6.0,q150,6.372010830091313e-08,3.4251297620357946e-05,0,1038240,0.0
zero,2,1,6.0,q200,-2.2600506781600416e-06,0.00021032935183029622,7430,1038240,0.007156341501001695
zero,2,1,6.0,q250,-1.4107707102084532e-05,0.0006908549112267792,33336,1038240,0.032108183079056864
zero,2,1,6.0,q300,-2.6113033527508378e-05,0.0016040903283283114,11135,1038240,0.010724880567113577
zero,2,1,6.0,q400,-0.00011307830573059618,0.0044692386873066425,30081,1038240,0.028973069810448452
zero,2,1,6.0,q500,-0.00016424315981566906,0.007303062826395035,8712,1038240,0.00839112343966713
zero,2,1,6.0,q600,-0.0002337592886760831,0.009991299360990524,10765,1038240,0.010368508244721837
zero,2,1,6.0,q700,-0.0006407457403838634,0.013610556721687317,28070,1038240,0.0270361380798274
zero,2,1,6.0,q850,-0.0009649833664298058,0.018230805173516273,63996,1038240,0.061638927415626446
zero,2,1,6.0,q925,-0.001624805387109518,0.020304976031184196,67712,1038240,0.06521806133456619
zero,2,1,6.0,q1000,-0.0016579409129917622,0.024263590574264526,68408,1038240,0.06588842656803821
zero,2,2,12.0,u10m,-24.63167953491211,22.683988571166992,0,1038240,0.0
zero,2,2,12.0,v10m,-19.056657791137695,27.259506225585938,0,1038240,0.0
zero,2,2,12.0,u100m,-32.437835693359375,28.44456672668457,0,1038240,0.0
zero,2,2,12.0,v100m,-25.74309539794922,36.29791259765625,0,1038240,0.0
zero,2,2,12.0,t2m,205.36285400390625,321.945556640625,0,1038240,0.0
zero,2,2,12.0,sp,49203.0625,103868.3203125,0,1038240,0.0
zero,2,2,12.0,msl,93640.90625,104244.5703125,0,1038240,0.0
zero,2,2,12.0,tcwv,-5.963743209838867,77.52139282226562,73572,1038240,0.07086222838650023
zero,2,2,12.0,u50,-29.69406509399414,75.33419036865234,0,1038240,0.0
zero,2,2,12.0,u100,-39.417579650878906,64.45590209960938,0,1038240,0.0
zero,2,2,12.0,u150,-34.242095947265625,72.1448745727539,0,1038240,0.0
zero,2,2,12.0,u200,-44.21321105957031,89.13219451904297,0,1038240,0.0
zero,2,2,12.0,u250,-40.32534408569336,100.9635009765625,0,1038240,0.0
zero,2,2,12.0,u300,-40.87629699707031,91.8093032836914,0,1038240,0.0
zero,2,2,12.0,u400,-41.234535217285156,71.69613647460938,0,1038240,0.0
zero,2,2,12.0,u500,-36.49357986450195,56.88872528076172,0,1038240,0.0
zero,2,2,12.0,u600,-36.76103591918945,43.285003662109375,0,1038240,0.0
zero,2,2,12.0,u700,-38.5073356628418,39.211395263671875,0,1038240,0.0
zero,2,2,12.0,u850,-42.931495666503906,37.081966400146484,0,1038240,0.0
zero,2,2,12.0,u925,-41.2228889465332,34.475345611572266,0,1038240,0.0
zero,2,2,12.0,u1000,-24.141632080078125,22.374244689941406,0,1038240,0.0
zero,2,2,12.0,v50,-24.8616943359375,30.88040542602539,0,1038240,0.0
zero,2,2,12.0,v100,-28.49932861328125,35.016632080078125,0,1038240,0.0
zero,2,2,12.0,v150,-32.54144287109375,38.26191329956055,0,1038240,0.0
zero,2,2,12.0,v200,-46.50296401977539,51.424400329589844,0,1038240,0.0
zero,2,2,12.0,v250,-54.8858528137207,55.025062561035156,0,1038240,0.0
zero,2,2,12.0,v300,-51.806453704833984,62.73646545410156,0,1038240,0.0
zero,2,2,12.0,v400,-48.00126266479492,57.52073287963867,0,1038240,0.0
zero,2,2,12.0,v500,-43.181427001953125,46.25382995605469,0,1038240,0.0
zero,2,2,12.0,v600,-33.286712646484375,36.841548919677734,0,1038240,0.0
zero,2,2,12.0,v700,-27.727201461791992,34.439693450927734,0,1038240,0.0
zero,2,2,12.0,v850,-36.857513427734375,38.818878173828125,0,1038240,0.0
zero,2,2,12.0,v925,-32.10883331298828,36.67573547363281,0,1038240,0.0
zero,2,2,12.0,v1000,-19.76866912841797,28.057533264160156,0,1038240,0.0
zero,2,2,12.0,z50,178425.3125,208132.046875,0,1038240,0.0
zero,2,2,12.0,z100,140601.109375,165767.71875,0,1038240,0.0
zero,2,2,12.0,z150,117500.1875,142046.609375,0,1038240,0.0
zero,2,2,12.0,z200,100662.625,123892.1875,0,1038240,0.0
zero,2,2,12.0,z250,87341.2421875,109062.3203125,0,1038240,0.0
zero,2,2,12.0,z300,76238.71875,96355.875,0,1038240,0.0
zero,2,2,12.0,z400,58364.21875,75480.828125,0,1038240,0.0
zero,2,2,12.0,z500,44087.7578125,58903.60546875,0,1038240,0.0
zero,2,2,12.0,z600,31994.970703125,44796.171875,0,1038240,0.0
zero,2,2,12.0,z700,21556.119140625,32431.1171875,0,1038240,0.0
zero,2,2,12.0,z850,7360.654296875,16491.619140625,0,1038240,0.0
zero,2,2,12.0,z925,969.54541015625,9397.40625,0,1038240,0.0
zero,2,2,12.0,z1000,-5071.58935546875,3096.43701171875,0,1038240,0.0
zero,2,2,12.0,t50,180.73435974121094,234.05763244628906,0,1038240,0.0
zero,2,2,12.0,t100,186.34329223632812,235.4652557373047,0,1038240,0.0
zero,2,2,12.0,t150,188.22149658203125,238.62452697753906,0,1038240,0.0
zero,2,2,12.0,t200,191.9323272705078,241.485107421875,0,1038240,0.0
zero,2,2,12.0,t250,199.12103271484375,242.9459228515625,0,1038240,0.0
zero,2,2,12.0,t300,204.8271484375,251.21499633789062,0,1038240,0.0
zero,2,2,12.0,t400,214.71810913085938,265.0132141113281,0,1038240,0.0
zero,2,2,12.0,t500,223.65162658691406,276.45135498046875,0,1038240,0.0
zero,2,2,12.0,t600,217.67056274414062,290.3299865722656,0,1038240,0.0
zero,2,2,12.0,t700,214.6513671875,302.19256591796875,0,1038240,0.0
zero,2,2,12.0,t850,222.50567626953125,314.0937194824219,0,1038240,0.0
zero,2,2,12.0,t925,226.85049438476562,319.78216552734375,0,1038240,0.0
zero,2,2,12.0,t1000,230.6319580078125,324.8677673339844,0,1038240,0.0
zero,2,2,12.0,q50,8.485653779644053e-08,1.959241217264207e-06,0,1038240,0.0
zero,2,2,12.0,q100,2.667875378392637e-07,8.742030331632122e-06,0,1038240,0.0
zero,2,2,12.0,q150,3.6976962292101234e-07,3.52549395756796e-05,0,1038240,0.0
zero,2,2,12.0,q200,-2.756447429419495e-06,0.00020802393555641174,9652,1038240,0.009296501772229928
zero,2,2,12.0,q250,-9.911320375977084e-06,0.0007063564844429493,38349,1038240,0.03693654646324549
zero,2,2,12.0,q300,-1.2277188943699002e-05,0.00153423473238945,19211,1038240,0.018503428879642472
zero,2,2,12.0,q400,-7.395376451313496e-05,0.004148497711867094,48370,1038240,0.04658845738942826
zero,2,2,12.0,q500,-0.0001120157539844513,0.006989193614572287,25526,1038240,0.024585837571274465
zero,2,2,12.0,q600,-0.0002304170047864318,0.010147817432880402,20414,1038240,0.019662120511635076
zero,2,2,12.0,q700,-0.0006534510757774115,0.013357657939195633,54619,1038240,0.05260729696409308
zero,2,2,12.0,q850,-0.0012465603649616241,0.017900627106428146,70587,1038240,0.06798717059639389
zero,2,2,12.0,q925,-0.0015205289237201214,0.020125605165958405,73388,1038240,0.07068500539374326
zero,2,2,12.0,q1000,-0.0017796200700104237,0.02522667497396469,73094,1038240,0.07040183387270765
zero,2,3,18.0,u10m,-22.75889778137207,20.836395263671875,0,1038240,0.0
zero,2,3,18.0,v10m,-19.845441818237305,26.773466110229492,0,1038240,0.0
zero,2,3,18.0,u100m,-29.590038299560547,25.75139045715332,0,1038240,0.0
zero,2,3,18.0,v100m,-25.642412185668945,36.57195281982422,0,1038240,0.0
zero,2,3,18.0,t2m,206.3167724609375,320.8795166015625,0,1038240,0.0
zero,2,3,18.0,sp,49166.3671875,103798.109375,0,1038240,0.0
zero,2,3,18.0,msl,93883.8125,103938.9140625,0,1038240,0.0
zero,2,3,18.0,tcwv,-5.101558685302734,77.45545959472656,73572,1038240,0.07086222838650023
zero,2,3,18.0,u50,-29.240447998046875,76.20945739746094,0,1038240,0.0
zero,2,3,18.0,u100,-37.244102478027344,65.86787414550781,0,1038240,0.0
zero,2,3,18.0,u150,-32.91249084472656,74.45291137695312,0,1038240,0.0
zero,2,3,18.0,u200,-40.92115020751953,86.29351043701172,0,1038240,0.0
zero,2,3,18.0,u250,-37.48995590209961,101.04899597167969,0,1038240,0.0
zero,2,3,18.0,u300,-39.115543365478516,97.71902465820312,0,1038240,0.0
zero,2,3,18.0,u400,-37.67832946777344,71.58952331542969,0,1038240,0.0
zero,2,3,18.0,u500,-34.5335578918457,58.22721862792969,0,1038240,0.0
zero,2,3,18.0,u600,-32.902992248535156,45.48898696899414,0,1038240,0.0
zero,2,3,18.0,u700,-34.03733825683594,39.04045867919922,0,1038240,0.0
zero,2,3,18.0,u850,-36.35478973388672,35.62174606323242,0,1038240,0.0
zero,2,3,18.0,u925,-36.856231689453125,32.01686477661133,0,1038240,0.0
zero,2,3,18.0,u1000,-22.246217727661133,21.52625846862793,0,1038240,0.0
zero,2,3,18.0,v50,-23.21405601501465,29.55408477783203,0,1038240,0.0
zero,2,3,18.0,v100,-26.698583602905273,33.70105743408203,0,1038240,0.0
zero,2,3,18.0,v150,-29.464670181274414,36.502464294433594,0,1038240,0.0
zero,2,3,18.0,v200,-45.37077713012695,54.95509719848633,0,1038240,0.0
zero,2,3,18.0,v250,-57.1181526184082,62.68858337402344,0,1038240,0.0
zero,2,3,18.0,v300,-52.77499008178711,59.16200256347656,0,1038240,0.0
zero,2,3,18.0,v400,-44.96057891845703,52.57611846923828,0,1038240,0.0
zero,2,3,18.0,v500,-42.510108947753906,43.3453483581543,0,1038240,0.0
zero,2,3,18.0,v600,-33.117759704589844,36.51829528808594,0,1038240,0.0
zero,2,3,18.0,v700,-27.336721420288086,34.29627227783203,0,1038240,0.0
zero,2,3,18.0,v850,-32.71282958984375,37.79958724975586,0,1038240,0.0
zero,2,3,18.0,v925,-31.23782730102539,37.620487213134766,0,1038240,0.0
zero,2,3,18.0,v1000,-20.67019271850586,27.404064178466797,0,1038240,0.0
zero,2,3,18.0,z50,178364.59375,208026.84375,0,1038240,0.0
zero,2,3,18.0,z100,140505.75,165755.703125,0,1038240,0.0
zero,2,3,18.0,z150,117417.9765625,142009.5,0,1038240,0.0
zero,2,3,18.0,z200,100615.4921875,123871.2265625,0,1038240,0.0
zero,2,3,18.0,z250,87318.046875,109031.84375,0,1038240,0.0
zero,2,3,18.0,z300,76233.15625,96387.7421875,0,1038240,0.0
zero,2,3,18.0,z400,58392.1640625,75614.703125,0,1038240,0.0
zero,2,3,18.0,z500,44144.34375,58856.78125,0,1038240,0.0
zero,2,3,18.0,z600,32108.4609375,44696.90234375,0,1038240,0.0
zero,2,3,18.0,z700,21648.76171875,32401.078125,0,1038240,0.0
zero,2,3,18.0,z850,7493.36572265625,16458.3828125,0,1038240,0.0
zero,2,3,18.0,z925,1167.32470703125,9416.931640625,0,1038240,0.0
zero,2,3,18.0,z1000,-4780.74169921875,3016.40234375,0,1038240,0.0
zero,2,3,18.0,t50,180.44265747070312,234.35751342773438,0,1038240,0.0
zero,2,3,18.0,t100,186.37977600097656,235.3859100341797,0,1038240,0.0
zero,2,3,18.0,t150,188.81300354003906,239.08558654785156,0,1038240,0.0
zero,2,3,18.0,t200,192.62982177734375,241.7964324951172,0,1038240,0.0
zero,2,3,18.0,t250,199.32684326171875,242.4601287841797,0,1038240,0.0
zero,2,3,18.0,t300,204.73536682128906,250.66036987304688,0,1038240,0.0
zero,2,3,18.0,t400,214.79324340820312,264.7555236816406,0,1038240,0.0
zero,2,3,18.0,t500,223.2855682373047,276.767578125,0,1038240,0.0
zero,2,3,18.0,t600,216.60836791992188,288.46844482421875,0,1038240,0.0
zero,2,3,18.0,t700,215.436767578125,299.6343994140625,0,1038240,0.0
zero,2,3,18.0,t850,223.75790405273438,310.33349609375,0,1038240,0.0
zero,2,3,18.0,t925,227.81832885742188,316.83099365234375,0,1038240,0.0
zero,2,3,18.0,t1000,231.50430297851562,321.9698791503906,0,1038240,0.0
zero,2,3,18.0,q50,1.2880468602816109e-07,1.9686690393427853e-06,0,1038240,0.0
zero,2,3,18.0,q100,3.991415269410936e-07,8.172139132511802e-06,0,1038240,0.0
zero,2,3,18.0,q150,3.3531705412315205e-07,3.6804962292080745e-05,0,1038240,0.0
zero,2,3,18.0,q200,-1.6774611140135676e-06,0.0002112554939230904,5729,1038240,0.005517991986438589
zero,2,3,18.0,q250,-1.5080837329151109e-05,0.0006485458579845726,34104,1038240,0.03284789644012945
zero,2,3,18.0,q300,-1.5704077668488026e-05,0.0015144519275054336,28133,1038240,0.027096817691477884
zero,2,3,18.0,q400,-7.630229811184108e-05,0.004055245313793421,56813,1038240,0.05472048851903221
zero,2,3,18.0,q500,-0.0001225915621034801,0.006949522998183966,40876,1038240,0.03937047310833718
zero,2,3,18.0,q600,-0.00031697750091552734,0.009602718986570835,35743,1038240,0.034426529511480966
zero,2,3,18.0,q700,-0.000734423054382205,0.013106845319271088,60746,1038240,0.05850862998921252
zero,2,3,18.0,q850,-0.001195005141198635,0.018031185492873192,72769,1038240,0.07008880413006627
zero,2,3,18.0,q925,-0.0014863749966025352,0.01987578347325325,75193,1038240,0.07242352442595161
zero,2,3,18.0,q1000,-0.0015490413643419743,0.024602830410003662,73760,1038240,0.07104330405301279
zero,2,4,24.0,u10m,-20.917194366455078,25.45136833190918,0,1038240,0.0
zero,2,4,24.0,v10m,-19.721416473388672,25.55338478088379,0,1038240,0.0
zero,2,4,24.0,u100m,-27.972076416015625,32.5674934387207,0,1038240,0.0
zero,2,4,24.0,v100m,-26.21065902709961,34.56995391845703,0,1038240,0.0
zero,2,4,24.0,t2m,205.80441284179688,319.51104736328125,0,1038240,0.0
zero,2,4,24.0,sp,49046.63671875,103879.9375,0,1038240,0.0
zero,2,4,24.0,msl,93893.953125,103863.3515625,0,1038240,0.0
zero,2,4,24.0,tcwv,-4.607563018798828,75.87976837158203,72313,1038240,0.06964959932192942
zero,2,4,24.0,u50,-29.716625213623047,77.6054458618164,0,1038240,0.0
zero,2,4,24.0,u100,-37.615013122558594,65.92705535888672,0,1038240,0.0
zero,2,4,24.0,u150,-31.637746810913086,73.64391326904297,0,1038240,0.0
zero,2,4,24.0,u200,-37.446144104003906,85.67019653320312,0,1038240,0.0
zero,2,4,24.0,u250,-36.50111770629883,96.27857971191406,0,1038240,0.0
zero,2,4,24.0,u300,-38.976383209228516,93.82947540283203,0,1038240,0.0
zero,2,4,24.0,u400,-35.79047393798828,72.43921661376953,0,1038240,0.0
zero,2,4,24.0,u500,-30.368812561035156,62.87274932861328,0,1038240,0.0
zero,2,4,24.0,u600,-30.034753799438477,51.09969711303711,0,1038240,0.0
zero,2,4,24.0,u700,-31.62246322631836,41.607696533203125,0,1038240,0.0
zero,2,4,24.0,u850,-36.18781280517578,35.333248138427734,0,1038240,0.0
zero,2,4,24.0,u925,-34.67414093017578,35.86801528930664,0,1038240,0.0
zero,2,4,24.0,u1000,-20.431760787963867,25.139568328857422,0,1038240,0.0
zero,2,4,24.0,v50,-22.934934616088867,29.34223175048828,0,1038240,0.0
zero,2,4,24.0,v100,-25.026094436645508,32.71303176879883,0,1038240,0.0
zero,2,4,24.0,v150,-29.512609481811523,34.76947784423828,0,1038240,0.0
zero,2,4,24.0,v200,-42.445064544677734,53.335357666015625,0,1038240,0.0
zero,2,4,24.0,v250,-55.13445281982422,63.16233825683594,0,1038240,0.0
zero,2,4,24.0,v300,-54.23842239379883,60.661895751953125,0,1038240,0.0
zero,2,4,24.0,v400,-38.77946090698242,53.00190734863281,0,1038240,0.0
zero,2,4,24.0,v500,-36.5388298034668,46.0913200378418,0,1038240,0.0
zero,2,4,24.0,v600,-33.31260681152344,36.933876037597656,0,1038240,0.0
zero,2,4,24.0,v700,-29.956241607666016,32.057132720947266,0,1038240,0.0
zero,2,4,24.0,v850,-36.65741729736328,38.78407287597656,0,1038240,0.0
zero,2,4,24.0,v925,-32.073265075683594,36.681880950927734,0,1038240,0.0
zero,2,4,24.0,v1000,-20.378957748413086,26.2869815826416,0,1038240,0.0
zero,2,4,24.0,z50,178282.921875,208038.75,0,1038240,0.0
zero,2,4,24.0,z100,140450.34375,165511.640625,0,1038240,0.0
zero,2,4,24.0,z150,117386.8125,141741.390625,0,1038240,0.0
zero,2,4,24.0,z200,100595.2578125,123627.8203125,0,1038240,0.0
zero,2,4,24.0,z250,87301.546875,108931.859375,0,1038240,0.0
zero,2,4,24.0,z300,76199.046875,96398.125,0,1038240,0.0
zero,2,4,24.0,z400,58367.57421875,75583.09375,0,1038240,0.0
zero,2,4,24.0,z500,44144.39453125,58800.78125,0,1038240,0.0
zero,2,4,24.0,z600,32159.912109375,44669.2734375,0,1038240,0.0
zero,2,4,24.0,z700,21596.25,32390.37109375,0,1038240,0.0
zero,2,4,24.0,z850,7355.69189453125,16492.4609375,0,1038240,0.0
zero,2,4,24.0,z925,1074.4677734375,9512.21484375,0,1038240,0.0
zero,2,4,24.0,z1000,-4791.412109375,3068.01806640625,0,1038240,0.0
zero,2,4,24.0,t50,180.0303192138672,234.6508026123047,0,1038240,0.0
zero,2,4,24.0,t100,186.5146484375,235.38568115234375,0,1038240,0.0
zero,2,4,24.0,t150,188.56765747070312,239.3572235107422,0,1038240,0.0
zero,2,4,24.0,t200,192.23849487304688,241.90878295898438,0,1038240,0.0
zero,2,4,24.0,t250,199.6746826171875,242.63880920410156,0,1038240,0.0
zero,2,4,24.0,t300,204.74929809570312,250.16761779785156,0,1038240,0.0
zero,2,4,24.0,t400,214.6383056640625,264.619384765625,0,1038240,0.0
zero,2,4,24.0,t500,222.8271484375,276.62127685546875,0,1038240,0.0
zero,2,4,24.0,t600,217.0934295654297,286.6383361816406,0,1038240,0.0
zero,2,4,24.0,t700,215.74066162109375,295.4066467285156,0,1038240,0.0
zero,2,4,24.0,t850,224.3338623046875,308.165283203125,0,1038240,0.0
zero,2,4,24.0,t925,228.18467712402344,313.81573486328125,0,1038240,0.0
zero,2,4,24.0,t1000,231.87257385253906,318.2935485839844,0,1038240,0.0
zero,2,4,24.0,q50,1.697510469966801e-07,1.9753165361180436e-06,0,1038240,0.0
zero,2,4,24.0,q100,4.764326604345115e-07,7.67300934967352e-06,0,1038240,0.0
zero,2,4,24.0,q150,-5.803758540423587e-08,3.535357245709747e-05,3,1038240,2.889505316689783e-06
zero,2,4,24.0,q200,-1.429141775588505e-06,0.00019477208843454719,4921,1038240,0.00473975188781014
zero,2,4,24.0,q250,-1.2783562851836905e-05,0.0006223827367648482,40805,1038240,0.039302088149175525
zero,2,4,24.0,q300,-1.8117454601451755e-05,0.0014741343911737204,31123,1038240,0.0299766913237787
zero,2,4,24.0,q400,-6.268353899940848e-05,0.004100874066352844,53525,1038240,0.05155359069194021
zero,2,4,24.0,q500,-0.00012134184362366796,0.00690223416313529,44515,1038240,0.04287544305748189
zero,2,4,24.0,q600,-0.00025674502830952406,0.009479974396526814,43285,1038240,0.04169074587763908
zero,2,4,24.0,q700,-0.0006537095177918673,0.013035442680120468,59704,1038240,0.05750500847588226
zero,2,4,24.0,q850,-0.0010119020007550716,0.018072044476866722,72156,1038240,0.06949838187702265
zero,2,4,24.0,q925,-0.0012711919844150543,0.019603118300437927,74829,1038240,0.07207293111419324
zero,2,4,24.0,q1000,-0.001388773787766695,0.02463974803686142,72898,1038240,0.07021305285868393
zero,2,5,30.0,u10m,-21.71149444580078,27.016817092895508,0,1038240,0.0
zero,2,5,30.0,v10m,-19.779186248779297,24.1138858795166,0,1038240,0.0
zero,2,5,30.0,u100m,-29.05400276184082,34.12095642089844,0,1038240,0.0
zero,2,5,30.0,v100m,-26.066762924194336,32.99931335449219,0,1038240,0.0
zero,2,5,30.0,t2m,205.74844360351562,316.18450927734375,0,1038240,0.0
zero,2,5,30.0,sp,49072.515625,103788.28125,0,1038240,0.0
zero,2,5,30.0,msl,93969.5625,103797.0859375,0,1038240,0.0
zero,2,5,30.0,tcwv,-4.130058288574219,75.21121978759766,70733,1038240,0.0681277931884728
zero,2,5,30.0,u50,-30.319225311279297,77.09723663330078,0,1038240,0.0
zero,2,5,30.0,u100,-38.03550338745117,68.66584777832031,0,1038240,0.0
zero,2,5,30.0,u150,-30.393064498901367,73.16688537597656,0,1038240,0.0
zero,2,5,30.0,u200,-37.570594787597656,85.42444610595703,0,1038240,0.0
zero,2,5,30.0,u250,-33.46573257446289,93.52374267578125,0,1038240,0.0
zero,2,5,30.0,u300,-37.42467498779297,91.71481323242188,0,1038240,0.0
zero,2,5,30.0,u400,-34.37147521972656,75.02721405029297,0,1038240,0.0
zero,2,5,30.0,u500,-30.877262115478516,60.9599494934082,0,1038240,0.0
zero,2,5,30.0,u600,-29.28685188293457,49.4787712097168,0,1038240,0.0
zero,2,5,30.0,u700,-35.627994537353516,40.05741882324219,0,1038240,0.0
zero,2,5,30.0,u850,-38.30747604370117,39.31468963623047,0,1038240,0.0
zero,2,5,30.0,u925,-35.180747985839844,36.404178619384766,0,1038240,0.0
zero,2,5,30.0,u1000,-21.658950805664062,26.452539443969727,0,1038240,0.0
zero,2,5,30.0,v50,-23.59062957763672,27.967533111572266,0,1038240,0.0
zero,2,5,30.0,v100,-21.95770835876465,31.379308700561523,0,1038240,0.0
zero,2,5,30.0,v150,-28.411693572998047,33.08298873901367,0,1038240,0.0
zero,2,5,30.0,v200,-42.47712326049805,51.72807312011719,0,1038240,0.0
zero,2,5,30.0,v250,-54.371971130371094,63.67271423339844,0,1038240,0.0
zero,2,5,30.0,v300,-53.51603698730469,66.13902282714844,0,1038240,0.0
zero,2,5,30.0,v400,-39.70134735107422,56.45737838745117,0,1038240,0.0
zero,2,5,30.0,v500,-37.28642654418945,48.50705337524414,0,1038240,0.0
zero,2,5,30.0,v600,-33.24876403808594,39.388301849365234,0,1038240,0.0
zero,2,5,30.0,v700,-28.799392700195312,32.52214431762695,0,1038240,0.0
zero,2,5,30.0,v850,-36.25537109375,38.75423812866211,0,1038240,0.0
zero,2,5,30.0,v925,-30.859251022338867,31.939714431762695,0,1038240,0.0
zero,2,5,30.0,v1000,-20.341773986816406,24.565027236938477,0,1038240,0.0
zero,2,5,30.0,z50,178072.78125,208175.96875,0,1038240,0.0
zero,2,5,30.0,z100,140335.25,165621.3125,0,1038240,0.0
zero,2,5,30.0,z150,117312.875,141766.09375,0,1038240,0.0
zero,2,5,30.0,z200,100544.890625,123667.1875,0,1038240,0.0
zero,2,5,30.0,z250,87257.8828125,108939.84375,0,1038240,0.0
zero,2,5,30.0,z300,76183.3125,96394.453125,0,1038240,0.0
zero,2,5,30.0,z400,58362.3828125,75591.9765625,0,1038240,0.0
zero,2,5,30.0,z500,44137.60546875,58647.421875,0,1038240,0.0
zero,2,5,30.0,z600,31988.392578125,44514.7734375,0,1038240,0.0
zero,2,5,30.0,z700,21274.240234375,32219.62109375,0,1038240,0.0
zero,2,5,30.0,z850,7283.6142578125,16517.9140625,0,1038240,0.0
zero,2,5,30.0,z925,1122.7177734375,9523.12890625,0,1038240,0.0
zero,2,5,30.0,z1000,-4677.46142578125,3027.6923828125,0,1038240,0.0
zero,2,5,30.0,t50,179.8109588623047,234.92864990234375,0,1038240,0.0
zero,2,5,30.0,t100,186.2783660888672,235.23265075683594,0,1038240,0.0
zero,2,5,30.0,t150,189.11053466796875,240.01864624023438,0,1038240,0.0
zero,2,5,30.0,t200,192.11367797851562,242.1234893798828,0,1038240,0.0
zero,2,5,30.0,t250,199.81578063964844,242.5130157470703,0,1038240,0.0
zero,2,5,30.0,t300,204.80889892578125,250.23452758789062,0,1038240,0.0
zero,2,5,30.0,t400,214.09217834472656,264.1508483886719,0,1038240,0.0
zero,2,5,30.0,t500,222.83909606933594,276.0257568359375,0,1038240,0.0
zero,2,5,30.0,t600,216.96939086914062,289.0409851074219,0,1038240,0.0
zero,2,5,30.0,t700,215.1461639404297,300.839599609375,0,1038240,0.0
zero,2,5,30.0,t850,223.910888671875,312.13201904296875,0,1038240,0.0
zero,2,5,30.0,t925,227.73651123046875,317.29022216796875,0,1038240,0.0
zero,2,5,30.0,t1000,231.31365966796875,322.4418640136719,0,1038240,0.0
zero,2,5,30.0,q50,2.115789357048925e-07,1.982776211661985e-06,0,1038240,0.0
zero,2,5,30.0,q100,5.700976544176228e-07,7.222646217996953e-06,0,1038240,0.0
zero,2,5,30.0,q150,-4.4267926568863913e-07,3.5022592783207074e-05,63,1038240,6.0679611650485434e-05
zero,2,5,30.0,q200,-2.2192452888702974e-06,0.0002028890303336084,7397,1038240,0.007124556942518108
zero,2,5,30.0,q250,-1.5604204236296937e-05,0.0006366627640090883,32131,1038240,0.03094756511018647
zero,2,5,30.0,q300,-2.065078297164291e-05,0.0015164284268394113,28539,1038240,0.027487864077669903
zero,2,5,30.0,q400,-6.835826206952333e-05,0.004192057065665722,50365,1038240,0.04850997842502697
zero,2,5,30.0,q500,-0.00011361984070390463,0.007218089420348406,40712,1038240,0.03921251348435814
zero,2,5,30.0,q600,-0.00029274309054017067,0.010798525996506214,44128,1038240,0.04250269687162891
zero,2,5,30.0,q700,-0.0005520053673535585,0.013304576277732849,61849,1038240,0.05957100477731546
zero,2,5,30.0,q850,-0.000838790088891983,0.017994707450270653,70108,1038240,0.06752581291416243
zero,2,5,30.0,q925,-0.0010583591647446156,0.020056303590536118,72473,1038240,0.06980370627215288
zero,2,5,30.0,q1000,-0.0011323303915560246,0.023933596909046173,71211,1038240,0.06858818770226537
zero,2,6,36.0,u10m,-22.132970809936523,23.299482345581055,0,1038240,0.0
zero,2,6,36.0,v10m,-19.48523712158203,22.847206115722656,0,1038240,0.0
zero,2,6,36.0,u100m,-29.32468032836914,29.09923553466797,0,1038240,0.0
zero,2,6,36.0,v100m,-25.404306411743164,31.7803955078125,0,1038240,0.0
zero,2,6,36.0,t2m,204.12667846679688,322.08502197265625,0,1038240,0.0
zero,2,6,36.0,sp,49000.6484375,103833.609375,0,1038240,0.0
zero,2,6,36.0,msl,94192.6875,103783.0,0,1038240,0.0
zero,2,6,36.0,tcwv,-3.719867706298828,75.5044937133789,67034,1038240,0.0645650331329943
zero,2,6,36.0,u50,-27.42876434326172,75.8682632446289,0,1038240,0.0
zero,2,6,36.0,u100,-37.70653533935547,67.94447326660156,0,1038240,0.0
zero,2,6,36.0,u150,-31.963117599487305,71.17867279052734,0,1038240,0.0
zero,2,6,36.0,u200,-37.26325225830078,83.00004577636719,0,1038240,0.0
zero,2,6,36.0,u250,-34.47074508666992,90.77217102050781,0,1038240,0.0
zero,2,6,36.0,u300,-31.747379302978516,86.57569122314453,0,1038240,0.0
zero,2,6,36.0,u400,-28.24733543395996,73.01483154296875,0,1038240,0.0
zero,2,6,36.0,u500,-27.763275146484375,59.6470832824707,0,1038240,0.0
zero,2,6,36.0,u600,-29.986486434936523,48.4382438659668,0,1038240,0.0
zero,2,6,36.0,u700,-37.37109375,40.95806884765625,0,1038240,0.0
zero,2,6,36.0,u850,-37.854408264160156,36.43061447143555,0,1038240,0.0
zero,2,6,36.0,u925,-35.07291030883789,31.023197174072266,0,1038240,0.0
zero,2,6,36.0,u1000,-21.839340209960938,23.246950149536133,0,1038240,0.0
zero,2,6,36.0,v50,-25.393430709838867,27.560331344604492,0,1038240,0.0
zero,2,6,36.0,v100,-21.453378677368164,29.022310256958008,0,1038240,0.0
zero,2,6,36.0,v150,-29.067523956298828,32.701419830322266,0,1038240,0.0
zero,2,6,36.0,v200,-40.6501579284668,47.994998931884766,0,1038240,0.0
zero,2,6,36.0,v250,-50.556121826171875,54.300750732421875,0,1038240,0.0
zero,2,6,36.0,v300,-54.707645416259766,53.91728591918945,0,1038240,0.0
zero,2,6,36.0,v400,-45.78324508666992,53.82649230957031,0,1038240,0.0
zero,2,6,36.0,v500,-37.62321090698242,45.88722610473633,0,1038240,0.0
zero,2,6,36.0,v600,-30.042675018310547,38.60389709472656,0,1038240,0.0
zero,2,6,36.0,v700,-26.067346572875977,31.22124481201172,0,1038240,0.0
zero,2,6,36.0,v850,-32.5027961730957,37.788414001464844,0,1038240,0.0
zero,2,6,36.0,v925,-31.155445098876953,31.004680633544922,0,1038240,0.0
zero,2,6,36.0,v1000,-20.4096736907959,23.545185089111328,0,1038240,0.0
zero,2,6,36.0,z50,177778.078125,208346.4375,0,1038240,0.0
zero,2,6,36.0,z100,140343.4375,165804.75,0,1038240,0.0
zero,2,6,36.0,z150,117383.15625,141954.921875,0,1038240,0.0
zero,2,6,36.0,z200,100662.9375,123788.8125,0,1038240,0.0
zero,2,6,36.0,z250,87421.1953125,108870.7109375,0,1038240,0.0
zero,2,6,36.0,z300,76357.9609375,96253.5859375,0,1038240,0.0
zero,2,6,36.0,z400,58530.4140625,75455.671875,0,1038240,0.0
zero,2,6,36.0,z500,44135.0078125,58723.75,0,1038240,0.0
zero,2,6,36.0,z600,31880.859375,44603.3828125,0,1038240,0.0
zero,2,6,36.0,z700,21234.38671875,32268.96875,0,1038240,0.0
zero,2,6,36.0,z850,7409.6572265625,16569.791015625,0,1038240,0.0
zero,2,6,36.0,z925,1300.3046875,9576.146484375,0,1038240,0.0
zero,2,6,36.0,z1000,-4471.5390625,3087.31396484375,0,1038240,0.0
zero,2,6,36.0,t50,179.49038696289062,235.19728088378906,0,1038240,0.0
zero,2,6,36.0,t100,185.99537658691406,235.69029235839844,0,1038240,0.0
zero,2,6,36.0,t150,189.07444763183594,240.2223663330078,0,1038240,0.0
zero,2,6,36.0,t200,192.00888061523438,241.98191833496094,0,1038240,0.0
zero,2,6,36.0,t250,200.2344207763672,242.7882537841797,0,1038240,0.0
zero,2,6,36.0,t300,204.64405822753906,251.33343505859375,0,1038240,0.0
zero,2,6,36.0,t400,213.6080780029297,265.4929504394531,0,1038240,0.0
zero,2,6,36.0,t500,222.52633666992188,276.8248291015625,0,1038240,0.0
zero,2,6,36.0,t600,217.43362426757812,291.0350036621094,0,1038240,0.0
zero,2,6,36.0,t700,215.04237365722656,303.3629455566406,0,1038240,0.0
zero,2,6,36.0,t850,223.51712036132812,313.70947265625,0,1038240,0.0
zero,2,6,36.0,t925,227.426025390625,318.6377868652344,0,1038240,0.0
zero,2,6,36.0,t1000,231.00607299804688,323.59063720703125,0,1038240,0.0
zero,2,6,36.0,q50,2.488977770553902e-07,1.9891083411494037e-06,0,1038240,0.0
zero,2,6,36.0,q100,6.479251624114113e-07,6.820849648647709e-06,0,1038240,0.0
zero,2,6,36.0,q150,1.771804818417877e-07,3.9006885344861075e-05,0,1038240,0.0
zero,2,6,36.0,q200,-3.7297304515959695e-06,0.00021334897610358894,11502,1038240,0.011078363384188626
zero,2,6,36.0,q250,-1.3802749890601262e-05,0.0006453224341385067,30906,1038240,0.02976768377253814
zero,2,6,36.0,q300,-1.6538790077902377e-05,0.0014782900689169765,27401,1038240,0.02639177839420558
zero,2,6,36.0,q400,-5.644679185934365e-05,0.003988725133240223,48969,1038240,0.047165395284327324
zero,2,6,36.0,q500,-0.00010134920012205839,0.007915443740785122,36907,1038240,0.0355476575743566
zero,2,6,36.0,q600,-0.00021642097271978855,0.009869061410427094,42271,1038240,0.04071409308059794
zero,2,6,36.0,q700,-0.00048431288450956345,0.012852009385824203,56809,1038240,0.05471663584527662
zero,2,6,36.0,q850,-0.0006326688453555107,0.018176821991801262,65809,1038240,0.06338515179534597
zero,2,6,36.0,q925,-0.0007958114147186279,0.020159905776381493,67537,1038240,0.06504950685775929
zero,2,6,36.0,q1000,-0.0009281770326197147,0.02565820701420307,67190,1038240,0.06471528740946217
zero,2,7,42.0,u10m,-21.94186782836914,18.602632522583008,0,1038240,0.0
zero,2,7,42.0,v10m,-20.331466674804688,23.66864013671875,0,1038240,0.0
zero,2,7,42.0,u100m,-28.438690185546875,24.115659713745117,0,1038240,0.0
zero,2,7,42.0,v100m,-27.385011672973633,32.626800537109375,0,1038240,0.0
zero,2,7,42.0,t2m,202.6654052734375,321.0466613769531,0,1038240,0.0
zero,2,7,42.0,sp,49104.9453125,103867.8359375,0,1038240,0.0
zero,2,7,42.0,msl,94657.578125,103827.1640625,0,1038240,0.0
zero,2,7,42.0,tcwv,-2.7529525756835938,76.8407974243164,61226,1038240,0.05897095083988288
zero,2,7,42.0,u50,-27.991546630859375,75.67066955566406,0,1038240,0.0
zero,2,7,42.0,u100,-33.94633483886719,67.02249145507812,0,1038240,0.0
zero,2,7,42.0,u150,-30.924333572387695,70.41038513183594,0,1038240,0.0
zero,2,7,42.0,u200,-37.868141174316406,81.59500885009766,0,1038240,0.0
zero,2,7,42.0,u250,-35.897396087646484,87.04409790039062,0,1038240,0.0
zero,2,7,42.0,u300,-32.44971466064453,85.19685363769531,0,1038240,0.0
zero,2,7,42.0,u400,-24.49724769592285,69.9443588256836,0,1038240,0.0
zero,2,7,42.0,u500,-26.782005310058594,59.724143981933594,0,1038240,0.0
zero,2,7,42.0,u600,-32.80142593383789,48.802879333496094,0,1038240,0.0
zero,2,7,42.0,u700,-39.57291793823242,40.73200988769531,0,1038240,0.0
zero,2,7,42.0,u850,-37.376182556152344,35.4329948425293,0,1038240,0.0
zero,2,7,42.0,u925,-36.297088623046875,30.60029411315918,0,1038240,0.0
zero,2,7,42.0,u1000,-21.960790634155273,20.86015510559082,0,1038240,0.0
zero,2,7,42.0,v50,-26.43909454345703,25.861984252929688,0,1038240,0.0
zero,2,7,42.0,v100,-21.727130889892578,25.755308151245117,0,1038240,0.0
zero,2,7,42.0,v150,-28.530241012573242,32.38082504272461,0,1038240,0.0
zero,2,7,42.0,v200,-40.27671432495117,47.69972610473633,0,1038240,0.0
zero,2,7,42.0,v250,-53.14247512817383,52.617958068847656,0,1038240,0.0
zero,2,7,42.0,v300,-58.94460678100586,54.78640365600586,0,1038240,0.0
zero,2,7,42.0,v400,-54.89338302612305,55.89350509643555,0,1038240,0.0
zero,2,7,42.0,v500,-39.772586822509766,48.720802307128906,0,1038240,0.0
zero,2,7,42.0,v600,-28.111618041992188,39.707157135009766,0,1038240,0.0
zero,2,7,42.0,v700,-24.591896057128906,32.660614013671875,0,1038240,0.0
zero,2,7,42.0,v850,-33.96984100341797,35.9310188293457,0,1038240,0.0
zero,2,7,42.0,v925,-34.299583435058594,31.039478302001953,0,1038240,0.0
zero,2,7,42.0,v1000,-20.53017234802246,24.38636589050293,0,1038240,0.0
zero,2,7,42.0,z50,177525.890625,208246.796875,0,1038240,0.0
zero,2,7,42.0,z100,140318.140625,165771.984375,0,1038240,0.0
zero,2,7,42.0,z150,117450.734375,141869.1875,0,1038240,0.0
zero,2,7,42.0,z200,100796.1328125,123717.921875,0,1038240,0.0
zero,2,7,42.0,z250,87601.25,108900.8046875,0,1038240,0.0
zero,2,7,42.0,z300,76563.2578125,96392.96875,0,1038240,0.0
zero,2,7,42.0,z400,58697.03515625,75591.921875,0,1038240,0.0
zero,2,7,42.0,z500,44249.8984375,58723.9921875,0,1038240,0.0
zero,2,7,42.0,z600,32054.51171875,44522.4375,0,1038240,0.0
zero,2,7,42.0,z700,21463.6875,32293.25390625,0,1038240,0.0
zero,2,7,42.0,z850,7726.7490234375,16584.3203125,0,1038240,0.0
zero,2,7,42.0,z925,1646.13818359375,9590.3154296875,0,1038240,0.0
zero,2,7,42.0,z1000,-4094.07080078125,3115.46875,0,1038240,0.0
zero,2,7,42.0,t50,179.8211669921875,235.57220458984375,0,1038240,0.0
zero,2,7,42.0,t100,186.2761993408203,235.93264770507812,0,1038240,0.0
zero,2,7,42.0,t150,189.25692749023438,241.1226806640625,0,1038240,0.0
zero,2,7,42.0,t200,192.1251983642578,242.03634643554688,0,1038240,0.0
zero,2,7,42.0,t250,199.79345703125,243.1295166015625,0,1038240,0.0
zero,2,7,42.0,t300,204.8927764892578,249.8478240966797,0,1038240,0.0
zero,2,7,42.0,t400,213.84954833984375,264.4804992675781,0,1038240,0.0
zero,2,7,42.0,t500,221.8052978515625,275.6808776855469,0,1038240,0.0
zero,2,7,42.0,t600,215.56936645507812,288.592529296875,0,1038240,0.0
zero,2,7,42.0,t700,214.48211669921875,299.1353759765625,0,1038240,0.0
zero,2,7,42.0,t850,224.8916778564453,310.1998291015625,0,1038240,0.0
zero,2,7,42.0,t925,228.67637634277344,315.9730224609375,0,1038240,0.0
zero,2,7,42.0,t1000,232.42929077148438,321.0892639160156,0,1038240,0.0
zero,2,7,42.0,q50,2.8405133889464196e-07,1.997025492528337e-06,0,1038240,0.0
zero,2,7,42.0,q100,7.093042313499609e-07,6.409571142285131e-06,0,1038240,0.0
zero,2,7,42.0,q150,3.8281723391264677e-07,3.8054098695283756e-05,0,1038240,0.0
zero,2,7,42.0,q200,-4.057323167216964e-06,0.0002128596097463742,12675,1038240,0.012208159963014331
zero,2,7,42.0,q250,-1.370908648823388e-05,0.0006464270991273224,26005,1038240,0.025047195253505933
zero,2,7,42.0,q300,-2.1027139155194163e-05,0.0014349335106089711,27669,1038240,0.026649907535829867
zero,2,7,42.0,q400,-6.278615910559893e-05,0.004203618969768286,45025,1038240,0.04336665896131916
zero,2,7,42.0,q500,-9.121495531871915e-05,0.007443426642566919,29260,1038240,0.028182308522114348
zero,2,7,42.0,q600,-0.0002548986813053489,0.00951139535754919,33473,1038240,0.0322401371551857
zero,2,7,42.0,q700,-0.00045926659367978573,0.01287977583706379,53403,1038240,0.051436084142394825
zero,2,7,42.0,q850,-0.0005438318476080894,0.018216725438833237,58560,1038240,0.05640314378178456
zero,2,7,42.0,q925,-0.0007316088303923607,0.019708391278982162,63259,1038240,0.06092907227615965
zero,2,7,42.0,q1000,-0.0008182558231055737,0.024858996272087097,62065,1038240,0.05977904916011712
zero,2,8,48.0,u10m,-23.269380569458008,20.360130310058594,0,1038240,0.0
zero,2,8,48.0,v10m,-24.07297706604004,23.01742935180664,0,1038240,0.0
zero,2,8,48.0,u100m,-29.66024398803711,26.093503952026367,0,1038240,0.0
zero,2,8,48.0,v100m,-31.891345977783203,32.0821647644043,0,1038240,0.0
zero,2,8,48.0,t2m,201.46743774414062,320.2019958496094,0,1038240,0.0
zero,2,8,48.0,sp,48955.87109375,103880.1484375,0,1038240,0.0
zero,2,8,48.0,msl,94919.9140625,103833.4140625,0,1038240,0.0
zero,2,8,48.0,tcwv,-2.6006603240966797,77.08879089355469,56364,1038240,0.05428802588996764
zero,2,8,48.0,u50,-28.576080322265625,73.10050964355469,0,1038240,0.0
zero,2,8,48.0,u100,-34.21907424926758,64.93463134765625,0,1038240,0.0
zero,2,8,48.0,u150,-31.8406925201416,68.49323272705078,0,1038240,0.0
zero,2,8,48.0,u200,-40.700218200683594,79.90088653564453,0,1038240,0.0
zero,2,8,48.0,u250,-36.04273986816406,84.66120910644531,0,1038240,0.0
zero,2,8,48.0,u300,-36.51304626464844,81.74260711669922,0,1038240,0.0
zero,2,8,48.0,u400,-32.809173583984375,67.98973083496094,0,1038240,0.0
zero,2,8,48.0,u500,-26.064289093017578,58.951236724853516,0,1038240,0.0
zero,2,8,48.0,u600,-28.13474464416504,49.753334045410156,0,1038240,0.0
zero,2,8,48.0,u700,-37.114986419677734,40.63144302368164,0,1038240,0.0
zero,2,8,48.0,u850,-38.423160552978516,34.40220642089844,0,1038240,0.0
zero,2,8,48.0,u925,-35.8642463684082,31.374181747436523,0,1038240,0.0
zero,2,8,48.0,u1000,-23.229820251464844,20.61588478088379,0,1038240,0.0
zero,2,8,48.0,v50,-26.25051498413086,24.509822845458984,0,1038240,0.0
zero,2,8,48.0,v100,-22.222515106201172,22.66226577758789,0,1038240,0.0
zero,2,8,48.0,v150,-27.47273826599121,32.64603805541992,0,1038240,0.0
zero,2,8,48.0,v200,-45.95158004760742,45.32463836669922,0,1038240,0.0
zero,2,8,48.0,v250,-52.89139175415039,47.56272888183594,0,1038240,0.0
zero,2,8,48.0,v300,-57.851158142089844,55.96025466918945,0,1038240,0.0
zero,2,8,48.0,v400,-55.6840705871582,55.19140625,0,1038240,0.0
zero,2,8,48.0,v500,-42.467140197753906,48.266563415527344,0,1038240,0.0
zero,2,8,48.0,v600,-29.60890769958496,38.9727897644043,0,1038240,0.0
zero,2,8,48.0,v700,-26.188556671142578,32.62063217163086,0,1038240,0.0
zero,2,8,48.0,v850,-37.718177795410156,35.216548919677734,0,1038240,0.0
zero,2,8,48.0,v925,-35.411258697509766,31.034730911254883,0,1038240,0.0
zero,2,8,48.0,v1000,-24.49220848083496,23.661935806274414,0,1038240,0.0
zero,2,8,48.0,z50,177227.421875,208247.828125,0,1038240,0.0
zero,2,8,48.0,z100,140360.984375,165661.71875,0,1038240,0.0
zero,2,8,48.0,z150,117617.6796875,141655.15625,0,1038240,0.0
zero,2,8,48.0,z200,100984.6796875,123636.5390625,0,1038240,0.0
zero,2,8,48.0,z250,87778.421875,109002.078125,0,1038240,0.0
zero,2,8,48.0,z300,76744.6953125,96461.96875,0,1038240,0.0
zero,2,8,48.0,z400,58820.23046875,75573.546875,0,1038240,0.0
zero,2,8,48.0,z500,44393.5390625,58801.54296875,0,1038240,0.0
zero,2,8,48.0,z600,32217.1953125,44595.265625,0,1038240,0.0
zero,2,8,48.0,z700,21638.80859375,32362.83984375,0,1038240,0.0
zero,2,8,48.0,z850,7915.1357421875,16616.251953125,0,1038240,0.0
zero,2,8,48.0,z925,1847.662109375,9600.02734375,0,1038240,0.0
zero,2,8,48.0,z1000,-3874.3125,3118.68408203125,0,1038240,0.0
zero,2,8,48.0,t50,179.98785400390625,235.70169067382812,0,1038240,0.0
zero,2,8,48.0,t100,186.71026611328125,236.33778381347656,0,1038240,0.0
zero,2,8,48.0,t150,190.11892700195312,241.36732482910156,0,1038240,0.0
zero,2,8,48.0,t200,192.32989501953125,241.7529296875,0,1038240,0.0
zero,2,8,48.0,t250,199.4614715576172,243.6459197998047,0,1038240,0.0
zero,2,8,48.0,t300,204.694091796875,250.23472595214844,0,1038240,0.0
zero,2,8,48.0,t400,214.44802856445312,264.4364318847656,0,1038240,0.0
zero,2,8,48.0,t500,221.51303100585938,275.6092834472656,0,1038240,0.0
zero,2,8,48.0,t600,212.08209228515625,286.54681396484375,0,1038240,0.0
zero,2,8,48.0,t700,214.2127227783203,295.7898254394531,0,1038240,0.0
zero,2,8,48.0,t850,223.79287719726562,308.6041564941406,0,1038240,0.0
zero,2,8,48.0,t925,227.57516479492188,314.3842468261719,0,1038240,0.0
zero,2,8,48.0,t1000,231.3575439453125,318.9427490234375,0,1038240,0.0
zero,2,8,48.0,q50,3.22091636917321e-07,2.0050226794410264e-06,0,1038240,0.0
zero,2,8,48.0,q100,7.811966042936547e-07,6.078947080823127e-06,0,1038240,0.0
zero,2,8,48.0,q150,2.2314816305879503e-07,3.398639819351956e-05,0,1038240,0.0
zero,2,8,48.0,q200,-4.129926310270093e-06,0.00019423470075707883,12310,1038240,0.011856603482817075
zero,2,8,48.0,q250,-1.104078910429962e-05,0.0006339395768009126,23615,1038240,0.022745222684543074
zero,2,8,48.0,q300,-2.8868933441117406e-05,0.0014783750521019101,22784,1038240,0.021944829711820005
zero,2,8,48.0,q400,-6.158280302770436e-05,0.004341329447925091,38541,1038240,0.03712147480351364
zero,2,8,48.0,q500,-0.00011366652324795723,0.007152688689529896,31792,1038240,0.030621051009400525
zero,2,8,48.0,q600,-0.00020417245104908943,0.009577627293765545,28819,1038240,0.027757551240560948
zero,2,8,48.0,q700,-0.0003782752901315689,0.012879755347967148,45643,1038240,0.04396189705655725
zero,2,8,48.0,q850,-0.0005588908679783344,0.018215881660580635,51275,1038240,0.04938646170442287
zero,2,8,48.0,q925,-0.0006445734761655331,0.01953912526369095,54760,1038240,0.0527431037139775
zero,2,8,48.0,q1000,-0.0008433735929429531,0.024845093488693237,55667,1038240,0.05361669748805671
zero,2,9,54.0,u10m,-22.316370010375977,21.400712966918945,0,1038240,0.0
zero,2,9,54.0,v10m,-20.129589080810547,22.984508514404297,0,1038240,0.0
zero,2,9,54.0,u100m,-28.916637420654297,27.767780303955078,0,1038240,0.0
zero,2,9,54.0,v100m,-26.454143524169922,29.793243408203125,0,1038240,0.0
zero,2,9,54.0,t2m,200.0710906982422,315.7739562988281,0,1038240,0.0
zero,2,9,54.0,sp,49011.41015625,103854.546875,0,1038240,0.0
zero,2,9,54.0,msl,95096.734375,103801.828125,0,1038240,0.0
zero,2,9,54.0,tcwv,-2.220104217529297,78.44709777832031,49020,1038240,0.04721451687471105
zero,2,9,54.0,u50,-30.790531158447266,72.24613952636719,0,1038240,0.0
zero,2,9,54.0,u100,-33.4671516418457,63.424530029296875,0,1038240,0.0
zero,2,9,54.0,u150,-32.94805145263672,67.55609893798828,0,1038240,0.0
zero,2,9,54.0,u200,-39.82048034667969,81.31107330322266,0,1038240,0.0
zero,2,9,54.0,u250,-35.17023849487305,82.01799011230469,0,1038240,0.0
zero,2,9,54.0,u300,-36.85823059082031,77.27205657958984,0,1038240,0.0
zero,2,9,54.0,u400,-34.79131317138672,63.165618896484375,0,1038240,0.0
zero,2,9,54.0,u500,-26.16469955444336,54.28226089477539,0,1038240,0.0
zero,2,9,54.0,u600,-28.55034828186035,45.17289352416992,0,1038240,0.0
zero,2,9,54.0,u700,-32.4520149230957,36.12060546875,0,1038240,0.0
zero,2,9,54.0,u850,-38.012454986572266,33.0816764831543,0,1038240,0.0
zero,2,9,54.0,u925,-36.611907958984375,34.45677947998047,0,1038240,0.0
zero,2,9,54.0,u1000,-23.217426300048828,21.71506690979004,0,1038240,0.0
zero,2,9,54.0,v50,-24.54950714111328,21.894882202148438,0,1038240,0.0
zero,2,9,54.0,v100,-23.722082138061523,21.143571853637695,0,1038240,0.0
zero,2,9,54.0,v150,-29.184335708618164,31.14800262451172,0,1038240,0.0
zero,2,9,54.0,v200,-43.9315299987793,45.24760055541992,0,1038240,0.0
zero,2,9,54.0,v250,-52.166587829589844,50.30107498168945,0,1038240,0.0
zero,2,9,54.0,v300,-54.981868743896484,57.03443145751953,0,1038240,0.0
zero,2,9,54.0,v400,-48.51835632324219,57.840362548828125,0,1038240,0.0
zero,2,9,54.0,v500,-43.64825439453125,51.18163299560547,0,1038240,0.0
zero,2,9,54.0,v600,-32.88499069213867,39.06575012207031,0,1038240,0.0
zero,2,9,54.0,v700,-28.479785919189453,35.2551383972168,0,1038240,0.0
zero,2,9,54.0,v850,-33.17165756225586,36.72772216796875,0,1038240,0.0
zero,2,9,54.0,v925,-31.725046157836914,36.82398223876953,0,1038240,0.0
zero,2,9,54.0,v1000,-20.67896842956543,23.628578186035156,0,1038240,0.0
zero,2,9,54.0,z50,176973.828125,208367.0,0,1038240,0.0
zero,2,9,54.0,z100,140336.328125,165838.140625,0,1038240,0.0
zero,2,9,54.0,z150,117640.921875,141902.625,0,1038240,0.0
zero,2,9,54.0,z200,100933.4375,123804.0625,0,1038240,0.0
zero,2,9,54.0,z250,87747.59375,109022.4453125,0,1038240,0.0
zero,2,9,54.0,z300,76716.8125,96496.328125,0,1038240,0.0
zero,2,9,54.0,z400,58759.9765625,75632.359375,0,1038240,0.0
zero,2,9,54.0,z500,44360.796875,58782.5234375,0,1038240,0.0
zero,2,9,54.0,z600,32208.73828125,44585.3671875,0,1038240,0.0
zero,2,9,54.0,z700,21684.41015625,32340.736328125,0,1038240,0.0
zero,2,9,54.0,z850,8019.5908203125,16581.15234375,0,1038240,0.0
zero,2,9,54.0,z925,1981.6826171875,9556.4072265625,0,1038240,0.0
zero,2,9,54.0,z1000,-3715.314453125,3082.38818359375,0,1038240,0.0
zero,2,9,54.0,t50,180.21913146972656,235.83340454101562,0,1038240,0.0
zero,2,9,54.0,t100,186.95028686523438,236.60604858398438,0,1038240,0.0
zero,2,9,54.0,t150,190.5070343017578,241.82339477539062,0,1038240,0.0
zero,2,9,54.0,t200,192.8318634033203,241.62496948242188,0,1038240,0.0
zero,2,9,54.0,t250,199.91366577148438,243.63555908203125,0,1038240,0.0
zero,2,9,54.0,t300,203.52725219726562,251.0033416748047,0,1038240,0.0
zero,2,9,54.0,t400,213.6504364013672,264.6889343261719,0,1038240,0.0
zero,2,9,54.0,t500,220.0083465576172,275.9632568359375,0,1038240,0.0
zero,2,9,54.0,t600,210.19903564453125,288.5321044921875,0,1038240,0.0
zero,2,9,54.0,t700,212.15585327148438,299.93292236328125,0,1038240,0.0
zero,2,9,54.0,t850,222.02796936035156,311.8040466308594,0,1038240,0.0
zero,2,9,54.0,t925,225.8137969970703,316.65740966796875,0,1038240,0.0
zero,2,9,54.0,t1000,229.4046173095703,321.7862548828125,0,1038240,0.0
zero,2,9,54.0,q50,3.6068558983970433e-07,2.0126728941249894e-06,0,1038240,0.0
zero,2,9,54.0,q100,8.636569646114367e-07,5.781103027402423e-06,0,1038240,0.0
zero,2,9,54.0,q150,-5.489437171490863e-08,3.5151057090843096e-05,73,1038240,7.031129603945137e-05
zero,2,9,54.0,q200,-6.150436092866585e-06,0.0002113323862431571,10152,1038240,0.009778085991678225
zero,2,9,54.0,q250,-1.3588196452474222e-05,0.0006953076808713377,20050,1038240,0.019311527199876714
zero,2,9,54.0,q300,-2.412270987406373e-05,0.001581369200721383,19830,1038240,0.019099630143319463
zero,2,9,54.0,q400,-6.03503140155226e-05,0.00437864800915122,36355,1038240,0.035015988596085686
zero,2,9,54.0,q500,-0.00013210519682615995,0.007840447127819061,26667,1038240,0.025684812760055478
zero,2,9,54.0,q600,-0.00017609656788408756,0.011011367663741112,21861,1038240,0.021055825242718446
zero,2,9,54.0,q700,-0.0004543506074696779,0.013197602704167366,44398,1038240,0.04276275235013099
zero,2,9,54.0,q850,-0.0005718083120882511,0.018307900056242943,48839,1038240,0.04704018338727076
zero,2,9,54.0,q925,-0.0006123315542936325,0.020510779693722725,56068,1038240,0.05400292803205425
zero,2,9,54.0,q1000,-0.0006207735277712345,0.024745618924498558,54800,1038240,0.05278163045153336
zero,2,10,60.0,u10m,-24.264076232910156,20.875858306884766,0,1038240,0.0
zero,2,10,60.0,v10m,-20.094833374023438,23.147830963134766,0,1038240,0.0
zero,2,10,60.0,u100m,-31.101791381835938,26.813819885253906,0,1038240,0.0
zero,2,10,60.0,v100m,-26.01957130432129,29.430343627929688,0,1038240,0.0
zero,2,10,60.0,t2m,200.30552673339844,321.6271057128906,0,1038240,0.0
zero,2,10,60.0,sp,48971.6953125,103892.703125,0,1038240,0.0
zero,2,10,60.0,msl,95220.140625,103841.59375,0,1038240,0.0
zero,2,10,60.0,tcwv,-2.3933067321777344,78.9484634399414,40773,1038240,0.039271266759130834
zero,2,10,60.0,u50,-29.167850494384766,69.68124389648438,0,1038240,0.0
zero,2,10,60.0,u100,-32.79086685180664,60.101470947265625,0,1038240,0.0
zero,2,10,60.0,u150,-31.875349044799805,67.23529052734375,0,1038240,0.0
zero,2,10,60.0,u200,-36.201011657714844,82.67559814453125,0,1038240,0.0
zero,2,10,60.0,u250,-33.59458541870117,79.01741027832031,0,1038240,0.0
zero,2,10,60.0,u300,-29.624927520751953,76.87681579589844,0,1038240,0.0
zero,2,10,60.0,u400,-28.205373764038086,64.24644470214844,0,1038240,0.0
zero,2,10,60.0,u500,-28.09915542602539,53.0040283203125,0,1038240,0.0
zero,2,10,60.0,u600,-29.955556869506836,43.0086555480957,0,1038240,0.0
zero,2,10,60.0,u700,-35.77786636352539,35.71703338623047,0,1038240,0.0
zero,2,10,60.0,u850,-40.63029861450195,30.77976417541504,0,1038240,0.0
zero,2,10,60.0,u925,-36.800655364990234,32.823997497558594,0,1038240,0.0
zero,2,10,60.0,u1000,-24.121986389160156,21.55070686340332,0,1038240,0.0
zero,2,10,60.0,v50,-24.393985748291016,21.29648780822754,0,1038240,0.0
zero,2,10,60.0,v100,-25.3895320892334,22.69675636291504,0,1038240,0.0
zero,2,10,60.0,v150,-31.374303817749023,33.2540168762207,0,1038240,0.0
zero,2,10,60.0,v200,-47.61839294433594,43.65334701538086,0,1038240,0.0
zero,2,10,60.0,v250,-55.29203414916992,51.591888427734375,0,1038240,0.0
zero,2,10,60.0,v300,-57.188873291015625,57.690643310546875,0,1038240,0.0
zero,2,10,60.0,v400,-51.34061050415039,56.582725524902344,0,1038240,0.0
zero,2,10,60.0,v500,-44.09587097167969,49.463645935058594,0,1038240,0.0
zero,2,10,60.0,v600,-34.029624938964844,38.61102294921875,0,1038240,0.0
zero,2,10,60.0,v700,-27.797752380371094,34.782554626464844,0,1038240,0.0
zero,2,10,60.0,v850,-31.65796661376953,34.58765411376953,0,1038240,0.0
zero,2,10,60.0,v925,-33.37458038330078,35.83333969116211,0,1038240,0.0
zero,2,10,60.0,v1000,-21.587291717529297,23.677265167236328,0,1038240,0.0
zero,2,10,60.0,z50,176782.71875,208509.40625,0,1038240,0.0
zero,2,10,60.0,z100,140269.140625,166035.859375,0,1038240,0.0
zero,2,10,60.0,z150,117516.703125,142153.6875,0,1038240,0.0
zero,2,10,60.0,z200,100690.1484375,123958.28125,0,1038240,0.0
zero,2,10,60.0,z250,87464.890625,108986.2734375,0,1038240,0.0
zero,2,10,60.0,z300,76626.4921875,96402.8046875,0,1038240,0.0
zero,2,10,60.0,z400,58739.8828125,75561.5078125,0,1038240,0.0
zero,2,10,60.0,z500,44344.203125,58726.73046875,0,1038240,0.0
zero,2,10,60.0,z600,32221.9375,44575.25390625,0,1038240,0.0
zero,2,10,60.0,z700,21741.458984375,32346.6875,0,1038240,0.0
zero,2,10,60.0,z850,8121.34716796875,16585.33203125,0,1038240,0.0
zero,2,10,60.0,z925,2081.81103515625,9557.75390625,0,1038240,0.0
zero,2,10,60.0,z1000,-3608.24072265625,3107.8388671875,0,1038240,0.0
zero,2,10,60.0,t50,180.18576049804688,235.94729614257812,0,1038240,0.0
zero,2,10,60.0,t100,186.97515869140625,237.20407104492188,0,1038240,0.0
zero,2,10,60.0,t150,190.73287963867188,241.9358673095703,0,1038240,0.0
zero,2,10,60.0,t200,192.99635314941406,241.67112731933594,0,1038240,0.0
zero,2,10,60.0,t250,198.98602294921875,243.79469299316406,0,1038240,0.0
zero,2,10,60.0,t300,202.72073364257812,250.99618530273438,0,1038240,0.0
zero,2,10,60.0,t400,213.3221435546875,265.92724609375,0,1038240,0.0
zero,2,10,60.0,t500,219.3096923828125,278.4256591796875,0,1038240,0.0
zero,2,10,60.0,t600,213.11520385742188,290.4239196777344,0,1038240,0.0
zero,2,10,60.0,t700,210.87326049804688,303.1926574707031,0,1038240,0.0
zero,2,10,60.0,t850,220.8291015625,313.824951171875,0,1038240,0.0
zero,2,10,60.0,t925,224.49586486816406,319.012939453125,0,1038240,0.0
zero,2,10,60.0,t1000,228.1044464111328,324.234619140625,0,1038240,0.0
zero,2,10,60.0,q50,3.9541237129014917e-07,2.017645556406933e-06,0,1038240,0.0
zero,2,10,60.0,q100,9.439849009140744e-07,5.516509190783836e-06,0,1038240,0.0
zero,2,10,60.0,q150,2.231627149740234e-08,4.391556649352424e-05,0,1038240,0.0
zero,2,10,60.0,q200,-8.18538319435902e-06,0.00021718656353186816,9400,1038240,0.009053783325627986
zero,2,10,60.0,q250,-1.3715685781789944e-05,0.0006901876186020672,16551,1038240,0.01594140083217753
zero,2,10,60.0,q300,-2.375719486735761e-05,0.001619432121515274,16212,1038240,0.015614886731391586
zero,2,10,60.0,q400,-7.060810457915068e-05,0.004474132787436247,32196,1038240,0.031010171058714748
zero,2,10,60.0,q500,-0.00020669959485530853,0.008123423904180527,24075,1038240,0.023188280166435506
zero,2,10,60.0,q600,-0.00023690576199442148,0.00995984859764576,18921,1038240,0.018224110032362458
zero,2,10,60.0,q700,-0.00041822041384875774,0.013009782880544662,37098,1038240,0.035731622746185854
zero,2,10,60.0,q850,-0.0004878104664385319,0.018411001190543175,42575,1038240,0.0410068962860225
zero,2,10,60.0,q925,-0.0005072839558124542,0.02058616280555725,50356,1038240,0.048501309909076896
zero,2,10,60.0,q1000,-0.0006462708115577698,0.025555454194545746,47516,1038240,0.045765911542610574
zero,2,11,66.0,u10m,-26.1512508392334,21.282739639282227,0,1038240,0.0
zero,2,11,66.0,v10m,-22.98360252380371,22.652603149414062,0,1038240,0.0
zero,2,11,66.0,u100m,-33.99697494506836,27.24342918395996,0,1038240,0.0
zero,2,11,66.0,v100m,-29.805938720703125,29.12238883972168,0,1038240,0.0
zero,2,11,66.0,t2m,201.0216064453125,320.8657531738281,0,1038240,0.0
zero,2,11,66.0,sp,49144.046875,103864.28125,0,1038240,0.0
zero,2,11,66.0,msl,95515.453125,103814.59375,0,1038240,0.0
zero,2,11,66.0,tcwv,-2.027599334716797,78.95275115966797,31862,1038240,0.030688472800123285
zero,2,11,66.0,u50,-28.883155822753906,69.71513366699219,0,1038240,0.0
zero,2,11,66.0,u100,-30.09450912475586,59.04525375366211,0,1038240,0.0
zero,2,11,66.0,u150,-33.060447692871094,69.38392639160156,0,1038240,0.0
zero,2,11,66.0,u200,-34.606239318847656,84.67808532714844,0,1038240,0.0
zero,2,11,66.0,u250,-36.98251724243164,80.86613464355469,0,1038240,0.0
zero,2,11,66.0,u300,-32.255855560302734,76.48756408691406,0,1038240,0.0
zero,2,11,66.0,u400,-30.995325088500977,64.13362121582031,0,1038240,0.0
zero,2,11,66.0,u500,-32.400333404541016,54.59541320800781,0,1038240,0.0
zero,2,11,66.0,u600,-28.737565994262695,43.496578216552734,0,1038240,0.0
zero,2,11,66.0,u700,-31.43722152709961,37.69674301147461,0,1038240,0.0
zero,2,11,66.0,u850,-43.903533935546875,33.363834381103516,0,1038240,0.0
zero,2,11,66.0,u925,-40.434207916259766,33.04189682006836,0,1038240,0.0
zero,2,11,66.0,u1000,-26.21222686767578,22.64877700805664,0,1038240,0.0
zero,2,11,66.0,v50,-22.324941635131836,20.153060913085938,0,1038240,0.0
zero,2,11,66.0,v100,-24.895753860473633,20.706024169921875,0,1038240,0.0
zero,2,11,66.0,v150,-34.85643005371094,33.53907012939453,0,1038240,0.0
zero,2,11,66.0,v200,-47.047386169433594,42.18169021606445,0,1038240,0.0
zero,2,11,66.0,v250,-55.504066467285156,46.780433654785156,0,1038240,0.0
zero,2,11,66.0,v300,-54.3241081237793,51.83675765991211,0,1038240,0.0
zero,2,11,66.0,v400,-52.804443359375,54.36347961425781,0,1038240,0.0
zero,2,11,66.0,v500,-43.6859245300293,47.37936019897461,0,1038240,0.0
zero,2,11,66.0,v600,-37.111087799072266,37.39496994018555,0,1038240,0.0
zero,2,11,66.0,v700,-31.76580238342285,33.332603454589844,0,1038240,0.0
zero,2,11,66.0,v850,-32.43692398071289,35.75955581665039,0,1038240,0.0
zero,2,11,66.0,v925,-30.014949798583984,37.20769119262695,0,1038240,0.0
zero,2,11,66.0,v1000,-23.531673431396484,23.045291900634766,0,1038240,0.0
zero,2,11,66.0,z50,176715.375,208390.640625,0,1038240,0.0
zero,2,11,66.0,z100,140183.53125,166101.3125,0,1038240,0.0
zero,2,11,66.0,z150,117403.375,142017.5625,0,1038240,0.0
zero,2,11,66.0,z200,100558.5234375,123862.203125,0,1038240,0.0
zero,2,11,66.0,z250,87313.8984375,109124.890625,0,1038240,0.0
zero,2,11,66.0,z300,76457.0390625,96616.3203125,0,1038240,0.0
zero,2,11,66.0,z400,58818.08203125,75781.75,0,1038240,0.0
zero,2,11,66.0,z500,44436.0234375,58813.00390625,0,1038240,0.0
zero,2,11,66.0,z600,32365.38671875,44532.1484375,0,1038240,0.0
zero,2,11,66.0,z700,21929.55859375,32306.466796875,0,1038240,0.0
zero,2,11,66.0,z850,8337.44140625,16547.01953125,0,1038240,0.0
zero,2,11,66.0,z925,2315.0615234375,9516.099609375,0,1038240,0.0
zero,2,11,66.0,z1000,-3374.0986328125,3075.517578125,0,1038240,0.0
zero,2,11,66.0,t50,180.39602661132812,236.0895233154297,0,1038240,0.0
zero,2,11,66.0,t100,187.4844970703125,237.63414001464844,0,1038240,0.0
zero,2,11,66.0,t150,191.40760803222656,242.72694396972656,0,1038240,0.0
zero,2,11,66.0,t200,192.88409423828125,242.6237335205078,0,1038240,0.0
zero,2,11,66.0,t250,198.29632568359375,243.61569213867188,0,1038240,0.0
zero,2,11,66.0,t300,202.33663940429688,250.69712829589844,0,1038240,0.0
zero,2,11,66.0,t400,212.8785400390625,265.0557556152344,0,1038240,0.0
zero,2,11,66.0,t500,219.30078125,275.8186340332031,0,1038240,0.0
zero,2,11,66.0,t600,213.015380859375,288.6510009765625,0,1038240,0.0
zero,2,11,66.0,t700,212.1254119873047,299.8362121582031,0,1038240,0.0
zero,2,11,66.0,t850,219.93296813964844,310.3692626953125,0,1038240,0.0
zero,2,11,66.0,t925,223.63720703125,315.61669921875,0,1038240,0.0
zero,2,11,66.0,t1000,227.19186401367188,320.6077575683594,0,1038240,0.0
zero,2,11,66.0,q50,4.3267277760605793e-07,2.025861249421723e-06,0,1038240,0.0
zero,2,11,66.0,q100,1.0109670256497338e-06,5.249768037174363e-06,0,1038240,0.0
zero,2,11,66.0,q150,1.8573518900666386e-07,4.0918886952567846e-05,0,1038240,0.0
zero,2,11,66.0,q200,-8.112525392789394e-06,0.00021313641627784818,10902,1038240,0.010500462320850671
zero,2,11,66.0,q250,-1.3784705515718088e-05,0.0006800378323532641,16591,1038240,0.015979927569733394
zero,2,11,66.0,q300,-2.7969435905106366e-05,0.0016068816184997559,17549,1038240,0.016902642934196334
zero,2,11,66.0,q400,-7.097437628544867e-05,0.004450828768312931,27300,1038240,0.026294498381877023
zero,2,11,66.0,q500,-8.251110557466745e-05,0.007701373193413019,15156,1038240,0.014597780859916783
zero,2,11,66.0,q600,-0.00023067800793796778,0.009797397069633007,17799,1038240,0.01714343504392048
zero,2,11,66.0,q700,-0.0003731141332536936,0.01259494386613369,38366,1038240,0.03695292032670673
zero,2,11,66.0,q850,-0.0006578518077731133,0.018812650814652443,41400,1038240,0.039875173370319004
zero,2,11,66.0,q925,-0.0005487860180437565,0.020310331135988235,47781,1038240,0.04602115117891817
zero,2,11,66.0,q1000,-0.0006351848132908344,0.025939831510186195,41789,1038240,0.04024984589304978
zero,2,12,72.0,u10m,-21.79624366760254,22.072715759277344,0,1038240,0.0
zero,2,12,72.0,v10m,-23.000638961791992,21.246288299560547,0,1038240,0.0
zero,2,12,72.0,u100m,-27.84198760986328,28.054275512695312,0,1038240,0.0
zero,2,12,72.0,v100m,-29.902772903442383,26.557727813720703,0,1038240,0.0
zero,2,12,72.0,t2m,202.27786254882812,320.02008056640625,0,1038240,0.0
zero,2,12,72.0,sp,49049.21875,103852.9375,0,1038240,0.0
zero,2,12,72.0,msl,95902.484375,103811.9140625,0,1038240,0.0
zero,2,12,72.0,tcwv,-2.0361289978027344,76.1798324584961,34061,1038240,0.0328064801972569
zero,2,12,72.0,u50,-30.058475494384766,68.28323364257812,0,1038240,0.0
zero,2,12,72.0,u100,-31.140888214111328,58.460201263427734,0,1038240,0.0
zero,2,12,72.0,u150,-33.441612243652344,69.3653335571289,0,1038240,0.0
zero,2,12,72.0,u200,-35.613525390625,84.2560043334961,0,1038240,0.0
zero,2,12,72.0,u250,-36.69982147216797,83.79649353027344,0,1038240,0.0
zero,2,12,72.0,u300,-32.930694580078125,76.99068450927734,0,1038240,0.0
zero,2,12,72.0,u400,-36.70240783691406,63.464683532714844,0,1038240,0.0
zero,2,12,72.0,u500,-39.51482391357422,53.486595153808594,0,1038240,0.0
zero,2,12,72.0,u600,-35.515830993652344,43.666072845458984,0,1038240,0.0
zero,2,12,72.0,u700,-30.660011291503906,38.68492126464844,0,1038240,0.0
zero,2,12,72.0,u850,-37.32106018066406,32.88412857055664,0,1038240,0.0
zero,2,12,72.0,u925,-35.84368896484375,34.53853225708008,0,1038240,0.0
zero,2,12,72.0,u1000,-21.897315979003906,22.510883331298828,0,1038240,0.0
zero,2,12,72.0,v50,-22.79969596862793,21.01438331604004,0,1038240,0.0
zero,2,12,72.0,v100,-23.980934143066406,21.798559188842773,0,1038240,0.0
zero,2,12,72.0,v150,-35.954219818115234,34.68651580810547,0,1038240,0.0
zero,2,12,72.0,v200,-46.21722412109375,42.730716705322266,0,1038240,0.0
zero,2,12,72.0,v250,-56.18873596191406,48.38077163696289,0,1038240,0.0
zero,2,12,72.0,v300,-56.03044128417969,51.42806625366211,0,1038240,0.0
zero,2,12,72.0,v400,-51.581787109375,50.40361785888672,0,1038240,0.0
zero,2,12,72.0,v500,-43.58616256713867,44.75580596923828,0,1038240,0.0
zero,2,12,72.0,v600,-35.423851013183594,34.78396987915039,0,1038240,0.0
zero,2,12,72.0,v700,-28.99012565612793,30.48494529724121,0,1038240,0.0
zero,2,12,72.0,v850,-30.65569305419922,31.600271224975586,0,1038240,0.0
zero,2,12,72.0,v925,-30.312503814697266,33.00041198730469,0,1038240,0.0
zero,2,12,72.0,v1000,-23.28748893737793,21.243566513061523,0,1038240,0.0
zero,2,12,72.0,z50,176656.875,208413.6875,0,1038240,0.0
zero,2,12,72.0,z100,140199.5,165985.703125,0,1038240,0.0
zero,2,12,72.0,z150,117400.7265625,141872.28125,0,1038240,0.0
zero,2,12,72.0,z200,100552.375,123870.6328125,0,1038240,0.0
zero,2,12,72.0,z250,87312.046875,109257.96875,0,1038240,0.0
zero,2,12,72.0,z300,76451.59375,96720.8046875,0,1038240,0.0
zero,2,12,72.0,z400,59034.51171875,75812.78125,0,1038240,0.0
zero,2,12,72.0,z500,44654.38671875,58781.4609375,0,1038240,0.0
zero,2,12,72.0,z600,32617.345703125,44571.6796875,0,1038240,0.0
zero,2,12,72.0,z700,22232.4921875,32338.86328125,0,1038240,0.0
zero,2,12,72.0,z850,8620.046875,16548.873046875,0,1038240,0.0
zero,2,12,72.0,z925,2596.751953125,9509.4755859375,0,1038240,0.0
zero,2,12,72.0,z1000,-3120.3125,3073.46044921875,0,1038240,0.0
zero,2,12,72.0,t50,180.0858154296875,236.2884979248047,0,1038240,0.0
zero,2,12,72.0,t100,186.95401000976562,238.22975158691406,0,1038240,0.0
zero,2,12,72.0,t150,191.1875762939453,243.19630432128906,0,1038240,0.0
zero,2,12,72.0,t200,192.02981567382812,243.42440795898438,0,1038240,0.0
zero,2,12,72.0,t250,197.93307495117188,243.84396362304688,0,1038240,0.0
zero,2,12,72.0,t300,201.8430938720703,250.83633422851562,0,1038240,0.0
zero,2,12,72.0,t400,212.04330444335938,264.32330322265625,0,1038240,0.0
zero,2,12,72.0,t500,219.2464599609375,275.00604248046875,0,1038240,0.0
zero,2,12,72.0,t600,211.74298095703125,286.7428894042969,0,1038240,0.0
zero,2,12,72.0,t700,211.21530151367188,295.1944885253906,0,1038240,0.0
zero,2,12,72.0,t850,219.19915771484375,309.7471923828125,0,1038240,0.0
zero,2,12,72.0,t925,222.74710083007812,314.9470520019531,0,1038240,0.0
zero,2,12,72.0,t1000,226.2602996826172,319.82550048828125,0,1038240,0.0
zero,2,12,72.0,q50,4.610969881468918e-07,2.0345073608041275e-06,0,1038240,0.0
zero,2,12,72.0,q100,1.0658609426172916e-06,5.044582394475583e-06,0,1038240,0.0
zero,2,12,72.0,q150,3.607442522479687e-07,3.474991171970032e-05,0,1038240,0.0
zero,2,12,72.0,q200,-6.7954570113215595e-06,0.00020054803462699056,10096,1038240,0.009724148559100015
zero,2,12,72.0,q250,-1.2485306797316298e-05,0.0006795689114369452,18569,1038240,0.017885074741870857
zero,2,12,72.0,q300,-2.3256201529875398e-05,0.0015896722907200456,19650,1038240,0.018926259824318076
zero,2,12,72.0,q400,-4.8160116421058774e-05,0.004279779735952616,24555,1038240,0.023650601017105873
zero,2,12,72.0,q500,-8.140539284795523e-05,0.0073349252343177795,14125,1038240,0.013604754199414393
zero,2,12,72.0,q600,-0.00019334221724420786,0.009922751225531101,17400,1038240,0.01675913083680074
zero,2,12,72.0,q700,-0.00042011518962681293,0.012729700654745102,28932,1038240,0.027866389274156265
zero,2,12,72.0,q850,-0.0006082113832235336,0.018417587503790855,36083,1038240,0.03475400678070581
zero,2,12,72.0,q925,-0.0005898694507777691,0.02036883868277073,40341,1038240,0.03885517799352751
zero,2,12,72.0,q1000,-0.0006419899873435497,0.025858687236905098,37466,1038240,0.0360860687316998
zero,2,13,78.0,u10m,-18.569259643554688,20.620540618896484,0,1038240,0.0
zero,2,13,78.0,v10m,-25.451242446899414,18.587345123291016,0,1038240,0.0
zero,2,13,78.0,u100m,-24.83624267578125,25.920656204223633,0,1038240,0.0
zero,2,13,78.0,v100m,-32.228858947753906,23.24692726135254,0,1038240,0.0
zero,2,13,78.0,t2m,202.70237731933594,316.01580810546875,0,1038240,0.0
zero,2,13,78.0,sp,49067.75,103782.9140625,0,1038240,0.0
zero,2,13,78.0,msl,95951.3046875,103743.8515625,0,1038240,0.0
zero,2,13,78.0,tcwv,-1.9851264953613281,75.17382049560547,33569,1038240,0.032332601325319774
zero,2,13,78.0,u50,-31.892898559570312,68.86507415771484,0,1038240,0.0
zero,2,13,78.0,u100,-31.24679946899414,57.026180267333984,0,1038240,0.0
zero,2,13,78.0,u150,-34.15351104736328,69.36675262451172,0,1038240,0.0
zero,2,13,78.0,u200,-36.01458740234375,84.66136932373047,0,1038240,0.0
zero,2,13,78.0,u250,-36.99419403076172,83.81900024414062,0,1038240,0.0
zero,2,13,78.0,u300,-33.27984619140625,77.3450927734375,0,1038240,0.0
zero,2,13,78.0,u400,-36.31990051269531,60.33009338378906,0,1038240,0.0
zero,2,13,78.0,u500,-40.59070587158203,51.88328170776367,0,1038240,0.0
zero,2,13,78.0,u600,-37.164527893066406,45.3140869140625,0,1038240,0.0
zero,2,13,78.0,u700,-29.93541717529297,38.789466857910156,0,1038240,0.0
zero,2,13,78.0,u850,-31.945039749145508,34.76224136352539,0,1038240,0.0
zero,2,13,78.0,u925,-30.402053833007812,33.257469177246094,0,1038240,0.0
zero,2,13,78.0,u1000,-20.550256729125977,24.004507064819336,0,1038240,0.0
zero,2,13,78.0,v50,-22.98807144165039,19.61348533630371,0,1038240,0.0
zero,2,13,78.0,v100,-22.14203643798828,22.17285919189453,0,1038240,0.0
zero,2,13,78.0,v150,-34.877769470214844,35.47475814819336,0,1038240,0.0
zero,2,13,78.0,v200,-44.45830154418945,43.97752380371094,0,1038240,0.0
zero,2,13,78.0,v250,-56.09941101074219,46.65704345703125,0,1038240,0.0
zero,2,13,78.0,v300,-56.247154235839844,49.880584716796875,0,1038240,0.0
zero,2,13,78.0,v400,-59.763519287109375,49.13238525390625,0,1038240,0.0
zero,2,13,78.0,v500,-50.65699005126953,43.4079475402832,0,1038240,0.0
zero,2,13,78.0,v600,-35.54153823852539,32.952911376953125,0,1038240,0.0
zero,2,13,78.0,v700,-32.454368591308594,29.902551651000977,0,1038240,0.0
zero,2,13,78.0,v850,-35.408103942871094,28.97873878479004,0,1038240,0.0
zero,2,13,78.0,v925,-32.46934127807617,29.486730575561523,0,1038240,0.0
zero,2,13,78.0,v1000,-25.88256072998047,21.009811401367188,0,1038240,0.0
zero,2,13,78.0,z50,176674.625,208528.234375,0,1038240,0.0
zero,2,13,78.0,z100,140175.40625,166109.5625,0,1038240,0.0
zero,2,13,78.0,z150,117350.671875,142001.40625,0,1038240,0.0
zero,2,13,78.0,z200,100511.6484375,123846.7109375,0,1038240,0.0
zero,2,13,78.0,z250,87264.546875,109248.25,0,1038240,0.0
zero,2,13,78.0,z300,76413.625,96728.09375,0,1038240,0.0
zero,2,13,78.0,z400,59143.0859375,75855.515625,0,1038240,0.0
zero,2,13,78.0,z500,44790.68359375,58847.0234375,0,1038240,0.0
zero,2,13,78.0,z600,32763.52734375,44535.83203125,0,1038240,0.0
zero,2,13,78.0,z700,22363.9296875,32306.50390625,0,1038240,0.0
zero,2,13,78.0,z850,8756.921875,16498.05859375,0,1038240,0.0
zero,2,13,78.0,z925,2766.55224609375,9447.6171875,0,1038240,0.0
zero,2,13,78.0,z1000,-3228.220703125,3017.013671875,0,1038240,0.0
zero,2,13,78.0,t50,179.92208862304688,236.676025390625,0,1038240,0.0
zero,2,13,78.0,t100,185.74984741210938,238.62351989746094,0,1038240,0.0
zero,2,13,78.0,t150,188.84133911132812,244.0372314453125,0,1038240,0.0
zero,2,13,78.0,t200,191.53622436523438,244.09890747070312,0,1038240,0.0
zero,2,13,78.0,t250,197.80780029296875,244.03274536132812,0,1038240,0.0
zero,2,13,78.0,t300,201.7696533203125,250.62948608398438,0,1038240,0.0
zero,2,13,78.0,t400,211.9027557373047,264.6112365722656,0,1038240,0.0
zero,2,13,78.0,t500,218.95086669921875,276.28082275390625,0,1038240,0.0
zero,2,13,78.0,t600,209.41213989257812,288.277099609375,0,1038240,0.0
zero,2,13,78.0,t700,212.03408813476562,299.9707336425781,0,1038240,0.0
zero,2,13,78.0,t850,219.88209533691406,312.27874755859375,0,1038240,0.0
zero,2,13,78.0,t925,223.50108337402344,317.04229736328125,0,1038240,0.0
zero,2,13,78.0,t1000,227.0367889404297,322.05230712890625,0,1038240,0.0
zero,2,13,78.0,q50,4.939229256706312e-07,2.042350160991191e-06,0,1038240,0.0
zero,2,13,78.0,q100,1.0694191132643027e-06,4.859754426433938e-06,0,1038240,0.0
zero,2,13,78.0,q150,2.370784386585001e-07,3.603204095270485e-05,0,1038240,0.0
zero,2,13,78.0,q200,-7.116957931430079e-06,0.0001989198790397495,9826,1038240,0.009464093080597934
zero,2,13,78.0,q250,-9.41460530157201e-06,0.000676727679092437,19731,1038240,0.0190042764678687
zero,2,13,78.0,q300,-2.4745429982431233e-05,0.0015804253052920103,19969,1038240,0.01923351055632609
zero,2,13,78.0,q400,-4.055091994814575e-05,0.00421800184994936,26148,1038240,0.025184928340268146
zero,2,13,78.0,q500,-0.00011928105959668756,0.007834025658667088,13505,1038240,0.013007589767298506
zero,2,13,78.0,q600,-0.00019781605806201696,0.01131477952003479,14500,1038240,0.013965942364000616
zero,2,13,78.0,q700,-0.00038469256833195686,0.013245174661278725,34700,1038240,0.03342194482971182
zero,2,13,78.0,q850,-0.0006101983599364758,0.018512867391109467,39998,1038240,0.038524811218985974
zero,2,13,78.0,q925,-0.0005554314702749252,0.02108200080692768,48931,1038240,0.04712879488364925
zero,2,13,78.0,q1000,-0.0006105131469666958,0.025904269888997078,39512,1038240,0.03805671135768223
zero,2,14,84.0,u10m,-22.23958969116211,19.307485580444336,0,1038240,0.0
zero,2,14,84.0,v10m,-24.451448440551758,17.101167678833008,0,1038240,0.0
zero,2,14,84.0,u100m,-29.01654815673828,24.297542572021484,0,1038240,0.0
zero,2,14,84.0,v100m,-31.17430305480957,20.948410034179688,0,1038240,0.0
zero,2,14,84.0,t2m,202.88592529296875,321.6744384765625,0,1038240,0.0
zero,2,14,84.0,sp,48978.89453125,103760.8359375,0,1038240,0.0
zero,2,14,84.0,msl,95897.2109375,103731.9140625,0,1038240,0.0
zero,2,14,84.0,tcwv,-2.092081069946289,75.51634216308594,31909,1038240,0.030733741716751424
zero,2,14,84.0,u50,-30.292709350585938,68.08882141113281,0,1038240,0.0
zero,2,14,84.0,u100,-30.957565307617188,55.834022521972656,0,1038240,0.0
zero,2,14,84.0,u150,-35.045936584472656,69.23927307128906,0,1038240,0.0
zero,2,14,84.0,u200,-36.04718780517578,86.0697250366211,0,1038240,0.0
zero,2,14,84.0,u250,-36.54533386230469,85.97525024414062,0,1038240,0.0
zero,2,14,84.0,u300,-32.56271743774414,79.60595703125,0,1038240,0.0
zero,2,14,84.0,u400,-39.66316223144531,59.257080078125,0,1038240,0.0
zero,2,14,84.0,u500,-36.879764556884766,51.26533126831055,0,1038240,0.0
zero,2,14,84.0,u600,-33.98063278198242,45.13752746582031,0,1038240,0.0
zero,2,14,84.0,u700,-28.117450714111328,38.55241394042969,0,1038240,0.0
zero,2,14,84.0,u850,-32.71063232421875,36.40597915649414,0,1038240,0.0
zero,2,14,84.0,u925,-34.62804412841797,30.539587020874023,0,1038240,0.0
zero,2,14,84.0,u1000,-21.4665470123291,22.446949005126953,0,1038240,0.0
zero,2,14,84.0,v50,-23.4541072845459,20.557754516601562,0,1038240,0.0
zero,2,14,84.0,v100,-21.512588500976562,21.63664436340332,0,1038240,0.0
zero,2,14,84.0,v150,-35.233055114746094,36.795955657958984,0,1038240,0.0
zero,2,14,84.0,v200,-45.00654602050781,47.14646911621094,0,1038240,0.0
zero,2,14,84.0,v250,-54.22856521606445,46.88444900512695,0,1038240,0.0
zero,2,14,84.0,v300,-56.26841735839844,45.469783782958984,0,1038240,0.0
zero,2,14,84.0,v400,-60.543922424316406,47.010589599609375,0,1038240,0.0
zero,2,14,84.0,v500,-51.64397430419922,42.17451858520508,0,1038240,0.0
zero,2,14,84.0,v600,-39.569610595703125,36.14905548095703,0,1038240,0.0
zero,2,14,84.0,v700,-34.35677719116211,30.968000411987305,0,1038240,0.0
zero,2,14,84.0,v850,-36.80828094482422,26.325286865234375,0,1038240,0.0
zero,2,14,84.0,v925,-31.378049850463867,27.413875579833984,0,1038240,0.0
zero,2,14,84.0,v1000,-24.90189552307129,18.693622589111328,0,1038240,0.0
zero,2,14,84.0,z50,176582.015625,208633.671875,0,1038240,0.0
zero,2,14,84.0,z100,140189.78125,166245.75,0,1038240,0.0
zero,2,14,84.0,z150,117372.09375,142230.640625,0,1038240,0.0
zero,2,14,84.0,z200,100528.4296875,123952.5390625,0,1038240,0.0
zero,2,14,84.0,z250,87283.3671875,109064.421875,0,1038240,0.0
zero,2,14,84.0,z300,76424.9375,96556.0234375,0,1038240,0.0
zero,2,14,84.0,z400,59136.31640625,75707.7890625,0,1038240,0.0
zero,2,14,84.0,z500,45049.17578125,58726.01953125,0,1038240,0.0
zero,2,14,84.0,z600,32988.4453125,44499.359375,0,1038240,0.0
zero,2,14,84.0,z700,22603.890625,32282.615234375,0,1038240,0.0
zero,2,14,84.0,z850,8878.9296875,16489.6015625,0,1038240,0.0
zero,2,14,84.0,z925,2654.6240234375,9435.341796875,0,1038240,0.0
zero,2,14,84.0,z1000,-3264.7548828125,3006.8798828125,0,1038240,0.0
zero,2,14,84.0,t50,179.22239685058594,237.06179809570312,0,1038240,0.0
zero,2,14,84.0,t100,184.4710693359375,239.11561584472656,0,1038240,0.0
zero,2,14,84.0,t150,187.578857421875,243.90216064453125,0,1038240,0.0
zero,2,14,84.0,t200,192.18045043945312,243.7438201904297,0,1038240,0.0
zero,2,14,84.0,t250,197.80763244628906,244.49330139160156,0,1038240,0.0
zero,2,14,84.0,t300,202.17333984375,251.1168975830078,0,1038240,0.0
zero,2,14,84.0,t400,211.9483184814453,265.8208312988281,0,1038240,0.0
zero,2,14,84.0,t500,218.78817749023438,278.5989685058594,0,1038240,0.0
zero,2,14,84.0,t600,209.20188903808594,291.1495361328125,0,1038240,0.0
zero,2,14,84.0,t700,213.5719757080078,302.830322265625,0,1038240,0.0
zero,2,14,84.0,t850,221.50599670410156,313.3919677734375,0,1038240,0.0
zero,2,14,84.0,t925,225.04214477539062,318.3984375,0,1038240,0.0
zero,2,14,84.0,t1000,228.63392639160156,323.54998779296875,0,1038240,0.0
zero,2,14,84.0,q50,5.269932898954721e-07,2.0471190964599373e-06,0,1038240,0.0
zero,2,14,84.0,q100,1.0383459994045552e-06,4.718069249065593e-06,0,1038240,0.0
zero,2,14,84.0,q150,2.4588644009782e-07,4.481427822611295e-05,0,1038240,0.0
zero,2,14,84.0,q200,-6.6900174715556204e-06,0.00022732643992640078,11111,1038240,0.010701764524580059
zero,2,14,84.0,q250,-1.2184533261461183e-05,0.0006438971613533795,19096,1038240,0.018392664509169362
zero,2,14,84.0,q300,-2.8757305699400604e-05,0.001530577428638935,20923,1038240,0.02015237324703344
zero,2,14,84.0,q400,-0.00014109149924479425,0.004131725057959557,28034,1038240,0.027001464016027123
zero,2,14,84.0,q500,-0.00015863834414631128,0.007905367761850357,13186,1038240,0.01270033903529049
zero,2,14,84.0,q600,-0.0001634268555790186,0.010196131654083729,13266,1038240,0.012777392510402219
zero,2,14,84.0,q700,-0.00038368371315300465,0.013229485601186752,26406,1038240,0.02543342579750347
zero,2,14,84.0,q850,-0.0004629967734217644,0.018705690279603004,37719,1038240,0.03632975034674064
zero,2,14,84.0,q925,-0.0005223853513598442,0.021260902285575867,46600,1038240,0.044883649252581294
zero,2,14,84.0,q1000,-0.0006105704233050346,0.02545034885406494,35289,1038240,0.033989251040221914
zero,2,15,90.0,u10m,-25.08003044128418,18.444461822509766,0,1038240,0.0
zero,2,15,90.0,v10m,-22.06021499633789,17.245832443237305,0,1038240,0.0
zero,2,15,90.0,u100m,-32.229122161865234,23.09794044494629,0,1038240,0.0
zero,2,15,90.0,v100m,-27.834177017211914,21.155216217041016,0,1038240,0.0
zero,2,15,90.0,t2m,202.80824279785156,320.7934265136719,0,1038240,0.0
zero,2,15,90.0,sp,49108.0078125,103720.0390625,0,1038240,0.0
zero,2,15,90.0,msl,95620.5078125,103684.9375,0,1038240,0.0
zero,2,15,90.0,tcwv,-2.0752525329589844,77.9925537109375,28560,1038240,0.02750809061488673
zero,2,15,90.0,u50,-30.231182098388672,69.27913665771484,0,1038240,0.0
zero,2,15,90.0,u100,-31.86286163330078,56.26702880859375,0,1038240,0.0
zero,2,15,90.0,u150,-39.648704528808594,71.27079772949219,0,1038240,0.0
zero,2,15,90.0,u200,-35.00023651123047,86.29097747802734,0,1038240,0.0
zero,2,15,90.0,u250,-35.416996002197266,86.15830993652344,0,1038240,0.0
zero,2,15,90.0,u300,-41.125770568847656,81.04948425292969,0,1038240,0.0
zero,2,15,90.0,u400,-42.51512145996094,58.4766845703125,0,1038240,0.0
zero,2,15,90.0,u500,-35.952640533447266,49.03740692138672,0,1038240,0.0
zero,2,15,90.0,u600,-27.211074829101562,42.318328857421875,0,1038240,0.0
zero,2,15,90.0,u700,-29.632244110107422,38.35588455200195,0,1038240,0.0
zero,2,15,90.0,u850,-38.090538024902344,37.11991500854492,0,1038240,0.0
zero,2,15,90.0,u925,-38.52544021606445,31.08654022216797,0,1038240,0.0
zero,2,15,90.0,u1000,-24.382408142089844,20.271766662597656,0,1038240,0.0
zero,2,15,90.0,v50,-23.28314781188965,19.650592803955078,0,1038240,0.0
zero,2,15,90.0,v100,-19.013471603393555,23.164443969726562,0,1038240,0.0
zero,2,15,90.0,v150,-34.864845275878906,35.625545501708984,0,1038240,0.0
zero,2,15,90.0,v200,-43.09724807739258,47.2142219543457,0,1038240,0.0
zero,2,15,90.0,v250,-53.6983642578125,54.50640106201172,0,1038240,0.0
zero,2,15,90.0,v300,-53.61213302612305,56.1181755065918,0,1038240,0.0
zero,2,15,90.0,v400,-57.52791213989258,51.13086700439453,0,1038240,0.0
zero,2,15,90.0,v500,-52.386512756347656,46.56179428100586,0,1038240,0.0
zero,2,15,90.0,v600,-42.28843688964844,39.31501007080078,0,1038240,0.0
zero,2,15,90.0,v700,-33.358245849609375,31.439626693725586,0,1038240,0.0
zero,2,15,90.0,v850,-33.25934600830078,26.967453002929688,0,1038240,0.0
zero,2,15,90.0,v925,-32.390342712402344,27.431964874267578,0,1038240,0.0
zero,2,15,90.0,v1000,-22.1315860748291,19.444095611572266,0,1038240,0.0
zero,2,15,90.0,z50,176510.171875,208529.515625,0,1038240,0.0
zero,2,15,90.0,z100,140157.96875,166369.96875,0,1038240,0.0
zero,2,15,90.0,z150,117318.8515625,142241.015625,0,1038240,0.0
zero,2,15,90.0,z200,100456.796875,123970.5625,0,1038240,0.0
zero,2,15,90.0,z250,87193.2109375,109190.078125,0,1038240,0.0
zero,2,15,90.0,z300,76307.6484375,96678.2421875,0,1038240,0.0
zero,2,15,90.0,z400,59019.98046875,75823.40625,0,1038240,0.0
zero,2,15,90.0,z500,45261.140625,58826.59765625,0,1038240,0.0
zero,2,15,90.0,z600,33204.41015625,44417.77734375,0,1038240,0.0
zero,2,15,90.0,z700,22610.33984375,32206.7734375,0,1038240,0.0
zero,2,15,90.0,z850,8607.224609375,16435.208984375,0,1038240,0.0
zero,2,15,90.0,z925,2410.75732421875,9387.978515625,0,1038240,0.0
zero,2,15,90.0,z1000,-3386.13037109375,2969.80810546875,0,1038240,0.0
zero,2,15,90.0,t50,179.15597534179688,237.39547729492188,0,1038240,0.0
zero,2,15,90.0,t100,184.40762329101562,239.3587646484375,0,1038240,0.0
zero,2,15,90.0,t150,186.70986938476562,244.26194763183594,0,1038240,0.0
zero,2,15,90.0,t200,192.80947875976562,243.5218505859375,0,1038240,0.0
zero,2,15,90.0,t250,198.01080322265625,244.6913604736328,0,1038240,0.0
zero,2,15,90.0,t300,202.3616485595703,250.4105224609375,0,1038240,0.0
zero,2,15,90.0,t400,211.86886596679688,264.7266540527344,0,1038240,0.0
zero,2,15,90.0,t500,218.0529022216797,275.403076171875,0,1038240,0.0
zero,2,15,90.0,t600,208.31704711914062,287.37969970703125,0,1038240,0.0
zero,2,15,90.0,t700,213.63662719726562,296.9383544921875,0,1038240,0.0
zero,2,15,90.0,t850,222.48069763183594,309.2781677246094,0,1038240,0.0
zero,2,15,90.0,t925,226.1573486328125,314.97100830078125,0,1038240,0.0
zero,2,15,90.0,t1000,229.302734375,320.39666748046875,0,1038240,0.0
zero,2,15,90.0,q50,5.626811798720155e-07,2.0599695744749624e-06,0,1038240,0.0
zero,2,15,90.0,q100,1.02566218629363e-06,4.6465956984320655e-06,0,1038240,0.0
zero,2,15,90.0,q150,-1.31154138216516e-07,4.122123937122524e-05,6,1038240,5.779010633379566e-06
zero,2,15,90.0,q200,-7.5499792728805915e-06,0.00021608415408991277,11089,1038240,0.010680574818924333
zero,2,15,90.0,q250,-1.2610584235517308e-05,0.0006970620015636086,17717,1038240,0.01706445523193096
zero,2,15,90.0,q300,-3.3442338462919e-05,0.0015132222324609756,19719,1038240,0.01899271844660194
zero,2,15,90.0,q400,-6.335970829240978e-05,0.004264745861291885,31116,1038240,0.029969949144706427
zero,2,15,90.0,q500,-0.00011788890697062016,0.007594159804284573,13242,1038240,0.0127542764678687
zero,2,15,90.0,q600,-0.00021716835908591747,0.0100321089848876,14563,1038240,0.014026621975651101
zero,2,15,90.0,q700,-0.00042190123349428177,0.013044686987996101,36115,1038240,0.0347848281707505
zero,2,15,90.0,q850,-0.000522972084581852,0.0186636783182621,40930,1038240,0.0394224842040376
zero,2,15,90.0,q925,-0.00044853612780570984,0.02105565369129181,51699,1038240,0.04979484512251502
zero,2,15,90.0,q1000,-0.0005161343142390251,0.02536056376993656,39706,1038240,0.03824356603482817
zero,2,16,96.0,u10m,-22.474075317382812,18.969070434570312,0,1038240,0.0
zero,2,16,96.0,v10m,-20.35141372680664,21.257661819458008,0,1038240,0.0
zero,2,16,96.0,u100m,-29.5142822265625,23.261259078979492,0,1038240,0.0
zero,2,16,96.0,v100m,-25.807470321655273,26.9627742767334,0,1038240,0.0
zero,2,16,96.0,t2m,202.68203735351562,317.02142333984375,0,1038240,0.0
zero,2,16,96.0,sp,48952.83984375,103675.3515625,0,1038240,0.0
zero,2,16,96.0,msl,95425.921875,103646.140625,0,1038240,0.0
zero,2,16,96.0,tcwv,-2.550661087036133,76.43809509277344,36505,1038240,0.03516046386192017
zero,2,16,96.0,u50,-30.54467010498047,68.73957824707031,0,1038240,0.0
zero,2,16,96.0,u100,-31.418987274169922,57.55498504638672,0,1038240,0.0
zero,2,16,96.0,u150,-40.404640197753906,73.51761627197266,0,1038240,0.0
zero,2,16,96.0,u200,-34.44037628173828,85.09452056884766,0,1038240,0.0
zero,2,16,96.0,u250,-34.706703186035156,86.79795837402344,0,1038240,0.0
zero,2,16,96.0,u300,-34.39015197753906,80.32971954345703,0,1038240,0.0
zero,2,16,96.0,u400,-42.353179931640625,59.463233947753906,0,1038240,0.0
zero,2,16,96.0,u500,-36.61579895019531,49.743343353271484,0,1038240,0.0
zero,2,16,96.0,u600,-32.432586669921875,42.056358337402344,0,1038240,0.0
zero,2,16,96.0,u700,-34.90666198730469,39.47418975830078,0,1038240,0.0
zero,2,16,96.0,u850,-40.709808349609375,38.909061431884766,0,1038240,0.0
zero,2,16,96.0,u925,-33.29780578613281,32.90504455566406,0,1038240,0.0
zero,2,16,96.0,u1000,-22.352340698242188,19.91145896911621,0,1038240,0.0
zero,2,16,96.0,v50,-22.653240203857422,21.10773468017578,0,1038240,0.0
zero,2,16,96.0,v100,-17.90554428100586,25.312650680541992,0,1038240,0.0
zero,2,16,96.0,v150,-33.919456481933594,37.354801177978516,0,1038240,0.0
zero,2,16,96.0,v200,-42.5847053527832,50.35261154174805,0,1038240,0.0
zero,2,16,96.0,v250,-53.11116027832031,57.73219299316406,0,1038240,0.0
zero,2,16,96.0,v300,-51.451072692871094,61.19480514526367,0,1038240,0.0
zero,2,16,96.0,v400,-56.152252197265625,52.86784744262695,0,1038240,0.0
zero,2,16,96.0,v500,-49.90711975097656,50.397274017333984,0,1038240,0.0
zero,2,16,96.0,v600,-39.086631774902344,42.983646392822266,0,1038240,0.0
zero,2,16,96.0,v700,-32.85019302368164,33.746429443359375,0,1038240,0.0
zero,2,16,96.0,v850,-31.346792221069336,31.536405563354492,0,1038240,0.0
zero,2,16,96.0,v925,-31.026241302490234,30.920602798461914,0,1038240,0.0
zero,2,16,96.0,v1000,-20.61593246459961,20.970041275024414,0,1038240,0.0
zero,2,16,96.0,z50,176400.21875,208514.359375,0,1038240,0.0
zero,2,16,96.0,z100,140138.5625,166236.875,0,1038240,0.0
zero,2,16,96.0,z150,117288.609375,142087.765625,0,1038240,0.0
zero,2,16,96.0,z200,100395.4453125,123890.734375,0,1038240,0.0
zero,2,16,96.0,z250,87118.65625,109254.1171875,0,1038240,0.0
zero,2,16,96.0,z300,76239.6484375,96697.921875,0,1038240,0.0
zero,2,16,96.0,z400,58993.7734375,75753.21875,0,1038240,0.0
zero,2,16,96.0,z500,45084.52734375,58690.9453125,0,1038240,0.0
zero,2,16,96.0,z600,32959.46484375,44428.85546875,0,1038240,0.0
zero,2,16,96.0,z700,22350.96484375,32211.166015625,0,1038240,0.0
zero,2,16,96.0,z850,8405.9375,16431.43359375,0,1038240,0.0
zero,2,16,96.0,z925,2246.26953125,9378.0322265625,0,1038240,0.0
zero,2,16,96.0,z1000,-3654.23681640625,2943.966796875,0,1038240,0.0
zero,2,16,96.0,t50,179.30126953125,237.5140838623047,0,1038240,0.0
zero,2,16,96.0,t100,184.82789611816406,239.85289001464844,0,1038240,0.0
zero,2,16,96.0,t150,186.85302734375,244.4467010498047,0,1038240,0.0
zero,2,16,96.0,t200,193.36785888671875,243.46102905273438,0,1038240,0.0
zero,2,16,96.0,t250,198.1512451171875,245.0250244140625,0,1038240,0.0
zero,2,16,96.0,t300,202.56077575683594,250.17474365234375,0,1038240,0.0
zero,2,16,96.0,t400,211.17877197265625,264.29669189453125,0,1038240,0.0
zero,2,16,96.0,t500,217.80747985839844,275.3083190917969,0,1038240,0.0
zero,2,16,96.0,t600,207.2651824951172,284.9672546386719,0,1038240,0.0
zero,2,16,96.0,t700,213.85350036621094,293.6943664550781,0,1038240,0.0
zero,2,16,96.0,t850,222.34622192382812,310.2032775878906,0,1038240,0.0
zero,2,16,96.0,t925,226.05995178222656,315.1363525390625,0,1038240,0.0
zero,2,16,96.0,t1000,229.249267578125,320.01678466796875,0,1038240,0.0
zero,2,16,96.0,q50,5.959543614153517e-07,2.0785648757737363e-06,0,1038240,0.0
zero,2,16,96.0,q100,1.0224592870144988e-06,4.635814548237249e-06,0,1038240,0.0
zero,2,16,96.0,q150,-8.632027856947388e-07,3.53189607267268e-05,18,1038240,1.7337031900138696e-05
zero,2,16,96.0,q200,-8.215050911530852e-06,0.00019065501692239195,12490,1038240,0.012029973801818462
zero,2,16,96.0,q250,-1.2679196515819058e-05,0.0006711882306262851,16417,1038240,0.015812336261365387
zero,2,16,96.0,q300,-3.0429160688072443e-05,0.0015222744550555944,20071,1038240,0.019331753737093543
zero,2,16,96.0,q400,-5.194018012844026e-05,0.004127090331166983,23189,1038240,0.022334912929573125
zero,2,16,96.0,q500,-0.00010832981206476688,0.007284155581146479,13236,1038240,0.012748497457235322
zero,2,16,96.0,q600,-0.0002591616939753294,0.009956177324056625,16285,1038240,0.015685198027431037
zero,2,16,96.0,q700,-0.00045000528916716576,0.012691177427768707,32264,1038240,0.031075666512559715
zero,2,16,96.0,q850,-0.0007223454304039478,0.018846888095140457,44007,1038240,0.042386153490522424
zero,2,16,96.0,q925,-0.000544773880392313,0.02205169014632702,50768,1038240,0.0488981353059023
zero,2,16,96.0,q1000,-0.000577055849134922,0.025569362565875053,45659,1038240,0.0439773077515796
zero,2,17,102.0,u10m,-20.452238082885742,21.105030059814453,0,1038240,0.0
zero,2,17,102.0,v10m,-18.147756576538086,20.100069046020508,0,1038240,0.0
zero,2,17,102.0,u100m,-26.947351455688477,26.942861557006836,0,1038240,0.0
zero,2,17,102.0,v100m,-23.189876556396484,24.537864685058594,0,1038240,0.0
zero,2,17,102.0,t2m,202.48294067382812,314.726806640625,0,1038240,0.0
zero,2,17,102.0,sp,48953.71484375,103567.453125,0,1038240,0.0
zero,2,17,102.0,msl,95323.9296875,103542.5703125,0,1038240,0.0
zero,2,17,102.0,tcwv,-2.539052963256836,76.61666870117188,41111,1038240,0.03959681769147789
zero,2,17,102.0,u50,-31.936546325683594,70.77770233154297,0,1038240,0.0
zero,2,17,102.0,u100,-31.359088897705078,59.46858215332031,0,1038240,0.0
zero,2,17,102.0,u150,-39.88264465332031,73.352294921875,0,1038240,0.0
zero,2,17,102.0,u200,-33.14563751220703,85.62171936035156,0,1038240,0.0
zero,2,17,102.0,u250,-34.04746627807617,86.94436645507812,0,1038240,0.0
zero,2,17,102.0,u300,-37.02272415161133,80.27560424804688,0,1038240,0.0
zero,2,17,102.0,u400,-40.682579040527344,59.89916229248047,0,1038240,0.0
zero,2,17,102.0,u500,-39.180908203125,49.35222625732422,0,1038240,0.0
zero,2,17,102.0,u600,-34.938499450683594,42.5914421081543,0,1038240,0.0
zero,2,17,102.0,u700,-34.55389404296875,39.060630798339844,0,1038240,0.0
zero,2,17,102.0,u850,-35.09437942504883,37.084739685058594,0,1038240,0.0
zero,2,17,102.0,u925,-32.32777786254883,32.73314666748047,0,1038240,0.0
zero,2,17,102.0,u1000,-20.739484786987305,21.09910011291504,0,1038240,0.0
zero,2,17,102.0,v50,-22.20673942565918,21.752182006835938,0,1038240,0.0
zero,2,17,102.0,v100,-19.331127166748047,25.936397552490234,0,1038240,0.0
zero,2,17,102.0,v150,-37.20642852783203,34.265899658203125,0,1038240,0.0
zero,2,17,102.0,v200,-43.089813232421875,49.48123550415039,0,1038240,0.0
zero,2,17,102.0,v250,-53.40550994873047,56.769432067871094,0,1038240,0.0
zero,2,17,102.0,v300,-46.55559158325195,61.842437744140625,0,1038240,0.0
zero,2,17,102.0,v400,-48.72575378417969,57.23585891723633,0,1038240,0.0
zero,2,17,102.0,v500,-46.17031478881836,49.03868103027344,0,1038240,0.0
zero,2,17,102.0,v600,-37.59957504272461,41.06836700439453,0,1038240,0.0
zero,2,17,102.0,v700,-31.033674240112305,32.774173736572266,0,1038240,0.0
zero,2,17,102.0,v850,-29.893400192260742,30.734256744384766,0,1038240,0.0
zero,2,17,102.0,v925,-30.83200454711914,27.466745376586914,0,1038240,0.0
zero,2,17,102.0,v1000,-21.287944793701172,19.809412002563477,0,1038240,0.0
zero,2,17,102.0,z50,176375.703125,208561.09375,0,1038240,0.0
zero,2,17,102.0,z100,140050.765625,166289.40625,0,1038240,0.0
zero,2,17,102.0,z150,117173.21875,142155.71875,0,1038240,0.0
zero,2,17,102.0,z200,100264.34375,123873.875,0,1038240,0.0
zero,2,17,102.0,z250,86975.890625,109149.4609375,0,1038240,0.0
zero,2,17,102.0,z300,76116.6640625,96610.4375,0,1038240,0.0
zero,2,17,102.0,z400,58921.58984375,75721.125,0,1038240,0.0
zero,2,17,102.0,z500,44976.76953125,58699.66796875,0,1038240,0.0
zero,2,17,102.0,z600,32868.703125,44351.859375,0,1038240,0.0
zero,2,17,102.0,z700,22294.9296875,32141.091796875,0,1038240,0.0
zero,2,17,102.0,z850,8421.986328125,16362.064453125,0,1038240,0.0
zero,2,17,102.0,z925,2302.150390625,9300.1396484375,0,1038240,0.0
zero,2,17,102.0,z1000,-3760.35205078125,2861.0146484375,0,1038240,0.0
zero,2,17,102.0,t50,179.34976196289062,237.70755004882812,0,1038240,0.0
zero,2,17,102.0,t100,185.2606964111328,240.26956176757812,0,1038240,0.0
zero,2,17,102.0,t150,189.1009979248047,245.207763671875,0,1038240,0.0
zero,2,17,102.0,t200,193.96351623535156,244.2508544921875,0,1038240,0.0
zero,2,17,102.0,t250,198.31289672851562,244.9810333251953,0,1038240,0.0
zero,2,17,102.0,t300,202.13294982910156,250.5882110595703,0,1038240,0.0
zero,2,17,102.0,t400,211.00900268554688,264.61090087890625,0,1038240,0.0
zero,2,17,102.0,t500,217.82101440429688,276.3851318359375,0,1038240,0.0
zero,2,17,102.0,t600,207.28250122070312,288.7837829589844,0,1038240,0.0
zero,2,17,102.0,t700,214.31521606445312,298.1341552734375,0,1038240,0.0
zero,2,17,102.0,t850,223.20870971679688,309.7430419921875,0,1038240,0.0
zero,2,17,102.0,t925,226.8894805908203,315.1636657714844,0,1038240,0.0
zero,2,17,102.0,t1000,230.0815887451172,320.0914306640625,0,1038240,0.0
zero,2,17,102.0,q50,6.314166967058554e-07,2.095652007483295e-06,0,1038240,0.0
zero,2,17,102.0,q100,1.0142829296455602e-06,4.748081664729398e-06,0,1038240,0.0
zero,2,17,102.0,q150,-8.837209861667361e-07,3.7161305954214185e-05,18,1038240,1.7337031900138696e-05
zero,2,17,102.0,q200,-1.0474122973391786e-05,0.00019109838467556983,13185,1038240,0.012699375866851595
zero,2,17,102.0,q250,-1.2690255971392617e-05,0.0006493148393929005,18038,1038240,0.017373632300816767
zero,2,17,102.0,q300,-3.022728196810931e-05,0.0014973614597693086,20541,1038240,0.019784442903374944
zero,2,17,102.0,q400,-6.199328345246613e-05,0.004120741039514542,24538,1038240,0.02363422715364463
zero,2,17,102.0,q500,-0.00010007282253354788,0.007972901687026024,10586,1038240,0.010196101094159346
zero,2,17,102.0,q600,-0.00028159713838249445,0.01161078829318285,14530,1038240,0.013994837417167514
zero,2,17,102.0,q700,-0.00047171791084110737,0.013232851400971413,37011,1038240,0.03564782709200185
zero,2,17,102.0,q850,-0.0005514039658010006,0.018884986639022827,50201,1038240,0.048352018801047926
zero,2,17,102.0,q925,-0.0005741245113313198,0.02181566320359707,60255,1038240,0.05803571428571429
zero,2,17,102.0,q1000,-0.0005790339782834053,0.0250104907900095,53977,1038240,0.051988942826321466
zero,2,18,108.0,u10m,-22.600868225097656,21.938093185424805,0,1038240,0.0
zero,2,18,108.0,v10m,-18.70751190185547,18.06290626525879,0,1038240,0.0
zero,2,18,108.0,u100m,-29.255916595458984,28.25188446044922,0,1038240,0.0
zero,2,18,108.0,v100m,-24.148635864257812,23.794347763061523,0,1038240,0.0
zero,2,18,108.0,t2m,200.84719848632812,322.0848388671875,0,1038240,0.0
zero,2,18,108.0,sp,48868.6796875,103547.3828125,0,1038240,0.0
zero,2,18,108.0,msl,95496.234375,103520.28125,0,1038240,0.0
zero,2,18,108.0,tcwv,-2.577056884765625,78.56250762939453,40233,1038240,0.03875115580212667
zero,2,18,108.0,u50,-29.983734130859375,70.83098602294922,0,1038240,0.0
zero,2,18,108.0,u100,-31.149944305419922,61.33114242553711,0,1038240,0.0
zero,2,18,108.0,u150,-37.268890380859375,72.52477264404297,0,1038240,0.0
zero,2,18,108.0,u200,-32.240509033203125,87.4623031616211,0,1038240,0.0
zero,2,18,108.0,u250,-34.177574157714844,91.25042724609375,0,1038240,0.0
zero,2,18,108.0,u300,-32.13776779174805,81.52510833740234,0,1038240,0.0
zero,2,18,108.0,u400,-38.88780975341797,59.81163787841797,0,1038240,0.0
zero,2,18,108.0,u500,-37.85107421875,52.56499099731445,0,1038240,0.0
zero,2,18,108.0,u600,-34.23952102661133,44.874534606933594,0,1038240,0.0
zero,2,18,108.0,u700,-33.679466247558594,38.12638854980469,0,1038240,0.0
zero,2,18,108.0,u850,-35.561771392822266,37.190311431884766,0,1038240,0.0
zero,2,18,108.0,u925,-37.72056198120117,34.63713836669922,0,1038240,0.0
zero,2,18,108.0,u1000,-22.564361572265625,22.236507415771484,0,1038240,0.0
zero,2,18,108.0,v50,-22.028200149536133,23.016132354736328,0,1038240,0.0
zero,2,18,108.0,v100,-18.609342575073242,25.489126205444336,0,1038240,0.0
zero,2,18,108.0,v150,-35.43141174316406,32.49324417114258,0,1038240,0.0
zero,2,18,108.0,v200,-41.18354034423828,47.28921127319336,0,1038240,0.0
zero,2,18,108.0,v250,-50.25947570800781,55.109004974365234,0,1038240,0.0
zero,2,18,108.0,v300,-45.109500885009766,59.140472412109375,0,1038240,0.0
zero,2,18,108.0,v400,-42.71841049194336,59.52428436279297,0,1038240,0.0
zero,2,18,108.0,v500,-38.459564208984375,51.196533203125,0,1038240,0.0
zero,2,18,108.0,v600,-31.51435661315918,39.52700424194336,0,1038240,0.0
zero,2,18,108.0,v700,-28.304527282714844,31.202884674072266,0,1038240,0.0
zero,2,18,108.0,v850,-30.216167449951172,26.435110092163086,0,1038240,0.0
zero,2,18,108.0,v925,-31.251174926757812,27.08350944519043,0,1038240,0.0
zero,2,18,108.0,v1000,-20.352291107177734,18.773088455200195,0,1038240,0.0
zero,2,18,108.0,z50,176244.890625,208762.796875,0,1038240,0.0
zero,2,18,108.0,z100,139978.84375,166394.609375,0,1038240,0.0
zero,2,18,108.0,z150,117084.28125,142254.078125,0,1038240,0.0
zero,2,18,108.0,z200,100151.703125,123983.2265625,0,1038240,0.0
zero,2,18,108.0,z250,86853.8046875,109078.6484375,0,1038240,0.0
zero,2,18,108.0,z300,75981.1171875,96425.828125,0,1038240,0.0
zero,2,18,108.0,z400,58798.99609375,75501.71875,0,1038240,0.0
zero,2,18,108.0,z500,44843.91796875,58533.1484375,0,1038240,0.0
zero,2,18,108.0,z600,32769.89453125,44405.83984375,0,1038240,0.0
zero,2,18,108.0,z700,22250.34375,32079.70703125,0,1038240,0.0
zero,2,18,108.0,z850,8500.388671875,16320.9677734375,0,1038240,0.0
zero,2,18,108.0,z925,2422.45166015625,9260.189453125,0,1038240,0.0
zero,2,18,108.0,z1000,-3613.61328125,2837.662109375,0,1038240,0.0
zero,2,18,108.0,t50,179.09815979003906,237.72137451171875,0,1038240,0.0
zero,2,18,108.0,t100,185.6496124267578,240.719482421875,0,1038240,0.0
zero,2,18,108.0,t150,191.15074157714844,245.07846069335938,0,1038240,0.0
zero,2,18,108.0,t200,194.67962646484375,244.13751220703125,0,1038240,0.0
zero,2,18,108.0,t250,198.3719024658203,245.00546264648438,0,1038240,0.0
zero,2,18,108.0,t300,201.68197631835938,251.47091674804688,0,1038240,0.0
zero,2,18,108.0,t400,210.78456115722656,265.9872131347656,0,1038240,0.0
zero,2,18,108.0,t500,217.5303955078125,278.97027587890625,0,1038240,0.0
zero,2,18,108.0,t600,207.36508178710938,291.9407653808594,0,1038240,0.0
zero,2,18,108.0,t700,214.1774139404297,301.22900390625,0,1038240,0.0
zero,2,18,108.0,t850,223.5850067138672,312.1790466308594,0,1038240,0.0
zero,2,18,108.0,t925,227.50677490234375,317.34405517578125,0,1038240,0.0
zero,2,18,108.0,t1000,230.87796020507812,322.6144104003906,0,1038240,0.0
zero,2,18,108.0,q50,6.651562216575257e-07,2.1116620700922795e-06,0,1038240,0.0
zero,2,18,108.0,q100,9.894389449982555e-07,4.69543965664343e-06,0,1038240,0.0
zero,2,18,108.0,q150,-3.671666490845382e-07,4.4833719584858045e-05,9,1038240,8.668515950069348e-06
zero,2,18,108.0,q200,-1.0738604032667354e-05,0.00023146302555687726,12757,1038240,0.012287139775003854
zero,2,18,108.0,q250,-1.5304740372812375e-05,0.0006949338130652905,19828,1038240,0.01909770380644167
zero,2,18,108.0,q300,-3.272545291110873e-05,0.0015900613507255912,20757,1038240,0.019992487286176606
zero,2,18,108.0,q400,-0.00011877654469572008,0.00432118633762002,25410,1038240,0.02447411003236246
zero,2,18,108.0,q500,-0.00011001538950949907,0.007976364344358444,10678,1038240,0.010284712590537834
zero,2,18,108.0,q600,-0.00027065782342106104,0.010196765884757042,13549,1038240,0.013049969178609955
zero,2,18,108.0,q700,-0.0005225874483585358,0.013575270771980286,29211,1038240,0.028135113268608413
zero,2,18,108.0,q850,-0.0005520540289580822,0.019756203517317772,44691,1038240,0.043044960702727696
zero,2,18,108.0,q925,-0.0006079133599996567,0.020988503471016884,55127,1038240,0.05309658653105255
zero,2,18,108.0,q1000,-0.0005898410454392433,0.025215618312358856,45037,1038240,0.04337821698258591
zero,2,19,114.0,u10m,-25.719457626342773,23.46124267578125,0,1038240,0.0
zero,2,19,114.0,v10m,-19.08692169189453,17.930984497070312,0,1038240,0.0
zero,2,19,114.0,u100m,-33.36606979370117,29.532400131225586,0,1038240,0.0
zero,2,19,114.0,v100m,-24.85392951965332,24.28973388671875,0,1038240,0.0
zero,2,19,114.0,t2m,199.54037475585938,321.2210998535156,0,1038240,0.0
zero,2,19,114.0,sp,49022.4609375,103461.9296875,0,1038240,0.0
zero,2,19,114.0,msl,95564.625,103427.1640625,0,1038240,0.0
zero,2,19,114.0,tcwv,-2.6532344818115234,79.43367004394531,39023,1038240,0.0375857219910618
zero,2,19,114.0,u50,-30.181381225585938,72.37725067138672,0,1038240,0.0
zero,2,19,114.0,u100,-33.87191390991211,62.37068557739258,0,1038240,0.0
zero,2,19,114.0,u150,-38.74751281738281,71.47331237792969,0,1038240,0.0
zero,2,19,114.0,u200,-32.55989074707031,87.51451873779297,0,1038240,0.0
zero,2,19,114.0,u250,-34.016300201416016,95.21719360351562,0,1038240,0.0
zero,2,19,114.0,u300,-32.22426986694336,84.22948455810547,0,1038240,0.0
zero,2,19,114.0,u400,-40.50190734863281,63.54521942138672,0,1038240,0.0
zero,2,19,114.0,u500,-35.79493713378906,56.406761169433594,0,1038240,0.0
zero,2,19,114.0,u600,-28.789884567260742,47.96515655517578,0,1038240,0.0
zero,2,19,114.0,u700,-31.233177185058594,40.116275787353516,0,1038240,0.0
zero,2,19,114.0,u850,-43.340370178222656,35.851131439208984,0,1038240,0.0
zero,2,19,114.0,u925,-42.04658889770508,34.50395584106445,0,1038240,0.0
zero,2,19,114.0,u1000,-25.744503021240234,23.50141143798828,0,1038240,0.0
zero,2,19,114.0,v50,-22.679351806640625,21.666231155395508,0,1038240,0.0
zero,2,19,114.0,v100,-18.850601196289062,23.495603561401367,0,1038240,0.0
zero,2,19,114.0,v150,-30.540687561035156,31.812973022460938,0,1038240,0.0
zero,2,19,114.0,v200,-39.79246520996094,43.2203483581543,0,1038240,0.0
zero,2,19,114.0,v250,-45.989830017089844,49.82695770263672,0,1038240,0.0
zero,2,19,114.0,v300,-42.847415924072266,58.404945373535156,0,1038240,0.0
zero,2,19,114.0,v400,-46.25213623046875,58.93613815307617,0,1038240,0.0
zero,2,19,114.0,v500,-35.42091369628906,49.73388671875,0,1038240,0.0
zero,2,19,114.0,v600,-28.297618865966797,38.278236389160156,0,1038240,0.0
zero,2,19,114.0,v700,-29.385812759399414,29.244951248168945,0,1038240,0.0
zero,2,19,114.0,v850,-33.795562744140625,24.395536422729492,0,1038240,0.0
zero,2,19,114.0,v925,-31.954879760742188,27.19449234008789,0,1038240,0.0
zero,2,19,114.0,v1000,-20.134273529052734,18.79889488220215,0,1038240,0.0
zero,2,19,114.0,z50,176117.296875,208768.9375,0,1038240,0.0
zero,2,19,114.0,z100,139869.609375,166481.34375,0,1038240,0.0
zero,2,19,114.0,z150,116950.6484375,142313.5625,0,1038240,0.0
zero,2,19,114.0,z200,99979.8359375,124035.4453125,0,1038240,0.0
zero,2,19,114.0,z250,86647.7109375,109132.359375,0,1038240,0.0
zero,2,19,114.0,z300,75743.4921875,96475.3515625,0,1038240,0.0
zero,2,19,114.0,z400,58557.296875,75594.96875,0,1038240,0.0
zero,2,19,114.0,z500,44862.8203125,58599.7734375,0,1038240,0.0
zero,2,19,114.0,z600,32809.76171875,44399.515625,0,1038240,0.0
zero,2,19,114.0,z700,22328.44921875,31968.833984375,0,1038240,0.0
zero,2,19,114.0,z850,8650.5234375,16229.3984375,0,1038240,0.0
zero,2,19,114.0,z925,2509.85986328125,9175.505859375,0,1038240,0.0
zero,2,19,114.0,z1000,-3549.02978515625,2765.53076171875,0,1038240,0.0
zero,2,19,114.0,t50,179.11512756347656,237.774658203125,0,1038240,0.0
zero,2,19,114.0,t100,186.8868408203125,240.89364624023438,0,1038240,0.0
zero,2,19,114.0,t150,193.30393981933594,245.2826385498047,0,1038240,0.0
zero,2,19,114.0,t200,195.2653045654297,243.96937561035156,0,1038240,0.0
zero,2,19,114.0,t250,198.6766815185547,245.0660858154297,0,1038240,0.0
zero,2,19,114.0,t300,201.80941772460938,250.75137329101562,0,1038240,0.0
zero,2,19,114.0,t400,210.4883575439453,264.74603271484375,0,1038240,0.0
zero,2,19,114.0,t500,216.4962615966797,276.3531188964844,0,1038240,0.0
zero,2,19,114.0,t600,205.12069702148438,287.3123779296875,0,1038240,0.0
zero,2,19,114.0,t700,213.88104248046875,295.8121337890625,0,1038240,0.0
zero,2,19,114.0,t850,223.19271850585938,309.168701171875,0,1038240,0.0
zero,2,19,114.0,t925,227.228515625,315.284912109375,0,1038240,0.0
zero,2,19,114.0,t1000,230.49539184570312,320.7605285644531,0,1038240,0.0
zero,2,19,114.0,q50,7.011101388343377e-07,2.1256093987176428e-06,0,1038240,0.0
zero,2,19,114.0,q100,9.930024589266395e-07,4.627173439075705e-06,0,1038240,0.0
zero,2,19,114.0,q150,2.714969014050439e-07,4.101239755982533e-05,0,1038240,0.0
zero,2,19,114.0,q200,-1.1792684745159931e-05,0.00022037807502783835,11328,1038240,0.01091077207582062
zero,2,19,114.0,q250,-1.5027751942398027e-05,0.0007090764702297747,23444,1038240,0.022580520881491754
zero,2,19,114.0,q300,-3.277198993600905e-05,0.0016463464125990868,25352,1038240,0.024418246262906458
zero,2,19,114.0,q400,-6.198944174684584e-05,0.004422006197273731,32618,1038240,0.03141662813992911
zero,2,19,114.0,q500,-8.273788262158632e-05,0.0076739173382520676,9746,1038240,0.009387039605486208
zero,2,19,114.0,q600,-0.0002715566661208868,0.010140884667634964,13197,1038240,0.012710933888118354
zero,2,19,114.0,q700,-0.00045541138388216496,0.013127263635396957,34701,1038240,0.03342290799815072
zero,2,19,114.0,q850,-0.0005627297796308994,0.019957534968852997,46380,1038240,0.04467175219602404
zero,2,19,114.0,q925,-0.0006003309972584248,0.020922962576150894,58402,1038240,0.056250963168438896
zero,2,19,114.0,q1000,-0.0006521157920360565,0.025264954194426537,47431,1038240,0.04568404222530436
zero,2,20,120.0,u10m,-24.847007751464844,27.06855010986328,0,1038240,0.0
zero,2,20,120.0,v10m,-19.162263870239258,18.420459747314453,0,1038240,0.0
zero,2,20,120.0,u100m,-32.13675308227539,35.61039733886719,0,1038240,0.0
zero,2,20,120.0,v100m,-24.95670509338379,25.06751251220703,0,1038240,0.0
zero,2,20,120.0,t2m,197.45811462402344,318.8695068359375,0,1038240,0.0
zero,2,20,120.0,sp,48861.09765625,103387.0546875,0,1038240,0.0
zero,2,20,120.0,msl,94799.9453125,103347.7265625,0,1038240,0.0
zero,2,20,120.0,tcwv,-2.566244125366211,77.0665512084961,45832,1038240,0.04414393589150871
zero,2,20,120.0,u50,-30.230777740478516,72.2542953491211,0,1038240,0.0
zero,2,20,120.0,u100,-33.81621551513672,62.17155075073242,0,1038240,0.0
zero,2,20,120.0,u150,-38.87903594970703,70.37364196777344,0,1038240,0.0
zero,2,20,120.0,u200,-32.155487060546875,87.9024887084961,0,1038240,0.0
zero,2,20,120.0,u250,-31.7354736328125,92.39454650878906,0,1038240,0.0
zero,2,20,120.0,u300,-31.490421295166016,84.77928924560547,0,1038240,0.0
zero,2,20,120.0,u400,-42.45897674560547,63.95201110839844,0,1038240,0.0
zero,2,20,120.0,u500,-36.58472442626953,58.140113830566406,0,1038240,0.0
zero,2,20,120.0,u600,-27.825345993041992,49.59501647949219,0,1038240,0.0
zero,2,20,120.0,u700,-30.464847564697266,44.39479446411133,0,1038240,0.0
zero,2,20,120.0,u850,-41.886329650878906,42.8766975402832,0,1038240,0.0
zero,2,20,120.0,u925,-39.22478103637695,41.400177001953125,0,1038240,0.0
zero,2,20,120.0,u1000,-24.71157455444336,27.431133270263672,0,1038240,0.0
zero,2,20,120.0,v50,-23.66014862060547,21.7301082611084,0,1038240,0.0
zero,2,20,120.0,v100,-18.545961380004883,22.334667205810547,0,1038240,0.0
zero,2,20,120.0,v150,-27.179908752441406,31.973892211914062,0,1038240,0.0
zero,2,20,120.0,v200,-42.48051834106445,41.67681884765625,0,1038240,0.0
zero,2,20,120.0,v250,-51.0056037902832,45.154300689697266,0,1038240,0.0
zero,2,20,120.0,v300,-44.561248779296875,54.376338958740234,0,1038240,0.0
zero,2,20,120.0,v400,-46.00813674926758,56.31049728393555,0,1038240,0.0
zero,2,20,120.0,v500,-37.817142486572266,48.121482849121094,0,1038240,0.0
zero,2,20,120.0,v600,-30.270906448364258,37.705204010009766,0,1038240,0.0
zero,2,20,120.0,v700,-28.335613250732422,27.86553192138672,0,1038240,0.0
zero,2,20,120.0,v850,-34.718902587890625,27.698579788208008,0,1038240,0.0
zero,2,20,120.0,v925,-32.61906051635742,28.010467529296875,0,1038240,0.0
zero,2,20,120.0,v1000,-20.239288330078125,19.43103790283203,0,1038240,0.0
zero,2,20,120.0,z50,175951.0,208726.34375,0,1038240,0.0
zero,2,20,120.0,z100,139788.625,166307.640625,0,1038240,0.0
zero,2,20,120.0,z150,116838.6171875,142118.765625,0,1038240,0.0
zero,2,20,120.0,z200,99817.921875,123836.140625,0,1038240,0.0
zero,2,20,120.0,z250,86460.03125,109013.7265625,0,1038240,0.0
zero,2,20,120.0,z300,75546.9609375,96447.3046875,0,1038240,0.0
zero,2,20,120.0,z400,58380.171875,75498.578125,0,1038240,0.0
zero,2,20,120.0,z500,44782.8359375,58643.58203125,0,1038240,0.0
zero,2,20,120.0,z600,33066.0234375,44503.9375,0,1038240,0.0
zero,2,20,120.0,z700,22707.25390625,32015.69921875,0,1038240,0.0
zero,2,20,120.0,z850,8354.35546875,16190.365234375,0,1038240,0.0
zero,2,20,120.0,z925,1861.72412109375,9122.826171875,0,1038240,0.0
zero,2,20,120.0,z1000,-4223.14453125,2713.52734375,0,1038240,0.0
zero,2,20,120.0,t50,178.968505859375,237.82217407226562,0,1038240,0.0
zero,2,20,120.0,t100,188.1171417236328,241.2647247314453,0,1038240,0.0
zero,2,20,120.0,t150,193.59402465820312,245.2626953125,0,1038240,0.0
zero,2,20,120.0,t200,195.49058532714844,243.6638641357422,0,1038240,0.0
zero,2,20,120.0,t250,199.1956024169922,245.30238342285156,0,1038240,0.0
zero,2,20,120.0,t300,202.361572265625,250.52426147460938,0,1038240,0.0
zero,2,20,120.0,t400,209.74281311035156,264.39373779296875,0,1038240,0.0
zero,2,20,120.0,t500,215.78260803222656,275.1464538574219,0,1038240,0.0
zero,2,20,120.0,t600,206.03662109375,283.6194763183594,0,1038240,0.0
zero,2,20,120.0,t700,213.13795471191406,294.01214599609375,0,1038240,0.0
zero,2,20,120.0,t850,222.384521484375,309.5363464355469,0,1038240,0.0
zero,2,20,120.0,t925,226.58328247070312,315.0103759765625,0,1038240,0.0
zero,2,20,120.0,t1000,229.92117309570312,319.7308349609375,0,1038240,0.0
zero,2,20,120.0,q50,7.39207507649553e-07,2.142281800843193e-06,0,1038240,0.0
zero,2,20,120.0,q100,1.0000975407820079e-06,4.682582130044466e-06,0,1038240,0.0
zero,2,20,120.0,q150,2.340038918191567e-07,3.4649423469090834e-05,0,1038240,0.0
zero,2,20,120.0,q200,-1.2001770301139913e-05,0.00019734686065930873,12498,1038240,0.012037679149329635
zero,2,20,120.0,q250,-1.5459936548722908e-05,0.0006782049895264208,24501,1038240,0.023598589921405455
zero,2,20,120.0,q300,-3.5052711609750986e-05,0.0015855955425649881,24275,1038240,0.023380913854214824
zero,2,20,120.0,q400,-5.151121877133846e-05,0.004189633298665285,30200,1038240,0.029087686854677147
zero,2,20,120.0,q500,-0.00010439747711643577,0.007359515409916639,12372,1038240,0.011916319926028663
zero,2,20,120.0,q600,-0.00028042064514011145,0.00997164100408554,15524,1038240,0.01495222684543073
zero,2,20,120.0,q700,-0.0004100147634744644,0.013151060789823532,34081,1038240,0.03282574356603483
zero,2,20,120.0,q850,-0.0005426504649221897,0.01910041831433773,50898,1038240,0.04902334720295885
zero,2,20,120.0,q925,-0.0006509763188660145,0.02072303369641304,56272,1038240,0.05419941439358915
zero,2,20,120.0,q1000,-0.0006354157812893391,0.02518639899790287,47663,1038240,0.04590749730312837
zero,3,0,0.0,u10m,-29.98059844970703,25.07940101623535,0,1038240,0.0
zero,3,0,0.0,v10m,-27.66229820251465,25.987703323364258,0,1038240,0.0
zero,3,0,0.0,u100m,-38.64726257324219,30.782737731933594,0,1038240,0.0
zero,3,0,0.0,v100m,-33.108516693115234,32.41148376464844,0,1038240,0.0
zero,3,0,0.0,t2m,203.00914001464844,317.2091369628906,0,1038240,0.0
zero,3,0,0.0,sp,49593.44921875,104524.6484375,0,1038240,0.0
zero,3,0,0.0,msl,93167.375,107762.9765625,0,1038240,0.0
zero,3,0,0.0,tcwv,0.033688269555568695,80.67048645019531,0,1038240,0.0
zero,3,0,0.0,u50,-32.53466796875,69.6953353881836,0,1038240,0.0
zero,3,0,0.0,u100,-42.44437026977539,63.615631103515625,0,1038240,0.0
zero,3,0,0.0,u150,-43.69473648071289,76.46526336669922,0,1038240,0.0
zero,3,0,0.0,u200,-44.91203308105469,103.88796997070312,0,1038240,0.0
zero,3,0,0.0,u250,-45.851261138916016,105.44873809814453,0,1038240,0.0
zero,3,0,0.0,u300,-36.28936004638672,102.41063690185547,0,1038240,0.0
zero,3,0,0.0,u400,-35.72868347167969,71.8713150024414,0,1038240,0.0
zero,3,0,0.0,u500,-39.31422805786133,50.18577194213867,0,1038240,0.0
zero,3,0,0.0,u600,-45.0154914855957,45.66450500488281,0,1038240,0.0
zero,3,0,0.0,u700,-47.08867263793945,41.111328125,0,1038240,0.0
zero,3,0,0.0,u850,-52.83549880981445,36.304500579833984,0,1038240,0.0
zero,3,0,0.0,u925,-42.309513092041016,34.310489654541016,0,1038240,0.0
zero,3,0,0.0,u1000,-29.00948715209961,24.660512924194336,0,1038240,0.0
zero,3,0,0.0,v50,-28.3104305267334,37.03956985473633,0,1038240,0.0
zero,3,0,0.0,v100,-31.289772033691406,41.980228424072266,0,1038240,0.0
zero,3,0,0.0,v150,-39.73875427246094,46.22124481201172,0,1038240,0.0
zero,3,0,0.0,v200,-56.7220573425293,65.07794189453125,0,1038240,0.0
zero,3,0,0.0,v250,-63.08574295043945,62.81425857543945,0,1038240,0.0
zero,3,0,0.0,v300,-54.844512939453125,65.45549011230469,0,1038240,0.0
zero,3,0,0.0,v400,-59.89063262939453,63.009368896484375,0,1038240,0.0
zero,3,0,0.0,v500,-50.19239807128906,56.80760192871094,0,1038240,0.0
zero,3,0,0.0,v600,-45.045677185058594,40.0643196105957,0,1038240,0.0
zero,3,0,0.0,v700,-36.78691101074219,42.36308670043945,0,1038240,0.0
zero,3,0,0.0,v850,-42.88942337036133,34.960575103759766,0,1038240,0.0
zero,3,0,0.0,v925,-37.343692779541016,37.056304931640625,0,1038240,0.0
zero,3,0,0.0,v1000,-26.340137481689453,25.029863357543945,0,1038240,0.0
zero,3,0,0.0,z50,178325.890625,207936.40625,0,1038240,0.0
zero,3,0,0.0,z100,140693.140625,165755.734375,0,1038240,0.0
zero,3,0,0.0,z150,117632.0390625,141996.15625,0,1038240,0.0
zero,3,0,0.0,z200,100768.7421875,123884.2421875,0,1038240,0.0
zero,3,0,0.0,z250,87459.671875,109026.765625,0,1038240,0.0
zero,3,0,0.0,z300,76372.9453125,96320.9921875,0,1038240,0.0
zero,3,0,0.0,z400,58395.84765625,75588.4609375,0,1038240,0.0
zero,3,0,0.0,z500,43960.421875,58905.3671875,0,1038240,0.0
zero,3,0,0.0,z600,31816.14453125,44789.28125,0,1038240,0.0
zero,3,0,0.0,z700,21340.9609375,32460.98828125,0,1038240,0.0
zero,3,0,0.0,z850,7071.60302734375,16482.923828125,0,1038240,0.0
zero,3,0,0.0,z925,558.6236572265625,9957.2314453125,0,1038240,0.0
zero,3,0,0.0,z1000,-5507.95556640625,4905.5556640625,0,1038240,0.0
zero,3,0,0.0,t50,176.96493530273438,233.25494384765625,0,1038240,0.0
zero,3,0,0.0,t100,185.84442138671875,235.84442138671875,0,1038240,0.0
zero,3,0,0.0,t150,187.8889617919922,238.91896057128906,0,1038240,0.0
zero,3,0,0.0,t200,190.15658569335938,241.17657470703125,0,1038240,0.0
zero,3,0,0.0,t250,199.0135498046875,243.6435546875,0,1038240,0.0
zero,3,0,0.0,t300,204.70855712890625,251.70855712890625,0,1038240,0.0
zero,3,0,0.0,t400,216.0428466796875,266.5628662109375,0,1038240,0.0
zero,3,0,0.0,t500,224.4999542236328,276.89996337890625,0,1038240,0.0
zero,3,0,0.0,t600,204.55136108398438,287.2413635253906,0,1038240,0.0
zero,3,0,0.0,t700,208.45738220214844,296.9873962402344,0,1038240,0.0
zero,3,0,0.0,t850,216.30093383789062,309.6709289550781,0,1038240,0.0
zero,3,0,0.0,t925,219.8119354248047,315.3219299316406,0,1038240,0.0
zero,3,0,0.0,t1000,223.1019287109375,319.7119445800781,0,1038240,0.0
zero,3,0,0.0,q50,9.999999717180685e-10,1.9450640138529707e-06,0,1038240,0.0
zero,3,0,0.0,q100,1.000000082740371e-09,9.873159797280096e-06,0,1038240,0.0
zero,3,0,0.0,q150,1.0000005268295808e-09,4.6891240344848484e-05,0,1038240,0.0
zero,3,0,0.0,q200,9.999985284281365e-10,0.0002307913964614272,0,1038240,0.0
zero,3,0,0.0,q250,1.000000304784976e-09,0.0007995401974767447,0,1038240,0.0
zero,3,0,0.0,q300,9.999980843389267e-10,0.0018608650425449014,0,1038240,0.0
zero,3,0,0.0,q400,9.999975292274144e-10,0.004661120939999819,0,1038240,0.0
zero,3,0,0.0,q500,9.999941985583405e-10,0.007641600910574198,0,1038240,0.0
zero,3,0,0.0,q600,1.0000007488741858e-09,0.012534401379525661,0,1038240,0.0
zero,3,0,0.0,q700,9.999989725173464e-10,0.018419841304421425,0,1038240,0.0
zero,3,0,0.0,q850,1.635912212805124e-06,0.028813155367970467,0,1038240,0.0
zero,3,0,0.0,q925,4.967510903952643e-06,0.03459184616804123,0,1038240,0.0
zero,3,0,0.0,q1000,6.670324182778131e-06,0.04069339111447334,0,1038240,0.0
zero,3,1,6.0,u10m,-28.26662826538086,24.725343704223633,0,1038240,0.0
zero,3,1,6.0,v10m,-18.348295211791992,25.409976959228516,0,1038240,0.0
zero,3,1,6.0,u100m,-36.92644119262695,30.874807357788086,0,1038240,0.0
zero,3,1,6.0,v100m,-24.574291229248047,33.9788818359375,0,1038240,0.0
zero,3,1,6.0,t2m,201.16290283203125,315.77337646484375,0,1038240,0.0
zero,3,1,6.0,sp,49429.72265625,104052.21875,0,1038240,0.0
zero,3,1,6.0,msl,93364.265625,106022.015625,0,1038240,0.0
zero,3,1,6.0,tcwv,-5.554573059082031,78.99384307861328,71863,1038240,0.06921617352442595
zero,3,1,6.0,u50,-30.99331283569336,73.90312957763672,0,1038240,0.0
zero,3,1,6.0,u100,-39.639732360839844,61.74380111694336,0,1038240,0.0
zero,3,1,6.0,u150,-36.364349365234375,73.82738494873047,0,1038240,0.0
zero,3,1,6.0,u200,-44.386146545410156,94.17500305175781,0,1038240,0.0
zero,3,1,6.0,u250,-40.242340087890625,107.08670043945312,0,1038240,0.0
zero,3,1,6.0,u300,-36.5831298828125,100.92613220214844,0,1038240,0.0
zero,3,1,6.0,u400,-38.10851287841797,69.02294921875,0,1038240,0.0
zero,3,1,6.0,u500,-33.671321868896484,54.1348876953125,0,1038240,0.0
zero,3,1,6.0,u600,-39.60209655761719,43.45893859863281,0,1038240,0.0
zero,3,1,6.0,u700,-40.23883819580078,37.83327865600586,0,1038240,0.0
zero,3,1,6.0,u850,-46.781009674072266,36.94855880737305,0,1038240,0.0
zero,3,1,6.0,u925,-43.35582733154297,33.70161819458008,0,1038240,0.0
zero,3,1,6.0,u1000,-27.0113468170166,23.938142776489258,0,1038240,0.0
zero,3,1,6.0,v50,-23.687562942504883,30.955883026123047,0,1038240,0.0
zero,3,1,6.0,v100,-30.242816925048828,37.05029296875,0,1038240,0.0
zero,3,1,6.0,v150,-32.545005798339844,41.01648712158203,0,1038240,0.0
zero,3,1,6.0,v200,-45.699581146240234,53.78913497924805,0,1038240,0.0
zero,3,1,6.0,v250,-55.91434860229492,62.798702239990234,0,1038240,0.0
zero,3,1,6.0,v300,-48.57569122314453,65.55392456054688,0,1038240,0.0
zero,3,1,6.0,v400,-49.647560119628906,62.94601821899414,0,1038240,0.0
zero,3,1,6.0,v500,-45.10268783569336,49.73537063598633,0,1038240,0.0
zero,3,1,6.0,v600,-35.023216247558594,35.91107177734375,0,1038240,0.0
zero,3,1,6.0,v700,-30.072473526000977,34.23475646972656,0,1038240,0.0
zero,3,1,6.0,v850,-34.2606315612793,36.72390365600586,0,1038240,0.0
zero,3,1,6.0,v925,-34.349029541015625,32.49458694458008,0,1038240,0.0
zero,3,1,6.0,v1000,-21.297121047973633,25.758255004882812,0,1038240,0.0
zero,3,1,6.0,z50,178381.8125,207983.3125,0,1038240,0.0
zero,3,1,6.0,z100,140675.75,165754.28125,0,1038240,0.0
zero,3,1,6.0,z150,117538.3671875,142024.4375,0,1038240,0.0
zero,3,1,6.0,z200,100703.2734375,123902.203125,0,1038240,0.0
zero,3,1,6.0,z250,87383.34375,109060.5703125,0,1038240,0.0
zero,3,1,6.0,z300,76289.1640625,96385.84375,0,1038240,0.0
zero,3,1,6.0,z400,58355.328125,75593.2734375,0,1038240,0.0
zero,3,1,6.0,z500,43971.22265625,58831.37890625,0,1038240,0.0
zero,3,1,6.0,z600,31867.328125,44735.1484375,0,1038240,0.0
zero,3,1,6.0,z700,21432.73046875,32360.15625,0,1038240,0.0
zero,3,1,6.0,z850,7203.10400390625,16416.82421875,0,1038240,0.0
zero,3,1,6.0,z925,738.5751953125,9321.6767578125,0,1038240,0.0
zero,3,1,6.0,z1000,-5302.41162109375,3649.6826171875,0,1038240,0.0
zero,3,1,6.0,t50,179.83154296875,233.6676483154297,0,1038240,0.0
zero,3,1,6.0,t100,186.5077667236328,235.44126892089844,0,1038240,0.0
zero,3,1,6.0,t150,188.92953491210938,238.73724365234375,0,1038240,0.0
zero,3,1,6.0,t200,191.56875610351562,241.3602752685547,0,1038240,0.0
zero,3,1,6.0,t250,199.23068237304688,243.1333770751953,0,1038240,0.0
zero,3,1,6.0,t300,205.0389862060547,251.13470458984375,0,1038240,0.0
zero,3,1,6.0,t400,215.11151123046875,264.9374084472656,0,1038240,0.0
zero,3,1,6.0,t500,224.70770263671875,276.8890380859375,0,1038240,0.0
zero,3,1,6.0,t600,214.51953125,289.6756286621094,0,1038240,0.0
zero,3,1,6.0,t700,210.1229248046875,300.00384521484375,0,1038240,0.0
zero,3,1,6.0,t850,217.85513305664062,312.0284118652344,0,1038240,0.0
zero,3,1,6.0,t925,222.42501831054688,317.1992492675781,0,1038240,0.0
zero,3,1,6.0,t1000,225.74368286132812,322.233154296875,0,1038240,0.0
zero,3,1,6.0,q50,4.0225359043688513e-08,1.9511955997586483e-06,0,1038240,0.0
zero,3,1,6.0,q100,1.0800135896715801e-07,9.330646207672544e-06,0,1038240,0.0
zero,3,1,6.0,q150,6.372010830091313e-08,3.4251297620357946e-05,0,1038240,0.0
zero,3,1,6.0,q200,-2.2600506781600416e-06,0.00021032935183029622,7430,1038240,0.007156341501001695
zero,3,1,6.0,q250,-1.4107707102084532e-05,0.0006908549112267792,33336,1038240,0.032108183079056864
zero,3,1,6.0,q300,-2.6113033527508378e-05,0.0016040903283283114,11135,1038240,0.010724880567113577
zero,3,1,6.0,q400,-0.00011307830573059618,0.0044692386873066425,30081,1038240,0.028973069810448452
zero,3,1,6.0,q500,-0.00016424315981566906,0.007303062826395035,8712,1038240,0.00839112343966713
zero,3,1,6.0,q600,-0.0002337592886760831,0.009991299360990524,10765,1038240,0.010368508244721837
zero,3,1,6.0,q700,-0.0006407457403838634,0.013610556721687317,28070,1038240,0.0270361380798274
zero,3,1,6.0,q850,-0.0009649833664298058,0.018230805173516273,63996,1038240,0.061638927415626446
zero,3,1,6.0,q925,-0.001624805387109518,0.020304976031184196,67712,1038240,0.06521806133456619
zero,3,1,6.0,q1000,-0.0016579409129917622,0.024263590574264526,68408,1038240,0.06588842656803821
zero,3,2,12.0,u10m,-24.63167953491211,22.683988571166992,0,1038240,0.0
zero,3,2,12.0,v10m,-19.056657791137695,27.259506225585938,0,1038240,0.0
zero,3,2,12.0,u100m,-32.437835693359375,28.44456672668457,0,1038240,0.0
zero,3,2,12.0,v100m,-25.74309539794922,36.29791259765625,0,1038240,0.0
zero,3,2,12.0,t2m,205.36285400390625,321.945556640625,0,1038240,0.0
zero,3,2,12.0,sp,49203.0625,103868.3203125,0,1038240,0.0
zero,3,2,12.0,msl,93640.90625,104244.5703125,0,1038240,0.0
zero,3,2,12.0,tcwv,-5.963743209838867,77.52139282226562,73572,1038240,0.07086222838650023
zero,3,2,12.0,u50,-29.69406509399414,75.33419036865234,0,1038240,0.0
zero,3,2,12.0,u100,-39.417579650878906,64.45590209960938,0,1038240,0.0
zero,3,2,12.0,u150,-34.242095947265625,72.1448745727539,0,1038240,0.0
zero,3,2,12.0,u200,-44.21321105957031,89.13219451904297,0,1038240,0.0
zero,3,2,12.0,u250,-40.32534408569336,100.9635009765625,0,1038240,0.0
zero,3,2,12.0,u300,-40.87629699707031,91.8093032836914,0,1038240,0.0
zero,3,2,12.0,u400,-41.234535217285156,71.69613647460938,0,1038240,0.0
zero,3,2,12.0,u500,-36.49357986450195,56.88872528076172,0,1038240,0.0
zero,3,2,12.0,u600,-36.76103591918945,43.285003662109375,0,1038240,0.0
zero,3,2,12.0,u700,-38.5073356628418,39.211395263671875,0,1038240,0.0
zero,3,2,12.0,u850,-42.931495666503906,37.081966400146484,0,1038240,0.0
zero,3,2,12.0,u925,-41.2228889465332,34.475345611572266,0,1038240,0.0
zero,3,2,12.0,u1000,-24.141632080078125,22.374244689941406,0,1038240,0.0
zero,3,2,12.0,v50,-24.8616943359375,30.88040542602539,0,1038240,0.0
zero,3,2,12.0,v100,-28.49932861328125,35.016632080078125,0,1038240,0.0
zero,3,2,12.0,v150,-32.54144287109375,38.26191329956055,0,1038240,0.0
zero,3,2,12.0,v200,-46.50296401977539,51.424400329589844,0,1038240,0.0
zero,3,2,12.0,v250,-54.8858528137207,55.025062561035156,0,1038240,0.0
zero,3,2,12.0,v300,-51.806453704833984,62.73646545410156,0,1038240,0.0
zero,3,2,12.0,v400,-48.00126266479492,57.52073287963867,0,1038240,0.0
zero,3,2,12.0,v500,-43.181427001953125,46.25382995605469,0,1038240,0.0
zero,3,2,12.0,v600,-33.286712646484375,36.841548919677734,0,1038240,0.0
zero,3,2,12.0,v700,-27.727201461791992,34.439693450927734,0,1038240,0.0
zero,3,2,12.0,v850,-36.857513427734375,38.818878173828125,0,1038240,0.0
zero,3,2,12.0,v925,-32.10883331298828,36.67573547363281,0,1038240,0.0
zero,3,2,12.0,v1000,-19.76866912841797,28.057533264160156,0,1038240,0.0
zero,3,2,12.0,z50,178425.3125,208132.046875,0,1038240,0.0
zero,3,2,12.0,z100,140601.109375,165767.71875,0,1038240,0.0
zero,3,2,12.0,z150,117500.1875,142046.609375,0,1038240,0.0
zero,3,2,12.0,z200,100662.625,123892.1875,0,1038240,0.0
zero,3,2,12.0,z250,87341.2421875,109062.3203125,0,1038240,0.0
zero,3,2,12.0,z300,76238.71875,96355.875,0,1038240,0.0
zero,3,2,12.0,z400,58364.21875,75480.828125,0,1038240,0.0
zero,3,2,12.0,z500,44087.7578125,58903.60546875,0,1038240,0.0
zero,3,2,12.0,z600,31994.970703125,44796.171875,0,1038240,0.0
zero,3,2,12.0,z700,21556.119140625,32431.1171875,0,1038240,0.0
zero,3,2,12.0,z850,7360.654296875,16491.619140625,0,1038240,0.0
zero,3,2,12.0,z925,969.54541015625,9397.40625,0,1038240,0.0
zero,3,2,12.0,z1000,-5071.58935546875,3096.43701171875,0,1038240,0.0
zero,3,2,12.0,t50,180.73435974121094,234.05763244628906,0,1038240,0.0
zero,3,2,12.0,t100,186.34329223632812,235.4652557373047,0,1038240,0.0
zero,3,2,12.0,t150,188.22149658203125,238.62452697753906,0,1038240,0.0
zero,3,2,12.0,t200,191.9323272705078,241.485107421875,0,1038240,0.0
zero,3,2,12.0,t250,199.12103271484375,242.9459228515625,0,1038240,0.0
zero,3,2,12.0,t300,204.8271484375,251.21499633789062,0,1038240,0.0
zero,3,2,12.0,t400,214.71810913085938,265.0132141113281,0,1038240,0.0
zero,3,2,12.0,t500,223.65162658691406,276.45135498046875,0,1038240,0.0
zero,3,2,12.0,t600,217.67056274414062,290.3299865722656,0,1038240,0.0
zero,3,2,12.0,t700,214.6513671875,302.19256591796875,0,1038240,0.0
zero,3,2,12.0,t850,222.50567626953125,314.0937194824219,0,1038240,0.0
zero,3,2,12.0,t925,226.85049438476562,319.78216552734375,0,1038240,0.0
zero,3,2,12.0,t1000,230.6319580078125,324.8677673339844,0,1038240,0.0
zero,3,2,12.0,q50,8.485653779644053e-08,1.959241217264207e-06,0,1038240,0.0
zero,3,2,12.0,q100,2.667875378392637e-07,8.742030331632122e-06,0,1038240,0.0
zero,3,2,12.0,q150,3.6976962292101234e-07,3.52549395756796e-05,0,1038240,0.0
zero,3,2,12.0,q200,-2.756447429419495e-06,0.00020802393555641174,9652,1038240,0.009296501772229928
zero,3,2,12.0,q250,-9.911320375977084e-06,0.0007063564844429493,38349,1038240,0.03693654646324549
zero,3,2,12.0,q300,-1.2277188943699002e-05,0.00153423473238945,19211,1038240,0.018503428879642472
zero,3,2,12.0,q400,-7.395376451313496e-05,0.004148497711867094,48370,1038240,0.04658845738942826
zero,3,2,12.0,q500,-0.0001120157539844513,0.006989193614572287,25526,1038240,0.024585837571274465
zero,3,2,12.0,q600,-0.0002304170047864318,0.010147817432880402,20414,1038240,0.019662120511635076
zero,3,2,12.0,q700,-0.0006534510757774115,0.013357657939195633,54619,1038240,0.05260729696409308
zero,3,2,12.0,q850,-0.0012465603649616241,0.017900627106428146,70587,1038240,0.06798717059639389
zero,3,2,12.0,q925,-0.0015205289237201214,0.020125605165958405,73388,1038240,0.07068500539374326
zero,3,2,12.0,q1000,-0.0017796200700104237,0.02522667497396469,73094,1038240,0.07040183387270765
zero,3,3,18.0,u10m,-22.75889778137207,20.836395263671875,0,1038240,0.0
zero,3,3,18.0,v10m,-19.845441818237305,26.773466110229492,0,1038240,0.0
zero,3,3,18.0,u100m,-29.590038299560547,25.75139045715332,0,1038240,0.0
zero,3,3,18.0,v100m,-25.642412185668945,36.57195281982422,0,1038240,0.0
zero,3,3,18.0,t2m,206.3167724609375,320.8795166015625,0,1038240,0.0
zero,3,3,18.0,sp,49166.3671875,103798.109375,0,1038240,0.0
zero,3,3,18.0,msl,93883.8125,103938.9140625,0,1038240,0.0
zero,3,3,18.0,tcwv,-5.101558685302734,77.45545959472656,73572,1038240,0.07086222838650023
zero,3,3,18.0,u50,-29.240447998046875,76.20945739746094,0,1038240,0.0
zero,3,3,18.0,u100,-37.244102478027344,65.86787414550781,0,1038240,0.0
zero,3,3,18.0,u150,-32.91249084472656,74.45291137695312,0,1038240,0.0
zero,3,3,18.0,u200,-40.92115020751953,86.29351043701172,0,1038240,0.0
zero,3,3,18.0,u250,-37.48995590209961,101.04899597167969,0,1038240,0.0
zero,3,3,18.0,u300,-39.115543365478516,97.71902465820312,0,1038240,0.0
zero,3,3,18.0,u400,-37.67832946777344,71.58952331542969,0,1038240,0.0
zero,3,3,18.0,u500,-34.5335578918457,58.22721862792969,0,1038240,0.0
zero,3,3,18.0,u600,-32.902992248535156,45.48898696899414,0,1038240,0.0
zero,3,3,18.0,u700,-34.03733825683594,39.04045867919922,0,1038240,0.0
zero,3,3,18.0,u850,-36.35478973388672,35.62174606323242,0,1038240,0.0
zero,3,3,18.0,u925,-36.856231689453125,32.01686477661133,0,1038240,0.0
zero,3,3,18.0,u1000,-22.246217727661133,21.52625846862793,0,1038240,0.0
zero,3,3,18.0,v50,-23.21405601501465,29.55408477783203,0,1038240,0.0
zero,3,3,18.0,v100,-26.698583602905273,33.70105743408203,0,1038240,0.0
zero,3,3,18.0,v150,-29.464670181274414,36.502464294433594,0,1038240,0.0
zero,3,3,18.0,v200,-45.37077713012695,54.95509719848633,0,1038240,0.0
zero,3,3,18.0,v250,-57.1181526184082,62.68858337402344,0,1038240,0.0
zero,3,3,18.0,v300,-52.77499008178711,59.16200256347656,0,1038240,0.0
zero,3,3,18.0,v400,-44.96057891845703,52.57611846923828,0,1038240,0.0
zero,3,3,18.0,v500,-42.510108947753906,43.3453483581543,0,1038240,0.0
zero,3,3,18.0,v600,-33.117759704589844,36.51829528808594,0,1038240,0.0
zero,3,3,18.0,v700,-27.336721420288086,34.29627227783203,0,1038240,0.0
zero,3,3,18.0,v850,-32.71282958984375,37.79958724975586,0,1038240,0.0
zero,3,3,18.0,v925,-31.23782730102539,37.620487213134766,0,1038240,0.0
zero,3,3,18.0,v1000,-20.67019271850586,27.404064178466797,0,1038240,0.0
zero,3,3,18.0,z50,178364.59375,208026.84375,0,1038240,0.0
zero,3,3,18.0,z100,140505.75,165755.703125,0,1038240,0.0
zero,3,3,18.0,z150,117417.9765625,142009.5,0,1038240,0.0
zero,3,3,18.0,z200,100615.4921875,123871.2265625,0,1038240,0.0
zero,3,3,18.0,z250,87318.046875,109031.84375,0,1038240,0.0
zero,3,3,18.0,z300,76233.15625,96387.7421875,0,1038240,0.0
zero,3,3,18.0,z400,58392.1640625,75614.703125,0,1038240,0.0
zero,3,3,18.0,z500,44144.34375,58856.78125,0,1038240,0.0
zero,3,3,18.0,z600,32108.4609375,44696.90234375,0,1038240,0.0
zero,3,3,18.0,z700,21648.76171875,32401.078125,0,1038240,0.0
zero,3,3,18.0,z850,7493.36572265625,16458.3828125,0,1038240,0.0
zero,3,3,18.0,z925,1167.32470703125,9416.931640625,0,1038240,0.0
zero,3,3,18.0,z1000,-4780.74169921875,3016.40234375,0,1038240,0.0
zero,3,3,18.0,t50,180.44265747070312,234.35751342773438,0,1038240,0.0
zero,3,3,18.0,t100,186.37977600097656,235.3859100341797,0,1038240,0.0
zero,3,3,18.0,t150,188.81300354003906,239.08558654785156,0,1038240,0.0
zero,3,3,18.0,t200,192.62982177734375,241.7964324951172,0,1038240,0.0
zero,3,3,18.0,t250,199.32684326171875,242.4601287841797,0,1038240,0.0
zero,3,3,18.0,t300,204.73536682128906,250.66036987304688,0,1038240,0.0
zero,3,3,18.0,t400,214.79324340820312,264.7555236816406,0,1038240,0.0
zero,3,3,18.0,t500,223.2855682373047,276.767578125,0,1038240,0.0
zero,3,3,18.0,t600,216.60836791992188,288.46844482421875,0,1038240,0.0
zero,3,3,18.0,t700,215.436767578125,299.6343994140625,0,1038240,0.0
zero,3,3,18.0,t850,223.75790405273438,310.33349609375,0,1038240,0.0
zero,3,3,18.0,t925,227.81832885742188,316.83099365234375,0,1038240,0.0
zero,3,3,18.0,t1000,231.50430297851562,321.9698791503906,0,1038240,0.0
zero,3,3,18.0,q50,1.2880468602816109e-07,1.9686690393427853e-06,0,1038240,0.0
zero,3,3,18.0,q100,3.991415269410936e-07,8.172139132511802e-06,0,1038240,0.0
zero,3,3,18.0,q150,3.3531705412315205e-07,3.6804962292080745e-05,0,1038240,0.0
zero,3,3,18.0,q200,-1.6774611140135676e-06,0.0002112554939230904,5729,1038240,0.005517991986438589
zero,3,3,18.0,q250,-1.5080837329151109e-05,0.0006485458579845726,34104,1038240,0.03284789644012945
zero,3,3,18.0,q300,-1.5704077668488026e-05,0.0015144519275054336,28133,1038240,0.027096817691477884
zero,3,3,18.0,q400,-7.630229811184108e-05,0.004055245313793421,56813,1038240,0.05472048851903221
zero,3,3,18.0,q500,-0.0001225915621034801,0.006949522998183966,40876,1038240,0.03937047310833718
zero,3,3,18.0,q600,-0.00031697750091552734,0.009602718986570835,35743,1038240,0.034426529511480966
zero,3,3,18.0,q700,-0.000734423054382205,0.013106845319271088,60746,1038240,0.05850862998921252
zero,3,3,18.0,q850,-0.001195005141198635,0.018031185492873192,72769,1038240,0.07008880413006627
zero,3,3,18.0,q925,-0.0014863749966025352,0.01987578347325325,75193,1038240,0.07242352442595161
zero,3,3,18.0,q1000,-0.0015490413643419743,0.024602830410003662,73760,1038240,0.07104330405301279
zero,3,4,24.0,u10m,-20.917194366455078,25.45136833190918,0,1038240,0.0
zero,3,4,24.0,v10m,-19.721416473388672,25.55338478088379,0,1038240,0.0
zero,3,4,24.0,u100m,-27.972076416015625,32.5674934387207,0,1038240,0.0
zero,3,4,24.0,v100m,-26.21065902709961,34.56995391845703,0,1038240,0.0
zero,3,4,24.0,t2m,205.80441284179688,319.51104736328125,0,1038240,0.0
zero,3,4,24.0,sp,49046.63671875,103879.9375,0,1038240,0.0
zero,3,4,24.0,msl,93893.953125,103863.3515625,0,1038240,0.0
zero,3,4,24.0,tcwv,-4.607563018798828,75.87976837158203,72313,1038240,0.06964959932192942
zero,3,4,24.0,u50,-29.716625213623047,77.6054458618164,0,1038240,0.0
zero,3,4,24.0,u100,-37.615013122558594,65.92705535888672,0,1038240,0.0
zero,3,4,24.0,u150,-31.637746810913086,73.64391326904297,0,1038240,0.0
zero,3,4,24.0,u200,-37.446144104003906,85.67019653320312,0,1038240,0.0
zero,3,4,24.0,u250,-36.50111770629883,96.27857971191406,0,1038240,0.0
zero,3,4,24.0,u300,-38.976383209228516,93.82947540283203,0,1038240,0.0
zero,3,4,24.0,u400,-35.79047393798828,72.43921661376953,0,1038240,0.0
zero,3,4,24.0,u500,-30.368812561035156,62.87274932861328,0,1038240,0.0
zero,3,4,24.0,u600,-30.034753799438477,51.09969711303711,0,1038240,0.0
zero,3,4,24.0,u700,-31.62246322631836,41.607696533203125,0,1038240,0.0
zero,3,4,24.0,u850,-36.18781280517578,35.333248138427734,0,1038240,0.0
zero,3,4,24.0,u925,-34.67414093017578,35.86801528930664,0,1038240,0.0
zero,3,4,24.0,u1000,-20.431760787963867,25.139568328857422,0,1038240,0.0
zero,3,4,24.0,v50,-22.934934616088867,29.34223175048828,0,1038240,0.0
zero,3,4,24.0,v100,-25.026094436645508,32.71303176879883,0,1038240,0.0
zero,3,4,24.0,v150,-29.512609481811523,34.76947784423828,0,1038240,0.0
zero,3,4,24.0,v200,-42.445064544677734,53.335357666015625,0,1038240,0.0
zero,3,4,24.0,v250,-55.13445281982422,63.16233825683594,0,1038240,0.0
zero,3,4,24.0,v300,-54.23842239379883,60.661895751953125,0,1038240,0.0
zero,3,4,24.0,v400,-38.77946090698242,53.00190734863281,0,1038240,0.0
zero,3,4,24.0,v500,-36.5388298034668,46.0913200378418,0,1038240,0.0
zero,3,4,24.0,v600,-33.31260681152344,36.933876037597656,0,1038240,0.0
zero,3,4,24.0,v700,-29.956241607666016,32.057132720947266,0,1038240,0.0
zero,3,4,24.0,v850,-36.65741729736328,38.78407287597656,0,1038240,0.0
zero,3,4,24.0,v925,-32.073265075683594,36.681880950927734,0,1038240,0.0
zero,3,4,24.0,v1000,-20.378957748413086,26.2869815826416,0,1038240,0.0
zero,3,4,24.0,z50,178282.921875,208038.75,0,1038240,0.0
zero,3,4,24.0,z100,140450.34375,165511.640625,0,1038240,0.0
zero,3,4,24.0,z150,117386.8125,141741.390625,0,1038240,0.0
zero,3,4,24.0,z200,100595.2578125,123627.8203125,0,1038240,0.0
zero,3,4,24.0,z250,87301.546875,108931.859375,0,1038240,0.0
zero,3,4,24.0,z300,76199.046875,96398.125,0,1038240,0.0
zero,3,4,24.0,z400,58367.57421875,75583.09375,0,1038240,0.0
zero,3,4,24.0,z500,44144.39453125,58800.78125,0,1038240,0.0
zero,3,4,24.0,z600,32159.912109375,44669.2734375,0,1038240,0.0
zero,3,4,24.0,z700,21596.25,32390.37109375,0,1038240,0.0
zero,3,4,24.0,z850,7355.69189453125,16492.4609375,0,1038240,0.0
zero,3,4,24.0,z925,1074.4677734375,9512.21484375,0,1038240,0.0
zero,3,4,24.0,z1000,-4791.412109375,3068.01806640625,0,1038240,0.0
zero,3,4,24.0,t50,180.0303192138672,234.6508026123047,0,1038240,0.0
zero,3,4,24.0,t100,186.5146484375,235.38568115234375,0,1038240,0.0
zero,3,4,24.0,t150,188.56765747070312,239.3572235107422,0,1038240,0.0
zero,3,4,24.0,t200,192.23849487304688,241.90878295898438,0,1038240,0.0
zero,3,4,24.0,t250,199.6746826171875,242.63880920410156,0,1038240,0.0
zero,3,4,24.0,t300,204.74929809570312,250.16761779785156,0,1038240,0.0
zero,3,4,24.0,t400,214.6383056640625,264.619384765625,0,1038240,0.0
zero,3,4,24.0,t500,222.8271484375,276.62127685546875,0,1038240,0.0
zero,3,4,24.0,t600,217.0934295654297,286.6383361816406,0,1038240,0.0
zero,3,4,24.0,t700,215.74066162109375,295.4066467285156,0,1038240,0.0
zero,3,4,24.0,t850,224.3338623046875,308.165283203125,0,1038240,0.0
zero,3,4,24.0,t925,228.18467712402344,313.81573486328125,0,1038240,0.0
zero,3,4,24.0,t1000,231.87257385253906,318.2935485839844,0,1038240,0.0
zero,3,4,24.0,q50,1.697510469966801e-07,1.9753165361180436e-06,0,1038240,0.0
zero,3,4,24.0,q100,4.764326604345115e-07,7.67300934967352e-06,0,1038240,0.0
zero,3,4,24.0,q150,-5.803758540423587e-08,3.535357245709747e-05,3,1038240,2.889505316689783e-06
zero,3,4,24.0,q200,-1.429141775588505e-06,0.00019477208843454719,4921,1038240,0.00473975188781014
zero,3,4,24.0,q250,-1.2783562851836905e-05,0.0006223827367648482,40805,1038240,0.039302088149175525
zero,3,4,24.0,q300,-1.8117454601451755e-05,0.0014741343911737204,31123,1038240,0.0299766913237787
zero,3,4,24.0,q400,-6.268353899940848e-05,0.004100874066352844,53525,1038240,0.05155359069194021
zero,3,4,24.0,q500,-0.00012134184362366796,0.00690223416313529,44515,1038240,0.04287544305748189
zero,3,4,24.0,q600,-0.00025674502830952406,0.009479974396526814,43285,1038240,0.04169074587763908
zero,3,4,24.0,q700,-0.0006537095177918673,0.013035442680120468,59704,1038240,0.05750500847588226
zero,3,4,24.0,q850,-0.0010119020007550716,0.018072044476866722,72156,1038240,0.06949838187702265
zero,3,4,24.0,q925,-0.0012711919844150543,0.019603118300437927,74829,1038240,0.07207293111419324
zero,3,4,24.0,q1000,-0.001388773787766695,0.02463974803686142,72898,1038240,0.07021305285868393
zero,3,5,30.0,u10m,-21.71149444580078,27.016817092895508,0,1038240,0.0
zero,3,5,30.0,v10m,-19.779186248779297,24.1138858795166,0,1038240,0.0
zero,3,5,30.0,u100m,-29.05400276184082,34.12095642089844,0,1038240,0.0
zero,3,5,30.0,v100m,-26.066762924194336,32.99931335449219,0,1038240,0.0
zero,3,5,30.0,t2m,205.74844360351562,316.18450927734375,0,1038240,0.0
zero,3,5,30.0,sp,49072.515625,103788.28125,0,1038240,0.0
zero,3,5,30.0,msl,93969.5625,103797.0859375,0,1038240,0.0
zero,3,5,30.0,tcwv,-4.130058288574219,75.21121978759766,70733,1038240,0.0681277931884728
zero,3,5,30.0,u50,-30.319225311279297,77.09723663330078,0,1038240,0.0
zero,3,5,30.0,u100,-38.03550338745117,68.66584777832031,0,1038240,0.0
zero,3,5,30.0,u150,-30.393064498901367,73.16688537597656,0,1038240,0.0
zero,3,5,30.0,u200,-37.570594787597656,85.42444610595703,0,1038240,0.0
zero,3,5,30.0,u250,-33.46573257446289,93.52374267578125,0,1038240,0.0
zero,3,5,30.0,u300,-37.42467498779297,91.71481323242188,0,1038240,0.0
zero,3,5,30.0,u400,-34.37147521972656,75.02721405029297,0,1038240,0.0
zero,3,5,30.0,u500,-30.877262115478516,60.9599494934082,0,1038240,0.0
zero,3,5,30.0,u600,-29.28685188293457,49.4787712097168,0,1038240,0.0
zero,3,5,30.0,u700,-35.627994537353516,40.05741882324219,0,1038240,0.0
zero,3,5,30.0,u850,-38.30747604370117,39.31468963623047,0,1038240,0.0
zero,3,5,30.0,u925,-35.180747985839844,36.404178619384766,0,1038240,0.0
zero,3,5,30.0,u1000,-21.658950805664062,26.452539443969727,0,1038240,0.0
zero,3,5,30.0,v50,-23.59062957763672,27.967533111572266,0,1038240,0.0
zero,3,5,30.0,v100,-21.95770835876465,31.379308700561523,0,1038240,0.0
zero,3,5,30.0,v150,-28.411693572998047,33.08298873901367,0,1038240,0.0
zero,3,5,30.0,v200,-42.47712326049805,51.72807312011719,0,1038240,0.0
zero,3,5,30.0,v250,-54.371971130371094,63.67271423339844,0,1038240,0.0
zero,3,5,30.0,v300,-53.51603698730469,66.13902282714844,0,1038240,0.0
zero,3,5,30.0,v400,-39.70134735107422,56.45737838745117,0,1038240,0.0
zero,3,5,30.0,v500,-37.28642654418945,48.50705337524414,0,1038240,0.0
zero,3,5,30.0,v600,-33.24876403808594,39.388301849365234,0,1038240,0.0
zero,3,5,30.0,v700,-28.799392700195312,32.52214431762695,0,1038240,0.0
zero,3,5,30.0,v850,-36.25537109375,38.75423812866211,0,1038240,0.0
zero,3,5,30.0,v925,-30.859251022338867,31.939714431762695,0,1038240,0.0
zero,3,5,30.0,v1000,-20.341773986816406,24.565027236938477,0,1038240,0.0
zero,3,5,30.0,z50,178072.78125,208175.96875,0,1038240,0.0
zero,3,5,30.0,z100,140335.25,165621.3125,0,1038240,0.0
zero,3,5,30.0,z150,117312.875,141766.09375,0,1038240,0.0
zero,3,5,30.0,z200,100544.890625,123667.1875,0,1038240,0.0
zero,3,5,30.0,z250,87257.8828125,108939.84375,0,1038240,0.0
zero,3,5,30.0,z300,76183.3125,96394.453125,0,1038240,0.0
zero,3,5,30.0,z400,58362.3828125,75591.9765625,0,1038240,0.0
zero,3,5,30.0,z500,44137.60546875,58647.421875,0,1038240,0.0
zero,3,5,30.0,z600,31988.392578125,44514.7734375,0,1038240,0.0
zero,3,5,30.0,z700,21274.240234375,32219.62109375,0,1038240,0.0
zero,3,5,30.0,z850,7283.6142578125,16517.9140625,0,1038240,0.0
zero,3,5,30.0,z925,1122.7177734375,9523.12890625,0,1038240,0.0
zero,3,5,30.0,z1000,-4677.46142578125,3027.6923828125,0,1038240,0.0
zero,3,5,30.0,t50,179.8109588623047,234.92864990234375,0,1038240,0.0
zero,3,5,30.0,t100,186.2783660888672,235.23265075683594,0,1038240,0.0
zero,3,5,30.0,t150,189.11053466796875,240.01864624023438,0,1038240,0.0
zero,3,5,30.0,t200,192.11367797851562,242.1234893798828,0,1038240,0.0
zero,3,5,30.0,t250,199.81578063964844,242.5130157470703,0,1038240,0.0
zero,3,5,30.0,t300,204.80889892578125,250.23452758789062,0,1038240,0.0
zero,3,5,30.0,t400,214.09217834472656,264.1508483886719,0,1038240,0.0
zero,3,5,30.0,t500,222.83909606933594,276.0257568359375,0,1038240,0.0
zero,3,5,30.0,t600,216.96939086914062,289.0409851074219,0,1038240,0.0
zero,3,5,30.0,t700,215.1461639404297,300.839599609375,0,1038240,0.0
zero,3,5,30.0,t850,223.910888671875,312.13201904296875,0,1038240,0.0
zero,3,5,30.0,t925,227.73651123046875,317.29022216796875,0,1038240,0.0
zero,3,5,30.0,t1000,231.31365966796875,322.4418640136719,0,1038240,0.0
zero,3,5,30.0,q50,2.115789357048925e-07,1.982776211661985e-06,0,1038240,0.0
zero,3,5,30.0,q100,5.700976544176228e-07,7.222646217996953e-06,0,1038240,0.0
zero,3,5,30.0,q150,-4.4267926568863913e-07,3.5022592783207074e-05,63,1038240,6.0679611650485434e-05
zero,3,5,30.0,q200,-2.2192452888702974e-06,0.0002028890303336084,7397,1038240,0.007124556942518108
zero,3,5,30.0,q250,-1.5604204236296937e-05,0.0006366627640090883,32131,1038240,0.03094756511018647
zero,3,5,30.0,q300,-2.065078297164291e-05,0.0015164284268394113,28539,1038240,0.027487864077669903
zero,3,5,30.0,q400,-6.835826206952333e-05,0.004192057065665722,50365,1038240,0.04850997842502697
zero,3,5,30.0,q500,-0.00011361984070390463,0.007218089420348406,40712,1038240,0.03921251348435814
zero,3,5,30.0,q600,-0.00029274309054017067,0.010798525996506214,44128,1038240,0.04250269687162891
zero,3,5,30.0,q700,-0.0005520053673535585,0.013304576277732849,61849,1038240,0.05957100477731546
zero,3,5,30.0,q850,-0.000838790088891983,0.017994707450270653,70108,1038240,0.06752581291416243
zero,3,5,30.0,q925,-0.0010583591647446156,0.020056303590536118,72473,1038240,0.06980370627215288
zero,3,5,30.0,q1000,-0.0011323303915560246,0.023933596909046173,71211,1038240,0.06858818770226537
zero,3,6,36.0,u10m,-22.132970809936523,23.299482345581055,0,1038240,0.0
zero,3,6,36.0,v10m,-19.48523712158203,22.847206115722656,0,1038240,0.0
zero,3,6,36.0,u100m,-29.32468032836914,29.09923553466797,0,1038240,0.0
zero,3,6,36.0,v100m,-25.404306411743164,31.7803955078125,0,1038240,0.0
zero,3,6,36.0,t2m,204.12667846679688,322.08502197265625,0,1038240,0.0
zero,3,6,36.0,sp,49000.6484375,103833.609375,0,1038240,0.0
zero,3,6,36.0,msl,94192.6875,103783.0,0,1038240,0.0
zero,3,6,36.0,tcwv,-3.719867706298828,75.5044937133789,67034,1038240,0.0645650331329943
zero,3,6,36.0,u50,-27.42876434326172,75.8682632446289,0,1038240,0.0
zero,3,6,36.0,u100,-37.70653533935547,67.94447326660156,0,1038240,0.0
zero,3,6,36.0,u150,-31.963117599487305,71.17867279052734,0,1038240,0.0
zero,3,6,36.0,u200,-37.26325225830078,83.00004577636719,0,1038240,0.0
zero,3,6,36.0,u250,-34.47074508666992,90.77217102050781,0,1038240,0.0
zero,3,6,36.0,u300,-31.747379302978516,86.57569122314453,0,1038240,0.0
zero,3,6,36.0,u400,-28.24733543395996,73.01483154296875,0,1038240,0.0
zero,3,6,36.0,u500,-27.763275146484375,59.6470832824707,0,1038240,0.0
zero,3,6,36.0,u600,-29.986486434936523,48.4382438659668,0,1038240,0.0
zero,3,6,36.0,u700,-37.37109375,40.95806884765625,0,1038240,0.0
zero,3,6,36.0,u850,-37.854408264160156,36.43061447143555,0,1038240,0.0
zero,3,6,36.0,u925,-35.07291030883789,31.023197174072266,0,1038240,0.0
zero,3,6,36.0,u1000,-21.839340209960938,23.246950149536133,0,1038240,0.0
zero,3,6,36.0,v50,-25.393430709838867,27.560331344604492,0,1038240,0.0
zero,3,6,36.0,v100,-21.453378677368164,29.022310256958008,0,1038240,0.0
zero,3,6,36.0,v150,-29.067523956298828,32.701419830322266,0,1038240,0.0
zero,3,6,36.0,v200,-40.6501579284668,47.994998931884766,0,1038240,0.0
zero,3,6,36.0,v250,-50.556121826171875,54.300750732421875,0,1038240,0.0
zero,3,6,36.0,v300,-54.707645416259766,53.91728591918945,0,1038240,0.0
zero,3,6,36.0,v400,-45.78324508666992,53.82649230957031,0,1038240,0.0
zero,3,6,36.0,v500,-37.62321090698242,45.88722610473633,0,1038240,0.0
zero,3,6,36.0,v600,-30.042675018310547,38.60389709472656,0,1038240,0.0
zero,3,6,36.0,v700,-26.067346572875977,31.22124481201172,0,1038240,0.0
zero,3,6,36.0,v850,-32.5027961730957,37.788414001464844,0,1038240,0.0
zero,3,6,36.0,v925,-31.155445098876953,31.004680633544922,0,1038240,0.0
zero,3,6,36.0,v1000,-20.4096736907959,23.545185089111328,0,1038240,0.0
zero,3,6,36.0,z50,177778.078125,208346.4375,0,1038240,0.0
zero,3,6,36.0,z100,140343.4375,165804.75,0,1038240,0.0
zero,3,6,36.0,z150,117383.15625,141954.921875,0,1038240,0.0
zero,3,6,36.0,z200,100662.9375,123788.8125,0,1038240,0.0
zero,3,6,36.0,z250,87421.1953125,108870.7109375,0,1038240,0.0
zero,3,6,36.0,z300,76357.9609375,96253.5859375,0,1038240,0.0
zero,3,6,36.0,z400,58530.4140625,75455.671875,0,1038240,0.0
zero,3,6,36.0,z500,44135.0078125,58723.75,0,1038240,0.0
zero,3,6,36.0,z600,31880.859375,44603.3828125,0,1038240,0.0
zero,3,6,36.0,z700,21234.38671875,32268.96875,0,1038240,0.0
zero,3,6,36.0,z850,7409.6572265625,16569.791015625,0,1038240,0.0
zero,3,6,36.0,z925,1300.3046875,9576.146484375,0,1038240,0.0
zero,3,6,36.0,z1000,-4471.5390625,3087.31396484375,0,1038240,0.0
zero,3,6,36.0,t50,179.49038696289062,235.19728088378906,0,1038240,0.0
zero,3,6,36.0,t100,185.99537658691406,235.69029235839844,0,1038240,0.0
zero,3,6,36.0,t150,189.07444763183594,240.2223663330078,0,1038240,0.0
zero,3,6,36.0,t200,192.00888061523438,241.98191833496094,0,1038240,0.0
zero,3,6,36.0,t250,200.2344207763672,242.7882537841797,0,1038240,0.0
zero,3,6,36.0,t300,204.64405822753906,251.33343505859375,0,1038240,0.0
zero,3,6,36.0,t400,213.6080780029297,265.4929504394531,0,1038240,0.0
zero,3,6,36.0,t500,222.52633666992188,276.8248291015625,0,1038240,0.0
zero,3,6,36.0,t600,217.43362426757812,291.0350036621094,0,1038240,0.0
zero,3,6,36.0,t700,215.04237365722656,303.3629455566406,0,1038240,0.0
zero,3,6,36.0,t850,223.51712036132812,313.70947265625,0,1038240,0.0
zero,3,6,36.0,t925,227.426025390625,318.6377868652344,0,1038240,0.0
zero,3,6,36.0,t1000,231.00607299804688,323.59063720703125,0,1038240,0.0
zero,3,6,36.0,q50,2.488977770553902e-07,1.9891083411494037e-06,0,1038240,0.0
zero,3,6,36.0,q100,6.479251624114113e-07,6.820849648647709e-06,0,1038240,0.0
zero,3,6,36.0,q150,1.771804818417877e-07,3.9006885344861075e-05,0,1038240,0.0
zero,3,6,36.0,q200,-3.7297304515959695e-06,0.00021334897610358894,11502,1038240,0.011078363384188626
zero,3,6,36.0,q250,-1.3802749890601262e-05,0.0006453224341385067,30906,1038240,0.02976768377253814
zero,3,6,36.0,q300,-1.6538790077902377e-05,0.0014782900689169765,27401,1038240,0.02639177839420558
zero,3,6,36.0,q400,-5.644679185934365e-05,0.003988725133240223,48969,1038240,0.047165395284327324
zero,3,6,36.0,q500,-0.00010134920012205839,0.007915443740785122,36907,1038240,0.0355476575743566
zero,3,6,36.0,q600,-0.00021642097271978855,0.009869061410427094,42271,1038240,0.04071409308059794
zero,3,6,36.0,q700,-0.00048431288450956345,0.012852009385824203,56809,1038240,0.05471663584527662
zero,3,6,36.0,q850,-0.0006326688453555107,0.018176821991801262,65809,1038240,0.06338515179534597
zero,3,6,36.0,q925,-0.0007958114147186279,0.020159905776381493,67537,1038240,0.06504950685775929
zero,3,6,36.0,q1000,-0.0009281770326197147,0.02565820701420307,67190,1038240,0.06471528740946217
zero,3,7,42.0,u10m,-21.94186782836914,18.602632522583008,0,1038240,0.0
zero,3,7,42.0,v10m,-20.331466674804688,23.66864013671875,0,1038240,0.0
zero,3,7,42.0,u100m,-28.438690185546875,24.115659713745117,0,1038240,0.0
zero,3,7,42.0,v100m,-27.385011672973633,32.626800537109375,0,1038240,0.0
zero,3,7,42.0,t2m,202.6654052734375,321.0466613769531,0,1038240,0.0
zero,3,7,42.0,sp,49104.9453125,103867.8359375,0,1038240,0.0
zero,3,7,42.0,msl,94657.578125,103827.1640625,0,1038240,0.0
zero,3,7,42.0,tcwv,-2.7529525756835938,76.8407974243164,61226,1038240,0.05897095083988288
zero,3,7,42.0,u50,-27.991546630859375,75.67066955566406,0,1038240,0.0
zero,3,7,42.0,u100,-33.94633483886719,67.02249145507812,0,1038240,0.0
zero,3,7,42.0,u150,-30.924333572387695,70.41038513183594,0,1038240,0.0
zero,3,7,42.0,u200,-37.868141174316406,81.59500885009766,0,1038240,0.0
zero,3,7,42.0,u250,-35.897396087646484,87.04409790039062,0,1038240,0.0
zero,3,7,42.0,u300,-32.44971466064453,85.19685363769531,0,1038240,0.0
zero,3,7,42.0,u400,-24.49724769592285,69.9443588256836,0,1038240,0.0
zero,3,7,42.0,u500,-26.782005310058594,59.724143981933594,0,1038240,0.0
zero,3,7,42.0,u600,-32.80142593383789,48.802879333496094,0,1038240,0.0
zero,3,7,42.0,u700,-39.57291793823242,40.73200988769531,0,1038240,0.0
zero,3,7,42.0,u850,-37.376182556152344,35.4329948425293,0,1038240,0.0
zero,3,7,42.0,u925,-36.297088623046875,30.60029411315918,0,1038240,0.0
zero,3,7,42.0,u1000,-21.960790634155273,20.86015510559082,0,1038240,0.0
zero,3,7,42.0,v50,-26.43909454345703,25.861984252929688,0,1038240,0.0
zero,3,7,42.0,v100,-21.727130889892578,25.755308151245117,0,1038240,0.0
zero,3,7,42.0,v150,-28.530241012573242,32.38082504272461,0,1038240,0.0
zero,3,7,42.0,v200,-40.27671432495117,47.69972610473633,0,1038240,0.0
zero,3,7,42.0,v250,-53.14247512817383,52.617958068847656,0,1038240,0.0
zero,3,7,42.0,v300,-58.94460678100586,54.78640365600586,0,1038240,0.0
zero,3,7,42.0,v400,-54.89338302612305,55.89350509643555,0,1038240,0.0
zero,3,7,42.0,v500,-39.772586822509766,48.720802307128906,0,1038240,0.0
zero,3,7,42.0,v600,-28.111618041992188,39.707157135009766,0,1038240,0.0
zero,3,7,42.0,v700,-24.591896057128906,32.660614013671875,0,1038240,0.0
zero,3,7,42.0,v850,-33.96984100341797,35.9310188293457,0,1038240,0.0
zero,3,7,42.0,v925,-34.299583435058594,31.039478302001953,0,1038240,0.0
zero,3,7,42.0,v1000,-20.53017234802246,24.38636589050293,0,1038240,0.0
zero,3,7,42.0,z50,177525.890625,208246.796875,0,1038240,0.0
zero,3,7,42.0,z100,140318.140625,165771.984375,0,1038240,0.0
zero,3,7,42.0,z150,117450.734375,141869.1875,0,1038240,0.0
zero,3,7,42.0,z200,100796.1328125,123717.921875,0,1038240,0.0
zero,3,7,42.0,z250,87601.25,108900.8046875,0,1038240,0.0
zero,3,7,42.0,z300,76563.2578125,96392.96875,0,1038240,0.0
zero,3,7,42.0,z400,58697.03515625,75591.921875,0,1038240,0.0
zero,3,7,42.0,z500,44249.8984375,58723.9921875,0,1038240,0.0
zero,3,7,42.0,z600,32054.51171875,44522.4375,0,1038240,0.0
zero,3,7,42.0,z700,21463.6875,32293.25390625,0,1038240,0.0
zero,3,7,42.0,z850,7726.7490234375,16584.3203125,0,1038240,0.0
zero,3,7,42.0,z925,1646.13818359375,9590.3154296875,0,1038240,0.0
zero,3,7,42.0,z1000,-4094.07080078125,3115.46875,0,1038240,0.0
zero,3,7,42.0,t50,179.8211669921875,235.57220458984375,0,1038240,0.0
zero,3,7,42.0,t100,186.2761993408203,235.93264770507812,0,1038240,0.0
zero,3,7,42.0,t150,189.25692749023438,241.1226806640625,0,1038240,0.0
zero,3,7,42.0,t200,192.1251983642578,242.03634643554688,0,1038240,0.0
zero,3,7,42.0,t250,199.79345703125,243.1295166015625,0,1038240,0.0
zero,3,7,42.0,t300,204.8927764892578,249.8478240966797,0,1038240,0.0
zero,3,7,42.0,t400,213.84954833984375,264.4804992675781,0,1038240,0.0
zero,3,7,42.0,t500,221.8052978515625,275.6808776855469,0,1038240,0.0
zero,3,7,42.0,t600,215.56936645507812,288.592529296875,0,1038240,0.0
zero,3,7,42.0,t700,214.48211669921875,299.1353759765625,0,1038240,0.0
zero,3,7,42.0,t850,224.8916778564453,310.1998291015625,0,1038240,0.0
zero,3,7,42.0,t925,228.67637634277344,315.9730224609375,0,1038240,0.0
zero,3,7,42.0,t1000,232.42929077148438,321.0892639160156,0,1038240,0.0
zero,3,7,42.0,q50,2.8405133889464196e-07,1.997025492528337e-06,0,1038240,0.0
zero,3,7,42.0,q100,7.093042313499609e-07,6.409571142285131e-06,0,1038240,0.0
zero,3,7,42.0,q150,3.8281723391264677e-07,3.8054098695283756e-05,0,1038240,0.0
zero,3,7,42.0,q200,-4.057323167216964e-06,0.0002128596097463742,12675,1038240,0.012208159963014331
zero,3,7,42.0,q250,-1.370908648823388e-05,0.0006464270991273224,26005,1038240,0.025047195253505933
zero,3,7,42.0,q300,-2.1027139155194163e-05,0.0014349335106089711,27669,1038240,0.026649907535829867
zero,3,7,42.0,q400,-6.278615910559893e-05,0.004203618969768286,45025,1038240,0.04336665896131916
zero,3,7,42.0,q500,-9.121495531871915e-05,0.007443426642566919,29260,1038240,0.028182308522114348
zero,3,7,42.0,q600,-0.0002548986813053489,0.00951139535754919,33473,1038240,0.0322401371551857
zero,3,7,42.0,q700,-0.00045926659367978573,0.01287977583706379,53403,1038240,0.051436084142394825
zero,3,7,42.0,q850,-0.0005438318476080894,0.018216725438833237,58560,1038240,0.05640314378178456
zero,3,7,42.0,q925,-0.0007316088303923607,0.019708391278982162,63259,1038240,0.06092907227615965
zero,3,7,42.0,q1000,-0.0008182558231055737,0.024858996272087097,62065,1038240,0.05977904916011712
zero,3,8,48.0,u10m,-23.269380569458008,20.360130310058594,0,1038240,0.0
zero,3,8,48.0,v10m,-24.07297706604004,23.01742935180664,0,1038240,0.0
zero,3,8,48.0,u100m,-29.66024398803711,26.093503952026367,0,1038240,0.0
zero,3,8,48.0,v100m,-31.891345977783203,32.0821647644043,0,1038240,0.0
zero,3,8,48.0,t2m,201.46743774414062,320.2019958496094,0,1038240,0.0
zero,3,8,48.0,sp,48955.87109375,103880.1484375,0,1038240,0.0
zero,3,8,48.0,msl,94919.9140625,103833.4140625,0,1038240,0.0
zero,3,8,48.0,tcwv,-2.6006603240966797,77.08879089355469,56364,1038240,0.05428802588996764
zero,3,8,48.0,u50,-28.576080322265625,73.10050964355469,0,1038240,0.0
zero,3,8,48.0,u100,-34.21907424926758,64.93463134765625,0,1038240,0.0
zero,3,8,48.0,u150,-31.8406925201416,68.49323272705078,0,1038240,0.0
zero,3,8,48.0,u200,-40.700218200683594,79.90088653564453,0,1038240,0.0
zero,3,8,48.0,u250,-36.04273986816406,84.66120910644531,0,1038240,0.0
zero,3,8,48.0,u300,-36.51304626464844,81.74260711669922,0,1038240,0.0
zero,3,8,48.0,u400,-32.809173583984375,67.98973083496094,0,1038240,0.0
zero,3,8,48.0,u500,-26.064289093017578,58.951236724853516,0,1038240,0.0
zero,3,8,48.0,u600,-28.13474464416504,49.753334045410156,0,1038240,0.0
zero,3,8,48.0,u700,-37.114986419677734,40.63144302368164,0,1038240,0.0
zero,3,8,48.0,u850,-38.423160552978516,34.40220642089844,0,1038240,0.0
zero,3,8,48.0,u925,-35.8642463684082,31.374181747436523,0,1038240,0.0
zero,3,8,48.0,u1000,-23.229820251464844,20.61588478088379,0,1038240,0.0
zero,3,8,48.0,v50,-26.25051498413086,24.509822845458984,0,1038240,0.0
zero,3,8,48.0,v100,-22.222515106201172,22.66226577758789,0,1038240,0.0
zero,3,8,48.0,v150,-27.47273826599121,32.64603805541992,0,1038240,0.0
zero,3,8,48.0,v200,-45.95158004760742,45.32463836669922,0,1038240,0.0
zero,3,8,48.0,v250,-52.89139175415039,47.56272888183594,0,1038240,0.0
zero,3,8,48.0,v300,-57.851158142089844,55.96025466918945,0,1038240,0.0
zero,3,8,48.0,v400,-55.6840705871582,55.19140625,0,1038240,0.0
zero,3,8,48.0,v500,-42.467140197753906,48.266563415527344,0,1038240,0.0
zero,3,8,48.0,v600,-29.60890769958496,38.9727897644043,0,1038240,0.0
zero,3,8,48.0,v700,-26.188556671142578,32.62063217163086,0,1038240,0.0
zero,3,8,48.0,v850,-37.718177795410156,35.216548919677734,0,1038240,0.0
zero,3,8,48.0,v925,-35.411258697509766,31.034730911254883,0,1038240,0.0
zero,3,8,48.0,v1000,-24.49220848083496,23.661935806274414,0,1038240,0.0
zero,3,8,48.0,z50,177227.421875,208247.828125,0,1038240,0.0
zero,3,8,48.0,z100,140360.984375,165661.71875,0,1038240,0.0
zero,3,8,48.0,z150,117617.6796875,141655.15625,0,1038240,0.0
zero,3,8,48.0,z200,100984.6796875,123636.5390625,0,1038240,0.0
zero,3,8,48.0,z250,87778.421875,109002.078125,0,1038240,0.0
zero,3,8,48.0,z300,76744.6953125,96461.96875,0,1038240,0.0
zero,3,8,48.0,z400,58820.23046875,75573.546875,0,1038240,0.0
zero,3,8,48.0,z500,44393.5390625,58801.54296875,0,1038240,0.0
zero,3,8,48.0,z600,32217.1953125,44595.265625,0,1038240,0.0
zero,3,8,48.0,z700,21638.80859375,32362.83984375,0,1038240,0.0
zero,3,8,48.0,z850,7915.1357421875,16616.251953125,0,1038240,0.0
zero,3,8,48.0,z925,1847.662109375,9600.02734375,0,1038240,0.0
zero,3,8,48.0,z1000,-3874.3125,3118.68408203125,0,1038240,0.0
zero,3,8,48.0,t50,179.98785400390625,235.70169067382812,0,1038240,0.0
zero,3,8,48.0,t100,186.71026611328125,236.33778381347656,0,1038240,0.0
zero,3,8,48.0,t150,190.11892700195312,241.36732482910156,0,1038240,0.0
zero,3,8,48.0,t200,192.32989501953125,241.7529296875,0,1038240,0.0
zero,3,8,48.0,t250,199.4614715576172,243.6459197998047,0,1038240,0.0
zero,3,8,48.0,t300,204.694091796875,250.23472595214844,0,1038240,0.0
zero,3,8,48.0,t400,214.44802856445312,264.4364318847656,0,1038240,0.0
zero,3,8,48.0,t500,221.51303100585938,275.6092834472656,0,1038240,0.0
zero,3,8,48.0,t600,212.08209228515625,286.54681396484375,0,1038240,0.0
zero,3,8,48.0,t700,214.2127227783203,295.7898254394531,0,1038240,0.0
zero,3,8,48.0,t850,223.79287719726562,308.6041564941406,0,1038240,0.0
zero,3,8,48.0,t925,227.57516479492188,314.3842468261719,0,1038240,0.0
zero,3,8,48.0,t1000,231.3575439453125,318.9427490234375,0,1038240,0.0
zero,3,8,48.0,q50,3.22091636917321e-07,2.0050226794410264e-06,0,1038240,0.0
zero,3,8,48.0,q100,7.811966042936547e-07,6.078947080823127e-06,0,1038240,0.0
zero,3,8,48.0,q150,2.2314816305879503e-07,3.398639819351956e-05,0,1038240,0.0
zero,3,8,48.0,q200,-4.129926310270093e-06,0.00019423470075707883,12310,1038240,0.011856603482817075
zero,3,8,48.0,q250,-1.104078910429962e-05,0.0006339395768009126,23615,1038240,0.022745222684543074
zero,3,8,48.0,q300,-2.8868933441117406e-05,0.0014783750521019101,22784,1038240,0.021944829711820005
zero,3,8,48.0,q400,-6.158280302770436e-05,0.004341329447925091,38541,1038240,0.03712147480351364
zero,3,8,48.0,q500,-0.00011366652324795723,0.007152688689529896,31792,1038240,0.030621051009400525
zero,3,8,48.0,q600,-0.00020417245104908943,0.009577627293765545,28819,1038240,0.027757551240560948
zero,3,8,48.0,q700,-0.0003782752901315689,0.012879755347967148,45643,1038240,0.04396189705655725
zero,3,8,48.0,q850,-0.0005588908679783344,0.018215881660580635,51275,1038240,0.04938646170442287
zero,3,8,48.0,q925,-0.0006445734761655331,0.01953912526369095,54760,1038240,0.0527431037139775
zero,3,8,48.0,q1000,-0.0008433735929429531,0.024845093488693237,55667,1038240,0.05361669748805671
zero,3,9,54.0,u10m,-22.316370010375977,21.400712966918945,0,1038240,0.0
zero,3,9,54.0,v10m,-20.129589080810547,22.984508514404297,0,1038240,0.0
zero,3,9,54.0,u100m,-28.916637420654297,27.767780303955078,0,1038240,0.0
zero,3,9,54.0,v100m,-26.454143524169922,29.793243408203125,0,1038240,0.0
zero,3,9,54.0,t2m,200.0710906982422,315.7739562988281,0,1038240,0.0
zero,3,9,54.0,sp,49011.41015625,103854.546875,0,1038240,0.0
zero,3,9,54.0,msl,95096.734375,103801.828125,0,1038240,0.0
zero,3,9,54.0,tcwv,-2.220104217529297,78.44709777832031,49020,1038240,0.04721451687471105
zero,3,9,54.0,u50,-30.790531158447266,72.24613952636719,0,1038240,0.0
zero,3,9,54.0,u100,-33.4671516418457,63.424530029296875,0,1038240,0.0
zero,3,9,54.0,u150,-32.94805145263672,67.55609893798828,0,1038240,0.0
zero,3,9,54.0,u200,-39.82048034667969,81.31107330322266,0,1038240,0.0
zero,3,9,54.0,u250,-35.17023849487305,82.01799011230469,0,1038240,0.0
zero,3,9,54.0,u300,-36.85823059082031,77.27205657958984,0,1038240,0.0
zero,3,9,54.0,u400,-34.79131317138672,63.165618896484375,0,1038240,0.0
zero,3,9,54.0,u500,-26.16469955444336,54.28226089477539,0,1038240,0.0
zero,3,9,54.0,u600,-28.55034828186035,45.17289352416992,0,1038240,0.0
zero,3,9,54.0,u700,-32.4520149230957,36.12060546875,0,1038240,0.0
zero,3,9,54.0,u850,-38.012454986572266,33.0816764831543,0,1038240,0.0
zero,3,9,54.0,u925,-36.611907958984375,34.45677947998047,0,1038240,0.0
zero,3,9,54.0,u1000,-23.217426300048828,21.71506690979004,0,1038240,0.0
zero,3,9,54.0,v50,-24.54950714111328,21.894882202148438,0,1038240,0.0
zero,3,9,54.0,v100,-23.722082138061523,21.143571853637695,0,1038240,0.0
zero,3,9,54.0,v150,-29.184335708618164,31.14800262451172,0,1038240,0.0
zero,3,9,54.0,v200,-43.9315299987793,45.24760055541992,0,1038240,0.0
zero,3,9,54.0,v250,-52.166587829589844,50.30107498168945,0,1038240,0.0
zero,3,9,54.0,v300,-54.981868743896484,57.03443145751953,0,1038240,0.0
zero,3,9,54.0,v400,-48.51835632324219,57.840362548828125,0,1038240,0.0
zero,3,9,54.0,v500,-43.64825439453125,51.18163299560547,0,1038240,0.0
zero,3,9,54.0,v600,-32.88499069213867,39.06575012207031,0,1038240,0.0
zero,3,9,54.0,v700,-28.479785919189453,35.2551383972168,0,1038240,0.0
zero,3,9,54.0,v850,-33.17165756225586,36.72772216796875,0,1038240,0.0
zero,3,9,54.0,v925,-31.725046157836914,36.82398223876953,0,1038240,0.0
zero,3,9,54.0,v1000,-20.67896842956543,23.628578186035156,0,1038240,0.0
zero,3,9,54.0,z50,176973.828125,208367.0,0,1038240,0.0
zero,3,9,54.0,z100,140336.328125,165838.140625,0,1038240,0.0
zero,3,9,54.0,z150,117640.921875,141902.625,0,1038240,0.0
zero,3,9,54.0,z200,100933.4375,123804.0625,0,1038240,0.0
zero,3,9,54.0,z250,87747.59375,109022.4453125,0,1038240,0.0
zero,3,9,54.0,z300,76716.8125,96496.328125,0,1038240,0.0
zero,3,9,54.0,z400,58759.9765625,75632.359375,0,1038240,0.0
zero,3,9,54.0,z500,44360.796875,58782.5234375,0,1038240,0.0
zero,3,9,54.0,z600,32208.73828125,44585.3671875,0,1038240,0.0
zero,3,9,54.0,z700,21684.41015625,32340.736328125,0,1038240,0.0
zero,3,9,54.0,z850,8019.5908203125,16581.15234375,0,1038240,0.0
zero,3,9,54.0,z925,1981.6826171875,9556.4072265625,0,1038240,0.0
zero,3,9,54.0,z1000,-3715.314453125,3082.38818359375,0,1038240,0.0
zero,3,9,54.0,t50,180.21913146972656,235.83340454101562,0,1038240,0.0
zero,3,9,54.0,t100,186.95028686523438,236.60604858398438,0,1038240,0.0
zero,3,9,54.0,t150,190.5070343017578,241.82339477539062,0,1038240,0.0
zero,3,9,54.0,t200,192.8318634033203,241.62496948242188,0,1038240,0.0
zero,3,9,54.0,t250,199.91366577148438,243.63555908203125,0,1038240,0.0
zero,3,9,54.0,t300,203.52725219726562,251.0033416748047,0,1038240,0.0
zero,3,9,54.0,t400,213.6504364013672,264.6889343261719,0,1038240,0.0
zero,3,9,54.0,t500,220.0083465576172,275.9632568359375,0,1038240,0.0
zero,3,9,54.0,t600,210.19903564453125,288.5321044921875,0,1038240,0.0
zero,3,9,54.0,t700,212.15585327148438,299.93292236328125,0,1038240,0.0
zero,3,9,54.0,t850,222.02796936035156,311.8040466308594,0,1038240,0.0
zero,3,9,54.0,t925,225.8137969970703,316.65740966796875,0,1038240,0.0
zero,3,9,54.0,t1000,229.4046173095703,321.7862548828125,0,1038240,0.0
zero,3,9,54.0,q50,3.6068558983970433e-07,2.0126728941249894e-06,0,1038240,0.0
zero,3,9,54.0,q100,8.636569646114367e-07,5.781103027402423e-06,0,1038240,0.0
zero,3,9,54.0,q150,-5.489437171490863e-08,3.5151057090843096e-05,73,1038240,7.031129603945137e-05
zero,3,9,54.0,q200,-6.150436092866585e-06,0.0002113323862431571,10152,1038240,0.009778085991678225
zero,3,9,54.0,q250,-1.3588196452474222e-05,0.0006953076808713377,20050,1038240,0.019311527199876714
zero,3,9,54.0,q300,-2.412270987406373e-05,0.001581369200721383,19830,1038240,0.019099630143319463
zero,3,9,54.0,q400,-6.03503140155226e-05,0.00437864800915122,36355,1038240,0.035015988596085686
zero,3,9,54.0,q500,-0.00013210519682615995,0.007840447127819061,26667,1038240,0.025684812760055478
zero,3,9,54.0,q600,-0.00017609656788408756,0.011011367663741112,21861,1038240,0.021055825242718446
zero,3,9,54.0,q700,-0.0004543506074696779,0.013197602704167366,44398,1038240,0.04276275235013099
zero,3,9,54.0,q850,-0.0005718083120882511,0.018307900056242943,48839,1038240,0.04704018338727076
zero,3,9,54.0,q925,-0.0006123315542936325,0.020510779693722725,56068,1038240,0.05400292803205425
zero,3,9,54.0,q1000,-0.0006207735277712345,0.024745618924498558,54800,1038240,0.05278163045153336
zero,3,10,60.0,u10m,-24.264076232910156,20.875858306884766,0,1038240,0.0
zero,3,10,60.0,v10m,-20.094833374023438,23.147830963134766,0,1038240,0.0
zero,3,10,60.0,u100m,-31.101791381835938,26.813819885253906,0,1038240,0.0
zero,3,10,60.0,v100m,-26.01957130432129,29.430343627929688,0,1038240,0.0
zero,3,10,60.0,t2m,200.30552673339844,321.6271057128906,0,1038240,0.0
zero,3,10,60.0,sp,48971.6953125,103892.703125,0,1038240,0.0
zero,3,10,60.0,msl,95220.140625,103841.59375,0,1038240,0.0
zero,3,10,60.0,tcwv,-2.3933067321777344,78.9484634399414,40773,1038240,0.039271266759130834
zero,3,10,60.0,u50,-29.167850494384766,69.68124389648438,0,1038240,0.0
zero,3,10,60.0,u100,-32.79086685180664,60.101470947265625,0,1038240,0.0
zero,3,10,60.0,u150,-31.875349044799805,67.23529052734375,0,1038240,0.0
zero,3,10,60.0,u200,-36.201011657714844,82.67559814453125,0,1038240,0.0
zero,3,10,60.0,u250,-33.59458541870117,79.01741027832031,0,1038240,0.0
zero,3,10,60.0,u300,-29.624927520751953,76.87681579589844,0,1038240,0.0
zero,3,10,60.0,u400,-28.205373764038086,64.24644470214844,0,1038240,0.0
zero,3,10,60.0,u500,-28.09915542602539,53.0040283203125,0,1038240,0.0
zero,3,10,60.0,u600,-29.955556869506836,43.0086555480957,0,1038240,0.0
zero,3,10,60.0,u700,-35.77786636352539,35.71703338623047,0,1038240,0.0
zero,3,10,60.0,u850,-40.63029861450195,30.77976417541504,0,1038240,0.0
zero,3,10,60.0,u925,-36.800655364990234,32.823997497558594,0,1038240,0.0
zero,3,10,60.0,u1000,-24.121986389160156,21.55070686340332,0,1038240,0.0
zero,3,10,60.0,v50,-24.393985748291016,21.29648780822754,0,1038240,0.0
zero,3,10,60.0,v100,-25.3895320892334,22.69675636291504,0,1038240,0.0
zero,3,10,60.0,v150,-31.374303817749023,33.2540168762207,0,1038240,0.0
zero,3,10,60.0,v200,-47.61839294433594,43.65334701538086,0,1038240,0.0
zero,3,10,60.0,v250,-55.29203414916992,51.591888427734375,0,1038240,0.0
zero,3,10,60.0,v300,-57.188873291015625,57.690643310546875,0,1038240,0.0
zero,3,10,60.0,v400,-51.34061050415039,56.582725524902344,0,1038240,0.0
zero,3,10,60.0,v500,-44.09587097167969,49.463645935058594,0,1038240,0.0
zero,3,10,60.0,v600,-34.029624938964844,38.61102294921875,0,1038240,0.0
zero,3,10,60.0,v700,-27.797752380371094,34.782554626464844,0,1038240,0.0
zero,3,10,60.0,v850,-31.65796661376953,34.58765411376953,0,1038240,0.0
zero,3,10,60.0,v925,-33.37458038330078,35.83333969116211,0,1038240,0.0
zero,3,10,60.0,v1000,-21.587291717529297,23.677265167236328,0,1038240,0.0
zero,3,10,60.0,z50,176782.71875,208509.40625,0,1038240,0.0
zero,3,10,60.0,z100,140269.140625,166035.859375,0,1038240,0.0
zero,3,10,60.0,z150,117516.703125,142153.6875,0,1038240,0.0
zero,3,10,60.0,z200,100690.1484375,123958.28125,0,1038240,0.0
zero,3,10,60.0,z250,87464.890625,108986.2734375,0,1038240,0.0
zero,3,10,60.0,z300,76626.4921875,96402.8046875,0,1038240,0.0
zero,3,10,60.0,z400,58739.8828125,75561.5078125,0,1038240,0.0
zero,3,10,60.0,z500,44344.203125,58726.73046875,0,1038240,0.0
zero,3,10,60.0,z600,32221.9375,44575.25390625,0,1038240,0.0
zero,3,10,60.0,z700,21741.458984375,32346.6875,0,1038240,0.0
zero,3,10,60.0,z850,8121.34716796875,16585.33203125,0,1038240,0.0
zero,3,10,60.0,z925,2081.81103515625,9557.75390625,0,1038240,0.0
zero,3,10,60.0,z1000,-3608.24072265625,3107.8388671875,0,1038240,0.0
zero,3,10,60.0,t50,180.18576049804688,235.94729614257812,0,1038240,0.0
zero,3,10,60.0,t100,186.97515869140625,237.20407104492188,0,1038240,0.0
zero,3,10,60.0,t150,190.73287963867188,241.9358673095703,0,1038240,0.0
zero,3,10,60.0,t200,192.99635314941406,241.67112731933594,0,1038240,0.0
zero,3,10,60.0,t250,198.98602294921875,243.79469299316406,0,1038240,0.0
zero,3,10,60.0,t300,202.72073364257812,250.99618530273438,0,1038240,0.0
zero,3,10,60.0,t400,213.3221435546875,265.92724609375,0,1038240,0.0
zero,3,10,60.0,t500,219.3096923828125,278.4256591796875,0,1038240,0.0
zero,3,10,60.0,t600,213.11520385742188,290.4239196777344,0,1038240,0.0
zero,3,10,60.0,t700,210.87326049804688,303.1926574707031,0,1038240,0.0
zero,3,10,60.0,t850,220.8291015625,313.824951171875,0,1038240,0.0
zero,3,10,60.0,t925,224.49586486816406,319.012939453125,0,1038240,0.0
zero,3,10,60.0,t1000,228.1044464111328,324.234619140625,0,1038240,0.0
zero,3,10,60.0,q50,3.9541237129014917e-07,2.017645556406933e-06,0,1038240,0.0
zero,3,10,60.0,q100,9.439849009140744e-07,5.516509190783836e-06,0,1038240,0.0
zero,3,10,60.0,q150,2.231627149740234e-08,4.391556649352424e-05,0,1038240,0.0
zero,3,10,60.0,q200,-8.18538319435902e-06,0.00021718656353186816,9400,1038240,0.009053783325627986
zero,3,10,60.0,q250,-1.3715685781789944e-05,0.0006901876186020672,16551,1038240,0.01594140083217753
zero,3,10,60.0,q300,-2.375719486735761e-05,0.001619432121515274,16212,1038240,0.015614886731391586
zero,3,10,60.0,q400,-7.060810457915068e-05,0.004474132787436247,32196,1038240,0.031010171058714748
zero,3,10,60.0,q500,-0.00020669959485530853,0.008123423904180527,24075,1038240,0.023188280166435506
zero,3,10,60.0,q600,-0.00023690576199442148,0.00995984859764576,18921,1038240,0.018224110032362458
zero,3,10,60.0,q700,-0.00041822041384875774,0.013009782880544662,37098,1038240,0.035731622746185854
zero,3,10,60.0,q850,-0.0004878104664385319,0.018411001190543175,42575,1038240,0.0410068962860225
zero,3,10,60.0,q925,-0.0005072839558124542,0.02058616280555725,50356,1038240,0.048501309909076896
zero,3,10,60.0,q1000,-0.0006462708115577698,0.025555454194545746,47516,1038240,0.045765911542610574
zero,3,11,66.0,u10m,-26.1512508392334,21.282739639282227,0,1038240,0.0
zero,3,11,66.0,v10m,-22.98360252380371,22.652603149414062,0,1038240,0.0
zero,3,11,66.0,u100m,-33.99697494506836,27.24342918395996,0,1038240,0.0
zero,3,11,66.0,v100m,-29.805938720703125,29.12238883972168,0,1038240,0.0
zero,3,11,66.0,t2m,201.0216064453125,320.8657531738281,0,1038240,0.0
zero,3,11,66.0,sp,49144.046875,103864.28125,0,1038240,0.0
zero,3,11,66.0,msl,95515.453125,103814.59375,0,1038240,0.0
zero,3,11,66.0,tcwv,-2.027599334716797,78.95275115966797,31862,1038240,0.030688472800123285
zero,3,11,66.0,u50,-28.883155822753906,69.71513366699219,0,1038240,0.0
zero,3,11,66.0,u100,-30.09450912475586,59.04525375366211,0,1038240,0.0
zero,3,11,66.0,u150,-33.060447692871094,69.38392639160156,0,1038240,0.0
zero,3,11,66.0,u200,-34.606239318847656,84.67808532714844,0,1038240,0.0
zero,3,11,66.0,u250,-36.98251724243164,80.86613464355469,0,1038240,0.0
zero,3,11,66.0,u300,-32.255855560302734,76.48756408691406,0,1038240,0.0
zero,3,11,66.0,u400,-30.995325088500977,64.13362121582031,0,1038240,0.0
zero,3,11,66.0,u500,-32.400333404541016,54.59541320800781,0,1038240,0.0
zero,3,11,66.0,u600,-28.737565994262695,43.496578216552734,0,1038240,0.0
zero,3,11,66.0,u700,-31.43722152709961,37.69674301147461,0,1038240,0.0
zero,3,11,66.0,u850,-43.903533935546875,33.363834381103516,0,1038240,0.0
zero,3,11,66.0,u925,-40.434207916259766,33.04189682006836,0,1038240,0.0
zero,3,11,66.0,u1000,-26.21222686767578,22.64877700805664,0,1038240,0.0
zero,3,11,66.0,v50,-22.324941635131836,20.153060913085938,0,1038240,0.0
zero,3,11,66.0,v100,-24.895753860473633,20.706024169921875,0,1038240,0.0
zero,3,11,66.0,v150,-34.85643005371094,33.53907012939453,0,1038240,0.0
zero,3,11,66.0,v200,-47.047386169433594,42.18169021606445,0,1038240,0.0
zero,3,11,66.0,v250,-55.504066467285156,46.780433654785156,0,1038240,0.0
zero,3,11,66.0,v300,-54.3241081237793,51.83675765991211,0,1038240,0.0
zero,3,11,66.0,v400,-52.804443359375,54.36347961425781,0,1038240,0.0
zero,3,11,66.0,v500,-43.6859245300293,47.37936019897461,0,1038240,0.0
zero,3,11,66.0,v600,-37.111087799072266,37.39496994018555,0,1038240,0.0
zero,3,11,66.0,v700,-31.76580238342285,33.332603454589844,0,1038240,0.0
zero,3,11,66.0,v850,-32.43692398071289,35.75955581665039,0,1038240,0.0
zero,3,11,66.0,v925,-30.014949798583984,37.20769119262695,0,1038240,0.0
zero,3,11,66.0,v1000,-23.531673431396484,23.045291900634766,0,1038240,0.0
zero,3,11,66.0,z50,176715.375,208390.640625,0,1038240,0.0
zero,3,11,66.0,z100,140183.53125,166101.3125,0,1038240,0.0
zero,3,11,66.0,z150,117403.375,142017.5625,0,1038240,0.0
zero,3,11,66.0,z200,100558.5234375,123862.203125,0,1038240,0.0
zero,3,11,66.0,z250,87313.8984375,109124.890625,0,1038240,0.0
zero,3,11,66.0,z300,76457.0390625,96616.3203125,0,1038240,0.0
zero,3,11,66.0,z400,58818.08203125,75781.75,0,1038240,0.0
zero,3,11,66.0,z500,44436.0234375,58813.00390625,0,1038240,0.0
zero,3,11,66.0,z600,32365.38671875,44532.1484375,0,1038240,0.0
zero,3,11,66.0,z700,21929.55859375,32306.466796875,0,1038240,0.0
zero,3,11,66.0,z850,8337.44140625,16547.01953125,0,1038240,0.0
zero,3,11,66.0,z925,2315.0615234375,9516.099609375,0,1038240,0.0
zero,3,11,66.0,z1000,-3374.0986328125,3075.517578125,0,1038240,0.0
zero,3,11,66.0,t50,180.39602661132812,236.0895233154297,0,1038240,0.0
zero,3,11,66.0,t100,187.4844970703125,237.63414001464844,0,1038240,0.0
zero,3,11,66.0,t150,191.40760803222656,242.72694396972656,0,1038240,0.0
zero,3,11,66.0,t200,192.88409423828125,242.6237335205078,0,1038240,0.0
zero,3,11,66.0,t250,198.29632568359375,243.61569213867188,0,1038240,0.0
zero,3,11,66.0,t300,202.33663940429688,250.69712829589844,0,1038240,0.0
zero,3,11,66.0,t400,212.8785400390625,265.0557556152344,0,1038240,0.0
zero,3,11,66.0,t500,219.30078125,275.8186340332031,0,1038240,0.0
zero,3,11,66.0,t600,213.015380859375,288.6510009765625,0,1038240,0.0
zero,3,11,66.0,t700,212.1254119873047,299.8362121582031,0,1038240,0.0
zero,3,11,66.0,t850,219.93296813964844,310.3692626953125,0,1038240,0.0
zero,3,11,66.0,t925,223.63720703125,315.61669921875,0,1038240,0.0
zero,3,11,66.0,t1000,227.19186401367188,320.6077575683594,0,1038240,0.0
zero,3,11,66.0,q50,4.3267277760605793e-07,2.025861249421723e-06,0,1038240,0.0
zero,3,11,66.0,q100,1.0109670256497338e-06,5.249768037174363e-06,0,1038240,0.0
zero,3,11,66.0,q150,1.8573518900666386e-07,4.0918886952567846e-05,0,1038240,0.0
zero,3,11,66.0,q200,-8.112525392789394e-06,0.00021313641627784818,10902,1038240,0.010500462320850671
zero,3,11,66.0,q250,-1.3784705515718088e-05,0.0006800378323532641,16591,1038240,0.015979927569733394
zero,3,11,66.0,q300,-2.7969435905106366e-05,0.0016068816184997559,17549,1038240,0.016902642934196334
zero,3,11,66.0,q400,-7.097437628544867e-05,0.004450828768312931,27300,1038240,0.026294498381877023
zero,3,11,66.0,q500,-8.251110557466745e-05,0.007701373193413019,15156,1038240,0.014597780859916783
zero,3,11,66.0,q600,-0.00023067800793796778,0.009797397069633007,17799,1038240,0.01714343504392048
zero,3,11,66.0,q700,-0.0003731141332536936,0.01259494386613369,38366,1038240,0.03695292032670673
zero,3,11,66.0,q850,-0.0006578518077731133,0.018812650814652443,41400,1038240,0.039875173370319004
zero,3,11,66.0,q925,-0.0005487860180437565,0.020310331135988235,47781,1038240,0.04602115117891817
zero,3,11,66.0,q1000,-0.0006351848132908344,0.025939831510186195,41789,1038240,0.04024984589304978
zero,3,12,72.0,u10m,-21.79624366760254,22.072715759277344,0,1038240,0.0
zero,3,12,72.0,v10m,-23.000638961791992,21.246288299560547,0,1038240,0.0
zero,3,12,72.0,u100m,-27.84198760986328,28.054275512695312,0,1038240,0.0
zero,3,12,72.0,v100m,-29.902772903442383,26.557727813720703,0,1038240,0.0
zero,3,12,72.0,t2m,202.27786254882812,320.02008056640625,0,1038240,0.0
zero,3,12,72.0,sp,49049.21875,103852.9375,0,1038240,0.0
zero,3,12,72.0,msl,95902.484375,103811.9140625,0,1038240,0.0
zero,3,12,72.0,tcwv,-2.0361289978027344,76.1798324584961,34061,1038240,0.0328064801972569
zero,3,12,72.0,u50,-30.058475494384766,68.28323364257812,0,1038240,0.0
zero,3,12,72.0,u100,-31.140888214111328,58.460201263427734,0,1038240,0.0
zero,3,12,72.0,u150,-33.441612243652344,69.3653335571289,0,1038240,0.0
zero,3,12,72.0,u200,-35.613525390625,84.2560043334961,0,1038240,0.0
zero,3,12,72.0,u250,-36.69982147216797,83.79649353027344,0,1038240,0.0
zero,3,12,72.0,u300,-32.930694580078125,76.99068450927734,0,1038240,0.0
zero,3,12,72.0,u400,-36.70240783691406,63.464683532714844,0,1038240,0.0
zero,3,12,72.0,u500,-39.51482391357422,53.486595153808594,0,1038240,0.0
zero,3,12,72.0,u600,-35.515830993652344,43.666072845458984,0,1038240,0.0
zero,3,12,72.0,u700,-30.660011291503906,38.68492126464844,0,1038240,0.0
zero,3,12,72.0,u850,-37.32106018066406,32.88412857055664,0,1038240,0.0
zero,3,12,72.0,u925,-35.84368896484375,34.53853225708008,0,1038240,0.0
zero,3,12,72.0,u1000,-21.897315979003906,22.510883331298828,0,1038240,0.0
zero,3,12,72.0,v50,-22.79969596862793,21.01438331604004,0,1038240,0.0
zero,3,12,72.0,v100,-23.980934143066406,21.798559188842773,0,1038240,0.0
zero,3,12,72.0,v150,-35.954219818115234,34.68651580810547,0,1038240,0.0
zero,3,12,72.0,v200,-46.21722412109375,42.730716705322266,0,1038240,0.0
zero,3,12,72.0,v250,-56.18873596191406,48.38077163696289,0,1038240,0.0
zero,3,12,72.0,v300,-56.03044128417969,51.42806625366211,0,1038240,0.0
zero,3,12,72.0,v400,-51.581787109375,50.40361785888672,0,1038240,0.0
zero,3,12,72.0,v500,-43.58616256713867,44.75580596923828,0,1038240,0.0
zero,3,12,72.0,v600,-35.423851013183594,34.78396987915039,0,1038240,0.0
zero,3,12,72.0,v700,-28.99012565612793,30.48494529724121,0,1038240,0.0
zero,3,12,72.0,v850,-30.65569305419922,31.600271224975586,0,1038240,0.0
zero,3,12,72.0,v925,-30.312503814697266,33.00041198730469,0,1038240,0.0
zero,3,12,72.0,v1000,-23.28748893737793,21.243566513061523,0,1038240,0.0
zero,3,12,72.0,z50,176656.875,208413.6875,0,1038240,0.0
zero,3,12,72.0,z100,140199.5,165985.703125,0,1038240,0.0
zero,3,12,72.0,z150,117400.7265625,141872.28125,0,1038240,0.0
zero,3,12,72.0,z200,100552.375,123870.6328125,0,1038240,0.0
zero,3,12,72.0,z250,87312.046875,109257.96875,0,1038240,0.0
zero,3,12,72.0,z300,76451.59375,96720.8046875,0,1038240,0.0
zero,3,12,72.0,z400,59034.51171875,75812.78125,0,1038240,0.0
zero,3,12,72.0,z500,44654.38671875,58781.4609375,0,1038240,0.0
zero,3,12,72.0,z600,32617.345703125,44571.6796875,0,1038240,0.0
zero,3,12,72.0,z700,22232.4921875,32338.86328125,0,1038240,0.0
zero,3,12,72.0,z850,8620.046875,16548.873046875,0,1038240,0.0
zero,3,12,72.0,z925,2596.751953125,9509.4755859375,0,1038240,0.0
zero,3,12,72.0,z1000,-3120.3125,3073.46044921875,0,1038240,0.0
zero,3,12,72.0,t50,180.0858154296875,236.2884979248047,0,1038240,0.0
zero,3,12,72.0,t100,186.95401000976562,238.22975158691406,0,1038240,0.0
zero,3,12,72.0,t150,191.1875762939453,243.19630432128906,0,1038240,0.0
zero,3,12,72.0,t200,192.02981567382812,243.42440795898438,0,1038240,0.0
zero,3,12,72.0,t250,197.93307495117188,243.84396362304688,0,1038240,0.0
zero,3,12,72.0,t300,201.8430938720703,250.83633422851562,0,1038240,0.0
zero,3,12,72.0,t400,212.04330444335938,264.32330322265625,0,1038240,0.0
zero,3,12,72.0,t500,219.2464599609375,275.00604248046875,0,1038240,0.0
zero,3,12,72.0,t600,211.74298095703125,286.7428894042969,0,1038240,0.0
zero,3,12,72.0,t700,211.21530151367188,295.1944885253906,0,1038240,0.0
zero,3,12,72.0,t850,219.19915771484375,309.7471923828125,0,1038240,0.0
zero,3,12,72.0,t925,222.74710083007812,314.9470520019531,0,1038240,0.0
zero,3,12,72.0,t1000,226.2602996826172,319.82550048828125,0,1038240,0.0
zero,3,12,72.0,q50,4.610969881468918e-07,2.0345073608041275e-06,0,1038240,0.0
zero,3,12,72.0,q100,1.0658609426172916e-06,5.044582394475583e-06,0,1038240,0.0
zero,3,12,72.0,q150,3.607442522479687e-07,3.474991171970032e-05,0,1038240,0.0
zero,3,12,72.0,q200,-6.7954570113215595e-06,0.00020054803462699056,10096,1038240,0.009724148559100015
zero,3,12,72.0,q250,-1.2485306797316298e-05,0.0006795689114369452,18569,1038240,0.017885074741870857
zero,3,12,72.0,q300,-2.3256201529875398e-05,0.0015896722907200456,19650,1038240,0.018926259824318076
zero,3,12,72.0,q400,-4.8160116421058774e-05,0.004279779735952616,24555,1038240,0.023650601017105873
zero,3,12,72.0,q500,-8.140539284795523e-05,0.0073349252343177795,14125,1038240,0.013604754199414393
zero,3,12,72.0,q600,-0.00019334221724420786,0.009922751225531101,17400,1038240,0.01675913083680074
zero,3,12,72.0,q700,-0.00042011518962681293,0.012729700654745102,28932,1038240,0.027866389274156265
zero,3,12,72.0,q850,-0.0006082113832235336,0.018417587503790855,36083,1038240,0.03475400678070581
zero,3,12,72.0,q925,-0.0005898694507777691,0.02036883868277073,40341,1038240,0.03885517799352751
zero,3,12,72.0,q1000,-0.0006419899873435497,0.025858687236905098,37466,1038240,0.0360860687316998
zero,3,13,78.0,u10m,-18.569259643554688,20.620540618896484,0,1038240,0.0
zero,3,13,78.0,v10m,-25.451242446899414,18.587345123291016,0,1038240,0.0
zero,3,13,78.0,u100m,-24.83624267578125,25.920656204223633,0,1038240,0.0
zero,3,13,78.0,v100m,-32.228858947753906,23.24692726135254,0,1038240,0.0
zero,3,13,78.0,t2m,202.70237731933594,316.01580810546875,0,1038240,0.0
zero,3,13,78.0,sp,49067.75,103782.9140625,0,1038240,0.0
zero,3,13,78.0,msl,95951.3046875,103743.8515625,0,1038240,0.0
zero,3,13,78.0,tcwv,-1.9851264953613281,75.17382049560547,33569,1038240,0.032332601325319774
zero,3,13,78.0,u50,-31.892898559570312,68.86507415771484,0,1038240,0.0
zero,3,13,78.0,u100,-31.24679946899414,57.026180267333984,0,1038240,0.0
zero,3,13,78.0,u150,-34.15351104736328,69.36675262451172,0,1038240,0.0
zero,3,13,78.0,u200,-36.01458740234375,84.66136932373047,0,1038240,0.0
zero,3,13,78.0,u250,-36.99419403076172,83.81900024414062,0,1038240,0.0
zero,3,13,78.0,u300,-33.27984619140625,77.3450927734375,0,1038240,0.0
zero,3,13,78.0,u400,-36.31990051269531,60.33009338378906,0,1038240,0.0
zero,3,13,78.0,u500,-40.59070587158203,51.88328170776367,0,1038240,0.0
zero,3,13,78.0,u600,-37.164527893066406,45.3140869140625,0,1038240,0.0
zero,3,13,78.0,u700,-29.93541717529297,38.789466857910156,0,1038240,0.0
zero,3,13,78.0,u850,-31.945039749145508,34.76224136352539,0,1038240,0.0
zero,3,13,78.0,u925,-30.402053833007812,33.257469177246094,0,1038240,0.0
zero,3,13,78.0,u1000,-20.550256729125977,24.004507064819336,0,1038240,0.0
zero,3,13,78.0,v50,-22.98807144165039,19.61348533630371,0,1038240,0.0
zero,3,13,78.0,v100,-22.14203643798828,22.17285919189453,0,1038240,0.0
zero,3,13,78.0,v150,-34.877769470214844,35.47475814819336,0,1038240,0.0
zero,3,13,78.0,v200,-44.45830154418945,43.97752380371094,0,1038240,0.0
zero,3,13,78.0,v250,-56.09941101074219,46.65704345703125,0,1038240,0.0
zero,3,13,78.0,v300,-56.247154235839844,49.880584716796875,0,1038240,0.0
zero,3,13,78.0,v400,-59.763519287109375,49.13238525390625,0,1038240,0.0
zero,3,13,78.0,v500,-50.65699005126953,43.4079475402832,0,1038240,0.0
zero,3,13,78.0,v600,-35.54153823852539,32.952911376953125,0,1038240,0.0
zero,3,13,78.0,v700,-32.454368591308594,29.902551651000977,0,1038240,0.0
zero,3,13,78.0,v850,-35.408103942871094,28.97873878479004,0,1038240,0.0
zero,3,13,78.0,v925,-32.46934127807617,29.486730575561523,0,1038240,0.0
zero,3,13,78.0,v1000,-25.88256072998047,21.009811401367188,0,1038240,0.0
zero,3,13,78.0,z50,176674.625,208528.234375,0,1038240,0.0
zero,3,13,78.0,z100,140175.40625,166109.5625,0,1038240,0.0
zero,3,13,78.0,z150,117350.671875,142001.40625,0,1038240,0.0
zero,3,13,78.0,z200,100511.6484375,123846.7109375,0,1038240,0.0
zero,3,13,78.0,z250,87264.546875,109248.25,0,1038240,0.0
zero,3,13,78.0,z300,76413.625,96728.09375,0,1038240,0.0
zero,3,13,78.0,z400,59143.0859375,75855.515625,0,1038240,0.0
zero,3,13,78.0,z500,44790.68359375,58847.0234375,0,1038240,0.0
zero,3,13,78.0,z600,32763.52734375,44535.83203125,0,1038240,0.0
zero,3,13,78.0,z700,22363.9296875,32306.50390625,0,1038240,0.0
zero,3,13,78.0,z850,8756.921875,16498.05859375,0,1038240,0.0
zero,3,13,78.0,z925,2766.55224609375,9447.6171875,0,1038240,0.0
zero,3,13,78.0,z1000,-3228.220703125,3017.013671875,0,1038240,0.0
zero,3,13,78.0,t50,179.92208862304688,236.676025390625,0,1038240,0.0
zero,3,13,78.0,t100,185.74984741210938,238.62351989746094,0,1038240,0.0
zero,3,13,78.0,t150,188.84133911132812,244.0372314453125,0,1038240,0.0
zero,3,13,78.0,t200,191.53622436523438,244.09890747070312,0,1038240,0.0
zero,3,13,78.0,t250,197.80780029296875,244.03274536132812,0,1038240,0.0
zero,3,13,78.0,t300,201.7696533203125,250.62948608398438,0,1038240,0.0
zero,3,13,78.0,t400,211.9027557373047,264.6112365722656,0,1038240,0.0
zero,3,13,78.0,t500,218.95086669921875,276.28082275390625,0,1038240,0.0
zero,3,13,78.0,t600,209.41213989257812,288.277099609375,0,1038240,0.0
zero,3,13,78.0,t700,212.03408813476562,299.9707336425781,0,1038240,0.0
zero,3,13,78.0,t850,219.88209533691406,312.27874755859375,0,1038240,0.0
zero,3,13,78.0,t925,223.50108337402344,317.04229736328125,0,1038240,0.0
zero,3,13,78.0,t1000,227.0367889404297,322.05230712890625,0,1038240,0.0
zero,3,13,78.0,q50,4.939229256706312e-07,2.042350160991191e-06,0,1038240,0.0
zero,3,13,78.0,q100,1.0694191132643027e-06,4.859754426433938e-06,0,1038240,0.0
zero,3,13,78.0,q150,2.370784386585001e-07,3.603204095270485e-05,0,1038240,0.0
zero,3,13,78.0,q200,-7.116957931430079e-06,0.0001989198790397495,9826,1038240,0.009464093080597934
zero,3,13,78.0,q250,-9.41460530157201e-06,0.000676727679092437,19731,1038240,0.0190042764678687
zero,3,13,78.0,q300,-2.4745429982431233e-05,0.0015804253052920103,19969,1038240,0.01923351055632609
zero,3,13,78.0,q400,-4.055091994814575e-05,0.00421800184994936,26148,1038240,0.025184928340268146
zero,3,13,78.0,q500,-0.00011928105959668756,0.007834025658667088,13505,1038240,0.013007589767298506
zero,3,13,78.0,q600,-0.00019781605806201696,0.01131477952003479,14500,1038240,0.013965942364000616
zero,3,13,78.0,q700,-0.00038469256833195686,0.013245174661278725,34700,1038240,0.03342194482971182
zero,3,13,78.0,q850,-0.0006101983599364758,0.018512867391109467,39998,1038240,0.038524811218985974
zero,3,13,78.0,q925,-0.0005554314702749252,0.02108200080692768,48931,1038240,0.04712879488364925
zero,3,13,78.0,q1000,-0.0006105131469666958,0.025904269888997078,39512,1038240,0.03805671135768223
zero,3,14,84.0,u10m,-22.23958969116211,19.307485580444336,0,1038240,0.0
zero,3,14,84.0,v10m,-24.451448440551758,17.101167678833008,0,1038240,0.0
zero,3,14,84.0,u100m,-29.01654815673828,24.297542572021484,0,1038240,0.0
zero,3,14,84.0,v100m,-31.17430305480957,20.948410034179688,0,1038240,0.0
zero,3,14,84.0,t2m,202.88592529296875,321.6744384765625,0,1038240,0.0
zero,3,14,84.0,sp,48978.89453125,103760.8359375,0,1038240,0.0
zero,3,14,84.0,msl,95897.2109375,103731.9140625,0,1038240,0.0
zero,3,14,84.0,tcwv,-2.092081069946289,75.51634216308594,31909,1038240,0.030733741716751424
zero,3,14,84.0,u50,-30.292709350585938,68.08882141113281,0,1038240,0.0
zero,3,14,84.0,u100,-30.957565307617188,55.834022521972656,0,1038240,0.0
zero,3,14,84.0,u150,-35.045936584472656,69.23927307128906,0,1038240,0.0
zero,3,14,84.0,u200,-36.04718780517578,86.0697250366211,0,1038240,0.0
zero,3,14,84.0,u250,-36.54533386230469,85.97525024414062,0,1038240,0.0
zero,3,14,84.0,u300,-32.56271743774414,79.60595703125,0,1038240,0.0
zero,3,14,84.0,u400,-39.66316223144531,59.257080078125,0,1038240,0.0
zero,3,14,84.0,u500,-36.879764556884766,51.26533126831055,0,1038240,0.0
zero,3,14,84.0,u600,-33.98063278198242,45.13752746582031,0,1038240,0.0
zero,3,14,84.0,u700,-28.117450714111328,38.55241394042969,0,1038240,0.0
zero,3,14,84.0,u850,-32.71063232421875,36.40597915649414,0,1038240,0.0
zero,3,14,84.0,u925,-34.62804412841797,30.539587020874023,0,1038240,0.0
zero,3,14,84.0,u1000,-21.4665470123291,22.446949005126953,0,1038240,0.0
zero,3,14,84.0,v50,-23.4541072845459,20.557754516601562,0,1038240,0.0
zero,3,14,84.0,v100,-21.512588500976562,21.63664436340332,0,1038240,0.0
zero,3,14,84.0,v150,-35.233055114746094,36.795955657958984,0,1038240,0.0
zero,3,14,84.0,v200,-45.00654602050781,47.14646911621094,0,1038240,0.0
zero,3,14,84.0,v250,-54.22856521606445,46.88444900512695,0,1038240,0.0
zero,3,14,84.0,v300,-56.26841735839844,45.469783782958984,0,1038240,0.0
zero,3,14,84.0,v400,-60.543922424316406,47.010589599609375,0,1038240,0.0
zero,3,14,84.0,v500,-51.64397430419922,42.17451858520508,0,1038240,0.0
zero,3,14,84.0,v600,-39.569610595703125,36.14905548095703,0,1038240,0.0
zero,3,14,84.0,v700,-34.35677719116211,30.968000411987305,0,1038240,0.0
zero,3,14,84.0,v850,-36.80828094482422,26.325286865234375,0,1038240,0.0
zero,3,14,84.0,v925,-31.378049850463867,27.413875579833984,0,1038240,0.0
zero,3,14,84.0,v1000,-24.90189552307129,18.693622589111328,0,1038240,0.0
zero,3,14,84.0,z50,176582.015625,208633.671875,0,1038240,0.0
zero,3,14,84.0,z100,140189.78125,166245.75,0,1038240,0.0
zero,3,14,84.0,z150,117372.09375,142230.640625,0,1038240,0.0
zero,3,14,84.0,z200,100528.4296875,123952.5390625,0,1038240,0.0
zero,3,14,84.0,z250,87283.3671875,109064.421875,0,1038240,0.0
zero,3,14,84.0,z300,76424.9375,96556.0234375,0,1038240,0.0
zero,3,14,84.0,z400,59136.31640625,75707.7890625,0,1038240,0.0
zero,3,14,84.0,z500,45049.17578125,58726.01953125,0,1038240,0.0
zero,3,14,84.0,z600,32988.4453125,44499.359375,0,1038240,0.0
zero,3,14,84.0,z700,22603.890625,32282.615234375,0,1038240,0.0
zero,3,14,84.0,z850,8878.9296875,16489.6015625,0,1038240,0.0
zero,3,14,84.0,z925,2654.6240234375,9435.341796875,0,1038240,0.0
zero,3,14,84.0,z1000,-3264.7548828125,3006.8798828125,0,1038240,0.0
zero,3,14,84.0,t50,179.22239685058594,237.06179809570312,0,1038240,0.0
zero,3,14,84.0,t100,184.4710693359375,239.11561584472656,0,1038240,0.0
zero,3,14,84.0,t150,187.578857421875,243.90216064453125,0,1038240,0.0
zero,3,14,84.0,t200,192.18045043945312,243.7438201904297,0,1038240,0.0
zero,3,14,84.0,t250,197.80763244628906,244.49330139160156,0,1038240,0.0
zero,3,14,84.0,t300,202.17333984375,251.1168975830078,0,1038240,0.0
zero,3,14,84.0,t400,211.9483184814453,265.8208312988281,0,1038240,0.0
zero,3,14,84.0,t500,218.78817749023438,278.5989685058594,0,1038240,0.0
zero,3,14,84.0,t600,209.20188903808594,291.1495361328125,0,1038240,0.0
zero,3,14,84.0,t700,213.5719757080078,302.830322265625,0,1038240,0.0
zero,3,14,84.0,t850,221.50599670410156,313.3919677734375,0,1038240,0.0
zero,3,14,84.0,t925,225.04214477539062,318.3984375,0,1038240,0.0
zero,3,14,84.0,t1000,228.63392639160156,323.54998779296875,0,1038240,0.0
zero,3,14,84.0,q50,5.269932898954721e-07,2.0471190964599373e-06,0,1038240,0.0
zero,3,14,84.0,q100,1.0383459994045552e-06,4.718069249065593e-06,0,1038240,0.0
zero,3,14,84.0,q150,2.4588644009782e-07,4.481427822611295e-05,0,1038240,0.0
zero,3,14,84.0,q200,-6.6900174715556204e-06,0.00022732643992640078,11111,1038240,0.010701764524580059
zero,3,14,84.0,q250,-1.2184533261461183e-05,0.0006438971613533795,19096,1038240,0.018392664509169362
zero,3,14,84.0,q300,-2.8757305699400604e-05,0.001530577428638935,20923,1038240,0.02015237324703344
zero,3,14,84.0,q400,-0.00014109149924479425,0.004131725057959557,28034,1038240,0.027001464016027123
zero,3,14,84.0,q500,-0.00015863834414631128,0.007905367761850357,13186,1038240,0.01270033903529049
zero,3,14,84.0,q600,-0.0001634268555790186,0.010196131654083729,13266,1038240,0.012777392510402219
zero,3,14,84.0,q700,-0.00038368371315300465,0.013229485601186752,26406,1038240,0.02543342579750347
zero,3,14,84.0,q850,-0.0004629967734217644,0.018705690279603004,37719,1038240,0.03632975034674064
zero,3,14,84.0,q925,-0.0005223853513598442,0.021260902285575867,46600,1038240,0.044883649252581294
zero,3,14,84.0,q1000,-0.0006105704233050346,0.02545034885406494,35289,1038240,0.033989251040221914
zero,3,15,90.0,u10m,-25.08003044128418,18.444461822509766,0,1038240,0.0
zero,3,15,90.0,v10m,-22.06021499633789,17.245832443237305,0,1038240,0.0
zero,3,15,90.0,u100m,-32.229122161865234,23.09794044494629,0,1038240,0.0
zero,3,15,90.0,v100m,-27.834177017211914,21.155216217041016,0,1038240,0.0
zero,3,15,90.0,t2m,202.80824279785156,320.7934265136719,0,1038240,0.0
zero,3,15,90.0,sp,49108.0078125,103720.0390625,0,1038240,0.0
zero,3,15,90.0,msl,95620.5078125,103684.9375,0,1038240,0.0
zero,3,15,90.0,tcwv,-2.0752525329589844,77.9925537109375,28560,1038240,0.02750809061488673
zero,3,15,90.0,u50,-30.231182098388672,69.27913665771484,0,1038240,0.0
zero,3,15,90.0,u100,-31.86286163330078,56.26702880859375,0,1038240,0.0
zero,3,15,90.0,u150,-39.648704528808594,71.27079772949219,0,1038240,0.0
zero,3,15,90.0,u200,-35.00023651123047,86.29097747802734,0,1038240,0.0
zero,3,15,90.0,u250,-35.416996002197266,86.15830993652344,0,1038240,0.0
zero,3,15,90.0,u300,-41.125770568847656,81.04948425292969,0,1038240,0.0
zero,3,15,90.0,u400,-42.51512145996094,58.4766845703125,0,1038240,0.0
zero,3,15,90.0,u500,-35.952640533447266,49.03740692138672,0,1038240,0.0
zero,3,15,90.0,u600,-27.211074829101562,42.318328857421875,0,1038240,0.0
zero,3,15,90.0,u700,-29.632244110107422,38.35588455200195,0,1038240,0.0
zero,3,15,90.0,u850,-38.090538024902344,37.11991500854492,0,1038240,0.0
zero,3,15,90.0,u925,-38.52544021606445,31.08654022216797,0,1038240,0.0
zero,3,15,90.0,u1000,-24.382408142089844,20.271766662597656,0,1038240,0.0
zero,3,15,90.0,v50,-23.28314781188965,19.650592803955078,0,1038240,0.0
zero,3,15,90.0,v100,-19.013471603393555,23.164443969726562,0,1038240,0.0
zero,3,15,90.0,v150,-34.864845275878906,35.625545501708984,0,1038240,0.0
zero,3,15,90.0,v200,-43.09724807739258,47.2142219543457,0,1038240,0.0
zero,3,15,90.0,v250,-53.6983642578125,54.50640106201172,0,1038240,0.0
zero,3,15,90.0,v300,-53.61213302612305,56.1181755065918,0,1038240,0.0
zero,3,15,90.0,v400,-57.52791213989258,51.13086700439453,0,1038240,0.0
zero,3,15,90.0,v500,-52.386512756347656,46.56179428100586,0,1038240,0.0
zero,3,15,90.0,v600,-42.28843688964844,39.31501007080078,0,1038240,0.0
zero,3,15,90.0,v700,-33.358245849609375,31.439626693725586,0,1038240,0.0
zero,3,15,90.0,v850,-33.25934600830078,26.967453002929688,0,1038240,0.0
zero,3,15,90.0,v925,-32.390342712402344,27.431964874267578,0,1038240,0.0
zero,3,15,90.0,v1000,-22.1315860748291,19.444095611572266,0,1038240,0.0
zero,3,15,90.0,z50,176510.171875,208529.515625,0,1038240,0.0
zero,3,15,90.0,z100,140157.96875,166369.96875,0,1038240,0.0
zero,3,15,90.0,z150,117318.8515625,142241.015625,0,1038240,0.0
zero,3,15,90.0,z200,100456.796875,123970.5625,0,1038240,0.0
zero,3,15,90.0,z250,87193.2109375,109190.078125,0,1038240,0.0
zero,3,15,90.0,z300,76307.6484375,96678.2421875,0,1038240,0.0
zero,3,15,90.0,z400,59019.98046875,75823.40625,0,1038240,0.0
zero,3,15,90.0,z500,45261.140625,58826.59765625,0,1038240,0.0
zero,3,15,90.0,z600,33204.41015625,44417.77734375,0,1038240,0.0
zero,3,15,90.0,z700,22610.33984375,32206.7734375,0,1038240,0.0
zero,3,15,90.0,z850,8607.224609375,16435.208984375,0,1038240,0.0
zero,3,15,90.0,z925,2410.75732421875,9387.978515625,0,1038240,0.0
zero,3,15,90.0,z1000,-3386.13037109375,2969.80810546875,0,1038240,0.0
zero,3,15,90.0,t50,179.15597534179688,237.39547729492188,0,1038240,0.0
zero,3,15,90.0,t100,184.40762329101562,239.3587646484375,0,1038240,0.0
zero,3,15,90.0,t150,186.70986938476562,244.26194763183594,0,1038240,0.0
zero,3,15,90.0,t200,192.80947875976562,243.5218505859375,0,1038240,0.0
zero,3,15,90.0,t250,198.01080322265625,244.6913604736328,0,1038240,0.0
zero,3,15,90.0,t300,202.3616485595703,250.4105224609375,0,1038240,0.0
zero,3,15,90.0,t400,211.86886596679688,264.7266540527344,0,1038240,0.0
zero,3,15,90.0,t500,218.0529022216797,275.403076171875,0,1038240,0.0
zero,3,15,90.0,t600,208.31704711914062,287.37969970703125,0,1038240,0.0
zero,3,15,90.0,t700,213.63662719726562,296.9383544921875,0,1038240,0.0
zero,3,15,90.0,t850,222.48069763183594,309.2781677246094,0,1038240,0.0
zero,3,15,90.0,t925,226.1573486328125,314.97100830078125,0,1038240,0.0
zero,3,15,90.0,t1000,229.302734375,320.39666748046875,0,1038240,0.0
zero,3,15,90.0,q50,5.626811798720155e-07,2.0599695744749624e-06,0,1038240,0.0
zero,3,15,90.0,q100,1.02566218629363e-06,4.6465956984320655e-06,0,1038240,0.0
zero,3,15,90.0,q150,-1.31154138216516e-07,4.122123937122524e-05,6,1038240,5.779010633379566e-06
zero,3,15,90.0,q200,-7.5499792728805915e-06,0.00021608415408991277,11089,1038240,0.010680574818924333
zero,3,15,90.0,q250,-1.2610584235517308e-05,0.0006970620015636086,17717,1038240,0.01706445523193096
zero,3,15,90.0,q300,-3.3442338462919e-05,0.0015132222324609756,19719,1038240,0.01899271844660194
zero,3,15,90.0,q400,-6.335970829240978e-05,0.004264745861291885,31116,1038240,0.029969949144706427
zero,3,15,90.0,q500,-0.00011788890697062016,0.007594159804284573,13242,1038240,0.0127542764678687
zero,3,15,90.0,q600,-0.00021716835908591747,0.0100321089848876,14563,1038240,0.014026621975651101
zero,3,15,90.0,q700,-0.00042190123349428177,0.013044686987996101,36115,1038240,0.0347848281707505
zero,3,15,90.0,q850,-0.000522972084581852,0.0186636783182621,40930,1038240,0.0394224842040376
zero,3,15,90.0,q925,-0.00044853612780570984,0.02105565369129181,51699,1038240,0.04979484512251502
zero,3,15,90.0,q1000,-0.0005161343142390251,0.02536056376993656,39706,1038240,0.03824356603482817
zero,3,16,96.0,u10m,-22.474075317382812,18.969070434570312,0,1038240,0.0
zero,3,16,96.0,v10m,-20.35141372680664,21.257661819458008,0,1038240,0.0
zero,3,16,96.0,u100m,-29.5142822265625,23.261259078979492,0,1038240,0.0
zero,3,16,96.0,v100m,-25.807470321655273,26.9627742767334,0,1038240,0.0
zero,3,16,96.0,t2m,202.68203735351562,317.02142333984375,0,1038240,0.0
zero,3,16,96.0,sp,48952.83984375,103675.3515625,0,1038240,0.0
zero,3,16,96.0,msl,95425.921875,103646.140625,0,1038240,0.0
zero,3,16,96.0,tcwv,-2.550661087036133,76.43809509277344,36505,1038240,0.03516046386192017
zero,3,16,96.0,u50,-30.54467010498047,68.73957824707031,0,1038240,0.0
zero,3,16,96.0,u100,-31.418987274169922,57.55498504638672,0,1038240,0.0
zero,3,16,96.0,u150,-40.404640197753906,73.51761627197266,0,1038240,0.0
zero,3,16,96.0,u200,-34.44037628173828,85.09452056884766,0,1038240,0.0
zero,3,16,96.0,u250,-34.706703186035156,86.79795837402344,0,1038240,0.0
zero,3,16,96.0,u300,-34.39015197753906,80.32971954345703,0,1038240,0.0
zero,3,16,96.0,u400,-42.353179931640625,59.463233947753906,0,1038240,0.0
zero,3,16,96.0,u500,-36.61579895019531,49.743343353271484,0,1038240,0.0
zero,3,16,96.0,u600,-32.432586669921875,42.056358337402344,0,1038240,0.0
zero,3,16,96.0,u700,-34.90666198730469,39.47418975830078,0,1038240,0.0
zero,3,16,96.0,u850,-40.709808349609375,38.909061431884766,0,1038240,0.0
zero,3,16,96.0,u925,-33.29780578613281,32.90504455566406,0,1038240,0.0
zero,3,16,96.0,u1000,-22.352340698242188,19.91145896911621,0,1038240,0.0
zero,3,16,96.0,v50,-22.653240203857422,21.10773468017578,0,1038240,0.0
zero,3,16,96.0,v100,-17.90554428100586,25.312650680541992,0,1038240,0.0
zero,3,16,96.0,v150,-33.919456481933594,37.354801177978516,0,1038240,0.0
zero,3,16,96.0,v200,-42.5847053527832,50.35261154174805,0,1038240,0.0
zero,3,16,96.0,v250,-53.11116027832031,57.73219299316406,0,1038240,0.0
zero,3,16,96.0,v300,-51.451072692871094,61.19480514526367,0,1038240,0.0
zero,3,16,96.0,v400,-56.152252197265625,52.86784744262695,0,1038240,0.0
zero,3,16,96.0,v500,-49.90711975097656,50.397274017333984,0,1038240,0.0
zero,3,16,96.0,v600,-39.086631774902344,42.983646392822266,0,1038240,0.0
zero,3,16,96.0,v700,-32.85019302368164,33.746429443359375,0,1038240,0.0
zero,3,16,96.0,v850,-31.346792221069336,31.536405563354492,0,1038240,0.0
zero,3,16,96.0,v925,-31.026241302490234,30.920602798461914,0,1038240,0.0
zero,3,16,96.0,v1000,-20.61593246459961,20.970041275024414,0,1038240,0.0
zero,3,16,96.0,z50,176400.21875,208514.359375,0,1038240,0.0
zero,3,16,96.0,z100,140138.5625,166236.875,0,1038240,0.0
zero,3,16,96.0,z150,117288.609375,142087.765625,0,1038240,0.0
zero,3,16,96.0,z200,100395.4453125,123890.734375,0,1038240,0.0
zero,3,16,96.0,z250,87118.65625,109254.1171875,0,1038240,0.0
zero,3,16,96.0,z300,76239.6484375,96697.921875,0,1038240,0.0
zero,3,16,96.0,z400,58993.7734375,75753.21875,0,1038240,0.0
zero,3,16,96.0,z500,45084.52734375,58690.9453125,0,1038240,0.0
zero,3,16,96.0,z600,32959.46484375,44428.85546875,0,1038240,0.0
zero,3,16,96.0,z700,22350.96484375,32211.166015625,0,1038240,0.0
zero,3,16,96.0,z850,8405.9375,16431.43359375,0,1038240,0.0
zero,3,16,96.0,z925,2246.26953125,9378.0322265625,0,1038240,0.0
zero,3,16,96.0,z1000,-3654.23681640625,2943.966796875,0,1038240,0.0
zero,3,16,96.0,t50,179.30126953125,237.5140838623047,0,1038240,0.0
zero,3,16,96.0,t100,184.82789611816406,239.85289001464844,0,1038240,0.0
zero,3,16,96.0,t150,186.85302734375,244.4467010498047,0,1038240,0.0
zero,3,16,96.0,t200,193.36785888671875,243.46102905273438,0,1038240,0.0
zero,3,16,96.0,t250,198.1512451171875,245.0250244140625,0,1038240,0.0
zero,3,16,96.0,t300,202.56077575683594,250.17474365234375,0,1038240,0.0
zero,3,16,96.0,t400,211.17877197265625,264.29669189453125,0,1038240,0.0
zero,3,16,96.0,t500,217.80747985839844,275.3083190917969,0,1038240,0.0
zero,3,16,96.0,t600,207.2651824951172,284.9672546386719,0,1038240,0.0
zero,3,16,96.0,t700,213.85350036621094,293.6943664550781,0,1038240,0.0
zero,3,16,96.0,t850,222.34622192382812,310.2032775878906,0,1038240,0.0
zero,3,16,96.0,t925,226.05995178222656,315.1363525390625,0,1038240,0.0
zero,3,16,96.0,t1000,229.249267578125,320.01678466796875,0,1038240,0.0
zero,3,16,96.0,q50,5.959543614153517e-07,2.0785648757737363e-06,0,1038240,0.0
zero,3,16,96.0,q100,1.0224592870144988e-06,4.635814548237249e-06,0,1038240,0.0
zero,3,16,96.0,q150,-8.632027856947388e-07,3.53189607267268e-05,18,1038240,1.7337031900138696e-05
zero,3,16,96.0,q200,-8.215050911530852e-06,0.00019065501692239195,12490,1038240,0.012029973801818462
zero,3,16,96.0,q250,-1.2679196515819058e-05,0.0006711882306262851,16417,1038240,0.015812336261365387
zero,3,16,96.0,q300,-3.0429160688072443e-05,0.0015222744550555944,20071,1038240,0.019331753737093543
zero,3,16,96.0,q400,-5.194018012844026e-05,0.004127090331166983,23189,1038240,0.022334912929573125
zero,3,16,96.0,q500,-0.00010832981206476688,0.007284155581146479,13236,1038240,0.012748497457235322
zero,3,16,96.0,q600,-0.0002591616939753294,0.009956177324056625,16285,1038240,0.015685198027431037
zero,3,16,96.0,q700,-0.00045000528916716576,0.012691177427768707,32264,1038240,0.031075666512559715
zero,3,16,96.0,q850,-0.0007223454304039478,0.018846888095140457,44007,1038240,0.042386153490522424
zero,3,16,96.0,q925,-0.000544773880392313,0.02205169014632702,50768,1038240,0.0488981353059023
zero,3,16,96.0,q1000,-0.000577055849134922,0.025569362565875053,45659,1038240,0.0439773077515796
zero,3,17,102.0,u10m,-20.452238082885742,21.105030059814453,0,1038240,0.0
zero,3,17,102.0,v10m,-18.147756576538086,20.100069046020508,0,1038240,0.0
zero,3,17,102.0,u100m,-26.947351455688477,26.942861557006836,0,1038240,0.0
zero,3,17,102.0,v100m,-23.189876556396484,24.537864685058594,0,1038240,0.0
zero,3,17,102.0,t2m,202.48294067382812,314.726806640625,0,1038240,0.0
zero,3,17,102.0,sp,48953.71484375,103567.453125,0,1038240,0.0
zero,3,17,102.0,msl,95323.9296875,103542.5703125,0,1038240,0.0
zero,3,17,102.0,tcwv,-2.539052963256836,76.61666870117188,41111,1038240,0.03959681769147789
zero,3,17,102.0,u50,-31.936546325683594,70.77770233154297,0,1038240,0.0
zero,3,17,102.0,u100,-31.359088897705078,59.46858215332031,0,1038240,0.0
zero,3,17,102.0,u150,-39.88264465332031,73.352294921875,0,1038240,0.0
zero,3,17,102.0,u200,-33.14563751220703,85.62171936035156,0,1038240,0.0
zero,3,17,102.0,u250,-34.04746627807617,86.94436645507812,0,1038240,0.0
zero,3,17,102.0,u300,-37.02272415161133,80.27560424804688,0,1038240,0.0
zero,3,17,102.0,u400,-40.682579040527344,59.89916229248047,0,1038240,0.0
zero,3,17,102.0,u500,-39.180908203125,49.35222625732422,0,1038240,0.0
zero,3,17,102.0,u600,-34.938499450683594,42.5914421081543,0,1038240,0.0
zero,3,17,102.0,u700,-34.55389404296875,39.060630798339844,0,1038240,0.0
zero,3,17,102.0,u850,-35.09437942504883,37.084739685058594,0,1038240,0.0
zero,3,17,102.0,u925,-32.32777786254883,32.73314666748047,0,1038240,0.0
zero,3,17,102.0,u1000,-20.739484786987305,21.09910011291504,0,1038240,0.0
zero,3,17,102.0,v50,-22.20673942565918,21.752182006835938,0,1038240,0.0
zero,3,17,102.0,v100,-19.331127166748047,25.936397552490234,0,1038240,0.0
zero,3,17,102.0,v150,-37.20642852783203,34.265899658203125,0,1038240,0.0
zero,3,17,102.0,v200,-43.089813232421875,49.48123550415039,0,1038240,0.0
zero,3,17,102.0,v250,-53.40550994873047,56.769432067871094,0,1038240,0.0
zero,3,17,102.0,v300,-46.55559158325195,61.842437744140625,0,1038240,0.0
zero,3,17,102.0,v400,-48.72575378417969,57.23585891723633,0,1038240,0.0
zero,3,17,102.0,v500,-46.17031478881836,49.03868103027344,0,1038240,0.0
zero,3,17,102.0,v600,-37.59957504272461,41.06836700439453,0,1038240,0.0
zero,3,17,102.0,v700,-31.033674240112305,32.774173736572266,0,1038240,0.0
zero,3,17,102.0,v850,-29.893400192260742,30.734256744384766,0,1038240,0.0
zero,3,17,102.0,v925,-30.83200454711914,27.466745376586914,0,1038240,0.0
zero,3,17,102.0,v1000,-21.287944793701172,19.809412002563477,0,1038240,0.0
zero,3,17,102.0,z50,176375.703125,208561.09375,0,1038240,0.0
zero,3,17,102.0,z100,140050.765625,166289.40625,0,1038240,0.0
zero,3,17,102.0,z150,117173.21875,142155.71875,0,1038240,0.0
zero,3,17,102.0,z200,100264.34375,123873.875,0,1038240,0.0
zero,3,17,102.0,z250,86975.890625,109149.4609375,0,1038240,0.0
zero,3,17,102.0,z300,76116.6640625,96610.4375,0,1038240,0.0
zero,3,17,102.0,z400,58921.58984375,75721.125,0,1038240,0.0
zero,3,17,102.0,z500,44976.76953125,58699.66796875,0,1038240,0.0
zero,3,17,102.0,z600,32868.703125,44351.859375,0,1038240,0.0
zero,3,17,102.0,z700,22294.9296875,32141.091796875,0,1038240,0.0
zero,3,17,102.0,z850,8421.986328125,16362.064453125,0,1038240,0.0
zero,3,17,102.0,z925,2302.150390625,9300.1396484375,0,1038240,0.0
zero,3,17,102.0,z1000,-3760.35205078125,2861.0146484375,0,1038240,0.0
zero,3,17,102.0,t50,179.34976196289062,237.70755004882812,0,1038240,0.0
zero,3,17,102.0,t100,185.2606964111328,240.26956176757812,0,1038240,0.0
zero,3,17,102.0,t150,189.1009979248047,245.207763671875,0,1038240,0.0
zero,3,17,102.0,t200,193.96351623535156,244.2508544921875,0,1038240,0.0
zero,3,17,102.0,t250,198.31289672851562,244.9810333251953,0,1038240,0.0
zero,3,17,102.0,t300,202.13294982910156,250.5882110595703,0,1038240,0.0
zero,3,17,102.0,t400,211.00900268554688,264.61090087890625,0,1038240,0.0
zero,3,17,102.0,t500,217.82101440429688,276.3851318359375,0,1038240,0.0
zero,3,17,102.0,t600,207.28250122070312,288.7837829589844,0,1038240,0.0
zero,3,17,102.0,t700,214.31521606445312,298.1341552734375,0,1038240,0.0
zero,3,17,102.0,t850,223.20870971679688,309.7430419921875,0,1038240,0.0
zero,3,17,102.0,t925,226.8894805908203,315.1636657714844,0,1038240,0.0
zero,3,17,102.0,t1000,230.0815887451172,320.0914306640625,0,1038240,0.0
zero,3,17,102.0,q50,6.314166967058554e-07,2.095652007483295e-06,0,1038240,0.0
zero,3,17,102.0,q100,1.0142829296455602e-06,4.748081664729398e-06,0,1038240,0.0
zero,3,17,102.0,q150,-8.837209861667361e-07,3.7161305954214185e-05,18,1038240,1.7337031900138696e-05
zero,3,17,102.0,q200,-1.0474122973391786e-05,0.00019109838467556983,13185,1038240,0.012699375866851595
zero,3,17,102.0,q250,-1.2690255971392617e-05,0.0006493148393929005,18038,1038240,0.017373632300816767
zero,3,17,102.0,q300,-3.022728196810931e-05,0.0014973614597693086,20541,1038240,0.019784442903374944
zero,3,17,102.0,q400,-6.199328345246613e-05,0.004120741039514542,24538,1038240,0.02363422715364463
zero,3,17,102.0,q500,-0.00010007282253354788,0.007972901687026024,10586,1038240,0.010196101094159346
zero,3,17,102.0,q600,-0.00028159713838249445,0.01161078829318285,14530,1038240,0.013994837417167514
zero,3,17,102.0,q700,-0.00047171791084110737,0.013232851400971413,37011,1038240,0.03564782709200185
zero,3,17,102.0,q850,-0.0005514039658010006,0.018884986639022827,50201,1038240,0.048352018801047926
zero,3,17,102.0,q925,-0.0005741245113313198,0.02181566320359707,60255,1038240,0.05803571428571429
zero,3,17,102.0,q1000,-0.0005790339782834053,0.0250104907900095,53977,1038240,0.051988942826321466
zero,3,18,108.0,u10m,-22.600868225097656,21.938093185424805,0,1038240,0.0
zero,3,18,108.0,v10m,-18.70751190185547,18.06290626525879,0,1038240,0.0
zero,3,18,108.0,u100m,-29.255916595458984,28.25188446044922,0,1038240,0.0
zero,3,18,108.0,v100m,-24.148635864257812,23.794347763061523,0,1038240,0.0
zero,3,18,108.0,t2m,200.84719848632812,322.0848388671875,0,1038240,0.0
zero,3,18,108.0,sp,48868.6796875,103547.3828125,0,1038240,0.0
zero,3,18,108.0,msl,95496.234375,103520.28125,0,1038240,0.0
zero,3,18,108.0,tcwv,-2.577056884765625,78.56250762939453,40233,1038240,0.03875115580212667
zero,3,18,108.0,u50,-29.983734130859375,70.83098602294922,0,1038240,0.0
zero,3,18,108.0,u100,-31.149944305419922,61.33114242553711,0,1038240,0.0
zero,3,18,108.0,u150,-37.268890380859375,72.52477264404297,0,1038240,0.0
zero,3,18,108.0,u200,-32.240509033203125,87.4623031616211,0,1038240,0.0
zero,3,18,108.0,u250,-34.177574157714844,91.25042724609375,0,1038240,0.0
zero,3,18,108.0,u300,-32.13776779174805,81.52510833740234,0,1038240,0.0
zero,3,18,108.0,u400,-38.88780975341797,59.81163787841797,0,1038240,0.0
zero,3,18,108.0,u500,-37.85107421875,52.56499099731445,0,1038240,0.0
zero,3,18,108.0,u600,-34.23952102661133,44.874534606933594,0,1038240,0.0
zero,3,18,108.0,u700,-33.679466247558594,38.12638854980469,0,1038240,0.0
zero,3,18,108.0,u850,-35.561771392822266,37.190311431884766,0,1038240,0.0
zero,3,18,108.0,u925,-37.72056198120117,34.63713836669922,0,1038240,0.0
zero,3,18,108.0,u1000,-22.564361572265625,22.236507415771484,0,1038240,0.0
zero,3,18,108.0,v50,-22.028200149536133,23.016132354736328,0,1038240,0.0
zero,3,18,108.0,v100,-18.609342575073242,25.489126205444336,0,1038240,0.0
zero,3,18,108.0,v150,-35.43141174316406,32.49324417114258,0,1038240,0.0
zero,3,18,108.0,v200,-41.18354034423828,47.28921127319336,0,1038240,0.0
zero,3,18,108.0,v250,-50.25947570800781,55.109004974365234,0,1038240,0.0
zero,3,18,108.0,v300,-45.109500885009766,59.140472412109375,0,1038240,0.0
zero,3,18,108.0,v400,-42.71841049194336,59.52428436279297,0,1038240,0.0
zero,3,18,108.0,v500,-38.459564208984375,51.196533203125,0,1038240,0.0
zero,3,18,108.0,v600,-31.51435661315918,39.52700424194336,0,1038240,0.0
zero,3,18,108.0,v700,-28.304527282714844,31.202884674072266,0,1038240,0.0
zero,3,18,108.0,v850,-30.216167449951172,26.435110092163086,0,1038240,0.0
zero,3,18,108.0,v925,-31.251174926757812,27.08350944519043,0,1038240,0.0
zero,3,18,108.0,v1000,-20.352291107177734,18.773088455200195,0,1038240,0.0
zero,3,18,108.0,z50,176244.890625,208762.796875,0,1038240,0.0
zero,3,18,108.0,z100,139978.84375,166394.609375,0,1038240,0.0
zero,3,18,108.0,z150,117084.28125,142254.078125,0,1038240,0.0
zero,3,18,108.0,z200,100151.703125,123983.2265625,0,1038240,0.0
zero,3,18,108.0,z250,86853.8046875,109078.6484375,0,1038240,0.0
zero,3,18,108.0,z300,75981.1171875,96425.828125,0,1038240,0.0
zero,3,18,108.0,z400,58798.99609375,75501.71875,0,1038240,0.0
zero,3,18,108.0,z500,44843.91796875,58533.1484375,0,1038240,0.0
zero,3,18,108.0,z600,32769.89453125,44405.83984375,0,1038240,0.0
zero,3,18,108.0,z700,22250.34375,32079.70703125,0,1038240,0.0
zero,3,18,108.0,z850,8500.388671875,16320.9677734375,0,1038240,0.0
zero,3,18,108.0,z925,2422.45166015625,9260.189453125,0,1038240,0.0
zero,3,18,108.0,z1000,-3613.61328125,2837.662109375,0,1038240,0.0
zero,3,18,108.0,t50,179.09815979003906,237.72137451171875,0,1038240,0.0
zero,3,18,108.0,t100,185.6496124267578,240.719482421875,0,1038240,0.0
zero,3,18,108.0,t150,191.15074157714844,245.07846069335938,0,1038240,0.0
zero,3,18,108.0,t200,194.67962646484375,244.13751220703125,0,1038240,0.0
zero,3,18,108.0,t250,198.3719024658203,245.00546264648438,0,1038240,0.0
zero,3,18,108.0,t300,201.68197631835938,251.47091674804688,0,1038240,0.0
zero,3,18,108.0,t400,210.78456115722656,265.9872131347656,0,1038240,0.0
zero,3,18,108.0,t500,217.5303955078125,278.97027587890625,0,1038240,0.0
zero,3,18,108.0,t600,207.36508178710938,291.9407653808594,0,1038240,0.0
zero,3,18,108.0,t700,214.1774139404297,301.22900390625,0,1038240,0.0
zero,3,18,108.0,t850,223.5850067138672,312.1790466308594,0,1038240,0.0
zero,3,18,108.0,t925,227.50677490234375,317.34405517578125,0,1038240,0.0
zero,3,18,108.0,t1000,230.87796020507812,322.6144104003906,0,1038240,0.0
zero,3,18,108.0,q50,6.651562216575257e-07,2.1116620700922795e-06,0,1038240,0.0
zero,3,18,108.0,q100,9.894389449982555e-07,4.69543965664343e-06,0,1038240,0.0
zero,3,18,108.0,q150,-3.671666490845382e-07,4.4833719584858045e-05,9,1038240,8.668515950069348e-06
zero,3,18,108.0,q200,-1.0738604032667354e-05,0.00023146302555687726,12757,1038240,0.012287139775003854
zero,3,18,108.0,q250,-1.5304740372812375e-05,0.0006949338130652905,19828,1038240,0.01909770380644167
zero,3,18,108.0,q300,-3.272545291110873e-05,0.0015900613507255912,20757,1038240,0.019992487286176606
zero,3,18,108.0,q400,-0.00011877654469572008,0.00432118633762002,25410,1038240,0.02447411003236246
zero,3,18,108.0,q500,-0.00011001538950949907,0.007976364344358444,10678,1038240,0.010284712590537834
zero,3,18,108.0,q600,-0.00027065782342106104,0.010196765884757042,13549,1038240,0.013049969178609955
zero,3,18,108.0,q700,-0.0005225874483585358,0.013575270771980286,29211,1038240,0.028135113268608413
zero,3,18,108.0,q850,-0.0005520540289580822,0.019756203517317772,44691,1038240,0.043044960702727696
zero,3,18,108.0,q925,-0.0006079133599996567,0.020988503471016884,55127,1038240,0.05309658653105255
zero,3,18,108.0,q1000,-0.0005898410454392433,0.025215618312358856,45037,1038240,0.04337821698258591
zero,3,19,114.0,u10m,-25.719457626342773,23.46124267578125,0,1038240,0.0
zero,3,19,114.0,v10m,-19.08692169189453,17.930984497070312,0,1038240,0.0
zero,3,19,114.0,u100m,-33.36606979370117,29.532400131225586,0,1038240,0.0
zero,3,19,114.0,v100m,-24.85392951965332,24.28973388671875,0,1038240,0.0
zero,3,19,114.0,t2m,199.54037475585938,321.2210998535156,0,1038240,0.0
zero,3,19,114.0,sp,49022.4609375,103461.9296875,0,1038240,0.0
zero,3,19,114.0,msl,95564.625,103427.1640625,0,1038240,0.0
zero,3,19,114.0,tcwv,-2.6532344818115234,79.43367004394531,39023,1038240,0.0375857219910618
zero,3,19,114.0,u50,-30.181381225585938,72.37725067138672,0,1038240,0.0
zero,3,19,114.0,u100,-33.87191390991211,62.37068557739258,0,1038240,0.0
zero,3,19,114.0,u150,-38.74751281738281,71.47331237792969,0,1038240,0.0
zero,3,19,114.0,u200,-32.55989074707031,87.51451873779297,0,1038240,0.0
zero,3,19,114.0,u250,-34.016300201416016,95.21719360351562,0,1038240,0.0
zero,3,19,114.0,u300,-32.22426986694336,84.22948455810547,0,1038240,0.0
zero,3,19,114.0,u400,-40.50190734863281,63.54521942138672,0,1038240,0.0
zero,3,19,114.0,u500,-35.79493713378906,56.406761169433594,0,1038240,0.0
zero,3,19,114.0,u600,-28.789884567260742,47.96515655517578,0,1038240,0.0
zero,3,19,114.0,u700,-31.233177185058594,40.116275787353516,0,1038240,0.0
zero,3,19,114.0,u850,-43.340370178222656,35.851131439208984,0,1038240,0.0
zero,3,19,114.0,u925,-42.04658889770508,34.50395584106445,0,1038240,0.0
zero,3,19,114.0,u1000,-25.744503021240234,23.50141143798828,0,1038240,0.0
zero,3,19,114.0,v50,-22.679351806640625,21.666231155395508,0,1038240,0.0
zero,3,19,114.0,v100,-18.850601196289062,23.495603561401367,0,1038240,0.0
zero,3,19,114.0,v150,-30.540687561035156,31.812973022460938,0,1038240,0.0
zero,3,19,114.0,v200,-39.79246520996094,43.2203483581543,0,1038240,0.0
zero,3,19,114.0,v250,-45.989830017089844,49.82695770263672,0,1038240,0.0
zero,3,19,114.0,v300,-42.847415924072266,58.404945373535156,0,1038240,0.0
zero,3,19,114.0,v400,-46.25213623046875,58.93613815307617,0,1038240,0.0
zero,3,19,114.0,v500,-35.42091369628906,49.73388671875,0,1038240,0.0
zero,3,19,114.0,v600,-28.297618865966797,38.278236389160156,0,1038240,0.0
zero,3,19,114.0,v700,-29.385812759399414,29.244951248168945,0,1038240,0.0
zero,3,19,114.0,v850,-33.795562744140625,24.395536422729492,0,1038240,0.0
zero,3,19,114.0,v925,-31.954879760742188,27.19449234008789,0,1038240,0.0
zero,3,19,114.0,v1000,-20.134273529052734,18.79889488220215,0,1038240,0.0
zero,3,19,114.0,z50,176117.296875,208768.9375,0,1038240,0.0
zero,3,19,114.0,z100,139869.609375,166481.34375,0,1038240,0.0
zero,3,19,114.0,z150,116950.6484375,142313.5625,0,1038240,0.0
zero,3,19,114.0,z200,99979.8359375,124035.4453125,0,1038240,0.0
zero,3,19,114.0,z250,86647.7109375,109132.359375,0,1038240,0.0
zero,3,19,114.0,z300,75743.4921875,96475.3515625,0,1038240,0.0
zero,3,19,114.0,z400,58557.296875,75594.96875,0,1038240,0.0
zero,3,19,114.0,z500,44862.8203125,58599.7734375,0,1038240,0.0
zero,3,19,114.0,z600,32809.76171875,44399.515625,0,1038240,0.0
zero,3,19,114.0,z700,22328.44921875,31968.833984375,0,1038240,0.0
zero,3,19,114.0,z850,8650.5234375,16229.3984375,0,1038240,0.0
zero,3,19,114.0,z925,2509.85986328125,9175.505859375,0,1038240,0.0
zero,3,19,114.0,z1000,-3549.02978515625,2765.53076171875,0,1038240,0.0
zero,3,19,114.0,t50,179.11512756347656,237.774658203125,0,1038240,0.0
zero,3,19,114.0,t100,186.8868408203125,240.89364624023438,0,1038240,0.0
zero,3,19,114.0,t150,193.30393981933594,245.2826385498047,0,1038240,0.0
zero,3,19,114.0,t200,195.2653045654297,243.96937561035156,0,1038240,0.0
zero,3,19,114.0,t250,198.6766815185547,245.0660858154297,0,1038240,0.0
zero,3,19,114.0,t300,201.80941772460938,250.75137329101562,0,1038240,0.0
zero,3,19,114.0,t400,210.4883575439453,264.74603271484375,0,1038240,0.0
zero,3,19,114.0,t500,216.4962615966797,276.3531188964844,0,1038240,0.0
zero,3,19,114.0,t600,205.12069702148438,287.3123779296875,0,1038240,0.0
zero,3,19,114.0,t700,213.88104248046875,295.8121337890625,0,1038240,0.0
zero,3,19,114.0,t850,223.19271850585938,309.168701171875,0,1038240,0.0
zero,3,19,114.0,t925,227.228515625,315.284912109375,0,1038240,0.0
zero,3,19,114.0,t1000,230.49539184570312,320.7605285644531,0,1038240,0.0
zero,3,19,114.0,q50,7.011101388343377e-07,2.1256093987176428e-06,0,1038240,0.0
zero,3,19,114.0,q100,9.930024589266395e-07,4.627173439075705e-06,0,1038240,0.0
zero,3,19,114.0,q150,2.714969014050439e-07,4.101239755982533e-05,0,1038240,0.0
zero,3,19,114.0,q200,-1.1792684745159931e-05,0.00022037807502783835,11328,1038240,0.01091077207582062
zero,3,19,114.0,q250,-1.5027751942398027e-05,0.0007090764702297747,23444,1038240,0.022580520881491754
zero,3,19,114.0,q300,-3.277198993600905e-05,0.0016463464125990868,25352,1038240,0.024418246262906458
zero,3,19,114.0,q400,-6.198944174684584e-05,0.004422006197273731,32618,1038240,0.03141662813992911
zero,3,19,114.0,q500,-8.273788262158632e-05,0.0076739173382520676,9746,1038240,0.009387039605486208
zero,3,19,114.0,q600,-0.0002715566661208868,0.010140884667634964,13197,1038240,0.012710933888118354
zero,3,19,114.0,q700,-0.00045541138388216496,0.013127263635396957,34701,1038240,0.03342290799815072
zero,3,19,114.0,q850,-0.0005627297796308994,0.019957534968852997,46380,1038240,0.04467175219602404
zero,3,19,114.0,q925,-0.0006003309972584248,0.020922962576150894,58402,1038240,0.056250963168438896
zero,3,19,114.0,q1000,-0.0006521157920360565,0.025264954194426537,47431,1038240,0.04568404222530436
zero,3,20,120.0,u10m,-24.847007751464844,27.06855010986328,0,1038240,0.0
zero,3,20,120.0,v10m,-19.162263870239258,18.420459747314453,0,1038240,0.0
zero,3,20,120.0,u100m,-32.13675308227539,35.61039733886719,0,1038240,0.0
zero,3,20,120.0,v100m,-24.95670509338379,25.06751251220703,0,1038240,0.0
zero,3,20,120.0,t2m,197.45811462402344,318.8695068359375,0,1038240,0.0
zero,3,20,120.0,sp,48861.09765625,103387.0546875,0,1038240,0.0
zero,3,20,120.0,msl,94799.9453125,103347.7265625,0,1038240,0.0
zero,3,20,120.0,tcwv,-2.566244125366211,77.0665512084961,45832,1038240,0.04414393589150871
zero,3,20,120.0,u50,-30.230777740478516,72.2542953491211,0,1038240,0.0
zero,3,20,120.0,u100,-33.81621551513672,62.17155075073242,0,1038240,0.0
zero,3,20,120.0,u150,-38.87903594970703,70.37364196777344,0,1038240,0.0
zero,3,20,120.0,u200,-32.155487060546875,87.9024887084961,0,1038240,0.0
zero,3,20,120.0,u250,-31.7354736328125,92.39454650878906,0,1038240,0.0
zero,3,20,120.0,u300,-31.490421295166016,84.77928924560547,0,1038240,0.0
zero,3,20,120.0,u400,-42.45897674560547,63.95201110839844,0,1038240,0.0
zero,3,20,120.0,u500,-36.58472442626953,58.140113830566406,0,1038240,0.0
zero,3,20,120.0,u600,-27.825345993041992,49.59501647949219,0,1038240,0.0
zero,3,20,120.0,u700,-30.464847564697266,44.39479446411133,0,1038240,0.0
zero,3,20,120.0,u850,-41.886329650878906,42.8766975402832,0,1038240,0.0
zero,3,20,120.0,u925,-39.22478103637695,41.400177001953125,0,1038240,0.0
zero,3,20,120.0,u1000,-24.71157455444336,27.431133270263672,0,1038240,0.0
zero,3,20,120.0,v50,-23.66014862060547,21.7301082611084,0,1038240,0.0
zero,3,20,120.0,v100,-18.545961380004883,22.334667205810547,0,1038240,0.0
zero,3,20,120.0,v150,-27.179908752441406,31.973892211914062,0,1038240,0.0
zero,3,20,120.0,v200,-42.48051834106445,41.67681884765625,0,1038240,0.0
zero,3,20,120.0,v250,-51.0056037902832,45.154300689697266,0,1038240,0.0
zero,3,20,120.0,v300,-44.561248779296875,54.376338958740234,0,1038240,0.0
zero,3,20,120.0,v400,-46.00813674926758,56.31049728393555,0,1038240,0.0
zero,3,20,120.0,v500,-37.817142486572266,48.121482849121094,0,1038240,0.0
zero,3,20,120.0,v600,-30.270906448364258,37.705204010009766,0,1038240,0.0
zero,3,20,120.0,v700,-28.335613250732422,27.86553192138672,0,1038240,0.0
zero,3,20,120.0,v850,-34.718902587890625,27.698579788208008,0,1038240,0.0
zero,3,20,120.0,v925,-32.61906051635742,28.010467529296875,0,1038240,0.0
zero,3,20,120.0,v1000,-20.239288330078125,19.43103790283203,0,1038240,0.0
zero,3,20,120.0,z50,175951.0,208726.34375,0,1038240,0.0
zero,3,20,120.0,z100,139788.625,166307.640625,0,1038240,0.0
zero,3,20,120.0,z150,116838.6171875,142118.765625,0,1038240,0.0
zero,3,20,120.0,z200,99817.921875,123836.140625,0,1038240,0.0
zero,3,20,120.0,z250,86460.03125,109013.7265625,0,1038240,0.0
zero,3,20,120.0,z300,75546.9609375,96447.3046875,0,1038240,0.0
zero,3,20,120.0,z400,58380.171875,75498.578125,0,1038240,0.0
zero,3,20,120.0,z500,44782.8359375,58643.58203125,0,1038240,0.0
zero,3,20,120.0,z600,33066.0234375,44503.9375,0,1038240,0.0
zero,3,20,120.0,z700,22707.25390625,32015.69921875,0,1038240,0.0
zero,3,20,120.0,z850,8354.35546875,16190.365234375,0,1038240,0.0
zero,3,20,120.0,z925,1861.72412109375,9122.826171875,0,1038240,0.0
zero,3,20,120.0,z1000,-4223.14453125,2713.52734375,0,1038240,0.0
zero,3,20,120.0,t50,178.968505859375,237.82217407226562,0,1038240,0.0
zero,3,20,120.0,t100,188.1171417236328,241.2647247314453,0,1038240,0.0
zero,3,20,120.0,t150,193.59402465820312,245.2626953125,0,1038240,0.0
zero,3,20,120.0,t200,195.49058532714844,243.6638641357422,0,1038240,0.0
zero,3,20,120.0,t250,199.1956024169922,245.30238342285156,0,1038240,0.0
zero,3,20,120.0,t300,202.361572265625,250.52426147460938,0,1038240,0.0
zero,3,20,120.0,t400,209.74281311035156,264.39373779296875,0,1038240,0.0
zero,3,20,120.0,t500,215.78260803222656,275.1464538574219,0,1038240,0.0
zero,3,20,120.0,t600,206.03662109375,283.6194763183594,0,1038240,0.0
zero,3,20,120.0,t700,213.13795471191406,294.01214599609375,0,1038240,0.0
zero,3,20,120.0,t850,222.384521484375,309.5363464355469,0,1038240,0.0
zero,3,20,120.0,t925,226.58328247070312,315.0103759765625,0,1038240,0.0
zero,3,20,120.0,t1000,229.92117309570312,319.7308349609375,0,1038240,0.0
zero,3,20,120.0,q50,7.39207507649553e-07,2.142281800843193e-06,0,1038240,0.0
zero,3,20,120.0,q100,1.0000975407820079e-06,4.682582130044466e-06,0,1038240,0.0
zero,3,20,120.0,q150,2.340038918191567e-07,3.4649423469090834e-05,0,1038240,0.0
zero,3,20,120.0,q200,-1.2001770301139913e-05,0.00019734686065930873,12498,1038240,0.012037679149329635
zero,3,20,120.0,q250,-1.5459936548722908e-05,0.0006782049895264208,24501,1038240,0.023598589921405455
zero,3,20,120.0,q300,-3.5052711609750986e-05,0.0015855955425649881,24275,1038240,0.023380913854214824
zero,3,20,120.0,q400,-5.151121877133846e-05,0.004189633298665285,30200,1038240,0.029087686854677147
zero,3,20,120.0,q500,-0.00010439747711643577,0.007359515409916639,12372,1038240,0.011916319926028663
zero,3,20,120.0,q600,-0.00028042064514011145,0.00997164100408554,15524,1038240,0.01495222684543073
zero,3,20,120.0,q700,-0.0004100147634744644,0.013151060789823532,34081,1038240,0.03282574356603483
zero,3,20,120.0,q850,-0.0005426504649221897,0.01910041831433773,50898,1038240,0.04902334720295885
zero,3,20,120.0,q925,-0.0006509763188660145,0.02072303369641304,56272,1038240,0.05419941439358915
zero,3,20,120.0,q1000,-0.0006354157812893391,0.02518639899790287,47663,1038240,0.04590749730312837
